2026-08-04 15:22:19.211  | card1-HDMI-A-1=connected,On card1-HDMI-A-2=disconnected,On |aud:closed |act:0x2000003 |win:0xc00003=xfce4-panel; 0xe0002c=Desktop; 0x2000003=Terminal - ⠐ Check mac; 0x140003e=• Discord | #general |; 0x1000012=Probe Basic; 
2026-08-04 15:22:20.275  | card1-HDMI-A-1=connected,On card1-HDMI-A-2=disconnected,On |aud:closed |act:0x2000003 |win:0xc00003=xfce4-panel; 0xe0002c=Desktop; 0x2000003=Terminal - ⠂ Check mac; 0x140003e=• Discord | #general |; 0x1000012=Probe Basic; 
2026-08-04 15:22:21.344  | card1-HDMI-A-1=connected,On card1-HDMI-A-2=disconnected,On |aud:closed |act:0x2000003 |win:0xc00003=xfce4-panel; 0xe0002c=Desktop; 0x2000003=Terminal - ⠐ Check mac; 0x140003e=• Discord | #general |; 0x1000012=Probe Basic; 
2026-08-04 15:22:22.392  | card1-HDMI-A-1=connected,On card1-HDMI-A-2=disconnected,On |aud:closed |act:0x2000003 |win:0xc00003=xfce4-panel; 0xe0002c=Desktop; 0x2000003=Terminal - ⠂ Check mac; 0x140003e=• Discord | #general |; 0x1000012=Probe Basic; 
2026-08-04 15:22:23.672  | card1-HDMI-A-1=connected,On card1-HDMI-A-2=disconnected,On |aud:closed |act:0x1000012 |win:0xc00003=xfce4-panel; 0xe0002c=Desktop; 0x2000003=Terminal - ⠐ Check mac; 0x140003e=• Discord | #general |; 0x1000012=Probe Basic; 
2026-08-04 15:22:24.956  | card1-HDMI-A-1=connected,On card1-HDMI-A-2=disconnected,On |aud:closed |act:0x2000003 |win:0xc00003=xfce4-panel; 0xe0002c=Desktop; 0x2000003=Terminal - ⠐ Check mac; 0x140003e=• Discord | #general |; 0x1000012=Probe Basic; 
2026-08-04 15:22:26.056  | card1-HDMI-A-1=connected,On card1-HDMI-A-2=disconnected,On |aud:closed |act:0x2000003 |win:0xc00003=xfce4-panel; 0xe0002c=Desktop; 0x2000003=Terminal - ⠂ Check mac; 0x140003e=• Discord | #general |; 0x1000012=Probe Basic; 
2026-08-04 15:22:27.134  | card1-HDMI-A-1=connected,On card1-HDMI-A-2=disconnected,On |aud:closed |act:0x1000012 |win:0xc00003=xfce4-panel; 0xe0002c=Desktop; 0x2000003=Terminal - ⠐ Check mac; 0x140003e=• Discord | #general |; 0x1000012=Probe Basic; 
2026-08-04 15:23:03.376  | card1-HDMI-A-1=connected,On card1-HDMI-A-2=disconnected,On |aud:closed |act:0x2000003 |win:0xc00003=xfce4-panel; 0xe0002c=Desktop; 0x2000003=Terminal - ⠐ Check mac; 0x140003e=• Discord | #general |; 0x1000012=WM_NAME; 
2026-08-04 15:23:04.451  | card1-HDMI-A-1=connected,On card1-HDMI-A-2=disconnected,On |aud:closed |act:0x2000003 |win:0xc00003=xfce4-panel; 0xe0002c=Desktop; 0x2000003=Terminal - ⠂ Check mac; 0x140003e=• Discord | #general |; 
2026-08-04 15:23:05.496  | card1-HDMI-A-1=connected,On card1-HDMI-A-2=disconnected,On |aud:closed |act:0x2000003 |win:0xc00003=xfce4-panel; 0xe0002c=Desktop; 0x2000003=Terminal - ⠐ Check mac; 0x140003e=• Discord | #general |; 
2026-08-04 15:23:06.538  | card1-HDMI-A-1=connected,On card1-HDMI-A-2=disconnected,On |aud:closed |act:0x2000003 |win:0xc00003=xfce4-panel; 0xe0002c=Desktop; 0x2000003=Terminal - ⠂ Check mac; 0x140003e=• Discord | #general |; 
2026-08-04 15:23:07.577  | card1-HDMI-A-1=connected,On card1-HDMI-A-2=disconnected,On |aud:closed |act:0x2000003 |win:0xc00003=xfce4-panel; 0xe0002c=Desktop; 0x2000003=Terminal - ⠐ Check mac; 0x140003e=• Discord | #general |; 
2026-08-04 15:23:08.610  | card1-HDMI-A-1=connected,On card1-HDMI-A-2=disconnected,On |aud:closed |act:0x2000003 |win:0xc00003=xfce4-panel; 0xe0002c=Desktop; 0x2000003=Terminal - ⠂ Check mac; 0x140003e=• Discord | #general |; 
2026-08-04 15:23:09.645  | card1-HDMI-A-1=connected,On card1-HDMI-A-2=disconnected,On |aud:closed |act:0x2000003 |win:0xc00003=xfce4-panel; 0xe0002c=Desktop; 0x2000003=Terminal - ⠐ Check mac; 0x140003e=• Discord | #general |; 
2026-08-04 15:23:10.692  | card1-HDMI-A-1=connected,On card1-HDMI-A-2=disconnected,On |aud:closed |act:0x2000003 |win:0xc00003=xfce4-panel; 0xe0002c=Desktop; 0x2000003=Terminal - ⠂ Check mac; 0x140003e=• Discord | #general |; 
2026-08-04 15:23:11.731  | card1-HDMI-A-1=connected,On card1-HDMI-A-2=disconnected,On |aud:closed |act:0x2000003 |win:0xc00003=xfce4-panel; 0xe0002c=Desktop; 0x2000003=Terminal - ⠐ Check mac; 0x140003e=• Discord | #general |; 
2026-08-04 15:23:12.766  | card1-HDMI-A-1=connected,On card1-HDMI-A-2=disconnected,On |aud:closed |act:0x2000003 |win:0xc00003=xfce4-panel; 0xe0002c=Desktop; 0x2000003=Terminal - ⠂ Check mac; 0x140003e=• Discord | #general |; 
2026-08-04 15:23:14.851  | card1-HDMI-A-1=connected,On card1-HDMI-A-2=disconnected,On |aud:closed |act:0x2000003 |win:0xc00003=xfce4-panel; 0xe0002c=Desktop; 0x2000003=Terminal - ⠐ Check mac; 0x140003e=• Discord | #general |; 
2026-08-04 15:23:15.897  | card1-HDMI-A-1=connected,On card1-HDMI-A-2=disconnected,On |aud:closed |act:0x2000003 |win:0xc00003=xfce4-panel; 0xe0002c=Desktop; 0x2000003=Terminal - ⠂ Check mac; 0x140003e=• Discord | #general |; 
2026-08-04 15:23:16.946  | card1-HDMI-A-1=connected,On card1-HDMI-A-2=disconnected,On |aud:closed |act:0x2000003 |win:0xc00003=xfce4-panel; 0xe0002c=Desktop; 0x2000003=Terminal - ⠐ Check mac; 0x140003e=• Discord | #general |; 
2026-08-04 15:23:18.007  | card1-HDMI-A-1=connected,On card1-HDMI-A-2=disconnected,On |aud:closed |act:0x2000003 |win:0xc00003=xfce4-panel; 0xe0002c=Desktop; 0x2000003=Terminal - ⠂ Check mac; 0x140003e=• Discord | #general |; 
2026-08-04 15:23:19.069  | card1-HDMI-A-1=connected,On card1-HDMI-A-2=disconnected,On |aud:closed |act:0x2000003 |win:0xc00003=xfce4-panel; 0xe0002c=Desktop; 0x2000003=Terminal - ⠐ Check mac; 0x140003e=• Discord | #general |; 
2026-08-04 15:23:20.120  | card1-HDMI-A-1=connected,On card1-HDMI-A-2=disconnected,On |aud:closed |act:0x2000003 |win:0xc00003=xfce4-panel; 0xe0002c=Desktop; 0x2000003=Terminal - ⠂ Check mac; 0x140003e=• Discord | #general |; 
2026-08-04 15:23:21.156  | card1-HDMI-A-1=connected,On card1-HDMI-A-2=disconnected,On |aud:closed |act:0x2000003 |win:0xc00003=xfce4-panel; 0xe0002c=Desktop; 0x2000003=Terminal - ⠐ Check mac; 0x140003e=• Discord | #general |; 
2026-08-04 15:23:22.193  | card1-HDMI-A-1=connected,On card1-HDMI-A-2=disconnected,On |aud:closed |act:0x2000003 |win:0xc00003=xfce4-panel; 0xe0002c=Desktop; 0x2000003=Terminal - ⠂ Check mac; 0x140003e=• Discord | #general |; 
2026-08-04 15:23:23.246  | card1-HDMI-A-1=connected,On card1-HDMI-A-2=disconnected,On |aud:closed |act:0x2000003 |win:0xc00003=xfce4-panel; 0xe0002c=Desktop; 0x2000003=Terminal - ⠐ Check mac; 0x140003e=• Discord | #general |; 
2026-08-04 15:23:24.294  | card1-HDMI-A-1=connected,On card1-HDMI-A-2=disconnected,On |aud:closed |act:0x2000003 |win:0xc00003=xfce4-panel; 0xe0002c=Desktop; 0x2000003=Terminal - ⠂ Check mac; 0x140003e=• Discord | #general |; 
2026-08-04 15:23:26.392  | card1-HDMI-A-1=connected,On card1-HDMI-A-2=disconnected,On |aud:closed |act:0x2000003 |win:0xc00003=xfce4-panel; 0xe0002c=Desktop; 0x2000003=Terminal - ⠐ Check mac; 0x140003e=• Discord | #general |; 
2026-08-04 15:23:27.430  | card1-HDMI-A-1=connected,On card1-HDMI-A-2=disconnected,On |aud:closed |act:0x2000003 |win:0xc00003=xfce4-panel; 0xe0002c=Desktop; 0x2000003=Terminal - ⠂ Check mac; 0x140003e=• Discord | #general |; 
2026-08-04 15:23:28.467  | card1-HDMI-A-1=connected,On card1-HDMI-A-2=disconnected,On |aud:closed |act:0x2000003 |win:0xc00003=xfce4-panel; 0xe0002c=Desktop; 0x2000003=Terminal - ⠐ Check mac; 0x140003e=• Discord | #general |; 
2026-08-04 15:23:29.515  | card1-HDMI-A-1=connected,On card1-HDMI-A-2=disconnected,On |aud:closed |act:0x2000003 |win:0xc00003=xfce4-panel; 0xe0002c=Desktop; 0x2000003=Terminal - ⠂ Check mac; 0x140003e=• Discord | #general |; 
2026-08-04 15:23:30.558  | card1-HDMI-A-1=connected,On card1-HDMI-A-2=disconnected,On |aud:closed |act:0x2000003 |win:0xc00003=xfce4-panel; 0xe0002c=Desktop; 0x2000003=Terminal - ⠐ Check mac; 0x140003e=• Discord | #general |; 
2026-08-04 15:23:31.605  | card1-HDMI-A-1=connected,On card1-HDMI-A-2=disconnected,On |aud:closed |act:0x2000003 |win:0xc00003=xfce4-panel; 0xe0002c=Desktop; 0x2000003=Terminal - ⠂ Check mac; 0x140003e=• Discord | #general |; 
2026-08-04 15:23:32.667  | card1-HDMI-A-1=connected,On card1-HDMI-A-2=disconnected,On |aud:closed |act:0x2000003 |win:0xc00003=xfce4-panel; 0xe0002c=Desktop; 0x2000003=Terminal - ⠐ Check mac; 0x140003e=• Discord | #general |; 
2026-08-04 15:23:33.703  | card1-HDMI-A-1=connected,On card1-HDMI-A-2=disconnected,On |aud:closed |act:0x2000003 |win:0xc00003=xfce4-panel; 0xe0002c=Desktop; 0x2000003=Terminal - ⠂ Check mac; 0x140003e=• Discord | #general |; 
2026-08-04 15:23:34.737  | card1-HDMI-A-1=connected,On card1-HDMI-A-2=disconnected,On |aud:closed |act:0x2000003 |win:0xc00003=xfce4-panel; 0xe0002c=Desktop; 0x2000003=Terminal - ⠐ Check mac; 0x140003e=• Discord | #general |; 
2026-08-04 15:23:35.791  | card1-HDMI-A-1=connected,On card1-HDMI-A-2=disconnected,On |aud:closed |act:0x2000003 |win:0xc00003=xfce4-panel; 0xe0002c=Desktop; 0x2000003=Terminal - ⠂ Check mac; 0x140003e=• Discord | #general |; 
2026-08-04 15:23:37.917  | card1-HDMI-A-1=connected,On card1-HDMI-A-2=disconnected,On |aud:closed |act:0x2000003 |win:0xc00003=xfce4-panel; 0xe0002c=Desktop; 0x2000003=Terminal - ⠐ Check mac; 0x140003e=• Discord | #general |; 
2026-08-04 15:23:38.961  | card1-HDMI-A-1=connected,On card1-HDMI-A-2=disconnected,On |aud:closed |act:0x2000003 |win:0xc00003=xfce4-panel; 0xe0002c=Desktop; 0x2000003=Terminal - ⠂ Check mac; 0x140003e=• Discord | #general |; 
2026-08-04 15:23:40.007  | card1-HDMI-A-1=connected,On card1-HDMI-A-2=disconnected,On |aud:closed |act:0x2000003 |win:0xc00003=xfce4-panel; 0xe0002c=Desktop; 0x2000003=Terminal - ⠐ Check mac; 0x140003e=• Discord | #general |; 
2026-08-04 15:23:41.059  | card1-HDMI-A-1=connected,On card1-HDMI-A-2=disconnected,On |aud:closed |act:0x2000003 |win:0xc00003=xfce4-panel; 0xe0002c=Desktop; 0x2000003=Terminal - ⠂ Check mac; 0x140003e=• Discord | #general |; 
2026-08-04 15:23:42.106  | card1-HDMI-A-1=connected,On card1-HDMI-A-2=disconnected,On |aud:closed |act:0x2000003 |win:0xc00003=xfce4-panel; 0xe0002c=Desktop; 0x2000003=Terminal - ⠐ Check mac; 0x140003e=• Discord | #general |; 
2026-08-04 15:23:43.142  | card1-HDMI-A-1=connected,On card1-HDMI-A-2=disconnected,On |aud:closed |act:0x2000003 |win:0xc00003=xfce4-panel; 0xe0002c=Desktop; 0x2000003=Terminal - ⠂ Check mac; 0x140003e=• Discord | #general |; 
2026-08-04 15:23:44.192  | card1-HDMI-A-1=connected,On card1-HDMI-A-2=disconnected,On |aud:closed |act:0x2000003 |win:0xc00003=xfce4-panel; 0xe0002c=Desktop; 0x2000003=Terminal - ⠐ Check mac; 0x140003e=• Discord | #general |; 
2026-08-04 15:23:45.231  | card1-HDMI-A-1=connected,On card1-HDMI-A-2=disconnected,On |aud:closed |act:0x2000003 |win:0xc00003=xfce4-panel; 0xe0002c=Desktop; 0x2000003=Terminal - ⠂ Check mac; 0x140003e=• Discord | #general |; 
2026-08-04 15:23:46.266  | card1-HDMI-A-1=connected,On card1-HDMI-A-2=disconnected,On |aud:closed |act:0x2000003 |win:0xc00003=xfce4-panel; 0xe0002c=Desktop; 0x2000003=Terminal - ⠐ Check mac; 0x140003e=• Discord | #general |; 
2026-08-04 15:23:47.303  | card1-HDMI-A-1=connected,On card1-HDMI-A-2=disconnected,On |aud:closed |act:0x2000003 |win:0xc00003=xfce4-panel; 0xe0002c=Desktop; 0x2000003=Terminal - ⠂ Check mac; 0x140003e=• Discord | #general |; 
2026-08-04 15:23:48.352  | card1-HDMI-A-1=connected,On card1-HDMI-A-2=disconnected,On |aud:closed |act:0x2000003 |win:0xc00003=xfce4-panel; 0xe0002c=Desktop; 0x2000003=Terminal - ⠐ Check mac; 0x140003e=• Discord | #general |; 
2026-08-04 15:23:50.442  | card1-HDMI-A-1=connected,On card1-HDMI-A-2=disconnected,On |aud:closed |act:0x2000003 |win:0xc00003=xfce4-panel; 0xe0002c=Desktop; 0x2000003=Terminal - ⠂ Check mac; 0x140003e=• Discord | #general |; 
2026-08-04 15:23:51.488  | card1-HDMI-A-1=connected,On card1-HDMI-A-2=disconnected,On |aud:closed |act:0x2000003 |win:0xc00003=xfce4-panel; 0xe0002c=Desktop; 0x2000003=Terminal - ⠐ Check mac; 0x140003e=• Discord | #general |; 
2026-08-04 15:23:52.523  | card1-HDMI-A-1=connected,On card1-HDMI-A-2=disconnected,On |aud:closed |act:0x2000003 |win:0xc00003=xfce4-panel; 0xe0002c=Desktop; 0x2000003=Terminal - ⠂ Check mac; 0x140003e=• Discord | #general |; 
2026-08-04 15:23:53.571  | card1-HDMI-A-1=connected,On card1-HDMI-A-2=disconnected,On |aud:closed |act:0x2000003 |win:0xc00003=xfce4-panel; 0xe0002c=Desktop; 0x2000003=Terminal - ⠐ Check mac; 0x140003e=• Discord | #general |; 
2026-08-04 15:23:54.673  | card1-HDMI-A-1=connected,On card1-HDMI-A-2=disconnected,On |aud:closed |act:0x140003e |win:0xc00003=xfce4-panel; 0xe0002c=Desktop; 0x2000003=Terminal - ✳ Check mac; 0x140003e=• Discord | #general |; 
2026-08-04 15:24:01.056  | card1-HDMI-A-1=connected,On card1-HDMI-A-2=disconnected,On |aud:closed |act:0x140003e |win:0xc00003=xfce4-panel; 0xe0002c=Desktop; 0x2000003=Terminal - ✳ Check mac; 0x140003e=Mozilla Firefox; 
2026-08-04 15:24:04.272  | card1-HDMI-A-1=connected,On card1-HDMI-A-2=disconnected,On |aud:closed |act:0x140003e |win:0xc00003=xfce4-panel; 0xe0002c=Desktop; 0x2000003=Terminal - ✳ Check mac; 0x140003e=another tool change - la; 
2026-08-04 15:24:08.527  | card1-HDMI-A-1=connected,On card1-HDMI-A-2=disconnected,On |aud:state:RUNNING, |act:0x140003e |win:0xc00003=xfce4-panel; 0xe0002c=Desktop; 0x2000003=Terminal - ✳ Check mac; 0x140003e=another tool change - la; 
2026-08-04 15:24:21.442  | card1-HDMI-A-1=connected,On card1-HDMI-A-2=disconnected,On |aud:state:RUNNING, |act:0x2000003 |win:0xc00003=xfce4-panel; 0xe0002c=Desktop; 0x2000003=Terminal - ✳ Check mac; 0x140003e=another tool change - la; 
2026-08-04 15:24:24.093  | card1-HDMI-A-1=connected,On card1-HDMI-A-2=disconnected,On |aud:state:RUNNING, |act:0x140003e |win:0xc00003=xfce4-panel; 0xe0002c=Desktop; 0x2000003=Terminal - ✳ Check mac; 0x140003e=another tool change - la; 
2026-08-04 15:24:25.212  | card1-HDMI-A-1=connected,On card1-HDMI-A-2=disconnected,On |aud:closed |act:0x140003e |win:0xc00003=xfce4-panel; 0xe0002c=Desktop; 0x2000003=Terminal - ✳ Check mac; 0x140003e=• Discord | #general |; 
2026-08-04 15:24:30.576  | card1-HDMI-A-1=connected,On card1-HDMI-A-2=disconnected,On |aud:state:RUNNING, |act:0x140003e |win:0xc00003=xfce4-panel; 0xe0002c=Desktop; 0x2000003=Terminal - ✳ Check mac; 0x140003e=• Discord | #general |; 
2026-08-04 15:24:40.278  | card1-HDMI-A-1=connected,On card1-HDMI-A-2=disconnected,On |aud:state:RUNNING, |act:0x2000003 |win:0xc00003=xfce4-panel; 0xe0002c=Desktop; 0x2000003=Terminal - ✳ Check mac; 0x140003e=• Discord | #general |; 
2026-08-04 15:25:03.323  | card1-HDMI-A-1=connected,On card1-HDMI-A-2=disconnected,On |aud:state:RUNNING, |act:0x2000003 |win:0xc00003=xfce4-panel; 0xe0002c=Desktop; 0x2000003=Terminal - ⠐ Check mac; 0x140003e=• Discord | #general |; 
2026-08-04 15:25:04.373  | card1-HDMI-A-1=connected,On card1-HDMI-A-2=disconnected,On |aud:state:RUNNING, |act:0x2000003 |win:0xc00003=xfce4-panel; 0xe0002c=Desktop; 0x2000003=Terminal - ⠂ Check mac; 0x140003e=• Discord | #general |; 
2026-08-04 15:25:05.410  | card1-HDMI-A-1=connected,On card1-HDMI-A-2=disconnected,On |aud:state:RUNNING, |act:0x2000003 |win:0xc00003=xfce4-panel; 0xe0002c=Desktop; 0x2000003=Terminal - ⠐ Check mac; 0x140003e=• Discord | #general |; 
2026-08-04 15:25:06.446  | card1-HDMI-A-1=connected,On card1-HDMI-A-2=disconnected,On |aud:state:RUNNING, |act:0x2000003 |win:0xc00003=xfce4-panel; 0xe0002c=Desktop; 0x2000003=Terminal - ⠂ Check mac; 0x140003e=• Discord | #general |; 
2026-08-04 15:25:07.486  | card1-HDMI-A-1=connected,On card1-HDMI-A-2=disconnected,On |aud:state:RUNNING, |act:0x2000003 |win:0xc00003=xfce4-panel; 0xe0002c=Desktop; 0x2000003=Terminal - ⠐ Check mac; 0x140003e=• Discord | #general |; 
2026-08-04 15:25:08.541  | card1-HDMI-A-1=connected,On card1-HDMI-A-2=disconnected,On |aud:state:RUNNING, |act:0x2000003 |win:0xc00003=xfce4-panel; 0xe0002c=Desktop; 0x2000003=Terminal - ⠂ Check mac; 0x140003e=• Discord | #general |; 
2026-08-04 15:25:09.588  | card1-HDMI-A-1=connected,On card1-HDMI-A-2=disconnected,On |aud:state:RUNNING, |act:0x2000003 |win:0xc00003=xfce4-panel; 0xe0002c=Desktop; 0x2000003=Terminal - ⠐ Check mac; 0x140003e=• Discord | #general |; 
2026-08-04 15:25:10.637  | card1-HDMI-A-1=connected,On card1-HDMI-A-2=disconnected,On |aud:state:RUNNING, |act:0x2000003 |win:0xc00003=xfce4-panel; 0xe0002c=Desktop; 0x2000003=Terminal - ⠂ Check mac; 0x140003e=• Discord | #general |; 
2026-08-04 15:25:11.702  | card1-HDMI-A-1=connected,On card1-HDMI-A-2=disconnected,On |aud:state:RUNNING, |act:0x2000003 |win:0xc00003=xfce4-panel; 0xe0002c=Desktop; 0x2000003=Terminal - brains@ned: ~; 0x140003e=• Discord | #general |; 
2026-08-04 15:25:14.951  | card1-HDMI-A-1=connected,On card1-HDMI-A-2=disconnected,On |aud:state:RUNNING, |act:0x2000003 |win:0xc00003=xfce4-panel; 0xe0002c=Desktop; 0x2000003=Terminal - ⠐ Check mac; 0x140003e=• Discord | #general |; 
2026-08-04 15:25:16.016  | card1-HDMI-A-1=connected,On card1-HDMI-A-2=disconnected,On |aud:state:RUNNING, |act:0x2000003 |win:0xc00003=xfce4-panel; 0xe0002c=Desktop; 0x2000003=Terminal - ⠂ Check mac; 0x140003e=• Discord | #general |; 
2026-08-04 15:25:18.272  | card1-HDMI-A-1=connected,On card1-HDMI-A-2=disconnected,On |aud:state:RUNNING, |act:0x2000003 |win:0xc00003=xfce4-panel; 0xe0002c=Desktop; 0x2000003=Terminal - ⠐ Check mac; 0x140003e=• Discord | #general |; 
2026-08-04 15:25:19.397  | card1-HDMI-A-1=connected,On card1-HDMI-A-2=disconnected,On |aud:state:RUNNING, |act:0x2000003 |win:0xc00003=xfce4-panel; 0xe0002c=Desktop; 0x2000003=Terminal - ⠂ Check mac; 0x140003e=• Discord | #general |; 
2026-08-04 15:25:20.462  | card1-HDMI-A-1=connected,On card1-HDMI-A-2=disconnected,On |aud:state:RUNNING, |act:0x2000003 |win:0xc00003=xfce4-panel; 0xe0002c=Desktop; 0x2000003=Terminal - ✳ Check mac; 0x140003e=• Discord | #general |; 
2026-08-04 15:25:25.938  | card1-HDMI-A-1=connected,On card1-HDMI-A-2=disconnected,On |aud:state:RUNNING, |act:0x1000012 |win:0xc00003=xfce4-panel; 0xe0002c=Desktop; 0x2000003=Terminal - ✳ Check mac; 0x140003e=• Discord | #general |; 0x1000012=Probe Basic; 
2026-08-04 15:25:46.045  | card1-HDMI-A-1=connected,On card1-HDMI-A-2=disconnected,On |aud:state:RUNNING, |act:0x2000003 |win:0xc00003=xfce4-panel; 0xe0002c=Desktop; 0x2000003=Terminal - ✳ Check mac; 0x140003e=• Discord | #general |; 0x1000012=Probe Basic; 
2026-08-04 15:25:53.448  | card1-HDMI-A-1=connected,On card1-HDMI-A-2=disconnected,On |aud:state:RUNNING, |act:0x2000003 |win:0xc00003=xfce4-panel; 0xe0002c=Desktop; 0x2000003=Terminal - ⠂ Check mac; 0x140003e=• Discord | #general |; 0x1000012=Probe Basic; 
2026-08-04 15:25:55.637  | card1-HDMI-A-1=connected,On card1-HDMI-A-2=disconnected,On |aud:state:RUNNING, |act:0x2000003 |win:0xc00003=xfce4-panel; 0xe0002c=Desktop; 0x2000003=Terminal - ⠐ Check mac; 0x140003e=• Discord | #general |; 0x1000012=Probe Basic; 
2026-08-04 15:25:56.714  | card1-HDMI-A-1=connected,On card1-HDMI-A-2=disconnected,On |aud:state:RUNNING, |act:0x2000003 |win:0xc00003=xfce4-panel; 0xe0002c=Desktop; 0x2000003=Terminal - ⠂ Check mac; 0x140003e=• Discord | #general |; 0x1000012=Probe Basic; 
2026-08-04 15:25:57.788  | card1-HDMI-A-1=connected,On card1-HDMI-A-2=disconnected,On |aud:state:RUNNING, |act:0x2000003 |win:0xc00003=xfce4-panel; 0xe0002c=Desktop; 0x2000003=Terminal - ⠐ Check mac; 0x140003e=• Discord | #general |; 0x1000012=Probe Basic; 
2026-08-04 15:25:58.850  | card1-HDMI-A-1=connected,On card1-HDMI-A-2=disconnected,On |aud:state:RUNNING, |act:0x2000003 |win:0xc00003=xfce4-panel; 0xe0002c=Desktop; 0x2000003=Terminal - ⠂ Check mac; 0x140003e=• Discord | #general |; 0x1000012=Probe Basic; 
2026-08-04 15:25:59.904  | card1-HDMI-A-1=connected,On card1-HDMI-A-2=disconnected,On |aud:state:RUNNING, |act:0x2000003 |win:0xc00003=xfce4-panel; 0xe0002c=Desktop; 0x2000003=Terminal - ⠐ Check mac; 0x140003e=• Discord | #general |; 0x1000012=Probe Basic; 
2026-08-04 15:26:00.971  | card1-HDMI-A-1=connected,On card1-HDMI-A-2=disconnected,On |aud:state:RUNNING, |act:0x2000003 |win:0xc00003=xfce4-panel; 0xe0002c=Desktop; 0x2000003=Terminal - ⠂ Check mac; 0x140003e=• Discord | #general |; 0x1000012=Probe Basic; 
2026-08-04 15:26:02.064  | card1-HDMI-A-1=connected,On card1-HDMI-A-2=disconnected,On |aud:state:RUNNING, |act:0x2000003 |win:0xc00003=xfce4-panel; 0xe0002c=Desktop; 0x2000003=Terminal - ⠐ Check mac; 0x140003e=• Discord | #general |; 0x1000012=Probe Basic; 
2026-08-04 15:26:03.135  | card1-HDMI-A-1=connected,On card1-HDMI-A-2=disconnected,On |aud:state:RUNNING, |act:0x2000003 |win:0xc00003=xfce4-panel; 0xe0002c=Desktop; 0x2000003=Terminal - ⠂ Check mac; 0x140003e=• Discord | #general |; 0x1000012=Probe Basic; 
2026-08-04 15:26:05.288  | card1-HDMI-A-1=connected,On card1-HDMI-A-2=disconnected,On |aud:state:RUNNING, |act:0x2000003 |win:0xc00003=xfce4-panel; 0xe0002c=Desktop; 0x2000003=Terminal - ⠐ Check mac; 0x140003e=• Discord | #general |; 0x1000012=Probe Basic; 
2026-08-04 15:26:06.367  | card1-HDMI-A-1=connected,On card1-HDMI-A-2=disconnected,On |aud:state:RUNNING, |act:0x2000003 |win:0xc00003=xfce4-panel; 0xe0002c=Desktop; 0x2000003=Terminal - ⠂ Check mac; 0x140003e=• Discord | #general |; 0x1000012=Probe Basic; 
2026-08-04 15:26:07.472  | card1-HDMI-A-1=connected,On card1-HDMI-A-2=disconnected,On |aud:state:RUNNING, |act:0x2000003 |win:0xc00003=xfce4-panel; 0xe0002c=Desktop; 0x2000003=Terminal - ⠐ Check mac; 0x140003e=• Discord | #general |; 0x1000012=Probe Basic; 
2026-08-04 15:26:08.578  | card1-HDMI-A-1=connected,On card1-HDMI-A-2=disconnected,On |aud:state:RUNNING, |act:0x2000003 |win:0xc00003=xfce4-panel; 0xe0002c=Desktop; 0x2000003=Terminal - ⠂ Check mac; 0x140003e=• Discord | #general |; 0x1000012=Probe Basic; 
2026-08-04 15:26:09.659  | card1-HDMI-A-1=connected,On card1-HDMI-A-2=disconnected,On |aud:state:RUNNING, |act:0x2000003 |win:0xc00003=xfce4-panel; 0xe0002c=Desktop; 0x2000003=Terminal - ⠐ Check mac; 0x140003e=• Discord | #general |; 0x1000012=Probe Basic; 
2026-08-04 15:26:10.723  | card1-HDMI-A-1=connected,On card1-HDMI-A-2=disconnected,On |aud:state:RUNNING, |act:0x1000012 |win:0xc00003=xfce4-panel; 0xe0002c=Desktop; 0x2000003=Terminal - ⠐ Check mac; 0x140003e=• Discord | #general |; 0x1000012=Probe Basic; 
2026-08-04 15:30:01.350  | card1-HDMI-A-1=connected,On card1-HDMI-A-2=disconnected,On |aud:state:RUNNING, |act:0x10057b7 |win:0xc00003=xfce4-panel; 0xe0002c=Desktop; 0x2000003=Terminal - ⠐ Check mac; 0x140003e=• Discord | #general |; 0x1000012=Probe Basic; 0x10057b7=; 
2026-08-04 15:30:02.428  | card1-HDMI-A-1=connected,On card1-HDMI-A-2=disconnected,On |aud:state:RUNNING, |act:0x1000012 |win:0xc00003=xfce4-panel; 0xe0002c=Desktop; 0x2000003=Terminal - ⠐ Check mac; 0x140003e=• Discord | #general |; 0x1000012=Probe Basic; 
2026-08-04 15:31:21.356  | card1-HDMI-A-1=connected,On card1-HDMI-A-2=disconnected,On |aud:state:RUNNING, |act:0x2000003 |win:0xc00003=xfce4-panel; 0xe0002c=Desktop; 0x2000003=Terminal - ⠐ Check mac; 0x140003e=• Discord | #general |; 0x1000012=Probe Basic; 
2026-08-04 15:31:23.612  | card1-HDMI-A-1=connected,On card1-HDMI-A-2=disconnected,On |aud:state:RUNNING, |act:0x2000003 |win:0xc00003=xfce4-panel; 0xe0002c=Desktop; 0x2000003=Terminal - ⠂ Check mac; 0x140003e=• Discord | #general |; 0x1000012=Probe Basic; 
2026-08-04 15:31:24.744  | card1-HDMI-A-1=connected,On card1-HDMI-A-2=disconnected,On |aud:state:RUNNING, |act:0x2000003 |win:0xc00003=xfce4-panel; 0xe0002c=Desktop; 0x2000003=Terminal - ⠐ Check mac; 0x140003e=• Discord | #general |; 0x1000012=Probe Basic; 
2026-08-04 15:31:25.882  | card1-HDMI-A-1=connected,On card1-HDMI-A-2=disconnected,On |aud:state:RUNNING, |act:0x2000003 |win:0xc00003=xfce4-panel; 0xe0002c=Desktop; 0x2000003=Terminal - ⠂ Check mac; 0x140003e=• Discord | #general |; 0x1000012=Probe Basic; 
2026-08-04 15:31:27.028  | card1-HDMI-A-1=connected,On card1-HDMI-A-2=disconnected,On |aud:state:RUNNING, |act:0x2000003 |win:0xc00003=xfce4-panel; 0xe0002c=Desktop; 0x2000003=Terminal - ⠐ Check mac; 0x140003e=• Discord | #general |; 0x1000012=Probe Basic; 
2026-08-04 15:31:28.125  | card1-HDMI-A-1=connected,On card1-HDMI-A-2=disconnected,On |aud:state:RUNNING, |act:0x2000003 |win:0xc00003=xfce4-panel; 0xe0002c=Desktop; 0x2000003=Terminal - ⠂ Check mac; 0x140003e=• Discord | #general |; 0x1000012=Probe Basic; 
2026-08-04 15:31:29.176  | card1-HDMI-A-1=connected,On card1-HDMI-A-2=disconnected,On |aud:state:RUNNING, |act:0x2000003 |win:0xc00003=xfce4-panel; 0xe0002c=Desktop; 0x2000003=Terminal - ⠐ Check mac; 0x140003e=• Discord | #general |; 0x1000012=Probe Basic; 
2026-08-04 15:31:31.328  | card1-HDMI-A-1=connected,On card1-HDMI-A-2=disconnected,On |aud:state:RUNNING, |act:0x2000003 |win:0xc00003=xfce4-panel; 0xe0002c=Desktop; 0x2000003=Terminal - ⠂ Check mac; 0x140003e=• Discord | #general |; 0x1000012=Probe Basic; 
2026-08-04 15:31:32.396  | card1-HDMI-A-1=connected,On card1-HDMI-A-2=disconnected,On |aud:state:RUNNING, |act:0x2000003 |win:0xc00003=xfce4-panel; 0xe0002c=Desktop; 0x2000003=Terminal - ⠐ Check mac; 0x140003e=• Discord | #general |; 0x1000012=Probe Basic; 
2026-08-04 15:31:33.527  | card1-HDMI-A-1=connected,On card1-HDMI-A-2=disconnected,On |aud:state:RUNNING, |act:0x2000003 |win:0xc00003=xfce4-panel; 0xe0002c=Desktop; 0x2000003=Terminal - ⠂ Check mac; 0x140003e=• Discord | #general |; 0x1000012=Probe Basic; 
2026-08-04 15:31:34.605  | card1-HDMI-A-1=connected,On card1-HDMI-A-2=disconnected,On |aud:state:RUNNING, |act:0x2000003 |win:0xc00003=xfce4-panel; 0xe0002c=Desktop; 0x2000003=Terminal - ⠐ Check mac; 0x140003e=• Discord | #general |; 0x1000012=Probe Basic; 
2026-08-04 15:31:35.688  | card1-HDMI-A-1=connected,On card1-HDMI-A-2=disconnected,On |aud:state:RUNNING, |act:0x2000003 |win:0xc00003=xfce4-panel; 0xe0002c=Desktop; 0x2000003=Terminal - ⠂ Check mac; 0x140003e=• Discord | #general |; 0x1000012=Probe Basic; 
2026-08-04 15:31:36.767  | card1-HDMI-A-1=connected,On card1-HDMI-A-2=disconnected,On |aud:state:RUNNING, |act:0x2000003 |win:0xc00003=xfce4-panel; 0xe0002c=Desktop; 0x2000003=Terminal - ⠐ Check mac; 0x140003e=• Discord | #general |; 0x1000012=Probe Basic; 
2026-08-04 15:31:37.863  | card1-HDMI-A-1=connected,On card1-HDMI-A-2=disconnected,On |aud:state:RUNNING, |act:0x2000003 |win:0xc00003=xfce4-panel; 0xe0002c=Desktop; 0x2000003=Terminal - ⠂ Check mac; 0x140003e=• Discord | #general |; 0x1000012=Probe Basic; 
2026-08-04 15:31:40.117  | card1-HDMI-A-1=connected,On card1-HDMI-A-2=disconnected,On |aud:state:RUNNING, |act:0x2000003 |win:0xc00003=xfce4-panel; 0xe0002c=Desktop; 0x2000003=Terminal - ⠐ Check mac; 0x140003e=• Discord | #general |; 0x1000012=Probe Basic; 
2026-08-04 15:31:41.324  | card1-HDMI-A-1=connected,On card1-HDMI-A-2=disconnected,On |aud:state:RUNNING, |act:0x2000003 |win:0xc00003=xfce4-panel; 0xe0002c=Desktop; 0x2000003=Terminal - ⠂ Check mac; 0x140003e=• Discord | #general |; 0x1000012=Probe Basic; 
2026-08-04 15:31:42.442  | card1-HDMI-A-1=connected,On card1-HDMI-A-2=disconnected,On |aud:state:RUNNING, |act:0x2000003 |win:0xc00003=xfce4-panel; 0xe0002c=Desktop; 0x2000003=Terminal - ⠐ Check mac; 0x140003e=• Discord | #general |; 0x1000012=Probe Basic; 
2026-08-04 15:31:43.616  | card1-HDMI-A-1=connected,On card1-HDMI-A-2=disconnected,On |aud:state:RUNNING, |act:0x2000003 |win:0xc00003=xfce4-panel; 0xe0002c=Desktop; 0x2000003=Terminal - ⠂ Check mac; 0x140003e=• Discord | #general |; 0x1000012=Probe Basic; 
2026-08-04 15:31:45.976  | card1-HDMI-A-1=connected,On card1-HDMI-A-2=disconnected,On |aud:state:RUNNING, |act:0x2000003 |win:0xc00003=xfce4-panel; 0xe0002c=Desktop; 0x2000003=Terminal - ⠐ Check mac; 0x140003e=• Discord | #general |; 0x1000012=Probe Basic; 
2026-08-04 15:31:47.056  | card1-HDMI-A-1=connected,On card1-HDMI-A-2=disconnected,On |aud:state:RUNNING, |act:0x2000003 |win:0xc00003=xfce4-panel; 0xe0002c=Desktop; 0x2000003=Terminal - ⠂ Check mac; 0x140003e=• Discord | #general |; 0x1000012=Probe Basic; 
2026-08-04 15:31:48.165  | card1-HDMI-A-1=connected,On card1-HDMI-A-2=disconnected,On |aud:state:RUNNING, |act:0x2000003 |win:0xc00003=xfce4-panel; 0xe0002c=Desktop; 0x2000003=Terminal - ⠐ Check mac; 0x140003e=• Discord | #general |; 0x1000012=Probe Basic; 
2026-08-04 15:31:49.242  | card1-HDMI-A-1=connected,On card1-HDMI-A-2=disconnected,On |aud:state:RUNNING, |act:0x2000003 |win:0xc00003=xfce4-panel; 0xe0002c=Desktop; 0x2000003=Terminal - ⠂ Check mac; 0x140003e=• Discord | #general |; 0x1000012=Probe Basic; 
2026-08-04 15:31:50.331  | card1-HDMI-A-1=connected,On card1-HDMI-A-2=disconnected,On |aud:state:RUNNING, |act:0x2000003 |win:0xc00003=xfce4-panel; 0xe0002c=Desktop; 0x2000003=Terminal - ⠐ Check mac; 0x140003e=• Discord | #general |; 0x1000012=Probe Basic; 
2026-08-04 15:31:52.505  | card1-HDMI-A-1=connected,On card1-HDMI-A-2=disconnected,On |aud:state:RUNNING, |act:0x2000003 |win:0xc00003=xfce4-panel; 0xe0002c=Desktop; 0x2000003=Terminal - ⠂ Check mac; 0x140003e=• Discord | #general |; 0x1000012=Probe Basic; 
2026-08-04 15:31:53.560  | card1-HDMI-A-1=connected,On card1-HDMI-A-2=disconnected,On |aud:state:RUNNING, |act:0x2000003 |win:0xc00003=xfce4-panel; 0xe0002c=Desktop; 0x2000003=Terminal - ⠐ Check mac; 0x140003e=• Discord | #general |; 0x1000012=Probe Basic; 
2026-08-04 15:31:54.632  | card1-HDMI-A-1=connected,On card1-HDMI-A-2=disconnected,On |aud:state:RUNNING, |act:0x2000003 |win:0xc00003=xfce4-panel; 0xe0002c=Desktop; 0x2000003=Terminal - ⠂ Check mac; 0x140003e=• Discord | #general |; 0x1000012=Probe Basic; 
2026-08-04 15:31:55.703  | card1-HDMI-A-1=connected,On card1-HDMI-A-2=disconnected,On |aud:state:RUNNING, |act:0x2000003 |win:0xc00003=xfce4-panel; 0xe0002c=Desktop; 0x2000003=Terminal - ⠐ Check mac; 0x140003e=• Discord | #general |; 0x1000012=Probe Basic; 
2026-08-04 15:31:56.816  | card1-HDMI-A-1=connected,On card1-HDMI-A-2=disconnected,On |aud:state:RUNNING, |act:0x2000003 |win:0xc00003=xfce4-panel; 0xe0002c=Desktop; 0x2000003=Terminal - ⠂ Check mac; 0x140003e=• Discord | #general |; 0x1000012=Probe Basic; 
2026-08-04 15:31:57.902  | card1-HDMI-A-1=connected,On card1-HDMI-A-2=disconnected,On |aud:state:RUNNING, |act:0x2000003 |win:0xc00003=xfce4-panel; 0xe0002c=Desktop; 0x2000003=Terminal - ⠐ Check mac; 0x140003e=• Discord | #general |; 0x1000012=Probe Basic; 
2026-08-04 15:31:58.961  | card1-HDMI-A-1=connected,On card1-HDMI-A-2=disconnected,On |aud:state:RUNNING, |act:0x2000003 |win:0xc00003=xfce4-panel; 0xe0002c=Desktop; 0x2000003=Terminal - ⠂ Check mac; 0x140003e=• Discord | #general |; 0x1000012=Probe Basic; 
2026-08-04 15:32:01.179  | card1-HDMI-A-1=connected,On card1-HDMI-A-2=disconnected,On |aud:state:RUNNING, |act:0x2000003 |win:0xc00003=xfce4-panel; 0xe0002c=Desktop; 0x2000003=Terminal - ⠐ Check mac; 0x140003e=• Discord | #general |; 0x1000012=Probe Basic; 
2026-08-04 15:32:02.259  | card1-HDMI-A-1=connected,On card1-HDMI-A-2=disconnected,On |aud:state:RUNNING, |act:0x2000003 |win:0xc00003=xfce4-panel; 0xe0002c=Desktop; 0x2000003=Terminal - ⠂ Check mac; 0x140003e=• Discord | #general |; 0x1000012=Probe Basic; 
2026-08-04 15:32:03.321  | card1-HDMI-A-1=connected,On card1-HDMI-A-2=disconnected,On |aud:state:RUNNING, |act:0x2000003 |win:0xc00003=xfce4-panel; 0xe0002c=Desktop; 0x2000003=Terminal - ⠐ Check mac; 0x140003e=• Discord | #general |; 0x1000012=Probe Basic; 
2026-08-04 15:32:04.419  | card1-HDMI-A-1=connected,On card1-HDMI-A-2=disconnected,On |aud:state:RUNNING, |act:0x2000003 |win:0xc00003=xfce4-panel; 0xe0002c=Desktop; 0x2000003=Terminal - ⠂ Check mac; 0x140003e=• Discord | #general |; 0x1000012=Probe Basic; 
2026-08-04 15:32:05.474  | card1-HDMI-A-1=connected,On card1-HDMI-A-2=disconnected,On |aud:state:RUNNING, |act:0x2000003 |win:0xc00003=xfce4-panel; 0xe0002c=Desktop; 0x2000003=Terminal - ⠐ Check mac; 0x140003e=• Discord | #general |; 0x1000012=Probe Basic; 
2026-08-04 15:32:06.526  | card1-HDMI-A-1=connected,On card1-HDMI-A-2=disconnected,On |aud:state:RUNNING, |act:0x2000003 |win:0xc00003=xfce4-panel; 0xe0002c=Desktop; 0x2000003=Terminal - ⠂ Check mac; 0x140003e=• Discord | #general |; 0x1000012=Probe Basic; 
2026-08-04 15:32:07.674  | card1-HDMI-A-1=connected,On card1-HDMI-A-2=disconnected,On |aud:state:RUNNING, |act:0x2000003 |win:0xc00003=xfce4-panel; 0xe0002c=Desktop; 0x2000003=Terminal - ⠐ Check mac; 0x140003e=• Discord | #general |; 0x1000012=Probe Basic; 
2026-08-04 15:32:08.736  | card1-HDMI-A-1=connected,On card1-HDMI-A-2=disconnected,On |aud:state:RUNNING, |act:0x1000012 |win:0xc00003=xfce4-panel; 0xe0002c=Desktop; 0x2000003=Terminal - ⠐ Check mac; 0x140003e=• Discord | #general |; 0x1000012=Probe Basic; 
2026-08-04 15:32:30.396  | card1-HDMI-A-1=connected,On card1-HDMI-A-2=disconnected,On |aud:state:RUNNING, |act:0x2000003 |win:0xc00003=xfce4-panel; 0xe0002c=Desktop; 0x2000003=Terminal - ⠐ Check mac; 0x140003e=• Discord | #general |; 0x1000012=Probe Basic; 
2026-08-04 15:32:31.474  | card1-HDMI-A-1=connected,On card1-HDMI-A-2=disconnected,On |aud:state:RUNNING, |act:0x2000003 |win:0xc00003=xfce4-panel; 0xe0002c=Desktop; 0x2000003=Terminal - ⠂ Check mac; 0x140003e=• Discord | #general |; 0x1000012=Probe Basic; 
2026-08-04 15:32:32.566  | card1-HDMI-A-1=connected,On card1-HDMI-A-2=disconnected,On |aud:state:RUNNING, |act:0x2000003 |win:0xc00003=xfce4-panel; 0xe0002c=Desktop; 0x2000003=Terminal - ⠐ Check mac; 0x140003e=• Discord | #general |; 0x1000012=Probe Basic; 
2026-08-04 15:32:33.669  | card1-HDMI-A-1=connected,On card1-HDMI-A-2=disconnected,On |aud:state:RUNNING, |act:0x2000003 |win:0xc00003=xfce4-panel; 0xe0002c=Desktop; 0x2000003=Terminal - ⠂ Check mac; 0x140003e=• Discord | #general |; 0x1000012=Probe Basic; 
2026-08-04 15:32:35.996  | card1-HDMI-A-1=connected,On card1-HDMI-A-2=disconnected,On |aud:state:RUNNING, |act:0x2000003 |win:0xc00003=xfce4-panel; 0xe0002c=Desktop; 0x2000003=Terminal - ⠐ Check mac; 0x140003e=• Discord | #general |; 0x1000012=Probe Basic; 
2026-08-04 15:32:37.123  | card1-HDMI-A-1=connected,On card1-HDMI-A-2=disconnected,On |aud:state:RUNNING, |act:0x2000003 |win:0xc00003=xfce4-panel; 0xe0002c=Desktop; 0x2000003=Terminal - ⠂ Check mac; 0x140003e=• Discord | #general |; 0x1000012=Probe Basic; 
2026-08-04 15:32:38.217  | card1-HDMI-A-1=connected,On card1-HDMI-A-2=disconnected,On |aud:state:RUNNING, |act:0x2000003 |win:0xc00003=xfce4-panel; 0xe0002c=Desktop; 0x2000003=Terminal - ⠐ Check mac; 0x140003e=• Discord | #general |; 0x1000012=Probe Basic; 
2026-08-04 15:32:39.314  | card1-HDMI-A-1=connected,On card1-HDMI-A-2=disconnected,On |aud:state:RUNNING, |act:0x2000003 |win:0xc00003=xfce4-panel; 0xe0002c=Desktop; 0x2000003=Terminal - ⠂ Check mac; 0x140003e=• Discord | #general |; 0x1000012=Probe Basic; 
2026-08-04 15:32:40.457  | card1-HDMI-A-1=connected,On card1-HDMI-A-2=disconnected,On |aud:state:RUNNING, |act:0x2000003 |win:0xc00003=xfce4-panel; 0xe0002c=Desktop; 0x2000003=Terminal - ⠐ Check mac; 0x140003e=• Discord | #general |; 0x1000012=Probe Basic; 
2026-08-04 15:32:42.635  | card1-HDMI-A-1=connected,On card1-HDMI-A-2=disconnected,On |aud:state:RUNNING, |act:0x2000003 |win:0xc00003=xfce4-panel; 0xe0002c=Desktop; 0x2000003=Terminal - ⠂ Check mac; 0x140003e=• Discord | #general |; 0x1000012=Probe Basic; 
2026-08-04 15:32:43.727  | card1-HDMI-A-1=connected,On card1-HDMI-A-2=disconnected,On |aud:state:RUNNING, |act:0x2000003 |win:0xc00003=xfce4-panel; 0xe0002c=Desktop; 0x2000003=Terminal - ⠐ Check mac; 0x140003e=• Discord | #general |; 0x1000012=Probe Basic; 
2026-08-04 15:32:44.805  | card1-HDMI-A-1=connected,On card1-HDMI-A-2=disconnected,On |aud:state:RUNNING, |act:0x2000003 |win:0xc00003=xfce4-panel; 0xe0002c=Desktop; 0x2000003=Terminal - ⠂ Check mac; 0x140003e=• Discord | #general |; 0x1000012=Probe Basic; 
2026-08-04 15:32:45.903  | card1-HDMI-A-1=connected,On card1-HDMI-A-2=disconnected,On |aud:state:RUNNING, |act:0x2000003 |win:0xc00003=xfce4-panel; 0xe0002c=Desktop; 0x2000003=Terminal - ⠐ Check mac; 0x140003e=• Discord | #general |; 0x1000012=Probe Basic; 
2026-08-04 15:32:46.984  | card1-HDMI-A-1=connected,On card1-HDMI-A-2=disconnected,On |aud:state:RUNNING, |act:0x2000003 |win:0xc00003=xfce4-panel; 0xe0002c=Desktop; 0x2000003=Terminal - ⠂ Check mac; 0x140003e=• Discord | #general |; 0x1000012=Probe Basic; 
2026-08-04 15:32:48.087  | card1-HDMI-A-1=connected,On card1-HDMI-A-2=disconnected,On |aud:state:RUNNING, |act:0x2000003 |win:0xc00003=xfce4-panel; 0xe0002c=Desktop; 0x2000003=Terminal - ⠐ Check mac; 0x140003e=• Discord | #general |; 0x1000012=Probe Basic; 
2026-08-04 15:32:50.340  | card1-HDMI-A-1=connected,On card1-HDMI-A-2=disconnected,On |aud:state:RUNNING, |act:0x2000003 |win:0xc00003=xfce4-panel; 0xe0002c=Desktop; 0x2000003=Terminal - ⠂ Check mac; 0x140003e=• Discord | #general |; 0x1000012=Probe Basic; 
2026-08-04 15:32:51.408  | card1-HDMI-A-1=connected,On card1-HDMI-A-2=disconnected,On |aud:state:RUNNING, |act:0x2000003 |win:0xc00003=xfce4-panel; 0xe0002c=Desktop; 0x2000003=Terminal - ⠐ Check mac; 0x140003e=• Discord | #general |; 0x1000012=Probe Basic; 
2026-08-04 15:32:52.529  | card1-HDMI-A-1=connected,On card1-HDMI-A-2=disconnected,On |aud:state:RUNNING, |act:0x2000003 |win:0xc00003=xfce4-panel; 0xe0002c=Desktop; 0x2000003=Terminal - ⠂ Check mac; 0x140003e=• Discord | #general |; 0x1000012=Probe Basic; 
2026-08-04 15:32:53.650  | card1-HDMI-A-1=connected,On card1-HDMI-A-2=disconnected,On |aud:state:RUNNING, |act:0x2000003 |win:0xc00003=xfce4-panel; 0xe0002c=Desktop; 0x2000003=Terminal - ⠐ Check mac; 0x140003e=• Discord | #general |; 0x1000012=Probe Basic; 
2026-08-04 15:32:54.779  | card1-HDMI-A-1=connected,On card1-HDMI-A-2=disconnected,On |aud:state:RUNNING, |act:0x2000003 |win:0xc00003=xfce4-panel; 0xe0002c=Desktop; 0x2000003=Terminal - ⠂ Check mac; 0x140003e=• Discord | #general |; 0x1000012=Probe Basic; 
2026-08-04 15:32:55.836  | card1-HDMI-A-1=connected,On card1-HDMI-A-2=disconnected,On |aud:state:RUNNING, |act:0x2000003 |win:0xc00003=xfce4-panel; 0xe0002c=Desktop; 0x2000003=Terminal - ⠐ Check mac; 0x140003e=• Discord | #general |; 0x1000012=Probe Basic; 
2026-08-04 15:32:58.081  | card1-HDMI-A-1=connected,On card1-HDMI-A-2=disconnected,On |aud:state:RUNNING, |act:0x2000003 |win:0xc00003=xfce4-panel; 0xe0002c=Desktop; 0x2000003=Terminal - ⠂ Check mac; 0x140003e=• Discord | #general |; 0x1000012=Probe Basic; 
2026-08-04 15:32:59.172  | card1-HDMI-A-1=connected,On card1-HDMI-A-2=disconnected,On |aud:state:RUNNING, |act:0x2000003 |win:0xc00003=xfce4-panel; 0xe0002c=Desktop; 0x2000003=Terminal - ⠐ Check mac; 0x140003e=• Discord | #general |; 0x1000012=Probe Basic; 
2026-08-04 15:33:00.268  | card1-HDMI-A-1=connected,On card1-HDMI-A-2=disconnected,On |aud:state:RUNNING, |act:0x2000003 |win:0xc00003=xfce4-panel; 0xe0002c=Desktop; 0x2000003=Terminal - ⠂ Check mac; 0x140003e=• Discord | #general |; 0x1000012=Probe Basic; 
2026-08-04 15:33:01.321  | card1-HDMI-A-1=connected,On card1-HDMI-A-2=disconnected,On |aud:state:RUNNING, |act:0x2000003 |win:0xc00003=xfce4-panel; 0xe0002c=Desktop; 0x2000003=Terminal - ⠐ Check mac; 0x140003e=• Discord | #general |; 0x1000012=Probe Basic; 
2026-08-04 15:33:02.385  | card1-HDMI-A-1=connected,On card1-HDMI-A-2=disconnected,On |aud:state:RUNNING, |act:0x2000003 |win:0xc00003=xfce4-panel; 0xe0002c=Desktop; 0x2000003=Terminal - ⠂ Check mac; 0x140003e=• Discord | #general |; 0x1000012=Probe Basic; 
2026-08-04 15:33:03.466  | card1-HDMI-A-1=connected,On card1-HDMI-A-2=disconnected,On |aud:state:RUNNING, |act:0x2000003 |win:0xc00003=xfce4-panel; 0xe0002c=Desktop; 0x2000003=Terminal - ⠐ Check mac; 0x140003e=• Discord | #general |; 0x1000012=Probe Basic; 
2026-08-04 15:33:05.620  | card1-HDMI-A-1=connected,On card1-HDMI-A-2=disconnected,On |aud:state:RUNNING, |act:0x2000003 |win:0xc00003=xfce4-panel; 0xe0002c=Desktop; 0x2000003=Terminal - ⠂ Check mac; 0x140003e=• Discord | #general |; 0x1000012=Probe Basic; 
2026-08-04 15:33:06.677  | card1-HDMI-A-1=connected,On card1-HDMI-A-2=disconnected,On |aud:state:RUNNING, |act:0x2000003 |win:0xc00003=xfce4-panel; 0xe0002c=Desktop; 0x2000003=Terminal - ⠐ Check mac; 0x140003e=• Discord | #general |; 0x1000012=Probe Basic; 
2026-08-04 15:33:07.736  | card1-HDMI-A-1=connected,On card1-HDMI-A-2=disconnected,On |aud:state:RUNNING, |act:0x2000003 |win:0xc00003=xfce4-panel; 0xe0002c=Desktop; 0x2000003=Terminal - ⠂ Check mac; 0x140003e=• Discord | #general |; 0x1000012=Probe Basic; 
2026-08-04 15:33:08.792  | card1-HDMI-A-1=connected,On card1-HDMI-A-2=disconnected,On |aud:state:RUNNING, |act:0x1000012 |win:0xc00003=xfce4-panel; 0xe0002c=Desktop; 0x2000003=Terminal - ⠂ Check mac; 0x140003e=• Discord | #general |; 0x1000012=Probe Basic; 
2026-08-04 15:33:14.304  | card1-HDMI-A-1=connected,On card1-HDMI-A-2=disconnected,On |aud:state:RUNNING, |act:0x2000003 |win:0xc00003=xfce4-panel; 0xe0002c=Desktop; 0x2000003=Terminal - ⠂ Check mac; 0x140003e=• Discord | #general |; 0x1000012=Probe Basic; 
2026-08-04 15:33:15.360  | card1-HDMI-A-1=connected,On card1-HDMI-A-2=disconnected,On |aud:state:RUNNING, |act:0x2000003 |win:0xc00003=xfce4-panel; 0xe0002c=Desktop; 0x2000003=Terminal - ⠐ Check mac; 0x140003e=• Discord | #general |; 0x1000012=Probe Basic; 
2026-08-04 15:33:16.422  | card1-HDMI-A-1=connected,On card1-HDMI-A-2=disconnected,On |aud:state:RUNNING, |act:0x2000003 |win:0xc00003=xfce4-panel; 0xe0002c=Desktop; 0x2000003=Terminal - ⠂ Check mac; 0x140003e=• Discord | #general |; 0x1000012=Probe Basic; 
2026-08-04 15:33:17.479  | card1-HDMI-A-1=connected,On card1-HDMI-A-2=disconnected,On |aud:state:RUNNING, |act:0x2000003 |win:0xc00003=xfce4-panel; 0xe0002c=Desktop; 0x2000003=Terminal - ⠐ Check mac; 0x140003e=• Discord | #general |; 0x1000012=Probe Basic; 
2026-08-04 15:33:18.542  | card1-HDMI-A-1=connected,On card1-HDMI-A-2=disconnected,On |aud:state:RUNNING, |act:0x2000003 |win:0xc00003=xfce4-panel; 0xe0002c=Desktop; 0x2000003=Terminal - ⠂ Check mac; 0x140003e=• Discord | #general |; 0x1000012=Probe Basic; 
2026-08-04 15:33:19.604  | card1-HDMI-A-1=connected,On card1-HDMI-A-2=disconnected,On |aud:state:RUNNING, |act:0x2000003 |win:0xc00003=xfce4-panel; 0xe0002c=Desktop; 0x2000003=Terminal - ⠐ Check mac; 0x140003e=• Discord | #general |; 0x1000012=Probe Basic; 
2026-08-04 15:33:21.871  | card1-HDMI-A-1=connected,On card1-HDMI-A-2=disconnected,On |aud:state:RUNNING, |act:0x2000003 |win:0xc00003=xfce4-panel; 0xe0002c=Desktop; 0x2000003=Terminal - ⠂ Check mac; 0x140003e=• Discord | #general |; 0x1000012=Probe Basic; 
2026-08-04 15:33:22.975  | card1-HDMI-A-1=connected,On card1-HDMI-A-2=disconnected,On |aud:state:RUNNING, |act:0x2000003 |win:0xc00003=xfce4-panel; 0xe0002c=Desktop; 0x2000003=Terminal - ⠐ Check mac; 0x140003e=• Discord | #general |; 0x1000012=Probe Basic; 
2026-08-04 15:33:24.057  | card1-HDMI-A-1=connected,On card1-HDMI-A-2=disconnected,On |aud:state:RUNNING, |act:0x2000003 |win:0xc00003=xfce4-panel; 0xe0002c=Desktop; 0x2000003=Terminal - ⠂ Check mac; 0x140003e=• Discord | #general |; 0x1000012=Probe Basic; 
2026-08-04 15:33:25.147  | card1-HDMI-A-1=connected,On card1-HDMI-A-2=disconnected,On |aud:state:RUNNING, |act:0x2000003 |win:0xc00003=xfce4-panel; 0xe0002c=Desktop; 0x2000003=Terminal - ⠐ Check mac; 0x140003e=• Discord | #general |; 0x1000012=Probe Basic; 
2026-08-04 15:33:26.202  | card1-HDMI-A-1=connected,On card1-HDMI-A-2=disconnected,On |aud:state:RUNNING, |act:0x2000003 |win:0xc00003=xfce4-panel; 0xe0002c=Desktop; 0x2000003=Terminal - ⠂ Check mac; 0x140003e=• Discord | #general |; 0x1000012=Probe Basic; 
2026-08-04 15:33:27.271  | card1-HDMI-A-1=connected,On card1-HDMI-A-2=disconnected,On |aud:state:RUNNING, |act:0x2000003 |win:0xc00003=xfce4-panel; 0xe0002c=Desktop; 0x2000003=Terminal - ⠐ Check mac; 0x140003e=• Discord | #general |; 0x1000012=Probe Basic; 
2026-08-04 15:33:28.344  | card1-HDMI-A-1=connected,On card1-HDMI-A-2=disconnected,On |aud:state:RUNNING, |act:0x2000003 |win:0xc00003=xfce4-panel; 0xe0002c=Desktop; 0x2000003=Terminal - ⠂ Check mac; 0x140003e=• Discord | #general |; 0x1000012=Probe Basic; 
2026-08-04 15:33:30.523  | card1-HDMI-A-1=connected,On card1-HDMI-A-2=disconnected,On |aud:state:RUNNING, |act:0x2000003 |win:0xc00003=xfce4-panel; 0xe0002c=Desktop; 0x2000003=Terminal - ⠐ Check mac; 0x140003e=• Discord | #general |; 0x1000012=Probe Basic; 
2026-08-04 15:33:31.601  | card1-HDMI-A-1=connected,On card1-HDMI-A-2=disconnected,On |aud:state:RUNNING, |act:0x2000003 |win:0xc00003=xfce4-panel; 0xe0002c=Desktop; 0x2000003=Terminal - ⠂ Check mac; 0x140003e=• Discord | #general |; 0x1000012=Probe Basic; 
2026-08-04 15:33:32.680  | card1-HDMI-A-1=connected,On card1-HDMI-A-2=disconnected,On |aud:state:RUNNING, |act:0x2000003 |win:0xc00003=xfce4-panel; 0xe0002c=Desktop; 0x2000003=Terminal - ⠐ Check mac; 0x140003e=• Discord | #general |; 0x1000012=Probe Basic; 
2026-08-04 15:33:33.755  | card1-HDMI-A-1=connected,On card1-HDMI-A-2=disconnected,On |aud:state:RUNNING, |act:0x2000003 |win:0xc00003=xfce4-panel; 0xe0002c=Desktop; 0x2000003=Terminal - ⠂ Check mac; 0x140003e=• Discord | #general |; 0x1000012=Probe Basic; 
2026-08-04 15:33:34.833  | card1-HDMI-A-1=connected,On card1-HDMI-A-2=disconnected,On |aud:state:RUNNING, |act:0x2000003 |win:0xc00003=xfce4-panel; 0xe0002c=Desktop; 0x2000003=Terminal - ⠐ Check mac; 0x140003e=• Discord | #general |; 0x1000012=Probe Basic; 
2026-08-04 15:33:35.911  | card1-HDMI-A-1=connected,On card1-HDMI-A-2=disconnected,On |aud:state:RUNNING, |act:0x2000003 |win:0xc00003=xfce4-panel; 0xe0002c=Desktop; 0x2000003=Terminal - ⠂ Check mac; 0x140003e=• Discord | #general |; 0x1000012=Probe Basic; 
2026-08-04 15:33:36.968  | card1-HDMI-A-1=connected,On card1-HDMI-A-2=disconnected,On |aud:state:RUNNING, |act:0x2000003 |win:0xc00003=xfce4-panel; 0xe0002c=Desktop; 0x2000003=Terminal - ⠐ Check mac; 0x140003e=• Discord | #general |; 0x1000012=Probe Basic; 
2026-08-04 15:33:38.049  | card1-HDMI-A-1=connected,On card1-HDMI-A-2=disconnected,On |aud:state:RUNNING, |act:0x2000003 |win:0xc00003=xfce4-panel; 0xe0002c=Desktop; 0x2000003=Terminal - ⠂ Check mac; 0x140003e=• Discord | #general |; 0x1000012=Probe Basic; 
2026-08-04 15:33:40.216  | card1-HDMI-A-1=connected,On card1-HDMI-A-2=disconnected,On |aud:state:RUNNING, |act:0x2000003 |win:0xc00003=xfce4-panel; 0xe0002c=Desktop; 0x2000003=Terminal - ⠐ Check mac; 0x140003e=• Discord | #general |; 0x1000012=Probe Basic; 
2026-08-04 15:33:41.300  | card1-HDMI-A-1=connected,On card1-HDMI-A-2=disconnected,On |aud:state:RUNNING, |act:0x2000003 |win:0xc00003=xfce4-panel; 0xe0002c=Desktop; 0x2000003=Terminal - ⠂ Check mac; 0x140003e=• Discord | #general |; 0x1000012=Probe Basic; 
2026-08-04 15:33:42.382  | card1-HDMI-A-1=connected,On card1-HDMI-A-2=disconnected,On |aud:state:RUNNING, |act:0x2000003 |win:0xc00003=xfce4-panel; 0xe0002c=Desktop; 0x2000003=Terminal - ⠐ Check mac; 0x140003e=• Discord | #general |; 0x1000012=Probe Basic; 
2026-08-04 15:33:43.453  | card1-HDMI-A-1=connected,On card1-HDMI-A-2=disconnected,On |aud:state:RUNNING, |act:0x2000003 |win:0xc00003=xfce4-panel; 0xe0002c=Desktop; 0x2000003=Terminal - ⠂ Check mac; 0x140003e=• Discord | #general |; 0x1000012=Probe Basic; 
2026-08-04 15:33:44.567  | card1-HDMI-A-1=connected,On card1-HDMI-A-2=disconnected,On |aud:state:RUNNING, |act:0x2000003 |win:0xc00003=xfce4-panel; 0xe0002c=Desktop; 0x2000003=Terminal - ⠐ Check mac; 0x140003e=• Discord | #general |; 0x1000012=Probe Basic; 
2026-08-04 15:33:45.698  | card1-HDMI-A-1=connected,On card1-HDMI-A-2=disconnected,On |aud:state:RUNNING, |act:0x2000003 |win:0xc00003=xfce4-panel; 0xe0002c=Desktop; 0x2000003=Terminal - ⠂ Check mac; 0x140003e=• Discord | #general |; 0x1000012=Probe Basic; 
2026-08-04 15:33:46.797  | card1-HDMI-A-1=connected,On card1-HDMI-A-2=disconnected,On |aud:state:RUNNING, |act:0x2000003 |win:0xc00003=xfce4-panel; 0xe0002c=Desktop; 0x2000003=Terminal - ⠐ Check mac; 0x140003e=• Discord | #general |; 0x1000012=Probe Basic; 
2026-08-04 15:33:49.018  | card1-HDMI-A-1=connected,On card1-HDMI-A-2=disconnected,On |aud:state:RUNNING, |act:0x2000003 |win:0xc00003=xfce4-panel; 0xe0002c=Desktop; 0x2000003=Terminal - ⠂ Check mac; 0x140003e=• Discord | #general |; 0x1000012=Probe Basic; 
2026-08-04 15:33:50.084  | card1-HDMI-A-1=connected,On card1-HDMI-A-2=disconnected,On |aud:state:RUNNING, |act:0x2000003 |win:0xc00003=xfce4-panel; 0xe0002c=Desktop; 0x2000003=Terminal - ⠐ Check mac; 0x140003e=• Discord | #general |; 0x1000012=Probe Basic; 
2026-08-04 15:33:51.147  | card1-HDMI-A-1=connected,On card1-HDMI-A-2=disconnected,On |aud:state:RUNNING, |act:0x2000003 |win:0xc00003=xfce4-panel; 0xe0002c=Desktop; 0x2000003=Terminal - ⠂ Check mac; 0x140003e=• Discord | #general |; 0x1000012=Probe Basic; 
2026-08-04 15:33:52.215  | card1-HDMI-A-1=connected,On card1-HDMI-A-2=disconnected,On |aud:state:RUNNING, |act:0x2000003 |win:0xc00003=xfce4-panel; 0xe0002c=Desktop; 0x2000003=Terminal - ⠐ Check mac; 0x140003e=• Discord | #general |; 0x1000012=Probe Basic; 
2026-08-04 15:33:53.304  | card1-HDMI-A-1=connected,On card1-HDMI-A-2=disconnected,On |aud:state:RUNNING, |act:0x2000003 |win:0xc00003=xfce4-panel; 0xe0002c=Desktop; 0x2000003=Terminal - ⠂ Check mac; 0x140003e=• Discord | #general |; 0x1000012=Probe Basic; 
2026-08-04 15:33:54.374  | card1-HDMI-A-1=connected,On card1-HDMI-A-2=disconnected,On |aud:state:RUNNING, |act:0x2000003 |win:0xc00003=xfce4-panel; 0xe0002c=Desktop; 0x2000003=Terminal - ⠐ Check mac; 0x140003e=• Discord | #general |; 0x1000012=Probe Basic; 
2026-08-04 15:33:56.549  | card1-HDMI-A-1=connected,On card1-HDMI-A-2=disconnected,On |aud:state:RUNNING, |act:0x2000003 |win:0xc00003=xfce4-panel; 0xe0002c=Desktop; 0x2000003=Terminal - ⠂ Check mac; 0x140003e=• Discord | #general |; 0x1000012=Probe Basic; 
2026-08-04 15:33:57.616  | card1-HDMI-A-1=connected,On card1-HDMI-A-2=disconnected,On |aud:state:RUNNING, |act:0x2000003 |win:0xc00003=xfce4-panel; 0xe0002c=Desktop; 0x2000003=Terminal - ⠐ Check mac; 0x140003e=• Discord | #general |; 0x1000012=Probe Basic; 
2026-08-04 15:33:58.676  | card1-HDMI-A-1=connected,On card1-HDMI-A-2=disconnected,On |aud:state:RUNNING, |act:0x2000003 |win:0xc00003=xfce4-panel; 0xe0002c=Desktop; 0x2000003=Terminal - ⠂ Check mac; 0x140003e=• Discord | #general |; 0x1000012=Probe Basic; 
2026-08-04 15:33:59.776  | card1-HDMI-A-1=connected,On card1-HDMI-A-2=disconnected,On |aud:state:RUNNING, |act:0x2000003 |win:0xc00003=xfce4-panel; 0xe0002c=Desktop; 0x2000003=Terminal - ⠐ Check mac; 0x140003e=• Discord | #general |; 0x1000012=Probe Basic; 
2026-08-04 15:34:00.840  | card1-HDMI-A-1=connected,On card1-HDMI-A-2=disconnected,On |aud:state:RUNNING, |act:0x2000003 |win:0xc00003=xfce4-panel; 0xe0002c=Desktop; 0x2000003=Terminal - ⠂ Check mac; 0x140003e=• Discord | #general |; 0x1000012=Probe Basic; 
2026-08-04 15:34:01.904  | card1-HDMI-A-1=connected,On card1-HDMI-A-2=disconnected,On |aud:state:RUNNING, |act:0x2000003 |win:0xc00003=xfce4-panel; 0xe0002c=Desktop; 0x2000003=Terminal - ⠐ Check mac; 0x140003e=• Discord | #general |; 0x1000012=Probe Basic; 
2026-08-04 15:34:03.005  | card1-HDMI-A-1=connected,On card1-HDMI-A-2=disconnected,On |aud:state:RUNNING, |act:0x2000003 |win:0xc00003=xfce4-panel; 0xe0002c=Desktop; 0x2000003=Terminal - ⠂ Check mac; 0x140003e=• Discord | #general |; 0x1000012=Probe Basic; 
2026-08-04 15:34:04.104  | card1-HDMI-A-1=connected,On card1-HDMI-A-2=disconnected,On |aud:state:RUNNING, |act:0x2000003 |win:0xc00003=xfce4-panel; 0xe0002c=Desktop; 0x2000003=Terminal - ⠐ Check mac; 0x140003e=• Discord | #general |; 0x1000012=Probe Basic; 
2026-08-04 15:34:06.291  | card1-HDMI-A-1=connected,On card1-HDMI-A-2=disconnected,On |aud:state:RUNNING, |act:0x2000003 |win:0xc00003=xfce4-panel; 0xe0002c=Desktop; 0x2000003=Terminal - ⠂ Check mac; 0x140003e=• Discord | #general |; 0x1000012=Probe Basic; 
2026-08-04 15:34:07.361  | card1-HDMI-A-1=connected,On card1-HDMI-A-2=disconnected,On |aud:state:RUNNING, |act:0x2000003 |win:0xc00003=xfce4-panel; 0xe0002c=Desktop; 0x2000003=Terminal - ⠐ Check mac; 0x140003e=• Discord | #general |; 0x1000012=Probe Basic; 
2026-08-04 15:34:08.461  | card1-HDMI-A-1=connected,On card1-HDMI-A-2=disconnected,On |aud:state:RUNNING, |act:0x2000003 |win:0xc00003=xfce4-panel; 0xe0002c=Desktop; 0x2000003=Terminal - ⠂ Check mac; 0x140003e=• Discord | #general |; 0x1000012=Probe Basic; 
2026-08-04 15:34:09.519  | card1-HDMI-A-1=connected,On card1-HDMI-A-2=disconnected,On |aud:state:RUNNING, |act:0x2000003 |win:0xc00003=xfce4-panel; 0xe0002c=Desktop; 0x2000003=Terminal - ⠐ Check mac; 0x140003e=• Discord | #general |; 0x1000012=Probe Basic; 
2026-08-04 15:34:10.578  | card1-HDMI-A-1=connected,On card1-HDMI-A-2=disconnected,On |aud:state:RUNNING, |act:0x2000003 |win:0xc00003=xfce4-panel; 0xe0002c=Desktop; 0x2000003=Terminal - ⠂ Check mac; 0x140003e=• Discord | #general |; 0x1000012=Probe Basic; 
2026-08-04 15:34:11.693  | card1-HDMI-A-1=connected,On card1-HDMI-A-2=disconnected,On |aud:state:RUNNING, |act:0x2000003 |win:0xc00003=xfce4-panel; 0xe0002c=Desktop; 0x2000003=Terminal - ⠐ Check mac; 0x140003e=• Discord | #general |; 0x1000012=Probe Basic; 
2026-08-04 15:34:12.777  | card1-HDMI-A-1=connected,On card1-HDMI-A-2=disconnected,On |aud:state:RUNNING, |act:0x2000003 |win:0xc00003=xfce4-panel; 0xe0002c=Desktop; 0x2000003=Terminal - ⠂ Check mac; 0x140003e=• Discord | #general |; 0x1000012=Probe Basic; 
2026-08-04 15:34:13.881  | card1-HDMI-A-1=connected,On card1-HDMI-A-2=disconnected,On |aud:state:RUNNING, |act:0x2000003 |win:0xc00003=xfce4-panel; 0xe0002c=Desktop; 0x2000003=Terminal - ⠐ Check mac; 0x140003e=• Discord | #general |; 0x1000012=Probe Basic; 
2026-08-04 15:34:16.030  | card1-HDMI-A-1=connected,On card1-HDMI-A-2=disconnected,On |aud:state:RUNNING, |act:0x2000003 |win:0xc00003=xfce4-panel; 0xe0002c=Desktop; 0x2000003=Terminal - ⠂ Check mac; 0x140003e=• Discord | #general |; 0x1000012=Probe Basic; 
2026-08-04 15:34:17.100  | card1-HDMI-A-1=connected,On card1-HDMI-A-2=disconnected,On |aud:state:RUNNING, |act:0x2000003 |win:0xc00003=xfce4-panel; 0xe0002c=Desktop; 0x2000003=Terminal - ⠐ Check mac; 0x140003e=• Discord | #general |; 0x1000012=Probe Basic; 
2026-08-04 15:34:18.169  | card1-HDMI-A-1=connected,On card1-HDMI-A-2=disconnected,On |aud:state:RUNNING, |act:0x2000003 |win:0xc00003=xfce4-panel; 0xe0002c=Desktop; 0x2000003=Terminal - ⠂ Check mac; 0x140003e=• Discord | #general |; 0x1000012=Probe Basic; 
2026-08-04 15:34:19.244  | card1-HDMI-A-1=connected,On card1-HDMI-A-2=disconnected,On |aud:state:RUNNING, |act:0x2000003 |win:0xc00003=xfce4-panel; 0xe0002c=Desktop; 0x2000003=Terminal - ⠐ Check mac; 0x140003e=• Discord | #general |; 0x1000012=Probe Basic; 
2026-08-04 15:34:20.303  | card1-HDMI-A-1=connected,On card1-HDMI-A-2=disconnected,On |aud:state:RUNNING, |act:0x2000003 |win:0xc00003=xfce4-panel; 0xe0002c=Desktop; 0x2000003=Terminal - ⠂ Check mac; 0x140003e=• Discord | #general |; 0x1000012=Probe Basic; 
2026-08-04 15:34:21.360  | card1-HDMI-A-1=connected,On card1-HDMI-A-2=disconnected,On |aud:state:RUNNING, |act:0x2000003 |win:0xc00003=xfce4-panel; 0xe0002c=Desktop; 0x2000003=Terminal - ⠐ Check mac; 0x140003e=• Discord | #general |; 0x1000012=Probe Basic; 
2026-08-04 15:34:22.448  | card1-HDMI-A-1=connected,On card1-HDMI-A-2=disconnected,On |aud:state:RUNNING, |act:0x2000003 |win:0xc00003=xfce4-panel; 0xe0002c=Desktop; 0x2000003=Terminal - ⠂ Check mac; 0x140003e=• Discord | #general |; 0x1000012=Probe Basic; 
2026-08-04 15:34:24.658  | card1-HDMI-A-1=connected,On card1-HDMI-A-2=disconnected,On |aud:state:RUNNING, |act:0x2000003 |win:0xc00003=xfce4-panel; 0xe0002c=Desktop; 0x2000003=Terminal - ⠐ Check mac; 0x140003e=• Discord | #general |; 0x1000012=Probe Basic; 
2026-08-04 15:34:25.738  | card1-HDMI-A-1=connected,On card1-HDMI-A-2=disconnected,On |aud:state:RUNNING, |act:0x2000003 |win:0xc00003=xfce4-panel; 0xe0002c=Desktop; 0x2000003=Terminal - ⠂ Check mac; 0x140003e=• Discord | #general |; 0x1000012=Probe Basic; 
2026-08-04 15:34:26.806  | card1-HDMI-A-1=connected,On card1-HDMI-A-2=disconnected,On |aud:state:RUNNING, |act:0x2000003 |win:0xc00003=xfce4-panel; 0xe0002c=Desktop; 0x2000003=Terminal - ⠐ Check mac; 0x140003e=• Discord | #general |; 0x1000012=Probe Basic; 
2026-08-04 15:34:27.877  | card1-HDMI-A-1=connected,On card1-HDMI-A-2=disconnected,On |aud:state:RUNNING, |act:0x2000003 |win:0xc00003=xfce4-panel; 0xe0002c=Desktop; 0x2000003=Terminal - ⠂ Check mac; 0x140003e=• Discord | #general |; 0x1000012=Probe Basic; 
2026-08-04 15:34:28.944  | card1-HDMI-A-1=connected,On card1-HDMI-A-2=disconnected,On |aud:state:RUNNING, |act:0x2000003 |win:0xc00003=xfce4-panel; 0xe0002c=Desktop; 0x2000003=Terminal - ⠐ Check mac; 0x140003e=• Discord | #general |; 0x1000012=Probe Basic; 
2026-08-04 15:34:30.005  | card1-HDMI-A-1=connected,On card1-HDMI-A-2=disconnected,On |aud:state:RUNNING, |act:0x2000003 |win:0xc00003=xfce4-panel; 0xe0002c=Desktop; 0x2000003=Terminal - ⠂ Check mac; 0x140003e=• Discord | #general |; 0x1000012=Probe Basic; 
2026-08-04 15:34:31.078  | card1-HDMI-A-1=connected,On card1-HDMI-A-2=disconnected,On |aud:state:RUNNING, |act:0x2000003 |win:0xc00003=xfce4-panel; 0xe0002c=Desktop; 0x2000003=Terminal - ⠐ Check mac; 0x140003e=• Discord | #general |; 0x1000012=Probe Basic; 
2026-08-04 15:34:33.248  | card1-HDMI-A-1=connected,On card1-HDMI-A-2=disconnected,On |aud:state:RUNNING, |act:0x2000003 |win:0xc00003=xfce4-panel; 0xe0002c=Desktop; 0x2000003=Terminal - ⠂ Check mac; 0x140003e=• Discord | #general |; 0x1000012=Probe Basic; 
2026-08-04 15:34:34.316  | card1-HDMI-A-1=connected,On card1-HDMI-A-2=disconnected,On |aud:state:RUNNING, |act:0x2000003 |win:0xc00003=xfce4-panel; 0xe0002c=Desktop; 0x2000003=Terminal - ⠐ Check mac; 0x140003e=• Discord | #general |; 0x1000012=Probe Basic; 
2026-08-04 15:34:35.379  | card1-HDMI-A-1=connected,On card1-HDMI-A-2=disconnected,On |aud:state:RUNNING, |act:0x2000003 |win:0xc00003=xfce4-panel; 0xe0002c=Desktop; 0x2000003=Terminal - ⠂ Check mac; 0x140003e=• Discord | #general |; 0x1000012=Probe Basic; 
2026-08-04 15:34:36.438  | card1-HDMI-A-1=connected,On card1-HDMI-A-2=disconnected,On |aud:state:RUNNING, |act:0x2000003 |win:0xc00003=xfce4-panel; 0xe0002c=Desktop; 0x2000003=Terminal - ⠐ Check mac; 0x140003e=• Discord | #general |; 0x1000012=Probe Basic; 
2026-08-04 15:34:37.531  | card1-HDMI-A-1=connected,On card1-HDMI-A-2=disconnected,On |aud:state:RUNNING, |act:0x2000003 |win:0xc00003=xfce4-panel; 0xe0002c=Desktop; 0x2000003=Terminal - ⠂ Check mac; 0x140003e=• Discord | #general |; 0x1000012=Probe Basic; 
2026-08-04 15:34:38.614  | card1-HDMI-A-1=connected,On card1-HDMI-A-2=disconnected,On |aud:state:RUNNING, |act:0x2000003 |win:0xc00003=xfce4-panel; 0xe0002c=Desktop; 0x2000003=Terminal - ⠐ Check mac; 0x140003e=• Discord | #general |; 0x1000012=Probe Basic; 
2026-08-04 15:34:39.679  | card1-HDMI-A-1=connected,On card1-HDMI-A-2=disconnected,On |aud:state:RUNNING, |act:0x2000003 |win:0xc00003=xfce4-panel; 0xe0002c=Desktop; 0x2000003=Terminal - ⠂ Check mac; 0x140003e=• Discord | #general |; 0x1000012=Probe Basic; 
2026-08-04 15:34:40.739  | card1-HDMI-A-1=connected,On card1-HDMI-A-2=disconnected,On |aud:state:RUNNING, |act:0x2000003 |win:0xc00003=xfce4-panel; 0xe0002c=Desktop; 0x2000003=Terminal - ⠐ Check mac; 0x140003e=• Discord | #general |; 0x1000012=Probe Basic; 
2026-08-04 15:34:42.891  | card1-HDMI-A-1=connected,On card1-HDMI-A-2=disconnected,On |aud:state:RUNNING, |act:0x2000003 |win:0xc00003=xfce4-panel; 0xe0002c=Desktop; 0x2000003=Terminal - ⠂ Check mac; 0x140003e=• Discord | #general |; 0x1000012=Probe Basic; 
2026-08-04 15:34:43.949  | card1-HDMI-A-1=connected,On card1-HDMI-A-2=disconnected,On |aud:state:RUNNING, |act:0x2000003 |win:0xc00003=xfce4-panel; 0xe0002c=Desktop; 0x2000003=Terminal - ⠐ Check mac; 0x140003e=• Discord | #general |; 0x1000012=Probe Basic; 
2026-08-04 15:34:45.015  | card1-HDMI-A-1=connected,On card1-HDMI-A-2=disconnected,On |aud:state:RUNNING, |act:0x2000003 |win:0xc00003=xfce4-panel; 0xe0002c=Desktop; 0x2000003=Terminal - ⠂ Check mac; 0x140003e=• Discord | #general |; 0x1000012=Probe Basic; 
2026-08-04 15:34:46.070  | card1-HDMI-A-1=connected,On card1-HDMI-A-2=disconnected,On |aud:state:RUNNING, |act:0x2000003 |win:0xc00003=xfce4-panel; 0xe0002c=Desktop; 0x2000003=Terminal - ⠐ Check mac; 0x140003e=• Discord | #general |; 0x1000012=Probe Basic; 
2026-08-04 15:34:47.160  | card1-HDMI-A-1=connected,On card1-HDMI-A-2=disconnected,On |aud:state:RUNNING, |act:0x2000003 |win:0xc00003=xfce4-panel; 0xe0002c=Desktop; 0x2000003=Terminal - ⠂ Check mac; 0x140003e=• Discord | #general |; 0x1000012=Probe Basic; 
2026-08-04 15:34:48.245  | card1-HDMI-A-1=connected,On card1-HDMI-A-2=disconnected,On |aud:state:RUNNING, |act:0x2000003 |win:0xc00003=xfce4-panel; 0xe0002c=Desktop; 0x2000003=Terminal - ⠐ Check mac; 0x140003e=• Discord | #general |; 0x1000012=Probe Basic; 
2026-08-04 15:34:49.346  | card1-HDMI-A-1=connected,On card1-HDMI-A-2=disconnected,On |aud:state:RUNNING, |act:0x2000003 |win:0xc00003=xfce4-panel; 0xe0002c=Desktop; 0x2000003=Terminal - ⠂ Check mac; 0x140003e=• Discord | #general |; 0x1000012=Probe Basic; 
2026-08-04 15:34:51.696  | card1-HDMI-A-1=connected,On card1-HDMI-A-2=disconnected,On |aud:state:RUNNING, |act:0x2000003 |win:0xc00003=xfce4-panel; 0xe0002c=Desktop; 0x2000003=Terminal - ⠐ Check mac; 0x140003e=• Discord | #general |; 0x1000012=Probe Basic; 
2026-08-04 15:34:52.787  | card1-HDMI-A-1=connected,On card1-HDMI-A-2=disconnected,On |aud:state:RUNNING, |act:0x2000003 |win:0xc00003=xfce4-panel; 0xe0002c=Desktop; 0x2000003=Terminal - ⠂ Check mac; 0x140003e=• Discord | #general |; 0x1000012=Probe Basic; 
2026-08-04 15:34:53.866  | card1-HDMI-A-1=connected,On card1-HDMI-A-2=disconnected,On |aud:state:RUNNING, |act:0x2000003 |win:0xc00003=xfce4-panel; 0xe0002c=Desktop; 0x2000003=Terminal - ⠐ Check mac; 0x140003e=• Discord | #general |; 0x1000012=Probe Basic; 
2026-08-04 15:34:54.919  | card1-HDMI-A-1=connected,On card1-HDMI-A-2=disconnected,On |aud:state:RUNNING, |act:0x2000003 |win:0xc00003=xfce4-panel; 0xe0002c=Desktop; 0x2000003=Terminal - ⠂ Check mac; 0x140003e=• Discord | #general |; 0x1000012=Probe Basic; 
2026-08-04 15:34:55.994  | card1-HDMI-A-1=connected,On card1-HDMI-A-2=disconnected,On |aud:state:RUNNING, |act:0x2000003 |win:0xc00003=xfce4-panel; 0xe0002c=Desktop; 0x2000003=Terminal - ⠐ Check mac; 0x140003e=• Discord | #general |; 0x1000012=Probe Basic; 
2026-08-04 15:34:57.048  | card1-HDMI-A-1=connected,On card1-HDMI-A-2=disconnected,On |aud:state:RUNNING, |act:0x2000003 |win:0xc00003=xfce4-panel; 0xe0002c=Desktop; 0x2000003=Terminal - ⠂ Check mac; 0x140003e=• Discord | #general |; 0x1000012=Probe Basic; 
2026-08-04 15:34:58.114  | card1-HDMI-A-1=connected,On card1-HDMI-A-2=disconnected,On |aud:state:RUNNING, |act:0x2000003 |win:0xc00003=xfce4-panel; 0xe0002c=Desktop; 0x2000003=Terminal - ⠐ Check mac; 0x140003e=• Discord | #general |; 0x1000012=Probe Basic; 
2026-08-04 15:35:00.287  | card1-HDMI-A-1=connected,On card1-HDMI-A-2=disconnected,On |aud:state:RUNNING, |act:0x2000003 |win:0xc00003=xfce4-panel; 0xe0002c=Desktop; 0x2000003=Terminal - ⠂ Check mac; 0x140003e=• Discord | #general |; 0x1000012=Probe Basic; 
2026-08-04 15:35:01.364  | card1-HDMI-A-1=connected,On card1-HDMI-A-2=disconnected,On |aud:state:RUNNING, |act:0x2000003 |win:0xc00003=xfce4-panel; 0xe0002c=Desktop; 0x2000003=Terminal - ⠐ Check mac; 0x140003e=• Discord | #general |; 0x1000012=Probe Basic; 
2026-08-04 15:35:02.417  | card1-HDMI-A-1=connected,On card1-HDMI-A-2=disconnected,On |aud:state:RUNNING, |act:0x2000003 |win:0xc00003=xfce4-panel; 0xe0002c=Desktop; 0x2000003=Terminal - ⠂ Check mac; 0x140003e=• Discord | #general |; 0x1000012=Probe Basic; 
2026-08-04 15:35:03.485  | card1-HDMI-A-1=connected,On card1-HDMI-A-2=disconnected,On |aud:state:RUNNING, |act:0x2000003 |win:0xc00003=xfce4-panel; 0xe0002c=Desktop; 0x2000003=Terminal - ⠐ Check mac; 0x140003e=• Discord | #general |; 0x1000012=Probe Basic; 
2026-08-04 15:35:04.620  | card1-HDMI-A-1=connected,On card1-HDMI-A-2=disconnected,On |aud:state:RUNNING, |act:0x2000003 |win:0xc00003=xfce4-panel; 0xe0002c=Desktop; 0x2000003=Terminal - ⠂ Check mac; 0x140003e=• Discord | #general |; 0x1000012=Probe Basic; 
2026-08-04 15:35:05.684  | card1-HDMI-A-1=connected,On card1-HDMI-A-2=disconnected,On |aud:state:RUNNING, |act:0x2000003 |win:0xc00003=xfce4-panel; 0xe0002c=Desktop; 0x2000003=Terminal - ⠐ Check mac; 0x140003e=• Discord | #general |; 0x1000012=Probe Basic; 
2026-08-04 15:35:06.750  | card1-HDMI-A-1=connected,On card1-HDMI-A-2=disconnected,On |aud:state:RUNNING, |act:0x2000003 |win:0xc00003=xfce4-panel; 0xe0002c=Desktop; 0x2000003=Terminal - ⠂ Check mac; 0x140003e=• Discord | #general |; 0x1000012=Probe Basic; 
2026-08-04 15:35:08.959  | card1-HDMI-A-1=connected,On card1-HDMI-A-2=disconnected,On |aud:state:RUNNING, |act:0x2000003 |win:0xc00003=xfce4-panel; 0xe0002c=Desktop; 0x2000003=Terminal - ⠐ Check mac; 0x140003e=• Discord | #general |; 0x1000012=Probe Basic; 
2026-08-04 15:35:10.016  | card1-HDMI-A-1=connected,On card1-HDMI-A-2=disconnected,On |aud:state:RUNNING, |act:0x2000003 |win:0xc00003=xfce4-panel; 0xe0002c=Desktop; 0x2000003=Terminal - ⠂ Check mac; 0x140003e=• Discord | #general |; 0x1000012=Probe Basic; 
2026-08-04 15:35:11.069  | card1-HDMI-A-1=connected,On card1-HDMI-A-2=disconnected,On |aud:state:RUNNING, |act:0x2000003 |win:0xc00003=xfce4-panel; 0xe0002c=Desktop; 0x2000003=Terminal - ⠐ Check mac; 0x140003e=• Discord | #general |; 0x1000012=Probe Basic; 
2026-08-04 15:35:12.124  | card1-HDMI-A-1=connected,On card1-HDMI-A-2=disconnected,On |aud:state:RUNNING, |act:0x2000003 |win:0xc00003=xfce4-panel; 0xe0002c=Desktop; 0x2000003=Terminal - ⠂ Check mac; 0x140003e=• Discord | #general |; 0x1000012=Probe Basic; 
2026-08-04 15:35:13.265  | card1-HDMI-A-1=connected,On card1-HDMI-A-2=disconnected,On |aud:state:RUNNING, |act:0x2000003 |win:0xc00003=xfce4-panel; 0xe0002c=Desktop; 0x2000003=Terminal - ⠐ Check mac; 0x140003e=• Discord | #general |; 0x1000012=Probe Basic; 
2026-08-04 15:35:14.397  | card1-HDMI-A-1=connected,On card1-HDMI-A-2=disconnected,On |aud:state:RUNNING, |act:0x2000003 |win:0xc00003=xfce4-panel; 0xe0002c=Desktop; 0x2000003=Terminal - ⠂ Check mac; 0x140003e=• Discord | #general |; 0x1000012=Probe Basic; 
2026-08-04 15:35:15.531  | card1-HDMI-A-1=connected,On card1-HDMI-A-2=disconnected,On |aud:state:RUNNING, |act:0x2000003 |win:0xc00003=xfce4-panel; 0xe0002c=Desktop; 0x2000003=Terminal - ⠐ Check mac; 0x140003e=• Discord | #general |; 0x1000012=Probe Basic; 
2026-08-04 15:35:16.739  | card1-HDMI-A-1=connected,On card1-HDMI-A-2=disconnected,On |aud:state:RUNNING, |act:0x2000003 |win:0xc00003=xfce4-panel; 0xe0002c=Desktop; 0x2000003=Terminal - ⠂ Check mac; 0x140003e=• Discord | #general |; 0x1000012=Probe Basic; 
2026-08-04 15:35:18.882  | card1-HDMI-A-1=connected,On card1-HDMI-A-2=disconnected,On |aud:state:RUNNING, |act:0x2000003 |win:0xc00003=xfce4-panel; 0xe0002c=Desktop; 0x2000003=Terminal - ⠐ Check mac; 0x140003e=• Discord | #general |; 0x1000012=Probe Basic; 
2026-08-04 15:35:19.954  | card1-HDMI-A-1=connected,On card1-HDMI-A-2=disconnected,On |aud:state:RUNNING, |act:0x2000003 |win:0xc00003=xfce4-panel; 0xe0002c=Desktop; 0x2000003=Terminal - ⠂ Check mac; 0x140003e=• Discord | #general |; 0x1000012=Probe Basic; 
2026-08-04 15:35:21.004  | card1-HDMI-A-1=connected,On card1-HDMI-A-2=disconnected,On |aud:state:RUNNING, |act:0x2000003 |win:0xc00003=xfce4-panel; 0xe0002c=Desktop; 0x2000003=Terminal - ⠐ Check mac; 0x140003e=• Discord | #general |; 0x1000012=Probe Basic; 
2026-08-04 15:35:22.055  | card1-HDMI-A-1=connected,On card1-HDMI-A-2=disconnected,On |aud:state:RUNNING, |act:0x2000003 |win:0xc00003=xfce4-panel; 0xe0002c=Desktop; 0x2000003=Terminal - ⠂ Check mac; 0x140003e=• Discord | #general |; 0x1000012=Probe Basic; 
2026-08-04 15:35:23.107  | card1-HDMI-A-1=connected,On card1-HDMI-A-2=disconnected,On |aud:state:RUNNING, |act:0x2000003 |win:0xc00003=xfce4-panel; 0xe0002c=Desktop; 0x2000003=Terminal - ⠐ Check mac; 0x140003e=• Discord | #general |; 0x1000012=Probe Basic; 
2026-08-04 15:35:24.202  | card1-HDMI-A-1=connected,On card1-HDMI-A-2=disconnected,On |aud:state:RUNNING, |act:0x2000003 |win:0xc00003=xfce4-panel; 0xe0002c=Desktop; 0x2000003=Terminal - ⠂ Check mac; 0x140003e=• Discord | #general |; 0x1000012=Probe Basic; 
2026-08-04 15:35:25.270  | card1-HDMI-A-1=connected,On card1-HDMI-A-2=disconnected,On |aud:state:RUNNING, |act:0x2000003 |win:0xc00003=xfce4-panel; 0xe0002c=Desktop; 0x2000003=Terminal - ⠐ Check mac; 0x140003e=• Discord | #general |; 0x1000012=Probe Basic; 
2026-08-04 15:35:27.446  | card1-HDMI-A-1=connected,On card1-HDMI-A-2=disconnected,On |aud:state:RUNNING, |act:0x2000003 |win:0xc00003=xfce4-panel; 0xe0002c=Desktop; 0x2000003=Terminal - ⠂ Check mac; 0x140003e=• Discord | #general |; 0x1000012=Probe Basic; 
2026-08-04 15:35:28.509  | card1-HDMI-A-1=connected,On card1-HDMI-A-2=disconnected,On |aud:state:RUNNING, |act:0x2000003 |win:0xc00003=xfce4-panel; 0xe0002c=Desktop; 0x2000003=Terminal - ⠐ Check mac; 0x140003e=• Discord | #general |; 0x1000012=Probe Basic; 
2026-08-04 15:35:29.579  | card1-HDMI-A-1=connected,On card1-HDMI-A-2=disconnected,On |aud:state:RUNNING, |act:0x2000003 |win:0xc00003=xfce4-panel; 0xe0002c=Desktop; 0x2000003=Terminal - ⠂ Check mac; 0x140003e=• Discord | #general |; 0x1000012=Probe Basic; 
2026-08-04 15:35:30.633  | card1-HDMI-A-1=connected,On card1-HDMI-A-2=disconnected,On |aud:state:RUNNING, |act:0x2000003 |win:0xc00003=xfce4-panel; 0xe0002c=Desktop; 0x2000003=Terminal - ⠐ Check mac; 0x140003e=• Discord | #general |; 0x1000012=Probe Basic; 
2026-08-04 15:35:31.715  | card1-HDMI-A-1=connected,On card1-HDMI-A-2=disconnected,On |aud:state:RUNNING, |act:0x2000003 |win:0xc00003=xfce4-panel; 0xe0002c=Desktop; 0x2000003=Terminal - ⠂ Check mac; 0x140003e=• Discord | #general |; 0x1000012=Probe Basic; 
2026-08-04 15:35:32.781  | card1-HDMI-A-1=connected,On card1-HDMI-A-2=disconnected,On |aud:state:RUNNING, |act:0x2000003 |win:0xc00003=xfce4-panel; 0xe0002c=Desktop; 0x2000003=Terminal - ⠐ Check mac; 0x140003e=• Discord | #general |; 0x1000012=Probe Basic; 
2026-08-04 15:35:33.853  | card1-HDMI-A-1=connected,On card1-HDMI-A-2=disconnected,On |aud:state:RUNNING, |act:0x2000003 |win:0xc00003=xfce4-panel; 0xe0002c=Desktop; 0x2000003=Terminal - ⠂ Check mac; 0x140003e=• Discord | #general |; 0x1000012=Probe Basic; 
2026-08-04 15:35:34.924  | card1-HDMI-A-1=connected,On card1-HDMI-A-2=disconnected,On |aud:state:RUNNING, |act:0x2000003 |win:0xc00003=xfce4-panel; 0xe0002c=Desktop; 0x2000003=Terminal - ⠐ Check mac; 0x140003e=• Discord | #general |; 0x1000012=Probe Basic; 
2026-08-04 15:35:37.142  | card1-HDMI-A-1=connected,On card1-HDMI-A-2=disconnected,On |aud:state:RUNNING, |act:0x2000003 |win:0xc00003=xfce4-panel; 0xe0002c=Desktop; 0x2000003=Terminal - ⠂ Check mac; 0x140003e=• Discord | #general |; 0x1000012=Probe Basic; 
2026-08-04 15:35:38.220  | card1-HDMI-A-1=connected,On card1-HDMI-A-2=disconnected,On |aud:state:RUNNING, |act:0x2000003 |win:0xc00003=xfce4-panel; 0xe0002c=Desktop; 0x2000003=Terminal - ⠐ Check mac; 0x140003e=• Discord | #general |; 0x1000012=Probe Basic; 
2026-08-04 15:35:39.291  | card1-HDMI-A-1=connected,On card1-HDMI-A-2=disconnected,On |aud:state:RUNNING, |act:0x2000003 |win:0xc00003=xfce4-panel; 0xe0002c=Desktop; 0x2000003=Terminal - ⠂ Check mac; 0x140003e=• Discord | #general |; 0x1000012=Probe Basic; 
2026-08-04 15:35:40.365  | card1-HDMI-A-1=connected,On card1-HDMI-A-2=disconnected,On |aud:state:RUNNING, |act:0x2000003 |win:0xc00003=xfce4-panel; 0xe0002c=Desktop; 0x2000003=Terminal - ⠐ Check mac; 0x140003e=• Discord | #general |; 0x1000012=Probe Basic; 
2026-08-04 15:35:41.421  | card1-HDMI-A-1=connected,On card1-HDMI-A-2=disconnected,On |aud:state:RUNNING, |act:0x2000003 |win:0xc00003=xfce4-panel; 0xe0002c=Desktop; 0x2000003=Terminal - ⠂ Check mac; 0x140003e=• Discord | #general |; 0x1000012=Probe Basic; 
2026-08-04 15:35:42.489  | card1-HDMI-A-1=connected,On card1-HDMI-A-2=disconnected,On |aud:state:RUNNING, |act:0x2000003 |win:0xc00003=xfce4-panel; 0xe0002c=Desktop; 0x2000003=Terminal - ⠐ Check mac; 0x140003e=• Discord | #general |; 0x1000012=Probe Basic; 
2026-08-04 15:35:43.551  | card1-HDMI-A-1=connected,On card1-HDMI-A-2=disconnected,On |aud:state:RUNNING, |act:0x2000003 |win:0xc00003=xfce4-panel; 0xe0002c=Desktop; 0x2000003=Terminal - ⠂ Check mac; 0x140003e=• Discord | #general |; 0x1000012=Probe Basic; 
2026-08-04 15:35:44.670  | card1-HDMI-A-1=connected,On card1-HDMI-A-2=disconnected,On |aud:state:RUNNING, |act:0x2000003 |win:0xc00003=xfce4-panel; 0xe0002c=Desktop; 0x2000003=Terminal - ⠐ Check mac; 0x140003e=• Discord | #general |; 0x1000012=Probe Basic; 
2026-08-04 15:35:46.779  | card1-HDMI-A-1=connected,On card1-HDMI-A-2=disconnected,On |aud:state:RUNNING, |act:0x2000003 |win:0xc00003=xfce4-panel; 0xe0002c=Desktop; 0x2000003=Terminal - ⠂ Check mac; 0x140003e=• Discord | #general |; 0x1000012=Probe Basic; 
2026-08-04 15:35:47.847  | card1-HDMI-A-1=connected,On card1-HDMI-A-2=disconnected,On |aud:state:RUNNING, |act:0x2000003 |win:0xc00003=xfce4-panel; 0xe0002c=Desktop; 0x2000003=Terminal - ⠐ Check mac; 0x140003e=• Discord | #general |; 0x1000012=Probe Basic; 
2026-08-04 15:35:48.898  | card1-HDMI-A-1=connected,On card1-HDMI-A-2=disconnected,On |aud:state:RUNNING, |act:0x2000003 |win:0xc00003=xfce4-panel; 0xe0002c=Desktop; 0x2000003=Terminal - ⠂ Check mac; 0x140003e=• Discord | #general |; 0x1000012=Probe Basic; 
2026-08-04 15:35:49.966  | card1-HDMI-A-1=connected,On card1-HDMI-A-2=disconnected,On |aud:state:RUNNING, |act:0x2000003 |win:0xc00003=xfce4-panel; 0xe0002c=Desktop; 0x2000003=Terminal - ⠐ Check mac; 0x140003e=• Discord | #general |; 0x1000012=Probe Basic; 
2026-08-04 15:35:51.020  | card1-HDMI-A-1=connected,On card1-HDMI-A-2=disconnected,On |aud:state:RUNNING, |act:0x2000003 |win:0xc00003=xfce4-panel; 0xe0002c=Desktop; 0x2000003=Terminal - ⠂ Check mac; 0x140003e=• Discord | #general |; 0x1000012=Probe Basic; 
2026-08-04 15:35:52.082  | card1-HDMI-A-1=connected,On card1-HDMI-A-2=disconnected,On |aud:state:RUNNING, |act:0x2000003 |win:0xc00003=xfce4-panel; 0xe0002c=Desktop; 0x2000003=Terminal - ⠐ Check mac; 0x140003e=• Discord | #general |; 0x1000012=Probe Basic; 
2026-08-04 15:35:53.148  | card1-HDMI-A-1=connected,On card1-HDMI-A-2=disconnected,On |aud:state:RUNNING, |act:0x2000003 |win:0xc00003=xfce4-panel; 0xe0002c=Desktop; 0x2000003=Terminal - ⠂ Check mac; 0x140003e=• Discord | #general |; 0x1000012=Probe Basic; 
2026-08-04 15:35:54.223  | card1-HDMI-A-1=connected,On card1-HDMI-A-2=disconnected,On |aud:state:RUNNING, |act:0x2000003 |win:0xc00003=xfce4-panel; 0xe0002c=Desktop; 0x2000003=Terminal - ⠐ Check mac; 0x140003e=• Discord | #general |; 0x1000012=Probe Basic; 
2026-08-04 15:35:56.364  | card1-HDMI-A-1=connected,On card1-HDMI-A-2=disconnected,On |aud:state:RUNNING, |act:0x2000003 |win:0xc00003=xfce4-panel; 0xe0002c=Desktop; 0x2000003=Terminal - ⠂ Check mac; 0x140003e=• Discord | #general |; 0x1000012=Probe Basic; 
2026-08-04 15:35:57.417  | card1-HDMI-A-1=connected,On card1-HDMI-A-2=disconnected,On |aud:state:RUNNING, |act:0x2000003 |win:0xc00003=xfce4-panel; 0xe0002c=Desktop; 0x2000003=Terminal - ⠐ Check mac; 0x140003e=• Discord | #general |; 0x1000012=Probe Basic; 
2026-08-04 15:35:58.515  | card1-HDMI-A-1=connected,On card1-HDMI-A-2=disconnected,On |aud:state:RUNNING, |act:0x2000003 |win:0xc00003=xfce4-panel; 0xe0002c=Desktop; 0x2000003=Terminal - ⠂ Check mac; 0x140003e=• Discord | #general |; 0x1000012=Probe Basic; 
2026-08-04 15:35:59.681  | card1-HDMI-A-1=connected,On card1-HDMI-A-2=disconnected,On |aud:state:RUNNING, |act:0x2000003 |win:0xc00003=xfce4-panel; 0xe0002c=Desktop; 0x2000003=Terminal - ⠐ Check mac; 0x140003e=• Discord | #general |; 0x1000012=Probe Basic; 
2026-08-04 15:36:00.747  | card1-HDMI-A-1=connected,On card1-HDMI-A-2=disconnected,On |aud:state:RUNNING, |act:0x2000003 |win:0xc00003=xfce4-panel; 0xe0002c=Desktop; 0x2000003=Terminal - ⠂ Check mac; 0x140003e=• Discord | #general |; 0x1000012=Probe Basic; 
2026-08-04 15:36:01.823  | card1-HDMI-A-1=connected,On card1-HDMI-A-2=disconnected,On |aud:state:RUNNING, |act:0x2000003 |win:0xc00003=xfce4-panel; 0xe0002c=Desktop; 0x2000003=Terminal - ⠐ Check mac; 0x140003e=• Discord | #general |; 0x1000012=Probe Basic; 
2026-08-04 15:36:02.894  | card1-HDMI-A-1=connected,On card1-HDMI-A-2=disconnected,On |aud:state:RUNNING, |act:0x2000003 |win:0xc00003=xfce4-panel; 0xe0002c=Desktop; 0x2000003=Terminal - ⠂ Check mac; 0x140003e=• Discord | #general |; 0x1000012=Probe Basic; 
2026-08-04 15:36:05.034  | card1-HDMI-A-1=connected,On card1-HDMI-A-2=disconnected,On |aud:state:RUNNING, |act:0x2000003 |win:0xc00003=xfce4-panel; 0xe0002c=Desktop; 0x2000003=Terminal - ⠐ Check mac; 0x140003e=• Discord | #general |; 0x1000012=Probe Basic; 
2026-08-04 15:36:06.114  | card1-HDMI-A-1=connected,On card1-HDMI-A-2=disconnected,On |aud:state:RUNNING, |act:0x2000003 |win:0xc00003=xfce4-panel; 0xe0002c=Desktop; 0x2000003=Terminal - ⠂ Check mac; 0x140003e=• Discord | #general |; 0x1000012=Probe Basic; 
2026-08-04 15:36:07.183  | card1-HDMI-A-1=connected,On card1-HDMI-A-2=disconnected,On |aud:state:RUNNING, |act:0x2000003 |win:0xc00003=xfce4-panel; 0xe0002c=Desktop; 0x2000003=Terminal - ⠐ Check mac; 0x140003e=• Discord | #general |; 0x1000012=Probe Basic; 
2026-08-04 15:36:08.259  | card1-HDMI-A-1=connected,On card1-HDMI-A-2=disconnected,On |aud:state:RUNNING, |act:0x2000003 |win:0xc00003=xfce4-panel; 0xe0002c=Desktop; 0x2000003=Terminal - ⠂ Check mac; 0x140003e=• Discord | #general |; 0x1000012=Probe Basic; 
2026-08-04 15:36:09.340  | card1-HDMI-A-1=connected,On card1-HDMI-A-2=disconnected,On |aud:state:RUNNING, |act:0x2000003 |win:0xc00003=xfce4-panel; 0xe0002c=Desktop; 0x2000003=Terminal - ⠐ Check mac; 0x140003e=• Discord | #general |; 0x1000012=Probe Basic; 
2026-08-04 15:36:10.407  | card1-HDMI-A-1=connected,On card1-HDMI-A-2=disconnected,On |aud:state:RUNNING, |act:0x2000003 |win:0xc00003=xfce4-panel; 0xe0002c=Desktop; 0x2000003=Terminal - ⠂ Check mac; 0x140003e=• Discord | #general |; 0x1000012=Probe Basic; 
2026-08-04 15:36:11.514  | card1-HDMI-A-1=connected,On card1-HDMI-A-2=disconnected,On |aud:state:RUNNING, |act:0x2000003 |win:0xc00003=xfce4-panel; 0xe0002c=Desktop; 0x2000003=Terminal - ⠐ Check mac; 0x140003e=• Discord | #general |; 0x1000012=Probe Basic; 
2026-08-04 15:36:13.692  | card1-HDMI-A-1=connected,On card1-HDMI-A-2=disconnected,On |aud:state:RUNNING, |act:0x2000003 |win:0xc00003=xfce4-panel; 0xe0002c=Desktop; 0x2000003=Terminal - ⠂ Check mac; 0x140003e=• Discord | #general |; 0x1000012=Probe Basic; 
2026-08-04 15:36:14.795  | card1-HDMI-A-1=connected,On card1-HDMI-A-2=disconnected,On |aud:state:RUNNING, |act:0x2000003 |win:0xc00003=xfce4-panel; 0xe0002c=Desktop; 0x2000003=Terminal - ⠐ Check mac; 0x140003e=• Discord | #general |; 0x1000012=Probe Basic; 
2026-08-04 15:36:15.869  | card1-HDMI-A-1=connected,On card1-HDMI-A-2=disconnected,On |aud:state:RUNNING, |act:0x2000003 |win:0xc00003=xfce4-panel; 0xe0002c=Desktop; 0x2000003=Terminal - ⠂ Check mac; 0x140003e=• Discord | #general |; 0x1000012=Probe Basic; 
2026-08-04 15:36:16.936  | card1-HDMI-A-1=connected,On card1-HDMI-A-2=disconnected,On |aud:state:RUNNING, |act:0x2000003 |win:0xc00003=xfce4-panel; 0xe0002c=Desktop; 0x2000003=Terminal - ⠐ Check mac; 0x140003e=• Discord | #general |; 0x1000012=Probe Basic; 
2026-08-04 15:36:17.995  | card1-HDMI-A-1=connected,On card1-HDMI-A-2=disconnected,On |aud:state:RUNNING, |act:0x2000003 |win:0xc00003=xfce4-panel; 0xe0002c=Desktop; 0x2000003=Terminal - ⠂ Check mac; 0x140003e=• Discord | #general |; 0x1000012=Probe Basic; 
2026-08-04 15:36:19.057  | card1-HDMI-A-1=connected,On card1-HDMI-A-2=disconnected,On |aud:state:RUNNING, |act:0x2000003 |win:0xc00003=xfce4-panel; 0xe0002c=Desktop; 0x2000003=Terminal - ⠐ Check mac; 0x140003e=• Discord | #general |; 0x1000012=Probe Basic; 
2026-08-04 15:36:20.117  | card1-HDMI-A-1=connected,On card1-HDMI-A-2=disconnected,On |aud:state:RUNNING, |act:0x2000003 |win:0xc00003=xfce4-panel; 0xe0002c=Desktop; 0x2000003=Terminal - ⠂ Check mac; 0x140003e=• Discord | #general |; 0x1000012=Probe Basic; 
2026-08-04 15:36:22.393  | card1-HDMI-A-1=connected,On card1-HDMI-A-2=disconnected,On |aud:state:RUNNING, |act:0x2000003 |win:0xc00003=xfce4-panel; 0xe0002c=Desktop; 0x2000003=Terminal - ⠐ Check mac; 0x140003e=• Discord | #general |; 0x1000012=Probe Basic; 
2026-08-04 15:36:23.468  | card1-HDMI-A-1=connected,On card1-HDMI-A-2=disconnected,On |aud:state:RUNNING, |act:0x2000003 |win:0xc00003=xfce4-panel; 0xe0002c=Desktop; 0x2000003=Terminal - ⠂ Check mac; 0x140003e=• Discord | #general |; 0x1000012=Probe Basic; 
2026-08-04 15:36:24.586  | card1-HDMI-A-1=connected,On card1-HDMI-A-2=disconnected,On |aud:state:RUNNING, |act:0x2000003 |win:0xc00003=xfce4-panel; 0xe0002c=Desktop; 0x2000003=Terminal - ⠐ Check mac; 0x140003e=• Discord | #general |; 0x1000012=Probe Basic; 
2026-08-04 15:36:25.640  | card1-HDMI-A-1=connected,On card1-HDMI-A-2=disconnected,On |aud:state:RUNNING, |act:0x2000003 |win:0xc00003=xfce4-panel; 0xe0002c=Desktop; 0x2000003=Terminal - ⠂ Check mac; 0x140003e=• Discord | #general |; 0x1000012=Probe Basic; 
2026-08-04 15:36:26.728  | card1-HDMI-A-1=connected,On card1-HDMI-A-2=disconnected,On |aud:state:RUNNING, |act:0x2000003 |win:0xc00003=xfce4-panel; 0xe0002c=Desktop; 0x2000003=Terminal - ⠐ Check mac; 0x140003e=• Discord | #general |; 0x1000012=Probe Basic; 
2026-08-04 15:36:27.792  | card1-HDMI-A-1=connected,On card1-HDMI-A-2=disconnected,On |aud:state:RUNNING, |act:0x2000003 |win:0xc00003=xfce4-panel; 0xe0002c=Desktop; 0x2000003=Terminal - ⠂ Check mac; 0x140003e=• Discord | #general |; 0x1000012=Probe Basic; 
2026-08-04 15:36:28.850  | card1-HDMI-A-1=connected,On card1-HDMI-A-2=disconnected,On |aud:state:RUNNING, |act:0x2000003 |win:0xc00003=xfce4-panel; 0xe0002c=Desktop; 0x2000003=Terminal - ⠐ Check mac; 0x140003e=• Discord | #general |; 0x1000012=Probe Basic; 
2026-08-04 15:36:29.929  | card1-HDMI-A-1=connected,On card1-HDMI-A-2=disconnected,On |aud:state:RUNNING, |act:0x2000003 |win:0xc00003=xfce4-panel; 0xe0002c=Desktop; 0x2000003=Terminal - ⠂ Check mac; 0x140003e=• Discord | #general |; 0x1000012=Probe Basic; 
2026-08-04 15:36:32.089  | card1-HDMI-A-1=connected,On card1-HDMI-A-2=disconnected,On |aud:state:RUNNING, |act:0x2000003 |win:0xc00003=xfce4-panel; 0xe0002c=Desktop; 0x2000003=Terminal - ⠐ Check mac; 0x140003e=• Discord | #general |; 0x1000012=Probe Basic; 
2026-08-04 15:36:33.141  | card1-HDMI-A-1=connected,On card1-HDMI-A-2=disconnected,On |aud:state:RUNNING, |act:0x2000003 |win:0xc00003=xfce4-panel; 0xe0002c=Desktop; 0x2000003=Terminal - ⠂ Check mac; 0x140003e=• Discord | #general |; 0x1000012=Probe Basic; 
2026-08-04 15:36:34.199  | card1-HDMI-A-1=connected,On card1-HDMI-A-2=disconnected,On |aud:state:RUNNING, |act:0x2000003 |win:0xc00003=xfce4-panel; 0xe0002c=Desktop; 0x2000003=Terminal - ⠐ Check mac; 0x140003e=• Discord | #general |; 0x1000012=Probe Basic; 
2026-08-04 15:36:35.262  | card1-HDMI-A-1=connected,On card1-HDMI-A-2=disconnected,On |aud:state:RUNNING, |act:0x2000003 |win:0xc00003=xfce4-panel; 0xe0002c=Desktop; 0x2000003=Terminal - ⠂ Check mac; 0x140003e=• Discord | #general |; 0x1000012=Probe Basic; 
2026-08-04 15:36:36.333  | card1-HDMI-A-1=connected,On card1-HDMI-A-2=disconnected,On |aud:state:RUNNING, |act:0x2000003 |win:0xc00003=xfce4-panel; 0xe0002c=Desktop; 0x2000003=Terminal - ⠐ Check mac; 0x140003e=• Discord | #general |; 0x1000012=Probe Basic; 
2026-08-04 15:36:37.392  | card1-HDMI-A-1=connected,On card1-HDMI-A-2=disconnected,On |aud:state:RUNNING, |act:0x2000003 |win:0xc00003=xfce4-panel; 0xe0002c=Desktop; 0x2000003=Terminal - ⠂ Check mac; 0x140003e=• Discord | #general |; 0x1000012=Probe Basic; 
2026-08-04 15:36:38.474  | card1-HDMI-A-1=connected,On card1-HDMI-A-2=disconnected,On |aud:state:RUNNING, |act:0x2000003 |win:0xc00003=xfce4-panel; 0xe0002c=Desktop; 0x2000003=Terminal - ⠐ Check mac; 0x140003e=• Discord | #general |; 0x1000012=Probe Basic; 
2026-08-04 15:36:39.568  | card1-HDMI-A-1=connected,On card1-HDMI-A-2=disconnected,On |aud:state:RUNNING, |act:0x2000003 |win:0xc00003=xfce4-panel; 0xe0002c=Desktop; 0x2000003=Terminal - ⠂ Check mac; 0x140003e=• Discord | #general |; 0x1000012=Probe Basic; 
2026-08-04 15:36:41.702  | card1-HDMI-A-1=connected,On card1-HDMI-A-2=disconnected,On |aud:state:RUNNING, |act:0x2000003 |win:0xc00003=xfce4-panel; 0xe0002c=Desktop; 0x2000003=Terminal - ⠐ Check mac; 0x140003e=• Discord | #general |; 0x1000012=Probe Basic; 
2026-08-04 15:36:42.761  | card1-HDMI-A-1=connected,On card1-HDMI-A-2=disconnected,On |aud:state:RUNNING, |act:0x2000003 |win:0xc00003=xfce4-panel; 0xe0002c=Desktop; 0x2000003=Terminal - ⠂ Check mac; 0x140003e=• Discord | #general |; 0x1000012=Probe Basic; 
2026-08-04 15:36:43.830  | card1-HDMI-A-1=connected,On card1-HDMI-A-2=disconnected,On |aud:state:RUNNING, |act:0x2000003 |win:0xc00003=xfce4-panel; 0xe0002c=Desktop; 0x2000003=Terminal - ⠐ Check mac; 0x140003e=• Discord | #general |; 0x1000012=Probe Basic; 
2026-08-04 15:36:44.972  | card1-HDMI-A-1=connected,On card1-HDMI-A-2=disconnected,On |aud:state:RUNNING, |act:0x2000003 |win:0xc00003=xfce4-panel; 0xe0002c=Desktop; 0x2000003=Terminal - ⠂ Check mac; 0x140003e=• Discord | #general |; 0x1000012=Probe Basic; 
2026-08-04 15:36:46.037  | card1-HDMI-A-1=connected,On card1-HDMI-A-2=disconnected,On |aud:state:RUNNING, |act:0x2000003 |win:0xc00003=xfce4-panel; 0xe0002c=Desktop; 0x2000003=Terminal - ⠐ Check mac; 0x140003e=• Discord | #general |; 0x1000012=Probe Basic; 
2026-08-04 15:36:47.091  | card1-HDMI-A-1=connected,On card1-HDMI-A-2=disconnected,On |aud:state:RUNNING, |act:0x2000003 |win:0xc00003=xfce4-panel; 0xe0002c=Desktop; 0x2000003=Terminal - ⠂ Check mac; 0x140003e=• Discord | #general |; 0x1000012=Probe Basic; 
2026-08-04 15:36:48.151  | card1-HDMI-A-1=connected,On card1-HDMI-A-2=disconnected,On |aud:state:RUNNING, |act:0x2000003 |win:0xc00003=xfce4-panel; 0xe0002c=Desktop; 0x2000003=Terminal - ⠐ Check mac; 0x140003e=• Discord | #general |; 0x1000012=Probe Basic; 
2026-08-04 15:36:50.341  | card1-HDMI-A-1=connected,On card1-HDMI-A-2=disconnected,On |aud:state:RUNNING, |act:0x2000003 |win:0xc00003=xfce4-panel; 0xe0002c=Desktop; 0x2000003=Terminal - ⠂ Check mac; 0x140003e=• Discord | #general |; 0x1000012=Probe Basic; 
2026-08-04 15:36:51.426  | card1-HDMI-A-1=connected,On card1-HDMI-A-2=disconnected,On |aud:state:RUNNING, |act:0x2000003 |win:0xc00003=xfce4-panel; 0xe0002c=Desktop; 0x2000003=Terminal - ⠐ Check mac; 0x140003e=• Discord | #general |; 0x1000012=Probe Basic; 
2026-08-04 15:36:52.509  | card1-HDMI-A-1=connected,On card1-HDMI-A-2=disconnected,On |aud:state:RUNNING, |act:0x2000003 |win:0xc00003=xfce4-panel; 0xe0002c=Desktop; 0x2000003=Terminal - ⠂ Check mac; 0x140003e=• Discord | #general |; 0x1000012=Probe Basic; 
2026-08-04 15:36:53.592  | card1-HDMI-A-1=connected,On card1-HDMI-A-2=disconnected,On |aud:state:RUNNING, |act:0x2000003 |win:0xc00003=xfce4-panel; 0xe0002c=Desktop; 0x2000003=Terminal - ⠐ Check mac; 0x140003e=• Discord | #general |; 0x1000012=Probe Basic; 
2026-08-04 15:36:54.651  | card1-HDMI-A-1=connected,On card1-HDMI-A-2=disconnected,On |aud:state:RUNNING, |act:0x2000003 |win:0xc00003=xfce4-panel; 0xe0002c=Desktop; 0x2000003=Terminal - ⠂ Check mac; 0x140003e=• Discord | #general |; 0x1000012=Probe Basic; 
2026-08-04 15:36:55.735  | card1-HDMI-A-1=connected,On card1-HDMI-A-2=disconnected,On |aud:state:RUNNING, |act:0x2000003 |win:0xc00003=xfce4-panel; 0xe0002c=Desktop; 0x2000003=Terminal - ⠐ Check mac; 0x140003e=• Discord | #general |; 0x1000012=Probe Basic; 
2026-08-04 15:36:56.846  | card1-HDMI-A-1=connected,On card1-HDMI-A-2=disconnected,On |aud:state:RUNNING, |act:0x2000003 |win:0xc00003=xfce4-panel; 0xe0002c=Desktop; 0x2000003=Terminal - ⠂ Check mac; 0x140003e=• Discord | #general |; 0x1000012=Probe Basic; 
2026-08-04 15:36:57.907  | card1-HDMI-A-1=connected,On card1-HDMI-A-2=disconnected,On |aud:state:RUNNING, |act:0x2000003 |win:0xc00003=xfce4-panel; 0xe0002c=Desktop; 0x2000003=Terminal - ⠐ Check mac; 0x140003e=• Discord | #general |; 0x1000012=Probe Basic; 
2026-08-04 15:37:00.055  | card1-HDMI-A-1=connected,On card1-HDMI-A-2=disconnected,On |aud:state:RUNNING, |act:0x2000003 |win:0xc00003=xfce4-panel; 0xe0002c=Desktop; 0x2000003=Terminal - ⠂ Check mac; 0x140003e=• Discord | #general |; 0x1000012=Probe Basic; 
2026-08-04 15:37:01.124  | card1-HDMI-A-1=connected,On card1-HDMI-A-2=disconnected,On |aud:state:RUNNING, |act:0x2000003 |win:0xc00003=xfce4-panel; 0xe0002c=Desktop; 0x2000003=Terminal - ⠐ Check mac; 0x140003e=• Discord | #general |; 0x1000012=Probe Basic; 
2026-08-04 15:37:02.185  | card1-HDMI-A-1=connected,On card1-HDMI-A-2=disconnected,On |aud:state:RUNNING, |act:0x2000003 |win:0xc00003=xfce4-panel; 0xe0002c=Desktop; 0x2000003=Terminal - ⠂ Check mac; 0x140003e=• Discord | #general |; 0x1000012=Probe Basic; 
2026-08-04 15:37:03.251  | card1-HDMI-A-1=connected,On card1-HDMI-A-2=disconnected,On |aud:state:RUNNING, |act:0x2000003 |win:0xc00003=xfce4-panel; 0xe0002c=Desktop; 0x2000003=Terminal - ⠐ Check mac; 0x140003e=• Discord | #general |; 0x1000012=Probe Basic; 
2026-08-04 15:37:04.326  | card1-HDMI-A-1=connected,On card1-HDMI-A-2=disconnected,On |aud:state:RUNNING, |act:0x2000003 |win:0xc00003=xfce4-panel; 0xe0002c=Desktop; 0x2000003=Terminal - ⠂ Check mac; 0x140003e=• Discord | #general |; 0x1000012=Probe Basic; 
2026-08-04 15:37:05.433  | card1-HDMI-A-1=connected,On card1-HDMI-A-2=disconnected,On |aud:state:RUNNING, |act:0x2000003 |win:0xc00003=xfce4-panel; 0xe0002c=Desktop; 0x2000003=Terminal - ⠐ Check mac; 0x140003e=• Discord | #general |; 0x1000012=Probe Basic; 
2026-08-04 15:37:06.507  | card1-HDMI-A-1=connected,On card1-HDMI-A-2=disconnected,On |aud:state:RUNNING, |act:0x2000003 |win:0xc00003=xfce4-panel; 0xe0002c=Desktop; 0x2000003=Terminal - ⠂ Check mac; 0x140003e=• Discord | #general |; 0x1000012=Probe Basic; 
2026-08-04 15:37:07.637  | card1-HDMI-A-1=connected,On card1-HDMI-A-2=disconnected,On |aud:state:RUNNING, |act:0x2000003 |win:0xc00003=xfce4-panel; 0xe0002c=Desktop; 0x2000003=Terminal - ⠐ Check mac; 0x140003e=• Discord | #general |; 0x1000012=Probe Basic; 
2026-08-04 15:37:09.767  | card1-HDMI-A-1=connected,On card1-HDMI-A-2=disconnected,On |aud:state:RUNNING, |act:0x2000003 |win:0xc00003=xfce4-panel; 0xe0002c=Desktop; 0x2000003=Terminal - ⠂ Check mac; 0x140003e=• Discord | #general |; 0x1000012=Probe Basic; 
2026-08-04 15:37:10.835  | card1-HDMI-A-1=connected,On card1-HDMI-A-2=disconnected,On |aud:state:RUNNING, |act:0x2000003 |win:0xc00003=xfce4-panel; 0xe0002c=Desktop; 0x2000003=Terminal - ⠐ Check mac; 0x140003e=• Discord | #general |; 0x1000012=Probe Basic; 
2026-08-04 15:37:11.893  | card1-HDMI-A-1=connected,On card1-HDMI-A-2=disconnected,On |aud:state:RUNNING, |act:0x2000003 |win:0xc00003=xfce4-panel; 0xe0002c=Desktop; 0x2000003=Terminal - ⠂ Check mac; 0x140003e=• Discord | #general |; 0x1000012=Probe Basic; 
2026-08-04 15:37:12.965  | card1-HDMI-A-1=connected,On card1-HDMI-A-2=disconnected,On |aud:state:RUNNING, |act:0x2000003 |win:0xc00003=xfce4-panel; 0xe0002c=Desktop; 0x2000003=Terminal - ⠐ Check mac; 0x140003e=• Discord | #general |; 0x1000012=Probe Basic; 
2026-08-04 15:37:14.042  | card1-HDMI-A-1=connected,On card1-HDMI-A-2=disconnected,On |aud:state:RUNNING, |act:0x2000003 |win:0xc00003=xfce4-panel; 0xe0002c=Desktop; 0x2000003=Terminal - ⠂ Check mac; 0x140003e=• Discord | #general |; 0x1000012=Probe Basic; 
2026-08-04 15:37:15.118  | card1-HDMI-A-1=connected,On card1-HDMI-A-2=disconnected,On |aud:state:RUNNING, |act:0x2000003 |win:0xc00003=xfce4-panel; 0xe0002c=Desktop; 0x2000003=Terminal - ⠐ Check mac; 0x140003e=• Discord | #general |; 0x1000012=Probe Basic; 
2026-08-04 15:37:16.190  | card1-HDMI-A-1=connected,On card1-HDMI-A-2=disconnected,On |aud:state:RUNNING, |act:0x2000003 |win:0xc00003=xfce4-panel; 0xe0002c=Desktop; 0x2000003=Terminal - ⠂ Check mac; 0x140003e=• Discord | #general |; 0x1000012=Probe Basic; 
2026-08-04 15:37:18.367  | card1-HDMI-A-1=connected,On card1-HDMI-A-2=disconnected,On |aud:state:RUNNING, |act:0x2000003 |win:0xc00003=xfce4-panel; 0xe0002c=Desktop; 0x2000003=Terminal - ⠐ Check mac; 0x140003e=• Discord | #general |; 0x1000012=Probe Basic; 
2026-08-04 15:37:19.450  | card1-HDMI-A-1=connected,On card1-HDMI-A-2=disconnected,On |aud:state:RUNNING, |act:0x2000003 |win:0xc00003=xfce4-panel; 0xe0002c=Desktop; 0x2000003=Terminal - ⠂ Check mac; 0x140003e=• Discord | #general |; 0x1000012=Probe Basic; 
2026-08-04 15:37:20.524  | card1-HDMI-A-1=connected,On card1-HDMI-A-2=disconnected,On |aud:state:RUNNING, |act:0x2000003 |win:0xc00003=xfce4-panel; 0xe0002c=Desktop; 0x2000003=Terminal - ⠐ Check mac; 0x140003e=• Discord | #general |; 0x1000012=Probe Basic; 
2026-08-04 15:37:21.604  | card1-HDMI-A-1=connected,On card1-HDMI-A-2=disconnected,On |aud:state:RUNNING, |act:0x2000003 |win:0xc00003=xfce4-panel; 0xe0002c=Desktop; 0x2000003=Terminal - ⠂ Check mac; 0x140003e=• Discord | #general |; 0x1000012=Probe Basic; 
2026-08-04 15:37:22.670  | card1-HDMI-A-1=connected,On card1-HDMI-A-2=disconnected,On |aud:state:RUNNING, |act:0x2000003 |win:0xc00003=xfce4-panel; 0xe0002c=Desktop; 0x2000003=Terminal - ⠐ Check mac; 0x140003e=• Discord | #general |; 0x1000012=Probe Basic; 
2026-08-04 15:37:23.727  | card1-HDMI-A-1=connected,On card1-HDMI-A-2=disconnected,On |aud:state:RUNNING, |act:0x2000003 |win:0xc00003=xfce4-panel; 0xe0002c=Desktop; 0x2000003=Terminal - ⠂ Check mac; 0x140003e=• Discord | #general |; 0x1000012=Probe Basic; 
2026-08-04 15:37:24.788  | card1-HDMI-A-1=connected,On card1-HDMI-A-2=disconnected,On |aud:state:RUNNING, |act:0x2000003 |win:0xc00003=xfce4-panel; 0xe0002c=Desktop; 0x2000003=Terminal - ⠐ Check mac; 0x140003e=• Discord | #general |; 0x1000012=Probe Basic; 
2026-08-04 15:37:25.848  | card1-HDMI-A-1=connected,On card1-HDMI-A-2=disconnected,On |aud:state:RUNNING, |act:0x2000003 |win:0xc00003=xfce4-panel; 0xe0002c=Desktop; 0x2000003=Terminal - ⠂ Check mac; 0x140003e=• Discord | #general |; 0x1000012=Probe Basic; 
2026-08-04 15:37:28.021  | card1-HDMI-A-1=connected,On card1-HDMI-A-2=disconnected,On |aud:state:RUNNING, |act:0x2000003 |win:0xc00003=xfce4-panel; 0xe0002c=Desktop; 0x2000003=Terminal - ⠐ Check mac; 0x140003e=• Discord | #general |; 0x1000012=Probe Basic; 
2026-08-04 15:37:29.095  | card1-HDMI-A-1=connected,On card1-HDMI-A-2=disconnected,On |aud:state:RUNNING, |act:0x2000003 |win:0xc00003=xfce4-panel; 0xe0002c=Desktop; 0x2000003=Terminal - ⠂ Check mac; 0x140003e=• Discord | #general |; 0x1000012=Probe Basic; 
2026-08-04 15:37:30.197  | card1-HDMI-A-1=connected,On card1-HDMI-A-2=disconnected,On |aud:state:RUNNING, |act:0x2000003 |win:0xc00003=xfce4-panel; 0xe0002c=Desktop; 0x2000003=Terminal - ⠐ Check mac; 0x140003e=• Discord | #general |; 0x1000012=Probe Basic; 
2026-08-04 15:37:31.252  | card1-HDMI-A-1=connected,On card1-HDMI-A-2=disconnected,On |aud:state:RUNNING, |act:0x2000003 |win:0xc00003=xfce4-panel; 0xe0002c=Desktop; 0x2000003=Terminal - ⠂ Check mac; 0x140003e=• Discord | #general |; 0x1000012=Probe Basic; 
2026-08-04 15:37:32.318  | card1-HDMI-A-1=connected,On card1-HDMI-A-2=disconnected,On |aud:state:RUNNING, |act:0x2000003 |win:0xc00003=xfce4-panel; 0xe0002c=Desktop; 0x2000003=Terminal - ⠐ Check mac; 0x140003e=• Discord | #general |; 0x1000012=Probe Basic; 
2026-08-04 15:37:33.383  | card1-HDMI-A-1=connected,On card1-HDMI-A-2=disconnected,On |aud:state:RUNNING, |act:0x2000003 |win:0xc00003=xfce4-panel; 0xe0002c=Desktop; 0x2000003=Terminal - ⠂ Check mac; 0x140003e=• Discord | #general |; 0x1000012=Probe Basic; 
2026-08-04 15:37:34.466  | card1-HDMI-A-1=connected,On card1-HDMI-A-2=disconnected,On |aud:state:RUNNING, |act:0x2000003 |win:0xc00003=xfce4-panel; 0xe0002c=Desktop; 0x2000003=Terminal - ⠐ Check mac; 0x140003e=• Discord | #general |; 0x1000012=Probe Basic; 
2026-08-04 15:37:35.520  | card1-HDMI-A-1=connected,On card1-HDMI-A-2=disconnected,On |aud:state:RUNNING, |act:0x2000003 |win:0xc00003=xfce4-panel; 0xe0002c=Desktop; 0x2000003=Terminal - ⠂ Check mac; 0x140003e=• Discord | #general |; 0x1000012=Probe Basic; 
2026-08-04 15:37:37.731  | card1-HDMI-A-1=connected,On card1-HDMI-A-2=disconnected,On |aud:state:RUNNING, |act:0x2000003 |win:0xc00003=xfce4-panel; 0xe0002c=Desktop; 0x2000003=Terminal - ⠐ Check mac; 0x140003e=• Discord | #general |; 0x1000012=Probe Basic; 
2026-08-04 15:37:38.806  | card1-HDMI-A-1=connected,On card1-HDMI-A-2=disconnected,On |aud:state:RUNNING, |act:0x2000003 |win:0xc00003=xfce4-panel; 0xe0002c=Desktop; 0x2000003=Terminal - ⠂ Check mac; 0x140003e=• Discord | #general |; 0x1000012=Probe Basic; 
2026-08-04 15:37:39.880  | card1-HDMI-A-1=connected,On card1-HDMI-A-2=disconnected,On |aud:state:RUNNING, |act:0x2000003 |win:0xc00003=xfce4-panel; 0xe0002c=Desktop; 0x2000003=Terminal - ⠐ Check mac; 0x140003e=• Discord | #general |; 0x1000012=Probe Basic; 
2026-08-04 15:37:40.950  | card1-HDMI-A-1=connected,On card1-HDMI-A-2=disconnected,On |aud:state:RUNNING, |act:0x2000003 |win:0xc00003=xfce4-panel; 0xe0002c=Desktop; 0x2000003=Terminal - ⠂ Check mac; 0x140003e=• Discord | #general |; 0x1000012=Probe Basic; 
2026-08-04 15:37:42.003  | card1-HDMI-A-1=connected,On card1-HDMI-A-2=disconnected,On |aud:state:RUNNING, |act:0x2000003 |win:0xc00003=xfce4-panel; 0xe0002c=Desktop; 0x2000003=Terminal - ⠐ Check mac; 0x140003e=• Discord | #general |; 0x1000012=Probe Basic; 
2026-08-04 15:37:43.059  | card1-HDMI-A-1=connected,On card1-HDMI-A-2=disconnected,On |aud:state:RUNNING, |act:0x2000003 |win:0xc00003=xfce4-panel; 0xe0002c=Desktop; 0x2000003=Terminal - ⠂ Check mac; 0x140003e=• Discord | #general |; 0x1000012=Probe Basic; 
2026-08-04 15:37:44.124  | card1-HDMI-A-1=connected,On card1-HDMI-A-2=disconnected,On |aud:state:RUNNING, |act:0x2000003 |win:0xc00003=xfce4-panel; 0xe0002c=Desktop; 0x2000003=Terminal - ⠐ Check mac; 0x140003e=• Discord | #general |; 0x1000012=Probe Basic; 
2026-08-04 15:37:45.189  | card1-HDMI-A-1=connected,On card1-HDMI-A-2=disconnected,On |aud:state:RUNNING, |act:0x2000003 |win:0xc00003=xfce4-panel; 0xe0002c=Desktop; 0x2000003=Terminal - ⠂ Check mac; 0x140003e=• Discord | #general |; 0x1000012=Probe Basic; 
2026-08-04 15:37:47.315  | card1-HDMI-A-1=connected,On card1-HDMI-A-2=disconnected,On |aud:state:RUNNING, |act:0x2000003 |win:0xc00003=xfce4-panel; 0xe0002c=Desktop; 0x2000003=Terminal - ⠐ Check mac; 0x140003e=• Discord | #general |; 0x1000012=Probe Basic; 
2026-08-04 15:37:48.400  | card1-HDMI-A-1=connected,On card1-HDMI-A-2=disconnected,On |aud:state:RUNNING, |act:0x2000003 |win:0xc00003=xfce4-panel; 0xe0002c=Desktop; 0x2000003=Terminal - ⠂ Check mac; 0x140003e=• Discord | #general |; 0x1000012=Probe Basic; 
2026-08-04 15:37:49.518  | card1-HDMI-A-1=connected,On card1-HDMI-A-2=disconnected,On |aud:state:RUNNING, |act:0x2000003 |win:0xc00003=xfce4-panel; 0xe0002c=Desktop; 0x2000003=Terminal - ⠐ Check mac; 0x140003e=• Discord | #general |; 0x1000012=Probe Basic; 
2026-08-04 15:37:50.590  | card1-HDMI-A-1=connected,On card1-HDMI-A-2=disconnected,On |aud:state:RUNNING, |act:0x2000003 |win:0xc00003=xfce4-panel; 0xe0002c=Desktop; 0x2000003=Terminal - ⠂ Check mac; 0x140003e=• Discord | #general |; 0x1000012=Probe Basic; 
2026-08-04 15:37:51.649  | card1-HDMI-A-1=connected,On card1-HDMI-A-2=disconnected,On |aud:state:RUNNING, |act:0x2000003 |win:0xc00003=xfce4-panel; 0xe0002c=Desktop; 0x2000003=Terminal - ⠐ Check mac; 0x140003e=• Discord | #general |; 0x1000012=Probe Basic; 
2026-08-04 15:37:52.742  | card1-HDMI-A-1=connected,On card1-HDMI-A-2=disconnected,On |aud:state:RUNNING, |act:0x2000003 |win:0xc00003=xfce4-panel; 0xe0002c=Desktop; 0x2000003=Terminal - ⠂ Check mac; 0x140003e=• Discord | #general |; 0x1000012=Probe Basic; 
2026-08-04 15:37:53.811  | card1-HDMI-A-1=connected,On card1-HDMI-A-2=disconnected,On |aud:state:RUNNING, |act:0x2000003 |win:0xc00003=xfce4-panel; 0xe0002c=Desktop; 0x2000003=Terminal - ⠐ Check mac; 0x140003e=• Discord | #general |; 0x1000012=Probe Basic; 
2026-08-04 15:37:54.941  | card1-HDMI-A-1=connected,On card1-HDMI-A-2=disconnected,On |aud:state:RUNNING, |act:0x2000003 |win:0xc00003=xfce4-panel; 0xe0002c=Desktop; 0x2000003=Terminal - ⠂ Check mac; 0x140003e=• Discord | #general |; 0x1000012=Probe Basic; 
2026-08-04 15:37:57.067  | card1-HDMI-A-1=connected,On card1-HDMI-A-2=disconnected,On |aud:state:RUNNING, |act:0x2000003 |win:0xc00003=xfce4-panel; 0xe0002c=Desktop; 0x2000003=Terminal - ⠐ Check mac; 0x140003e=• Discord | #general |; 0x1000012=Probe Basic; 
2026-08-04 15:37:58.124  | card1-HDMI-A-1=connected,On card1-HDMI-A-2=disconnected,On |aud:state:RUNNING, |act:0x2000003 |win:0xc00003=xfce4-panel; 0xe0002c=Desktop; 0x2000003=Terminal - ⠂ Check mac; 0x140003e=• Discord | #general |; 0x1000012=Probe Basic; 
2026-08-04 15:37:59.203  | card1-HDMI-A-1=connected,On card1-HDMI-A-2=disconnected,On |aud:state:RUNNING, |act:0x2000003 |win:0xc00003=xfce4-panel; 0xe0002c=Desktop; 0x2000003=Terminal - ⠐ Check mac; 0x140003e=• Discord | #general |; 0x1000012=Probe Basic; 
2026-08-04 15:38:00.270  | card1-HDMI-A-1=connected,On card1-HDMI-A-2=disconnected,On |aud:state:RUNNING, |act:0x2000003 |win:0xc00003=xfce4-panel; 0xe0002c=Desktop; 0x2000003=Terminal - ⠂ Check mac; 0x140003e=• Discord | #general |; 0x1000012=Probe Basic; 
2026-08-04 15:38:01.339  | card1-HDMI-A-1=connected,On card1-HDMI-A-2=disconnected,On |aud:state:RUNNING, |act:0x2000003 |win:0xc00003=xfce4-panel; 0xe0002c=Desktop; 0x2000003=Terminal - ⠐ Check mac; 0x140003e=• Discord | #general |; 0x1000012=Probe Basic; 
2026-08-04 15:38:02.399  | card1-HDMI-A-1=connected,On card1-HDMI-A-2=disconnected,On |aud:state:RUNNING, |act:0x2000003 |win:0xc00003=xfce4-panel; 0xe0002c=Desktop; 0x2000003=Terminal - ⠂ Check mac; 0x140003e=• Discord | #general |; 0x1000012=Probe Basic; 
2026-08-04 15:38:03.466  | card1-HDMI-A-1=connected,On card1-HDMI-A-2=disconnected,On |aud:state:RUNNING, |act:0x2000003 |win:0xc00003=xfce4-panel; 0xe0002c=Desktop; 0x2000003=Terminal - ⠐ Check mac; 0x140003e=• Discord | #general |; 0x1000012=Probe Basic; 
2026-08-04 15:38:05.660  | card1-HDMI-A-1=connected,On card1-HDMI-A-2=disconnected,On |aud:state:RUNNING, |act:0x2000003 |win:0xc00003=xfce4-panel; 0xe0002c=Desktop; 0x2000003=Terminal - ⠂ Check mac; 0x140003e=• Discord | #general |; 0x1000012=Probe Basic; 
2026-08-04 15:38:06.735  | card1-HDMI-A-1=connected,On card1-HDMI-A-2=disconnected,On |aud:state:RUNNING, |act:0x2000003 |win:0xc00003=xfce4-panel; 0xe0002c=Desktop; 0x2000003=Terminal - ⠐ Check mac; 0x140003e=• Discord | #general |; 0x1000012=Probe Basic; 
2026-08-04 15:38:07.794  | card1-HDMI-A-1=connected,On card1-HDMI-A-2=disconnected,On |aud:state:RUNNING, |act:0x2000003 |win:0xc00003=xfce4-panel; 0xe0002c=Desktop; 0x2000003=Terminal - ⠂ Check mac; 0x140003e=• Discord | #general |; 0x1000012=Probe Basic; 
2026-08-04 15:38:08.863  | card1-HDMI-A-1=connected,On card1-HDMI-A-2=disconnected,On |aud:state:RUNNING, |act:0x2000003 |win:0xc00003=xfce4-panel; 0xe0002c=Desktop; 0x2000003=Terminal - ⠐ Check mac; 0x140003e=• Discord | #general |; 0x1000012=Probe Basic; 
2026-08-04 15:38:09.924  | card1-HDMI-A-1=connected,On card1-HDMI-A-2=disconnected,On |aud:state:RUNNING, |act:0x2000003 |win:0xc00003=xfce4-panel; 0xe0002c=Desktop; 0x2000003=Terminal - ⠂ Check mac; 0x140003e=• Discord | #general |; 0x1000012=Probe Basic; 
2026-08-04 15:38:10.989  | card1-HDMI-A-1=connected,On card1-HDMI-A-2=disconnected,On |aud:state:RUNNING, |act:0x2000003 |win:0xc00003=xfce4-panel; 0xe0002c=Desktop; 0x2000003=Terminal - ⠐ Check mac; 0x140003e=• Discord | #general |; 0x1000012=Probe Basic; 
2026-08-04 15:38:12.044  | card1-HDMI-A-1=connected,On card1-HDMI-A-2=disconnected,On |aud:state:RUNNING, |act:0x2000003 |win:0xc00003=xfce4-panel; 0xe0002c=Desktop; 0x2000003=Terminal - ⠂ Check mac; 0x140003e=• Discord | #general |; 0x1000012=Probe Basic; 
2026-08-04 15:38:13.113  | card1-HDMI-A-1=connected,On card1-HDMI-A-2=disconnected,On |aud:state:RUNNING, |act:0x2000003 |win:0xc00003=xfce4-panel; 0xe0002c=Desktop; 0x2000003=Terminal - ⠐ Check mac; 0x140003e=• Discord | #general |; 0x1000012=Probe Basic; 
2026-08-04 15:38:14.207  | card1-HDMI-A-1=connected,On card1-HDMI-A-2=disconnected,On |aud:state:RUNNING, |act:0x2000003 |win:0xc00003=xfce4-panel; 0xe0002c=Desktop; 0x2000003=Terminal - ⠂ Check mac; 0x140003e=• Discord | #general |; 0x1000012=Probe Basic; 
2026-08-04 15:38:16.491  | card1-HDMI-A-1=connected,On card1-HDMI-A-2=disconnected,On |aud:state:RUNNING, |act:0x2000003 |win:0xc00003=xfce4-panel; 0xe0002c=Desktop; 0x2000003=Terminal - ⠐ Check mac; 0x140003e=• Discord | #general |; 0x1000012=Probe Basic; 
2026-08-04 15:38:17.544  | card1-HDMI-A-1=connected,On card1-HDMI-A-2=disconnected,On |aud:state:RUNNING, |act:0x2000003 |win:0xc00003=xfce4-panel; 0xe0002c=Desktop; 0x2000003=Terminal - ⠂ Check mac; 0x140003e=• Discord | #general |; 0x1000012=Probe Basic; 
2026-08-04 15:38:18.604  | card1-HDMI-A-1=connected,On card1-HDMI-A-2=disconnected,On |aud:state:RUNNING, |act:0x2000003 |win:0xc00003=xfce4-panel; 0xe0002c=Desktop; 0x2000003=Terminal - ⠐ Check mac; 0x140003e=• Discord | #general |; 0x1000012=Probe Basic; 
2026-08-04 15:38:19.660  | card1-HDMI-A-1=connected,On card1-HDMI-A-2=disconnected,On |aud:state:RUNNING, |act:0x2000003 |win:0xc00003=xfce4-panel; 0xe0002c=Desktop; 0x2000003=Terminal - ⠂ Check mac; 0x140003e=• Discord | #general |; 0x1000012=Probe Basic; 
2026-08-04 15:38:20.736  | card1-HDMI-A-1=connected,On card1-HDMI-A-2=disconnected,On |aud:state:RUNNING, |act:0x2000003 |win:0xc00003=xfce4-panel; 0xe0002c=Desktop; 0x2000003=Terminal - ⠐ Check mac; 0x140003e=• Discord | #general |; 0x1000012=Probe Basic; 
2026-08-04 15:38:21.798  | card1-HDMI-A-1=connected,On card1-HDMI-A-2=disconnected,On |aud:state:RUNNING, |act:0x2000003 |win:0xc00003=xfce4-panel; 0xe0002c=Desktop; 0x2000003=Terminal - ⠂ Check mac; 0x140003e=• Discord | #general |; 0x1000012=Probe Basic; 
2026-08-04 15:38:22.859  | card1-HDMI-A-1=connected,On card1-HDMI-A-2=disconnected,On |aud:state:RUNNING, |act:0x2000003 |win:0xc00003=xfce4-panel; 0xe0002c=Desktop; 0x2000003=Terminal - ⠐ Check mac; 0x140003e=• Discord | #general |; 0x1000012=Probe Basic; 
2026-08-04 15:38:23.936  | card1-HDMI-A-1=connected,On card1-HDMI-A-2=disconnected,On |aud:state:RUNNING, |act:0x2000003 |win:0xc00003=xfce4-panel; 0xe0002c=Desktop; 0x2000003=Terminal - ⠂ Check mac; 0x140003e=• Discord | #general |; 0x1000012=Probe Basic; 
2026-08-04 15:38:26.092  | card1-HDMI-A-1=connected,On card1-HDMI-A-2=disconnected,On |aud:state:RUNNING, |act:0x2000003 |win:0xc00003=xfce4-panel; 0xe0002c=Desktop; 0x2000003=Terminal - ⠐ Check mac; 0x140003e=• Discord | #general |; 0x1000012=Probe Basic; 
2026-08-04 15:38:27.143  | card1-HDMI-A-1=connected,On card1-HDMI-A-2=disconnected,On |aud:state:RUNNING, |act:0x2000003 |win:0xc00003=xfce4-panel; 0xe0002c=Desktop; 0x2000003=Terminal - ⠂ Check mac; 0x140003e=• Discord | #general |; 0x1000012=Probe Basic; 
2026-08-04 15:38:28.207  | card1-HDMI-A-1=connected,On card1-HDMI-A-2=disconnected,On |aud:state:RUNNING, |act:0x2000003 |win:0xc00003=xfce4-panel; 0xe0002c=Desktop; 0x2000003=Terminal - ⠐ Check mac; 0x140003e=• Discord | #general |; 0x1000012=Probe Basic; 
2026-08-04 15:38:29.262  | card1-HDMI-A-1=connected,On card1-HDMI-A-2=disconnected,On |aud:state:RUNNING, |act:0x2000003 |win:0xc00003=xfce4-panel; 0xe0002c=Desktop; 0x2000003=Terminal - ⠂ Check mac; 0x140003e=• Discord | #general |; 0x1000012=Probe Basic; 
2026-08-04 15:38:30.321  | card1-HDMI-A-1=connected,On card1-HDMI-A-2=disconnected,On |aud:state:RUNNING, |act:0x2000003 |win:0xc00003=xfce4-panel; 0xe0002c=Desktop; 0x2000003=Terminal - ⠐ Check mac; 0x140003e=• Discord | #general |; 0x1000012=Probe Basic; 
2026-08-04 15:38:31.385  | card1-HDMI-A-1=connected,On card1-HDMI-A-2=disconnected,On |aud:state:RUNNING, |act:0x2000003 |win:0xc00003=xfce4-panel; 0xe0002c=Desktop; 0x2000003=Terminal - ⠂ Check mac; 0x140003e=• Discord | #general |; 0x1000012=Probe Basic; 
2026-08-04 15:38:32.455  | card1-HDMI-A-1=connected,On card1-HDMI-A-2=disconnected,On |aud:state:RUNNING, |act:0x2000003 |win:0xc00003=xfce4-panel; 0xe0002c=Desktop; 0x2000003=Terminal - ⠐ Check mac; 0x140003e=• Discord | #general |; 0x1000012=Probe Basic; 
2026-08-04 15:38:33.524  | card1-HDMI-A-1=connected,On card1-HDMI-A-2=disconnected,On |aud:state:RUNNING, |act:0x2000003 |win:0xc00003=xfce4-panel; 0xe0002c=Desktop; 0x2000003=Terminal - ⠂ Check mac; 0x140003e=• Discord | #general |; 0x1000012=Probe Basic; 
2026-08-04 15:38:35.671  | card1-HDMI-A-1=connected,On card1-HDMI-A-2=disconnected,On |aud:state:RUNNING, |act:0x2000003 |win:0xc00003=xfce4-panel; 0xe0002c=Desktop; 0x2000003=Terminal - ⠐ Check mac; 0x140003e=• Discord | #general |; 0x1000012=Probe Basic; 
2026-08-04 15:38:36.763  | card1-HDMI-A-1=connected,On card1-HDMI-A-2=disconnected,On |aud:state:RUNNING, |act:0x2000003 |win:0xc00003=xfce4-panel; 0xe0002c=Desktop; 0x2000003=Terminal - ⠂ Check mac; 0x140003e=• Discord | #general |; 0x1000012=Probe Basic; 
2026-08-04 15:38:37.870  | card1-HDMI-A-1=connected,On card1-HDMI-A-2=disconnected,On |aud:state:RUNNING, |act:0x2000003 |win:0xc00003=xfce4-panel; 0xe0002c=Desktop; 0x2000003=Terminal - ⠐ Check mac; 0x140003e=• Discord | #general |; 0x1000012=Probe Basic; 
2026-08-04 15:38:38.946  | card1-HDMI-A-1=connected,On card1-HDMI-A-2=disconnected,On |aud:state:RUNNING, |act:0x2000003 |win:0xc00003=xfce4-panel; 0xe0002c=Desktop; 0x2000003=Terminal - ⠂ Check mac; 0x140003e=• Discord | #general |; 0x1000012=Probe Basic; 
2026-08-04 15:38:40.019  | card1-HDMI-A-1=connected,On card1-HDMI-A-2=disconnected,On |aud:state:RUNNING, |act:0x2000003 |win:0xc00003=xfce4-panel; 0xe0002c=Desktop; 0x2000003=Terminal - ⠐ Check mac; 0x140003e=• Discord | #general |; 0x1000012=Probe Basic; 
2026-08-04 15:38:41.075  | card1-HDMI-A-1=connected,On card1-HDMI-A-2=disconnected,On |aud:state:RUNNING, |act:0x2000003 |win:0xc00003=xfce4-panel; 0xe0002c=Desktop; 0x2000003=Terminal - ⠂ Check mac; 0x140003e=• Discord | #general |; 0x1000012=Probe Basic; 
2026-08-04 15:38:42.127  | card1-HDMI-A-1=connected,On card1-HDMI-A-2=disconnected,On |aud:state:RUNNING, |act:0x2000003 |win:0xc00003=xfce4-panel; 0xe0002c=Desktop; 0x2000003=Terminal - ⠐ Check mac; 0x140003e=• Discord | #general |; 0x1000012=Probe Basic; 
2026-08-04 15:38:44.290  | card1-HDMI-A-1=connected,On card1-HDMI-A-2=disconnected,On |aud:state:RUNNING, |act:0x2000003 |win:0xc00003=xfce4-panel; 0xe0002c=Desktop; 0x2000003=Terminal - ⠂ Check mac; 0x140003e=• Discord | #general |; 0x1000012=Probe Basic; 
2026-08-04 15:38:45.367  | card1-HDMI-A-1=connected,On card1-HDMI-A-2=disconnected,On |aud:state:RUNNING, |act:0x2000003 |win:0xc00003=xfce4-panel; 0xe0002c=Desktop; 0x2000003=Terminal - ⠐ Check mac; 0x140003e=• Discord | #general |; 0x1000012=Probe Basic; 
2026-08-04 15:38:46.427  | card1-HDMI-A-1=connected,On card1-HDMI-A-2=disconnected,On |aud:state:RUNNING, |act:0x2000003 |win:0xc00003=xfce4-panel; 0xe0002c=Desktop; 0x2000003=Terminal - ⠂ Check mac; 0x140003e=• Discord | #general |; 0x1000012=Probe Basic; 
2026-08-04 15:38:47.510  | card1-HDMI-A-1=connected,On card1-HDMI-A-2=disconnected,On |aud:state:RUNNING, |act:0x2000003 |win:0xc00003=xfce4-panel; 0xe0002c=Desktop; 0x2000003=Terminal - ⠐ Check mac; 0x140003e=• Discord | #general |; 0x1000012=Probe Basic; 
2026-08-04 15:38:48.574  | card1-HDMI-A-1=connected,On card1-HDMI-A-2=disconnected,On |aud:state:RUNNING, |act:0x2000003 |win:0xc00003=xfce4-panel; 0xe0002c=Desktop; 0x2000003=Terminal - ⠂ Check mac; 0x140003e=• Discord | #general |; 0x1000012=Probe Basic; 
2026-08-04 15:38:49.626  | card1-HDMI-A-1=connected,On card1-HDMI-A-2=disconnected,On |aud:state:RUNNING, |act:0x2000003 |win:0xc00003=xfce4-panel; 0xe0002c=Desktop; 0x2000003=Terminal - ⠐ Check mac; 0x140003e=• Discord | #general |; 0x1000012=Probe Basic; 
2026-08-04 15:38:50.678  | card1-HDMI-A-1=connected,On card1-HDMI-A-2=disconnected,On |aud:state:RUNNING, |act:0x2000003 |win:0xc00003=xfce4-panel; 0xe0002c=Desktop; 0x2000003=Terminal - ⠂ Check mac; 0x140003e=• Discord | #general |; 0x1000012=Probe Basic; 
2026-08-04 15:38:51.737  | card1-HDMI-A-1=connected,On card1-HDMI-A-2=disconnected,On |aud:state:RUNNING, |act:0x2000003 |win:0xc00003=xfce4-panel; 0xe0002c=Desktop; 0x2000003=Terminal - ⠐ Check mac; 0x140003e=• Discord | #general |; 0x1000012=Probe Basic; 
2026-08-04 15:38:53.913  | card1-HDMI-A-1=connected,On card1-HDMI-A-2=disconnected,On |aud:state:RUNNING, |act:0x2000003 |win:0xc00003=xfce4-panel; 0xe0002c=Desktop; 0x2000003=Terminal - ⠂ Check mac; 0x140003e=• Discord | #general |; 0x1000012=Probe Basic; 
2026-08-04 15:38:54.997  | card1-HDMI-A-1=connected,On card1-HDMI-A-2=disconnected,On |aud:state:RUNNING, |act:0x2000003 |win:0xc00003=xfce4-panel; 0xe0002c=Desktop; 0x2000003=Terminal - ⠐ Check mac; 0x140003e=• Discord | #general |; 0x1000012=Probe Basic; 
2026-08-04 15:38:56.063  | card1-HDMI-A-1=connected,On card1-HDMI-A-2=disconnected,On |aud:state:RUNNING, |act:0x2000003 |win:0xc00003=xfce4-panel; 0xe0002c=Desktop; 0x2000003=Terminal - ⠂ Check mac; 0x140003e=• Discord | #general |; 0x1000012=Probe Basic; 
2026-08-04 15:38:57.124  | card1-HDMI-A-1=connected,On card1-HDMI-A-2=disconnected,On |aud:state:RUNNING, |act:0x2000003 |win:0xc00003=xfce4-panel; 0xe0002c=Desktop; 0x2000003=Terminal - ⠐ Check mac; 0x140003e=• Discord | #general |; 0x1000012=Probe Basic; 
2026-08-04 15:38:58.194  | card1-HDMI-A-1=connected,On card1-HDMI-A-2=disconnected,On |aud:state:RUNNING, |act:0x2000003 |win:0xc00003=xfce4-panel; 0xe0002c=Desktop; 0x2000003=Terminal - ⠂ Check mac; 0x140003e=• Discord | #general |; 0x1000012=Probe Basic; 
2026-08-04 15:38:59.303  | card1-HDMI-A-1=connected,On card1-HDMI-A-2=disconnected,On |aud:state:RUNNING, |act:0x2000003 |win:0xc00003=xfce4-panel; 0xe0002c=Desktop; 0x2000003=Terminal - ⠐ Check mac; 0x140003e=• Discord | #general |; 0x1000012=Probe Basic; 
2026-08-04 15:39:00.384  | card1-HDMI-A-1=connected,On card1-HDMI-A-2=disconnected,On |aud:state:RUNNING, |act:0x2000003 |win:0xc00003=xfce4-panel; 0xe0002c=Desktop; 0x2000003=Terminal - ⠂ Check mac; 0x140003e=• Discord | #general |; 0x1000012=Probe Basic; 
2026-08-04 15:39:02.585  | card1-HDMI-A-1=connected,On card1-HDMI-A-2=disconnected,On |aud:state:RUNNING, |act:0x2000003 |win:0xc00003=xfce4-panel; 0xe0002c=Desktop; 0x2000003=Terminal - ⠐ Check mac; 0x140003e=• Discord | #general |; 0x1000012=Probe Basic; 
2026-08-04 15:39:03.649  | card1-HDMI-A-1=connected,On card1-HDMI-A-2=disconnected,On |aud:state:RUNNING, |act:0x2000003 |win:0xc00003=xfce4-panel; 0xe0002c=Desktop; 0x2000003=Terminal - ⠂ Check mac; 0x140003e=• Discord | #general |; 0x1000012=Probe Basic; 
2026-08-04 15:39:04.721  | card1-HDMI-A-1=connected,On card1-HDMI-A-2=disconnected,On |aud:state:RUNNING, |act:0x2000003 |win:0xc00003=xfce4-panel; 0xe0002c=Desktop; 0x2000003=Terminal - ⠐ Check mac; 0x140003e=• Discord | #general |; 0x1000012=Probe Basic; 
2026-08-04 15:39:05.786  | card1-HDMI-A-1=connected,On card1-HDMI-A-2=disconnected,On |aud:state:RUNNING, |act:0x2000003 |win:0xc00003=xfce4-panel; 0xe0002c=Desktop; 0x2000003=Terminal - ⠂ Check mac; 0x140003e=• Discord | #general |; 0x1000012=Probe Basic; 
2026-08-04 15:39:06.856  | card1-HDMI-A-1=connected,On card1-HDMI-A-2=disconnected,On |aud:state:RUNNING, |act:0x2000003 |win:0xc00003=xfce4-panel; 0xe0002c=Desktop; 0x2000003=Terminal - ⠐ Check mac; 0x140003e=• Discord | #general |; 0x1000012=Probe Basic; 
2026-08-04 15:39:07.915  | card1-HDMI-A-1=connected,On card1-HDMI-A-2=disconnected,On |aud:state:RUNNING, |act:0x2000003 |win:0xc00003=xfce4-panel; 0xe0002c=Desktop; 0x2000003=Terminal - ⠂ Check mac; 0x140003e=• Discord | #general |; 0x1000012=Probe Basic; 
2026-08-04 15:39:08.978  | card1-HDMI-A-1=connected,On card1-HDMI-A-2=disconnected,On |aud:state:RUNNING, |act:0x2000003 |win:0xc00003=xfce4-panel; 0xe0002c=Desktop; 0x2000003=Terminal - ⠐ Check mac; 0x140003e=• Discord | #general |; 0x1000012=Probe Basic; 
2026-08-04 15:39:10.030  | card1-HDMI-A-1=connected,On card1-HDMI-A-2=disconnected,On |aud:state:RUNNING, |act:0x2000003 |win:0xc00003=xfce4-panel; 0xe0002c=Desktop; 0x2000003=Terminal - ⠂ Check mac; 0x140003e=• Discord | #general |; 0x1000012=Probe Basic; 
2026-08-04 15:39:12.197  | card1-HDMI-A-1=connected,On card1-HDMI-A-2=disconnected,On |aud:state:RUNNING, |act:0x2000003 |win:0xc00003=xfce4-panel; 0xe0002c=Desktop; 0x2000003=Terminal - ⠐ Check mac; 0x140003e=• Discord | #general |; 0x1000012=Probe Basic; 
2026-08-04 15:39:13.261  | card1-HDMI-A-1=connected,On card1-HDMI-A-2=disconnected,On |aud:state:RUNNING, |act:0x2000003 |win:0xc00003=xfce4-panel; 0xe0002c=Desktop; 0x2000003=Terminal - ⠂ Check mac; 0x140003e=• Discord | #general |; 0x1000012=Probe Basic; 
2026-08-04 15:39:14.327  | card1-HDMI-A-1=connected,On card1-HDMI-A-2=disconnected,On |aud:state:RUNNING, |act:0x2000003 |win:0xc00003=xfce4-panel; 0xe0002c=Desktop; 0x2000003=Terminal - ⠐ Check mac; 0x140003e=• Discord | #general |; 0x1000012=Probe Basic; 
2026-08-04 15:39:15.378  | card1-HDMI-A-1=connected,On card1-HDMI-A-2=disconnected,On |aud:state:RUNNING, |act:0x2000003 |win:0xc00003=xfce4-panel; 0xe0002c=Desktop; 0x2000003=Terminal - ⠂ Check mac; 0x140003e=• Discord | #general |; 0x1000012=Probe Basic; 
2026-08-04 15:39:16.435  | card1-HDMI-A-1=connected,On card1-HDMI-A-2=disconnected,On |aud:state:RUNNING, |act:0x2000003 |win:0xc00003=xfce4-panel; 0xe0002c=Desktop; 0x2000003=Terminal - ⠐ Check mac; 0x140003e=• Discord | #general |; 0x1000012=Probe Basic; 
2026-08-04 15:39:17.499  | card1-HDMI-A-1=connected,On card1-HDMI-A-2=disconnected,On |aud:state:RUNNING, |act:0x2000003 |win:0xc00003=xfce4-panel; 0xe0002c=Desktop; 0x2000003=Terminal - ⠂ Check mac; 0x140003e=• Discord | #general |; 0x1000012=Probe Basic; 
2026-08-04 15:39:18.555  | card1-HDMI-A-1=connected,On card1-HDMI-A-2=disconnected,On |aud:state:RUNNING, |act:0x2000003 |win:0xc00003=xfce4-panel; 0xe0002c=Desktop; 0x2000003=Terminal - ⠐ Check mac; 0x140003e=• Discord | #general |; 0x1000012=Probe Basic; 
2026-08-04 15:39:19.635  | card1-HDMI-A-1=connected,On card1-HDMI-A-2=disconnected,On |aud:state:RUNNING, |act:0x2000003 |win:0xc00003=xfce4-panel; 0xe0002c=Desktop; 0x2000003=Terminal - ⠂ Check mac; 0x140003e=• Discord | #general |; 0x1000012=Probe Basic; 
2026-08-04 15:39:20.732  | card1-HDMI-A-1=disconnected,On card1-HDMI-A-2=disconnected,On |aud:closed |act:0x2000003 |win:0xc00003=xfce4-panel; 0x2000003=Terminal - ⠐ Check mac; 0x140003e=• Discord | #general |; 0x1000012=Probe Basic; 
2026-08-04 15:39:22.860  | card1-HDMI-A-1=disconnected,Off card1-HDMI-A-2=disconnected,Off |aud:closed |act:0x2000003 |win:0xc00003=xfce4-panel; 0x2000003=Terminal - ⠂ Check mac; 0x140003e=• Discord | #general |; 0x1000012=Probe Basic; 
2026-08-04 15:39:23.906  | card1-HDMI-A-1=disconnected,Off card1-HDMI-A-2=disconnected,Off |aud:closed |act:0x2000003 |win:0xc00003=xfce4-panel; 0x2000003=Terminal - ⠐ Check mac; 0x140003e=• Discord | #general |; 0x1000012=Probe Basic; 
2026-08-04 15:39:24.967  | card1-HDMI-A-1=disconnected,Off card1-HDMI-A-2=disconnected,Off |aud:closed |act:0x2000003 |win:0xc00003=xfce4-panel; 0x2000003=Terminal - ⠂ Check mac; 0x140003e=• Discord | #general |; 0x1000012=Probe Basic; 
2026-08-04 15:39:26.021  | card1-HDMI-A-1=disconnected,Off card1-HDMI-A-2=disconnected,Off |aud:closed |act:0x2000003 |win:0xc00003=xfce4-panel; 0x2000003=Terminal - ⠐ Check mac; 0x140003e=• Discord | #general |; 0x1000012=Probe Basic; 
2026-08-04 15:39:27.093  | card1-HDMI-A-1=disconnected,Off card1-HDMI-A-2=disconnected,Off |aud:closed |act:0x2000003 |win:0xc00003=xfce4-panel; 0x2000003=Terminal - ⠂ Check mac; 0x140003e=• Discord | #general |; 0x1000012=Probe Basic; 
2026-08-04 15:39:28.145  | card1-HDMI-A-1=disconnected,Off card1-HDMI-A-2=disconnected,Off |aud:closed |act:0x2000003 |win:0xc00003=xfce4-panel; 0x2000003=Terminal - ⠐ Check mac; 0x140003e=• Discord | #general |; 0x1000012=Probe Basic; 
2026-08-04 15:39:29.189  | card1-HDMI-A-1=disconnected,Off card1-HDMI-A-2=disconnected,Off |aud:closed |act:0x2000003 |win:0xc00003=xfce4-panel; 0x2000003=Terminal - ⠂ Check mac; 0x140003e=• Discord | #general |; 0x1000012=Probe Basic; 
2026-08-04 15:39:30.242  | card1-HDMI-A-1=disconnected,Off card1-HDMI-A-2=disconnected,Off |aud:closed |act:0x2000003 |win:0xc00003=xfce4-panel; 0x2000003=Terminal - ⠐ Check mac; 0x140003e=• Discord | #general |; 0x1000012=Probe Basic; 
2026-08-04 15:39:32.385  | card1-HDMI-A-1=disconnected,Off card1-HDMI-A-2=disconnected,Off |aud:closed |act:0x2000003 |win:0xc00003=xfce4-panel; 0x2000003=Terminal - ⠂ Check mac; 0x140003e=• Discord | #general |; 0x1000012=Probe Basic; 
2026-08-04 15:39:33.438  | card1-HDMI-A-1=disconnected,Off card1-HDMI-A-2=disconnected,Off |aud:closed |act:0x2000003 |win:0xc00003=xfce4-panel; 0x2000003=Terminal - ⠐ Check mac; 0x140003e=• Discord | #general |; 0x1000012=Probe Basic; 
2026-08-04 15:39:34.496  | card1-HDMI-A-1=disconnected,Off card1-HDMI-A-2=disconnected,Off |aud:closed |act:0x2000003 |win:0xc00003=xfce4-panel; 0x2000003=Terminal - ⠂ Check mac; 0x140003e=• Discord | #general |; 0x1000012=Probe Basic; 
2026-08-04 15:39:35.544  | card1-HDMI-A-1=disconnected,Off card1-HDMI-A-2=disconnected,Off |aud:closed |act:0x2000003 |win:0xc00003=xfce4-panel; 0x2000003=Terminal - ⠐ Check mac; 0x140003e=• Discord | #general |; 0x1000012=Probe Basic; 
2026-08-04 15:39:36.602  | card1-HDMI-A-1=disconnected,Off card1-HDMI-A-2=disconnected,Off |aud:closed |act:0x2000003 |win:0xc00003=xfce4-panel; 0x2000003=Terminal - ⠂ Check mac; 0x140003e=• Discord | #general |; 0x1000012=Probe Basic; 
2026-08-04 15:39:37.651  | card1-HDMI-A-1=disconnected,Off card1-HDMI-A-2=disconnected,Off |aud:closed |act:0x2000003 |win:0xc00003=xfce4-panel; 0x2000003=Terminal - ⠐ Check mac; 0x140003e=• Discord | #general |; 0x1000012=Probe Basic; 
2026-08-04 15:39:38.708  | card1-HDMI-A-1=disconnected,Off card1-HDMI-A-2=disconnected,Off |aud:closed |act:0x2000003 |win:0xc00003=xfce4-panel; 0x2000003=Terminal - ⠂ Check mac; 0x140003e=• Discord | #general |; 0x1000012=Probe Basic; 
2026-08-04 15:39:39.761  | card1-HDMI-A-1=disconnected,Off card1-HDMI-A-2=disconnected,Off |aud:closed |act:0x2000003 |win:0xc00003=xfce4-panel; 0x2000003=Terminal - ⠐ Check mac; 0x140003e=• Discord | #general |; 0x1000012=Probe Basic; 
2026-08-04 15:39:40.813  | card1-HDMI-A-1=disconnected,Off card1-HDMI-A-2=disconnected,Off |aud:closed |act:0x2000003 |win:0xc00003=xfce4-panel; 0x2000003=Terminal - ⠂ Check mac; 0x140003e=• Discord | #general |; 0x1000012=Probe Basic; 
2026-08-04 15:39:42.937  | card1-HDMI-A-1=disconnected,Off card1-HDMI-A-2=disconnected,Off |aud:closed |act:0x2000003 |win:0xc00003=xfce4-panel; 0x2000003=Terminal - ⠐ Check mac; 0x140003e=• Discord | #general |; 0x1000012=Probe Basic; 
2026-08-04 15:39:44.020  | card1-HDMI-A-1=disconnected,Off card1-HDMI-A-2=disconnected,Off |aud:closed |act:0x2000003 |win:0xc00003=xfce4-panel; 0x2000003=Terminal - ⠂ Check mac; 0x140003e=• Discord | #general |; 0x1000012=Probe Basic; 
2026-08-04 15:39:45.103  | card1-HDMI-A-1=disconnected,Off card1-HDMI-A-2=disconnected,Off |aud:closed |act:0x2000003 |win:0xc00003=xfce4-panel; 0x2000003=Terminal - ⠐ Check mac; 0x140003e=• Discord | #general |; 0x1000012=Probe Basic; 
2026-08-04 15:39:46.166  | card1-HDMI-A-1=disconnected,Off card1-HDMI-A-2=disconnected,Off |aud:closed |act:0x2000003 |win:0xc00003=xfce4-panel; 0x2000003=Terminal - ⠂ Check mac; 0x140003e=• Discord | #general |; 0x1000012=Probe Basic; 
2026-08-04 15:39:47.221  | card1-HDMI-A-1=disconnected,Off card1-HDMI-A-2=disconnected,Off |aud:closed |act:0x2000003 |win:0xc00003=xfce4-panel; 0x2000003=Terminal - ⠐ Check mac; 0x140003e=• Discord | #general |; 0x1000012=Probe Basic; 
2026-08-04 15:39:48.284  | card1-HDMI-A-1=disconnected,Off card1-HDMI-A-2=disconnected,Off |aud:closed |act:0x2000003 |win:0xc00003=xfce4-panel; 0x2000003=Terminal - ⠂ Check mac; 0x140003e=• Discord | #general |; 0x1000012=Probe Basic; 
2026-08-04 15:39:49.326  | card1-HDMI-A-1=disconnected,Off card1-HDMI-A-2=disconnected,Off |aud:closed |act:0x2000003 |win:0xc00003=xfce4-panel; 0x2000003=Terminal - ⠐ Check mac; 0x140003e=• Discord | #general |; 0x1000012=Probe Basic; 
2026-08-04 15:39:50.369  | card1-HDMI-A-1=disconnected,Off card1-HDMI-A-2=disconnected,Off |aud:closed |act:0x2000003 |win:0xc00003=xfce4-panel; 0x2000003=Terminal - ⠂ Check mac; 0x140003e=• Discord | #general |; 0x1000012=Probe Basic; 
2026-08-04 15:39:51.428  | card1-HDMI-A-1=disconnected,Off card1-HDMI-A-2=disconnected,Off |aud:closed |act:0x2000003 |win:0xc00003=xfce4-panel; 0x2000003=Terminal - ⠐ Check mac; 0x140003e=• Discord | #general |; 0x1000012=Probe Basic; 
2026-08-04 15:39:53.521  | card1-HDMI-A-1=disconnected,Off card1-HDMI-A-2=disconnected,Off |aud:closed |act:0x2000003 |win:0xc00003=xfce4-panel; 0x2000003=Terminal - ⠂ Check mac; 0x140003e=• Discord | #general |; 0x1000012=Probe Basic; 
2026-08-04 15:39:54.577  | card1-HDMI-A-1=disconnected,Off card1-HDMI-A-2=disconnected,Off |aud:closed |act:0x2000003 |win:0xc00003=xfce4-panel; 0x2000003=Terminal - ⠐ Check mac; 0x140003e=• Discord | #general |; 0x1000012=Probe Basic; 
2026-08-04 15:39:55.619  | card1-HDMI-A-1=disconnected,Off card1-HDMI-A-2=disconnected,Off |aud:closed |act:0x2000003 |win:0xc00003=xfce4-panel; 0x2000003=Terminal - ⠂ Check mac; 0x140003e=• Discord | #general |; 0x1000012=Probe Basic; 
2026-08-04 15:39:56.679  | card1-HDMI-A-1=disconnected,Off card1-HDMI-A-2=disconnected,Off |aud:closed |act:0x2000003 |win:0xc00003=xfce4-panel; 0x2000003=Terminal - ⠐ Check mac; 0x140003e=• Discord | #general |; 0x1000012=Probe Basic; 
2026-08-04 15:39:57.753  | card1-HDMI-A-1=disconnected,Off card1-HDMI-A-2=disconnected,Off |aud:closed |act:0x2000003 |win:0xc00003=xfce4-panel; 0x2000003=Terminal - ⠂ Check mac; 0x140003e=• Discord | #general |; 0x1000012=Probe Basic; 
2026-08-04 15:39:58.809  | card1-HDMI-A-1=disconnected,Off card1-HDMI-A-2=disconnected,Off |aud:closed |act:0x2000003 |win:0xc00003=xfce4-panel; 0x2000003=Terminal - ⠐ Check mac; 0x140003e=• Discord | #general |; 0x1000012=Probe Basic; 
2026-08-04 15:39:59.853  | card1-HDMI-A-1=disconnected,Off card1-HDMI-A-2=disconnected,Off |aud:closed |act:0x2000003 |win:0xc00003=xfce4-panel; 0x2000003=Terminal - ⠂ Check mac; 0x140003e=• Discord | #general |; 0x1000012=Probe Basic; 
2026-08-04 15:40:00.900  | card1-HDMI-A-1=disconnected,Off card1-HDMI-A-2=disconnected,Off |aud:closed |act:0x2000003 |win:0xc00003=xfce4-panel; 0x2000003=Terminal - ⠐ Check mac; 0x140003e=• Discord | #general |; 0x1000012=Probe Basic; 
2026-08-04 15:40:01.954  | card1-HDMI-A-1=disconnected,Off card1-HDMI-A-2=disconnected,Off |aud:closed |act:0x2000003 |win:0xc00003=xfce4-panel; 0x2000003=Terminal - ⠂ Check mac; 0x140003e=• Discord | #general |; 0x1000012=Probe Basic; 
2026-08-04 15:40:04.062  | card1-HDMI-A-1=disconnected,Off card1-HDMI-A-2=disconnected,Off |aud:closed |act:0x2000003 |win:0xc00003=xfce4-panel; 0x2000003=Terminal - ⠐ Check mac; 0x140003e=• Discord | #general |; 0x1000012=Probe Basic; 
2026-08-04 15:40:05.137  | card1-HDMI-A-1=disconnected,Off card1-HDMI-A-2=disconnected,Off |aud:closed |act:0x2000003 |win:0xc00003=xfce4-panel; 0x2000003=Terminal - ⠂ Check mac; 0x140003e=• Discord | #general |; 0x1000012=Probe Basic; 
2026-08-04 15:40:06.191  | card1-HDMI-A-1=disconnected,Off card1-HDMI-A-2=disconnected,Off |aud:closed |act:0x2000003 |win:0xc00003=xfce4-panel; 0x2000003=Terminal - ⠐ Check mac; 0x140003e=• Discord | #general |; 0x1000012=Probe Basic; 
2026-08-04 15:40:07.291  | card1-HDMI-A-1=disconnected,Off card1-HDMI-A-2=disconnected,Off |aud:closed |act:0x2000003 |win:0xc00003=xfce4-panel; 0x2000003=Terminal - ⠂ Check mac; 0x140003e=• Discord | #general |; 0x1000012=Probe Basic; 
2026-08-04 15:40:08.359  | card1-HDMI-A-1=disconnected,Off card1-HDMI-A-2=disconnected,Off |aud:closed |act:0x2000003 |win:0xc00003=xfce4-panel; 0x2000003=Terminal - ⠐ Check mac; 0x140003e=• Discord | #general |; 0x1000012=Probe Basic; 
2026-08-04 15:40:09.406  | card1-HDMI-A-1=disconnected,Off card1-HDMI-A-2=disconnected,Off |aud:closed |act:0x2000003 |win:0xc00003=xfce4-panel; 0x2000003=Terminal - ⠂ Check mac; 0x140003e=• Discord | #general |; 0x1000012=Probe Basic; 
2026-08-04 15:40:10.468  | card1-HDMI-A-1=disconnected,Off card1-HDMI-A-2=disconnected,Off |aud:closed |act:0x2000003 |win:0xc00003=xfce4-panel; 0x2000003=Terminal - ⠐ Check mac; 0x140003e=• Discord | #general |; 0x1000012=Probe Basic; 
2026-08-04 15:40:11.511  | card1-HDMI-A-1=disconnected,Off card1-HDMI-A-2=disconnected,Off |aud:closed |act:0x2000003 |win:0xc00003=xfce4-panel; 0x2000003=Terminal - ⠂ Check mac; 0x140003e=• Discord | #general |; 0x1000012=Probe Basic; 
2026-08-04 15:40:12.566  | card1-HDMI-A-1=disconnected,Off card1-HDMI-A-2=disconnected,Off |aud:closed |act:0x2000003 |win:0xc00003=xfce4-panel; 0x2000003=Terminal - ⠐ Check mac; 0x140003e=• Discord | #general |; 0x1000012=Probe Basic; 
2026-08-04 15:40:14.688  | card1-HDMI-A-1=disconnected,Off card1-HDMI-A-2=disconnected,Off |aud:closed |act:0x2000003 |win:0xc00003=xfce4-panel; 0x2000003=Terminal - ⠂ Check mac; 0x140003e=• Discord | #general |; 0x1000012=Probe Basic; 
2026-08-04 15:40:15.855  | card1-HDMI-A-1=disconnected,Off card1-HDMI-A-2=disconnected,Off |aud:closed |act:0x2000003 |win:0xc00003=xfce4-panel; 0x2000003=Terminal - ⠐ Check mac; 0x140003e=• Discord | #general |; 0x1000012=Probe Basic; 
2026-08-04 15:40:16.910  | card1-HDMI-A-1=disconnected,Off card1-HDMI-A-2=disconnected,Off |aud:closed |act:0x2000003 |win:0xc00003=xfce4-panel; 0x2000003=Terminal - ⠂ Check mac; 0x140003e=• Discord | #general |; 0x1000012=Probe Basic; 
2026-08-04 15:40:17.961  | card1-HDMI-A-1=disconnected,Off card1-HDMI-A-2=disconnected,Off |aud:closed |act:0x2000003 |win:0xc00003=xfce4-panel; 0x2000003=Terminal - ⠐ Check mac; 0x140003e=• Discord | #general |; 0x1000012=Probe Basic; 
2026-08-04 15:40:19.004  | card1-HDMI-A-1=disconnected,Off card1-HDMI-A-2=disconnected,Off |aud:closed |act:0x2000003 |win:0xc00003=xfce4-panel; 0x2000003=Terminal - ⠂ Check mac; 0x140003e=• Discord | #general |; 0x1000012=Probe Basic; 
2026-08-04 15:40:20.049  | card1-HDMI-A-1=disconnected,Off card1-HDMI-A-2=disconnected,Off |aud:closed |act:0x2000003 |win:0xc00003=xfce4-panel; 0x2000003=Terminal - ⠐ Check mac; 0x140003e=• Discord | #general |; 0x1000012=Probe Basic; 
2026-08-04 15:40:21.131  | card1-HDMI-A-1=disconnected,Off card1-HDMI-A-2=disconnected,Off |aud:closed |act:0x2000003 |win:0xc00003=xfce4-panel; 0x2000003=Terminal - ⠂ Check mac; 0x140003e=• Discord | #general |; 0x1000012=Probe Basic; 
2026-08-04 15:40:22.175  | card1-HDMI-A-1=disconnected,Off card1-HDMI-A-2=disconnected,Off |aud:closed |act:0x2000003 |win:0xc00003=xfce4-panel; 0x2000003=Terminal - ⠐ Check mac; 0x140003e=• Discord | #general |; 0x1000012=Probe Basic; 
2026-08-04 15:40:24.269  | card1-HDMI-A-1=disconnected,Off card1-HDMI-A-2=disconnected,Off |aud:closed |act:0x2000003 |win:0xc00003=xfce4-panel; 0x2000003=Terminal - ⠂ Check mac; 0x140003e=• Discord | #general |; 0x1000012=Probe Basic; 
2026-08-04 15:40:25.359  | card1-HDMI-A-1=disconnected,Off card1-HDMI-A-2=disconnected,Off |aud:closed |act:0x2000003 |win:0xc00003=xfce4-panel; 0x2000003=Terminal - ⠐ Check mac; 0x140003e=• Discord | #general |; 0x1000012=Probe Basic; 
2026-08-04 15:40:26.412  | card1-HDMI-A-1=disconnected,Off card1-HDMI-A-2=disconnected,Off |aud:closed |act:0x2000003 |win:0xc00003=xfce4-panel; 0x2000003=Terminal - ⠂ Check mac; 0x140003e=• Discord | #general |; 0x1000012=Probe Basic; 
2026-08-04 15:40:27.462  | card1-HDMI-A-1=disconnected,Off card1-HDMI-A-2=disconnected,Off |aud:closed |act:0x2000003 |win:0xc00003=xfce4-panel; 0x2000003=Terminal - ⠐ Check mac; 0x140003e=• Discord | #general |; 0x1000012=Probe Basic; 
2026-08-04 15:40:28.512  | card1-HDMI-A-1=disconnected,Off card1-HDMI-A-2=disconnected,Off |aud:closed |act:0x2000003 |win:0xc00003=xfce4-panel; 0x2000003=Terminal - ⠂ Check mac; 0x140003e=• Discord | #general |; 0x1000012=Probe Basic; 
2026-08-04 15:40:29.562  | card1-HDMI-A-1=disconnected,Off card1-HDMI-A-2=disconnected,Off |aud:closed |act:0x2000003 |win:0xc00003=xfce4-panel; 0x2000003=Terminal - ⠐ Check mac; 0x140003e=• Discord | #general |; 0x1000012=Probe Basic; 
2026-08-04 15:40:30.627  | card1-HDMI-A-1=disconnected,Off card1-HDMI-A-2=disconnected,Off |aud:closed |act:0x2000003 |win:0xc00003=xfce4-panel; 0x2000003=Terminal - ⠂ Check mac; 0x140003e=• Discord | #general |; 0x1000012=Probe Basic; 
2026-08-04 15:40:31.678  | card1-HDMI-A-1=disconnected,Off card1-HDMI-A-2=disconnected,Off |aud:closed |act:0x2000003 |win:0xc00003=xfce4-panel; 0x2000003=Terminal - ⠐ Check mac; 0x140003e=• Discord | #general |; 0x1000012=Probe Basic; 
2026-08-04 15:40:32.719  | card1-HDMI-A-1=disconnected,Off card1-HDMI-A-2=disconnected,Off |aud:closed |act:0x2000003 |win:0xc00003=xfce4-panel; 0x2000003=Terminal - ⠂ Check mac; 0x140003e=• Discord | #general |; 0x1000012=Probe Basic; 
2026-08-04 15:40:33.790  | card1-HDMI-A-1=disconnected,Off card1-HDMI-A-2=disconnected,Off |aud:closed |act:0x2000003 |win:0xc00003=xfce4-panel; 0x2000003=Terminal - ⠐ Check mac; 0x140003e=• Discord | #general |; 0x1000012=Probe Basic; 
2026-08-04 15:40:35.897  | card1-HDMI-A-1=disconnected,Off card1-HDMI-A-2=disconnected,Off |aud:closed |act:0x2000003 |win:0xc00003=xfce4-panel; 0x2000003=Terminal - ⠂ Check mac; 0x140003e=• Discord | #general |; 0x1000012=Probe Basic; 
2026-08-04 15:40:36.957  | card1-HDMI-A-1=disconnected,Off card1-HDMI-A-2=disconnected,Off |aud:closed |act:0x2000003 |win:0xc00003=xfce4-panel; 0x2000003=Terminal - ⠐ Check mac; 0x140003e=• Discord | #general |; 0x1000012=Probe Basic; 
2026-08-04 15:40:38.012  | card1-HDMI-A-1=disconnected,Off card1-HDMI-A-2=disconnected,Off |aud:closed |act:0x2000003 |win:0xc00003=xfce4-panel; 0x2000003=Terminal - ⠂ Check mac; 0x140003e=• Discord | #general |; 0x1000012=Probe Basic; 
2026-08-04 15:40:39.084  | card1-HDMI-A-1=disconnected,Off card1-HDMI-A-2=disconnected,Off |aud:closed |act:0x2000003 |win:0xc00003=xfce4-panel; 0x2000003=Terminal - ⠐ Check mac; 0x140003e=• Discord | #general |; 0x1000012=Probe Basic; 
2026-08-04 15:40:40.142  | card1-HDMI-A-1=disconnected,Off card1-HDMI-A-2=disconnected,Off |aud:closed |act:0x2000003 |win:0xc00003=xfce4-panel; 0x2000003=Terminal - ⠂ Check mac; 0x140003e=• Discord | #general |; 0x1000012=Probe Basic; 
2026-08-04 15:40:41.216  | card1-HDMI-A-1=disconnected,Off card1-HDMI-A-2=disconnected,Off |aud:closed |act:0x2000003 |win:0xc00003=xfce4-panel; 0x2000003=Terminal - ⠐ Check mac; 0x140003e=• Discord | #general |; 0x1000012=Probe Basic; 
2026-08-04 15:40:42.292  | card1-HDMI-A-1=disconnected,Off card1-HDMI-A-2=disconnected,Off |aud:closed |act:0x2000003 |win:0xc00003=xfce4-panel; 0x2000003=Terminal - ⠂ Check mac; 0x140003e=• Discord | #general |; 0x1000012=Probe Basic; 
2026-08-04 15:40:43.403  | card1-HDMI-A-1=disconnected,Off card1-HDMI-A-2=disconnected,Off |aud:closed |act:0x2000003 |win:0xc00003=xfce4-panel; 0x2000003=Terminal - ⠐ Check mac; 0x140003e=• Discord | #general |; 0x1000012=Probe Basic; 
2026-08-04 15:40:45.510  | card1-HDMI-A-1=disconnected,Off card1-HDMI-A-2=disconnected,Off |aud:closed |act:0x2000003 |win:0xc00003=xfce4-panel; 0x2000003=Terminal - ⠂ Check mac; 0x140003e=• Discord | #general |; 0x1000012=Probe Basic; 
2026-08-04 15:40:46.583  | card1-HDMI-A-1=disconnected,Off card1-HDMI-A-2=disconnected,Off |aud:closed |act:0x2000003 |win:0xc00003=xfce4-panel; 0x2000003=Terminal - ⠐ Check mac; 0x140003e=• Discord | #general |; 0x1000012=Probe Basic; 
2026-08-04 15:40:47.695  | card1-HDMI-A-1=disconnected,Off card1-HDMI-A-2=disconnected,Off |aud:closed |act:0x2000003 |win:0xc00003=xfce4-panel; 0x2000003=Terminal - ⠂ Check mac; 0x140003e=• Discord | #general |; 0x1000012=Probe Basic; 
2026-08-04 15:40:48.757  | card1-HDMI-A-1=disconnected,Off card1-HDMI-A-2=disconnected,Off |aud:closed |act:0x2000003 |win:0xc00003=xfce4-panel; 0x2000003=Terminal - ⠐ Check mac; 0x140003e=• Discord | #general |; 0x1000012=Probe Basic; 
2026-08-04 15:40:49.803  | card1-HDMI-A-1=disconnected,Off card1-HDMI-A-2=disconnected,Off |aud:closed |act:0x2000003 |win:0xc00003=xfce4-panel; 0x2000003=Terminal - ⠂ Check mac; 0x140003e=• Discord | #general |; 0x1000012=Probe Basic; 
2026-08-04 15:40:50.860  | card1-HDMI-A-1=disconnected,Off card1-HDMI-A-2=disconnected,Off |aud:closed |act:0x2000003 |win:0xc00003=xfce4-panel; 0x2000003=Terminal - ⠐ Check mac; 0x140003e=• Discord | #general |; 0x1000012=Probe Basic; 
2026-08-04 15:40:51.936  | card1-HDMI-A-1=disconnected,Off card1-HDMI-A-2=disconnected,Off |aud:closed |act:0x2000003 |win:0xc00003=xfce4-panel; 0x2000003=Terminal - ⠂ Check mac; 0x140003e=• Discord | #general |; 0x1000012=Probe Basic; 
2026-08-04 15:40:53.014  | card1-HDMI-A-1=disconnected,Off card1-HDMI-A-2=disconnected,Off |aud:closed |act:0x2000003 |win:0xc00003=xfce4-panel; 0x2000003=Terminal - ⠐ Check mac; 0x140003e=• Discord | #general |; 0x1000012=Probe Basic; 
2026-08-04 15:40:55.181  | card1-HDMI-A-1=disconnected,Off card1-HDMI-A-2=disconnected,Off |aud:closed |act:0x2000003 |win:0xc00003=xfce4-panel; 0x2000003=Terminal - ⠂ Check mac; 0x140003e=• Discord | #general |; 0x1000012=Probe Basic; 
2026-08-04 15:40:56.238  | card1-HDMI-A-1=disconnected,Off card1-HDMI-A-2=disconnected,Off |aud:closed |act:0x2000003 |win:0xc00003=xfce4-panel; 0x2000003=Terminal - ⠐ Check mac; 0x140003e=• Discord | #general |; 0x1000012=Probe Basic; 
2026-08-04 15:40:57.292  | card1-HDMI-A-1=disconnected,Off card1-HDMI-A-2=disconnected,Off |aud:closed |act:0x2000003 |win:0xc00003=xfce4-panel; 0x2000003=Terminal - ⠂ Check mac; 0x140003e=• Discord | #general |; 0x1000012=Probe Basic; 
2026-08-04 15:40:58.352  | card1-HDMI-A-1=disconnected,Off card1-HDMI-A-2=disconnected,Off |aud:closed |act:0x2000003 |win:0xc00003=xfce4-panel; 0x2000003=Terminal - ⠐ Check mac; 0x140003e=• Discord | #general |; 0x1000012=Probe Basic; 
2026-08-04 15:40:59.423  | card1-HDMI-A-1=disconnected,Off card1-HDMI-A-2=disconnected,Off |aud:closed |act:0x2000003 |win:0xc00003=xfce4-panel; 0x2000003=Terminal - ⠂ Check mac; 0x140003e=• Discord | #general |; 0x1000012=Probe Basic; 
2026-08-04 15:41:00.473  | card1-HDMI-A-1=disconnected,Off card1-HDMI-A-2=disconnected,Off |aud:closed |act:0x2000003 |win:0xc00003=xfce4-panel; 0x2000003=Terminal - ⠐ Check mac; 0x140003e=• Discord | #general |; 0x1000012=Probe Basic; 
2026-08-04 15:41:01.529  | card1-HDMI-A-1=disconnected,Off card1-HDMI-A-2=disconnected,Off |aud:closed |act:0x2000003 |win:0xc00003=xfce4-panel; 0x2000003=Terminal - ⠂ Check mac; 0x140003e=• Discord | #general |; 0x1000012=Probe Basic; 
2026-08-04 15:41:02.576  | card1-HDMI-A-1=disconnected,Off card1-HDMI-A-2=disconnected,Off |aud:closed |act:0x2000003 |win:0xc00003=xfce4-panel; 0x2000003=Terminal - ⠐ Check mac; 0x140003e=• Discord | #general |; 0x1000012=Probe Basic; 
2026-08-04 15:41:03.641  | card1-HDMI-A-1=disconnected,Off card1-HDMI-A-2=disconnected,Off |aud:closed |act:0x2000003 |win:0xc00003=xfce4-panel; 0x2000003=Terminal - ⠂ Check mac; 0x140003e=• Discord | #general |; 0x1000012=Probe Basic; 
2026-08-04 15:41:04.697  | card1-HDMI-A-1=disconnected,Off card1-HDMI-A-2=disconnected,Off |aud:closed |act:0x2000003 |win:0xc00003=xfce4-panel; 0x2000003=Terminal - ⠐ Check mac; 0x140003e=• Discord | #general |; 0x1000012=Probe Basic; 
2026-08-04 15:41:06.801  | card1-HDMI-A-1=disconnected,Off card1-HDMI-A-2=disconnected,Off |aud:closed |act:0x2000003 |win:0xc00003=xfce4-panel; 0x2000003=Terminal - ⠂ Check mac; 0x140003e=• Discord | #general |; 0x1000012=Probe Basic; 
2026-08-04 15:41:07.846  | card1-HDMI-A-1=disconnected,Off card1-HDMI-A-2=disconnected,Off |aud:closed |act:0x2000003 |win:0xc00003=xfce4-panel; 0x2000003=Terminal - ⠐ Check mac; 0x140003e=• Discord | #general |; 0x1000012=Probe Basic; 
2026-08-04 15:41:08.907  | card1-HDMI-A-1=disconnected,Off card1-HDMI-A-2=disconnected,Off |aud:closed |act:0x2000003 |win:0xc00003=xfce4-panel; 0x2000003=Terminal - ⠂ Check mac; 0x140003e=• Discord | #general |; 0x1000012=Probe Basic; 
2026-08-04 15:41:09.968  | card1-HDMI-A-1=disconnected,Off card1-HDMI-A-2=disconnected,Off |aud:closed |act:0x2000003 |win:0xc00003=xfce4-panel; 0x2000003=Terminal - ⠐ Check mac; 0x140003e=• Discord | #general |; 0x1000012=Probe Basic; 
2026-08-04 15:41:11.014  | card1-HDMI-A-1=disconnected,Off card1-HDMI-A-2=disconnected,Off |aud:closed |act:0x2000003 |win:0xc00003=xfce4-panel; 0x2000003=Terminal - ⠂ Check mac; 0x140003e=• Discord | #general |; 0x1000012=Probe Basic; 
2026-08-04 15:41:12.089  | card1-HDMI-A-1=disconnected,Off card1-HDMI-A-2=disconnected,Off |aud:closed |act:0x2000003 |win:0xc00003=xfce4-panel; 0x2000003=Terminal - ⠐ Check mac; 0x140003e=• Discord | #general |; 0x1000012=Probe Basic; 
2026-08-04 15:41:13.134  | card1-HDMI-A-1=disconnected,Off card1-HDMI-A-2=disconnected,Off |aud:closed |act:0x2000003 |win:0xc00003=xfce4-panel; 0x2000003=Terminal - ⠂ Check mac; 0x140003e=• Discord | #general |; 0x1000012=Probe Basic; 
2026-08-04 15:41:14.194  | card1-HDMI-A-1=disconnected,Off card1-HDMI-A-2=disconnected,Off |aud:closed |act:0x2000003 |win:0xc00003=xfce4-panel; 0x2000003=Terminal - ⠐ Check mac; 0x140003e=• Discord | #general |; 0x1000012=Probe Basic; 
2026-08-04 15:41:15.244  | card1-HDMI-A-1=disconnected,Off card1-HDMI-A-2=disconnected,Off |aud:closed |act:0x2000003 |win:0xc00003=xfce4-panel; 0x2000003=Terminal - ⠂ Check mac; 0x140003e=• Discord | #general |; 0x1000012=Probe Basic; 
2026-08-04 15:41:17.344  | card1-HDMI-A-1=disconnected,Off card1-HDMI-A-2=disconnected,Off |aud:closed |act:0x2000003 |win:0xc00003=xfce4-panel; 0x2000003=Terminal - ⠐ Check mac; 0x140003e=• Discord | #general |; 0x1000012=Probe Basic; 
2026-08-04 15:41:18.390  | card1-HDMI-A-1=disconnected,Off card1-HDMI-A-2=disconnected,Off |aud:closed |act:0x2000003 |win:0xc00003=xfce4-panel; 0x2000003=Terminal - ⠂ Check mac; 0x140003e=• Discord | #general |; 0x1000012=Probe Basic; 
2026-08-04 15:41:19.442  | card1-HDMI-A-1=disconnected,Off card1-HDMI-A-2=disconnected,Off |aud:closed |act:0x2000003 |win:0xc00003=xfce4-panel; 0x2000003=Terminal - ⠐ Check mac; 0x140003e=• Discord | #general |; 0x1000012=Probe Basic; 
2026-08-04 15:41:20.502  | card1-HDMI-A-1=disconnected,Off card1-HDMI-A-2=disconnected,Off |aud:closed |act:0x2000003 |win:0xc00003=xfce4-panel; 0x2000003=Terminal - ⠂ Check mac; 0x140003e=• Discord | #general |; 0x1000012=Probe Basic; 
2026-08-04 15:41:21.558  | card1-HDMI-A-1=disconnected,Off card1-HDMI-A-2=disconnected,Off |aud:closed |act:0x2000003 |win:0xc00003=xfce4-panel; 0x2000003=Terminal - ⠐ Check mac; 0x140003e=• Discord | #general |; 0x1000012=Probe Basic; 
2026-08-04 15:41:22.617  | card1-HDMI-A-1=disconnected,Off card1-HDMI-A-2=disconnected,Off |aud:closed |act:0x2000003 |win:0xc00003=xfce4-panel; 0x2000003=Terminal - ⠂ Check mac; 0x140003e=• Discord | #general |; 0x1000012=Probe Basic; 
2026-08-04 15:41:23.665  | card1-HDMI-A-1=disconnected,Off card1-HDMI-A-2=disconnected,Off |aud:closed |act:0x2000003 |win:0xc00003=xfce4-panel; 0x2000003=Terminal - ⠐ Check mac; 0x140003e=• Discord | #general |; 0x1000012=Probe Basic; 
2026-08-04 15:41:24.714  | card1-HDMI-A-1=disconnected,Off card1-HDMI-A-2=disconnected,Off |aud:closed |act:0x2000003 |win:0xc00003=xfce4-panel; 0x2000003=Terminal - ⠂ Check mac; 0x140003e=• Discord | #general |; 0x1000012=Probe Basic; 
2026-08-04 15:41:25.766  | card1-HDMI-A-1=disconnected,Off card1-HDMI-A-2=disconnected,Off |aud:closed |act:0x2000003 |win:0xc00003=xfce4-panel; 0x2000003=Terminal - ⠐ Check mac; 0x140003e=• Discord | #general |; 0x1000012=Probe Basic; 
2026-08-04 15:41:26.813  | card1-HDMI-A-1=disconnected,Off card1-HDMI-A-2=disconnected,Off |aud:closed |act:0x2000003 |win:0xc00003=xfce4-panel; 0x2000003=Terminal - ⠂ Check mac; 0x140003e=• Discord | #general |; 0x1000012=Probe Basic; 
2026-08-04 15:41:28.911  | card1-HDMI-A-1=disconnected,Off card1-HDMI-A-2=disconnected,Off |aud:closed |act:0x2000003 |win:0xc00003=xfce4-panel; 0x2000003=Terminal - ⠐ Check mac; 0x140003e=• Discord | #general |; 0x1000012=Probe Basic; 
2026-08-04 15:41:29.964  | card1-HDMI-A-1=disconnected,Off card1-HDMI-A-2=disconnected,Off |aud:closed |act:0x2000003 |win:0xc00003=xfce4-panel; 0x2000003=Terminal - ⠂ Check mac; 0x140003e=• Discord | #general |; 0x1000012=Probe Basic; 
2026-08-04 15:41:31.010  | card1-HDMI-A-1=disconnected,Off card1-HDMI-A-2=disconnected,Off |aud:closed |act:0x2000003 |win:0xc00003=xfce4-panel; 0x2000003=Terminal - ⠐ Check mac; 0x140003e=• Discord | #general |; 0x1000012=Probe Basic; 
2026-08-04 15:41:32.090  | card1-HDMI-A-1=disconnected,Off card1-HDMI-A-2=disconnected,Off |aud:closed |act:0x2000003 |win:0xc00003=xfce4-panel; 0x2000003=Terminal - ⠂ Check mac; 0x140003e=• Discord | #general |; 0x1000012=Probe Basic; 
2026-08-04 15:41:33.162  | card1-HDMI-A-1=disconnected,Off card1-HDMI-A-2=disconnected,Off |aud:closed |act:0x2000003 |win:0xc00003=xfce4-panel; 0x2000003=Terminal - ⠐ Check mac; 0x140003e=• Discord | #general |; 0x1000012=Probe Basic; 
2026-08-04 15:41:34.213  | card1-HDMI-A-1=disconnected,Off card1-HDMI-A-2=disconnected,Off |aud:closed |act:0x2000003 |win:0xc00003=xfce4-panel; 0x2000003=Terminal - ⠂ Check mac; 0x140003e=• Discord | #general |; 0x1000012=Probe Basic; 
2026-08-04 15:41:35.259  | card1-HDMI-A-1=disconnected,Off card1-HDMI-A-2=disconnected,Off |aud:closed |act:0x2000003 |win:0xc00003=xfce4-panel; 0x2000003=Terminal - ⠐ Check mac; 0x140003e=• Discord | #general |; 0x1000012=Probe Basic; 
2026-08-04 15:41:36.323  | card1-HDMI-A-1=disconnected,Off card1-HDMI-A-2=disconnected,Off |aud:closed |act:0x2000003 |win:0xc00003=xfce4-panel; 0x2000003=Terminal - ⠂ Check mac; 0x140003e=• Discord | #general |; 0x1000012=Probe Basic; 
2026-08-04 15:41:37.387  | card1-HDMI-A-1=disconnected,Off card1-HDMI-A-2=disconnected,Off |aud:closed |act:0x2000003 |win:0xc00003=xfce4-panel; 0x2000003=Terminal - ⠐ Check mac; 0x140003e=• Discord | #general |; 0x1000012=Probe Basic; 
2026-08-04 15:41:39.488  | card1-HDMI-A-1=disconnected,Off card1-HDMI-A-2=disconnected,Off |aud:closed |act:0x2000003 |win:0xc00003=xfce4-panel; 0x2000003=Terminal - ⠂ Check mac; 0x140003e=• Discord | #general |; 0x1000012=Probe Basic; 
2026-08-04 15:41:40.534  | card1-HDMI-A-1=disconnected,Off card1-HDMI-A-2=disconnected,Off |aud:closed |act:0x2000003 |win:0xc00003=xfce4-panel; 0x2000003=Terminal - ⠐ Check mac; 0x140003e=• Discord | #general |; 0x1000012=Probe Basic; 
2026-08-04 15:41:41.580  | card1-HDMI-A-1=disconnected,Off card1-HDMI-A-2=disconnected,Off |aud:closed |act:0x2000003 |win:0xc00003=xfce4-panel; 0x2000003=Terminal - ⠂ Check mac; 0x140003e=• Discord | #general |; 0x1000012=Probe Basic; 
2026-08-04 15:41:42.634  | card1-HDMI-A-1=disconnected,Off card1-HDMI-A-2=disconnected,Off |aud:closed |act:0x2000003 |win:0xc00003=xfce4-panel; 0x2000003=Terminal - ⠐ Check mac; 0x140003e=• Discord | #general |; 0x1000012=Probe Basic; 
2026-08-04 15:41:43.678  | card1-HDMI-A-1=disconnected,Off card1-HDMI-A-2=disconnected,Off |aud:closed |act:0x2000003 |win:0xc00003=xfce4-panel; 0x2000003=Terminal - ⠂ Check mac; 0x140003e=• Discord | #general |; 0x1000012=Probe Basic; 
2026-08-04 15:41:44.722  | card1-HDMI-A-1=disconnected,Off card1-HDMI-A-2=disconnected,Off |aud:closed |act:0x2000003 |win:0xc00003=xfce4-panel; 0x2000003=Terminal - ⠐ Check mac; 0x140003e=• Discord | #general |; 0x1000012=Probe Basic; 
2026-08-04 15:41:45.768  | card1-HDMI-A-1=disconnected,Off card1-HDMI-A-2=disconnected,Off |aud:closed |act:0x2000003 |win:0xc00003=xfce4-panel; 0x2000003=Terminal - ⠂ Check mac; 0x140003e=• Discord | #general |; 0x1000012=Probe Basic; 
2026-08-04 15:41:46.818  | card1-HDMI-A-1=disconnected,Off card1-HDMI-A-2=disconnected,Off |aud:closed |act:0x2000003 |win:0xc00003=xfce4-panel; 0x2000003=Terminal - ⠐ Check mac; 0x140003e=• Discord | #general |; 0x1000012=Probe Basic; 
2026-08-04 15:41:47.873  | card1-HDMI-A-1=disconnected,Off card1-HDMI-A-2=disconnected,Off |aud:closed |act:0x2000003 |win:0xc00003=xfce4-panel; 0x2000003=Terminal - ⠂ Check mac; 0x140003e=• Discord | #general |; 0x1000012=Probe Basic; 
2026-08-04 15:41:48.921  | card1-HDMI-A-1=disconnected,Off card1-HDMI-A-2=disconnected,Off |aud:closed |act:0x2000003 |win:0xc00003=xfce4-panel; 0x2000003=Terminal - ⠐ Check mac; 0x140003e=• Discord | #general |; 0x1000012=Probe Basic; 
2026-08-04 15:41:51.012  | card1-HDMI-A-1=disconnected,Off card1-HDMI-A-2=disconnected,Off |aud:closed |act:0x2000003 |win:0xc00003=xfce4-panel; 0x2000003=Terminal - ⠂ Check mac; 0x140003e=• Discord | #general |; 0x1000012=Probe Basic; 
2026-08-04 15:41:52.076  | card1-HDMI-A-1=disconnected,Off card1-HDMI-A-2=disconnected,Off |aud:closed |act:0x2000003 |win:0xc00003=xfce4-panel; 0x2000003=Terminal - ⠐ Check mac; 0x140003e=• Discord | #general |; 0x1000012=Probe Basic; 
2026-08-04 15:41:53.129  | card1-HDMI-A-1=disconnected,Off card1-HDMI-A-2=disconnected,Off |aud:closed |act:0x2000003 |win:0xc00003=xfce4-panel; 0x2000003=Terminal - ⠂ Check mac; 0x140003e=• Discord | #general |; 0x1000012=Probe Basic; 
2026-08-04 15:41:54.180  | card1-HDMI-A-1=disconnected,Off card1-HDMI-A-2=disconnected,Off |aud:closed |act:0x2000003 |win:0xc00003=xfce4-panel; 0x2000003=Terminal - ⠐ Check mac; 0x140003e=• Discord | #general |; 0x1000012=Probe Basic; 
2026-08-04 15:41:55.224  | card1-HDMI-A-1=disconnected,Off card1-HDMI-A-2=disconnected,Off |aud:closed |act:0x2000003 |win:0xc00003=xfce4-panel; 0x2000003=Terminal - ⠂ Check mac; 0x140003e=• Discord | #general |; 0x1000012=Probe Basic; 
2026-08-04 15:41:56.269  | card1-HDMI-A-1=disconnected,Off card1-HDMI-A-2=disconnected,Off |aud:closed |act:0x2000003 |win:0xc00003=xfce4-panel; 0x2000003=Terminal - ⠐ Check mac; 0x140003e=• Discord | #general |; 0x1000012=Probe Basic; 
2026-08-04 15:41:57.333  | card1-HDMI-A-1=disconnected,Off card1-HDMI-A-2=disconnected,Off |aud:closed |act:0x2000003 |win:0xc00003=xfce4-panel; 0x2000003=Terminal - ⠂ Check mac; 0x140003e=• Discord | #general |; 0x1000012=Probe Basic; 
2026-08-04 15:41:58.398  | card1-HDMI-A-1=disconnected,Off card1-HDMI-A-2=disconnected,Off |aud:closed |act:0x2000003 |win:0xc00003=xfce4-panel; 0x2000003=Terminal - ⠐ Check mac; 0x140003e=• Discord | #general |; 0x1000012=Probe Basic; 
2026-08-04 15:41:59.487  | card1-HDMI-A-1=disconnected,Off card1-HDMI-A-2=disconnected,Off |aud:closed |act:0x2000003 |win:0xc00003=xfce4-panel; 0x2000003=Terminal - ⠂ Check mac; 0x140003e=• Discord | #general |; 0x1000012=Probe Basic; 
2026-08-04 15:42:01.593  | card1-HDMI-A-1=disconnected,Off card1-HDMI-A-2=disconnected,Off |aud:closed |act:0x2000003 |win:0xc00003=xfce4-panel; 0x2000003=Terminal - ⠐ Check mac; 0x140003e=• Discord | #general |; 0x1000012=Probe Basic; 
2026-08-04 15:42:02.639  | card1-HDMI-A-1=disconnected,Off card1-HDMI-A-2=disconnected,Off |aud:closed |act:0x2000003 |win:0xc00003=xfce4-panel; 0x2000003=Terminal - ⠂ Check mac; 0x140003e=• Discord | #general |; 0x1000012=Probe Basic; 
2026-08-04 15:42:03.691  | card1-HDMI-A-1=disconnected,Off card1-HDMI-A-2=disconnected,Off |aud:closed |act:0x2000003 |win:0xc00003=xfce4-panel; 0x2000003=Terminal - ⠐ Check mac; 0x140003e=• Discord | #general |; 0x1000012=Probe Basic; 
2026-08-04 15:42:04.744  | card1-HDMI-A-1=disconnected,Off card1-HDMI-A-2=disconnected,Off |aud:closed |act:0x2000003 |win:0xc00003=xfce4-panel; 0x2000003=Terminal - ⠂ Check mac; 0x140003e=• Discord | #general |; 0x1000012=Probe Basic; 
2026-08-04 15:42:05.793  | card1-HDMI-A-1=disconnected,Off card1-HDMI-A-2=disconnected,Off |aud:closed |act:0x2000003 |win:0xc00003=xfce4-panel; 0x2000003=Terminal - ⠐ Check mac; 0x140003e=• Discord | #general |; 0x1000012=Probe Basic; 
2026-08-04 15:42:06.847  | card1-HDMI-A-1=disconnected,Off card1-HDMI-A-2=disconnected,Off |aud:closed |act:0x2000003 |win:0xc00003=xfce4-panel; 0x2000003=Terminal - ⠂ Check mac; 0x140003e=• Discord | #general |; 0x1000012=Probe Basic; 
2026-08-04 15:42:07.891  | card1-HDMI-A-1=disconnected,Off card1-HDMI-A-2=disconnected,Off |aud:closed |act:0x2000003 |win:0xc00003=xfce4-panel; 0x2000003=Terminal - ⠐ Check mac; 0x140003e=• Discord | #general |; 0x1000012=Probe Basic; 
2026-08-04 15:42:08.968  | card1-HDMI-A-1=disconnected,Off card1-HDMI-A-2=disconnected,Off |aud:closed |act:0x2000003 |win:0xc00003=xfce4-panel; 0x2000003=Terminal - ⠂ Check mac; 0x140003e=• Discord | #general |; 0x1000012=Probe Basic; 
2026-08-04 15:42:10.023  | card1-HDMI-A-1=disconnected,Off card1-HDMI-A-2=disconnected,Off |aud:closed |act:0x2000003 |win:0xc00003=xfce4-panel; 0x2000003=Terminal - ⠐ Check mac; 0x140003e=• Discord | #general |; 0x1000012=Probe Basic; 
2026-08-04 15:42:12.169  | card1-HDMI-A-1=disconnected,Off card1-HDMI-A-2=disconnected,Off |aud:closed |act:0x2000003 |win:0xc00003=xfce4-panel; 0x2000003=Terminal - ⠂ Check mac; 0x140003e=• Discord | #general |; 0x1000012=Probe Basic; 
2026-08-04 15:42:13.220  | card1-HDMI-A-1=disconnected,Off card1-HDMI-A-2=disconnected,Off |aud:closed |act:0x2000003 |win:0xc00003=xfce4-panel; 0x2000003=Terminal - ⠐ Check mac; 0x140003e=• Discord | #general |; 0x1000012=Probe Basic; 
2026-08-04 15:42:14.279  | card1-HDMI-A-1=disconnected,Off card1-HDMI-A-2=disconnected,Off |aud:closed |act:0x2000003 |win:0xc00003=xfce4-panel; 0x2000003=Terminal - ⠂ Check mac; 0x140003e=• Discord | #general |; 0x1000012=Probe Basic; 
2026-08-04 15:42:15.335  | card1-HDMI-A-1=disconnected,Off card1-HDMI-A-2=disconnected,Off |aud:closed |act:0x2000003 |win:0xc00003=xfce4-panel; 0x2000003=Terminal - ⠐ Check mac; 0x140003e=• Discord | #general |; 0x1000012=Probe Basic; 
2026-08-04 15:42:16.385  | card1-HDMI-A-1=disconnected,Off card1-HDMI-A-2=disconnected,Off |aud:closed |act:0x2000003 |win:0xc00003=xfce4-panel; 0x2000003=Terminal - ⠂ Check mac; 0x140003e=• Discord | #general |; 0x1000012=Probe Basic; 
2026-08-04 15:42:17.429  | card1-HDMI-A-1=disconnected,Off card1-HDMI-A-2=disconnected,Off |aud:closed |act:0x2000003 |win:0xc00003=xfce4-panel; 0x2000003=Terminal - ⠐ Check mac; 0x140003e=• Discord | #general |; 0x1000012=Probe Basic; 
2026-08-04 15:42:18.506  | card1-HDMI-A-1=disconnected,Off card1-HDMI-A-2=disconnected,Off |aud:closed |act:0x2000003 |win:0xc00003=xfce4-panel; 0x2000003=Terminal - ⠂ Check mac; 0x140003e=• Discord | #general |; 0x1000012=Probe Basic; 
2026-08-04 15:42:19.585  | card1-HDMI-A-1=disconnected,Off card1-HDMI-A-2=disconnected,Off |aud:closed |act:0x2000003 |win:0xc00003=xfce4-panel; 0x2000003=Terminal - ⠐ Check mac; 0x140003e=• Discord | #general |; 0x1000012=Probe Basic; 
2026-08-04 15:42:20.646  | card1-HDMI-A-1=disconnected,Off card1-HDMI-A-2=disconnected,Off |aud:closed |act:0x2000003 |win:0xc00003=xfce4-panel; 0x2000003=Terminal - ⠂ Check mac; 0x140003e=• Discord | #general |; 0x1000012=Probe Basic; 
2026-08-04 15:42:21.738  | card1-HDMI-A-1=disconnected,Off card1-HDMI-A-2=disconnected,Off |aud:closed |act:0x2000003 |win:0xc00003=xfce4-panel; 0x2000003=Terminal - ⠐ Check mac; 0x140003e=• Discord | #general |; 0x1000012=Probe Basic; 
2026-08-04 15:42:23.841  | card1-HDMI-A-1=disconnected,Off card1-HDMI-A-2=disconnected,Off |aud:closed |act:0x2000003 |win:0xc00003=xfce4-panel; 0x2000003=Terminal - ⠂ Check mac; 0x140003e=• Discord | #general |; 0x1000012=Probe Basic; 
2026-08-04 15:42:24.892  | card1-HDMI-A-1=disconnected,Off card1-HDMI-A-2=disconnected,Off |aud:closed |act:0x2000003 |win:0xc00003=xfce4-panel; 0x2000003=Terminal - ⠐ Check mac; 0x140003e=• Discord | #general |; 0x1000012=Probe Basic; 
2026-08-04 15:42:25.934  | card1-HDMI-A-1=disconnected,Off card1-HDMI-A-2=disconnected,Off |aud:closed |act:0x2000003 |win:0xc00003=xfce4-panel; 0x2000003=Terminal - ⠂ Check mac; 0x140003e=• Discord | #general |; 0x1000012=Probe Basic; 
2026-08-04 15:42:26.988  | card1-HDMI-A-1=disconnected,Off card1-HDMI-A-2=disconnected,Off |aud:closed |act:0x2000003 |win:0xc00003=xfce4-panel; 0x2000003=Terminal - ⠐ Check mac; 0x140003e=• Discord | #general |; 0x1000012=Probe Basic; 
2026-08-04 15:42:28.033  | card1-HDMI-A-1=disconnected,Off card1-HDMI-A-2=disconnected,Off |aud:closed |act:0x2000003 |win:0xc00003=xfce4-panel; 0x2000003=Terminal - ⠂ Check mac; 0x140003e=• Discord | #general |; 0x1000012=Probe Basic; 
2026-08-04 15:42:29.105  | card1-HDMI-A-1=disconnected,Off card1-HDMI-A-2=disconnected,Off |aud:closed |act:0x2000003 |win:0xc00003=xfce4-panel; 0x2000003=Terminal - ⠐ Check mac; 0x140003e=• Discord | #general |; 0x1000012=Probe Basic; 
2026-08-04 15:42:30.176  | card1-HDMI-A-1=disconnected,Off card1-HDMI-A-2=disconnected,Off |aud:closed |act:0x2000003 |win:0xc00003=xfce4-panel; 0x2000003=Terminal - ⠂ Check mac; 0x140003e=• Discord | #general |; 0x1000012=Probe Basic; 
2026-08-04 15:42:31.259  | card1-HDMI-A-1=disconnected,Off card1-HDMI-A-2=disconnected,Off |aud:closed |act:0x2000003 |win:0xc00003=xfce4-panel; 0x2000003=Terminal - ⠐ Check mac; 0x140003e=• Discord | #general |; 0x1000012=Probe Basic; 
2026-08-04 15:42:32.315  | card1-HDMI-A-1=disconnected,Off card1-HDMI-A-2=disconnected,Off |aud:closed |act:0x2000003 |win:0xc00003=xfce4-panel; 0x2000003=Terminal - ⠂ Check mac; 0x140003e=• Discord | #general |; 0x1000012=Probe Basic; 
2026-08-04 15:42:34.428  | card1-HDMI-A-1=disconnected,Off card1-HDMI-A-2=disconnected,Off |aud:closed |act:0x2000003 |win:0xc00003=xfce4-panel; 0x2000003=Terminal - ⠐ Check mac; 0x140003e=• Discord | #general |; 0x1000012=Probe Basic; 
2026-08-04 15:42:35.498  | card1-HDMI-A-1=disconnected,Off card1-HDMI-A-2=disconnected,Off |aud:closed |act:0x2000003 |win:0xc00003=xfce4-panel; 0x2000003=Terminal - ⠂ Check mac; 0x140003e=• Discord | #general |; 0x1000012=Probe Basic; 
2026-08-04 15:42:36.558  | card1-HDMI-A-1=disconnected,Off card1-HDMI-A-2=disconnected,Off |aud:closed |act:0x2000003 |win:0xc00003=xfce4-panel; 0x2000003=Terminal - ⠐ Check mac; 0x140003e=• Discord | #general |; 0x1000012=Probe Basic; 
2026-08-04 15:42:37.606  | card1-HDMI-A-1=disconnected,Off card1-HDMI-A-2=disconnected,Off |aud:closed |act:0x2000003 |win:0xc00003=xfce4-panel; 0x2000003=Terminal - ⠂ Check mac; 0x140003e=• Discord | #general |; 0x1000012=Probe Basic; 
2026-08-04 15:42:38.665  | card1-HDMI-A-1=disconnected,Off card1-HDMI-A-2=disconnected,Off |aud:closed |act:0x2000003 |win:0xc00003=xfce4-panel; 0x2000003=Terminal - ⠐ Check mac; 0x140003e=• Discord | #general |; 0x1000012=Probe Basic; 
2026-08-04 15:42:39.708  | card1-HDMI-A-1=disconnected,Off card1-HDMI-A-2=disconnected,Off |aud:closed |act:0x2000003 |win:0xc00003=xfce4-panel; 0x2000003=Terminal - ⠂ Check mac; 0x140003e=• Discord | #general |; 0x1000012=Probe Basic; 
2026-08-04 15:42:40.758  | card1-HDMI-A-1=disconnected,Off card1-HDMI-A-2=disconnected,Off |aud:closed |act:0x2000003 |win:0xc00003=xfce4-panel; 0x2000003=Terminal - ⠐ Check mac; 0x140003e=• Discord | #general |; 0x1000012=Probe Basic; 
2026-08-04 15:42:41.816  | card1-HDMI-A-1=disconnected,Off card1-HDMI-A-2=disconnected,Off |aud:closed |act:0x2000003 |win:0xc00003=xfce4-panel; 0x2000003=Terminal - ⠂ Check mac; 0x140003e=• Discord | #general |; 0x1000012=Probe Basic; 
2026-08-04 15:42:42.866  | card1-HDMI-A-1=disconnected,Off card1-HDMI-A-2=disconnected,Off |aud:closed |act:0x2000003 |win:0xc00003=xfce4-panel; 0x2000003=Terminal - ⠐ Check mac; 0x140003e=• Discord | #general |; 0x1000012=Probe Basic; 
2026-08-04 15:42:45.026  | card1-HDMI-A-1=disconnected,Off card1-HDMI-A-2=disconnected,Off |aud:closed |act:0x2000003 |win:0xc00003=xfce4-panel; 0x2000003=Terminal - ⠂ Check mac; 0x140003e=• Discord | #general |; 0x1000012=Probe Basic; 
2026-08-04 15:42:46.092  | card1-HDMI-A-1=disconnected,Off card1-HDMI-A-2=disconnected,Off |aud:closed |act:0x2000003 |win:0xc00003=xfce4-panel; 0x2000003=Terminal - ⠐ Check mac; 0x140003e=• Discord | #general |; 0x1000012=Probe Basic; 
2026-08-04 15:42:47.151  | card1-HDMI-A-1=disconnected,Off card1-HDMI-A-2=disconnected,Off |aud:closed |act:0x2000003 |win:0xc00003=xfce4-panel; 0x2000003=Terminal - ⠂ Check mac; 0x140003e=• Discord | #general |; 0x1000012=Probe Basic; 
2026-08-04 15:42:48.199  | card1-HDMI-A-1=disconnected,Off card1-HDMI-A-2=disconnected,Off |aud:closed |act:0x2000003 |win:0xc00003=xfce4-panel; 0x2000003=Terminal - ⠐ Check mac; 0x140003e=• Discord | #general |; 0x1000012=Probe Basic; 
2026-08-04 15:42:49.239  | card1-HDMI-A-1=disconnected,Off card1-HDMI-A-2=disconnected,Off |aud:closed |act:0x2000003 |win:0xc00003=xfce4-panel; 0x2000003=Terminal - ⠂ Check mac; 0x140003e=• Discord | #general |; 0x1000012=Probe Basic; 
2026-08-04 15:42:50.290  | card1-HDMI-A-1=disconnected,Off card1-HDMI-A-2=disconnected,Off |aud:closed |act:0x2000003 |win:0xc00003=xfce4-panel; 0x2000003=Terminal - ⠐ Check mac; 0x140003e=• Discord | #general |; 0x1000012=Probe Basic; 
2026-08-04 15:42:51.334  | card1-HDMI-A-1=disconnected,Off card1-HDMI-A-2=disconnected,Off |aud:closed |act:0x2000003 |win:0xc00003=xfce4-panel; 0x2000003=Terminal - ⠂ Check mac; 0x140003e=• Discord | #general |; 0x1000012=Probe Basic; 
2026-08-04 15:42:52.392  | card1-HDMI-A-1=disconnected,Off card1-HDMI-A-2=disconnected,Off |aud:closed |act:0x2000003 |win:0xc00003=xfce4-panel; 0x2000003=Terminal - ⠐ Check mac; 0x140003e=• Discord | #general |; 0x1000012=Probe Basic; 
2026-08-04 15:42:53.444  | card1-HDMI-A-1=disconnected,Off card1-HDMI-A-2=disconnected,Off |aud:closed |act:0x2000003 |win:0xc00003=xfce4-panel; 0x2000003=Terminal - ⠂ Check mac; 0x140003e=• Discord | #general |; 0x1000012=Probe Basic; 
2026-08-04 15:42:55.561  | card1-HDMI-A-1=disconnected,Off card1-HDMI-A-2=disconnected,Off |aud:closed |act:0x2000003 |win:0xc00003=xfce4-panel; 0x2000003=Terminal - ⠐ Check mac; 0x140003e=• Discord | #general |; 0x1000012=Probe Basic; 
2026-08-04 15:42:56.616  | card1-HDMI-A-1=disconnected,Off card1-HDMI-A-2=disconnected,Off |aud:closed |act:0x2000003 |win:0xc00003=xfce4-panel; 0x2000003=Terminal - ⠂ Check mac; 0x140003e=• Discord | #general |; 0x1000012=Probe Basic; 
2026-08-04 15:42:57.678  | card1-HDMI-A-1=disconnected,Off card1-HDMI-A-2=disconnected,Off |aud:closed |act:0x2000003 |win:0xc00003=xfce4-panel; 0x2000003=Terminal - ⠐ Check mac; 0x140003e=• Discord | #general |; 0x1000012=Probe Basic; 
2026-08-04 15:42:58.724  | card1-HDMI-A-1=disconnected,Off card1-HDMI-A-2=disconnected,Off |aud:closed |act:0x2000003 |win:0xc00003=xfce4-panel; 0x2000003=Terminal - ⠂ Check mac; 0x140003e=• Discord | #general |; 0x1000012=Probe Basic; 
2026-08-04 15:42:59.770  | card1-HDMI-A-1=disconnected,Off card1-HDMI-A-2=disconnected,Off |aud:closed |act:0x2000003 |win:0xc00003=xfce4-panel; 0x2000003=Terminal - ⠐ Check mac; 0x140003e=• Discord | #general |; 0x1000012=Probe Basic; 
2026-08-04 15:43:00.818  | card1-HDMI-A-1=disconnected,Off card1-HDMI-A-2=disconnected,Off |aud:closed |act:0x2000003 |win:0xc00003=xfce4-panel; 0x2000003=Terminal - ⠂ Check mac; 0x140003e=• Discord | #general |; 0x1000012=Probe Basic; 
2026-08-04 15:43:01.862  | card1-HDMI-A-1=disconnected,Off card1-HDMI-A-2=disconnected,Off |aud:closed |act:0x2000003 |win:0xc00003=xfce4-panel; 0x2000003=Terminal - ⠐ Check mac; 0x140003e=• Discord | #general |; 0x1000012=Probe Basic; 
2026-08-04 15:43:02.917  | card1-HDMI-A-1=disconnected,Off card1-HDMI-A-2=disconnected,Off |aud:closed |act:0x2000003 |win:0xc00003=xfce4-panel; 0x2000003=Terminal - ⠂ Check mac; 0x140003e=• Discord | #general |; 0x1000012=Probe Basic; 
2026-08-04 15:43:03.961  | card1-HDMI-A-1=disconnected,Off card1-HDMI-A-2=disconnected,Off |aud:closed |act:0x2000003 |win:0xc00003=xfce4-panel; 0x2000003=Terminal - ⠐ Check mac; 0x140003e=• Discord | #general |; 0x1000012=Probe Basic; 
2026-08-04 15:43:05.004  | card1-HDMI-A-1=disconnected,Off card1-HDMI-A-2=disconnected,Off |aud:closed |act:0x2000003 |win:0xc00003=xfce4-panel; 0x2000003=Terminal - ⠂ Check mac; 0x140003e=• Discord | #general |; 0x1000012=Probe Basic; 
2026-08-04 15:43:07.136  | card1-HDMI-A-1=disconnected,Off card1-HDMI-A-2=disconnected,Off |aud:closed |act:0x2000003 |win:0xc00003=xfce4-panel; 0x2000003=Terminal - ⠐ Check mac; 0x140003e=• Discord | #general |; 0x1000012=Probe Basic; 
2026-08-04 15:43:08.192  | card1-HDMI-A-1=disconnected,Off card1-HDMI-A-2=disconnected,Off |aud:closed |act:0x2000003 |win:0xc00003=xfce4-panel; 0x2000003=Terminal - ⠂ Check mac; 0x140003e=• Discord | #general |; 0x1000012=Probe Basic; 
2026-08-04 15:43:09.244  | card1-HDMI-A-1=disconnected,Off card1-HDMI-A-2=disconnected,Off |aud:closed |act:0x2000003 |win:0xc00003=xfce4-panel; 0x2000003=Terminal - ⠐ Check mac; 0x140003e=• Discord | #general |; 0x1000012=Probe Basic; 
2026-08-04 15:43:10.289  | card1-HDMI-A-1=disconnected,Off card1-HDMI-A-2=disconnected,Off |aud:closed |act:0x2000003 |win:0xc00003=xfce4-panel; 0x2000003=Terminal - ⠂ Check mac; 0x140003e=• Discord | #general |; 0x1000012=Probe Basic; 
2026-08-04 15:43:11.352  | card1-HDMI-A-1=disconnected,Off card1-HDMI-A-2=disconnected,Off |aud:closed |act:0x2000003 |win:0xc00003=xfce4-panel; 0x2000003=Terminal - ⠐ Check mac; 0x140003e=• Discord | #general |; 0x1000012=Probe Basic; 
2026-08-04 15:43:12.408  | card1-HDMI-A-1=disconnected,Off card1-HDMI-A-2=disconnected,Off |aud:closed |act:0x2000003 |win:0xc00003=xfce4-panel; 0x2000003=Terminal - ⠂ Check mac; 0x140003e=• Discord | #general |; 0x1000012=Probe Basic; 
2026-08-04 15:43:13.475  | card1-HDMI-A-1=disconnected,Off card1-HDMI-A-2=disconnected,Off |aud:closed |act:0x2000003 |win:0xc00003=xfce4-panel; 0x2000003=Terminal - ⠐ Check mac; 0x140003e=• Discord | #general |; 0x1000012=Probe Basic; 
2026-08-04 15:43:14.530  | card1-HDMI-A-1=disconnected,Off card1-HDMI-A-2=disconnected,Off |aud:closed |act:0x2000003 |win:0xc00003=xfce4-panel; 0x2000003=Terminal - ⠂ Check mac; 0x140003e=• Discord | #general |; 0x1000012=Probe Basic; 
2026-08-04 15:43:15.582  | card1-HDMI-A-1=disconnected,Off card1-HDMI-A-2=disconnected,Off |aud:closed |act:0x2000003 |win:0xc00003=xfce4-panel; 0x2000003=Terminal - ⠐ Check mac; 0x140003e=• Discord | #general |; 0x1000012=Probe Basic; 
2026-08-04 15:43:17.678  | card1-HDMI-A-1=disconnected,Off card1-HDMI-A-2=disconnected,Off |aud:closed |act:0x2000003 |win:0xc00003=xfce4-panel; 0x2000003=Terminal - ⠂ Check mac; 0x140003e=• Discord | #general |; 0x1000012=Probe Basic; 
2026-08-04 15:43:18.731  | card1-HDMI-A-1=disconnected,Off card1-HDMI-A-2=disconnected,Off |aud:closed |act:0x2000003 |win:0xc00003=xfce4-panel; 0x2000003=Terminal - ⠐ Check mac; 0x140003e=• Discord | #general |; 0x1000012=Probe Basic; 
2026-08-04 15:43:19.776  | card1-HDMI-A-1=disconnected,Off card1-HDMI-A-2=disconnected,Off |aud:closed |act:0x2000003 |win:0xc00003=xfce4-panel; 0x2000003=Terminal - ⠂ Check mac; 0x140003e=• Discord | #general |; 0x1000012=Probe Basic; 
2026-08-04 15:43:20.836  | card1-HDMI-A-1=disconnected,Off card1-HDMI-A-2=disconnected,Off |aud:closed |act:0x2000003 |win:0xc00003=xfce4-panel; 0x2000003=Terminal - ⠐ Check mac; 0x140003e=• Discord | #general |; 0x1000012=Probe Basic; 
2026-08-04 15:43:21.888  | card1-HDMI-A-1=disconnected,Off card1-HDMI-A-2=disconnected,Off |aud:closed |act:0x2000003 |win:0xc00003=xfce4-panel; 0x2000003=Terminal - ⠂ Check mac; 0x140003e=• Discord | #general |; 0x1000012=Probe Basic; 
2026-08-04 15:43:22.934  | card1-HDMI-A-1=disconnected,Off card1-HDMI-A-2=disconnected,Off |aud:closed |act:0x2000003 |win:0xc00003=xfce4-panel; 0x2000003=Terminal - ⠐ Check mac; 0x140003e=• Discord | #general |; 0x1000012=Probe Basic; 
2026-08-04 15:43:23.989  | card1-HDMI-A-1=disconnected,Off card1-HDMI-A-2=disconnected,Off |aud:closed |act:0x2000003 |win:0xc00003=xfce4-panel; 0x2000003=Terminal - ⠂ Check mac; 0x140003e=• Discord | #general |; 0x1000012=Probe Basic; 
2026-08-04 15:43:25.035  | card1-HDMI-A-1=disconnected,Off card1-HDMI-A-2=disconnected,Off |aud:closed |act:0x2000003 |win:0xc00003=xfce4-panel; 0x2000003=Terminal - ⠐ Check mac; 0x140003e=• Discord | #general |; 0x1000012=Probe Basic; 
2026-08-04 15:43:26.136  | card1-HDMI-A-1=disconnected,Off card1-HDMI-A-2=disconnected,Off |aud:closed |act:0x2000003 |win:0xc00003=xfce4-panel; 0x2000003=Terminal - ⠂ Check mac; 0x140003e=• Discord | #general |; 0x1000012=Probe Basic; 
2026-08-04 15:43:28.265  | card1-HDMI-A-1=disconnected,Off card1-HDMI-A-2=disconnected,Off |aud:closed |act:0x2000003 |win:0xc00003=xfce4-panel; 0x2000003=Terminal - ⠐ Check mac; 0x140003e=• Discord | #general |; 0x1000012=Probe Basic; 
2026-08-04 15:43:29.311  | card1-HDMI-A-1=disconnected,Off card1-HDMI-A-2=disconnected,Off |aud:closed |act:0x2000003 |win:0xc00003=xfce4-panel; 0x2000003=Terminal - ⠂ Check mac; 0x140003e=• Discord | #general |; 0x1000012=Probe Basic; 
2026-08-04 15:43:30.362  | card1-HDMI-A-1=disconnected,Off card1-HDMI-A-2=disconnected,Off |aud:closed |act:0x2000003 |win:0xc00003=xfce4-panel; 0x2000003=Terminal - ⠐ Check mac; 0x140003e=• Discord | #general |; 0x1000012=Probe Basic; 
2026-08-04 15:43:31.422  | card1-HDMI-A-1=disconnected,Off card1-HDMI-A-2=disconnected,Off |aud:closed |act:0x2000003 |win:0xc00003=xfce4-panel; 0x2000003=Terminal - ⠂ Check mac; 0x140003e=• Discord | #general |; 0x1000012=Probe Basic; 
2026-08-04 15:43:32.473  | card1-HDMI-A-1=disconnected,Off card1-HDMI-A-2=disconnected,Off |aud:closed |act:0x2000003 |win:0xc00003=xfce4-panel; 0x2000003=Terminal - ⠐ Check mac; 0x140003e=• Discord | #general |; 0x1000012=Probe Basic; 
2026-08-04 15:43:33.519  | card1-HDMI-A-1=disconnected,Off card1-HDMI-A-2=disconnected,Off |aud:closed |act:0x2000003 |win:0xc00003=xfce4-panel; 0x2000003=Terminal - ⠂ Check mac; 0x140003e=• Discord | #general |; 0x1000012=Probe Basic; 
2026-08-04 15:43:34.567  | card1-HDMI-A-1=disconnected,Off card1-HDMI-A-2=disconnected,Off |aud:closed |act:0x2000003 |win:0xc00003=xfce4-panel; 0x2000003=Terminal - ⠐ Check mac; 0x140003e=• Discord | #general |; 0x1000012=Probe Basic; 
2026-08-04 15:43:35.619  | card1-HDMI-A-1=disconnected,Off card1-HDMI-A-2=disconnected,Off |aud:closed |act:0x2000003 |win:0xc00003=xfce4-panel; 0x2000003=Terminal - ⠂ Check mac; 0x140003e=• Discord | #general |; 0x1000012=Probe Basic; 
2026-08-04 15:43:36.669  | card1-HDMI-A-1=disconnected,Off card1-HDMI-A-2=disconnected,Off |aud:closed |act:0x2000003 |win:0xc00003=xfce4-panel; 0x2000003=Terminal - ⠐ Check mac; 0x140003e=• Discord | #general |; 0x1000012=Probe Basic; 
2026-08-04 15:43:38.786  | card1-HDMI-A-1=disconnected,Off card1-HDMI-A-2=disconnected,Off |aud:closed |act:0x2000003 |win:0xc00003=xfce4-panel; 0x2000003=Terminal - ⠂ Check mac; 0x140003e=• Discord | #general |; 0x1000012=Probe Basic; 
2026-08-04 15:43:39.840  | card1-HDMI-A-1=disconnected,Off card1-HDMI-A-2=disconnected,Off |aud:closed |act:0x2000003 |win:0xc00003=xfce4-panel; 0x2000003=Terminal - ⠐ Check mac; 0x140003e=• Discord | #general |; 0x1000012=Probe Basic; 
2026-08-04 15:43:40.891  | card1-HDMI-A-1=disconnected,Off card1-HDMI-A-2=disconnected,Off |aud:closed |act:0x2000003 |win:0xc00003=xfce4-panel; 0x2000003=Terminal - ⠂ Check mac; 0x140003e=• Discord | #general |; 0x1000012=Probe Basic; 
2026-08-04 15:43:41.943  | card1-HDMI-A-1=disconnected,Off card1-HDMI-A-2=disconnected,Off |aud:closed |act:0x2000003 |win:0xc00003=xfce4-panel; 0x2000003=Terminal - ⠐ Check mac; 0x140003e=• Discord | #general |; 0x1000012=Probe Basic; 
2026-08-04 15:43:43.009  | card1-HDMI-A-1=disconnected,Off card1-HDMI-A-2=disconnected,Off |aud:closed |act:0x2000003 |win:0xc00003=xfce4-panel; 0x2000003=Terminal - ⠂ Check mac; 0x140003e=• Discord | #general |; 0x1000012=Probe Basic; 
2026-08-04 15:43:44.061  | card1-HDMI-A-1=disconnected,Off card1-HDMI-A-2=disconnected,Off |aud:closed |act:0x2000003 |win:0xc00003=xfce4-panel; 0x2000003=Terminal - ⠐ Check mac; 0x140003e=• Discord | #general |; 0x1000012=Probe Basic; 
2026-08-04 15:43:45.142  | card1-HDMI-A-1=disconnected,Off card1-HDMI-A-2=disconnected,Off |aud:closed |act:0x2000003 |win:0xc00003=xfce4-panel; 0x2000003=Terminal - ⠂ Check mac; 0x140003e=• Discord | #general |; 0x1000012=Probe Basic; 
2026-08-04 15:43:46.191  | card1-HDMI-A-1=disconnected,Off card1-HDMI-A-2=disconnected,Off |aud:closed |act:0x2000003 |win:0xc00003=xfce4-panel; 0x2000003=Terminal - ⠐ Check mac; 0x140003e=• Discord | #general |; 0x1000012=Probe Basic; 
2026-08-04 15:43:47.232  | card1-HDMI-A-1=disconnected,Off card1-HDMI-A-2=disconnected,Off |aud:closed |act:0x2000003 |win:0xc00003=xfce4-panel; 0x2000003=Terminal - ⠂ Check mac; 0x140003e=• Discord | #general |; 0x1000012=Probe Basic; 
2026-08-04 15:43:48.286  | card1-HDMI-A-1=disconnected,Off card1-HDMI-A-2=disconnected,Off |aud:closed |act:0x2000003 |win:0xc00003=xfce4-panel; 0x2000003=Terminal - ⠐ Check mac; 0x140003e=• Discord | #general |; 0x1000012=Probe Basic; 
2026-08-04 15:43:50.430  | card1-HDMI-A-1=disconnected,Off card1-HDMI-A-2=disconnected,Off |aud:closed |act:0x2000003 |win:0xc00003=xfce4-panel; 0x2000003=Terminal - ⠂ Check mac; 0x140003e=• Discord | #general |; 0x1000012=Probe Basic; 
2026-08-04 15:43:51.481  | card1-HDMI-A-1=disconnected,Off card1-HDMI-A-2=disconnected,Off |aud:closed |act:0x2000003 |win:0xc00003=xfce4-panel; 0x2000003=Terminal - ⠐ Check mac; 0x140003e=• Discord | #general |; 0x1000012=Probe Basic; 
2026-08-04 15:43:52.542  | card1-HDMI-A-1=disconnected,Off card1-HDMI-A-2=disconnected,Off |aud:closed |act:0x2000003 |win:0xc00003=xfce4-panel; 0x2000003=Terminal - ⠂ Check mac; 0x140003e=• Discord | #general |; 0x1000012=Probe Basic; 
2026-08-04 15:43:53.601  | card1-HDMI-A-1=disconnected,Off card1-HDMI-A-2=disconnected,Off |aud:closed |act:0x2000003 |win:0xc00003=xfce4-panel; 0x2000003=Terminal - ⠐ Check mac; 0x140003e=• Discord | #general |; 0x1000012=Probe Basic; 
2026-08-04 15:43:54.667  | card1-HDMI-A-1=disconnected,Off card1-HDMI-A-2=disconnected,Off |aud:closed |act:0x2000003 |win:0xc00003=xfce4-panel; 0x2000003=Terminal - ⠂ Check mac; 0x140003e=• Discord | #general |; 0x1000012=Probe Basic; 
2026-08-04 15:43:55.718  | card1-HDMI-A-1=disconnected,Off card1-HDMI-A-2=disconnected,Off |aud:closed |act:0x2000003 |win:0xc00003=xfce4-panel; 0x2000003=Terminal - ⠐ Check mac; 0x140003e=• Discord | #general |; 0x1000012=Probe Basic; 
2026-08-04 15:43:56.760  | card1-HDMI-A-1=disconnected,Off card1-HDMI-A-2=disconnected,Off |aud:closed |act:0x2000003 |win:0xc00003=xfce4-panel; 0x2000003=Terminal - ⠂ Check mac; 0x140003e=• Discord | #general |; 0x1000012=Probe Basic; 
2026-08-04 15:43:57.807  | card1-HDMI-A-1=disconnected,Off card1-HDMI-A-2=disconnected,Off |aud:closed |act:0x2000003 |win:0xc00003=xfce4-panel; 0x2000003=Terminal - ⠐ Check mac; 0x140003e=• Discord | #general |; 0x1000012=Probe Basic; 
2026-08-04 15:43:58.851  | card1-HDMI-A-1=disconnected,Off card1-HDMI-A-2=disconnected,Off |aud:closed |act:0x2000003 |win:0xc00003=xfce4-panel; 0x2000003=Terminal - ⠂ Check mac; 0x140003e=• Discord | #general |; 0x1000012=Probe Basic; 
2026-08-04 15:44:00.967  | card1-HDMI-A-1=disconnected,Off card1-HDMI-A-2=disconnected,Off |aud:closed |act:0x2000003 |win:0xc00003=xfce4-panel; 0x2000003=Terminal - ⠐ Check mac; 0x140003e=• Discord | #general |; 0x1000012=Probe Basic; 
2026-08-04 15:44:02.012  | card1-HDMI-A-1=disconnected,Off card1-HDMI-A-2=disconnected,Off |aud:closed |act:0x2000003 |win:0xc00003=xfce4-panel; 0x2000003=Terminal - ⠂ Check mac; 0x140003e=• Discord | #general |; 0x1000012=Probe Basic; 
2026-08-04 15:44:03.057  | card1-HDMI-A-1=disconnected,Off card1-HDMI-A-2=disconnected,Off |aud:closed |act:0x2000003 |win:0xc00003=xfce4-panel; 0x2000003=Terminal - ⠐ Check mac; 0x140003e=• Discord | #general |; 0x1000012=Probe Basic; 
2026-08-04 15:44:04.120  | card1-HDMI-A-1=disconnected,Off card1-HDMI-A-2=disconnected,Off |aud:closed |act:0x2000003 |win:0xc00003=xfce4-panel; 0x2000003=Terminal - ⠂ Check mac; 0x140003e=• Discord | #general |; 0x1000012=Probe Basic; 
2026-08-04 15:44:05.180  | card1-HDMI-A-1=disconnected,Off card1-HDMI-A-2=disconnected,Off |aud:closed |act:0x2000003 |win:0xc00003=xfce4-panel; 0x2000003=Terminal - ⠐ Check mac; 0x140003e=• Discord | #general |; 0x1000012=Probe Basic; 
2026-08-04 15:44:06.234  | card1-HDMI-A-1=disconnected,Off card1-HDMI-A-2=disconnected,Off |aud:closed |act:0x2000003 |win:0xc00003=xfce4-panel; 0x2000003=Terminal - ⠂ Check mac; 0x140003e=• Discord | #general |; 0x1000012=Probe Basic; 
2026-08-04 15:44:07.287  | card1-HDMI-A-1=disconnected,Off card1-HDMI-A-2=disconnected,Off |aud:closed |act:0x2000003 |win:0xc00003=xfce4-panel; 0x2000003=Terminal - ⠐ Check mac; 0x140003e=• Discord | #general |; 0x1000012=Probe Basic; 
2026-08-04 15:44:08.348  | card1-HDMI-A-1=disconnected,Off card1-HDMI-A-2=disconnected,Off |aud:closed |act:0x2000003 |win:0xc00003=xfce4-panel; 0x2000003=Terminal - ⠂ Check mac; 0x140003e=• Discord | #general |; 0x1000012=Probe Basic; 
2026-08-04 15:44:09.401  | card1-HDMI-A-1=disconnected,Off card1-HDMI-A-2=disconnected,Off |aud:closed |act:0x2000003 |win:0xc00003=xfce4-panel; 0x2000003=Terminal - ⠐ Check mac; 0x140003e=• Discord | #general |; 0x1000012=Probe Basic; 
                                                                                                                                                                                                                                                                                                                                                                                                                                                                                                                                                                                                                                                                                                                                                                                                                                                                                                   