ned_brain: TELEOP re-entered (machine ON + homed) -> MPG live
[qtpyvcp.user_tab..user_tabs/][[36mINFO[0m]  RACK MAP: var file refreshed (300 params, mtime 11:43:35) (rack_map.py:153)
[qtpyvcp.user_tab..user_tabs/][[36mINFO[0m]  StartA: cal_a_zero issued with centre -73.0519 -1429.3940 top -462.0033 (ned_controls.py:1019)
[qtpyvcp.user_tab..user_tabs/][[36mINFO[0m]  JOG status: MOVING — 0.0 mm/s (ned_controls.py:1896)
[qtpyvcp.user_tab..user_tabs/][[36mINFO[0m]  RACK MAP: var file refreshed (300 params, mtime 11:43:37) (rack_map.py:153)
[qtpyvcp.user_tab..user_tabs/][[36mINFO[0m]  RACK MAP: var file refreshed (300 params, mtime 11:44:00) (rack_map.py:153)
[qtpyvcp.user_tab..user_tabs/][[36mINFO[0m]  RACK MAP: var file refreshed (300 params, mtime 11:44:07) (rack_map.py:153)
[qtpyvcp.user_tab..user_tabs/][[36mINFO[0m]  RACK MAP: var file refreshed (300 params, mtime 11:44:13) (rack_map.py:153)
[qtpyvcp.user_tab..user_tabs/][[36mINFO[0m]  RACK MAP: var file refreshed (300 params, mtime 11:44:45) (rack_map.py:153)
[qtpyvcp.user_tab..user_tabs/][[36mINFO[0m]  RACK MAP: var file refreshed (300 params, mtime 11:44:52) (rack_map.py:153)
 CAL A BEFORE: y at -20 = -1447.308000, y at -50 = -1447.944000, DELTA Y = -0.636000
 CAL A: tilt -1.214489 deg over 30.000000 mm - rotating A by 1.214489 deg
[qtpyvcp.user_tab..user_tabs/][[36mINFO[0m]  RACK MAP: var file refreshed (300 params, mtime 11:44:57) (rack_map.py:153)
[qtpyvcp.user_tab..user_tabs/][[36mINFO[0m]  RACK MAP: var file refreshed (300 params, mtime 11:45:33) (rack_map.py:153)
_pythonToCppCopy: Cannot copy-convert 0x7f55330080 (dict) to C++.
[qtpyvcp.widgets.button_widgets.vcpvar_button][[33mWARNING[0m]  VCPVarPushButton: Cannot write parameter - machine not in safe state (vcpvar_button.py:317)
[qtpyvcp.user_tab..user_tabs/][[36mINFO[0m]  RACK MAP: var file refreshed (300 params, mtime 11:45:37) (rack_map.py:153)
USRMOT: ERROR: invalid command
Probe is already tripped when starting G38.2 or G38.3 move
[qtpyvcp.user_tab..user_tabs/][[36mINFO[0m]  JOG status: IDLE — ready (ned_controls.py:1896)
[qtpyvcp.plugins.notifications][[31mERROR[0m]  Probe is already tripped when 
 starting G38.2 or G38.3 move 
 (notifications.py:154)
ned_brain: program/MDI done (motion complete) -> MANUAL + teleop (MPG live)
ned_brain: TELEOP re-entered (machine ON + homed) -> MPG live
[qtpyvcp.user_tab..user_tabs/][[36mINFO[0m]  RACK MAP: var file refreshed (300 params, mtime 11:45:39) (rack_map.py:153)
[qtpyvcp.widgets.display_widgets.vtk_backplot.vtk_backplot][[33mWARNING[0m]  Python backplot parse error in /home/brains/Documents/ned/configs/ned5_pb/subroutines/cal_a_zero.ngc line 46: Unclosed comment found (vtk_backplot.py:977)
[qtpyvcp.widgets.display_widgets.vtk_backplot.vtk_backplot][[33mWARNING[0m]  Python backplot parse error in /home/brains/Documents/ned/configs/ned5_pb/subroutines/cal_a_zero.ngc line 46: Unclosed comment found (vtk_backplot.py:977)
[qtpyvcp.widgets.display_widgets.vtk_backplot.vtk_backplot][[33mWARNING[0m]  Python backplot parse error in /home/brains/Documents/ned/configs/ned5_pb/subroutines/cal_a_zero.ngc line 46: Unclosed comment found (vtk_backplot.py:977)
[qtpyvcp.widgets.display_widgets.vtk_backplot.vtk_backplot][[33mWARNING[0m]  Python backplot parse error in /home/brains/Documents/ned/configs/ned5_pb/subroutines/cal_a_zero.ngc line 46: Unclosed comment found (vtk_backplot.py:977)
Shutting down and cleaning up LinuxCNC...
ned_pendant EXIT on signal 15 (SIGTERM)
ned_brain: ned_brain EXIT on signal 15 (SIGTERM)
ned_pendant exited (atexit; normal interpreter exit)
ned_brain: ned_brain exited (atexit; normal interpreter exit)
ned_brain: stored_home.json final save at exit
hm2_eth: in hm2_eth_reset
hm2_eth: HostMot2 ethernet driver unloaded
hm2: unloading
Note: Using POSIX realtime

Script done on 2026-08-03 11:52:13-04:00 [COMMAND_EXIT_CODE="0"]

==================== LinuxCNC start (PROBE BASIC)  2026-08-03 11:52:14 ====================
Script started on 2026-08-03 11:52:14-04:00 [COMMAND="linuxcnc '/home/brains/Documents/ned/configs/ned5_pb/ned5_pb.ini'" TERM="xterm-256color" TTY="/dev/pts/4" COLUMNS="190" LINES="57"]
LINUXCNC - 2.9.8
Machine configuration directory is '/home/brains/Documents/ned/configs/ned5_pb'
Machine configuration file is 'ned5_pb.ini.expanded'
Starting LinuxCNC...
linuxcnc TPMOD=tpmod HOMEMOD=homemod EMCMOT=motmod
Note: Using POSIX realtime
Found file(REL): ./../ned5/ned5_iron.hal
hm2: loading Mesa HostMot2 driver version 0.15
hm2_eth: loading Mesa AnyIO HostMot2 ethernet driver version 0.2
hm2_eth: 10.10.10.10: INFO: Hardware address (MAC): 00:60:1b:17:81:5d
hm2_eth: discovered 7I97T
hm2/hm2_7i97.0: Low Level init 0.15
hm2/hm2_7i97.0: Smart Serial Firmware Version 43
Board hm2_7i97.0.7i84.0.0 Hardware Mode 0 = standard
Board hm2_7i97.0.7i84.0.0 Software Mode 0 = input_output
Board hm2_7i97.0.7i84.0.0 Software Mode 1 = io_analog_fieldvoltage
Board hm2_7i97.0.7i84.0.0 Software Mode 2 = io_encoder_analog
hm2/hm2_7i97.0: created PktUART Interface function hm2_7i97.0.pktuart.0.
hm2/hm2_7i97.0: 51 I/O Pins used:
hm2/hm2_7i97.0:     IO Pin 000 (TB3-04): PWMGen #0, pin Out0 (PWM or Up) (Output)
hm2/hm2_7i97.0:     IO Pin 001 (TB3-08): PWMGen #1, pin Out0 (PWM or Up) (Output)
hm2/hm2_7i97.0:     IO Pin 002 (TB3-12): PWMGen #2, pin Out0 (PWM or Up) (Output)
hm2/hm2_7i97.0:     IO Pin 003 (TB3-16): PWMGen #3, pin Out0 (PWM or Up) (Output)
hm2/hm2_7i97.0:     IO Pin 004 (TB3-20): PWMGen #4, pin Out0 (PWM or Up) (Output)
hm2/hm2_7i97.0:     IO Pin 005 (AN_ENA4): PWMGen #4, pin Not-Enable (Output)
hm2/hm2_7i97.0:     IO Pin 006 (TB3-24): PWMGen #5, pin Out0 (PWM or Up) (Output)
hm2/hm2_7i97.0:     IO Pin 007 (AN_ENA5): PWMGen #5, pin Not-Enable (Output)
hm2/hm2_7i97.0:     IO Pin 008 (AN-ENA0..3): PWMGen #0, pin Not-Enable (Output)
hm2/hm2_7i97.0:     IO Pin 009 (TB1-01/TB1-09): Muxed Encoder #0, pin Muxed A (Input)
hm2/hm2_7i97.0:     IO Pin 010 (TB1-04/TB1-12): Muxed Encoder #0, pin Muxed B (Input)
hm2/hm2_7i97.0:     IO Pin 011 (TB1-07/TB1-15): Muxed Encoder #0, pin Muxed Index (Input)
hm2/hm2_7i97.0:     IO Pin 012 (TB1-17/TB2-01): Muxed Encoder #1, pin Muxed A (Input)
hm2/hm2_7i97.0:     IO Pin 013 (TB1-20/TB2-04): Muxed Encoder #1, pin Muxed B (Input)
hm2/hm2_7i97.0:     IO Pin 014 (TB1-23/TB2-07): Muxed Encoder #1, pin Muxed Index (Input)
hm2/hm2_7i97.0:     IO Pin 015 (TB2-09/TB2-17): Muxed Encoder #2, pin Muxed A (Input)
hm2/hm2_7i97.0:     IO Pin 016 (TB2-12/TB2-20): Muxed Encoder #2, pin Muxed B (Input)
hm2/hm2_7i97.0:     IO Pin 017 (TB2-15/TB2-23): Muxed Encoder #2, pin Muxed Index (Input)
hm2/hm2_7i97.0:     IO Pin 018 (Internal EncMux): Muxed Encoder Select #0, pin Mux Select 0 (Output)
hm2/hm2_7i97.0:     IO Pin 019 (TB5-13/TB5-14): SSR #0, pin Out-00 (Output)
hm2/hm2_7i97.0:     IO Pin 020 (TB5-15/TB5-16): SSR #0, pin Out-01 (Output)
hm2/hm2_7i97.0:     IO Pin 021 (TB5-17/TB5-18): SSR #0, pin Out-02 (Output)
hm2/hm2_7i97.0:     IO Pin 022 (TB5-19/TB5-20): SSR #0, pin Out-03 (Output)
hm2/hm2_7i97.0:     IO Pin 023 (TB5-21/TB5-22): SSR #0, pin Out-04 (Output)
hm2/hm2_7i97.0:     IO Pin 024 (TB5-23/TB5-24): SSR #0, pin Out-05 (Output)
hm2/hm2_7i97.0:     IO Pin 025 (Internal InMux0): SSR #0, pin AC Ref (internal) (Output)
hm2/hm2_7i97.0:     IO Pin 026 (Internal InMux1): InMux Input Mux #0, pin addr0 (Output)
hm2/hm2_7i97.0:     IO Pin 027 (Internal InMux2): InMux Input Mux #0, pin addr1 (Output)
hm2/hm2_7i97.0:     IO Pin 028 (Internal InMux3): InMux Input Mux #0, pin addr2 (Output)
hm2/hm2_7i97.0:     IO Pin 029 (Internal InMuxData): InMux Input Mux #0, pin addr3 (Output)
hm2/hm2_7i97.0:     IO Pin 030 (TB4-15/TB4-16): InMux Input Mux #0, pin muxdata (Input)
hm2/hm2_7i97.0:     IO Pin 031 (TB4-17/TB4-18): Smart Serial Interface #0, pin rx0 (Input)
hm2/hm2_7i97.0:     IO Pin 032 (TB4-17/TB4-18): Smart Serial Interface #0, pin tx0 (Output)
hm2/hm2_7i97.0:     IO Pin 033 (P1-01/DB25-01): Smart Serial Interface #0, pin txen0 (Output)
hm2/hm2_7i97.0:     IO Pin 034 (P1-02/DB25-14): PktUART Receive Channel #0, pin RX Data (Input)
hm2/hm2_7i97.0:     IO Pin 035 (P1-03/DB25-02): PktUART Transmit Channel #0, pin TX Data (Output)
hm2/hm2_7i97.0:     IO Pin 036 (P1-04/DB25-15): StepGen #3, pin Step (Output)
hm2/hm2_7i97.0:     IO Pin 037 (P1-05/DB25-03): StepGen #3, pin Direction (Output)
hm2/hm2_7i97.0:     IO Pin 038 (P1-06/DB25-16): StepGen #2, pin Step (Output)
hm2/hm2_7i97.0:     IO Pin 039 (P1-07/DB25-04): StepGen #2, pin Direction (Output)
hm2/hm2_7i97.0:     IO Pin 040 (P1-08/DB25-17): StepGen #1, pin Step (Output)
hm2/hm2_7i97.0:     IO Pin 041 (P1-09/DB25-05): StepGen #1, pin Direction (Output)
hm2/hm2_7i97.0:     IO Pin 042 (P1-11/DB25-06): StepGen #0, pin Step (Output)
hm2/hm2_7i97.0:     IO Pin 043 (P1-13/DB25-07): StepGen #0, pin Direction (Output)
hm2/hm2_7i97.0:     IO Pin 044 (P1-15/DB25-08): IOPort
hm2/hm2_7i97.0:     IO Pin 045 (P1-17/DB25-09): IOPort
hm2/hm2_7i97.0:     IO Pin 046 (P1-19/DB25-10): IOPort
hm2/hm2_7i97.0:     IO Pin 047 (P1-21/DB25-11): IOPort
hm2/hm2_7i97.0:     IO Pin 048 (P1-23/DB25-12): IOPort
hm2/hm2_7i97.0:     IO Pin 049 (P1-25/DB25-13): IOPort
hm2/hm2_7i97.0:     IO Pin 050 (Relay2): IOPort
hm2/hm2_7i97.0: registered

identityKinematicsSetup: coordinates:XYZXAC
   Joint 0 ==> Axis X
   Joint 1 ==> Axis Y
   Joint 2 ==> Axis Z
   Joint 3 ==> Axis X
   Joint 4 ==> Axis A
   Joint 5 ==> Axis C

[qtpyvcp][[36mINFO[0m]  Logging to [33m/home/brains/Documents/ned/configs/ned5_pb/pb.log[0m (logger.py:117)
[qtpyvcp][[36mINFO[0m]  QtPyVCP Version: 0.0.0+1.g0c377e9 (opt_parser.py:222)
[qtpyvcp.utilities.info][[36mINFO[0m]  Machine appearers to be a gantry config having a double X axis (info.py:418)
[qtpyvcp.utilities.info][[36mINFO[0m]  The machine has 5 axes and 6 joints (info.py:423)
[qtpyvcp.utilities.info][[36mINFO[0m]  The Axis/Joint mapping is: (info.py:424)
[qtpyvcp.utilities.info][[36mINFO[0m]  Axis X0 --> Joint 0 (info.py:432)
[qtpyvcp.utilities.info][[36mINFO[0m]  Axis Y --> Joint 1 (info.py:432)
[qtpyvcp.utilities.info][[36mINFO[0m]  Axis Z --> Joint 2 (info.py:432)
[qtpyvcp.utilities.info][[36mINFO[0m]  Axis X1 --> Joint 3 (info.py:432)
[qtpyvcp.utilities.info][[36mINFO[0m]  Axis A --> Joint 4 (info.py:432)
[qtpyvcp.utilities.info][[36mINFO[0m]  Axis C --> Joint 5 (info.py:432)
[qtpyvcp.plugins.var_file_manager][[36mINFO[0m]  VarFileManager initialized with parameter file: /home/brains/Documents/ned/configs/ned5_pb/ned5_pb.var (var_file_manager.py:103)
[qtpyvcp.plugins.db_tool_table][[36mINFO[0m]  Tool database: /home/brains/Documents/ned/configs/ned5_pb/tool_table.db (db_tool_table.py:344)
[qtpyvcp.plugins.var_file_manager][[36mINFO[0m]  VarFileManager: Using filesystem monitoring on /home/brains/Documents/ned/configs/ned5_pb/ned5_pb.var (var_file_manager.py:137)
[qtpyvcp.plugins.var_file_manager][[36mINFO[0m]  VarFileManager: File monitoring initialized (var_file_manager.py:164)
[qtpyvcp][[36mINFO[0m]  Loading global stylesheet: [33m/home/brains/qt_pb/probe_basic/src/probe_basic/probe_basic_dark.qss[0m (application.py:181)
[qtpyvcp.hal][[36mINFO[0m]  Creating new HAL component: qtpyvcp_manualtoolchange (__init__.py:61)
[qtpyvcp.widgets.form_widgets.main_window][[36mINFO[0m]  QUiLoader plugin paths: /home/brains/qt_pb/qtpyvcp/venv/lib/python3.13/site-packages/PySide6/Qt/plugins/designer, /usr/bin/designer, /home/brains/qt_pb/qtpyvcp/src/qtpyvcp/native/widgets_cpp/gcode_editor (main_window.py:599)
[qtpyvcp.app.launcher][[33mWARNING[0m]  Qt: "QFormBuilder was unable to create a custom widget of the class 'GCodeEditor'; defaulting to base class 'QPlainTextEdit'." (launcher.py:39)
[0m[33m2026-08-03 11:52:19.769 (   2.908s) [      7F82D71BA0]vtkOpenGLRenderWindow.c:929   WARN| vtkXOpenGLRenderWindow (0x216a3430): Unable to find a valid OpenGL 3.2 or later implementation. (3.1 found). Please update your video card driver to the latest version. If you are using Mesa please make sure you have version 11.2 or later and make sure your driver in Mesa supports OpenGL 3.2 such as llvmpipe or openswr. If you are on windows and using Microsoft remote desktop note that it only supports OpenGL 3.2 with nvidia quadro cards. You can use other remoting software such as nomachine to avoid this issue.[0m
[qtpyvcp.app.launcher][[33mWARNING[0m]  Qt: "QFormBuilder was unable to create a custom widget of the class 'GCodeEditor'; defaulting to base class 'QPlainTextEdit'." (launcher.py:39)
[qtpyvcp.app.launcher][[33mWARNING[0m]  Qt: QObject::connect: No such slot QPlainTextEdit::EditorReadWrite(bool) (launcher.py:39)
[qtpyvcp.app.launcher][[33mWARNING[0m]  Qt: QObject::connect:  (sender name:   'edit_gcode_button') (launcher.py:39)
[qtpyvcp.app.launcher][[33mWARNING[0m]  Qt: QObject::connect:  (receiver name: 'gcodeEditor_2') (launcher.py:39)
[qtpyvcp.app.launcher][[33mWARNING[0m]  Qt: QObject::connect: No such slot QPlainTextEdit::findDialog() (launcher.py:39)
[qtpyvcp.app.launcher][[33mWARNING[0m]  Qt: QObject::connect:  (sender name:   'find_replace_button') (launcher.py:39)
[qtpyvcp.app.launcher][[33mWARNING[0m]  Qt: QObject::connect:  (receiver name: 'gcodeEditor_2') (launcher.py:39)
[qtpyvcp.app.launcher][[33mWARNING[0m]  Qt: QObject::connect: No such slot QPlainTextEdit::saveFile() (launcher.py:39)
[qtpyvcp.app.launcher][[33mWARNING[0m]  Qt: QObject::connect:  (sender name:   'save_button') (launcher.py:39)
[qtpyvcp.app.launcher][[33mWARNING[0m]  Qt: QObject::connect:  (receiver name: 'gcodeEditor_2') (launcher.py:39)
[qtpyvcp.app.launcher][[33mWARNING[0m]  Qt: QObject::connect: No such slot QPlainTextEdit::saveFileAs() (launcher.py:39)
[qtpyvcp.app.launcher][[33mWARNING[0m]  Qt: QObject::connect:  (sender name:   'save_as_button') (launcher.py:39)
[qtpyvcp.app.launcher][[33mWARNING[0m]  Qt: QObject::connect:  (receiver name: 'gcodeEditor_2') (launcher.py:39)
[qtpyvcp.ned_homing_menu][[36mINFO[0m]  NED Homing menu constructed: 6 supervised actions (stock HomingMenu replaced at config level) (ned_homing_menu.py:92)
[qtpyvcp.QtPyVCP.probe_basic.probe_basic][[36mINFO[0m]  [ATC] Loading rack ATC (probe_basic.py:131)
[qtpyvcp.widgets.rack_atc_widget.rack_atc][[36mINFO[0m]  [RackATC] loading QML via QQuickView: /home/brains/qt_pb/probe_basic/src/widgets/rack_atc_widget/rack_atc.qml (rack_atc.py:73)
[qtpyvcp.QtPyVCP.probe_basic.probe_basic][[33mWARNING[0m]  USER_ATC_BUTTONS_PATH not set in INI. (probe_basic.py:436)
[qtpyvcp.user_tab..user_tabs/][[36mINFO[0m]  MDI mode gate: stale isRunning gate replaced with live-motion gate (ned_controls.py:112)
[qtpyvcp.hal][[36mINFO[0m]  Creating new HAL component: ned-tab (__init__.py:61)
[qtpyvcp.user_tab..user_tabs/][[36mINFO[0m]  ned-tab HAL component ready (ned_controls.py:401)
[qtpyvcp.user_tab..user_tabs/][[36mINFO[0m]  TOOLPROBE button absent from ned_controls.ui (probe served by PB stock controls) (ned_controls.py:410)
[qtpyvcp.user_tab..user_tabs/][[36mINFO[0m]  JOG panel: soft limits loaded: A[-115..115] C[-315..315] X[-4042.72..1] Y[-1787..1] Z[-620..1] (ned_controls.py:1462)
[qtpyvcp.user_tab..user_tabs/][[36mINFO[0m]  JOG speed -> MEDIUM (F1200 mm/min, 60 deg/min) (ned_controls.py:1476)
[qtpyvcp.user_tab..user_tabs/][[36mINFO[0m]  JOG panel: 21 widgets wired (ned_controls.py:1442)
[qtpyvcp.user_tab..user_tabs/][[36mINFO[0m]  NED tab page kept: JOG & PRESETS panel is its content (ned_controls.py:471)
[qtpyvcp.user_tab..user_tabs/][[36mINFO[0m]  GUI numbering badges OFF (create ned/gui_badges_on to enable) (ned_controls.py:489)
[qtpyvcp.user_tab..user_tabs/][[36mINFO[0m]  RACK MAP: 107 widgets wired (15 pockets + sync row) (rack_map.py:107)
[qtpyvcp.user_tab..user_tabs/][[36mINFO[0m]  RACK MAP: parameter file: /home/brains/Documents/ned/configs/ned5_pb/ned5_pb.var (rack_map.py:130)
[qtpyvcp.user_tab..user_tabs/][[36mINFO[0m]  RACK MAP: var file refreshed (300 params, mtime 11:52:15) (rack_map.py:153)
[qtpyvcp.QtPyVCP.probe_basic.probe_basic][[36mINFO[0m]  [user_buttons] base path from INI: user_buttons/ -> /home/brains/Documents/ned/configs/ned5_pb/user_buttons (probe_basic.py:476)
[qtpyvcp.QtPyVCP.probe_basic.probe_basic][[36mINFO[0m]  [user_buttons] candidate: /home/brains/Documents/ned/configs/ned5_pb/user_buttons/template_user_buttons/template_user_buttons.py (probe_basic.py:486)
[qtpyvcp.QtPyVCP.probe_basic.probe_basic][[36mINFO[0m]  [user_buttons] added user_buttons.user_buttons.template_user_buttons (probe_basic.py:496)
[qtpyvcp.QtPyVCP.probe_basic.probe_basic][[36mINFO[0m]  Jog display set from INI: geometry=XYZAC index=5 (probe_basic.py:233)
[qtpyvcp.QtPyVCP.probe_basic.probe_basic][[36mINFO[0m]  Toggle tooltips: enabled=False (probe_basic.py:324)
[qtpyvcp.QtPyVCP.probe_basic.probe_basic][[36mINFO[0m]  Toggled 0 tooltips (probe_basic.py:335)
[qtpyvcp.app.launcher][[36mINFO[0m]  Loading POSTGUI_HALFILE: /home/brains/Documents/ned/configs/ned5_pb/postgui_pb.hal (launcher.py:196)
ned_brain: ==== ned_brain start ==== (resume=False head_zero={'a': (36, 44350458), 'c': (-168, 4280673)} gears={'a': 128.25, 'c': 203.7471})
ned_pendant: ready -- increments [0.01, 0.05, 0.1, 0.5, 1.0] (from [DISPLAY]INCREMENTS), tap=next axis, double-tap=back, press+wheel=jump size, double-tap+hold+wheel=feed override
[qtpyvcp.app.launcher][[33mWARNING[0m]  Qt: dbus reply error: [ "org.freedesktop.DBus.Error.ServiceUnknown" ] "The name org.freedesktop.portal.Desktop was not provided by any .service files" (launcher.py:39)
[qtpyvcp.app.launcher][[33mWARNING[0m]  Qt: dbus reply error: [ "org.freedesktop.DBus.Error.ServiceUnknown" ] "The name org.freedesktop.portal.Desktop was not provided by any .service files" (launcher.py:39)
ned_brain: HEADREAD C start (R4 set, SEN about to drop -> A/C locked)
[qtpyvcp.app.launcher][[33mWARNING[0m]  PyWarning RuntimeWarning: libpyside: Failed to disconnect (None) from signal "pressed()". (/home/brains/Documents/ned/configs/ned5_pb/user_tabs/ned_controls/ned_controls.py:2054) (launcher.py:45)
[qtpyvcp.app.launcher][[33mWARNING[0m]  PyWarning RuntimeWarning: libpyside: Failed to disconnect (None) from signal "released()". (/home/brains/Documents/ned/configs/ned5_pb/user_tabs/ned_controls/ned_controls.py:2054) (launcher.py:45)
[qtpyvcp.user_tab..user_tabs/][[36mINFO[0m]  LOAD SPINDLE: 5 s countdown wired on 2 button(s): load_spindle_button, load_spindle_button_2 (ned_controls.py:2074)
[qtpyvcp.user_tab..user_tabs/][[36mINFO[0m]  spindle section: chip-load placeholder in; commanded-RPM drives 2 stock label(s) (format untouched) (ned_controls.py:1981)
[qtpyvcp.user_tab..user_tabs/][[36mINFO[0m]  OVR V validated: max_velocity_slider (r1 c0, range 0..20000), max_vel_slider (c1), max_velocity_to_100_button (c2) (ned_controls.py:224)
[qtpyvcp.user_tab..user_tabs/][[36mINFO[0m]  OVR F validated: feed_override_slider (r2 c0, range 0..150), feed_override_status (c1), feed_override_to_100_button (c2) (ned_controls.py:224)
[qtpyvcp.user_tab..user_tabs/][[36mINFO[0m]  OVR S validated: spindle_override_slider (r4 c0, range 20..200), spindle_override_status (c1), spindle_override_to_100_button (c2) (ned_controls.py:224)
[qtpyvcp.user_tab..user_tabs/][[36mINFO[0m]  OVR R validated: rapid_override_slider (r5 c0, range 0..100), rapid_override_status (c1), rapid_override_to_100_button (c2) (ned_controls.py:224)
[qtpyvcp.user_tab..user_tabs/][[36mINFO[0m]  OVR V row rebuilt: [-10%][max_velocity_to_100_button live][+10%][max_vel_slider] (step 2000 slider units = 10 pct-pts; max_velocity_slider hidden, still action-bound) (ned_controls.py:340)
[qtpyvcp.user_tab..user_tabs/][[36mINFO[0m]  OVR F row rebuilt: [-10%][feed_override_to_100_button live][+10%][feed_override_status] (step 10 slider units = 10 pct-pts; feed_override_slider hidden, still action-bound) (ned_controls.py:340)
[qtpyvcp.user_tab..user_tabs/][[36mINFO[0m]  OVR S row rebuilt: [-10%][spindle_override_to_100_button live][+10%][spindle_override_status] (step 10 slider units = 10 pct-pts; spindle_override_slider hidden, still action-bound) (ned_controls.py:340)
[qtpyvcp.user_tab..user_tabs/][[36mINFO[0m]  OVR R row rebuilt: [-10%][rapid_override_to_100_button live][+10%][rapid_override_status] (step 10 slider units = 10 pct-pts; rapid_override_slider hidden, still action-bound) (ned_controls.py:340)
[qtpyvcp.user_tab..user_tabs/][[36mINFO[0m]  OVERRIDE CLUSTER: all 4 rows rebuilt per operator mockup 2026-08-01 23:11 (ned_controls.py:344)
[qtpyvcp.user_tab..user_tabs/][[36mINFO[0m]  spindle FWD/REV wired to Check countdown (no iron S1 gate) (ned_controls.py:2004)
[qtpyvcp.user_tab..user_tabs/][[36mINFO[0m]  JOG status: OFF — machine not on (ned_controls.py:1896)
[qtpyvcp.QtPyVCP.probe_basic.probe_basic][[36mINFO[0m]  [user_dros] base path from INI: /home/brains/Documents/ned/configs/ned5_pb/user_dro_display (probe_basic.py:525)
[qtpyvcp.QtPyVCP.probe_basic.probe_basic][[36mINFO[0m]  [user_dros] looking for /home/brains/Documents/ned/configs/ned5_pb/user_dro_display/xyzac_dros/dros_xyzac.py (probe_basic.py:533)
[qtpyvcp.app.launcher][[33mWARNING[0m]  PyWarning RuntimeWarning: libpyside: Failed to disconnect (None) from signal "pressed()". (/home/brains/Documents/ned/configs/ned5_pb/user_dro_display/xyzac_dros/dros_xyzac.py:157) (launcher.py:45)
[qtpyvcp.app.launcher][[33mWARNING[0m]  PyWarning RuntimeWarning: libpyside: Failed to disconnect (None) from signal "released()". (/home/brains/Documents/ned/configs/ned5_pb/user_dro_display/xyzac_dros/dros_xyzac.py:157) (launcher.py:45)
[qtpyvcp.app.launcher][[33mWARNING[0m]  PyWarning RuntimeWarning: libpyside: Failed to disconnect (None) from signal "pressed()". (/home/brains/Documents/ned/configs/ned5_pb/user_dro_display/xyzac_dros/dros_xyzac.py:157) (launcher.py:45)
[qtpyvcp.app.launcher][[33mWARNING[0m]  PyWarning RuntimeWarning: libpyside: Failed to disconnect (None) from signal "released()". (/home/brains/Documents/ned/configs/ned5_pb/user_dro_display/xyzac_dros/dros_xyzac.py:157) (launcher.py:45)
[qtpyvcp.app.launcher][[33mWARNING[0m]  PyWarning RuntimeWarning: libpyside: Failed to disconnect (None) from signal "pressed()". (/home/brains/Documents/ned/configs/ned5_pb/user_dro_display/xyzac_dros/dros_xyzac.py:157) (launcher.py:45)
[qtpyvcp.app.launcher][[33mWARNING[0m]  PyWarning RuntimeWarning: libpyside: Failed to disconnect (None) from signal "released()". (/home/brains/Documents/ned/configs/ned5_pb/user_dro_display/xyzac_dros/dros_xyzac.py:157) (launcher.py:45)
[qtpyvcp.app.launcher][[33mWARNING[0m]  PyWarning RuntimeWarning: libpyside: Failed to disconnect (None) from signal "pressed()". (/home/brains/Documents/ned/configs/ned5_pb/user_dro_display/xyzac_dros/dros_xyzac.py:157) (launcher.py:45)
[qtpyvcp.app.launcher][[33mWARNING[0m]  PyWarning RuntimeWarning: libpyside: Failed to disconnect (None) from signal "released()". (/home/brains/Documents/ned/configs/ned5_pb/user_dro_display/xyzac_dros/dros_xyzac.py:157) (launcher.py:45)
[qtpyvcp.app.launcher][[33mWARNING[0m]  PyWarning RuntimeWarning: libpyside: Failed to disconnect (None) from signal "pressed()". (/home/brains/Documents/ned/configs/ned5_pb/user_dro_display/xyzac_dros/dros_xyzac.py:157) (launcher.py:45)
[qtpyvcp.app.launcher][[33mWARNING[0m]  PyWarning RuntimeWarning: libpyside: Failed to disconnect (None) from signal "released()". (/home/brains/Documents/ned/configs/ned5_pb/user_dro_display/xyzac_dros/dros_xyzac.py:157) (launcher.py:45)
[qtpyvcp.app.launcher][[33mWARNING[0m]  PyWarning RuntimeWarning: libpyside: Failed to disconnect (None) from signal "pressed()". (/home/brains/Documents/ned/configs/ned5_pb/user_dro_display/xyzac_dros/dros_xyzac.py:157) (launcher.py:45)
[qtpyvcp.app.launcher][[33mWARNING[0m]  PyWarning RuntimeWarning: libpyside: Failed to disconnect (None) from signal "released()". (/home/brains/Documents/ned/configs/ned5_pb/user_dro_display/xyzac_dros/dros_xyzac.py:157) (launcher.py:45)
[qtpyvcp.app.launcher][[33mWARNING[0m]  PyWarning RuntimeWarning: libpyside: Failed to disconnect (None) from signal "pressed()". (/home/brains/Documents/ned/configs/ned5_pb/user_dro_display/xyzac_dros/dros_xyzac.py:177) (launcher.py:45)
[qtpyvcp.app.launcher][[33mWARNING[0m]  PyWarning RuntimeWarning: libpyside: Failed to disconnect (None) from signal "released()". (/home/brains/Documents/ned/configs/ned5_pb/user_dro_display/xyzac_dros/dros_xyzac.py:177) (launcher.py:45)
[qtpyvcp.app.launcher][[33mWARNING[0m]  PyWarning RuntimeWarning: libpyside: Failed to disconnect (None) from signal "pressed()". (/home/brains/Documents/ned/configs/ned5_pb/user_dro_display/xyzac_dros/dros_xyzac.py:177) (launcher.py:45)
[qtpyvcp.app.launcher][[33mWARNING[0m]  PyWarning RuntimeWarning: libpyside: Failed to disconnect (None) from signal "released()". (/home/brains/Documents/ned/configs/ned5_pb/user_dro_display/xyzac_dros/dros_xyzac.py:177) (launcher.py:45)
[qtpyvcp.app.launcher][[33mWARNING[0m]  PyWarning RuntimeWarning: libpyside: Failed to disconnect (None) from signal "pressed()". (/home/brains/Documents/ned/configs/ned5_pb/user_dro_display/xyzac_dros/dros_xyzac.py:177) (launcher.py:45)
[qtpyvcp.app.launcher][[33mWARNING[0m]  PyWarning RuntimeWarning: libpyside: Failed to disconnect (None) from signal "released()". (/home/brains/Documents/ned/configs/ned5_pb/user_dro_display/xyzac_dros/dros_xyzac.py:177) (launcher.py:45)
[qtpyvcp.app.launcher][[33mWARNING[0m]  PyWarning RuntimeWarning: libpyside: Failed to disconnect (None) from signal "pressed()". (/home/brains/Documents/ned/configs/ned5_pb/user_dro_display/xyzac_dros/dros_xyzac.py:177) (launcher.py:45)
[qtpyvcp.app.launcher][[33mWARNING[0m]  PyWarning RuntimeWarning: libpyside: Failed to disconnect (None) from signal "released()". (/home/brains/Documents/ned/configs/ned5_pb/user_dro_display/xyzac_dros/dros_xyzac.py:177) (launcher.py:45)
[qtpyvcp.app.launcher][[33mWARNING[0m]  PyWarning RuntimeWarning: libpyside: Failed to disconnect (None) from signal "pressed()". (/home/brains/Documents/ned/configs/ned5_pb/user_dro_display/xyzac_dros/dros_xyzac.py:190) (launcher.py:45)
[qtpyvcp.app.launcher][[33mWARNING[0m]  PyWarning RuntimeWarning: libpyside: Failed to disconnect (None) from signal "released()". (/home/brains/Documents/ned/configs/ned5_pb/user_dro_display/xyzac_dros/dros_xyzac.py:190) (launcher.py:45)
[qtpyvcp.app.launcher][[33mWARNING[0m]  PyWarning RuntimeWarning: libpyside: Failed to disconnect (None) from signal "pressed()". (/home/brains/Documents/ned/configs/ned5_pb/user_dro_display/xyzac_dros/dros_xyzac.py:190) (launcher.py:45)
[qtpyvcp.app.launcher][[33mWARNING[0m]  PyWarning RuntimeWarning: libpyside: Failed to disconnect (None) from signal "released()". (/home/brains/Documents/ned/configs/ned5_pb/user_dro_display/xyzac_dros/dros_xyzac.py:190) (launcher.py:45)
[qtpyvcp.QtPyVCP.probe_basic.probe_basic][[36mINFO[0m]  [user_dros] added user_dros.xyzac_dros.dros_xyzac (probe_basic.py:540)
[qtpyvcp.QtPyVCP.probe_basic.probe_basic][[36mINFO[0m]  [offset_dro] base path from INI: /home/brains/Documents/ned/configs/ned5_pb/user_dro_display (probe_basic.py:573)
[qtpyvcp.QtPyVCP.probe_basic.probe_basic][[36mINFO[0m]  [offset_dro] looking for /home/brains/Documents/ned/configs/ned5_pb/user_dro_display/xyzac_dros/offset_dros_xyzac.ui (probe_basic.py:580)
[qtpyvcp.QtPyVCP.probe_basic.probe_basic][[36mINFO[0m]  [offset_dro] added /home/brains/Documents/ned/configs/ned5_pb/user_dro_display/xyzac_dros/offset_dros_xyzac.ui (probe_basic.py:584)
[qtpyvcp.user_tab..user_tabs/][[36mINFO[0m]  Homing menu rebind RETIRED: config-owned NedHomingMenu provider is the single homing path (ned_controls.py:2453)
[qtpyvcp.widgets.button_widgets.vcpvar_button][[33mWARNING[0m]  VCPVarPushButton: Cannot write parameter - machine not in safe state (vcpvar_button.py:317)
[qtpyvcp.user_tab..user_tabs/][[36mINFO[0m]  JOG status: IDLE — ready (ned_controls.py:1896)
ned_brain: HEADREAD C: -0.000 deg  (mt=-168 w=4262954)
ned_brain: HEADREAD -> ini.5.home_offset = -0.0005
ned_brain: HEADREAD A start (R4 set, SEN about to drop -> A/C locked)
ned_brain: HEADREAD A: +1.202 deg  (mt=36 w=15617699)
ned_brain: HEADREAD -> ini.4.home_offset = +1.2018
ned_brain: HEAD READ armed: C=-0.000 A=+1.202
ned_brain: MACHINE ON -> head read (A/C will home IN PLACE, no motion)
[qtpyvcp.user_tab..user_tabs/][[36mINFO[0m]  JOG page takeover: jogDisplay (stock jog arrows) replaced by jp_panel at 200x730; ned tab page now empty (ned_controls.py:1353)
[qtpyvcp.user_tab..user_tabs/][[36mINFO[0m]  UNITS panel installed in settings tab (IN/MM -> G20/G21) (ned_controls.py:1621)
[qtpyvcp.user_tab..user_tabs/][[36mINFO[0m]  SUBTABS: NED CONTROLS > JOG > CLAMP built (Z travel from INI = -620.0 .. 1.0; the clamp raises the FLOOR via ini.2.min_limit and restores it on disable) (ned_controls.py:714)
[qtpyvcp.user_dros.xyzac_dros.dros_xyzac][[36mINFO[0m]  HOME banner column added left of widget_xyzac (UNHOMED until the A/C absolute read lands, then STALE, then SESSION) (dros_xyzac.py:329)
[qtpyvcp.user_dros.xyzac_dros.dros_xyzac][[36mINFO[0m]  HOME banner -> UNHOMED (dros_xyzac.py:370)
ned_brain: DECLARE: STALE frame from stored_home.json (saved 2026-08-03 11:52:12): {0: -73.055, 1: -1452.992, 2: -512.007, 3: -73.0478}
[qtpyvcp.user_tab..user_tabs/][[36mINFO[0m]  JPCOORD in 319 265 vis=0 (ned_controls.py:1679)
[qtpyvcp.user_tab..user_tabs/][[36mINFO[0m]  JPCOORD jp_clear 1771 637 vis=1 (ned_controls.py:1679)
[qtpyvcp.user_tab..user_tabs/][[36mINFO[0m]  JPCOORD jp_fast 1771 196 vis=1 (ned_controls.py:1679)
[qtpyvcp.user_tab..user_tabs/][[36mINFO[0m]  JPCOORD jp_feed_readout 1771 226 vis=1 (ned_controls.py:1679)
[qtpyvcp.user_tab..user_tabs/][[36mINFO[0m]  JPCOORD jp_go_abs 1771 674 vis=1 (ned_controls.py:1679)
[qtpyvcp.user_tab..user_tabs/][[36mINFO[0m]  JPCOORD jp_go_rel 1771 718 vis=1 (ned_controls.py:1679)
[qtpyvcp.user_tab..user_tabs/][[36mINFO[0m]  JPCOORD jp_in_a 1771 574 vis=1 (ned_controls.py:1679)
[qtpyvcp.user_tab..user_tabs/][[36mINFO[0m]  JPCOORD jp_in_c 1771 606 vis=1 (ned_controls.py:1679)
[qtpyvcp.user_tab..user_tabs/][[36mINFO[0m]  JPCOORD jp_in_x 1771 478 vis=1 (ned_controls.py:1679)
[qtpyvcp.user_tab..user_tabs/][[36mINFO[0m]  JPCOORD jp_in_y 1771 510 vis=1 (ned_controls.py:1679)
[qtpyvcp.user_tab..user_tabs/][[36mINFO[0m]  JPCOORD jp_in_z 1771 542 vis=1 (ned_controls.py:1679)
[qtpyvcp.user_tab..user_tabs/][[36mINFO[0m]  JPCOORD jp_medium 1771 162 vis=1 (ned_controls.py:1679)
[qtpyvcp.user_tab..user_tabs/][[36mINFO[0m]  JPCOORD jp_p_a0c0 1814 383 vis=1 (ned_controls.py:1679)
[qtpyvcp.user_tab..user_tabs/][[36mINFO[0m]  JPCOORD jp_p_xy0 1728 287 vis=1 (ned_controls.py:1679)
[qtpyvcp.user_tab..user_tabs/][[36mINFO[0m]  JPCOORD jp_p_xy0z10 1728 383 vis=1 (ned_controls.py:1679)
[qtpyvcp.user_tab..user_tabs/][[36mINFO[0m]  JPCOORD jp_p_xyz0 1814 287 vis=1 (ned_controls.py:1679)
[qtpyvcp.user_tab..user_tabs/][[36mINFO[0m]  JPCOORD jp_p_z0 1728 335 vis=1 (ned_controls.py:1679)
[qtpyvcp.user_tab..user_tabs/][[36mINFO[0m]  JPCOORD jp_p_zp10 1814 335 vis=1 (ned_controls.py:1679)
[qtpyvcp.user_tab..user_tabs/][[36mINFO[0m]  JPCOORD jp_slow 1771 128 vis=1 (ned_controls.py:1679)
[qtpyvcp.user_tab..user_tabs/][[36mINFO[0m]  JPCOORD jp_status_dot 1694 753 vis=1 (ned_controls.py:1679)
[qtpyvcp.user_tab..user_tabs/][[36mINFO[0m]  JPCOORD jp_status_text 1783 753 vis=1 (ned_controls.py:1679)
[qtpyvcp.user_tab..user_tabs/][[36mINFO[0m]  JPCOORD jp_stop 1771 748 vis=0 (ned_controls.py:1679)
[qtpyvcp.user_tab..user_tabs/][[36mINFO[0m]  JPCOORD mm 319 265 vis=0 (ned_controls.py:1679)
[qtpyvcp.user_dros.xyzac_dros.dros_xyzac][[36mINFO[0m]  HOME banner -> STALE (dros_xyzac.py:370)
[qtpyvcp.ned_homing_menu][[36mINFO[0m]  NED Homing menu ENABLED (ON=True, A/C in-place=True) (ned_homing_menu.py:76)
ned_brain: DECLARED HOME (zero-motion, NML 112): joints [0, 1, 2, 3, 4, 5] where they stand; homed=(1, 1, 1, 1, 1, 1) all6=True (STALE HOME until menu Home All)
ned_brain: HEADREAD C start (R4 set, SEN about to drop -> A/C locked)
ned_brain: HEADREAD C: -0.000 deg  (mt=-168 w=4262981)
ned_brain: HEADREAD -> ini.5.home_offset = -0.0005
 GOTO ZERO: at puck centre -73.051900 -1429.394000, tip 5.000000 mm above the top, A0 C0.
[qtpyvcp.user_tab..user_tabs/][[36mINFO[0m]  GOTO ZERO: cal_goto_zero issued with centre -73.0519 -1429.3940 top -462.0033 (ned_controls.py:1019)
[qtpyvcp.user_tab..user_tabs/][[36mINFO[0m]  JOG status: MOVING — 3.9 mm/s (ned_controls.py:1896)
ned_brain: HEADREAD A start (R4 set, SEN about to drop -> A/C locked)
[qtpyvcp.user_tab..user_tabs/][[36mINFO[0m]  RACK MAP: var file refreshed (300 params, mtime 11:52:36) (rack_map.py:153)
ned_brain: HEADREAD A: +1.202 deg  (mt=36 w=15618009)
ned_brain: HEADREAD -> ini.4.home_offset = +1.2018
ned_brain: HEAD READ armed: C=-0.000 A=+1.202
[qtpyvcp.user_tab..user_tabs/][[36mINFO[0m]  JOG status: IDLE — ready (ned_controls.py:1896)
ned_brain: program/MDI done (motion complete) -> MANUAL + teleop (MPG live)
ned_brain: TELEOP re-entered (machine ON + homed) -> MPG live
[qtpyvcp.user_tab..user_tabs/][[36mINFO[0m]  RACK MAP: var file refreshed (300 params, mtime 11:52:47) (rack_map.py:153)
Shutting down and cleaning up LinuxCNC...
task: 8640 cycles, min=0.000005, max=0.031884, avg=0.010104, 0 latency excursions (> 10x expected cycle time of 0.010000s)
ned_pendant EXIT on signal 15 (SIGTERM)
ned_brain: ned_brain EXIT on signal 15 (SIGTERM)
ned_pendant exited (atexit; normal interpreter exit)
ned_brain: ned_brain exited (atexit; normal interpreter exit)
ned_brain: stored_home.json final save at exit
hm2_eth: in hm2_eth_reset
hm2_eth: HostMot2 ethernet driver unloaded
hm2: unloading
Note: Using POSIX realtime

Script done on 2026-08-03 11:53:43-04:00 [COMMAND_EXIT_CODE="0"]

==================== LinuxCNC start (PROBE BASIC)  2026-08-03 11:56:13 ====================
Script started on 2026-08-03 11:56:13-04:00 [COMMAND="linuxcnc '/home/brains/Documents/ned/configs/ned5_pb/ned5_pb.ini'" TERM="xterm-256color" TTY="/dev/pts/4" COLUMNS="190" LINES="57"]
LINUXCNC - 2.9.8
Machine configuration directory is '/home/brains/Documents/ned/configs/ned5_pb'
Machine configuration file is 'ned5_pb.ini.expanded'
Starting LinuxCNC...
linuxcnc TPMOD=tpmod HOMEMOD=homemod EMCMOT=motmod
Note: Using POSIX realtime
Found file(REL): ./../ned5/ned5_iron.hal
hm2: loading Mesa HostMot2 driver version 0.15
hm2_eth: loading Mesa AnyIO HostMot2 ethernet driver version 0.2
hm2_eth: 10.10.10.10: INFO: Hardware address (MAC): 00:60:1b:17:81:5d
hm2_eth: discovered 7I97T
hm2/hm2_7i97.0: Low Level init 0.15
hm2/hm2_7i97.0: Smart Serial Firmware Version 43
Board hm2_7i97.0.7i84.0.0 Hardware Mode 0 = standard
Board hm2_7i97.0.7i84.0.0 Software Mode 0 = input_output
Board hm2_7i97.0.7i84.0.0 Software Mode 1 = io_analog_fieldvoltage
Board hm2_7i97.0.7i84.0.0 Software Mode 2 = io_encoder_analog
hm2/hm2_7i97.0: created PktUART Interface function hm2_7i97.0.pktuart.0.
hm2/hm2_7i97.0: 51 I/O Pins used:
hm2/hm2_7i97.0:     IO Pin 000 (TB3-04): PWMGen #0, pin Out0 (PWM or Up) (Output)
hm2/hm2_7i97.0:     IO Pin 001 (TB3-08): PWMGen #1, pin Out0 (PWM or Up) (Output)
hm2/hm2_7i97.0:     IO Pin 002 (TB3-12): PWMGen #2, pin Out0 (PWM or Up) (Output)
hm2/hm2_7i97.0:     IO Pin 003 (TB3-16): PWMGen #3, pin Out0 (PWM or Up) (Output)
hm2/hm2_7i97.0:     IO Pin 004 (TB3-20): PWMGen #4, pin Out0 (PWM or Up) (Output)
hm2/hm2_7i97.0:     IO Pin 005 (AN_ENA4): PWMGen #4, pin Not-Enable (Output)
hm2/hm2_7i97.0:     IO Pin 006 (TB3-24): PWMGen #5, pin Out0 (PWM or Up) (Output)
hm2/hm2_7i97.0:     IO Pin 007 (AN_ENA5): PWMGen #5, pin Not-Enable (Output)
hm2/hm2_7i97.0:     IO Pin 008 (AN-ENA0..3): PWMGen #0, pin Not-Enable (Output)
hm2/hm2_7i97.0:     IO Pin 009 (TB1-01/TB1-09): Muxed Encoder #0, pin Muxed A (Input)
hm2/hm2_7i97.0:     IO Pin 010 (TB1-04/TB1-12): Muxed Encoder #0, pin Muxed B (Input)
hm2/hm2_7i97.0:     IO Pin 011 (TB1-07/TB1-15): Muxed Encoder #0, pin Muxed Index (Input)
hm2/hm2_7i97.0:     IO Pin 012 (TB1-17/TB2-01): Muxed Encoder #1, pin Muxed A (Input)
hm2/hm2_7i97.0:     IO Pin 013 (TB1-20/TB2-04): Muxed Encoder #1, pin Muxed B (Input)
hm2/hm2_7i97.0:     IO Pin 014 (TB1-23/TB2-07): Muxed Encoder #1, pin Muxed Index (Input)
hm2/hm2_7i97.0:     IO Pin 015 (TB2-09/TB2-17): Muxed Encoder #2, pin Muxed A (Input)
hm2/hm2_7i97.0:     IO Pin 016 (TB2-12/TB2-20): Muxed Encoder #2, pin Muxed B (Input)
hm2/hm2_7i97.0:     IO Pin 017 (TB2-15/TB2-23): Muxed Encoder #2, pin Muxed Index (Input)
hm2/hm2_7i97.0:     IO Pin 018 (Internal EncMux): Muxed Encoder Select #0, pin Mux Select 0 (Output)
hm2/hm2_7i97.0:     IO Pin 019 (TB5-13/TB5-14): SSR #0, pin Out-00 (Output)
hm2/hm2_7i97.0:     IO Pin 020 (TB5-15/TB5-16): SSR #0, pin Out-01 (Output)
hm2/hm2_7i97.0:     IO Pin 021 (TB5-17/TB5-18): SSR #0, pin Out-02 (Output)
hm2/hm2_7i97.0:     IO Pin 022 (TB5-19/TB5-20): SSR #0, pin Out-03 (Output)
hm2/hm2_7i97.0:     IO Pin 023 (TB5-21/TB5-22): SSR #0, pin Out-04 (Output)
hm2/hm2_7i97.0:     IO Pin 024 (TB5-23/TB5-24): SSR #0, pin Out-05 (Output)
hm2/hm2_7i97.0:     IO Pin 025 (Internal InMux0): SSR #0, pin AC Ref (internal) (Output)
hm2/hm2_7i97.0:     IO Pin 026 (Internal InMux1): InMux Input Mux #0, pin addr0 (Output)
hm2/hm2_7i97.0:     IO Pin 027 (Internal InMux2): InMux Input Mux #0, pin addr1 (Output)
hm2/hm2_7i97.0:     IO Pin 028 (Internal InMux3): InMux Input Mux #0, pin addr2 (Output)
hm2/hm2_7i97.0:     IO Pin 029 (Internal InMuxData): InMux Input Mux #0, pin addr3 (Output)
hm2/hm2_7i97.0:     IO Pin 030 (TB4-15/TB4-16): InMux Input Mux #0, pin muxdata (Input)
hm2/hm2_7i97.0:     IO Pin 031 (TB4-17/TB4-18): Smart Serial Interface #0, pin rx0 (Input)
hm2/hm2_7i97.0:     IO Pin 032 (TB4-17/TB4-18): Smart Serial Interface #0, pin tx0 (Output)
hm2/hm2_7i97.0:     IO Pin 033 (P1-01/DB25-01): Smart Serial Interface #0, pin txen0 (Output)
hm2/hm2_7i97.0:     IO Pin 034 (P1-02/DB25-14): PktUART Receive Channel #0, pin RX Data (Input)
hm2/hm2_7i97.0:     IO Pin 035 (P1-03/DB25-02): PktUART Transmit Channel #0, pin TX Data (Output)
hm2/hm2_7i97.0:     IO Pin 036 (P1-04/DB25-15): StepGen #3, pin Step (Output)
hm2/hm2_7i97.0:     IO Pin 037 (P1-05/DB25-03): StepGen #3, pin Direction (Output)
hm2/hm2_7i97.0:     IO Pin 038 (P1-06/DB25-16): StepGen #2, pin Step (Output)
hm2/hm2_7i97.0:     IO Pin 039 (P1-07/DB25-04): StepGen #2, pin Direction (Output)
hm2/hm2_7i97.0:     IO Pin 040 (P1-08/DB25-17): StepGen #1, pin Step (Output)
hm2/hm2_7i97.0:     IO Pin 041 (P1-09/DB25-05): StepGen #1, pin Direction (Output)
hm2/hm2_7i97.0:     IO Pin 042 (P1-11/DB25-06): StepGen #0, pin Step (Output)
hm2/hm2_7i97.0:     IO Pin 043 (P1-13/DB25-07): StepGen #0, pin Direction (Output)
hm2/hm2_7i97.0:     IO Pin 044 (P1-15/DB25-08): IOPort
hm2/hm2_7i97.0:     IO Pin 045 (P1-17/DB25-09): IOPort
hm2/hm2_7i97.0:     IO Pin 046 (P1-19/DB25-10): IOPort
hm2/hm2_7i97.0:     IO Pin 047 (P1-21/DB25-11): IOPort
hm2/hm2_7i97.0:     IO Pin 048 (P1-23/DB25-12): IOPort
hm2/hm2_7i97.0:     IO Pin 049 (P1-25/DB25-13): IOPort
hm2/hm2_7i97.0:     IO Pin 050 (Relay2): IOPort
hm2/hm2_7i97.0: registered

identityKinematicsSetup: coordinates:XYZXAC
   Joint 0 ==> Axis X
   Joint 1 ==> Axis Y
   Joint 2 ==> Axis Z
   Joint 3 ==> Axis X
   Joint 4 ==> Axis A
   Joint 5 ==> Axis C

[qtpyvcp][[36mINFO[0m]  Logging to [33m/home/brains/Documents/ned/configs/ned5_pb/pb.log[0m (logger.py:117)
[qtpyvcp][[36mINFO[0m]  QtPyVCP Version: 0.0.0+1.g0c377e9 (opt_parser.py:222)
[qtpyvcp.utilities.info][[36mINFO[0m]  Machine appearers to be a gantry config having a double X axis (info.py:418)
[qtpyvcp.utilities.info][[36mINFO[0m]  The machine has 5 axes and 6 joints (info.py:423)
[qtpyvcp.utilities.info][[36mINFO[0m]  The Axis/Joint mapping is: (info.py:424)
[qtpyvcp.utilities.info][[36mINFO[0m]  Axis X0 --> Joint 0 (info.py:432)
[qtpyvcp.utilities.info][[36mINFO[0m]  Axis Y --> Joint 1 (info.py:432)
[qtpyvcp.utilities.info][[36mINFO[0m]  Axis Z --> Joint 2 (info.py:432)
[qtpyvcp.utilities.info][[36mINFO[0m]  Axis X1 --> Joint 3 (info.py:432)
[qtpyvcp.utilities.info][[36mINFO[0m]  Axis A --> Joint 4 (info.py:432)
[qtpyvcp.utilities.info][[36mINFO[0m]  Axis C --> Joint 5 (info.py:432)
[qtpyvcp.plugins.var_file_manager][[36mINFO[0m]  VarFileManager initialized with parameter file: /home/brains/Documents/ned/configs/ned5_pb/ned5_pb.var (var_file_manager.py:103)
[qtpyvcp.plugins.db_tool_table][[36mINFO[0m]  Tool database: /home/brains/Documents/ned/configs/ned5_pb/tool_table.db (db_tool_table.py:344)
[qtpyvcp.plugins.var_file_manager][[36mINFO[0m]  VarFileManager: Using filesystem monitoring on /home/brains/Documents/ned/configs/ned5_pb/ned5_pb.var (var_file_manager.py:137)
[qtpyvcp.plugins.var_file_manager][[36mINFO[0m]  VarFileManager: File monitoring initialized (var_file_manager.py:164)
[qtpyvcp][[36mINFO[0m]  Loading global stylesheet: [33m/home/brains/qt_pb/probe_basic/src/probe_basic/probe_basic_dark.qss[0m (application.py:181)
[qtpyvcp.hal][[36mINFO[0m]  Creating new HAL component: qtpyvcp_manualtoolchange (__init__.py:61)
[qtpyvcp.widgets.form_widgets.main_window][[36mINFO[0m]  QUiLoader plugin paths: /home/brains/qt_pb/qtpyvcp/venv/lib/python3.13/site-packages/PySide6/Qt/plugins/designer, /usr/bin/designer, /home/brains/qt_pb/qtpyvcp/src/qtpyvcp/native/widgets_cpp/gcode_editor (main_window.py:599)
[qtpyvcp.app.launcher][[33mWARNING[0m]  Qt: "QFormBuilder was unable to create a custom widget of the class 'GCodeEditor'; defaulting to base class 'QPlainTextEdit'." (launcher.py:39)
[0m[33m2026-08-03 11:56:18.817 (   2.528s) [      7FBA264BA0]vtkOpenGLRenderWindow.c:929   WARN| vtkXOpenGLRenderWindow (0x3bf0b390): Unable to find a valid OpenGL 3.2 or later implementation. (3.1 found). Please update your video card driver to the latest version. If you are using Mesa please make sure you have version 11.2 or later and make sure your driver in Mesa supports OpenGL 3.2 such as llvmpipe or openswr. If you are on windows and using Microsoft remote desktop note that it only supports OpenGL 3.2 with nvidia quadro cards. You can use other remoting software such as nomachine to avoid this issue.[0m
[qtpyvcp.app.launcher][[33mWARNING[0m]  Qt: "QFormBuilder was unable to create a custom widget of the class 'GCodeEditor'; defaulting to base class 'QPlainTextEdit'." (launcher.py:39)
[qtpyvcp.app.launcher][[33mWARNING[0m]  Qt: QObject::connect: No such slot QPlainTextEdit::EditorReadWrite(bool) (launcher.py:39)
[qtpyvcp.app.launcher][[33mWARNING[0m]  Qt: QObject::connect:  (sender name:   'edit_gcode_button') (launcher.py:39)
[qtpyvcp.app.launcher][[33mWARNING[0m]  Qt: QObject::connect:  (receiver name: 'gcodeEditor_2') (launcher.py:39)
[qtpyvcp.app.launcher][[33mWARNING[0m]  Qt: QObject::connect: No such slot QPlainTextEdit::findDialog() (launcher.py:39)
[qtpyvcp.app.launcher][[33mWARNING[0m]  Qt: QObject::connect:  (sender name:   'find_replace_button') (launcher.py:39)
[qtpyvcp.app.launcher][[33mWARNING[0m]  Qt: QObject::connect:  (receiver name: 'gcodeEditor_2') (launcher.py:39)
[qtpyvcp.app.launcher][[33mWARNING[0m]  Qt: QObject::connect: No such slot QPlainTextEdit::saveFile() (launcher.py:39)
[qtpyvcp.app.launcher][[33mWARNING[0m]  Qt: QObject::connect:  (sender name:   'save_button') (launcher.py:39)
[qtpyvcp.app.launcher][[33mWARNING[0m]  Qt: QObject::connect:  (receiver name: 'gcodeEditor_2') (launcher.py:39)
[qtpyvcp.app.launcher][[33mWARNING[0m]  Qt: QObject::connect: No such slot QPlainTextEdit::saveFileAs() (launcher.py:39)
[qtpyvcp.app.launcher][[33mWARNING[0m]  Qt: QObject::connect:  (sender name:   'save_as_button') (launcher.py:39)
[qtpyvcp.app.launcher][[33mWARNING[0m]  Qt: QObject::connect:  (receiver name: 'gcodeEditor_2') (launcher.py:39)
[qtpyvcp.ned_homing_menu][[36mINFO[0m]  NED Homing menu constructed: 6 supervised actions (stock HomingMenu replaced at config level) (ned_homing_menu.py:92)
[qtpyvcp.QtPyVCP.probe_basic.probe_basic][[36mINFO[0m]  [ATC] Loading rack ATC (probe_basic.py:131)
[qtpyvcp.widgets.rack_atc_widget.rack_atc][[36mINFO[0m]  [RackATC] loading QML via QQuickView: /home/brains/qt_pb/probe_basic/src/widgets/rack_atc_widget/rack_atc.qml (rack_atc.py:73)
[qtpyvcp.QtPyVCP.probe_basic.probe_basic][[33mWARNING[0m]  USER_ATC_BUTTONS_PATH not set in INI. (probe_basic.py:436)
[qtpyvcp.user_tab..user_tabs/][[36mINFO[0m]  MDI mode gate: stale isRunning gate replaced with live-motion gate (ned_controls.py:112)
[qtpyvcp.hal][[36mINFO[0m]  Creating new HAL component: ned-tab (__init__.py:61)
[qtpyvcp.user_tab..user_tabs/][[36mINFO[0m]  ned-tab HAL component ready (ned_controls.py:401)
[qtpyvcp.user_tab..user_tabs/][[36mINFO[0m]  TOOLPROBE button absent from ned_controls.ui (probe served by PB stock controls) (ned_controls.py:410)
[qtpyvcp.user_tab..user_tabs/][[36mINFO[0m]  JOG panel: soft limits loaded: A[-115..115] C[-315..315] X[-4042.72..1] Y[-1787..1] Z[-620..1] (ned_controls.py:1472)
[qtpyvcp.user_tab..user_tabs/][[36mINFO[0m]  JOG speed -> MEDIUM (F1200 mm/min, 60 deg/min) (ned_controls.py:1486)
[qtpyvcp.user_tab..user_tabs/][[36mINFO[0m]  JOG panel: 21 widgets wired (ned_controls.py:1452)
[qtpyvcp.user_tab..user_tabs/][[36mINFO[0m]  NED tab page kept: JOG & PRESETS panel is its content (ned_controls.py:471)
[qtpyvcp.user_tab..user_tabs/][[36mINFO[0m]  GUI numbering badges OFF (create ned/gui_badges_on to enable) (ned_controls.py:489)
[qtpyvcp.user_tab..user_tabs/][[36mINFO[0m]  RACK MAP: 107 widgets wired (15 pockets + sync row) (rack_map.py:107)
[qtpyvcp.user_tab..user_tabs/][[36mINFO[0m]  RACK MAP: parameter file: /home/brains/Documents/ned/configs/ned5_pb/ned5_pb.var (rack_map.py:130)
[qtpyvcp.user_tab..user_tabs/][[36mINFO[0m]  RACK MAP: var file refreshed (302 params, mtime 11:56:15) (rack_map.py:153)
[qtpyvcp.QtPyVCP.probe_basic.probe_basic][[36mINFO[0m]  [user_buttons] base path from INI: user_buttons/ -> /home/brains/Documents/ned/configs/ned5_pb/user_buttons (probe_basic.py:476)
[qtpyvcp.QtPyVCP.probe_basic.probe_basic][[36mINFO[0m]  [user_buttons] candidate: /home/brains/Documents/ned/configs/ned5_pb/user_buttons/template_user_buttons/template_user_buttons.py (probe_basic.py:486)
[qtpyvcp.QtPyVCP.probe_basic.probe_basic][[36mINFO[0m]  [user_buttons] added user_buttons.user_buttons.template_user_buttons (probe_basic.py:496)
[qtpyvcp.QtPyVCP.probe_basic.probe_basic][[36mINFO[0m]  Jog display set from INI: geometry=XYZAC index=5 (probe_basic.py:233)
[qtpyvcp.QtPyVCP.probe_basic.probe_basic][[36mINFO[0m]  Toggle tooltips: enabled=False (probe_basic.py:324)
[qtpyvcp.QtPyVCP.probe_basic.probe_basic][[36mINFO[0m]  Toggled 0 tooltips (probe_basic.py:335)
[qtpyvcp.app.launcher][[36mINFO[0m]  Loading POSTGUI_HALFILE: /home/brains/Documents/ned/configs/ned5_pb/postgui_pb.hal (launcher.py:196)
ned_brain: ==== ned_brain start ==== (resume=False head_zero={'a': (36, 44350458), 'c': (-168, 4280673)} gears={'a': 128.25, 'c': 203.7471})
ned_pendant: ready -- increments [0.01, 0.05, 0.1, 0.5, 1.0] (from [DISPLAY]INCREMENTS), tap=next axis, double-tap=back, press+wheel=jump size, double-tap+hold+wheel=feed override
[qtpyvcp.app.launcher][[33mWARNING[0m]  Qt: dbus reply error: [ "org.freedesktop.DBus.Error.ServiceUnknown" ] "The name org.freedesktop.portal.Desktop was not provided by any .service files" (launcher.py:39)
[qtpyvcp.app.launcher][[33mWARNING[0m]  Qt: dbus reply error: [ "org.freedesktop.DBus.Error.ServiceUnknown" ] "The name org.freedesktop.portal.Desktop was not provided by any .service files" (launcher.py:39)
ned_brain: HEADREAD C start (R4 set, SEN about to drop -> A/C locked)
[qtpyvcp.app.launcher][[33mWARNING[0m]  PyWarning RuntimeWarning: libpyside: Failed to disconnect (None) from signal "pressed()". (/home/brains/Documents/ned/configs/ned5_pb/user_tabs/ned_controls/ned_controls.py:2064) (launcher.py:45)
[qtpyvcp.app.launcher][[33mWARNING[0m]  PyWarning RuntimeWarning: libpyside: Failed to disconnect (None) from signal "released()". (/home/brains/Documents/ned/configs/ned5_pb/user_tabs/ned_controls/ned_controls.py:2064) (launcher.py:45)
[qtpyvcp.user_tab..user_tabs/][[36mINFO[0m]  LOAD SPINDLE: 5 s countdown wired on 2 button(s): load_spindle_button, load_spindle_button_2 (ned_controls.py:2084)
[qtpyvcp.user_tab..user_tabs/][[36mINFO[0m]  spindle section: chip-load placeholder in; commanded-RPM drives 2 stock label(s) (format untouched) (ned_controls.py:1991)
[qtpyvcp.user_tab..user_tabs/][[36mINFO[0m]  OVR V validated: max_velocity_slider (r1 c0, range 0..20000), max_vel_slider (c1), max_velocity_to_100_button (c2) (ned_controls.py:224)
[qtpyvcp.user_tab..user_tabs/][[36mINFO[0m]  OVR F validated: feed_override_slider (r2 c0, range 0..150), feed_override_status (c1), feed_override_to_100_button (c2) (ned_controls.py:224)
[qtpyvcp.user_tab..user_tabs/][[36mINFO[0m]  OVR S validated: spindle_override_slider (r4 c0, range 20..200), spindle_override_status (c1), spindle_override_to_100_button (c2) (ned_controls.py:224)
[qtpyvcp.user_tab..user_tabs/][[36mINFO[0m]  OVR R validated: rapid_override_slider (r5 c0, range 0..100), rapid_override_status (c1), rapid_override_to_100_button (c2) (ned_controls.py:224)
[qtpyvcp.user_tab..user_tabs/][[36mINFO[0m]  OVR V row rebuilt: [-10%][max_velocity_to_100_button live][+10%][max_vel_slider] (step 2000 slider units = 10 pct-pts; max_velocity_slider hidden, still action-bound) (ned_controls.py:340)
[qtpyvcp.user_tab..user_tabs/][[36mINFO[0m]  OVR F row rebuilt: [-10%][feed_override_to_100_button live][+10%][feed_override_status] (step 10 slider units = 10 pct-pts; feed_override_slider hidden, still action-bound) (ned_controls.py:340)
[qtpyvcp.user_tab..user_tabs/][[36mINFO[0m]  OVR S row rebuilt: [-10%][spindle_override_to_100_button live][+10%][spindle_override_status] (step 10 slider units = 10 pct-pts; spindle_override_slider hidden, still action-bound) (ned_controls.py:340)
[qtpyvcp.user_tab..user_tabs/][[36mINFO[0m]  OVR R row rebuilt: [-10%][rapid_override_to_100_button live][+10%][rapid_override_status] (step 10 slider units = 10 pct-pts; rapid_override_slider hidden, still action-bound) (ned_controls.py:340)
[qtpyvcp.user_tab..user_tabs/][[36mINFO[0m]  OVERRIDE CLUSTER: all 4 rows rebuilt per operator mockup 2026-08-01 23:11 (ned_controls.py:344)
[qtpyvcp.user_tab..user_tabs/][[36mINFO[0m]  spindle FWD/REV wired to Check countdown (no iron S1 gate) (ned_controls.py:2014)
[qtpyvcp.user_tab..user_tabs/][[36mINFO[0m]  JOG status: OFF — machine not on (ned_controls.py:1906)
[qtpyvcp.QtPyVCP.probe_basic.probe_basic][[36mINFO[0m]  [user_dros] base path from INI: /home/brains/Documents/ned/configs/ned5_pb/user_dro_display (probe_basic.py:525)
[qtpyvcp.QtPyVCP.probe_basic.probe_basic][[36mINFO[0m]  [user_dros] looking for /home/brains/Documents/ned/configs/ned5_pb/user_dro_display/xyzac_dros/dros_xyzac.py (probe_basic.py:533)
[qtpyvcp.app.launcher][[33mWARNING[0m]  PyWarning RuntimeWarning: libpyside: Failed to disconnect (None) from signal "pressed()". (/home/brains/Documents/ned/configs/ned5_pb/user_dro_display/xyzac_dros/dros_xyzac.py:157) (launcher.py:45)
[qtpyvcp.app.launcher][[33mWARNING[0m]  PyWarning RuntimeWarning: libpyside: Failed to disconnect (None) from signal "released()". (/home/brains/Documents/ned/configs/ned5_pb/user_dro_display/xyzac_dros/dros_xyzac.py:157) (launcher.py:45)
[qtpyvcp.app.launcher][[33mWARNING[0m]  PyWarning RuntimeWarning: libpyside: Failed to disconnect (None) from signal "pressed()". (/home/brains/Documents/ned/configs/ned5_pb/user_dro_display/xyzac_dros/dros_xyzac.py:157) (launcher.py:45)
[qtpyvcp.app.launcher][[33mWARNING[0m]  PyWarning RuntimeWarning: libpyside: Failed to disconnect (None) from signal "released()". (/home/brains/Documents/ned/configs/ned5_pb/user_dro_display/xyzac_dros/dros_xyzac.py:157) (launcher.py:45)
[qtpyvcp.app.launcher][[33mWARNING[0m]  PyWarning RuntimeWarning: libpyside: Failed to disconnect (None) from signal "pressed()". (/home/brains/Documents/ned/configs/ned5_pb/user_dro_display/xyzac_dros/dros_xyzac.py:157) (launcher.py:45)
[qtpyvcp.app.launcher][[33mWARNING[0m]  PyWarning RuntimeWarning: libpyside: Failed to disconnect (None) from signal "released()". (/home/brains/Documents/ned/configs/ned5_pb/user_dro_display/xyzac_dros/dros_xyzac.py:157) (launcher.py:45)
[qtpyvcp.app.launcher][[33mWARNING[0m]  PyWarning RuntimeWarning: libpyside: Failed to disconnect (None) from signal "pressed()". (/home/brains/Documents/ned/configs/ned5_pb/user_dro_display/xyzac_dros/dros_xyzac.py:157) (launcher.py:45)
[qtpyvcp.app.launcher][[33mWARNING[0m]  PyWarning RuntimeWarning: libpyside: Failed to disconnect (None) from signal "released()". (/home/brains/Documents/ned/configs/ned5_pb/user_dro_display/xyzac_dros/dros_xyzac.py:157) (launcher.py:45)
[qtpyvcp.app.launcher][[33mWARNING[0m]  PyWarning RuntimeWarning: libpyside: Failed to disconnect (None) from signal "pressed()". (/home/brains/Documents/ned/configs/ned5_pb/user_dro_display/xyzac_dros/dros_xyzac.py:157) (launcher.py:45)
[qtpyvcp.app.launcher][[33mWARNING[0m]  PyWarning RuntimeWarning: libpyside: Failed to disconnect (None) from signal "released()". (/home/brains/Documents/ned/configs/ned5_pb/user_dro_display/xyzac_dros/dros_xyzac.py:157) (launcher.py:45)
[qtpyvcp.app.launcher][[33mWARNING[0m]  PyWarning RuntimeWarning: libpyside: Failed to disconnect (None) from signal "pressed()". (/home/brains/Documents/ned/configs/ned5_pb/user_dro_display/xyzac_dros/dros_xyzac.py:157) (launcher.py:45)
[qtpyvcp.app.launcher][[33mWARNING[0m]  PyWarning RuntimeWarning: libpyside: Failed to disconnect (None) from signal "released()". (/home/brains/Documents/ned/configs/ned5_pb/user_dro_display/xyzac_dros/dros_xyzac.py:157) (launcher.py:45)
[qtpyvcp.app.launcher][[33mWARNING[0m]  PyWarning RuntimeWarning: libpyside: Failed to disconnect (None) from signal "pressed()". (/home/brains/Documents/ned/configs/ned5_pb/user_dro_display/xyzac_dros/dros_xyzac.py:177) (launcher.py:45)
[qtpyvcp.app.launcher][[33mWARNING[0m]  PyWarning RuntimeWarning: libpyside: Failed to disconnect (None) from signal "released()". (/home/brains/Documents/ned/configs/ned5_pb/user_dro_display/xyzac_dros/dros_xyzac.py:177) (launcher.py:45)
[qtpyvcp.app.launcher][[33mWARNING[0m]  PyWarning RuntimeWarning: libpyside: Failed to disconnect (None) from signal "pressed()". (/home/brains/Documents/ned/configs/ned5_pb/user_dro_display/xyzac_dros/dros_xyzac.py:177) (launcher.py:45)
[qtpyvcp.app.launcher][[33mWARNING[0m]  PyWarning RuntimeWarning: libpyside: Failed to disconnect (None) from signal "released()". (/home/brains/Documents/ned/configs/ned5_pb/user_dro_display/xyzac_dros/dros_xyzac.py:177) (launcher.py:45)
[qtpyvcp.app.launcher][[33mWARNING[0m]  PyWarning RuntimeWarning: libpyside: Failed to disconnect (None) from signal "pressed()". (/home/brains/Documents/ned/configs/ned5_pb/user_dro_display/xyzac_dros/dros_xyzac.py:177) (launcher.py:45)
[qtpyvcp.app.launcher][[33mWARNING[0m]  PyWarning RuntimeWarning: libpyside: Failed to disconnect (None) from signal "released()". (/home/brains/Documents/ned/configs/ned5_pb/user_dro_display/xyzac_dros/dros_xyzac.py:177) (launcher.py:45)
[qtpyvcp.app.launcher][[33mWARNING[0m]  PyWarning RuntimeWarning: libpyside: Failed to disconnect (None) from signal "pressed()". (/home/brains/Documents/ned/configs/ned5_pb/user_dro_display/xyzac_dros/dros_xyzac.py:177) (launcher.py:45)
[qtpyvcp.app.launcher][[33mWARNING[0m]  PyWarning RuntimeWarning: libpyside: Failed to disconnect (None) from signal "released()". (/home/brains/Documents/ned/configs/ned5_pb/user_dro_display/xyzac_dros/dros_xyzac.py:177) (launcher.py:45)
[qtpyvcp.app.launcher][[33mWARNING[0m]  PyWarning RuntimeWarning: libpyside: Failed to disconnect (None) from signal "pressed()". (/home/brains/Documents/ned/configs/ned5_pb/user_dro_display/xyzac_dros/dros_xyzac.py:190) (launcher.py:45)
[qtpyvcp.app.launcher][[33mWARNING[0m]  PyWarning RuntimeWarning: libpyside: Failed to disconnect (None) from signal "released()". (/home/brains/Documents/ned/configs/ned5_pb/user_dro_display/xyzac_dros/dros_xyzac.py:190) (launcher.py:45)
[qtpyvcp.app.launcher][[33mWARNING[0m]  PyWarning RuntimeWarning: libpyside: Failed to disconnect (None) from signal "pressed()". (/home/brains/Documents/ned/configs/ned5_pb/user_dro_display/xyzac_dros/dros_xyzac.py:190) (launcher.py:45)
[qtpyvcp.app.launcher][[33mWARNING[0m]  PyWarning RuntimeWarning: libpyside: Failed to disconnect (None) from signal "released()". (/home/brains/Documents/ned/configs/ned5_pb/user_dro_display/xyzac_dros/dros_xyzac.py:190) (launcher.py:45)
[qtpyvcp.QtPyVCP.probe_basic.probe_basic][[36mINFO[0m]  [user_dros] added user_dros.xyzac_dros.dros_xyzac (probe_basic.py:540)
[qtpyvcp.QtPyVCP.probe_basic.probe_basic][[36mINFO[0m]  [offset_dro] base path from INI: /home/brains/Documents/ned/configs/ned5_pb/user_dro_display (probe_basic.py:573)
[qtpyvcp.QtPyVCP.probe_basic.probe_basic][[36mINFO[0m]  [offset_dro] looking for /home/brains/Documents/ned/configs/ned5_pb/user_dro_display/xyzac_dros/offset_dros_xyzac.ui (probe_basic.py:580)
[qtpyvcp.QtPyVCP.probe_basic.probe_basic][[36mINFO[0m]  [offset_dro] added /home/brains/Documents/ned/configs/ned5_pb/user_dro_display/xyzac_dros/offset_dros_xyzac.ui (probe_basic.py:584)
[qtpyvcp.user_tab..user_tabs/][[36mINFO[0m]  Homing menu rebind RETIRED: config-owned NedHomingMenu provider is the single homing path (ned_controls.py:2463)
[qtpyvcp.widgets.button_widgets.vcpvar_button][[33mWARNING[0m]  VCPVarPushButton: Cannot write parameter - machine not in safe state (vcpvar_button.py:317)
ned_brain: HEADREAD C: -0.000 deg  (mt=-168 w=4262919)
ned_brain: HEADREAD -> ini.5.home_offset = -0.0005
ned_brain: HEADREAD A start (R4 set, SEN about to drop -> A/C locked)
[qtpyvcp.user_tab..user_tabs/][[36mINFO[0m]  JOG status: IDLE — ready (ned_controls.py:1906)
ned_brain: HEADREAD A: +1.201 deg  (mt=36 w=15629236)
ned_brain: HEADREAD -> ini.4.home_offset = +1.2013
ned_brain: HEAD READ armed: C=-0.000 A=+1.201
[qtpyvcp.user_tab..user_tabs/][[36mINFO[0m]  JOG page takeover: jogDisplay (stock jog arrows) replaced by jp_panel at 200x730; ned tab page now empty (ned_controls.py:1363)
[qtpyvcp.user_tab..user_tabs/][[36mINFO[0m]  UNITS panel installed in settings tab (IN/MM -> G20/G21) (ned_controls.py:1631)
ned_brain: MACHINE ON -> head read (A/C will home IN PLACE, no motion)
[qtpyvcp.user_tab..user_tabs/][[36mINFO[0m]  SUBTABS: NED CONTROLS > JOG > CLAMP built (Z travel from INI = -620.0 .. 1.0; the clamp raises the FLOOR via ini.2.min_limit and restores it on disable) (ned_controls.py:714)
[qtpyvcp.user_dros.xyzac_dros.dros_xyzac][[36mINFO[0m]  HOME banner column added left of widget_xyzac (UNHOMED until the A/C absolute read lands, then STALE, then SESSION) (dros_xyzac.py:329)
[qtpyvcp.user_dros.xyzac_dros.dros_xyzac][[36mINFO[0m]  HOME banner -> UNHOMED (dros_xyzac.py:370)
ned_brain: DECLARE: STALE frame from stored_home.json (saved 2026-08-03 11:53:42): {0: -73.055, 1: -1429.4, 2: -457.0096, 3: -73.0604}
[qtpyvcp.user_tab..user_tabs/][[36mINFO[0m]  JPCOORD in 319 265 vis=0 (ned_controls.py:1689)
[qtpyvcp.user_tab..user_tabs/][[36mINFO[0m]  JPCOORD jp_clear 1771 662 vis=1 (ned_controls.py:1689)
[qtpyvcp.user_tab..user_tabs/][[36mINFO[0m]  JPCOORD jp_fast 1771 206 vis=1 (ned_controls.py:1689)
[qtpyvcp.user_tab..user_tabs/][[36mINFO[0m]  JPCOORD jp_feed_readout 1771 238 vis=1 (ned_controls.py:1689)
[qtpyvcp.user_tab..user_tabs/][[36mINFO[0m]  JPCOORD jp_go_abs 1771 699 vis=1 (ned_controls.py:1689)
[qtpyvcp.user_tab..user_tabs/][[36mINFO[0m]  JPCOORD jp_go_rel 1771 743 vis=1 (ned_controls.py:1689)
[qtpyvcp.user_tab..user_tabs/][[36mINFO[0m]  JPCOORD jp_in_a 1771 599 vis=1 (ned_controls.py:1689)
[qtpyvcp.user_tab..user_tabs/][[36mINFO[0m]  JPCOORD jp_in_c 1771 631 vis=1 (ned_controls.py:1689)
[qtpyvcp.user_tab..user_tabs/][[36mINFO[0m]  JPCOORD jp_in_x 1771 503 vis=1 (ned_controls.py:1689)
[qtpyvcp.user_tab..user_tabs/][[36mINFO[0m]  JPCOORD jp_in_y 1771 535 vis=1 (ned_controls.py:1689)
[qtpyvcp.user_tab..user_tabs/][[36mINFO[0m]  JPCOORD jp_in_z 1771 567 vis=1 (ned_controls.py:1689)
[qtpyvcp.user_tab..user_tabs/][[36mINFO[0m]  JPCOORD jp_medium 1771 172 vis=1 (ned_controls.py:1689)
[qtpyvcp.user_tab..user_tabs/][[36mINFO[0m]  JPCOORD jp_p_a0c0 1814 403 vis=1 (ned_controls.py:1689)
[qtpyvcp.user_tab..user_tabs/][[36mINFO[0m]  JPCOORD jp_p_xy0 1728 307 vis=1 (ned_controls.py:1689)
[qtpyvcp.user_tab..user_tabs/][[36mINFO[0m]  JPCOORD jp_p_xy0z10 1728 403 vis=1 (ned_controls.py:1689)
[qtpyvcp.user_tab..user_tabs/][[36mINFO[0m]  JPCOORD jp_p_xyz0 1814 307 vis=1 (ned_controls.py:1689)
[qtpyvcp.user_tab..user_tabs/][[36mINFO[0m]  JPCOORD jp_p_z0 1728 355 vis=1 (ned_controls.py:1689)
[qtpyvcp.user_tab..user_tabs/][[36mINFO[0m]  JPCOORD jp_p_zp10 1814 355 vis=1 (ned_controls.py:1689)
[qtpyvcp.user_tab..user_tabs/][[36mINFO[0m]  JPCOORD jp_slow 1771 138 vis=1 (ned_controls.py:1689)
[qtpyvcp.user_tab..user_tabs/][[36mINFO[0m]  JPCOORD jp_status_dot 1694 780 vis=1 (ned_controls.py:1689)
[qtpyvcp.user_tab..user_tabs/][[36mINFO[0m]  JPCOORD jp_status_text 1783 780 vis=1 (ned_controls.py:1689)
[qtpyvcp.user_tab..user_tabs/][[36mINFO[0m]  JPCOORD jp_stop 2512 800 vis=0 (ned_controls.py:1689)
[qtpyvcp.user_tab..user_tabs/][[36mINFO[0m]  JPCOORD mm 319 265 vis=0 (ned_controls.py:1689)
[qtpyvcp.user_dros.xyzac_dros.dros_xyzac][[36mINFO[0m]  HOME banner -> STALE (dros_xyzac.py:370)
 GOTO ZERO: at puck centre -73.051900 -1429.394000, tip 5.000000 mm above the top, A0 C0.
[qtpyvcp.user_tab..user_tabs/][[36mINFO[0m]  GOTO ZERO: cal_goto_zero issued with centre -73.0519 -1429.3940 top -462.0033 (ned_controls.py:1019)
[qtpyvcp.user_tab..user_tabs/][[36mINFO[0m]  RACK MAP: var file refreshed (302 params, mtime 11:56:32) (rack_map.py:153)
[qtpyvcp.ned_homing_menu][[36mINFO[0m]  NED Homing menu ENABLED (ON=True, A/C in-place=True) (ned_homing_menu.py:76)
ned_brain: DECLARED HOME (zero-motion, NML 112): joints [0, 1, 2, 3, 4, 5] where they stand; homed=(1, 1, 1, 1, 1, 1) all6=True (STALE HOME until menu Home All)
ned_brain: HEADREAD C start (R4 set, SEN about to drop -> A/C locked)
ned_brain: HEADREAD C: -0.000 deg  (mt=-168 w=4262946)
ned_brain: HEADREAD -> ini.5.home_offset = -0.0005
ned_brain: HEADREAD A start (R4 set, SEN about to drop -> A/C locked)
ned_brain: HEADREAD A: +1.201 deg  (mt=36 w=15629282)
ned_brain: HEADREAD -> ini.4.home_offset = +1.2013
ned_brain: HEAD READ armed: C=-0.000 A=+1.201
[qtpyvcp.user_tab..user_tabs/][[36mINFO[0m]  StartA: cal_a_zero issued with centre -73.0519 -1429.3940 top -462.0033 (ned_controls.py:1019)
[qtpyvcp.user_tab..user_tabs/][[36mINFO[0m]  RACK MAP: var file refreshed (302 params, mtime 11:56:38) (rack_map.py:153)
[qtpyvcp.user_tab..user_tabs/][[36mINFO[0m]  JOG status: MOVING — 0.0 mm/s (ned_controls.py:1906)
[qtpyvcp.user_tab..user_tabs/][[36mINFO[0m]  JOG status: IDLE — ready (ned_controls.py:1906)
[qtpyvcp.user_tab..user_tabs/][[36mINFO[0m]  RACK MAP: var file refreshed (302 params, mtime 11:56:46) (rack_map.py:153)
ned_brain: program/MDI done (motion complete) -> MANUAL + teleop (MPG live)
ned_brain: TELEOP re-entered (machine ON + homed) -> MPG live
[qtpyvcp.user_tab..user_tabs/][[36mINFO[0m]  RACK MAP: var file refreshed (302 params, mtime 11:56:47) (rack_map.py:153)
 GOTO ZERO: at puck centre -73.051900 -1429.394000, tip 5.000000 mm above the top, A0 C0.
[qtpyvcp.user_tab..user_tabs/][[36mINFO[0m]  GOTO ZERO: cal_goto_zero issued with centre -73.0519 -1429.3940 top -462.0033 (ned_controls.py:1019)
[qtpyvcp.user_tab..user_tabs/][[36mINFO[0m]  JOG status: MOVING — 3.9 mm/s (ned_controls.py:1906)
[qtpyvcp.user_tab..user_tabs/][[36mINFO[0m]  RACK MAP: var file refreshed (302 params, mtime 11:56:48) (rack_map.py:153)
[qtpyvcp.user_tab..user_tabs/][[36mINFO[0m]  JOG status: IDLE — ready (ned_controls.py:1906)
ned_brain: program/MDI done (motion complete) -> MANUAL + teleop (MPG live)
ned_brain: TELEOP re-entered (machine ON + homed) -> MPG live
 CAL AC: C has never been taught. Press SET C REF to tilt A to -45, jog the tip into place, press SET C REF again - then StartAC runs unattended.
[qtpyvcp.user_tab..user_tabs/][[36mINFO[0m]  StartAC: cal_ac_iterate issued with centre -73.0519 -1429.3940 top -462.0033 (ned_controls.py:1019)
[qtpyvcp.plugins.notifications][[31mERROR[0m]  CAL AC: C has never 
 been taught. Press SET C 
 REF to tilt A to 
 -45, jog the tip into 
 place, press SET C REF 
 again - then StartAC runs 
 unattended. (notifications.py:154)
[qtpyvcp.user_tab..user_tabs/][[36mINFO[0m]  RACK MAP: var file refreshed (302 params, mtime 11:56:56) (rack_map.py:153)
[qtpyvcp.user_tab..user_tabs/][[36mINFO[0m]  RACK MAP: var file refreshed (302 params, mtime 11:56:56) (rack_map.py:153)
 GOTO ZERO: at puck centre -73.051900 -1429.394000, tip 5.000000 mm above the top, A0 C0.
[qtpyvcp.user_tab..user_tabs/][[36mINFO[0m]  GOTO ZERO: cal_goto_zero issued with centre -73.0519 -1429.3940 top -462.0033 (ned_controls.py:1019)
[qtpyvcp.user_tab..user_tabs/][[36mINFO[0m]  RACK MAP: var file refreshed (302 params, mtime 11:57:03) (rack_map.py:153)
[qtpyvcp.user_tab..user_tabs/][[36mINFO[0m]  StartPuck: cal_probe_center issued (ned_controls.py:1023)
[qtpyvcp.user_tab..user_tabs/][[36mINFO[0m]  JOG status: MOVING — 0.0 mm/s (ned_controls.py:1906)
[qtpyvcp.user_tab..user_tabs/][[36mINFO[0m]  RACK MAP: var file refreshed (302 params, mtime 11:58:54) (rack_map.py:153)
[qtpyvcp.user_tab..user_tabs/][[36mINFO[0m]  RACK MAP: var file refreshed (302 params, mtime 11:58:57) (rack_map.py:153)
 CAL step 1: puck top at Z -462.153197 in the current work frame
[qtpyvcp.user_tab..user_tabs/][[36mINFO[0m]  RACK MAP: var file refreshed (302 params, mtime 11:59:03) (rack_map.py:153)
[qtpyvcp.user_tab..user_tabs/][[36mINFO[0m]  RACK MAP: var file refreshed (302 params, mtime 11:59:09) (rack_map.py:153)
[qtpyvcp.user_tab..user_tabs/][[36mINFO[0m]  RACK MAP: var file refreshed (302 params, mtime 11:59:12) (rack_map.py:153)
USRMOT: ERROR: invalid command
Probe is already tripped when starting G38.2 or G38.3 move
[qtpyvcp.user_tab..user_tabs/][[36mINFO[0m]  JOG status: IDLE — ready (ned_controls.py:1906)
[qtpyvcp.plugins.notifications][[31mERROR[0m]  Probe is already tripped when 
 starting G38.2 or G38.3 move 
 (notifications.py:154)
ned_brain: program/MDI done (motion complete) -> MANUAL + teleop (MPG live)
ned_brain: TELEOP re-entered (machine ON + homed) -> MPG live
[qtpyvcp.user_tab..user_tabs/][[36mINFO[0m]  RACK MAP: var file refreshed (302 params, mtime 11:59:13) (rack_map.py:153)
[qtpyvcp.actions.machine_actions][[36mINFO[0m]  Issuing MDI command: M64 P3 (machine_actions.py:290)
[qtpyvcp.user_tab..user_tabs/][[36mINFO[0m]  RACK MAP: var file refreshed (302 params, mtime 12:00:58) (rack_map.py:153)
ned_pendant: axis -> Y
ned_pendant: axis <- C (double-tap back)
ned_pendant: axis -> X
ned_pendant: axis -> Y
ned_pendant: axis -> Z
[qtpyvcp.user_tab..user_tabs/][[36mINFO[0m]  JOG status: MOVING — 0.7 mm/s (ned_controls.py:1906)
[qtpyvcp.user_tab..user_tabs/][[36mINFO[0m]  JOG status: IDLE — ready (ned_controls.py:1906)
[qtpyvcp.user_tab..user_tabs/][[36mINFO[0m]  JOG status: MOVING — 0.4 mm/s (ned_controls.py:1906)
[qtpyvcp.user_tab..user_tabs/][[36mINFO[0m]  JOG status: IDLE — ready (ned_controls.py:1906)
Probe tripped during a coordinate jog.
[qtpyvcp.plugins.notifications][[31mERROR[0m]  Probe tripped during a coordinate 
 jog. (notifications.py:154)
[qtpyvcp.user_tab..user_tabs/][[36mINFO[0m]  JOG status: MOVING — 1.0 mm/s (ned_controls.py:1906)
Probe tripped during a coordinate jog.
[qtpyvcp.plugins.notifications][[31mERROR[0m]  Probe tripped during a coordinate 
 jog. (notifications.py:154)
Probe tripped during a coordinate jog.
Probe tripped during a coordinate jog.
[qtpyvcp.plugins.notifications][[31mERROR[0m]  Probe tripped during a coordinate 
 jog. (notifications.py:154)
[qtpyvcp.plugins.notifications][[31mERROR[0m]  Probe tripped during a coordinate 
 jog. (notifications.py:154)
Probe tripped during a coordinate jog.
[qtpyvcp.plugins.notifications][[31mERROR[0m]  Probe tripped during a coordinate 
 jog. (notifications.py:154)
Probe tripped during a coordinate jog.
[qtpyvcp.plugins.notifications][[31mERROR[0m]  Probe tripped during a coordinate 
 jog. (notifications.py:154)
Probe tripped during a coordinate jog.
[qtpyvcp.plugins.notifications][[31mERROR[0m]  Probe tripped during a coordinate 
 jog. (notifications.py:154)
Probe tripped during a coordinate jog.
[qtpyvcp.plugins.notifications][[31mERROR[0m]  Probe tripped during a coordinate 
 jog. (notifications.py:154)
Probe tripped during a coordinate jog.
[qtpyvcp.plugins.notifications][[31mERROR[0m]  Probe tripped during a coordinate 
 jog. (notifications.py:154)
Probe tripped during a coordinate jog.
[qtpyvcp.plugins.notifications][[31mERROR[0m]  Probe tripped during a coordinate 
 jog. (notifications.py:154)
[qtpyvcp.user_tab..user_tabs/][[36mINFO[0m]  JOG status: IDLE — ready (ned_controls.py:1906)
[qtpyvcp.user_tab..user_tabs/][[36mINFO[0m]  JOG status: MOVING — 1.2 mm/s (ned_controls.py:1906)
Probe tripped during a coordinate jog.
Probe tripped during a coordinate jog.
[qtpyvcp.plugins.notifications][[31mERROR[0m]  Probe tripped during a coordinate 
 jog. (notifications.py:154)
[qtpyvcp.plugins.notifications][[31mERROR[0m]  Probe tripped during a coordinate 
 jog. (notifications.py:154)
Probe tripped during a coordinate jog.
Probe tripped during a coordinate jog.
[qtpyvcp.plugins.notifications][[31mERROR[0m]  Probe tripped during a coordinate 
 jog. (notifications.py:154)
[qtpyvcp.plugins.notifications][[31mERROR[0m]  Probe tripped during a coordinate 
 jog. (notifications.py:154)
Probe tripped during a coordinate jog.
Probe tripped during a coordinate jog.
Probe tripped during a coordinate jog.
[qtpyvcp.plugins.notifications][[31mERROR[0m]  Probe tripped during a coordinate 
 jog. (notifications.py:154)
[qtpyvcp.plugins.notifications][[31mERROR[0m]  Probe tripped during a coordinate 
 jog. (notifications.py:154)
Probe tripped during a coordinate jog.
Probe tripped during a coordinate jog.
Probe tripped during a coordinate jog.
[qtpyvcp.plugins.notifications][[31mERROR[0m]  Probe tripped during a coordinate 
 jog. (notifications.py:154)
Probe tripped during a coordinate jog.
[qtpyvcp.plugins.notifications][[31mERROR[0m]  Probe tripped during a coordinate 
 jog. (notifications.py:154)
[qtpyvcp.plugins.notifications][[31mERROR[0m]  Probe tripped during a coordinate 
 jog. (notifications.py:154)
Probe tripped during a coordinate jog.
[qtpyvcp.plugins.notifications][[31mERROR[0m]  Probe tripped during a coordinate 
 jog. (notifications.py:154)
[qtpyvcp.plugins.notifications][[31mERROR[0m]  Probe tripped during a coordinate 
 jog. (notifications.py:154)
[qtpyvcp.plugins.notifications][[31mERROR[0m]  Probe tripped during a coordinate 
 jog. (notifications.py:154)
[qtpyvcp.user_tab..user_tabs/][[36mINFO[0m]  JOG status: IDLE — ready (ned_controls.py:1906)
ned_pendant: jump -> 0.05 mm/detent
[qtpyvcp.user_tab..user_tabs/][[36mINFO[0m]  JOG status: MOVING — 1.3 mm/s (ned_controls.py:1906)
[qtpyvcp.user_tab..user_tabs/][[36mINFO[0m]  JOG status: IDLE — ready (ned_controls.py:1906)
ned_pendant: axis -> A
ned_pendant: axis -> C
ned_pendant: axis -> X
[qtpyvcp.user_tab..user_tabs/][[36mINFO[0m]  JOG status: MOVING — 0.9 mm/s (ned_controls.py:1906)
[qtpyvcp.user_tab..user_tabs/][[36mINFO[0m]  JOG status: IDLE — ready (ned_controls.py:1906)
[qtpyvcp.user_tab..user_tabs/][[36mINFO[0m]  JOG status: MOVING — 3.4 mm/s (ned_controls.py:1906)
[qtpyvcp.user_tab..user_tabs/][[36mINFO[0m]  JOG status: IDLE — ready (ned_controls.py:1906)
[qtpyvcp.user_tab..user_tabs/][[36mINFO[0m]  JOG status: MOVING — 4.2 mm/s (ned_controls.py:1906)
[qtpyvcp.user_tab..user_tabs/][[36mINFO[0m]  JOG status: IDLE — ready (ned_controls.py:1906)
ned_pendant: axis -> Y
[qtpyvcp.user_tab..user_tabs/][[36mINFO[0m]  JOG status: MOVING — 0.3 mm/s (ned_controls.py:1906)
[qtpyvcp.user_tab..user_tabs/][[36mINFO[0m]  JOG status: IDLE — ready (ned_controls.py:1906)
[qtpyvcp.user_tab..user_tabs/][[36mINFO[0m]  JOG status: MOVING — 2.9 mm/s (ned_controls.py:1906)
[qtpyvcp.user_tab..user_tabs/][[36mINFO[0m]  JOG status: IDLE — ready (ned_controls.py:1906)
[qtpyvcp.user_tab..user_tabs/][[36mINFO[0m]  JOG status: MOVING — 3.2 mm/s (ned_controls.py:1906)
[qtpyvcp.user_tab..user_tabs/][[36mINFO[0m]  JOG status: IDLE — ready (ned_controls.py:1906)
[qtpyvcp.user_tab..user_tabs/][[36mINFO[0m]  JOG status: MOVING — 2.6 mm/s (ned_controls.py:1906)
[qtpyvcp.user_tab..user_tabs/][[36mINFO[0m]  JOG status: IDLE — ready (ned_controls.py:1906)
[qtpyvcp.user_tab..user_tabs/][[36mINFO[0m]  JOG status: MOVING — 3.7 mm/s (ned_controls.py:1906)
[qtpyvcp.user_tab..user_tabs/][[36mINFO[0m]  JOG status: IDLE — ready (ned_controls.py:1906)
[qtpyvcp.user_tab..user_tabs/][[36mINFO[0m]  JOG status: MOVING — 4.3 mm/s (ned_controls.py:1906)
[qtpyvcp.user_tab..user_tabs/][[36mINFO[0m]  JOG status: IDLE — ready (ned_controls.py:1906)
Shutting down and cleaning up LinuxCNC...
task: 33201 cycles, min=0.000005, max=0.045140, avg=0.010052, 0 latency excursions (> 10x expected cycle time of 0.010000s)
ned_pendant EXIT on signal 15 (SIGTERM)
ned_brain: ned_brain EXIT on signal 15 (SIGTERM)
ned_pendant exited (atexit; normal interpreter exit)
ned_brain: ned_brain exited (atexit; normal interpreter exit)
ned_brain: stored_home.json final save at exit
hm2_eth: in hm2_eth_reset
hm2_eth: HostMot2 ethernet driver unloaded
hm2: unloading
Note: Using POSIX realtime

Script done on 2026-08-03 12:01:49-04:00 [COMMAND_EXIT_CODE="0"]

==================== LinuxCNC start (PROBE BASIC)  2026-08-03 12:01:50 ====================
Script started on 2026-08-03 12:01:50-04:00 [COMMAND="linuxcnc '/home/brains/Documents/ned/configs/ned5_pb/ned5_pb.ini'" TERM="xterm-256color" TTY="/dev/pts/4" COLUMNS="190" LINES="57"]
LINUXCNC - 2.9.8
Machine configuration directory is '/home/brains/Documents/ned/configs/ned5_pb'
Machine configuration file is 'ned5_pb.ini.expanded'
Starting LinuxCNC...
linuxcnc TPMOD=tpmod HOMEMOD=homemod EMCMOT=motmod
Note: Using POSIX realtime
Found file(REL): ./../ned5/ned5_iron.hal
hm2: loading Mesa HostMot2 driver version 0.15
hm2_eth: loading Mesa AnyIO HostMot2 ethernet driver version 0.2
hm2_eth: 10.10.10.10: INFO: Hardware address (MAC): 00:60:1b:17:81:5d
hm2_eth: discovered 7I97T
hm2/hm2_7i97.0: Low Level init 0.15
hm2/hm2_7i97.0: Smart Serial Firmware Version 43
Board hm2_7i97.0.7i84.0.0 Hardware Mode 0 = standard
Board hm2_7i97.0.7i84.0.0 Software Mode 0 = input_output
Board hm2_7i97.0.7i84.0.0 Software Mode 1 = io_analog_fieldvoltage
Board hm2_7i97.0.7i84.0.0 Software Mode 2 = io_encoder_analog
hm2/hm2_7i97.0: created PktUART Interface function hm2_7i97.0.pktuart.0.
hm2/hm2_7i97.0: 51 I/O Pins used:
hm2/hm2_7i97.0:     IO Pin 000 (TB3-04): PWMGen #0, pin Out0 (PWM or Up) (Output)
hm2/hm2_7i97.0:     IO Pin 001 (TB3-08): PWMGen #1, pin Out0 (PWM or Up) (Output)
hm2/hm2_7i97.0:     IO Pin 002 (TB3-12): PWMGen #2, pin Out0 (PWM or Up) (Output)
hm2/hm2_7i97.0:     IO Pin 003 (TB3-16): PWMGen #3, pin Out0 (PWM or Up) (Output)
hm2/hm2_7i97.0:     IO Pin 004 (TB3-20): PWMGen #4, pin Out0 (PWM or Up) (Output)
hm2/hm2_7i97.0:     IO Pin 005 (AN_ENA4): PWMGen #4, pin Not-Enable (Output)
hm2/hm2_7i97.0:     IO Pin 006 (TB3-24): PWMGen #5, pin Out0 (PWM or Up) (Output)
hm2/hm2_7i97.0:     IO Pin 007 (AN_ENA5): PWMGen #5, pin Not-Enable (Output)
hm2/hm2_7i97.0:     IO Pin 008 (AN-ENA0..3): PWMGen #0, pin Not-Enable (Output)
hm2/hm2_7i97.0:     IO Pin 009 (TB1-01/TB1-09): Muxed Encoder #0, pin Muxed A (Input)
hm2/hm2_7i97.0:     IO Pin 010 (TB1-04/TB1-12): Muxed Encoder #0, pin Muxed B (Input)
hm2/hm2_7i97.0:     IO Pin 011 (TB1-07/TB1-15): Muxed Encoder #0, pin Muxed Index (Input)
hm2/hm2_7i97.0:     IO Pin 012 (TB1-17/TB2-01): Muxed Encoder #1, pin Muxed A (Input)
hm2/hm2_7i97.0:     IO Pin 013 (TB1-20/TB2-04): Muxed Encoder #1, pin Muxed B (Input)
hm2/hm2_7i97.0:     IO Pin 014 (TB1-23/TB2-07): Muxed Encoder #1, pin Muxed Index (Input)
hm2/hm2_7i97.0:     IO Pin 015 (TB2-09/TB2-17): Muxed Encoder #2, pin Muxed A (Input)
hm2/hm2_7i97.0:     IO Pin 016 (TB2-12/TB2-20): Muxed Encoder #2, pin Muxed B (Input)
hm2/hm2_7i97.0:     IO Pin 017 (TB2-15/TB2-23): Muxed Encoder #2, pin Muxed Index (Input)
hm2/hm2_7i97.0:     IO Pin 018 (Internal EncMux): Muxed Encoder Select #0, pin Mux Select 0 (Output)
hm2/hm2_7i97.0:     IO Pin 019 (TB5-13/TB5-14): SSR #0, pin Out-00 (Output)
hm2/hm2_7i97.0:     IO Pin 020 (TB5-15/TB5-16): SSR #0, pin Out-01 (Output)
hm2/hm2_7i97.0:     IO Pin 021 (TB5-17/TB5-18): SSR #0, pin Out-02 (Output)
hm2/hm2_7i97.0:     IO Pin 022 (TB5-19/TB5-20): SSR #0, pin Out-03 (Output)
hm2/hm2_7i97.0:     IO Pin 023 (TB5-21/TB5-22): SSR #0, pin Out-04 (Output)
hm2/hm2_7i97.0:     IO Pin 024 (TB5-23/TB5-24): SSR #0, pin Out-05 (Output)
hm2/hm2_7i97.0:     IO Pin 025 (Internal InMux0): SSR #0, pin AC Ref (internal) (Output)
hm2/hm2_7i97.0:     IO Pin 026 (Internal InMux1): InMux Input Mux #0, pin addr0 (Output)
hm2/hm2_7i97.0:     IO Pin 027 (Internal InMux2): InMux Input Mux #0, pin addr1 (Output)
hm2/hm2_7i97.0:     IO Pin 028 (Internal InMux3): InMux Input Mux #0, pin addr2 (Output)
hm2/hm2_7i97.0:     IO Pin 029 (Internal InMuxData): InMux Input Mux #0, pin addr3 (Output)
hm2/hm2_7i97.0:     IO Pin 030 (TB4-15/TB4-16): InMux Input Mux #0, pin muxdata (Input)
hm2/hm2_7i97.0:     IO Pin 031 (TB4-17/TB4-18): Smart Serial Interface #0, pin rx0 (Input)
hm2/hm2_7i97.0:     IO Pin 032 (TB4-17/TB4-18): Smart Serial Interface #0, pin tx0 (Output)
hm2/hm2_7i97.0:     IO Pin 033 (P1-01/DB25-01): Smart Serial Interface #0, pin txen0 (Output)
hm2/hm2_7i97.0:     IO Pin 034 (P1-02/DB25-14): PktUART Receive Channel #0, pin RX Data (Input)
hm2/hm2_7i97.0:     IO Pin 035 (P1-03/DB25-02): PktUART Transmit Channel #0, pin TX Data (Output)
hm2/hm2_7i97.0:     IO Pin 036 (P1-04/DB25-15): StepGen #3, pin Step (Output)
hm2/hm2_7i97.0:     IO Pin 037 (P1-05/DB25-03): StepGen #3, pin Direction (Output)
hm2/hm2_7i97.0:     IO Pin 038 (P1-06/DB25-16): StepGen #2, pin Step (Output)
hm2/hm2_7i97.0:     IO Pin 039 (P1-07/DB25-04): StepGen #2, pin Direction (Output)
hm2/hm2_7i97.0:     IO Pin 040 (P1-08/DB25-17): StepGen #1, pin Step (Output)
hm2/hm2_7i97.0:     IO Pin 041 (P1-09/DB25-05): StepGen #1, pin Direction (Output)
hm2/hm2_7i97.0:     IO Pin 042 (P1-11/DB25-06): StepGen #0, pin Step (Output)
hm2/hm2_7i97.0:     IO Pin 043 (P1-13/DB25-07): StepGen #0, pin Direction (Output)
hm2/hm2_7i97.0:     IO Pin 044 (P1-15/DB25-08): IOPort
hm2/hm2_7i97.0:     IO Pin 045 (P1-17/DB25-09): IOPort
hm2/hm2_7i97.0:     IO Pin 046 (P1-19/DB25-10): IOPort
hm2/hm2_7i97.0:     IO Pin 047 (P1-21/DB25-11): IOPort
hm2/hm2_7i97.0:     IO Pin 048 (P1-23/DB25-12): IOPort
hm2/hm2_7i97.0:     IO Pin 049 (P1-25/DB25-13): IOPort
hm2/hm2_7i97.0:     IO Pin 050 (Relay2): IOPort
hm2/hm2_7i97.0: registered

identityKinematicsSetup: coordinates:XYZXAC
   Joint 0 ==> Axis X
   Joint 1 ==> Axis Y
   Joint 2 ==> Axis Z
   Joint 3 ==> Axis X
   Joint 4 ==> Axis A
   Joint 5 ==> Axis C

[qtpyvcp][[36mINFO[0m]  Logging to [33m/home/brains/Documents/ned/configs/ned5_pb/pb.log[0m (logger.py:117)
[qtpyvcp][[36mINFO[0m]  QtPyVCP Version: 0.0.0+1.g0c377e9 (opt_parser.py:222)
[qtpyvcp.utilities.info][[36mINFO[0m]  Machine appearers to be a gantry config having a double X axis (info.py:418)
[qtpyvcp.utilities.info][[36mINFO[0m]  The machine has 5 axes and 6 joints (info.py:423)
[qtpyvcp.utilities.info][[36mINFO[0m]  The Axis/Joint mapping is: (info.py:424)
[qtpyvcp.utilities.info][[36mINFO[0m]  Axis X0 --> Joint 0 (info.py:432)
[qtpyvcp.utilities.info][[36mINFO[0m]  Axis Y --> Joint 1 (info.py:432)
[qtpyvcp.utilities.info][[36mINFO[0m]  Axis Z --> Joint 2 (info.py:432)
[qtpyvcp.utilities.info][[36mINFO[0m]  Axis X1 --> Joint 3 (info.py:432)
[qtpyvcp.utilities.info][[36mINFO[0m]  Axis A --> Joint 4 (info.py:432)
[qtpyvcp.utilities.info][[36mINFO[0m]  Axis C --> Joint 5 (info.py:432)
[qtpyvcp.plugins.var_file_manager][[36mINFO[0m]  VarFileManager initialized with parameter file: /home/brains/Documents/ned/configs/ned5_pb/ned5_pb.var (var_file_manager.py:103)
[qtpyvcp.plugins.db_tool_table][[36mINFO[0m]  Tool database: /home/brains/Documents/ned/configs/ned5_pb/tool_table.db (db_tool_table.py:344)
[qtpyvcp.plugins.var_file_manager][[36mINFO[0m]  VarFileManager: Using filesystem monitoring on /home/brains/Documents/ned/configs/ned5_pb/ned5_pb.var (var_file_manager.py:137)
[qtpyvcp.plugins.var_file_manager][[36mINFO[0m]  VarFileManager: File monitoring initialized (var_file_manager.py:164)
[qtpyvcp][[36mINFO[0m]  Loading global stylesheet: [33m/home/brains/qt_pb/probe_basic/src/probe_basic/probe_basic_dark.qss[0m (application.py:181)
[qtpyvcp.hal][[36mINFO[0m]  Creating new HAL component: qtpyvcp_manualtoolchange (__init__.py:61)
[qtpyvcp.widgets.form_widgets.main_window][[36mINFO[0m]  QUiLoader plugin paths: /home/brains/qt_pb/qtpyvcp/venv/lib/python3.13/site-packages/PySide6/Qt/plugins/designer, /usr/bin/designer, /home/brains/qt_pb/qtpyvcp/src/qtpyvcp/native/widgets_cpp/gcode_editor (main_window.py:599)
[qtpyvcp.app.launcher][[33mWARNING[0m]  Qt: "QFormBuilder was unable to create a custom widget of the class 'GCodeEditor'; defaulting to base class 'QPlainTextEdit'." (launcher.py:39)
[0m[33m2026-08-03 12:01:55.828 (   2.597s) [      7F9C364BA0]vtkOpenGLRenderWindow.c:929   WARN| vtkXOpenGLRenderWindow (0x3e270860): Unable to find a valid OpenGL 3.2 or later implementation. (3.1 found). Please update your video card driver to the latest version. If you are using Mesa please make sure you have version 11.2 or later and make sure your driver in Mesa supports OpenGL 3.2 such as llvmpipe or openswr. If you are on windows and using Microsoft remote desktop note that it only supports OpenGL 3.2 with nvidia quadro cards. You can use other remoting software such as nomachine to avoid this issue.[0m
[qtpyvcp.app.launcher][[33mWARNING[0m]  Qt: "QFormBuilder was unable to create a custom widget of the class 'GCodeEditor'; defaulting to base class 'QPlainTextEdit'." (launcher.py:39)
[qtpyvcp.app.launcher][[33mWARNING[0m]  Qt: QObject::connect: No such slot QPlainTextEdit::EditorReadWrite(bool) (launcher.py:39)
[qtpyvcp.app.launcher][[33mWARNING[0m]  Qt: QObject::connect:  (sender name:   'edit_gcode_button') (launcher.py:39)
[qtpyvcp.app.launcher][[33mWARNING[0m]  Qt: QObject::connect:  (receiver name: 'gcodeEditor_2') (launcher.py:39)
[qtpyvcp.app.launcher][[33mWARNING[0m]  Qt: QObject::connect: No such slot QPlainTextEdit::findDialog() (launcher.py:39)
[qtpyvcp.app.launcher][[33mWARNING[0m]  Qt: QObject::connect:  (sender name:   'find_replace_button') (launcher.py:39)
[qtpyvcp.app.launcher][[33mWARNING[0m]  Qt: QObject::connect:  (receiver name: 'gcodeEditor_2') (launcher.py:39)
[qtpyvcp.app.launcher][[33mWARNING[0m]  Qt: QObject::connect: No such slot QPlainTextEdit::saveFile() (launcher.py:39)
[qtpyvcp.app.launcher][[33mWARNING[0m]  Qt: QObject::connect:  (sender name:   'save_button') (launcher.py:39)
[qtpyvcp.app.launcher][[33mWARNING[0m]  Qt: QObject::connect:  (receiver name: 'gcodeEditor_2') (launcher.py:39)
[qtpyvcp.app.launcher][[33mWARNING[0m]  Qt: QObject::connect: No such slot QPlainTextEdit::saveFileAs() (launcher.py:39)
[qtpyvcp.app.launcher][[33mWARNING[0m]  Qt: QObject::connect:  (sender name:   'save_as_button') (launcher.py:39)
[qtpyvcp.app.launcher][[33mWARNING[0m]  Qt: QObject::connect:  (receiver name: 'gcodeEditor_2') (launcher.py:39)
[qtpyvcp.ned_homing_menu][[36mINFO[0m]  NED Homing menu constructed: 6 supervised actions (stock HomingMenu replaced at config level) (ned_homing_menu.py:92)
[qtpyvcp.QtPyVCP.probe_basic.probe_basic][[36mINFO[0m]  [ATC] Loading rack ATC (probe_basic.py:131)
[qtpyvcp.widgets.rack_atc_widget.rack_atc][[36mINFO[0m]  [RackATC] loading QML via QQuickView: /home/brains/qt_pb/probe_basic/src/widgets/rack_atc_widget/rack_atc.qml (rack_atc.py:73)
[qtpyvcp.QtPyVCP.probe_basic.probe_basic][[33mWARNING[0m]  USER_ATC_BUTTONS_PATH not set in INI. (probe_basic.py:436)
[qtpyvcp.user_tab..user_tabs/][[36mINFO[0m]  MDI mode gate: stale isRunning gate replaced with live-motion gate (ned_controls.py:112)
[qtpyvcp.hal][[36mINFO[0m]  Creating new HAL component: ned-tab (__init__.py:61)
[qtpyvcp.user_tab..user_tabs/][[36mINFO[0m]  ned-tab HAL component ready (ned_controls.py:401)
[qtpyvcp.user_tab..user_tabs/][[36mINFO[0m]  TOOLPROBE button absent from ned_controls.ui (probe served by PB stock controls) (ned_controls.py:410)
[qtpyvcp.user_tab..user_tabs/][[36mINFO[0m]  JOG panel: soft limits loaded: A[-115..115] C[-315..315] X[-4042.72..1] Y[-1787..1] Z[-620..1] (ned_controls.py:1474)
[qtpyvcp.user_tab..user_tabs/][[36mINFO[0m]  JOG speed -> MEDIUM (F1200 mm/min, 60 deg/min) (ned_controls.py:1488)
[qtpyvcp.user_tab..user_tabs/][[36mINFO[0m]  JOG panel: 21 widgets wired (ned_controls.py:1454)
[qtpyvcp.user_tab..user_tabs/][[36mINFO[0m]  NED tab page kept: JOG & PRESETS panel is its content (ned_controls.py:471)
[qtpyvcp.user_tab..user_tabs/][[36mINFO[0m]  GUI numbering badges OFF (create ned/gui_badges_on to enable) (ned_controls.py:489)
[qtpyvcp.user_tab..user_tabs/][[36mINFO[0m]  RACK MAP: 107 widgets wired (15 pockets + sync row) (rack_map.py:107)
[qtpyvcp.user_tab..user_tabs/][[36mINFO[0m]  RACK MAP: parameter file: /home/brains/Documents/ned/configs/ned5_pb/ned5_pb.var (rack_map.py:130)
[qtpyvcp.user_tab..user_tabs/][[36mINFO[0m]  RACK MAP: var file refreshed (302 params, mtime 12:01:52) (rack_map.py:153)
[qtpyvcp.QtPyVCP.probe_basic.probe_basic][[36mINFO[0m]  [user_buttons] base path from INI: user_buttons/ -> /home/brains/Documents/ned/configs/ned5_pb/user_buttons (probe_basic.py:476)
[qtpyvcp.QtPyVCP.probe_basic.probe_basic][[36mINFO[0m]  [user_buttons] candidate: /home/brains/Documents/ned/configs/ned5_pb/user_buttons/template_user_buttons/template_user_buttons.py (probe_basic.py:486)
[qtpyvcp.QtPyVCP.probe_basic.probe_basic][[36mINFO[0m]  [user_buttons] added user_buttons.user_buttons.template_user_buttons (probe_basic.py:496)
[qtpyvcp.QtPyVCP.probe_basic.probe_basic][[36mINFO[0m]  Jog display set from INI: geometry=XYZAC index=5 (probe_basic.py:233)
[qtpyvcp.QtPyVCP.probe_basic.probe_basic][[36mINFO[0m]  Toggle tooltips: enabled=False (probe_basic.py:324)
[qtpyvcp.QtPyVCP.probe_basic.probe_basic][[36mINFO[0m]  Toggled 0 tooltips (probe_basic.py:335)
[qtpyvcp.app.launcher][[36mINFO[0m]  Loading POSTGUI_HALFILE: /home/brains/Documents/ned/configs/ned5_pb/postgui_pb.hal (launcher.py:196)
ned_brain: ==== ned_brain start ==== (resume=False head_zero={'a': (36, 44350458), 'c': (-168, 4280673)} gears={'a': 128.25, 'c': 203.7471})
ned_pendant: ready -- increments [0.01, 0.05, 0.1, 0.5, 1.0] (from [DISPLAY]INCREMENTS), tap=next axis, double-tap=back, press+wheel=jump size, double-tap+hold+wheel=feed override
[qtpyvcp.app.launcher][[33mWARNING[0m]  Qt: dbus reply error: [ "org.freedesktop.DBus.Error.ServiceUnknown" ] "The name org.freedesktop.portal.Desktop was not provided by any .service files" (launcher.py:39)
[qtpyvcp.app.launcher][[33mWARNING[0m]  Qt: dbus reply error: [ "org.freedesktop.DBus.Error.ServiceUnknown" ] "The name org.freedesktop.portal.Desktop was not provided by any .service files" (launcher.py:39)
ned_brain: HEADREAD C start (R4 set, SEN about to drop -> A/C locked)
[qtpyvcp.app.launcher][[33mWARNING[0m]  PyWarning RuntimeWarning: libpyside: Failed to disconnect (None) from signal "pressed()". (/home/brains/Documents/ned/configs/ned5_pb/user_tabs/ned_controls/ned_controls.py:2066) (launcher.py:45)
[qtpyvcp.app.launcher][[33mWARNING[0m]  PyWarning RuntimeWarning: libpyside: Failed to disconnect (None) from signal "released()". (/home/brains/Documents/ned/configs/ned5_pb/user_tabs/ned_controls/ned_controls.py:2066) (launcher.py:45)
[qtpyvcp.user_tab..user_tabs/][[36mINFO[0m]  LOAD SPINDLE: 5 s countdown wired on 2 button(s): load_spindle_button, load_spindle_button_2 (ned_controls.py:2086)
[qtpyvcp.user_tab..user_tabs/][[36mINFO[0m]  spindle section: chip-load placeholder in; commanded-RPM drives 2 stock label(s) (format untouched) (ned_controls.py:1993)
[qtpyvcp.user_tab..user_tabs/][[36mINFO[0m]  OVR V validated: max_velocity_slider (r1 c0, range 0..20000), max_vel_slider (c1), max_velocity_to_100_button (c2) (ned_controls.py:224)
[qtpyvcp.user_tab..user_tabs/][[36mINFO[0m]  OVR F validated: feed_override_slider (r2 c0, range 0..150), feed_override_status (c1), feed_override_to_100_button (c2) (ned_controls.py:224)
[qtpyvcp.user_tab..user_tabs/][[36mINFO[0m]  OVR S validated: spindle_override_slider (r4 c0, range 20..200), spindle_override_status (c1), spindle_override_to_100_button (c2) (ned_controls.py:224)
[qtpyvcp.user_tab..user_tabs/][[36mINFO[0m]  OVR R validated: rapid_override_slider (r5 c0, range 0..100), rapid_override_status (c1), rapid_override_to_100_button (c2) (ned_controls.py:224)
[qtpyvcp.user_tab..user_tabs/][[36mINFO[0m]  OVR V row rebuilt: [-10%][max_velocity_to_100_button live][+10%][max_vel_slider] (step 2000 slider units = 10 pct-pts; max_velocity_slider hidden, still action-bound) (ned_controls.py:340)
[qtpyvcp.user_tab..user_tabs/][[36mINFO[0m]  OVR F row rebuilt: [-10%][feed_override_to_100_button live][+10%][feed_override_status] (step 10 slider units = 10 pct-pts; feed_override_slider hidden, still action-bound) (ned_controls.py:340)
[qtpyvcp.user_tab..user_tabs/][[36mINFO[0m]  OVR S row rebuilt: [-10%][spindle_override_to_100_button live][+10%][spindle_override_status] (step 10 slider units = 10 pct-pts; spindle_override_slider hidden, still action-bound) (ned_controls.py:340)
[qtpyvcp.user_tab..user_tabs/][[36mINFO[0m]  OVR R row rebuilt: [-10%][rapid_override_to_100_button live][+10%][rapid_override_status] (step 10 slider units = 10 pct-pts; rapid_override_slider hidden, still action-bound) (ned_controls.py:340)
[qtpyvcp.user_tab..user_tabs/][[36mINFO[0m]  OVERRIDE CLUSTER: all 4 rows rebuilt per operator mockup 2026-08-01 23:11 (ned_controls.py:344)
[qtpyvcp.user_tab..user_tabs/][[36mINFO[0m]  spindle FWD/REV wired to Check countdown (no iron S1 gate) (ned_controls.py:2016)
[qtpyvcp.user_tab..user_tabs/][[36mINFO[0m]  JOG status: OFF — machine not on (ned_controls.py:1908)
[qtpyvcp.QtPyVCP.probe_basic.probe_basic][[36mINFO[0m]  [user_dros] base path from INI: /home/brains/Documents/ned/configs/ned5_pb/user_dro_display (probe_basic.py:525)
[qtpyvcp.QtPyVCP.probe_basic.probe_basic][[36mINFO[0m]  [user_dros] looking for /home/brains/Documents/ned/configs/ned5_pb/user_dro_display/xyzac_dros/dros_xyzac.py (probe_basic.py:533)
[qtpyvcp.app.launcher][[33mWARNING[0m]  PyWarning RuntimeWarning: libpyside: Failed to disconnect (None) from signal "pressed()". (/home/brains/Documents/ned/configs/ned5_pb/user_dro_display/xyzac_dros/dros_xyzac.py:157) (launcher.py:45)
[qtpyvcp.app.launcher][[33mWARNING[0m]  PyWarning RuntimeWarning: libpyside: Failed to disconnect (None) from signal "released()". (/home/brains/Documents/ned/configs/ned5_pb/user_dro_display/xyzac_dros/dros_xyzac.py:157) (launcher.py:45)
[qtpyvcp.app.launcher][[33mWARNING[0m]  PyWarning RuntimeWarning: libpyside: Failed to disconnect (None) from signal "pressed()". (/home/brains/Documents/ned/configs/ned5_pb/user_dro_display/xyzac_dros/dros_xyzac.py:157) (launcher.py:45)
[qtpyvcp.app.launcher][[33mWARNING[0m]  PyWarning RuntimeWarning: libpyside: Failed to disconnect (None) from signal "released()". (/home/brains/Documents/ned/configs/ned5_pb/user_dro_display/xyzac_dros/dros_xyzac.py:157) (launcher.py:45)
[qtpyvcp.app.launcher][[33mWARNING[0m]  PyWarning RuntimeWarning: libpyside: Failed to disconnect (None) from signal "pressed()". (/home/brains/Documents/ned/configs/ned5_pb/user_dro_display/xyzac_dros/dros_xyzac.py:157) (launcher.py:45)
[qtpyvcp.app.launcher][[33mWARNING[0m]  PyWarning RuntimeWarning: libpyside: Failed to disconnect (None) from signal "released()". (/home/brains/Documents/ned/configs/ned5_pb/user_dro_display/xyzac_dros/dros_xyzac.py:157) (launcher.py:45)
[qtpyvcp.app.launcher][[33mWARNING[0m]  PyWarning RuntimeWarning: libpyside: Failed to disconnect (None) from signal "pressed()". (/home/brains/Documents/ned/configs/ned5_pb/user_dro_display/xyzac_dros/dros_xyzac.py:157) (launcher.py:45)
[qtpyvcp.app.launcher][[33mWARNING[0m]  PyWarning RuntimeWarning: libpyside: Failed to disconnect (None) from signal "released()". (/home/brains/Documents/ned/configs/ned5_pb/user_dro_display/xyzac_dros/dros_xyzac.py:157) (launcher.py:45)
[qtpyvcp.app.launcher][[33mWARNING[0m]  PyWarning RuntimeWarning: libpyside: Failed to disconnect (None) from signal "pressed()". (/home/brains/Documents/ned/configs/ned5_pb/user_dro_display/xyzac_dros/dros_xyzac.py:157) (launcher.py:45)
[qtpyvcp.app.launcher][[33mWARNING[0m]  PyWarning RuntimeWarning: libpyside: Failed to disconnect (None) from signal "released()". (/home/brains/Documents/ned/configs/ned5_pb/user_dro_display/xyzac_dros/dros_xyzac.py:157) (launcher.py:45)
[qtpyvcp.app.launcher][[33mWARNING[0m]  PyWarning RuntimeWarning: libpyside: Failed to disconnect (None) from signal "pressed()". (/home/brains/Documents/ned/configs/ned5_pb/user_dro_display/xyzac_dros/dros_xyzac.py:157) (launcher.py:45)
[qtpyvcp.app.launcher][[33mWARNING[0m]  PyWarning RuntimeWarning: libpyside: Failed to disconnect (None) from signal "released()". (/home/brains/Documents/ned/configs/ned5_pb/user_dro_display/xyzac_dros/dros_xyzac.py:157) (launcher.py:45)
[qtpyvcp.app.launcher][[33mWARNING[0m]  PyWarning RuntimeWarning: libpyside: Failed to disconnect (None) from signal "pressed()". (/home/brains/Documents/ned/configs/ned5_pb/user_dro_display/xyzac_dros/dros_xyzac.py:177) (launcher.py:45)
[qtpyvcp.app.launcher][[33mWARNING[0m]  PyWarning RuntimeWarning: libpyside: Failed to disconnect (None) from signal "released()". (/home/brains/Documents/ned/configs/ned5_pb/user_dro_display/xyzac_dros/dros_xyzac.py:177) (launcher.py:45)
[qtpyvcp.app.launcher][[33mWARNING[0m]  PyWarning RuntimeWarning: libpyside: Failed to disconnect (None) from signal "pressed()". (/home/brains/Documents/ned/configs/ned5_pb/user_dro_display/xyzac_dros/dros_xyzac.py:177) (launcher.py:45)
[qtpyvcp.app.launcher][[33mWARNING[0m]  PyWarning RuntimeWarning: libpyside: Failed to disconnect (None) from signal "released()". (/home/brains/Documents/ned/configs/ned5_pb/user_dro_display/xyzac_dros/dros_xyzac.py:177) (launcher.py:45)
[qtpyvcp.app.launcher][[33mWARNING[0m]  PyWarning RuntimeWarning: libpyside: Failed to disconnect (None) from signal "pressed()". (/home/brains/Documents/ned/configs/ned5_pb/user_dro_display/xyzac_dros/dros_xyzac.py:177) (launcher.py:45)
[qtpyvcp.app.launcher][[33mWARNING[0m]  PyWarning RuntimeWarning: libpyside: Failed to disconnect (None) from signal "released()". (/home/brains/Documents/ned/configs/ned5_pb/user_dro_display/xyzac_dros/dros_xyzac.py:177) (launcher.py:45)
[qtpyvcp.app.launcher][[33mWARNING[0m]  PyWarning RuntimeWarning: libpyside: Failed to disconnect (None) from signal "pressed()". (/home/brains/Documents/ned/configs/ned5_pb/user_dro_display/xyzac_dros/dros_xyzac.py:177) (launcher.py:45)
[qtpyvcp.app.launcher][[33mWARNING[0m]  PyWarning RuntimeWarning: libpyside: Failed to disconnect (None) from signal "released()". (/home/brains/Documents/ned/configs/ned5_pb/user_dro_display/xyzac_dros/dros_xyzac.py:177) (launcher.py:45)
[qtpyvcp.app.launcher][[33mWARNING[0m]  PyWarning RuntimeWarning: libpyside: Failed to disconnect (None) from signal "pressed()". (/home/brains/Documents/ned/configs/ned5_pb/user_dro_display/xyzac_dros/dros_xyzac.py:190) (launcher.py:45)
[qtpyvcp.app.launcher][[33mWARNING[0m]  PyWarning RuntimeWarning: libpyside: Failed to disconnect (None) from signal "released()". (/home/brains/Documents/ned/configs/ned5_pb/user_dro_display/xyzac_dros/dros_xyzac.py:190) (launcher.py:45)
[qtpyvcp.app.launcher][[33mWARNING[0m]  PyWarning RuntimeWarning: libpyside: Failed to disconnect (None) from signal "pressed()". (/home/brains/Documents/ned/configs/ned5_pb/user_dro_display/xyzac_dros/dros_xyzac.py:190) (launcher.py:45)
[qtpyvcp.app.launcher][[33mWARNING[0m]  PyWarning RuntimeWarning: libpyside: Failed to disconnect (None) from signal "released()". (/home/brains/Documents/ned/configs/ned5_pb/user_dro_display/xyzac_dros/dros_xyzac.py:190) (launcher.py:45)
[qtpyvcp.QtPyVCP.probe_basic.probe_basic][[36mINFO[0m]  [user_dros] added user_dros.xyzac_dros.dros_xyzac (probe_basic.py:540)
[qtpyvcp.QtPyVCP.probe_basic.probe_basic][[36mINFO[0m]  [offset_dro] base path from INI: /home/brains/Documents/ned/configs/ned5_pb/user_dro_display (probe_basic.py:573)
[qtpyvcp.QtPyVCP.probe_basic.probe_basic][[36mINFO[0m]  [offset_dro] looking for /home/brains/Documents/ned/configs/ned5_pb/user_dro_display/xyzac_dros/offset_dros_xyzac.ui (probe_basic.py:580)
[qtpyvcp.QtPyVCP.probe_basic.probe_basic][[36mINFO[0m]  [offset_dro] added /home/brains/Documents/ned/configs/ned5_pb/user_dro_display/xyzac_dros/offset_dros_xyzac.ui (probe_basic.py:584)
[qtpyvcp.user_tab..user_tabs/][[36mINFO[0m]  Homing menu rebind RETIRED: config-owned NedHomingMenu provider is the single homing path (ned_controls.py:2465)
[qtpyvcp.widgets.button_widgets.vcpvar_button][[33mWARNING[0m]  VCPVarPushButton: Cannot write parameter - machine not in safe state (vcpvar_button.py:317)
ned_brain: HEADREAD C: -0.000 deg  (mt=-168 w=4262925)
ned_brain: HEADREAD -> ini.5.home_offset = -0.0005
[qtpyvcp.user_tab..user_tabs/][[36mINFO[0m]  JOG status: IDLE — ready (ned_controls.py:1908)
ned_brain: HEADREAD A start (R4 set, SEN about to drop -> A/C locked)
ned_brain: HEADREAD A: +1.201 deg  (mt=36 w=15630206)
ned_brain: HEADREAD -> ini.4.home_offset = +1.2013
ned_brain: HEAD READ armed: C=-0.000 A=+1.201
ned_brain: MACHINE ON -> head read (A/C will home IN PLACE, no motion)
[qtpyvcp.user_tab..user_tabs/][[36mINFO[0m]  JOG page takeover: jogDisplay (stock jog arrows) replaced by jp_panel at 200x730; ned tab page now empty (ned_controls.py:1365)
[qtpyvcp.user_tab..user_tabs/][[36mINFO[0m]  UNITS panel installed in settings tab (IN/MM -> G20/G21) (ned_controls.py:1633)
[qtpyvcp.user_tab..user_tabs/][[36mINFO[0m]  SUBTABS: NED CONTROLS > JOG > CLAMP built (Z travel from INI = -620.0 .. 1.0; the clamp raises the FLOOR via ini.2.min_limit and restores it on disable) (ned_controls.py:714)
[qtpyvcp.user_dros.xyzac_dros.dros_xyzac][[36mINFO[0m]  HOME banner column added left of widget_xyzac (UNHOMED until the A/C absolute read lands, then STALE, then SESSION) (dros_xyzac.py:329)
[qtpyvcp.user_dros.xyzac_dros.dros_xyzac][[36mINFO[0m]  HOME banner -> UNHOMED (dros_xyzac.py:370)
ned_brain: DECLARE: STALE frame from stored_home.json (saved 2026-08-03 12:01:48): {0: -66.0, 1: -1434.024, 2: -460.6101, 3: -66.008}
[qtpyvcp.user_tab..user_tabs/][[36mINFO[0m]  JPCOORD in 319 265 vis=0 (ned_controls.py:1691)
[qtpyvcp.user_tab..user_tabs/][[36mINFO[0m]  JPCOORD jp_clear 1771 662 vis=1 (ned_controls.py:1691)
[qtpyvcp.user_tab..user_tabs/][[36mINFO[0m]  JPCOORD jp_fast 1771 206 vis=1 (ned_controls.py:1691)
[qtpyvcp.user_tab..user_tabs/][[36mINFO[0m]  JPCOORD jp_feed_readout 1771 238 vis=1 (ned_controls.py:1691)
[qtpyvcp.user_tab..user_tabs/][[36mINFO[0m]  JPCOORD jp_go_abs 1771 699 vis=1 (ned_controls.py:1691)
[qtpyvcp.user_tab..user_tabs/][[36mINFO[0m]  JPCOORD jp_go_rel 1771 743 vis=1 (ned_controls.py:1691)
[qtpyvcp.user_tab..user_tabs/][[36mINFO[0m]  JPCOORD jp_in_a 1771 599 vis=1 (ned_controls.py:1691)
[qtpyvcp.user_tab..user_tabs/][[36mINFO[0m]  JPCOORD jp_in_c 1771 631 vis=1 (ned_controls.py:1691)
[qtpyvcp.user_tab..user_tabs/][[36mINFO[0m]  JPCOORD jp_in_x 1771 503 vis=1 (ned_controls.py:1691)
[qtpyvcp.user_tab..user_tabs/][[36mINFO[0m]  JPCOORD jp_in_y 1771 535 vis=1 (ned_controls.py:1691)
[qtpyvcp.user_tab..user_tabs/][[36mINFO[0m]  JPCOORD jp_in_z 1771 567 vis=1 (ned_controls.py:1691)
[qtpyvcp.user_tab..user_tabs/][[36mINFO[0m]  JPCOORD jp_medium 1771 172 vis=1 (ned_controls.py:1691)
[qtpyvcp.user_tab..user_tabs/][[36mINFO[0m]  JPCOORD jp_p_a0c0 1814 403 vis=1 (ned_controls.py:1691)
[qtpyvcp.user_tab..user_tabs/][[36mINFO[0m]  JPCOORD jp_p_xy0 1728 307 vis=1 (ned_controls.py:1691)
[qtpyvcp.user_tab..user_tabs/][[36mINFO[0m]  JPCOORD jp_p_xy0z10 1728 403 vis=1 (ned_controls.py:1691)
[qtpyvcp.user_tab..user_tabs/][[36mINFO[0m]  JPCOORD jp_p_xyz0 1814 307 vis=1 (ned_controls.py:1691)
[qtpyvcp.user_tab..user_tabs/][[36mINFO[0m]  JPCOORD jp_p_z0 1728 355 vis=1 (ned_controls.py:1691)
[qtpyvcp.user_tab..user_tabs/][[36mINFO[0m]  JPCOORD jp_p_zp10 1814 355 vis=1 (ned_controls.py:1691)
[qtpyvcp.user_tab..user_tabs/][[36mINFO[0m]  JPCOORD jp_slow 1771 138 vis=1 (ned_controls.py:1691)
[qtpyvcp.user_tab..user_tabs/][[36mINFO[0m]  JPCOORD jp_status_dot 1694 780 vis=1 (ned_controls.py:1691)
[qtpyvcp.user_tab..user_tabs/][[36mINFO[0m]  JPCOORD jp_status_text 1783 780 vis=1 (ned_controls.py:1691)
[qtpyvcp.user_tab..user_tabs/][[36mINFO[0m]  JPCOORD jp_stop 2512 800 vis=0 (ned_controls.py:1691)
[qtpyvcp.user_tab..user_tabs/][[36mINFO[0m]  JPCOORD mm 319 265 vis=0 (ned_controls.py:1691)
[qtpyvcp.user_dros.xyzac_dros.dros_xyzac][[36mINFO[0m]  HOME banner -> STALE (dros_xyzac.py:370)
[qtpyvcp.ned_homing_menu][[36mINFO[0m]  NED Homing menu ENABLED (ON=True, A/C in-place=True) (ned_homing_menu.py:76)
ned_brain: DECLARED HOME (zero-motion, NML 112): joints [0, 1, 2, 3, 4, 5] where they stand; homed=(1, 1, 1, 1, 1, 1) all6=True (STALE HOME until menu Home All)
ned_brain: HEADREAD C start (R4 set, SEN about to drop -> A/C locked)
[qtpyvcp.user_tab..user_tabs/][[36mINFO[0m]  StartPuck: cal_probe_center issued (ned_controls.py:1023)
[qtpyvcp.user_tab..user_tabs/][[36mINFO[0m]  JOG status: MOVING — 0.0 mm/s (ned_controls.py:1908)
ned_brain: HEADREAD C: -0.000 deg  (mt=-168 w=4262944)
ned_brain: HEADREAD -> ini.5.home_offset = -0.0005
ned_brain: HEADREAD A start (R4 set, SEN about to drop -> A/C locked)
[qtpyvcp.user_tab..user_tabs/][[36mINFO[0m]  RACK MAP: var file refreshed (302 params, mtime 12:02:12) (rack_map.py:153)
ned_brain: HEADREAD A: +1.201 deg  (mt=36 w=15630212)
ned_brain: HEADREAD -> ini.4.home_offset = +1.2013
ned_brain: HEAD READ armed: C=-0.000 A=+1.201
[qtpyvcp.user_tab..user_tabs/][[36mINFO[0m]  RACK MAP: var file refreshed (302 params, mtime 12:02:14) (rack_map.py:153)
 CAL step 1: puck top at Z -462.121499 in the current work frame
[qtpyvcp.user_tab..user_tabs/][[36mINFO[0m]  RACK MAP: var file refreshed (302 params, mtime 12:02:26) (rack_map.py:153)
[qtpyvcp.user_tab..user_tabs/][[36mINFO[0m]  RACK MAP: var file refreshed (302 params, mtime 12:02:32) (rack_map.py:153)
[qtpyvcp.user_tab..user_tabs/][[36mINFO[0m]  RACK MAP: var file refreshed (302 params, mtime 12:02:37) (rack_map.py:153)
G38.2 move finished without making contact.
[qtpyvcp.user_tab..user_tabs/][[36mINFO[0m]  JOG status: IDLE — ready (ned_controls.py:1908)
[qtpyvcp.plugins.notifications][[31mERROR[0m]  G38.2 move finished without making 
 contact. (notifications.py:154)
ned_brain: program/MDI done (motion complete) -> MANUAL + teleop (MPG live)
ned_brain: TELEOP re-entered (machine ON + homed) -> MPG live
[qtpyvcp.user_tab..user_tabs/][[36mINFO[0m]  RACK MAP: var file refreshed (302 params, mtime 12:02:41) (rack_map.py:153)
 GOTO ZERO: at puck centre -73.051900 -1429.394000, tip 5.000000 mm above the top, A0 C0.
[qtpyvcp.user_tab..user_tabs/][[36mINFO[0m]  GOTO ZERO: cal_goto_zero issued with centre -73.0519 -1429.3940 top -462.0033 (ned_controls.py:1019)
[qtpyvcp.user_tab..user_tabs/][[36mINFO[0m]  JOG status: MOVING — 1.7 mm/s (ned_controls.py:1908)
[qtpyvcp.user_tab..user_tabs/][[36mINFO[0m]  RACK MAP: var file refreshed (302 params, mtime 12:02:43) (rack_map.py:153)
[qtpyvcp.user_tab..user_tabs/][[36mINFO[0m]  JOG status: IDLE — ready (ned_controls.py:1908)
ned_brain: program/MDI done (motion complete) -> MANUAL + teleop (MPG live)
ned_brain: TELEOP re-entered (machine ON + homed) -> MPG live
[qtpyvcp.user_tab..user_tabs/][[36mINFO[0m]  RACK MAP: var file refreshed (302 params, mtime 12:02:48) (rack_map.py:153)
[qtpyvcp.actions.machine_actions][[36mINFO[0m]  Issuing MDI command: M64 P3 (machine_actions.py:290)
[qtpyvcp.user_tab..user_tabs/][[36mINFO[0m]  RACK MAP: var file refreshed (302 params, mtime 12:02:52) (rack_map.py:153)
[qtpyvcp.user_tab..user_tabs/][[36mINFO[0m]  JOG status: MOVING — 0.4 mm/s (ned_controls.py:1908)
[qtpyvcp.user_tab..user_tabs/][[36mINFO[0m]  JOG status: IDLE — ready (ned_controls.py:1908)
[qtpyvcp.user_tab..user_tabs/][[36mINFO[0m]  JOG status: MOVING — 1.1 mm/s (ned_controls.py:1908)
[qtpyvcp.user_tab..user_tabs/][[36mINFO[0m]  JOG status: IDLE — ready (ned_controls.py:1908)
[qtpyvcp.user_tab..user_tabs/][[36mINFO[0m]  JOG status: MOVING — 0.2 mm/s (ned_controls.py:1908)
[qtpyvcp.user_tab..user_tabs/][[36mINFO[0m]  JOG status: IDLE — ready (ned_controls.py:1908)
ned_pendant: jump -> 0.05 mm/detent
[qtpyvcp.user_tab..user_tabs/][[36mINFO[0m]  JOG status: MOVING — 4.2 mm/s (ned_controls.py:1908)
[qtpyvcp.user_tab..user_tabs/][[36mINFO[0m]  JOG status: IDLE — ready (ned_controls.py:1908)
[qtpyvcp.user_tab..user_tabs/][[36mINFO[0m]  JOG status: MOVING — 3.1 mm/s (ned_controls.py:1908)
[qtpyvcp.user_tab..user_tabs/][[36mINFO[0m]  JOG status: IDLE — ready (ned_controls.py:1908)
[qtpyvcp.user_tab..user_tabs/][[36mINFO[0m]  JOG status: MOVING — 2.8 mm/s (ned_controls.py:1908)
[qtpyvcp.user_tab..user_tabs/][[36mINFO[0m]  JOG status: IDLE — ready (ned_controls.py:1908)
[qtpyvcp.user_tab..user_tabs/][[36mINFO[0m]  JOG status: MOVING — 6.1 mm/s (ned_controls.py:1908)
[qtpyvcp.user_tab..user_tabs/][[36mINFO[0m]  JOG status: IDLE — ready (ned_controls.py:1908)
[qtpyvcp.user_tab..user_tabs/][[36mINFO[0m]  JOG status: MOVING — 1.6 mm/s (ned_controls.py:1908)
[qtpyvcp.user_tab..user_tabs/][[36mINFO[0m]  JOG status: IDLE — ready (ned_controls.py:1908)
ned_pendant: axis -> Y
[qtpyvcp.user_tab..user_tabs/][[36mINFO[0m]  JOG status: MOVING — 1.3 mm/s (ned_controls.py:1908)
[qtpyvcp.user_tab..user_tabs/][[36mINFO[0m]  JOG status: IDLE — ready (ned_controls.py:1908)
[qtpyvcp.user_tab..user_tabs/][[36mINFO[0m]  JOG status: MOVING — 5.2 mm/s (ned_controls.py:1908)
[qtpyvcp.user_tab..user_tabs/][[36mINFO[0m]  JOG status: IDLE — ready (ned_controls.py:1908)
[qtpyvcp.user_tab..user_tabs/][[36mINFO[0m]  JOG status: MOVING — 5.0 mm/s (ned_controls.py:1908)
[qtpyvcp.user_tab..user_tabs/][[36mINFO[0m]  JOG status: IDLE — ready (ned_controls.py:1908)
[qtpyvcp.user_tab..user_tabs/][[36mINFO[0m]  JOG status: MOVING — 3.4 mm/s (ned_controls.py:1908)
[qtpyvcp.user_tab..user_tabs/][[36mINFO[0m]  JOG status: IDLE — ready (ned_controls.py:1908)
[qtpyvcp.user_tab..user_tabs/][[36mINFO[0m]  JOG status: MOVING — 4.8 mm/s (ned_controls.py:1908)
[qtpyvcp.user_tab..user_tabs/][[36mINFO[0m]  JOG status: IDLE — ready (ned_controls.py:1908)
[qtpyvcp.user_tab..user_tabs/][[36mINFO[0m]  JOG status: MOVING — 5.2 mm/s (ned_controls.py:1908)
[qtpyvcp.user_tab..user_tabs/][[36mINFO[0m]  JOG status: IDLE — ready (ned_controls.py:1908)
[qtpyvcp.user_tab..user_tabs/][[36mINFO[0m]  JOG status: MOVING — 2.3 mm/s (ned_controls.py:1908)
[qtpyvcp.user_tab..user_tabs/][[36mINFO[0m]  JOG status: IDLE — ready (ned_controls.py:1908)
[qtpyvcp.user_tab..user_tabs/][[36mINFO[0m]  JOG status: MOVING — 2.7 mm/s (ned_controls.py:1908)
[qtpyvcp.user_tab..user_tabs/][[36mINFO[0m]  JOG status: IDLE — ready (ned_controls.py:1908)
[qtpyvcp.user_tab..user_tabs/][[36mINFO[0m]  JOG status: MOVING — 3.2 mm/s (ned_controls.py:1908)
[qtpyvcp.user_tab..user_tabs/][[36mINFO[0m]  JOG status: IDLE — ready (ned_controls.py:1908)
[qtpyvcp.user_tab..user_tabs/][[36mINFO[0m]  JOG status: MOVING — 1.8 mm/s (ned_controls.py:1908)
[qtpyvcp.user_tab..user_tabs/][[36mINFO[0m]  JOG status: IDLE — ready (ned_controls.py:1908)
[qtpyvcp.user_tab..user_tabs/][[36mINFO[0m]  JOG status: MOVING — 2.0 mm/s (ned_controls.py:1908)
[qtpyvcp.user_tab..user_tabs/][[36mINFO[0m]  JOG status: IDLE — ready (ned_controls.py:1908)
[qtpyvcp.user_tab..user_tabs/][[36mINFO[0m]  JOG status: MOVING — 0.2 mm/s (ned_controls.py:1908)
[qtpyvcp.user_tab..user_tabs/][[36mINFO[0m]  JOG status: IDLE — ready (ned_controls.py:1908)
[qtpyvcp.user_tab..user_tabs/][[36mINFO[0m]  StartPuck: cal_probe_center issued (ned_controls.py:1023)
[qtpyvcp.user_tab..user_tabs/][[36mINFO[0m]  JOG status: MOVING — 0.0 mm/s (ned_controls.py:1908)
[qtpyvcp.user_tab..user_tabs/][[36mINFO[0m]  RACK MAP: var file refreshed (302 params, mtime 12:03:34) (rack_map.py:153)
[qtpyvcp.user_tab..user_tabs/][[36mINFO[0m]  RACK MAP: var file refreshed (302 params, mtime 12:03:37) (rack_map.py:153)
 CAL step 1: puck top at Z -462.230719 in the current work frame
[qtpyvcp.user_tab..user_tabs/][[36mINFO[0m]  RACK MAP: var file refreshed (302 params, mtime 12:03:49) (rack_map.py:153)
[qtpyvcp.user_tab..user_tabs/][[36mINFO[0m]  RACK MAP: var file refreshed (302 params, mtime 12:03:55) (rack_map.py:153)
[qtpyvcp.user_tab..user_tabs/][[36mINFO[0m]  RACK MAP: var file refreshed (302 params, mtime 12:03:57) (rack_map.py:153)
[qtpyvcp.user_tab..user_tabs/][[36mINFO[0m]  RACK MAP: var file refreshed (302 params, mtime 12:04:09) (rack_map.py:153)
[qtpyvcp.user_tab..user_tabs/][[36mINFO[0m]  RACK MAP: var file refreshed (302 params, mtime 12:04:16) (rack_map.py:153)
[qtpyvcp.user_tab..user_tabs/][[36mINFO[0m]  RACK MAP: var file refreshed (302 params, mtime 12:04:18) (rack_map.py:153)
[qtpyvcp.user_tab..user_tabs/][[36mINFO[0m]  RACK MAP: var file refreshed (302 params, mtime 12:04:28) (rack_map.py:153)
[qtpyvcp.user_tab..user_tabs/][[36mINFO[0m]  RACK MAP: var file refreshed (302 params, mtime 12:04:35) (rack_map.py:153)
[qtpyvcp.user_tab..user_tabs/][[36mINFO[0m]  RACK MAP: var file refreshed (302 params, mtime 12:04:37) (rack_map.py:153)
[qtpyvcp.user_tab..user_tabs/][[36mINFO[0m]  RACK MAP: var file refreshed (302 params, mtime 12:04:47) (rack_map.py:153)
[qtpyvcp.user_tab..user_tabs/][[36mINFO[0m]  RACK MAP: var file refreshed (302 params, mtime 12:04:54) (rack_map.py:153)
[qtpyvcp.user_tab..user_tabs/][[36mINFO[0m]  RACK MAP: var file refreshed (302 params, mtime 12:04:57) (rack_map.py:153)
[qtpyvcp.user_tab..user_tabs/][[36mINFO[0m]  RACK MAP: var file refreshed (302 params, mtime 12:05:09) (rack_map.py:153)
[qtpyvcp.user_tab..user_tabs/][[36mINFO[0m]  RACK MAP: var file refreshed (302 params, mtime 12:05:16) (rack_map.py:153)
[qtpyvcp.user_tab..user_tabs/][[36mINFO[0m]  RACK MAP: var file refreshed (302 params, mtime 12:05:18) (rack_map.py:153)
[qtpyvcp.user_tab..user_tabs/][[36mINFO[0m]  RACK MAP: var file refreshed (302 params, mtime 12:05:29) (rack_map.py:153)
[qtpyvcp.user_tab..user_tabs/][[36mINFO[0m]  RACK MAP: var file refreshed (302 params, mtime 12:05:36) (rack_map.py:153)
[qtpyvcp.user_tab..user_tabs/][[36mINFO[0m]  RACK MAP: var file refreshed (302 params, mtime 12:05:38) (rack_map.py:153)
[qtpyvcp.user_tab..user_tabs/][[36mINFO[0m]  RACK MAP: var file refreshed (302 params, mtime 12:05:50) (rack_map.py:153)
[qtpyvcp.user_tab..user_tabs/][[36mINFO[0m]  RACK MAP: var file refreshed (302 params, mtime 12:05:57) (rack_map.py:153)
Probe tripped during non-probe move.
[qtpyvcp.plugins.notifications][[31mERROR[0m]  Probe tripped during non-probe move. 
 (notifications.py:154)
[qtpyvcp.user_tab..user_tabs/][[36mINFO[0m]  JOG status: IDLE — ready (ned_controls.py:1908)
[qtpyvcp.user_tab..user_tabs/][[36mINFO[0m]  RACK MAP: var file refreshed (302 params, mtime 12:06:01) (rack_map.py:153)
ned_brain: program/MDI done (motion complete) -> MANUAL + teleop (MPG live)
ned_brain: TELEOP re-entered (machine ON + homed) -> MPG live
[qtpyvcp.user_tab..user_tabs/][[36mINFO[0m]  RACK MAP: var file refreshed (302 params, mtime 12:06:02) (rack_map.py:153)
[qtpyvcp.user_tab..user_tabs/][[36mINFO[0m]  StartA: cal_a_zero issued with centre -73.0519 -1429.3940 top -462.0033 (ned_controls.py:1019)
[qtpyvcp.user_tab..user_tabs/][[36mINFO[0m]  JOG status: MOVING — 0.0 mm/s (ned_controls.py:1908)
[qtpyvcp.user_tab..user_tabs/][[36mINFO[0m]  RACK MAP: var file refreshed (302 params, mtime 12:06:42) (rack_map.py:153)
StartA refused: machine must be ON, homed and idle
[qtpyvcp.user_tab..user_tabs/][[31mERROR[0m]  StartA refused: not ON/homed/idle (ned_controls.py:987)
[qtpyvcp.plugins.notifications][[31mERROR[0m]  StartA refused: machine must be 
 ON, homed and idle (notifications.py:154)
[qtpyvcp.user_tab..user_tabs/][[36mINFO[0m]  JOG status: IDLE — ready (ned_controls.py:1908)
[qtpyvcp.user_tab..user_tabs/][[36mINFO[0m]  RACK MAP: var file refreshed (302 params, mtime 12:06:45) (rack_map.py:153)
task: main loop took 0.134913 seconds
ned_brain: program/MDI done (motion complete) -> MANUAL + teleop (MPG live)
ned_brain: TELEOP re-entered (machine ON + homed) -> MPG live
[qtpyvcp.user_tab..user_tabs/][[36mINFO[0m]  RACK MAP: var file refreshed (302 params, mtime 12:06:46) (rack_map.py:153)
 GOTO ZERO: at puck centre -73.051900 -1429.394000, tip 5.000000 mm above the top, A0 C0.
[qtpyvcp.user_tab..user_tabs/][[36mINFO[0m]  GOTO ZERO: cal_goto_zero issued with centre -73.0519 -1429.3940 top -462.0033 (ned_controls.py:1019)
[qtpyvcp.user_tab..user_tabs/][[36mINFO[0m]  RACK MAP: var file refreshed (302 params, mtime 12:07:17) (rack_map.py:153)
[qtpyvcp.user_tab..user_tabs/][[36mINFO[0m]  JOG status: MOVING — 8.3 mm/s (ned_controls.py:1908)
[qtpyvcp.user_tab..user_tabs/][[36mINFO[0m]  JOG status: IDLE — ready (ned_controls.py:1908)
ned_brain: program/MDI done (motion complete) -> MANUAL + teleop (MPG live)
ned_brain: TELEOP re-entered (machine ON + homed) -> MPG live
[qtpyvcp.user_tab..user_tabs/][[36mINFO[0m]  StartA: cal_a_zero issued with centre -73.0519 -1429.3940 top -462.0033 (ned_controls.py:1019)
[qtpyvcp.user_tab..user_tabs/][[36mINFO[0m]  JOG status: MOVING — 0.0 mm/s (ned_controls.py:1908)
[qtpyvcp.user_tab..user_tabs/][[36mINFO[0m]  RACK MAP: var file refreshed (302 params, mtime 12:07:22) (rack_map.py:153)
[qtpyvcp.user_tab..user_tabs/][[36mINFO[0m]  JOG status: IDLE — ready (ned_controls.py:1908)
[qtpyvcp.user_tab..user_tabs/][[36mINFO[0m]  RACK MAP: var file refreshed (302 params, mtime 12:07:27) (rack_map.py:153)
ned_brain: program/MDI done (motion complete) -> MANUAL + teleop (MPG live)
ned_brain: TELEOP re-entered (machine ON + homed) -> MPG live
[qtpyvcp.user_tab..user_tabs/][[36mINFO[0m]  RACK MAP: var file refreshed (302 params, mtime 12:07:28) (rack_map.py:153)
Shutting down and cleaning up LinuxCNC...
task: 39398 cycles, min=0.000005, max=0.134913, avg=0.009964, 1 latency excursions (> 10x expected cycle time of 0.010000s)
ned_pendant EXIT on signal 15 (SIGTERM)
ned_brain: ned_brain EXIT on signal 15 (SIGTERM)
ned_pendant exited (atexit; normal interpreter exit)
ned_brain: ned_brain exited (atexit; normal interpreter exit)
ned_brain: stored_home.json final save at exit
hm2_eth: in hm2_eth_reset
hm2_eth: HostMot2 ethernet driver unloaded
hm2: unloading
Note: Using POSIX realtime

Script done on 2026-08-03 12:08:25-04:00 [COMMAND_EXIT_CODE="0"]

==================== LinuxCNC start (PROBE BASIC)  2026-08-03 12:09:09 ====================
Script started on 2026-08-03 12:09:09-04:00 [COMMAND="linuxcnc '/home/brains/Documents/ned/configs/ned5_pb/ned5_pb.ini'" TERM="xterm-256color" TTY="/dev/pts/4" COLUMNS="190" LINES="57"]
LINUXCNC - 2.9.8
Machine configuration directory is '/home/brains/Documents/ned/configs/ned5_pb'
Machine configuration file is 'ned5_pb.ini.expanded'
Starting LinuxCNC...
linuxcnc TPMOD=tpmod HOMEMOD=homemod EMCMOT=motmod
Note: Using POSIX realtime
Found file(REL): ./../ned5/ned5_iron.hal
hm2: loading Mesa HostMot2 driver version 0.15
hm2_eth: loading Mesa AnyIO HostMot2 ethernet driver version 0.2
hm2_eth: 10.10.10.10: INFO: Hardware address (MAC): 00:60:1b:17:81:5d
hm2_eth: discovered 7I97T
hm2/hm2_7i97.0: Low Level init 0.15
hm2/hm2_7i97.0: Smart Serial Firmware Version 43
Board hm2_7i97.0.7i84.0.0 Hardware Mode 0 = standard
Board hm2_7i97.0.7i84.0.0 Software Mode 0 = input_output
Board hm2_7i97.0.7i84.0.0 Software Mode 1 = io_analog_fieldvoltage
Board hm2_7i97.0.7i84.0.0 Software Mode 2 = io_encoder_analog
hm2/hm2_7i97.0: created PktUART Interface function hm2_7i97.0.pktuart.0.
hm2/hm2_7i97.0: 51 I/O Pins used:
hm2/hm2_7i97.0:     IO Pin 000 (TB3-04): PWMGen #0, pin Out0 (PWM or Up) (Output)
hm2/hm2_7i97.0:     IO Pin 001 (TB3-08): PWMGen #1, pin Out0 (PWM or Up) (Output)
hm2/hm2_7i97.0:     IO Pin 002 (TB3-12): PWMGen #2, pin Out0 (PWM or Up) (Output)
hm2/hm2_7i97.0:     IO Pin 003 (TB3-16): PWMGen #3, pin Out0 (PWM or Up) (Output)
hm2/hm2_7i97.0:     IO Pin 004 (TB3-20): PWMGen #4, pin Out0 (PWM or Up) (Output)
hm2/hm2_7i97.0:     IO Pin 005 (AN_ENA4): PWMGen #4, pin Not-Enable (Output)
hm2/hm2_7i97.0:     IO Pin 006 (TB3-24): PWMGen #5, pin Out0 (PWM or Up) (Output)
hm2/hm2_7i97.0:     IO Pin 007 (AN_ENA5): PWMGen #5, pin Not-Enable (Output)
hm2/hm2_7i97.0:     IO Pin 008 (AN-ENA0..3): PWMGen #0, pin Not-Enable (Output)
hm2/hm2_7i97.0:     IO Pin 009 (TB1-01/TB1-09): Muxed Encoder #0, pin Muxed A (Input)
hm2/hm2_7i97.0:     IO Pin 010 (TB1-04/TB1-12): Muxed Encoder #0, pin Muxed B (Input)
hm2/hm2_7i97.0:     IO Pin 011 (TB1-07/TB1-15): Muxed Encoder #0, pin Muxed Index (Input)
hm2/hm2_7i97.0:     IO Pin 012 (TB1-17/TB2-01): Muxed Encoder #1, pin Muxed A (Input)
hm2/hm2_7i97.0:     IO Pin 013 (TB1-20/TB2-04): Muxed Encoder #1, pin Muxed B (Input)
hm2/hm2_7i97.0:     IO Pin 014 (TB1-23/TB2-07): Muxed Encoder #1, pin Muxed Index (Input)
hm2/hm2_7i97.0:     IO Pin 015 (TB2-09/TB2-17): Muxed Encoder #2, pin Muxed A (Input)
hm2/hm2_7i97.0:     IO Pin 016 (TB2-12/TB2-20): Muxed Encoder #2, pin Muxed B (Input)
hm2/hm2_7i97.0:     IO Pin 017 (TB2-15/TB2-23): Muxed Encoder #2, pin Muxed Index (Input)
hm2/hm2_7i97.0:     IO Pin 018 (Internal EncMux): Muxed Encoder Select #0, pin Mux Select 0 (Output)
hm2/hm2_7i97.0:     IO Pin 019 (TB5-13/TB5-14): SSR #0, pin Out-00 (Output)
hm2/hm2_7i97.0:     IO Pin 020 (TB5-15/TB5-16): SSR #0, pin Out-01 (Output)
hm2/hm2_7i97.0:     IO Pin 021 (TB5-17/TB5-18): SSR #0, pin Out-02 (Output)
hm2/hm2_7i97.0:     IO Pin 022 (TB5-19/TB5-20): SSR #0, pin Out-03 (Output)
hm2/hm2_7i97.0:     IO Pin 023 (TB5-21/TB5-22): SSR #0, pin Out-04 (Output)
hm2/hm2_7i97.0:     IO Pin 024 (TB5-23/TB5-24): SSR #0, pin Out-05 (Output)
hm2/hm2_7i97.0:     IO Pin 025 (Internal InMux0): SSR #0, pin AC Ref (internal) (Output)
hm2/hm2_7i97.0:     IO Pin 026 (Internal InMux1): InMux Input Mux #0, pin addr0 (Output)
hm2/hm2_7i97.0:     IO Pin 027 (Internal InMux2): InMux Input Mux #0, pin addr1 (Output)
hm2/hm2_7i97.0:     IO Pin 028 (Internal InMux3): InMux Input Mux #0, pin addr2 (Output)
hm2/hm2_7i97.0:     IO Pin 029 (Internal InMuxData): InMux Input Mux #0, pin addr3 (Output)
hm2/hm2_7i97.0:     IO Pin 030 (TB4-15/TB4-16): InMux Input Mux #0, pin muxdata (Input)
hm2/hm2_7i97.0:     IO Pin 031 (TB4-17/TB4-18): Smart Serial Interface #0, pin rx0 (Input)
hm2/hm2_7i97.0:     IO Pin 032 (TB4-17/TB4-18): Smart Serial Interface #0, pin tx0 (Output)
hm2/hm2_7i97.0:     IO Pin 033 (P1-01/DB25-01): Smart Serial Interface #0, pin txen0 (Output)
hm2/hm2_7i97.0:     IO Pin 034 (P1-02/DB25-14): PktUART Receive Channel #0, pin RX Data (Input)
hm2/hm2_7i97.0:     IO Pin 035 (P1-03/DB25-02): PktUART Transmit Channel #0, pin TX Data (Output)
hm2/hm2_7i97.0:     IO Pin 036 (P1-04/DB25-15): StepGen #3, pin Step (Output)
hm2/hm2_7i97.0:     IO Pin 037 (P1-05/DB25-03): StepGen #3, pin Direction (Output)
hm2/hm2_7i97.0:     IO Pin 038 (P1-06/DB25-16): StepGen #2, pin Step (Output)
hm2/hm2_7i97.0:     IO Pin 039 (P1-07/DB25-04): StepGen #2, pin Direction (Output)
hm2/hm2_7i97.0:     IO Pin 040 (P1-08/DB25-17): StepGen #1, pin Step (Output)
hm2/hm2_7i97.0:     IO Pin 041 (P1-09/DB25-05): StepGen #1, pin Direction (Output)
hm2/hm2_7i97.0:     IO Pin 042 (P1-11/DB25-06): StepGen #0, pin Step (Output)
hm2/hm2_7i97.0:     IO Pin 043 (P1-13/DB25-07): StepGen #0, pin Direction (Output)
hm2/hm2_7i97.0:     IO Pin 044 (P1-15/DB25-08): IOPort
hm2/hm2_7i97.0:     IO Pin 045 (P1-17/DB25-09): IOPort
hm2/hm2_7i97.0:     IO Pin 046 (P1-19/DB25-10): IOPort
hm2/hm2_7i97.0:     IO Pin 047 (P1-21/DB25-11): IOPort
hm2/hm2_7i97.0:     IO Pin 048 (P1-23/DB25-12): IOPort
hm2/hm2_7i97.0:     IO Pin 049 (P1-25/DB25-13): IOPort
hm2/hm2_7i97.0:     IO Pin 050 (Relay2): IOPort
hm2/hm2_7i97.0: registered

identityKinematicsSetup: coordinates:XYZXAC
   Joint 0 ==> Axis X
   Joint 1 ==> Axis Y
   Joint 2 ==> Axis Z
   Joint 3 ==> Axis X
   Joint 4 ==> Axis A
   Joint 5 ==> Axis C

[qtpyvcp][[36mINFO[0m]  Logging to [33m/home/brains/Documents/ned/configs/ned5_pb/pb.log[0m (logger.py:117)
[qtpyvcp][[36mINFO[0m]  QtPyVCP Version: 0.0.0+1.g0c377e9 (opt_parser.py:222)
[qtpyvcp.utilities.info][[36mINFO[0m]  Machine appearers to be a gantry config having a double X axis (info.py:418)
[qtpyvcp.utilities.info][[36mINFO[0m]  The machine has 5 axes and 6 joints (info.py:423)
[qtpyvcp.utilities.info][[36mINFO[0m]  The Axis/Joint mapping is: (info.py:424)
[qtpyvcp.utilities.info][[36mINFO[0m]  Axis X0 --> Joint 0 (info.py:432)
[qtpyvcp.utilities.info][[36mINFO[0m]  Axis Y --> Joint 1 (info.py:432)
[qtpyvcp.utilities.info][[36mINFO[0m]  Axis Z --> Joint 2 (info.py:432)
[qtpyvcp.utilities.info][[36mINFO[0m]  Axis X1 --> Joint 3 (info.py:432)
[qtpyvcp.utilities.info][[36mINFO[0m]  Axis A --> Joint 4 (info.py:432)
[qtpyvcp.utilities.info][[36mINFO[0m]  Axis C --> Joint 5 (info.py:432)
[qtpyvcp.plugins.var_file_manager][[36mINFO[0m]  VarFileManager initialized with parameter file: /home/brains/Documents/ned/configs/ned5_pb/ned5_pb.var (var_file_manager.py:103)
[qtpyvcp.plugins.db_tool_table][[36mINFO[0m]  Tool database: /home/brains/Documents/ned/configs/ned5_pb/tool_table.db (db_tool_table.py:344)
[qtpyvcp.plugins.var_file_manager][[36mINFO[0m]  VarFileManager: Using filesystem monitoring on /home/brains/Documents/ned/configs/ned5_pb/ned5_pb.var (var_file_manager.py:137)
[qtpyvcp.plugins.var_file_manager][[36mINFO[0m]  VarFileManager: File monitoring initialized (var_file_manager.py:164)
[qtpyvcp][[36mINFO[0m]  Loading global stylesheet: [33m/home/brains/qt_pb/probe_basic/src/probe_basic/probe_basic_dark.qss[0m (application.py:181)
[qtpyvcp.hal][[36mINFO[0m]  Creating new HAL component: qtpyvcp_manualtoolchange (__init__.py:61)
[qtpyvcp.widgets.form_widgets.main_window][[36mINFO[0m]  QUiLoader plugin paths: /home/brains/qt_pb/qtpyvcp/venv/lib/python3.13/site-packages/PySide6/Qt/plugins/designer, /usr/bin/designer, /home/brains/qt_pb/qtpyvcp/src/qtpyvcp/native/widgets_cpp/gcode_editor (main_window.py:599)
[qtpyvcp.app.launcher][[33mWARNING[0m]  Qt: "QFormBuilder was unable to create a custom widget of the class 'GCodeEditor'; defaulting to base class 'QPlainTextEdit'." (launcher.py:39)
[0m[33m2026-08-03 12:09:14.653 (   2.652s) [      7FADE76BA0]vtkOpenGLRenderWindow.c:929   WARN| vtkXOpenGLRenderWindow (0x2446f000): Unable to find a valid OpenGL 3.2 or later implementation. (3.1 found). Please update your video card driver to the latest version. If you are using Mesa please make sure you have version 11.2 or later and make sure your driver in Mesa supports OpenGL 3.2 such as llvmpipe or openswr. If you are on windows and using Microsoft remote desktop note that it only supports OpenGL 3.2 with nvidia quadro cards. You can use other remoting software such as nomachine to avoid this issue.[0m
[qtpyvcp.app.launcher][[33mWARNING[0m]  Qt: "QFormBuilder was unable to create a custom widget of the class 'GCodeEditor'; defaulting to base class 'QPlainTextEdit'." (launcher.py:39)
[qtpyvcp.app.launcher][[33mWARNING[0m]  Qt: QObject::connect: No such slot QPlainTextEdit::EditorReadWrite(bool) (launcher.py:39)
[qtpyvcp.app.launcher][[33mWARNING[0m]  Qt: QObject::connect:  (sender name:   'edit_gcode_button') (launcher.py:39)
[qtpyvcp.app.launcher][[33mWARNING[0m]  Qt: QObject::connect:  (receiver name: 'gcodeEditor_2') (launcher.py:39)
[qtpyvcp.app.launcher][[33mWARNING[0m]  Qt: QObject::connect: No such slot QPlainTextEdit::findDialog() (launcher.py:39)
[qtpyvcp.app.launcher][[33mWARNING[0m]  Qt: QObject::connect:  (sender name:   'find_replace_button') (launcher.py:39)
[qtpyvcp.app.launcher][[33mWARNING[0m]  Qt: QObject::connect:  (receiver name: 'gcodeEditor_2') (launcher.py:39)
[qtpyvcp.app.launcher][[33mWARNING[0m]  Qt: QObject::connect: No such slot QPlainTextEdit::saveFile() (launcher.py:39)
[qtpyvcp.app.launcher][[33mWARNING[0m]  Qt: QObject::connect:  (sender name:   'save_button') (launcher.py:39)
[qtpyvcp.app.launcher][[33mWARNING[0m]  Qt: QObject::connect:  (receiver name: 'gcodeEditor_2') (launcher.py:39)
[qtpyvcp.app.launcher][[33mWARNING[0m]  Qt: QObject::connect: No such slot QPlainTextEdit::saveFileAs() (launcher.py:39)
[qtpyvcp.app.launcher][[33mWARNING[0m]  Qt: QObject::connect:  (sender name:   'save_as_button') (launcher.py:39)
[qtpyvcp.app.launcher][[33mWARNING[0m]  Qt: QObject::connect:  (receiver name: 'gcodeEditor_2') (launcher.py:39)
[qtpyvcp.ned_homing_menu][[36mINFO[0m]  NED Homing menu constructed: 6 supervised actions (stock HomingMenu replaced at config level) (ned_homing_menu.py:92)
[qtpyvcp.QtPyVCP.probe_basic.probe_basic][[36mINFO[0m]  [ATC] Loading rack ATC (probe_basic.py:131)
[qtpyvcp.widgets.rack_atc_widget.rack_atc][[36mINFO[0m]  [RackATC] loading QML via QQuickView: /home/brains/qt_pb/probe_basic/src/widgets/rack_atc_widget/rack_atc.qml (rack_atc.py:73)
[qtpyvcp.QtPyVCP.probe_basic.probe_basic][[33mWARNING[0m]  USER_ATC_BUTTONS_PATH not set in INI. (probe_basic.py:436)
[qtpyvcp.user_tab..user_tabs/][[36mINFO[0m]  MDI mode gate: stale isRunning gate replaced with live-motion gate (ned_controls.py:112)
[qtpyvcp.hal][[36mINFO[0m]  Creating new HAL component: ned-tab (__init__.py:61)
[qtpyvcp.user_tab..user_tabs/][[36mINFO[0m]  ned-tab HAL component ready (ned_controls.py:401)
[qtpyvcp.user_tab..user_tabs/][[36mINFO[0m]  TOOLPROBE button absent from ned_controls.ui (probe served by PB stock controls) (ned_controls.py:410)
[qtpyvcp.user_tab..user_tabs/][[36mINFO[0m]  JOG panel: soft limits loaded: A[-115..115] C[-315..315] X[-4042.72..1] Y[-1787..1] Z[-620..1] (ned_controls.py:1474)
[qtpyvcp.user_tab..user_tabs/][[36mINFO[0m]  JOG speed -> MEDIUM (F1200 mm/min, 60 deg/min) (ned_controls.py:1488)
[qtpyvcp.user_tab..user_tabs/][[36mINFO[0m]  JOG panel: 21 widgets wired (ned_controls.py:1454)
[qtpyvcp.user_tab..user_tabs/][[36mINFO[0m]  NED tab page kept: JOG & PRESETS panel is its content (ned_controls.py:471)
[qtpyvcp.user_tab..user_tabs/][[36mINFO[0m]  GUI numbering badges OFF (create ned/gui_badges_on to enable) (ned_controls.py:489)
[qtpyvcp.user_tab..user_tabs/][[36mINFO[0m]  RACK MAP: 107 widgets wired (15 pockets + sync row) (rack_map.py:107)
[qtpyvcp.user_tab..user_tabs/][[36mINFO[0m]  RACK MAP: parameter file: /home/brains/Documents/ned/configs/ned5_pb/ned5_pb.var (rack_map.py:130)
[qtpyvcp.user_tab..user_tabs/][[36mINFO[0m]  RACK MAP: var file refreshed (302 params, mtime 12:09:10) (rack_map.py:153)
[qtpyvcp.QtPyVCP.probe_basic.probe_basic][[36mINFO[0m]  [user_buttons] base path from INI: user_buttons/ -> /home/brains/Documents/ned/configs/ned5_pb/user_buttons (probe_basic.py:476)
[qtpyvcp.QtPyVCP.probe_basic.probe_basic][[36mINFO[0m]  [user_buttons] candidate: /home/brains/Documents/ned/configs/ned5_pb/user_buttons/template_user_buttons/template_user_buttons.py (probe_basic.py:486)
[qtpyvcp.QtPyVCP.probe_basic.probe_basic][[36mINFO[0m]  [user_buttons] added user_buttons.user_buttons.template_user_buttons (probe_basic.py:496)
[qtpyvcp.QtPyVCP.probe_basic.probe_basic][[36mINFO[0m]  Jog display set from INI: geometry=XYZAC index=5 (probe_basic.py:233)
[qtpyvcp.QtPyVCP.probe_basic.probe_basic][[36mINFO[0m]  Toggle tooltips: enabled=False (probe_basic.py:324)
[qtpyvcp.QtPyVCP.probe_basic.probe_basic][[36mINFO[0m]  Toggled 0 tooltips (probe_basic.py:335)
[qtpyvcp.app.launcher][[36mINFO[0m]  Loading POSTGUI_HALFILE: /home/brains/Documents/ned/configs/ned5_pb/postgui_pb.hal (launcher.py:196)
ned_brain: ==== ned_brain start ==== (resume=False head_zero={'a': (36, 44350458), 'c': (-168, 4280673)} gears={'a': 128.25, 'c': 203.7471})
ned_pendant: ready -- increments [0.01, 0.05, 0.1, 0.5, 1.0] (from [DISPLAY]INCREMENTS), tap=next axis, double-tap=back, press+wheel=jump size, double-tap+hold+wheel=feed override
[qtpyvcp.app.launcher][[33mWARNING[0m]  Qt: dbus reply error: [ "org.freedesktop.DBus.Error.ServiceUnknown" ] "The name org.freedesktop.portal.Desktop was not provided by any .service files" (launcher.py:39)
[qtpyvcp.app.launcher][[33mWARNING[0m]  Qt: dbus reply error: [ "org.freedesktop.DBus.Error.ServiceUnknown" ] "The name org.freedesktop.portal.Desktop was not provided by any .service files" (launcher.py:39)
[qtpyvcp.app.launcher][[33mWARNING[0m]  PyWarning RuntimeWarning: libpyside: Failed to disconnect (None) from signal "pressed()". (/home/brains/Documents/ned/configs/ned5_pb/user_tabs/ned_controls/ned_controls.py:2066) (launcher.py:45)
[qtpyvcp.app.launcher][[33mWARNING[0m]  PyWarning RuntimeWarning: libpyside: Failed to disconnect (None) from signal "released()". (/home/brains/Documents/ned/configs/ned5_pb/user_tabs/ned_controls/ned_controls.py:2066) (launcher.py:45)
[qtpyvcp.user_tab..user_tabs/][[36mINFO[0m]  LOAD SPINDLE: 5 s countdown wired on 2 button(s): load_spindle_button, load_spindle_button_2 (ned_controls.py:2086)
[qtpyvcp.user_tab..user_tabs/][[36mINFO[0m]  spindle section: chip-load placeholder in; commanded-RPM drives 2 stock label(s) (format untouched) (ned_controls.py:1993)
[qtpyvcp.user_tab..user_tabs/][[36mINFO[0m]  OVR V validated: max_velocity_slider (r1 c0, range 0..20000), max_vel_slider (c1), max_velocity_to_100_button (c2) (ned_controls.py:224)
ned_brain: HEADREAD C start (R4 set, SEN about to drop -> A/C locked)
[qtpyvcp.user_tab..user_tabs/][[36mINFO[0m]  OVR F validated: feed_override_slider (r2 c0, range 0..150), feed_override_status (c1), feed_override_to_100_button (c2) (ned_controls.py:224)
[qtpyvcp.user_tab..user_tabs/][[36mINFO[0m]  OVR S validated: spindle_override_slider (r4 c0, range 20..200), spindle_override_status (c1), spindle_override_to_100_button (c2) (ned_controls.py:224)
[qtpyvcp.user_tab..user_tabs/][[36mINFO[0m]  OVR R validated: rapid_override_slider (r5 c0, range 0..100), rapid_override_status (c1), rapid_override_to_100_button (c2) (ned_controls.py:224)
[qtpyvcp.user_tab..user_tabs/][[36mINFO[0m]  OVR V row rebuilt: [-10%][max_velocity_to_100_button live][+10%][max_vel_slider] (step 2000 slider units = 10 pct-pts; max_velocity_slider hidden, still action-bound) (ned_controls.py:340)
[qtpyvcp.user_tab..user_tabs/][[36mINFO[0m]  OVR F row rebuilt: [-10%][feed_override_to_100_button live][+10%][feed_override_status] (step 10 slider units = 10 pct-pts; feed_override_slider hidden, still action-bound) (ned_controls.py:340)
[qtpyvcp.user_tab..user_tabs/][[36mINFO[0m]  OVR S row rebuilt: [-10%][spindle_override_to_100_button live][+10%][spindle_override_status] (step 10 slider units = 10 pct-pts; spindle_override_slider hidden, still action-bound) (ned_controls.py:340)
[qtpyvcp.user_tab..user_tabs/][[36mINFO[0m]  OVR R row rebuilt: [-10%][rapid_override_to_100_button live][+10%][rapid_override_status] (step 10 slider units = 10 pct-pts; rapid_override_slider hidden, still action-bound) (ned_controls.py:340)
[qtpyvcp.user_tab..user_tabs/][[36mINFO[0m]  OVERRIDE CLUSTER: all 4 rows rebuilt per operator mockup 2026-08-01 23:11 (ned_controls.py:344)
[qtpyvcp.user_tab..user_tabs/][[36mINFO[0m]  spindle FWD/REV wired to Check countdown (no iron S1 gate) (ned_controls.py:2016)
[qtpyvcp.user_tab..user_tabs/][[36mINFO[0m]  JOG status: OFF — machine not on (ned_controls.py:1908)
[qtpyvcp.QtPyVCP.probe_basic.probe_basic][[36mINFO[0m]  [user_dros] base path from INI: /home/brains/Documents/ned/configs/ned5_pb/user_dro_display (probe_basic.py:525)
[qtpyvcp.QtPyVCP.probe_basic.probe_basic][[36mINFO[0m]  [user_dros] looking for /home/brains/Documents/ned/configs/ned5_pb/user_dro_display/xyzac_dros/dros_xyzac.py (probe_basic.py:533)
[qtpyvcp.app.launcher][[33mWARNING[0m]  PyWarning RuntimeWarning: libpyside: Failed to disconnect (None) from signal "pressed()". (/home/brains/Documents/ned/configs/ned5_pb/user_dro_display/xyzac_dros/dros_xyzac.py:157) (launcher.py:45)
[qtpyvcp.app.launcher][[33mWARNING[0m]  PyWarning RuntimeWarning: libpyside: Failed to disconnect (None) from signal "released()". (/home/brains/Documents/ned/configs/ned5_pb/user_dro_display/xyzac_dros/dros_xyzac.py:157) (launcher.py:45)
[qtpyvcp.app.launcher][[33mWARNING[0m]  PyWarning RuntimeWarning: libpyside: Failed to disconnect (None) from signal "pressed()". (/home/brains/Documents/ned/configs/ned5_pb/user_dro_display/xyzac_dros/dros_xyzac.py:157) (launcher.py:45)
[qtpyvcp.app.launcher][[33mWARNING[0m]  PyWarning RuntimeWarning: libpyside: Failed to disconnect (None) from signal "released()". (/home/brains/Documents/ned/configs/ned5_pb/user_dro_display/xyzac_dros/dros_xyzac.py:157) (launcher.py:45)
[qtpyvcp.app.launcher][[33mWARNING[0m]  PyWarning RuntimeWarning: libpyside: Failed to disconnect (None) from signal "pressed()". (/home/brains/Documents/ned/configs/ned5_pb/user_dro_display/xyzac_dros/dros_xyzac.py:157) (launcher.py:45)
[qtpyvcp.app.launcher][[33mWARNING[0m]  PyWarning RuntimeWarning: libpyside: Failed to disconnect (None) from signal "released()". (/home/brains/Documents/ned/configs/ned5_pb/user_dro_display/xyzac_dros/dros_xyzac.py:157) (launcher.py:45)
[qtpyvcp.app.launcher][[33mWARNING[0m]  PyWarning RuntimeWarning: libpyside: Failed to disconnect (None) from signal "pressed()". (/home/brains/Documents/ned/configs/ned5_pb/user_dro_display/xyzac_dros/dros_xyzac.py:157) (launcher.py:45)
[qtpyvcp.app.launcher][[33mWARNING[0m]  PyWarning RuntimeWarning: libpyside: Failed to disconnect (None) from signal "released()". (/home/brains/Documents/ned/configs/ned5_pb/user_dro_display/xyzac_dros/dros_xyzac.py:157) (launcher.py:45)
[qtpyvcp.app.launcher][[33mWARNING[0m]  PyWarning RuntimeWarning: libpyside: Failed to disconnect (None) from signal "pressed()". (/home/brains/Documents/ned/configs/ned5_pb/user_dro_display/xyzac_dros/dros_xyzac.py:157) (launcher.py:45)
[qtpyvcp.app.launcher][[33mWARNING[0m]  PyWarning RuntimeWarning: libpyside: Failed to disconnect (None) from signal "released()". (/home/brains/Documents/ned/configs/ned5_pb/user_dro_display/xyzac_dros/dros_xyzac.py:157) (launcher.py:45)
[qtpyvcp.app.launcher][[33mWARNING[0m]  PyWarning RuntimeWarning: libpyside: Failed to disconnect (None) from signal "pressed()". (/home/brains/Documents/ned/configs/ned5_pb/user_dro_display/xyzac_dros/dros_xyzac.py:157) (launcher.py:45)
[qtpyvcp.app.launcher][[33mWARNING[0m]  PyWarning RuntimeWarning: libpyside: Failed to disconnect (None) from signal "released()". (/home/brains/Documents/ned/configs/ned5_pb/user_dro_display/xyzac_dros/dros_xyzac.py:157) (launcher.py:45)
[qtpyvcp.app.launcher][[33mWARNING[0m]  PyWarning RuntimeWarning: libpyside: Failed to disconnect (None) from signal "pressed()". (/home/brains/Documents/ned/configs/ned5_pb/user_dro_display/xyzac_dros/dros_xyzac.py:177) (launcher.py:45)
[qtpyvcp.app.launcher][[33mWARNING[0m]  PyWarning RuntimeWarning: libpyside: Failed to disconnect (None) from signal "released()". (/home/brains/Documents/ned/configs/ned5_pb/user_dro_display/xyzac_dros/dros_xyzac.py:177) (launcher.py:45)
[qtpyvcp.app.launcher][[33mWARNING[0m]  PyWarning RuntimeWarning: libpyside: Failed to disconnect (None) from signal "pressed()". (/home/brains/Documents/ned/configs/ned5_pb/user_dro_display/xyzac_dros/dros_xyzac.py:177) (launcher.py:45)
[qtpyvcp.app.launcher][[33mWARNING[0m]  PyWarning RuntimeWarning: libpyside: Failed to disconnect (None) from signal "released()". (/home/brains/Documents/ned/configs/ned5_pb/user_dro_display/xyzac_dros/dros_xyzac.py:177) (launcher.py:45)
[qtpyvcp.app.launcher][[33mWARNING[0m]  PyWarning RuntimeWarning: libpyside: Failed to disconnect (None) from signal "pressed()". (/home/brains/Documents/ned/configs/ned5_pb/user_dro_display/xyzac_dros/dros_xyzac.py:177) (launcher.py:45)
[qtpyvcp.app.launcher][[33mWARNING[0m]  PyWarning RuntimeWarning: libpyside: Failed to disconnect (None) from signal "released()". (/home/brains/Documents/ned/configs/ned5_pb/user_dro_display/xyzac_dros/dros_xyzac.py:177) (launcher.py:45)
[qtpyvcp.app.launcher][[33mWARNING[0m]  PyWarning RuntimeWarning: libpyside: Failed to disconnect (None) from signal "pressed()". (/home/brains/Documents/ned/configs/ned5_pb/user_dro_display/xyzac_dros/dros_xyzac.py:177) (launcher.py:45)
[qtpyvcp.app.launcher][[33mWARNING[0m]  PyWarning RuntimeWarning: libpyside: Failed to disconnect (None) from signal "released()". (/home/brains/Documents/ned/configs/ned5_pb/user_dro_display/xyzac_dros/dros_xyzac.py:177) (launcher.py:45)
[qtpyvcp.app.launcher][[33mWARNING[0m]  PyWarning RuntimeWarning: libpyside: Failed to disconnect (None) from signal "pressed()". (/home/brains/Documents/ned/configs/ned5_pb/user_dro_display/xyzac_dros/dros_xyzac.py:190) (launcher.py:45)
[qtpyvcp.app.launcher][[33mWARNING[0m]  PyWarning RuntimeWarning: libpyside: Failed to disconnect (None) from signal "released()". (/home/brains/Documents/ned/configs/ned5_pb/user_dro_display/xyzac_dros/dros_xyzac.py:190) (launcher.py:45)
[qtpyvcp.app.launcher][[33mWARNING[0m]  PyWarning RuntimeWarning: libpyside: Failed to disconnect (None) from signal "pressed()". (/home/brains/Documents/ned/configs/ned5_pb/user_dro_display/xyzac_dros/dros_xyzac.py:190) (launcher.py:45)
[qtpyvcp.app.launcher][[33mWARNING[0m]  PyWarning RuntimeWarning: libpyside: Failed to disconnect (None) from signal "released()". (/home/brains/Documents/ned/configs/ned5_pb/user_dro_display/xyzac_dros/dros_xyzac.py:190) (launcher.py:45)
[qtpyvcp.QtPyVCP.probe_basic.probe_basic][[36mINFO[0m]  [user_dros] added user_dros.xyzac_dros.dros_xyzac (probe_basic.py:540)
[qtpyvcp.QtPyVCP.probe_basic.probe_basic][[36mINFO[0m]  [offset_dro] base path from INI: /home/brains/Documents/ned/configs/ned5_pb/user_dro_display (probe_basic.py:573)
[qtpyvcp.QtPyVCP.probe_basic.probe_basic][[36mINFO[0m]  [offset_dro] looking for /home/brains/Documents/ned/configs/ned5_pb/user_dro_display/xyzac_dros/offset_dros_xyzac.ui (probe_basic.py:580)
[qtpyvcp.QtPyVCP.probe_basic.probe_basic][[36mINFO[0m]  [offset_dro] added /home/brains/Documents/ned/configs/ned5_pb/user_dro_display/xyzac_dros/offset_dros_xyzac.ui (probe_basic.py:584)
[qtpyvcp.user_tab..user_tabs/][[36mINFO[0m]  Homing menu rebind RETIRED: config-owned NedHomingMenu provider is the single homing path (ned_controls.py:2465)
[qtpyvcp.widgets.button_widgets.vcpvar_button][[33mWARNING[0m]  VCPVarPushButton: Cannot write parameter - machine not in safe state (vcpvar_button.py:317)
[qtpyvcp.user_tab..user_tabs/][[36mINFO[0m]  JOG status: IDLE — ready (ned_controls.py:1908)
ned_brain: HEADREAD C: -0.000 deg  (mt=-168 w=4262900)
ned_brain: HEADREAD -> ini.5.home_offset = -0.0005
ned_brain: HEADREAD A start (R4 set, SEN about to drop -> A/C locked)
ned_brain: HEADREAD A: +1.201 deg  (mt=36 w=15633446)
ned_brain: HEADREAD -> ini.4.home_offset = +1.2012
[qtpyvcp.user_tab..user_tabs/][[36mINFO[0m]  JOG page takeover: jogDisplay (stock jog arrows) replaced by jp_panel at 200x730; ned tab page now empty (ned_controls.py:1365)
[qtpyvcp.user_tab..user_tabs/][[36mINFO[0m]  UNITS panel installed in settings tab (IN/MM -> G20/G21) (ned_controls.py:1633)
ned_brain: HEAD READ armed: C=-0.000 A=+1.201
ned_brain: MACHINE ON -> head read (A/C will home IN PLACE, no motion)
[qtpyvcp.user_tab..user_tabs/][[36mINFO[0m]  SUBTABS: NED CONTROLS > JOG > CLAMP built (Z travel from INI = -620.0 .. 1.0; the clamp raises the FLOOR via ini.2.min_limit and restores it on disable) (ned_controls.py:714)
[qtpyvcp.user_dros.xyzac_dros.dros_xyzac][[36mINFO[0m]  HOME banner column added left of widget_xyzac (UNHOMED until the A/C absolute read lands, then STALE, then SESSION) (dros_xyzac.py:329)
[qtpyvcp.user_dros.xyzac_dros.dros_xyzac][[36mINFO[0m]  HOME banner -> UNHOMED (dros_xyzac.py:370)
ned_brain: DECLARE: STALE frame from stored_home.json (saved 2026-08-03 12:08:24): {0: -73.055, 1: -1459.148, 2: -457.007, 3: -73.0554}
[qtpyvcp.user_tab..user_tabs/][[36mINFO[0m]  JPCOORD in 1250 739 vis=0 (ned_controls.py:1691)
[qtpyvcp.user_tab..user_tabs/][[36mINFO[0m]  JPCOORD jp_clear 1771 662 vis=1 (ned_controls.py:1691)
[qtpyvcp.user_tab..user_tabs/][[36mINFO[0m]  JPCOORD jp_fast 1771 206 vis=1 (ned_controls.py:1691)
[qtpyvcp.user_tab..user_tabs/][[36mINFO[0m]  JPCOORD jp_feed_readout 1771 238 vis=1 (ned_controls.py:1691)
[qtpyvcp.user_tab..user_tabs/][[36mINFO[0m]  JPCOORD jp_go_abs 1771 699 vis=1 (ned_controls.py:1691)
[qtpyvcp.user_tab..user_tabs/][[36mINFO[0m]  JPCOORD jp_go_rel 1771 743 vis=1 (ned_controls.py:1691)
[qtpyvcp.user_tab..user_tabs/][[36mINFO[0m]  JPCOORD jp_in_a 1771 599 vis=1 (ned_controls.py:1691)
[qtpyvcp.user_tab..user_tabs/][[36mINFO[0m]  JPCOORD jp_in_c 1771 631 vis=1 (ned_controls.py:1691)
[qtpyvcp.user_tab..user_tabs/][[36mINFO[0m]  JPCOORD jp_in_x 1771 503 vis=1 (ned_controls.py:1691)
[qtpyvcp.user_tab..user_tabs/][[36mINFO[0m]  JPCOORD jp_in_y 1771 535 vis=1 (ned_controls.py:1691)
[qtpyvcp.user_tab..user_tabs/][[36mINFO[0m]  JPCOORD jp_in_z 1771 567 vis=1 (ned_controls.py:1691)
[qtpyvcp.user_tab..user_tabs/][[36mINFO[0m]  JPCOORD jp_medium 1771 172 vis=1 (ned_controls.py:1691)
[qtpyvcp.user_tab..user_tabs/][[36mINFO[0m]  JPCOORD jp_p_a0c0 1814 403 vis=1 (ned_controls.py:1691)
[qtpyvcp.user_tab..user_tabs/][[36mINFO[0m]  JPCOORD jp_p_xy0 1728 307 vis=1 (ned_controls.py:1691)
[qtpyvcp.user_tab..user_tabs/][[36mINFO[0m]  JPCOORD jp_p_xy0z10 1728 403 vis=1 (ned_controls.py:1691)
[qtpyvcp.user_tab..user_tabs/][[36mINFO[0m]  JPCOORD jp_p_xyz0 1814 307 vis=1 (ned_controls.py:1691)
[qtpyvcp.user_tab..user_tabs/][[36mINFO[0m]  JPCOORD jp_p_z0 1728 355 vis=1 (ned_controls.py:1691)
[qtpyvcp.user_tab..user_tabs/][[36mINFO[0m]  JPCOORD jp_p_zp10 1814 355 vis=1 (ned_controls.py:1691)
[qtpyvcp.user_tab..user_tabs/][[36mINFO[0m]  JPCOORD jp_slow 1771 138 vis=1 (ned_controls.py:1691)
[qtpyvcp.user_tab..user_tabs/][[36mINFO[0m]  JPCOORD jp_status_dot 1694 780 vis=1 (ned_controls.py:1691)
[qtpyvcp.user_tab..user_tabs/][[36mINFO[0m]  JPCOORD jp_status_text 1783 780 vis=1 (ned_controls.py:1691)
[qtpyvcp.user_tab..user_tabs/][[36mINFO[0m]  JPCOORD jp_stop 1771 748 vis=0 (ned_controls.py:1691)
[qtpyvcp.user_tab..user_tabs/][[36mINFO[0m]  JPCOORD mm 1512 739 vis=0 (ned_controls.py:1691)
[qtpyvcp.ned_homing_menu][[36mINFO[0m]  NED Homing menu ENABLED (ON=True, A/C in-place=True) (ned_homing_menu.py:76)
[qtpyvcp.user_dros.xyzac_dros.dros_xyzac][[36mINFO[0m]  HOME banner -> STALE (dros_xyzac.py:370)
ned_brain: DECLARED HOME (zero-motion, NML 112): joints [0, 1, 2, 3, 4, 5] where they stand; homed=(1, 1, 1, 1, 1, 1) all6=True (STALE HOME until menu Home All)
ned_brain: HEADREAD C start (R4 set, SEN about to drop -> A/C locked)
ned_brain: HEADREAD C: -0.000 deg  (mt=-168 w=4262903)
ned_brain: HEADREAD -> ini.5.home_offset = -0.0005
ned_brain: HEADREAD A start (R4 set, SEN about to drop -> A/C locked)
ned_brain: HEADREAD A: +1.201 deg  (mt=36 w=15633140)
ned_brain: HEADREAD -> ini.4.home_offset = +1.2012
ned_brain: HEAD READ armed: C=-0.000 A=+1.201
 GOTO ZERO: at puck centre -73.051900 -1429.394000, tip 5.000000 mm above the top, A0 C0.
[qtpyvcp.user_tab..user_tabs/][[36mINFO[0m]  GOTO ZERO: cal_goto_zero issued with centre -73.0519 -1429.3940 top -462.0033 (ned_controls.py:1019)
[qtpyvcp.user_tab..user_tabs/][[36mINFO[0m]  JOG status: MOVING — 8.3 mm/s (ned_controls.py:1908)
[qtpyvcp.user_tab..user_tabs/][[36mINFO[0m]  RACK MAP: var file refreshed (302 params, mtime 12:09:35) (rack_map.py:153)
[qtpyvcp.user_tab..user_tabs/][[36mINFO[0m]  JOG status: IDLE — ready (ned_controls.py:1908)
[qtpyvcp.actions.machine_actions][[36mINFO[0m]  Issuing MDI command: M64 P3 (machine_actions.py:290)
ned_brain: program/MDI done (motion complete) -> MANUAL + teleop (MPG live)
ned_brain: TELEOP re-entered (machine ON + homed) -> MPG live
[qtpyvcp.user_tab..user_tabs/][[36mINFO[0m]  RACK MAP: var file refreshed (302 params, mtime 12:09:40) (rack_map.py:153)
[qtpyvcp.user_tab..user_tabs/][[36mINFO[0m]  JOG status: MOVING — 0.7 mm/s (ned_controls.py:1908)
[qtpyvcp.user_tab..user_tabs/][[36mINFO[0m]  JOG status: IDLE — ready (ned_controls.py:1908)
[qtpyvcp.user_tab..user_tabs/][[36mINFO[0m]  JOG status: MOVING — 0.9 mm/s (ned_controls.py:1908)
[qtpyvcp.user_tab..user_tabs/][[36mINFO[0m]  JOG status: IDLE — ready (ned_controls.py:1908)
ned_pendant: axis -> Y
[qtpyvcp.user_tab..user_tabs/][[36mINFO[0m]  JOG status: MOVING — 0.7 mm/s (ned_controls.py:1908)
[qtpyvcp.user_tab..user_tabs/][[36mINFO[0m]  JOG status: IDLE — ready (ned_controls.py:1908)
[qtpyvcp.user_tab..user_tabs/][[36mINFO[0m]  JOG status: MOVING — 0.8 mm/s (ned_controls.py:1908)
[qtpyvcp.user_tab..user_tabs/][[36mINFO[0m]  JOG status: IDLE — ready (ned_controls.py:1908)
[qtpyvcp.user_tab..user_tabs/][[36mINFO[0m]  StartPuck: cal_probe_center issued (ned_controls.py:1023)
[qtpyvcp.user_tab..user_tabs/][[36mINFO[0m]  JOG status: MOVING — 0.0 mm/s (ned_controls.py:1908)
[qtpyvcp.user_tab..user_tabs/][[36mINFO[0m]  RACK MAP: var file refreshed (302 params, mtime 12:10:05) (rack_map.py:153)
[qtpyvcp.user_tab..user_tabs/][[36mINFO[0m]  RACK MAP: var file refreshed (302 params, mtime 12:10:08) (rack_map.py:153)
 CAL step 1: puck top at Z -462.269977 STORED to -462.269977, current work frame
[qtpyvcp.user_tab..user_tabs/][[36mINFO[0m]  RACK MAP: var file refreshed (302 params, mtime 12:10:20) (rack_map.py:153)
_pythonToCppCopy: Cannot copy-convert 0x7f501afa00 (dict) to C++.
[qtpyvcp.user_tab..user_tabs/][[36mINFO[0m]  RACK MAP: var file refreshed (302 params, mtime 12:10:26) (rack_map.py:153)
[qtpyvcp.user_tab..user_tabs/][[36mINFO[0m]  RACK MAP: var file refreshed (302 params, mtime 12:10:37) (rack_map.py:153)
[qtpyvcp.user_tab..user_tabs/][[36mINFO[0m]  RACK MAP: var file refreshed (302 params, mtime 12:10:46) (rack_map.py:153)
[qtpyvcp.user_tab..user_tabs/][[36mINFO[0m]  RACK MAP: var file refreshed (302 params, mtime 12:10:46) (rack_map.py:153)
[qtpyvcp.user_tab..user_tabs/][[36mINFO[0m]  RACK MAP: var file refreshed (302 params, mtime 12:10:58) (rack_map.py:153)
task: main loop took 0.114766 seconds
[qtpyvcp.user_tab..user_tabs/][[36mINFO[0m]  RACK MAP: var file refreshed (302 params, mtime 12:11:07) (rack_map.py:153)
[qtpyvcp.user_tab..user_tabs/][[36mINFO[0m]  RACK MAP: var file refreshed (302 params, mtime 12:11:17) (rack_map.py:153)
[qtpyvcp.user_tab..user_tabs/][[36mINFO[0m]  RACK MAP: var file refreshed (302 params, mtime 12:11:25) (rack_map.py:153)
[qtpyvcp.user_tab..user_tabs/][[36mINFO[0m]  RACK MAP: var file refreshed (302 params, mtime 12:11:26) (rack_map.py:153)
 CAL edges X: +X -55.180000  -X -90.000000     edges Y: +Y -1417.904000  -Y -1452.672000
 CAL RESULT: centre X -72.590000 Y -1435.288000 top Z -462.269977 STORED to 3045/3046/3047, work frame
/usr/bin/linuxcnc: line 977: 208910 Bus error               (core dumped) $EMCDISPLAY -ini "$INIFILE" $EMCDISPLAYARGS $EXTRA_ARGS
Shutting down and cleaning up LinuxCNC...
task: 14704 cycles, min=0.000005, max=0.114766, avg=0.009939, 1 latency excursions (> 10x expected cycle time of 0.010000s)
ned_pendant EXIT on signal 15 (SIGTERM)
ned_pendant exited (atexit; normal interpreter exit)
ned_brain: ned_brain EXIT on signal 15 (SIGTERM)
ned_brain: ned_brain exited (atexit; normal interpreter exit)
ned_brain: stored_home.json final save at exit
hm2_eth: in hm2_eth_reset
hm2_eth: HostMot2 ethernet driver unloaded
hm2: unloading
Note: Using POSIX realtime
LinuxCNC terminated with an error.  You can find more information in the log:
    /home/brains/linuxcnc_debug.txt
and
    /home/brains/linuxcnc_print.txt
as well as in the output of the shell command 'dmesg' and in the terminal

Script done on 2026-08-03 12:11:37-04:00 [COMMAND_EXIT_CODE="135"]

==================== LinuxCNC start (PROBE BASIC)  2026-08-03 12:18:25 ====================
Script started on 2026-08-03 12:18:25-04:00 [COMMAND="linuxcnc '/home/brains/Documents/ned/configs/ned5_pb/ned5_pb.ini'" TERM="xterm-256color" TTY="/dev/pts/4" COLUMNS="190" LINES="57"]
LINUXCNC - 2.9.8
Machine configuration directory is '/home/brains/Documents/ned/configs/ned5_pb'
Machine configuration file is 'ned5_pb.ini.expanded'
Starting LinuxCNC...
linuxcnc TPMOD=tpmod HOMEMOD=homemod EMCMOT=motmod
Note: Using POSIX realtime
Found file(REL): ./../ned5/ned5_iron.hal
hm2: loading Mesa HostMot2 driver version 0.15
hm2_eth: loading Mesa AnyIO HostMot2 ethernet driver version 0.2
hm2_eth: 10.10.10.10: INFO: Hardware address (MAC): 00:60:1b:17:81:5d
hm2_eth: discovered 7I97T
hm2/hm2_7i97.0: Low Level init 0.15
hm2/hm2_7i97.0: Smart Serial Firmware Version 43
Board hm2_7i97.0.7i84.0.0 Hardware Mode 0 = standard
Board hm2_7i97.0.7i84.0.0 Software Mode 0 = input_output
Board hm2_7i97.0.7i84.0.0 Software Mode 1 = io_analog_fieldvoltage
Board hm2_7i97.0.7i84.0.0 Software Mode 2 = io_encoder_analog
hm2/hm2_7i97.0: created PktUART Interface function hm2_7i97.0.pktuart.0.
hm2/hm2_7i97.0: 51 I/O Pins used:
hm2/hm2_7i97.0:     IO Pin 000 (TB3-04): PWMGen #0, pin Out0 (PWM or Up) (Output)
hm2/hm2_7i97.0:     IO Pin 001 (TB3-08): PWMGen #1, pin Out0 (PWM or Up) (Output)
hm2/hm2_7i97.0:     IO Pin 002 (TB3-12): PWMGen #2, pin Out0 (PWM or Up) (Output)
hm2/hm2_7i97.0:     IO Pin 003 (TB3-16): PWMGen #3, pin Out0 (PWM or Up) (Output)
hm2/hm2_7i97.0:     IO Pin 004 (TB3-20): PWMGen #4, pin Out0 (PWM or Up) (Output)
hm2/hm2_7i97.0:     IO Pin 005 (AN_ENA4): PWMGen #4, pin Not-Enable (Output)
hm2/hm2_7i97.0:     IO Pin 006 (TB3-24): PWMGen #5, pin Out0 (PWM or Up) (Output)
hm2/hm2_7i97.0:     IO Pin 007 (AN_ENA5): PWMGen #5, pin Not-Enable (Output)
hm2/hm2_7i97.0:     IO Pin 008 (AN-ENA0..3): PWMGen #0, pin Not-Enable (Output)
hm2/hm2_7i97.0:     IO Pin 009 (TB1-01/TB1-09): Muxed Encoder #0, pin Muxed A (Input)
hm2/hm2_7i97.0:     IO Pin 010 (TB1-04/TB1-12): Muxed Encoder #0, pin Muxed B (Input)
hm2/hm2_7i97.0:     IO Pin 011 (TB1-07/TB1-15): Muxed Encoder #0, pin Muxed Index (Input)
hm2/hm2_7i97.0:     IO Pin 012 (TB1-17/TB2-01): Muxed Encoder #1, pin Muxed A (Input)
hm2/hm2_7i97.0:     IO Pin 013 (TB1-20/TB2-04): Muxed Encoder #1, pin Muxed B (Input)
hm2/hm2_7i97.0:     IO Pin 014 (TB1-23/TB2-07): Muxed Encoder #1, pin Muxed Index (Input)
hm2/hm2_7i97.0:     IO Pin 015 (TB2-09/TB2-17): Muxed Encoder #2, pin Muxed A (Input)
hm2/hm2_7i97.0:     IO Pin 016 (TB2-12/TB2-20): Muxed Encoder #2, pin Muxed B (Input)
hm2/hm2_7i97.0:     IO Pin 017 (TB2-15/TB2-23): Muxed Encoder #2, pin Muxed Index (Input)
hm2/hm2_7i97.0:     IO Pin 018 (Internal EncMux): Muxed Encoder Select #0, pin Mux Select 0 (Output)
hm2/hm2_7i97.0:     IO Pin 019 (TB5-13/TB5-14): SSR #0, pin Out-00 (Output)
hm2/hm2_7i97.0:     IO Pin 020 (TB5-15/TB5-16): SSR #0, pin Out-01 (Output)
hm2/hm2_7i97.0:     IO Pin 021 (TB5-17/TB5-18): SSR #0, pin Out-02 (Output)
hm2/hm2_7i97.0:     IO Pin 022 (TB5-19/TB5-20): SSR #0, pin Out-03 (Output)
hm2/hm2_7i97.0:     IO Pin 023 (TB5-21/TB5-22): SSR #0, pin Out-04 (Output)
hm2/hm2_7i97.0:     IO Pin 024 (TB5-23/TB5-24): SSR #0, pin Out-05 (Output)
hm2/hm2_7i97.0:     IO Pin 025 (Internal InMux0): SSR #0, pin AC Ref (internal) (Output)
hm2/hm2_7i97.0:     IO Pin 026 (Internal InMux1): InMux Input Mux #0, pin addr0 (Output)
hm2/hm2_7i97.0:     IO Pin 027 (Internal InMux2): InMux Input Mux #0, pin addr1 (Output)
hm2/hm2_7i97.0:     IO Pin 028 (Internal InMux3): InMux Input Mux #0, pin addr2 (Output)
hm2/hm2_7i97.0:     IO Pin 029 (Internal InMuxData): InMux Input Mux #0, pin addr3 (Output)
hm2/hm2_7i97.0:     IO Pin 030 (TB4-15/TB4-16): InMux Input Mux #0, pin muxdata (Input)
hm2/hm2_7i97.0:     IO Pin 031 (TB4-17/TB4-18): Smart Serial Interface #0, pin rx0 (Input)
hm2/hm2_7i97.0:     IO Pin 032 (TB4-17/TB4-18): Smart Serial Interface #0, pin tx0 (Output)
hm2/hm2_7i97.0:     IO Pin 033 (P1-01/DB25-01): Smart Serial Interface #0, pin txen0 (Output)
hm2/hm2_7i97.0:     IO Pin 034 (P1-02/DB25-14): PktUART Receive Channel #0, pin RX Data (Input)
hm2/hm2_7i97.0:     IO Pin 035 (P1-03/DB25-02): PktUART Transmit Channel #0, pin TX Data (Output)
hm2/hm2_7i97.0:     IO Pin 036 (P1-04/DB25-15): StepGen #3, pin Step (Output)
hm2/hm2_7i97.0:     IO Pin 037 (P1-05/DB25-03): StepGen #3, pin Direction (Output)
hm2/hm2_7i97.0:     IO Pin 038 (P1-06/DB25-16): StepGen #2, pin Step (Output)
hm2/hm2_7i97.0:     IO Pin 039 (P1-07/DB25-04): StepGen #2, pin Direction (Output)
hm2/hm2_7i97.0:     IO Pin 040 (P1-08/DB25-17): StepGen #1, pin Step (Output)
hm2/hm2_7i97.0:     IO Pin 041 (P1-09/DB25-05): StepGen #1, pin Direction (Output)
hm2/hm2_7i97.0:     IO Pin 042 (P1-11/DB25-06): StepGen #0, pin Step (Output)
hm2/hm2_7i97.0:     IO Pin 043 (P1-13/DB25-07): StepGen #0, pin Direction (Output)
hm2/hm2_7i97.0:     IO Pin 044 (P1-15/DB25-08): IOPort
hm2/hm2_7i97.0:     IO Pin 045 (P1-17/DB25-09): IOPort
hm2/hm2_7i97.0:     IO Pin 046 (P1-19/DB25-10): IOPort
hm2/hm2_7i97.0:     IO Pin 047 (P1-21/DB25-11): IOPort
hm2/hm2_7i97.0:     IO Pin 048 (P1-23/DB25-12): IOPort
hm2/hm2_7i97.0:     IO Pin 049 (P1-25/DB25-13): IOPort
hm2/hm2_7i97.0:     IO Pin 050 (Relay2): IOPort
hm2/hm2_7i97.0: registered

identityKinematicsSetup: coordinates:XYZXAC
   Joint 0 ==> Axis X
   Joint 1 ==> Axis Y
   Joint 2 ==> Axis Z
   Joint 3 ==> Axis X
   Joint 4 ==> Axis A
   Joint 5 ==> Axis C

[qtpyvcp][[36mINFO[0m]  Logging to [33m/home/brains/Documents/ned/configs/ned5_pb/pb.log[0m (logger.py:117)
[qtpyvcp][[36mINFO[0m]  QtPyVCP Version: 0.0.0+1.g0c377e9 (opt_parser.py:222)
[qtpyvcp.utilities.info][[36mINFO[0m]  Machine appearers to be a gantry config having a double X axis (info.py:418)
[qtpyvcp.utilities.info][[36mINFO[0m]  The machine has 5 axes and 6 joints (info.py:423)
[qtpyvcp.utilities.info][[36mINFO[0m]  The Axis/Joint mapping is: (info.py:424)
[qtpyvcp.utilities.info][[36mINFO[0m]  Axis X0 --> Joint 0 (info.py:432)
[qtpyvcp.utilities.info][[36mINFO[0m]  Axis Y --> Joint 1 (info.py:432)
[qtpyvcp.utilities.info][[36mINFO[0m]  Axis Z --> Joint 2 (info.py:432)
[qtpyvcp.utilities.info][[36mINFO[0m]  Axis X1 --> Joint 3 (info.py:432)
[qtpyvcp.utilities.info][[36mINFO[0m]  Axis A --> Joint 4 (info.py:432)
[qtpyvcp.utilities.info][[36mINFO[0m]  Axis C --> Joint 5 (info.py:432)
[qtpyvcp.plugins.var_file_manager][[36mINFO[0m]  VarFileManager initialized with parameter file: /home/brains/Documents/ned/configs/ned5_pb/ned5_pb.var (var_file_manager.py:103)
[qtpyvcp.plugins.db_tool_table][[36mINFO[0m]  Tool database: /home/brains/Documents/ned/configs/ned5_pb/tool_table.db (db_tool_table.py:344)
[qtpyvcp.plugins.var_file_manager][[36mINFO[0m]  VarFileManager: Using filesystem monitoring on /home/brains/Documents/ned/configs/ned5_pb/ned5_pb.var (var_file_manager.py:137)
[qtpyvcp.plugins.var_file_manager][[36mINFO[0m]  VarFileManager: File monitoring initialized (var_file_manager.py:164)
[qtpyvcp][[36mINFO[0m]  Loading global stylesheet: [33m/home/brains/qt_pb/probe_basic/src/probe_basic/probe_basic_dark.qss[0m (application.py:181)
[qtpyvcp.hal][[36mINFO[0m]  Creating new HAL component: qtpyvcp_manualtoolchange (__init__.py:61)
[qtpyvcp.widgets.form_widgets.main_window][[36mINFO[0m]  QUiLoader plugin paths: /home/brains/qt_pb/qtpyvcp/venv/lib/python3.13/site-packages/PySide6/Qt/plugins/designer, /usr/bin/designer, /home/brains/qt_pb/qtpyvcp/src/qtpyvcp/native/widgets_cpp/gcode_editor (main_window.py:599)
[qtpyvcp.app.launcher][[33mWARNING[0m]  Qt: "QFormBuilder was unable to create a custom widget of the class 'GCodeEditor'; defaulting to base class 'QPlainTextEdit'." (launcher.py:39)
[0m[33m2026-08-03 12:18:31.221 (   3.564s) [      7F9DF91BA0]vtkOpenGLRenderWindow.c:929   WARN| vtkXOpenGLRenderWindow (0x3e74d130): Unable to find a valid OpenGL 3.2 or later implementation. (3.1 found). Please update your video card driver to the latest version. If you are using Mesa please make sure you have version 11.2 or later and make sure your driver in Mesa supports OpenGL 3.2 such as llvmpipe or openswr. If you are on windows and using Microsoft remote desktop note that it only supports OpenGL 3.2 with nvidia quadro cards. You can use other remoting software such as nomachine to avoid this issue.[0m
[qtpyvcp.app.launcher][[33mWARNING[0m]  Qt: "QFormBuilder was unable to create a custom widget of the class 'GCodeEditor'; defaulting to base class 'QPlainTextEdit'." (launcher.py:39)
[qtpyvcp.app.launcher][[33mWARNING[0m]  Qt: QObject::connect: No such slot QPlainTextEdit::EditorReadWrite(bool) (launcher.py:39)
[qtpyvcp.app.launcher][[33mWARNING[0m]  Qt: QObject::connect:  (sender name:   'edit_gcode_button') (launcher.py:39)
[qtpyvcp.app.launcher][[33mWARNING[0m]  Qt: QObject::connect:  (receiver name: 'gcodeEditor_2') (launcher.py:39)
[qtpyvcp.app.launcher][[33mWARNING[0m]  Qt: QObject::connect: No such slot QPlainTextEdit::findDialog() (launcher.py:39)
[qtpyvcp.app.launcher][[33mWARNING[0m]  Qt: QObject::connect:  (sender name:   'find_replace_button') (launcher.py:39)
[qtpyvcp.app.launcher][[33mWARNING[0m]  Qt: QObject::connect:  (receiver name: 'gcodeEditor_2') (launcher.py:39)
[qtpyvcp.app.launcher][[33mWARNING[0m]  Qt: QObject::connect: No such slot QPlainTextEdit::saveFile() (launcher.py:39)
[qtpyvcp.app.launcher][[33mWARNING[0m]  Qt: QObject::connect:  (sender name:   'save_button') (launcher.py:39)
[qtpyvcp.app.launcher][[33mWARNING[0m]  Qt: QObject::connect:  (receiver name: 'gcodeEditor_2') (launcher.py:39)
[qtpyvcp.app.launcher][[33mWARNING[0m]  Qt: QObject::connect: No such slot QPlainTextEdit::saveFileAs() (launcher.py:39)
[qtpyvcp.app.launcher][[33mWARNING[0m]  Qt: QObject::connect:  (sender name:   'save_as_button') (launcher.py:39)
[qtpyvcp.app.launcher][[33mWARNING[0m]  Qt: QObject::connect:  (receiver name: 'gcodeEditor_2') (launcher.py:39)
[qtpyvcp.ned_homing_menu][[36mINFO[0m]  NED Homing menu constructed: 6 supervised actions (stock HomingMenu replaced at config level) (ned_homing_menu.py:92)
[qtpyvcp.QtPyVCP.probe_basic.probe_basic][[36mINFO[0m]  [ATC] Loading rack ATC (probe_basic.py:131)
[qtpyvcp.widgets.rack_atc_widget.rack_atc][[36mINFO[0m]  [RackATC] loading QML via QQuickView: /home/brains/qt_pb/probe_basic/src/widgets/rack_atc_widget/rack_atc.qml (rack_atc.py:73)
[qtpyvcp.QtPyVCP.probe_basic.probe_basic][[33mWARNING[0m]  USER_ATC_BUTTONS_PATH not set in INI. (probe_basic.py:436)
[qtpyvcp.user_tab..user_tabs/][[36mINFO[0m]  MDI mode gate: stale isRunning gate replaced with live-motion gate (ned_controls.py:112)
[qtpyvcp.hal][[36mINFO[0m]  Creating new HAL component: ned-tab (__init__.py:61)
[qtpyvcp.user_tab..user_tabs/][[36mINFO[0m]  ned-tab HAL component ready (ned_controls.py:401)
[qtpyvcp.user_tab..user_tabs/][[36mINFO[0m]  TOOLPROBE button absent from ned_controls.ui (probe served by PB stock controls) (ned_controls.py:410)
[qtpyvcp.user_tab..user_tabs/][[36mINFO[0m]  JOG panel: soft limits loaded: A[-115..115] C[-315..315] X[-4042.72..1] Y[-1787..1] Z[-620..1] (ned_controls.py:1474)
[qtpyvcp.user_tab..user_tabs/][[36mINFO[0m]  JOG speed -> MEDIUM (F1200 mm/min, 60 deg/min) (ned_controls.py:1488)
[qtpyvcp.user_tab..user_tabs/][[36mINFO[0m]  JOG panel: 21 widgets wired (ned_controls.py:1454)
[qtpyvcp.user_tab..user_tabs/][[36mINFO[0m]  NED tab page kept: JOG & PRESETS panel is its content (ned_controls.py:471)
[qtpyvcp.user_tab..user_tabs/][[36mINFO[0m]  GUI numbering badges OFF (create ned/gui_badges_on to enable) (ned_controls.py:489)
[qtpyvcp.user_tab..user_tabs/][[36mINFO[0m]  RACK MAP: 107 widgets wired (15 pockets + sync row) (rack_map.py:107)
[qtpyvcp.user_tab..user_tabs/][[36mINFO[0m]  RACK MAP: parameter file: /home/brains/Documents/ned/configs/ned5_pb/ned5_pb.var (rack_map.py:130)
[qtpyvcp.user_tab..user_tabs/][[36mINFO[0m]  RACK MAP: var file refreshed (302 params, mtime 12:18:26) (rack_map.py:153)
[qtpyvcp.QtPyVCP.probe_basic.probe_basic][[36mINFO[0m]  [user_buttons] base path from INI: user_buttons/ -> /home/brains/Documents/ned/configs/ned5_pb/user_buttons (probe_basic.py:476)
[qtpyvcp.QtPyVCP.probe_basic.probe_basic][[36mINFO[0m]  [user_buttons] candidate: /home/brains/Documents/ned/configs/ned5_pb/user_buttons/template_user_buttons/template_user_buttons.py (probe_basic.py:486)
[qtpyvcp.QtPyVCP.probe_basic.probe_basic][[36mINFO[0m]  [user_buttons] added user_buttons.user_buttons.template_user_buttons (probe_basic.py:496)
[qtpyvcp.QtPyVCP.probe_basic.probe_basic][[36mINFO[0m]  Jog display set from INI: geometry=XYZAC index=5 (probe_basic.py:233)
[qtpyvcp.QtPyVCP.probe_basic.probe_basic][[36mINFO[0m]  Toggle tooltips: enabled=False (probe_basic.py:324)
[qtpyvcp.QtPyVCP.probe_basic.probe_basic][[36mINFO[0m]  Toggled 0 tooltips (probe_basic.py:335)
[qtpyvcp.app.launcher][[36mINFO[0m]  Loading POSTGUI_HALFILE: /home/brains/Documents/ned/configs/ned5_pb/postgui_pb.hal (launcher.py:196)
ned_brain: ==== ned_brain start ==== (resume=False head_zero={'a': (36, 44350458), 'c': (-168, 4280673)} gears={'a': 128.25, 'c': 203.7471})
ned_pendant: ready -- increments [0.01, 0.05, 0.1, 0.5, 1.0] (from [DISPLAY]INCREMENTS), tap=next axis, double-tap=back, press+wheel=jump size, double-tap+hold+wheel=feed override
[qtpyvcp.app.launcher][[33mWARNING[0m]  Qt: dbus reply error: [ "org.freedesktop.DBus.Error.ServiceUnknown" ] "The name org.freedesktop.portal.Desktop was not provided by any .service files" (launcher.py:39)
[qtpyvcp.app.launcher][[33mWARNING[0m]  Qt: dbus reply error: [ "org.freedesktop.DBus.Error.ServiceUnknown" ] "The name org.freedesktop.portal.Desktop was not provided by any .service files" (launcher.py:39)
ned_brain: HEADREAD C start (R4 set, SEN about to drop -> A/C locked)
[qtpyvcp.app.launcher][[33mWARNING[0m]  PyWarning RuntimeWarning: libpyside: Failed to disconnect (None) from signal "pressed()". (/home/brains/Documents/ned/configs/ned5_pb/user_tabs/ned_controls/ned_controls.py:2066) (launcher.py:45)
[qtpyvcp.app.launcher][[33mWARNING[0m]  PyWarning RuntimeWarning: libpyside: Failed to disconnect (None) from signal "released()". (/home/brains/Documents/ned/configs/ned5_pb/user_tabs/ned_controls/ned_controls.py:2066) (launcher.py:45)
[qtpyvcp.user_tab..user_tabs/][[36mINFO[0m]  LOAD SPINDLE: 5 s countdown wired on 2 button(s): load_spindle_button, load_spindle_button_2 (ned_controls.py:2086)
[qtpyvcp.user_tab..user_tabs/][[36mINFO[0m]  spindle section: chip-load placeholder in; commanded-RPM drives 2 stock label(s) (format untouched) (ned_controls.py:1993)
[qtpyvcp.user_tab..user_tabs/][[36mINFO[0m]  OVR V validated: max_velocity_slider (r1 c0, range 0..20000), max_vel_slider (c1), max_velocity_to_100_button (c2) (ned_controls.py:224)
[qtpyvcp.user_tab..user_tabs/][[36mINFO[0m]  OVR F validated: feed_override_slider (r2 c0, range 0..150), feed_override_status (c1), feed_override_to_100_button (c2) (ned_controls.py:224)
[qtpyvcp.user_tab..user_tabs/][[36mINFO[0m]  OVR S validated: spindle_override_slider (r4 c0, range 20..200), spindle_override_status (c1), spindle_override_to_100_button (c2) (ned_controls.py:224)
[qtpyvcp.user_tab..user_tabs/][[36mINFO[0m]  OVR R validated: rapid_override_slider (r5 c0, range 0..100), rapid_override_status (c1), rapid_override_to_100_button (c2) (ned_controls.py:224)
[qtpyvcp.user_tab..user_tabs/][[36mINFO[0m]  OVR V row rebuilt: [-10%][max_velocity_to_100_button live][+10%][max_vel_slider] (step 2000 slider units = 10 pct-pts; max_velocity_slider hidden, still action-bound) (ned_controls.py:340)
[qtpyvcp.user_tab..user_tabs/][[36mINFO[0m]  OVR F row rebuilt: [-10%][feed_override_to_100_button live][+10%][feed_override_status] (step 10 slider units = 10 pct-pts; feed_override_slider hidden, still action-bound) (ned_controls.py:340)
[qtpyvcp.user_tab..user_tabs/][[36mINFO[0m]  OVR S row rebuilt: [-10%][spindle_override_to_100_button live][+10%][spindle_override_status] (step 10 slider units = 10 pct-pts; spindle_override_slider hidden, still action-bound) (ned_controls.py:340)
[qtpyvcp.user_tab..user_tabs/][[36mINFO[0m]  OVR R row rebuilt: [-10%][rapid_override_to_100_button live][+10%][rapid_override_status] (step 10 slider units = 10 pct-pts; rapid_override_slider hidden, still action-bound) (ned_controls.py:340)
[qtpyvcp.user_tab..user_tabs/][[36mINFO[0m]  OVERRIDE CLUSTER: all 4 rows rebuilt per operator mockup 2026-08-01 23:11 (ned_controls.py:344)
[qtpyvcp.user_tab..user_tabs/][[36mINFO[0m]  spindle FWD/REV wired to Check countdown (no iron S1 gate) (ned_controls.py:2016)
[qtpyvcp.user_tab..user_tabs/][[36mINFO[0m]  JOG status: OFF — machine not on (ned_controls.py:1908)
[qtpyvcp.QtPyVCP.probe_basic.probe_basic][[36mINFO[0m]  [user_dros] base path from INI: /home/brains/Documents/ned/configs/ned5_pb/user_dro_display (probe_basic.py:525)
[qtpyvcp.QtPyVCP.probe_basic.probe_basic][[36mINFO[0m]  [user_dros] looking for /home/brains/Documents/ned/configs/ned5_pb/user_dro_display/xyzac_dros/dros_xyzac.py (probe_basic.py:533)
[qtpyvcp.app.launcher][[33mWARNING[0m]  PyWarning RuntimeWarning: libpyside: Failed to disconnect (None) from signal "pressed()". (/home/brains/Documents/ned/configs/ned5_pb/user_dro_display/xyzac_dros/dros_xyzac.py:157) (launcher.py:45)
[qtpyvcp.app.launcher][[33mWARNING[0m]  PyWarning RuntimeWarning: libpyside: Failed to disconnect (None) from signal "released()". (/home/brains/Documents/ned/configs/ned5_pb/user_dro_display/xyzac_dros/dros_xyzac.py:157) (launcher.py:45)
[qtpyvcp.app.launcher][[33mWARNING[0m]  PyWarning RuntimeWarning: libpyside: Failed to disconnect (None) from signal "pressed()". (/home/brains/Documents/ned/configs/ned5_pb/user_dro_display/xyzac_dros/dros_xyzac.py:157) (launcher.py:45)
[qtpyvcp.app.launcher][[33mWARNING[0m]  PyWarning RuntimeWarning: libpyside: Failed to disconnect (None) from signal "released()". (/home/brains/Documents/ned/configs/ned5_pb/user_dro_display/xyzac_dros/dros_xyzac.py:157) (launcher.py:45)
[qtpyvcp.app.launcher][[33mWARNING[0m]  PyWarning RuntimeWarning: libpyside: Failed to disconnect (None) from signal "pressed()". (/home/brains/Documents/ned/configs/ned5_pb/user_dro_display/xyzac_dros/dros_xyzac.py:157) (launcher.py:45)
[qtpyvcp.app.launcher][[33mWARNING[0m]  PyWarning RuntimeWarning: libpyside: Failed to disconnect (None) from signal "released()". (/home/brains/Documents/ned/configs/ned5_pb/user_dro_display/xyzac_dros/dros_xyzac.py:157) (launcher.py:45)
[qtpyvcp.app.launcher][[33mWARNING[0m]  PyWarning RuntimeWarning: libpyside: Failed to disconnect (None) from signal "pressed()". (/home/brains/Documents/ned/configs/ned5_pb/user_dro_display/xyzac_dros/dros_xyzac.py:157) (launcher.py:45)
[qtpyvcp.app.launcher][[33mWARNING[0m]  PyWarning RuntimeWarning: libpyside: Failed to disconnect (None) from signal "released()". (/home/brains/Documents/ned/configs/ned5_pb/user_dro_display/xyzac_dros/dros_xyzac.py:157) (launcher.py:45)
[qtpyvcp.app.launcher][[33mWARNING[0m]  PyWarning RuntimeWarning: libpyside: Failed to disconnect (None) from signal "pressed()". (/home/brains/Documents/ned/configs/ned5_pb/user_dro_display/xyzac_dros/dros_xyzac.py:157) (launcher.py:45)
[qtpyvcp.app.launcher][[33mWARNING[0m]  PyWarning RuntimeWarning: libpyside: Failed to disconnect (None) from signal "released()". (/home/brains/Documents/ned/configs/ned5_pb/user_dro_display/xyzac_dros/dros_xyzac.py:157) (launcher.py:45)
[qtpyvcp.app.launcher][[33mWARNING[0m]  PyWarning RuntimeWarning: libpyside: Failed to disconnect (None) from signal "pressed()". (/home/brains/Documents/ned/configs/ned5_pb/user_dro_display/xyzac_dros/dros_xyzac.py:157) (launcher.py:45)
[qtpyvcp.app.launcher][[33mWARNING[0m]  PyWarning RuntimeWarning: libpyside: Failed to disconnect (None) from signal "released()". (/home/brains/Documents/ned/configs/ned5_pb/user_dro_display/xyzac_dros/dros_xyzac.py:157) (launcher.py:45)
[qtpyvcp.app.launcher][[33mWARNING[0m]  PyWarning RuntimeWarning: libpyside: Failed to disconnect (None) from signal "pressed()". (/home/brains/Documents/ned/configs/ned5_pb/user_dro_display/xyzac_dros/dros_xyzac.py:177) (launcher.py:45)
[qtpyvcp.app.launcher][[33mWARNING[0m]  PyWarning RuntimeWarning: libpyside: Failed to disconnect (None) from signal "released()". (/home/brains/Documents/ned/configs/ned5_pb/user_dro_display/xyzac_dros/dros_xyzac.py:177) (launcher.py:45)
[qtpyvcp.app.launcher][[33mWARNING[0m]  PyWarning RuntimeWarning: libpyside: Failed to disconnect (None) from signal "pressed()". (/home/brains/Documents/ned/configs/ned5_pb/user_dro_display/xyzac_dros/dros_xyzac.py:177) (launcher.py:45)
[qtpyvcp.app.launcher][[33mWARNING[0m]  PyWarning RuntimeWarning: libpyside: Failed to disconnect (None) from signal "released()". (/home/brains/Documents/ned/configs/ned5_pb/user_dro_display/xyzac_dros/dros_xyzac.py:177) (launcher.py:45)
[qtpyvcp.app.launcher][[33mWARNING[0m]  PyWarning RuntimeWarning: libpyside: Failed to disconnect (None) from signal "pressed()". (/home/brains/Documents/ned/configs/ned5_pb/user_dro_display/xyzac_dros/dros_xyzac.py:177) (launcher.py:45)
[qtpyvcp.app.launcher][[33mWARNING[0m]  PyWarning RuntimeWarning: libpyside: Failed to disconnect (None) from signal "released()". (/home/brains/Documents/ned/configs/ned5_pb/user_dro_display/xyzac_dros/dros_xyzac.py:177) (launcher.py:45)
[qtpyvcp.app.launcher][[33mWARNING[0m]  PyWarning RuntimeWarning: libpyside: Failed to disconnect (None) from signal "pressed()". (/home/brains/Documents/ned/configs/ned5_pb/user_dro_display/xyzac_dros/dros_xyzac.py:177) (launcher.py:45)
[qtpyvcp.app.launcher][[33mWARNING[0m]  PyWarning RuntimeWarning: libpyside: Failed to disconnect (None) from signal "released()". (/home/brains/Documents/ned/configs/ned5_pb/user_dro_display/xyzac_dros/dros_xyzac.py:177) (launcher.py:45)
[qtpyvcp.app.launcher][[33mWARNING[0m]  PyWarning RuntimeWarning: libpyside: Failed to disconnect (None) from signal "pressed()". (/home/brains/Documents/ned/configs/ned5_pb/user_dro_display/xyzac_dros/dros_xyzac.py:190) (launcher.py:45)
[qtpyvcp.app.launcher][[33mWARNING[0m]  PyWarning RuntimeWarning: libpyside: Failed to disconnect (None) from signal "released()". (/home/brains/Documents/ned/configs/ned5_pb/user_dro_display/xyzac_dros/dros_xyzac.py:190) (launcher.py:45)
[qtpyvcp.app.launcher][[33mWARNING[0m]  PyWarning RuntimeWarning: libpyside: Failed to disconnect (None) from signal "pressed()". (/home/brains/Documents/ned/configs/ned5_pb/user_dro_display/xyzac_dros/dros_xyzac.py:190) (launcher.py:45)
[qtpyvcp.app.launcher][[33mWARNING[0m]  PyWarning RuntimeWarning: libpyside: Failed to disconnect (None) from signal "released()". (/home/brains/Documents/ned/configs/ned5_pb/user_dro_display/xyzac_dros/dros_xyzac.py:190) (launcher.py:45)
[qtpyvcp.QtPyVCP.probe_basic.probe_basic][[36mINFO[0m]  [user_dros] added user_dros.xyzac_dros.dros_xyzac (probe_basic.py:540)
[qtpyvcp.QtPyVCP.probe_basic.probe_basic][[36mINFO[0m]  [offset_dro] base path from INI: /home/brains/Documents/ned/configs/ned5_pb/user_dro_display (probe_basic.py:573)
[qtpyvcp.QtPyVCP.probe_basic.probe_basic][[36mINFO[0m]  [offset_dro] looking for /home/brains/Documents/ned/configs/ned5_pb/user_dro_display/xyzac_dros/offset_dros_xyzac.ui (probe_basic.py:580)
[qtpyvcp.QtPyVCP.probe_basic.probe_basic][[36mINFO[0m]  [offset_dro] added /home/brains/Documents/ned/configs/ned5_pb/user_dro_display/xyzac_dros/offset_dros_xyzac.ui (probe_basic.py:584)
[qtpyvcp.user_tab..user_tabs/][[36mINFO[0m]  Homing menu rebind RETIRED: config-owned NedHomingMenu provider is the single homing path (ned_controls.py:2465)
[qtpyvcp.widgets.button_widgets.vcpvar_button][[33mWARNING[0m]  VCPVarPushButton: Cannot write parameter - machine not in safe state (vcpvar_button.py:317)
ned_brain: HEADREAD C: -0.000 deg  (mt=-168 w=4262858)
ned_brain: HEADREAD -> ini.5.home_offset = -0.0005
ned_brain: HEADREAD A start (R4 set, SEN about to drop -> A/C locked)
[qtpyvcp.user_tab..user_tabs/][[36mINFO[0m]  JOG status: IDLE — ready (ned_controls.py:1908)
ned_brain: HEADREAD A: +1.201 deg  (mt=36 w=15633933)
ned_brain: HEADREAD -> ini.4.home_offset = +1.2011
ned_brain: HEAD READ armed: C=-0.000 A=+1.201
ned_brain: MACHINE ON -> head read (A/C will home IN PLACE, no motion)
[qtpyvcp.user_tab..user_tabs/][[36mINFO[0m]  JOG page takeover: jogDisplay (stock jog arrows) replaced by jp_panel at 200x730; ned tab page now empty (ned_controls.py:1365)
[qtpyvcp.user_tab..user_tabs/][[36mINFO[0m]  UNITS panel installed in settings tab (IN/MM -> G20/G21) (ned_controls.py:1633)
[qtpyvcp.user_tab..user_tabs/][[36mINFO[0m]  SUBTABS: NED CONTROLS > JOG > CLAMP built (Z travel from INI = -620.0 .. 1.0; the clamp raises the FLOOR via ini.2.min_limit and restores it on disable) (ned_controls.py:714)
[qtpyvcp.user_dros.xyzac_dros.dros_xyzac][[36mINFO[0m]  HOME banner column added left of widget_xyzac (UNHOMED until the A/C absolute read lands, then STALE, then SESSION) (dros_xyzac.py:329)
[qtpyvcp.user_dros.xyzac_dros.dros_xyzac][[36mINFO[0m]  HOME banner -> UNHOMED (dros_xyzac.py:370)
ned_brain: DECLARE: STALE frame from stored_home.json (saved 2026-08-03 12:11:26): {0: -72.635, 1: -1454.068, 2: -472.2725, 3: -72.638}
[qtpyvcp.user_tab..user_tabs/][[36mINFO[0m]  JOG status: HOMING (ned_controls.py:1908)
[qtpyvcp.user_tab..user_tabs/][[36mINFO[0m]  JOG status: IDLE — ready (ned_controls.py:1908)
[qtpyvcp.user_tab..user_tabs/][[36mINFO[0m]  JPCOORD in 319 265 vis=0 (ned_controls.py:1691)
[qtpyvcp.user_tab..user_tabs/][[36mINFO[0m]  JPCOORD jp_clear 1771 637 vis=1 (ned_controls.py:1691)
[qtpyvcp.user_tab..user_tabs/][[36mINFO[0m]  JPCOORD jp_fast 1771 196 vis=1 (ned_controls.py:1691)
[qtpyvcp.user_tab..user_tabs/][[36mINFO[0m]  JPCOORD jp_feed_readout 1771 226 vis=1 (ned_controls.py:1691)
[qtpyvcp.user_tab..user_tabs/][[36mINFO[0m]  JPCOORD jp_go_abs 1771 674 vis=1 (ned_controls.py:1691)
[qtpyvcp.user_tab..user_tabs/][[36mINFO[0m]  JPCOORD jp_go_rel 1771 718 vis=1 (ned_controls.py:1691)
[qtpyvcp.user_tab..user_tabs/][[36mINFO[0m]  JPCOORD jp_in_a 1771 574 vis=1 (ned_controls.py:1691)
[qtpyvcp.user_tab..user_tabs/][[36mINFO[0m]  JPCOORD jp_in_c 1771 606 vis=1 (ned_controls.py:1691)
[qtpyvcp.user_tab..user_tabs/][[36mINFO[0m]  JPCOORD jp_in_x 1771 478 vis=1 (ned_controls.py:1691)
[qtpyvcp.user_tab..user_tabs/][[36mINFO[0m]  JPCOORD jp_in_y 1771 510 vis=1 (ned_controls.py:1691)
[qtpyvcp.user_tab..user_tabs/][[36mINFO[0m]  JPCOORD jp_in_z 1771 542 vis=1 (ned_controls.py:1691)
[qtpyvcp.user_tab..user_tabs/][[36mINFO[0m]  JPCOORD jp_medium 1771 162 vis=1 (ned_controls.py:1691)
[qtpyvcp.user_tab..user_tabs/][[36mINFO[0m]  JPCOORD jp_p_a0c0 1814 383 vis=1 (ned_controls.py:1691)
[qtpyvcp.user_tab..user_tabs/][[36mINFO[0m]  JPCOORD jp_p_xy0 1728 287 vis=1 (ned_controls.py:1691)
[qtpyvcp.user_tab..user_tabs/][[36mINFO[0m]  JPCOORD jp_p_xy0z10 1728 383 vis=1 (ned_controls.py:1691)
[qtpyvcp.user_tab..user_tabs/][[36mINFO[0m]  JPCOORD jp_p_xyz0 1814 287 vis=1 (ned_controls.py:1691)
[qtpyvcp.user_tab..user_tabs/][[36mINFO[0m]  JPCOORD jp_p_z0 1728 335 vis=1 (ned_controls.py:1691)
[qtpyvcp.user_tab..user_tabs/][[36mINFO[0m]  JPCOORD jp_p_zp10 1814 335 vis=1 (ned_controls.py:1691)
[qtpyvcp.user_tab..user_tabs/][[36mINFO[0m]  JPCOORD jp_slow 1771 128 vis=1 (ned_controls.py:1691)
[qtpyvcp.user_tab..user_tabs/][[36mINFO[0m]  JPCOORD jp_status_dot 1694 753 vis=1 (ned_controls.py:1691)
[qtpyvcp.user_tab..user_tabs/][[36mINFO[0m]  JPCOORD jp_status_text 1783 753 vis=1 (ned_controls.py:1691)
[qtpyvcp.user_tab..user_tabs/][[36mINFO[0m]  JPCOORD jp_stop 1771 748 vis=0 (ned_controls.py:1691)
[qtpyvcp.user_tab..user_tabs/][[36mINFO[0m]  JPCOORD mm 319 265 vis=0 (ned_controls.py:1691)
[qtpyvcp.user_dros.xyzac_dros.dros_xyzac][[36mINFO[0m]  HOME banner -> STALE (dros_xyzac.py:370)
ned_brain: DECLARED HOME (zero-motion, NML 112): joints [0, 1, 2, 3, 4, 5] where they stand; homed=(1, 1, 1, 1, 1, 1) all6=True (STALE HOME until menu Home All)
[qtpyvcp.ned_homing_menu][[36mINFO[0m]  NED Homing menu ENABLED (ON=True, A/C in-place=True) (ned_homing_menu.py:76)
ned_brain: HEADREAD C start (R4 set, SEN about to drop -> A/C locked)
ned_brain: HEADREAD C: -0.000 deg  (mt=-168 w=4262881)
ned_brain: HEADREAD -> ini.5.home_offset = -0.0005
ned_brain: HEADREAD A start (R4 set, SEN about to drop -> A/C locked)
 GOTO ZERO: at puck centre -72.590000 -1435.288000, tip 5.000000 mm above the top, A0 C0.
[qtpyvcp.user_tab..user_tabs/][[36mINFO[0m]  GOTO ZERO: cal_goto_zero issued with centre -72.5900 -1435.2880 top -462.2700 (ned_controls.py:1019)
[qtpyvcp.user_tab..user_tabs/][[36mINFO[0m]  JOG status: MOVING — 1.9 mm/s (ned_controls.py:1908)
ned_brain: HEADREAD A: +1.201 deg  (mt=36 w=15633930)
ned_brain: HEADREAD -> ini.4.home_offset = +1.2011
ned_brain: HEAD READ armed: C=-0.000 A=+1.201
[qtpyvcp.user_tab..user_tabs/][[36mINFO[0m]  RACK MAP: var file refreshed (302 params, mtime 12:18:50) (rack_map.py:153)
[qtpyvcp.actions.machine_actions][[36mINFO[0m]  Issuing MDI command: M64 P3 (machine_actions.py:290)
[qtpyvcp.user_tab..user_tabs/][[36mINFO[0m]  JOG status: IDLE — ready (ned_controls.py:1908)
[qtpyvcp.user_tab..user_tabs/][[36mINFO[0m]  RACK MAP: var file refreshed (302 params, mtime 12:18:54) (rack_map.py:153)
ned_brain: program/MDI done (motion complete) -> MANUAL + teleop (MPG live)
ned_brain: TELEOP re-entered (machine ON + homed) -> MPG live
[qtpyvcp.user_tab..user_tabs/][[36mINFO[0m]  RACK MAP: var file refreshed (302 params, mtime 12:18:55) (rack_map.py:153)
ned_pendant: axis -> Y
[qtpyvcp.user_tab..user_tabs/][[36mINFO[0m]  JOG status: MOVING — 0.3 mm/s (ned_controls.py:1908)
[qtpyvcp.user_tab..user_tabs/][[36mINFO[0m]  JOG status: IDLE — ready (ned_controls.py:1908)
[qtpyvcp.user_tab..user_tabs/][[36mINFO[0m]  JOG status: MOVING — 1.4 mm/s (ned_controls.py:1908)
[qtpyvcp.user_tab..user_tabs/][[36mINFO[0m]  JOG status: IDLE — ready (ned_controls.py:1908)
[qtpyvcp.user_tab..user_tabs/][[36mINFO[0m]  JOG status: MOVING — 1.0 mm/s (ned_controls.py:1908)
[qtpyvcp.user_tab..user_tabs/][[36mINFO[0m]  JOG status: IDLE — ready (ned_controls.py:1908)
ned_pendant: axis -> Z
[qtpyvcp.user_tab..user_tabs/][[36mINFO[0m]  JOG status: MOVING — 1.7 mm/s (ned_controls.py:1908)
[qtpyvcp.user_tab..user_tabs/][[36mINFO[0m]  JOG status: IDLE — ready (ned_controls.py:1908)
[qtpyvcp.user_tab..user_tabs/][[36mINFO[0m]  JOG status: MOVING — 1.1 mm/s (ned_controls.py:1908)
[qtpyvcp.user_tab..user_tabs/][[36mINFO[0m]  JOG status: IDLE — ready (ned_controls.py:1908)
[qtpyvcp.user_tab..user_tabs/][[36mINFO[0m]  JOG status: MOVING — 1.0 mm/s (ned_controls.py:1908)
[qtpyvcp.user_tab..user_tabs/][[36mINFO[0m]  JOG status: IDLE — ready (ned_controls.py:1908)
ned_pendant: jump -> 0.05 mm/detent
ned_pendant: jump -> 0.1 mm/detent
[qtpyvcp.user_tab..user_tabs/][[36mINFO[0m]  JOG status: MOVING — 0.5 mm/s (ned_controls.py:1908)
[qtpyvcp.user_tab..user_tabs/][[36mINFO[0m]  JOG status: IDLE — ready (ned_controls.py:1908)
[qtpyvcp.user_tab..user_tabs/][[36mINFO[0m]  JOG status: MOVING — 5.5 mm/s (ned_controls.py:1908)
[qtpyvcp.user_tab..user_tabs/][[36mINFO[0m]  JOG status: IDLE — ready (ned_controls.py:1908)
[qtpyvcp.user_tab..user_tabs/][[36mINFO[0m]  JOG status: MOVING — 4.8 mm/s (ned_controls.py:1908)
[qtpyvcp.user_tab..user_tabs/][[36mINFO[0m]  JOG status: IDLE — ready (ned_controls.py:1908)
[qtpyvcp.user_tab..user_tabs/][[36mINFO[0m]  JOG status: MOVING — 4.1 mm/s (ned_controls.py:1908)
[qtpyvcp.user_tab..user_tabs/][[36mINFO[0m]  JOG status: IDLE — ready (ned_controls.py:1908)
[qtpyvcp.user_tab..user_tabs/][[36mINFO[0m]  JOG status: MOVING — 3.6 mm/s (ned_controls.py:1908)
[qtpyvcp.user_tab..user_tabs/][[36mINFO[0m]  JOG status: IDLE — ready (ned_controls.py:1908)
[qtpyvcp.user_tab..user_tabs/][[36mINFO[0m]  JOG status: MOVING — 5.4 mm/s (ned_controls.py:1908)
[qtpyvcp.user_tab..user_tabs/][[36mINFO[0m]  JOG status: IDLE — ready (ned_controls.py:1908)
[qtpyvcp.user_tab..user_tabs/][[36mINFO[0m]  JOG status: MOVING — 2.7 mm/s (ned_controls.py:1908)
[qtpyvcp.user_tab..user_tabs/][[36mINFO[0m]  JOG status: IDLE — ready (ned_controls.py:1908)
ned_pendant: axis -> A
ned_pendant: axis <- Y (double-tap back)
[qtpyvcp.user_tab..user_tabs/][[36mINFO[0m]  StartPuck: cal_probe_center issued (ned_controls.py:1023)
[qtpyvcp.user_tab..user_tabs/][[36mINFO[0m]  JOG status: MOVING — 0.0 mm/s (ned_controls.py:1908)
[qtpyvcp.user_tab..user_tabs/][[36mINFO[0m]  RACK MAP: var file refreshed (302 params, mtime 12:19:43) (rack_map.py:153)
[qtpyvcp.user_tab..user_tabs/][[36mINFO[0m]  RACK MAP: var file refreshed (302 params, mtime 12:19:46) (rack_map.py:153)
 CAL step 1: puck top at Z -475.117398 STORED to -475.117398, current work frame
[qtpyvcp.user_tab..user_tabs/][[36mINFO[0m]  RACK MAP: var file refreshed (302 params, mtime 12:19:51) (rack_map.py:153)
_pythonToCppCopy: Cannot copy-convert 0x7f3049e3c0 (dict) to C++.
[qtpyvcp.user_tab..user_tabs/][[36mINFO[0m]  RACK MAP: var file refreshed (302 params, mtime 12:19:58) (rack_map.py:153)
[qtpyvcp.user_tab..user_tabs/][[36mINFO[0m]  RACK MAP: var file refreshed (302 params, mtime 12:20:03) (rack_map.py:153)
task: main loop took 0.195165 seconds
[qtpyvcp.user_tab..user_tabs/][[36mINFO[0m]  RACK MAP: var file refreshed (302 params, mtime 12:20:12) (rack_map.py:153)
[qtpyvcp.user_tab..user_tabs/][[36mINFO[0m]  RACK MAP: var file refreshed (302 params, mtime 12:20:18) (rack_map.py:153)
[qtpyvcp.user_tab..user_tabs/][[36mINFO[0m]  RACK MAP: var file refreshed (302 params, mtime 12:20:26) (rack_map.py:153)
[qtpyvcp.user_tab..user_tabs/][[36mINFO[0m]  RACK MAP: var file refreshed (302 params, mtime 12:20:32) (rack_map.py:153)
[qtpyvcp.user_tab..user_tabs/][[36mINFO[0m]  RACK MAP: var file refreshed (302 params, mtime 12:20:40) (rack_map.py:153)
[qtpyvcp.user_tab..user_tabs/][[36mINFO[0m]  RACK MAP: var file refreshed (302 params, mtime 12:20:41) (rack_map.py:153)
 CAL edges X: +X -55.130000  -X -90.035000     edges Y: +Y -1415.280000  -Y -1449.196000
 CAL RESULT: centre X -72.582500 Y -1432.238000 top Z -475.117398 STORED to 3045/3046/3047, work frame
[qtpyvcp.user_tab..user_tabs/][[36mINFO[0m]  RACK MAP: var file refreshed (302 params, mtime 12:20:44) (rack_map.py:153)
[qtpyvcp.plugins.notifications][[36mINFO[0m]  CAL done: centre X-72.582500 Y-1432.238000, 
 top Z-475.117398 (notifications.py:178)
[qtpyvcp.user_tab..user_tabs/][[36mINFO[0m]  JOG status: IDLE — ready (ned_controls.py:1908)
ned_brain: program/MDI done (motion complete) -> MANUAL + teleop (MPG live)
ned_brain: TELEOP re-entered (machine ON + homed) -> MPG live
[qtpyvcp.user_tab..user_tabs/][[36mINFO[0m]  RACK MAP: var file refreshed (302 params, mtime 12:20:51) (rack_map.py:153)
_pythonToCppCopy: Cannot copy-convert 0x7f30385c80 (dict) to C++.
[qtpyvcp.user_tab..user_tabs/][[36mINFO[0m]  OVR S: 100 -> 110 slider units (100% -> 110%) via hidden stock slider action (ned_controls.py:325)
 GOTO ZERO: at puck centre -72.582500 -1432.238000, tip 5.000000 mm above the top, A0 C0.
[qtpyvcp.user_tab..user_tabs/][[36mINFO[0m]  GOTO ZERO: cal_goto_zero issued with centre -72.5825 -1432.2380 top -475.1174 (ned_controls.py:1019)
[qtpyvcp.user_tab..user_tabs/][[36mINFO[0m]  RACK MAP: var file refreshed (302 params, mtime 12:24:16) (rack_map.py:153)
Shutting down and cleaning up LinuxCNC...
task: 36328 cycles, min=0.000005, max=0.195165, avg=0.010041, 1 latency excursions (> 10x expected cycle time of 0.010000s)
ned_brain: ned_brain EXIT on signal 15 (SIGTERM)
ned_brain: ned_brain exited (atexit; normal interpreter exit)
ned_pendant EXIT on signal 15 (SIGTERM)
ned_brain: stored_home.json final save at exit
ned_pendant exited (atexit; normal interpreter exit)
hm2_eth: in hm2_eth_reset
hm2_eth: HostMot2 ethernet driver unloaded
hm2: unloading
Note: Using POSIX realtime

Script done on 2026-08-03 12:24:31-04:00 [COMMAND_EXIT_CODE="0"]

==================== LinuxCNC start (PROBE BASIC)  2026-08-03 12:25:06 ====================
Script started on 2026-08-03 12:25:06-04:00 [COMMAND="linuxcnc '/home/brains/Documents/ned/configs/ned5_pb/ned5_pb.ini'" TERM="xterm-256color" TTY="/dev/pts/4" COLUMNS="190" LINES="57"]
LINUXCNC - 2.9.8
Machine configuration directory is '/home/brains/Documents/ned/configs/ned5_pb'
Machine configuration file is 'ned5_pb.ini.expanded'
Starting LinuxCNC...
linuxcnc TPMOD=tpmod HOMEMOD=homemod EMCMOT=motmod
Note: Using POSIX realtime
Found file(REL): ./../ned5/ned5_iron.hal
hm2: loading Mesa HostMot2 driver version 0.15
hm2_eth: loading Mesa AnyIO HostMot2 ethernet driver version 0.2
hm2_eth: 10.10.10.10: INFO: Hardware address (MAC): 00:60:1b:17:81:5d
hm2_eth: discovered 7I97T
hm2/hm2_7i97.0: Low Level init 0.15
hm2/hm2_7i97.0: Smart Serial Firmware Version 43
Board hm2_7i97.0.7i84.0.0 Hardware Mode 0 = standard
Board hm2_7i97.0.7i84.0.0 Software Mode 0 = input_output
Board hm2_7i97.0.7i84.0.0 Software Mode 1 = io_analog_fieldvoltage
Board hm2_7i97.0.7i84.0.0 Software Mode 2 = io_encoder_analog
hm2/hm2_7i97.0: created PktUART Interface function hm2_7i97.0.pktuart.0.
board fails HM2 registration
hm2_eth: in hm2_eth_reset
hm2_eth: rtapi_app_main: Resource temporarily unavailable (-11)
./../ned5/ned5_iron.hal:31: waitpid failed /usr/bin/rtapi_app hm2_eth
./../ned5/ned5_iron.hal:31: /usr/bin/rtapi_app exited without becoming ready
./../ned5/ned5_iron.hal:31: insmod for hm2_eth failed, returned -1
Shutting down and cleaning up LinuxCNC...
hm2: unloading
Note: Using POSIX realtime
LinuxCNC terminated with an error.  You can find more information in the log:
    /home/brains/linuxcnc_debug.txt
and
    /home/brains/linuxcnc_print.txt
as well as in the output of the shell command 'dmesg' and in the terminal

Script done on 2026-08-03 12:25:07-04:00 [COMMAND_EXIT_CODE="255"]

==================== LinuxCNC start (PROBE BASIC)  2026-08-03 12:25:11 ====================
Script started on 2026-08-03 12:25:11-04:00 [COMMAND="linuxcnc '/home/brains/Documents/ned/configs/ned5_pb/ned5_pb.ini'" TERM="xterm-256color" TTY="/dev/pts/4" COLUMNS="190" LINES="57"]
LINUXCNC - 2.9.8
Machine configuration directory is '/home/brains/Documents/ned/configs/ned5_pb'
Machine configuration file is 'ned5_pb.ini.expanded'
Starting LinuxCNC...
linuxcnc TPMOD=tpmod HOMEMOD=homemod EMCMOT=motmod
Note: Using POSIX realtime
Found file(REL): ./../ned5/ned5_iron.hal
hm2: loading Mesa HostMot2 driver version 0.15
hm2_eth: loading Mesa AnyIO HostMot2 ethernet driver version 0.2
hm2_eth: 10.10.10.10: INFO: Hardware address (MAC): 00:60:1b:17:81:5d
hm2_eth: discovered 7I97T
hm2/hm2_7i97.0: Low Level init 0.15
hm2/hm2_7i97.0: Smart Serial Firmware Version 43
Board hm2_7i97.0.7i84.0.0 Hardware Mode 0 = standard
Board hm2_7i97.0.7i84.0.0 Software Mode 0 = input_output
Board hm2_7i97.0.7i84.0.0 Software Mode 1 = io_analog_fieldvoltage
Board hm2_7i97.0.7i84.0.0 Software Mode 2 = io_encoder_analog
hm2/hm2_7i97.0: created PktUART Interface function hm2_7i97.0.pktuart.0.
hm2/hm2_7i97.0: 51 I/O Pins used:
hm2/hm2_7i97.0:     IO Pin 000 (TB3-04): PWMGen #0, pin Out0 (PWM or Up) (Output)
hm2/hm2_7i97.0:     IO Pin 001 (TB3-08): PWMGen #1, pin Out0 (PWM or Up) (Output)
hm2/hm2_7i97.0:     IO Pin 002 (TB3-12): PWMGen #2, pin Out0 (PWM or Up) (Output)
hm2/hm2_7i97.0:     IO Pin 003 (TB3-16): PWMGen #3, pin Out0 (PWM or Up) (Output)
hm2/hm2_7i97.0:     IO Pin 004 (TB3-20): PWMGen #4, pin Out0 (PWM or Up) (Output)
hm2/hm2_7i97.0:     IO Pin 005 (AN_ENA4): PWMGen #4, pin Not-Enable (Output)
hm2/hm2_7i97.0:     IO Pin 006 (TB3-24): PWMGen #5, pin Out0 (PWM or Up) (Output)
hm2/hm2_7i97.0:     IO Pin 007 (AN_ENA5): PWMGen #5, pin Not-Enable (Output)
hm2/hm2_7i97.0:     IO Pin 008 (AN-ENA0..3): PWMGen #0, pin Not-Enable (Output)
hm2/hm2_7i97.0:     IO Pin 009 (TB1-01/TB1-09): Muxed Encoder #0, pin Muxed A (Input)
hm2/hm2_7i97.0:     IO Pin 010 (TB1-04/TB1-12): Muxed Encoder #0, pin Muxed B (Input)
hm2/hm2_7i97.0:     IO Pin 011 (TB1-07/TB1-15): Muxed Encoder #0, pin Muxed Index (Input)
hm2/hm2_7i97.0:     IO Pin 012 (TB1-17/TB2-01): Muxed Encoder #1, pin Muxed A (Input)
hm2/hm2_7i97.0:     IO Pin 013 (TB1-20/TB2-04): Muxed Encoder #1, pin Muxed B (Input)
hm2/hm2_7i97.0:     IO Pin 014 (TB1-23/TB2-07): Muxed Encoder #1, pin Muxed Index (Input)
hm2/hm2_7i97.0:     IO Pin 015 (TB2-09/TB2-17): Muxed Encoder #2, pin Muxed A (Input)
hm2/hm2_7i97.0:     IO Pin 016 (TB2-12/TB2-20): Muxed Encoder #2, pin Muxed B (Input)
hm2/hm2_7i97.0:     IO Pin 017 (TB2-15/TB2-23): Muxed Encoder #2, pin Muxed Index (Input)
hm2/hm2_7i97.0:     IO Pin 018 (Internal EncMux): Muxed Encoder Select #0, pin Mux Select 0 (Output)
hm2/hm2_7i97.0:     IO Pin 019 (TB5-13/TB5-14): SSR #0, pin Out-00 (Output)
hm2/hm2_7i97.0:     IO Pin 020 (TB5-15/TB5-16): SSR #0, pin Out-01 (Output)
hm2/hm2_7i97.0:     IO Pin 021 (TB5-17/TB5-18): SSR #0, pin Out-02 (Output)
hm2/hm2_7i97.0:     IO Pin 022 (TB5-19/TB5-20): SSR #0, pin Out-03 (Output)
hm2/hm2_7i97.0:     IO Pin 023 (TB5-21/TB5-22): SSR #0, pin Out-04 (Output)
hm2/hm2_7i97.0:     IO Pin 024 (TB5-23/TB5-24): SSR #0, pin Out-05 (Output)
hm2/hm2_7i97.0:     IO Pin 025 (Internal InMux0): SSR #0, pin AC Ref (internal) (Output)
hm2/hm2_7i97.0:     IO Pin 026 (Internal InMux1): InMux Input Mux #0, pin addr0 (Output)
hm2/hm2_7i97.0:     IO Pin 027 (Internal InMux2): InMux Input Mux #0, pin addr1 (Output)
hm2/hm2_7i97.0:     IO Pin 028 (Internal InMux3): InMux Input Mux #0, pin addr2 (Output)
hm2/hm2_7i97.0:     IO Pin 029 (Internal InMuxData): InMux Input Mux #0, pin addr3 (Output)
hm2/hm2_7i97.0:     IO Pin 030 (TB4-15/TB4-16): InMux Input Mux #0, pin muxdata (Input)
hm2/hm2_7i97.0:     IO Pin 031 (TB4-17/TB4-18): Smart Serial Interface #0, pin rx0 (Input)
hm2/hm2_7i97.0:     IO Pin 032 (TB4-17/TB4-18): Smart Serial Interface #0, pin tx0 (Output)
hm2/hm2_7i97.0:     IO Pin 033 (P1-01/DB25-01): Smart Serial Interface #0, pin txen0 (Output)
hm2/hm2_7i97.0:     IO Pin 034 (P1-02/DB25-14): PktUART Receive Channel #0, pin RX Data (Input)
hm2/hm2_7i97.0:     IO Pin 035 (P1-03/DB25-02): PktUART Transmit Channel #0, pin TX Data (Output)
hm2/hm2_7i97.0:     IO Pin 036 (P1-04/DB25-15): StepGen #3, pin Step (Output)
hm2/hm2_7i97.0:     IO Pin 037 (P1-05/DB25-03): StepGen #3, pin Direction (Output)
hm2/hm2_7i97.0:     IO Pin 038 (P1-06/DB25-16): StepGen #2, pin Step (Output)
hm2/hm2_7i97.0:     IO Pin 039 (P1-07/DB25-04): StepGen #2, pin Direction (Output)
hm2/hm2_7i97.0:     IO Pin 040 (P1-08/DB25-17): StepGen #1, pin Step (Output)
hm2/hm2_7i97.0:     IO Pin 041 (P1-09/DB25-05): StepGen #1, pin Direction (Output)
hm2/hm2_7i97.0:     IO Pin 042 (P1-11/DB25-06): StepGen #0, pin Step (Output)
hm2/hm2_7i97.0:     IO Pin 043 (P1-13/DB25-07): StepGen #0, pin Direction (Output)
hm2/hm2_7i97.0:     IO Pin 044 (P1-15/DB25-08): IOPort
hm2/hm2_7i97.0:     IO Pin 045 (P1-17/DB25-09): IOPort
hm2/hm2_7i97.0:     IO Pin 046 (P1-19/DB25-10): IOPort
hm2/hm2_7i97.0:     IO Pin 047 (P1-21/DB25-11): IOPort
hm2/hm2_7i97.0:     IO Pin 048 (P1-23/DB25-12): IOPort
hm2/hm2_7i97.0:     IO Pin 049 (P1-25/DB25-13): IOPort
hm2/hm2_7i97.0:     IO Pin 050 (Relay2): IOPort
hm2/hm2_7i97.0: registered

identityKinematicsSetup: coordinates:XYZXAC
   Joint 0 ==> Axis X
   Joint 1 ==> Axis Y
   Joint 2 ==> Axis Z
   Joint 3 ==> Axis X
   Joint 4 ==> Axis A
   Joint 5 ==> Axis C

[qtpyvcp][[36mINFO[0m]  Logging to [33m/home/brains/Documents/ned/configs/ned5_pb/pb.log[0m (logger.py:117)
[qtpyvcp][[36mINFO[0m]  QtPyVCP Version: 0.0.0+1.g0c377e9 (opt_parser.py:222)
[qtpyvcp.utilities.info][[36mINFO[0m]  Machine appearers to be a gantry config having a double X axis (info.py:418)
[qtpyvcp.utilities.info][[36mINFO[0m]  The machine has 5 axes and 6 joints (info.py:423)
[qtpyvcp.utilities.info][[36mINFO[0m]  The Axis/Joint mapping is: (info.py:424)
[qtpyvcp.utilities.info][[36mINFO[0m]  Axis X0 --> Joint 0 (info.py:432)
[qtpyvcp.utilities.info][[36mINFO[0m]  Axis Y --> Joint 1 (info.py:432)
[qtpyvcp.utilities.info][[36mINFO[0m]  Axis Z --> Joint 2 (info.py:432)
[qtpyvcp.utilities.info][[36mINFO[0m]  Axis X1 --> Joint 3 (info.py:432)
[qtpyvcp.utilities.info][[36mINFO[0m]  Axis A --> Joint 4 (info.py:432)
[qtpyvcp.utilities.info][[36mINFO[0m]  Axis C --> Joint 5 (info.py:432)
[qtpyvcp.plugins.var_file_manager][[36mINFO[0m]  VarFileManager initialized with parameter file: /home/brains/Documents/ned/configs/ned5_pb/ned5_pb.var (var_file_manager.py:103)
[qtpyvcp.plugins.db_tool_table][[36mINFO[0m]  Tool database: /home/brains/Documents/ned/configs/ned5_pb/tool_table.db (db_tool_table.py:344)
[qtpyvcp.plugins.var_file_manager][[36mINFO[0m]  VarFileManager: Using filesystem monitoring on /home/brains/Documents/ned/configs/ned5_pb/ned5_pb.var (var_file_manager.py:137)
[qtpyvcp.plugins.var_file_manager][[36mINFO[0m]  VarFileManager: File monitoring initialized (var_file_manager.py:164)
[qtpyvcp][[36mINFO[0m]  Loading global stylesheet: [33m/home/brains/qt_pb/probe_basic/src/probe_basic/probe_basic_dark.qss[0m (application.py:181)
[qtpyvcp.hal][[36mINFO[0m]  Creating new HAL component: qtpyvcp_manualtoolchange (__init__.py:61)
[qtpyvcp.widgets.form_widgets.main_window][[36mINFO[0m]  QUiLoader plugin paths: /home/brains/qt_pb/qtpyvcp/venv/lib/python3.13/site-packages/PySide6/Qt/plugins/designer, /usr/bin/designer, /home/brains/qt_pb/qtpyvcp/src/qtpyvcp/native/widgets_cpp/gcode_editor (main_window.py:599)
[qtpyvcp.app.launcher][[33mWARNING[0m]  Qt: "QFormBuilder was unable to create a custom widget of the class 'GCodeEditor'; defaulting to base class 'QPlainTextEdit'." (launcher.py:39)
[0m[33m2026-08-03 12:25:17.195 (   3.291s) [      7FBD2DBBA0]vtkOpenGLRenderWindow.c:929   WARN| vtkXOpenGLRenderWindow (0x1d5b6430): Unable to find a valid OpenGL 3.2 or later implementation. (3.1 found). Please update your video card driver to the latest version. If you are using Mesa please make sure you have version 11.2 or later and make sure your driver in Mesa supports OpenGL 3.2 such as llvmpipe or openswr. If you are on windows and using Microsoft remote desktop note that it only supports OpenGL 3.2 with nvidia quadro cards. You can use other remoting software such as nomachine to avoid this issue.[0m
[qtpyvcp.app.launcher][[33mWARNING[0m]  Qt: "QFormBuilder was unable to create a custom widget of the class 'GCodeEditor'; defaulting to base class 'QPlainTextEdit'." (launcher.py:39)
[qtpyvcp.app.launcher][[33mWARNING[0m]  Qt: QObject::connect: No such slot QPlainTextEdit::EditorReadWrite(bool) (launcher.py:39)
[qtpyvcp.app.launcher][[33mWARNING[0m]  Qt: QObject::connect:  (sender name:   'edit_gcode_button') (launcher.py:39)
[qtpyvcp.app.launcher][[33mWARNING[0m]  Qt: QObject::connect:  (receiver name: 'gcodeEditor_2') (launcher.py:39)
[qtpyvcp.app.launcher][[33mWARNING[0m]  Qt: QObject::connect: No such slot QPlainTextEdit::findDialog() (launcher.py:39)
[qtpyvcp.app.launcher][[33mWARNING[0m]  Qt: QObject::connect:  (sender name:   'find_replace_button') (launcher.py:39)
[qtpyvcp.app.launcher][[33mWARNING[0m]  Qt: QObject::connect:  (receiver name: 'gcodeEditor_2') (launcher.py:39)
[qtpyvcp.app.launcher][[33mWARNING[0m]  Qt: QObject::connect: No such slot QPlainTextEdit::saveFile() (launcher.py:39)
[qtpyvcp.app.launcher][[33mWARNING[0m]  Qt: QObject::connect:  (sender name:   'save_button') (launcher.py:39)
[qtpyvcp.app.launcher][[33mWARNING[0m]  Qt: QObject::connect:  (receiver name: 'gcodeEditor_2') (launcher.py:39)
[qtpyvcp.app.launcher][[33mWARNING[0m]  Qt: QObject::connect: No such slot QPlainTextEdit::saveFileAs() (launcher.py:39)
[qtpyvcp.app.launcher][[33mWARNING[0m]  Qt: QObject::connect:  (sender name:   'save_as_button') (launcher.py:39)
[qtpyvcp.app.launcher][[33mWARNING[0m]  Qt: QObject::connect:  (receiver name: 'gcodeEditor_2') (launcher.py:39)
[qtpyvcp.ned_homing_menu][[36mINFO[0m]  NED Homing menu constructed: 6 supervised actions (stock HomingMenu replaced at config level) (ned_homing_menu.py:92)
[qtpyvcp.QtPyVCP.probe_basic.probe_basic][[36mINFO[0m]  [ATC] Loading rack ATC (probe_basic.py:131)
[qtpyvcp.widgets.rack_atc_widget.rack_atc][[36mINFO[0m]  [RackATC] loading QML via QQuickView: /home/brains/qt_pb/probe_basic/src/widgets/rack_atc_widget/rack_atc.qml (rack_atc.py:73)
[qtpyvcp.QtPyVCP.probe_basic.probe_basic][[33mWARNING[0m]  USER_ATC_BUTTONS_PATH not set in INI. (probe_basic.py:436)
[qtpyvcp.user_tab..user_tabs/][[36mINFO[0m]  MDI mode gate: stale isRunning gate replaced with live-motion gate (ned_controls.py:112)
[qtpyvcp.hal][[36mINFO[0m]  Creating new HAL component: ned-tab (__init__.py:61)
[qtpyvcp.user_tab..user_tabs/][[36mINFO[0m]  ned-tab HAL component ready (ned_controls.py:401)
[qtpyvcp.user_tab..user_tabs/][[36mINFO[0m]  TOOLPROBE button absent from ned_controls.ui (probe served by PB stock controls) (ned_controls.py:410)
[qtpyvcp.user_tab..user_tabs/][[36mINFO[0m]  JOG panel: soft limits loaded: A[-115..115] C[-315..315] X[-4042.72..1] Y[-1787..1] Z[-620..1] (ned_controls.py:1474)
[qtpyvcp.user_tab..user_tabs/][[36mINFO[0m]  JOG speed -> MEDIUM (F1200 mm/min, 60 deg/min) (ned_controls.py:1488)
[qtpyvcp.user_tab..user_tabs/][[36mINFO[0m]  JOG panel: 21 widgets wired (ned_controls.py:1454)
[qtpyvcp.user_tab..user_tabs/][[36mINFO[0m]  NED tab page kept: JOG & PRESETS panel is its content (ned_controls.py:471)
[qtpyvcp.user_tab..user_tabs/][[36mINFO[0m]  GUI numbering badges OFF (create ned/gui_badges_on to enable) (ned_controls.py:489)
[qtpyvcp.user_tab..user_tabs/][[36mINFO[0m]  RACK MAP: 107 widgets wired (15 pockets + sync row) (rack_map.py:107)
[qtpyvcp.user_tab..user_tabs/][[36mINFO[0m]  RACK MAP: parameter file: /home/brains/Documents/ned/configs/ned5_pb/ned5_pb.var (rack_map.py:130)
[qtpyvcp.user_tab..user_tabs/][[36mINFO[0m]  RACK MAP: var file refreshed (302 params, mtime 12:25:12) (rack_map.py:153)
[qtpyvcp.QtPyVCP.probe_basic.probe_basic][[36mINFO[0m]  [user_buttons] base path from INI: user_buttons/ -> /home/brains/Documents/ned/configs/ned5_pb/user_buttons (probe_basic.py:476)
[qtpyvcp.QtPyVCP.probe_basic.probe_basic][[36mINFO[0m]  [user_buttons] candidate: /home/brains/Documents/ned/configs/ned5_pb/user_buttons/template_user_buttons/template_user_buttons.py (probe_basic.py:486)
[qtpyvcp.QtPyVCP.probe_basic.probe_basic][[36mINFO[0m]  [user_buttons] added user_buttons.user_buttons.template_user_buttons (probe_basic.py:496)
[qtpyvcp.QtPyVCP.probe_basic.probe_basic][[36mINFO[0m]  Jog display set from INI: geometry=XYZAC index=5 (probe_basic.py:233)
[qtpyvcp.QtPyVCP.probe_basic.probe_basic][[36mINFO[0m]  Toggle tooltips: enabled=False (probe_basic.py:324)
[qtpyvcp.QtPyVCP.probe_basic.probe_basic][[36mINFO[0m]  Toggled 0 tooltips (probe_basic.py:335)
[qtpyvcp.app.launcher][[36mINFO[0m]  Loading POSTGUI_HALFILE: /home/brains/Documents/ned/configs/ned5_pb/postgui_pb.hal (launcher.py:196)
ned_brain: ==== ned_brain start ==== (resume=False head_zero={'a': (36, 44350458), 'c': (-168, 4280673)} gears={'a': 128.25, 'c': 203.7471})
ned_pendant: ready -- increments [0.01, 0.05, 0.1, 0.5, 1.0] (from [DISPLAY]INCREMENTS), tap=next axis, double-tap=back, press+wheel=jump size, double-tap+hold+wheel=feed override
[qtpyvcp.app.launcher][[33mWARNING[0m]  Qt: dbus reply error: [ "org.freedesktop.DBus.Error.ServiceUnknown" ] "The name org.freedesktop.portal.Desktop was not provided by any .service files" (launcher.py:39)
[qtpyvcp.app.launcher][[33mWARNING[0m]  Qt: dbus reply error: [ "org.freedesktop.DBus.Error.ServiceUnknown" ] "The name org.freedesktop.portal.Desktop was not provided by any .service files" (launcher.py:39)
ned_brain: HEADREAD C start (R4 set, SEN about to drop -> A/C locked)
[qtpyvcp.app.launcher][[33mWARNING[0m]  PyWarning RuntimeWarning: libpyside: Failed to disconnect (None) from signal "pressed()". (/home/brains/Documents/ned/configs/ned5_pb/user_tabs/ned_controls/ned_controls.py:2066) (launcher.py:45)
[qtpyvcp.app.launcher][[33mWARNING[0m]  PyWarning RuntimeWarning: libpyside: Failed to disconnect (None) from signal "released()". (/home/brains/Documents/ned/configs/ned5_pb/user_tabs/ned_controls/ned_controls.py:2066) (launcher.py:45)
[qtpyvcp.user_tab..user_tabs/][[36mINFO[0m]  LOAD SPINDLE: 5 s countdown wired on 2 button(s): load_spindle_button, load_spindle_button_2 (ned_controls.py:2086)
[qtpyvcp.user_tab..user_tabs/][[36mINFO[0m]  spindle section: chip-load placeholder in; commanded-RPM drives 2 stock label(s) (format untouched) (ned_controls.py:1993)
[qtpyvcp.user_tab..user_tabs/][[36mINFO[0m]  OVR V validated: max_velocity_slider (r1 c0, range 0..20000), max_vel_slider (c1), max_velocity_to_100_button (c2) (ned_controls.py:224)
[qtpyvcp.user_tab..user_tabs/][[36mINFO[0m]  OVR F validated: feed_override_slider (r2 c0, range 0..150), feed_override_status (c1), feed_override_to_100_button (c2) (ned_controls.py:224)
[qtpyvcp.user_tab..user_tabs/][[36mINFO[0m]  OVR S validated: spindle_override_slider (r4 c0, range 20..200), spindle_override_status (c1), spindle_override_to_100_button (c2) (ned_controls.py:224)
[qtpyvcp.user_tab..user_tabs/][[36mINFO[0m]  OVR R validated: rapid_override_slider (r5 c0, range 0..100), rapid_override_status (c1), rapid_override_to_100_button (c2) (ned_controls.py:224)
[qtpyvcp.user_tab..user_tabs/][[36mINFO[0m]  OVR V row rebuilt: [-10%][max_velocity_to_100_button live][+10%][max_vel_slider] (step 2000 slider units = 10 pct-pts; max_velocity_slider hidden, still action-bound) (ned_controls.py:340)
[qtpyvcp.user_tab..user_tabs/][[36mINFO[0m]  OVR F row rebuilt: [-10%][feed_override_to_100_button live][+10%][feed_override_status] (step 10 slider units = 10 pct-pts; feed_override_slider hidden, still action-bound) (ned_controls.py:340)
[qtpyvcp.user_tab..user_tabs/][[36mINFO[0m]  OVR S row rebuilt: [-10%][spindle_override_to_100_button live][+10%][spindle_override_status] (step 10 slider units = 10 pct-pts; spindle_override_slider hidden, still action-bound) (ned_controls.py:340)
[qtpyvcp.user_tab..user_tabs/][[36mINFO[0m]  OVR R row rebuilt: [-10%][rapid_override_to_100_button live][+10%][rapid_override_status] (step 10 slider units = 10 pct-pts; rapid_override_slider hidden, still action-bound) (ned_controls.py:340)
[qtpyvcp.user_tab..user_tabs/][[36mINFO[0m]  OVERRIDE CLUSTER: all 4 rows rebuilt per operator mockup 2026-08-01 23:11 (ned_controls.py:344)
[qtpyvcp.user_tab..user_tabs/][[36mINFO[0m]  spindle FWD/REV wired to Check countdown (no iron S1 gate) (ned_controls.py:2016)
[qtpyvcp.user_tab..user_tabs/][[36mINFO[0m]  JOG status: OFF — machine not on (ned_controls.py:1908)
[qtpyvcp.QtPyVCP.probe_basic.probe_basic][[36mINFO[0m]  [user_dros] base path from INI: /home/brains/Documents/ned/configs/ned5_pb/user_dro_display (probe_basic.py:525)
[qtpyvcp.QtPyVCP.probe_basic.probe_basic][[36mINFO[0m]  [user_dros] looking for /home/brains/Documents/ned/configs/ned5_pb/user_dro_display/xyzac_dros/dros_xyzac.py (probe_basic.py:533)
[qtpyvcp.app.launcher][[33mWARNING[0m]  PyWarning RuntimeWarning: libpyside: Failed to disconnect (None) from signal "pressed()". (/home/brains/Documents/ned/configs/ned5_pb/user_dro_display/xyzac_dros/dros_xyzac.py:157) (launcher.py:45)
[qtpyvcp.app.launcher][[33mWARNING[0m]  PyWarning RuntimeWarning: libpyside: Failed to disconnect (None) from signal "released()". (/home/brains/Documents/ned/configs/ned5_pb/user_dro_display/xyzac_dros/dros_xyzac.py:157) (launcher.py:45)
[qtpyvcp.app.launcher][[33mWARNING[0m]  PyWarning RuntimeWarning: libpyside: Failed to disconnect (None) from signal "pressed()". (/home/brains/Documents/ned/configs/ned5_pb/user_dro_display/xyzac_dros/dros_xyzac.py:157) (launcher.py:45)
[qtpyvcp.app.launcher][[33mWARNING[0m]  PyWarning RuntimeWarning: libpyside: Failed to disconnect (None) from signal "released()". (/home/brains/Documents/ned/configs/ned5_pb/user_dro_display/xyzac_dros/dros_xyzac.py:157) (launcher.py:45)
[qtpyvcp.app.launcher][[33mWARNING[0m]  PyWarning RuntimeWarning: libpyside: Failed to disconnect (None) from signal "pressed()". (/home/brains/Documents/ned/configs/ned5_pb/user_dro_display/xyzac_dros/dros_xyzac.py:157) (launcher.py:45)
[qtpyvcp.app.launcher][[33mWARNING[0m]  PyWarning RuntimeWarning: libpyside: Failed to disconnect (None) from signal "released()". (/home/brains/Documents/ned/configs/ned5_pb/user_dro_display/xyzac_dros/dros_xyzac.py:157) (launcher.py:45)
[qtpyvcp.app.launcher][[33mWARNING[0m]  PyWarning RuntimeWarning: libpyside: Failed to disconnect (None) from signal "pressed()". (/home/brains/Documents/ned/configs/ned5_pb/user_dro_display/xyzac_dros/dros_xyzac.py:157) (launcher.py:45)
[qtpyvcp.app.launcher][[33mWARNING[0m]  PyWarning RuntimeWarning: libpyside: Failed to disconnect (None) from signal "released()". (/home/brains/Documents/ned/configs/ned5_pb/user_dro_display/xyzac_dros/dros_xyzac.py:157) (launcher.py:45)
[qtpyvcp.app.launcher][[33mWARNING[0m]  PyWarning RuntimeWarning: libpyside: Failed to disconnect (None) from signal "pressed()". (/home/brains/Documents/ned/configs/ned5_pb/user_dro_display/xyzac_dros/dros_xyzac.py:157) (launcher.py:45)
[qtpyvcp.app.launcher][[33mWARNING[0m]  PyWarning RuntimeWarning: libpyside: Failed to disconnect (None) from signal "released()". (/home/brains/Documents/ned/configs/ned5_pb/user_dro_display/xyzac_dros/dros_xyzac.py:157) (launcher.py:45)
[qtpyvcp.app.launcher][[33mWARNING[0m]  PyWarning RuntimeWarning: libpyside: Failed to disconnect (None) from signal "pressed()". (/home/brains/Documents/ned/configs/ned5_pb/user_dro_display/xyzac_dros/dros_xyzac.py:157) (launcher.py:45)
[qtpyvcp.app.launcher][[33mWARNING[0m]  PyWarning RuntimeWarning: libpyside: Failed to disconnect (None) from signal "released()". (/home/brains/Documents/ned/configs/ned5_pb/user_dro_display/xyzac_dros/dros_xyzac.py:157) (launcher.py:45)
[qtpyvcp.app.launcher][[33mWARNING[0m]  PyWarning RuntimeWarning: libpyside: Failed to disconnect (None) from signal "pressed()". (/home/brains/Documents/ned/configs/ned5_pb/user_dro_display/xyzac_dros/dros_xyzac.py:177) (launcher.py:45)
[qtpyvcp.app.launcher][[33mWARNING[0m]  PyWarning RuntimeWarning: libpyside: Failed to disconnect (None) from signal "released()". (/home/brains/Documents/ned/configs/ned5_pb/user_dro_display/xyzac_dros/dros_xyzac.py:177) (launcher.py:45)
[qtpyvcp.app.launcher][[33mWARNING[0m]  PyWarning RuntimeWarning: libpyside: Failed to disconnect (None) from signal "pressed()". (/home/brains/Documents/ned/configs/ned5_pb/user_dro_display/xyzac_dros/dros_xyzac.py:177) (launcher.py:45)
[qtpyvcp.app.launcher][[33mWARNING[0m]  PyWarning RuntimeWarning: libpyside: Failed to disconnect (None) from signal "released()". (/home/brains/Documents/ned/configs/ned5_pb/user_dro_display/xyzac_dros/dros_xyzac.py:177) (launcher.py:45)
[qtpyvcp.app.launcher][[33mWARNING[0m]  PyWarning RuntimeWarning: libpyside: Failed to disconnect (None) from signal "pressed()". (/home/brains/Documents/ned/configs/ned5_pb/user_dro_display/xyzac_dros/dros_xyzac.py:177) (launcher.py:45)
[qtpyvcp.app.launcher][[33mWARNING[0m]  PyWarning RuntimeWarning: libpyside: Failed to disconnect (None) from signal "released()". (/home/brains/Documents/ned/configs/ned5_pb/user_dro_display/xyzac_dros/dros_xyzac.py:177) (launcher.py:45)
[qtpyvcp.app.launcher][[33mWARNING[0m]  PyWarning RuntimeWarning: libpyside: Failed to disconnect (None) from signal "pressed()". (/home/brains/Documents/ned/configs/ned5_pb/user_dro_display/xyzac_dros/dros_xyzac.py:177) (launcher.py:45)
[qtpyvcp.app.launcher][[33mWARNING[0m]  PyWarning RuntimeWarning: libpyside: Failed to disconnect (None) from signal "released()". (/home/brains/Documents/ned/configs/ned5_pb/user_dro_display/xyzac_dros/dros_xyzac.py:177) (launcher.py:45)
[qtpyvcp.app.launcher][[33mWARNING[0m]  PyWarning RuntimeWarning: libpyside: Failed to disconnect (None) from signal "pressed()". (/home/brains/Documents/ned/configs/ned5_pb/user_dro_display/xyzac_dros/dros_xyzac.py:190) (launcher.py:45)
[qtpyvcp.app.launcher][[33mWARNING[0m]  PyWarning RuntimeWarning: libpyside: Failed to disconnect (None) from signal "released()". (/home/brains/Documents/ned/configs/ned5_pb/user_dro_display/xyzac_dros/dros_xyzac.py:190) (launcher.py:45)
[qtpyvcp.app.launcher][[33mWARNING[0m]  PyWarning RuntimeWarning: libpyside: Failed to disconnect (None) from signal "pressed()". (/home/brains/Documents/ned/configs/ned5_pb/user_dro_display/xyzac_dros/dros_xyzac.py:190) (launcher.py:45)
[qtpyvcp.app.launcher][[33mWARNING[0m]  PyWarning RuntimeWarning: libpyside: Failed to disconnect (None) from signal "released()". (/home/brains/Documents/ned/configs/ned5_pb/user_dro_display/xyzac_dros/dros_xyzac.py:190) (launcher.py:45)
[qtpyvcp.QtPyVCP.probe_basic.probe_basic][[36mINFO[0m]  [user_dros] added user_dros.xyzac_dros.dros_xyzac (probe_basic.py:540)
[qtpyvcp.QtPyVCP.probe_basic.probe_basic][[36mINFO[0m]  [offset_dro] base path from INI: /home/brains/Documents/ned/configs/ned5_pb/user_dro_display (probe_basic.py:573)
[qtpyvcp.QtPyVCP.probe_basic.probe_basic][[36mINFO[0m]  [offset_dro] looking for /home/brains/Documents/ned/configs/ned5_pb/user_dro_display/xyzac_dros/offset_dros_xyzac.ui (probe_basic.py:580)
[qtpyvcp.QtPyVCP.probe_basic.probe_basic][[36mINFO[0m]  [offset_dro] added /home/brains/Documents/ned/configs/ned5_pb/user_dro_display/xyzac_dros/offset_dros_xyzac.ui (probe_basic.py:584)
[qtpyvcp.user_tab..user_tabs/][[36mINFO[0m]  Homing menu rebind RETIRED: config-owned NedHomingMenu provider is the single homing path (ned_controls.py:2465)
[qtpyvcp.widgets.button_widgets.vcpvar_button][[33mWARNING[0m]  VCPVarPushButton: Cannot write parameter - machine not in safe state (vcpvar_button.py:317)
ned_brain: HEADREAD C: -0.000 deg  (mt=-168 w=4262675)
ned_brain: HEADREAD -> ini.5.home_offset = -0.0005
ned_brain: HEADREAD A start (R4 set, SEN about to drop -> A/C locked)
ned_brain: HEADREAD A: +1.201 deg  (mt=36 w=15636722)
ned_brain: HEADREAD -> ini.4.home_offset = +1.2010
[qtpyvcp.user_tab..user_tabs/][[36mINFO[0m]  JOG page takeover: jogDisplay (stock jog arrows) replaced by jp_panel at 200x730; ned tab page now empty (ned_controls.py:1365)
[qtpyvcp.user_tab..user_tabs/][[36mINFO[0m]  UNITS panel installed in settings tab (IN/MM -> G20/G21) (ned_controls.py:1633)
ned_brain: HEAD READ armed: C=-0.000 A=+1.201
[qtpyvcp.user_tab..user_tabs/][[36mINFO[0m]  SUBTABS: NED CONTROLS > JOG > CLAMP built (Z travel from INI = -620.0 .. 1.0; the clamp raises the FLOOR via ini.2.min_limit and restores it on disable) (ned_controls.py:714)
[qtpyvcp.user_dros.xyzac_dros.dros_xyzac][[36mINFO[0m]  HOME banner column added left of widget_xyzac (UNHOMED until the A/C absolute read lands, then STALE, then SESSION) (dros_xyzac.py:329)
[qtpyvcp.user_dros.xyzac_dros.dros_xyzac][[36mINFO[0m]  HOME banner -> UNHOMED (dros_xyzac.py:370)
[qtpyvcp.user_tab..user_tabs/][[36mINFO[0m]  JPCOORD in 319 265 vis=0 (ned_controls.py:1691)
[qtpyvcp.user_tab..user_tabs/][[36mINFO[0m]  JPCOORD jp_clear 1771 637 vis=1 (ned_controls.py:1691)
[qtpyvcp.user_tab..user_tabs/][[36mINFO[0m]  JPCOORD jp_fast 1771 196 vis=1 (ned_controls.py:1691)
[qtpyvcp.user_tab..user_tabs/][[36mINFO[0m]  JPCOORD jp_feed_readout 1771 226 vis=1 (ned_controls.py:1691)
[qtpyvcp.user_tab..user_tabs/][[36mINFO[0m]  JPCOORD jp_go_abs 1771 674 vis=1 (ned_controls.py:1691)
[qtpyvcp.user_tab..user_tabs/][[36mINFO[0m]  JPCOORD jp_go_rel 1771 718 vis=1 (ned_controls.py:1691)
[qtpyvcp.user_tab..user_tabs/][[36mINFO[0m]  JPCOORD jp_in_a 1771 574 vis=1 (ned_controls.py:1691)
[qtpyvcp.user_tab..user_tabs/][[36mINFO[0m]  JPCOORD jp_in_c 1771 606 vis=1 (ned_controls.py:1691)
[qtpyvcp.user_tab..user_tabs/][[36mINFO[0m]  JPCOORD jp_in_x 1771 478 vis=1 (ned_controls.py:1691)
[qtpyvcp.user_tab..user_tabs/][[36mINFO[0m]  JPCOORD jp_in_y 1771 510 vis=1 (ned_controls.py:1691)
[qtpyvcp.user_tab..user_tabs/][[36mINFO[0m]  JPCOORD jp_in_z 1771 542 vis=1 (ned_controls.py:1691)
[qtpyvcp.user_tab..user_tabs/][[36mINFO[0m]  JPCOORD jp_medium 1771 162 vis=1 (ned_controls.py:1691)
[qtpyvcp.user_tab..user_tabs/][[36mINFO[0m]  JPCOORD jp_p_a0c0 1814 383 vis=1 (ned_controls.py:1691)
[qtpyvcp.user_tab..user_tabs/][[36mINFO[0m]  JPCOORD jp_p_xy0 1728 287 vis=1 (ned_controls.py:1691)
[qtpyvcp.user_tab..user_tabs/][[36mINFO[0m]  JPCOORD jp_p_xy0z10 1728 383 vis=1 (ned_controls.py:1691)
[qtpyvcp.user_tab..user_tabs/][[36mINFO[0m]  JPCOORD jp_p_xyz0 1814 287 vis=1 (ned_controls.py:1691)
[qtpyvcp.user_tab..user_tabs/][[36mINFO[0m]  JPCOORD jp_p_z0 1728 335 vis=1 (ned_controls.py:1691)
[qtpyvcp.user_tab..user_tabs/][[36mINFO[0m]  JPCOORD jp_p_zp10 1814 335 vis=1 (ned_controls.py:1691)
[qtpyvcp.user_tab..user_tabs/][[36mINFO[0m]  JPCOORD jp_slow 1771 128 vis=1 (ned_controls.py:1691)
[qtpyvcp.user_tab..user_tabs/][[36mINFO[0m]  JPCOORD jp_status_dot 1694 753 vis=1 (ned_controls.py:1691)
[qtpyvcp.user_tab..user_tabs/][[36mINFO[0m]  JPCOORD jp_status_text 1783 753 vis=1 (ned_controls.py:1691)
[qtpyvcp.user_tab..user_tabs/][[36mINFO[0m]  JPCOORD jp_stop 1771 748 vis=0 (ned_controls.py:1691)
[qtpyvcp.user_tab..user_tabs/][[36mINFO[0m]  JPCOORD mm 319 265 vis=0 (ned_controls.py:1691)
[qtpyvcp.user_tab..user_tabs/][[36mINFO[0m]  JOG status: IDLE — ready (ned_controls.py:1908)
ned_brain: MACHINE ON -> head read (A/C will home IN PLACE, no motion)
ned_brain: DECLARE: STALE frame from stored_home.json (saved 2026-08-03 12:24:31): {0: -72.58, 1: -1432.236, 2: -470.1123, 3: -72.5756}
[qtpyvcp.user_tab..user_tabs/][[36mINFO[0m]  JOG status: HOMING (ned_controls.py:1908)
[qtpyvcp.user_tab..user_tabs/][[36mINFO[0m]  JOG status: IDLE — ready (ned_controls.py:1908)
[qtpyvcp.user_dros.xyzac_dros.dros_xyzac][[36mINFO[0m]  HOME banner -> STALE (dros_xyzac.py:370)
[qtpyvcp.ned_homing_menu][[36mINFO[0m]  NED Homing menu ENABLED (ON=True, A/C in-place=True) (ned_homing_menu.py:76)
ned_brain: DECLARED HOME (zero-motion, NML 112): joints [0, 1, 2, 3, 4, 5] where they stand; homed=(1, 1, 1, 1, 1, 1) all6=True (STALE HOME until menu Home All)
ned_brain: HEADREAD C start (R4 set, SEN about to drop -> A/C locked)
ned_brain: HEADREAD C: -0.000 deg  (mt=-168 w=4262734)
ned_brain: HEADREAD -> ini.5.home_offset = -0.0005
ned_brain: HEADREAD A start (R4 set, SEN about to drop -> A/C locked)
ned_brain: HEADREAD A: +1.201 deg  (mt=36 w=15636839)
ned_brain: HEADREAD -> ini.4.home_offset = +1.2010
ned_brain: HEAD READ armed: C=-0.000 A=+1.201
[qtpyvcp.actions.machine_actions][[36mINFO[0m]  Issuing MDI command: M64 P3 (machine_actions.py:290)
[qtpyvcp.user_tab..user_tabs/][[36mINFO[0m]  RACK MAP: var file refreshed (302 params, mtime 12:25:55) (rack_map.py:153)
 GOTO ZERO: at puck centre -72.582500 -1432.238000, tip 5.000000 mm above the top, A0 C0.
[qtpyvcp.user_tab..user_tabs/][[36mINFO[0m]  GOTO ZERO: cal_goto_zero issued with centre -72.5825 -1432.2380 top -475.1174 (ned_controls.py:1019)
[qtpyvcp.user_tab..user_tabs/][[36mINFO[0m]  RACK MAP: var file refreshed (302 params, mtime 12:26:05) (rack_map.py:153)
Shutting down and cleaning up LinuxCNC...
task: 6072 cycles, min=0.000005, max=0.031484, avg=0.010057, 0 latency excursions (> 10x expected cycle time of 0.010000s)
ned_pendant EXIT on signal 15 (SIGTERM)
ned_pendant exited (atexit; normal interpreter exit)
ned_brain: ned_brain EXIT on signal 15 (SIGTERM)
ned_brain: ned_brain exited (atexit; normal interpreter exit)
ned_brain: stored_home.json final save at exit
hm2_eth: in hm2_eth_reset
hm2_eth: HostMot2 ethernet driver unloaded
hm2: unloading
Note: Using POSIX realtime

Script done on 2026-08-03 12:26:14-04:00 [COMMAND_EXIT_CODE="0"]

==================== LinuxCNC start (PROBE BASIC)  2026-08-03 12:26:19 ====================
Script started on 2026-08-03 12:26:19-04:00 [COMMAND="linuxcnc '/home/brains/Documents/ned/configs/ned5_pb/ned5_pb.ini'" TERM="xterm-256color" TTY="/dev/pts/4" COLUMNS="190" LINES="57"]
LINUXCNC - 2.9.8
Machine configuration directory is '/home/brains/Documents/ned/configs/ned5_pb'
Machine configuration file is 'ned5_pb.ini.expanded'
Starting LinuxCNC...
linuxcnc TPMOD=tpmod HOMEMOD=homemod EMCMOT=motmod
Note: Using POSIX realtime
Found file(REL): ./../ned5/ned5_iron.hal
hm2: loading Mesa HostMot2 driver version 0.15
hm2_eth: loading Mesa AnyIO HostMot2 ethernet driver version 0.2
hm2_eth: 10.10.10.10: INFO: Hardware address (MAC): 00:60:1b:17:81:5d
hm2_eth: discovered 7I97T
hm2/hm2_7i97.0: Low Level init 0.15
hm2/hm2_7i97.0: Smart Serial Firmware Version 43
Board hm2_7i97.0.7i84.0.0 Hardware Mode 0 = standard
Board hm2_7i97.0.7i84.0.0 Software Mode 0 = input_output
Board hm2_7i97.0.7i84.0.0 Software Mode 1 = io_analog_fieldvoltage
Board hm2_7i97.0.7i84.0.0 Software Mode 2 = io_encoder_analog
hm2/hm2_7i97.0: created PktUART Interface function hm2_7i97.0.pktuart.0.
hm2/hm2_7i97.0: 51 I/O Pins used:
hm2/hm2_7i97.0:     IO Pin 000 (TB3-04): PWMGen #0, pin Out0 (PWM or Up) (Output)
hm2/hm2_7i97.0:     IO Pin 001 (TB3-08): PWMGen #1, pin Out0 (PWM or Up) (Output)
hm2/hm2_7i97.0:     IO Pin 002 (TB3-12): PWMGen #2, pin Out0 (PWM or Up) (Output)
hm2/hm2_7i97.0:     IO Pin 003 (TB3-16): PWMGen #3, pin Out0 (PWM or Up) (Output)
hm2/hm2_7i97.0:     IO Pin 004 (TB3-20): PWMGen #4, pin Out0 (PWM or Up) (Output)
hm2/hm2_7i97.0:     IO Pin 005 (AN_ENA4): PWMGen #4, pin Not-Enable (Output)
hm2/hm2_7i97.0:     IO Pin 006 (TB3-24): PWMGen #5, pin Out0 (PWM or Up) (Output)
hm2/hm2_7i97.0:     IO Pin 007 (AN_ENA5): PWMGen #5, pin Not-Enable (Output)
hm2/hm2_7i97.0:     IO Pin 008 (AN-ENA0..3): PWMGen #0, pin Not-Enable (Output)
hm2/hm2_7i97.0:     IO Pin 009 (TB1-01/TB1-09): Muxed Encoder #0, pin Muxed A (Input)
hm2/hm2_7i97.0:     IO Pin 010 (TB1-04/TB1-12): Muxed Encoder #0, pin Muxed B (Input)
hm2/hm2_7i97.0:     IO Pin 011 (TB1-07/TB1-15): Muxed Encoder #0, pin Muxed Index (Input)
hm2/hm2_7i97.0:     IO Pin 012 (TB1-17/TB2-01): Muxed Encoder #1, pin Muxed A (Input)
hm2/hm2_7i97.0:     IO Pin 013 (TB1-20/TB2-04): Muxed Encoder #1, pin Muxed B (Input)
hm2/hm2_7i97.0:     IO Pin 014 (TB1-23/TB2-07): Muxed Encoder #1, pin Muxed Index (Input)
hm2/hm2_7i97.0:     IO Pin 015 (TB2-09/TB2-17): Muxed Encoder #2, pin Muxed A (Input)
hm2/hm2_7i97.0:     IO Pin 016 (TB2-12/TB2-20): Muxed Encoder #2, pin Muxed B (Input)
hm2/hm2_7i97.0:     IO Pin 017 (TB2-15/TB2-23): Muxed Encoder #2, pin Muxed Index (Input)
hm2/hm2_7i97.0:     IO Pin 018 (Internal EncMux): Muxed Encoder Select #0, pin Mux Select 0 (Output)
hm2/hm2_7i97.0:     IO Pin 019 (TB5-13/TB5-14): SSR #0, pin Out-00 (Output)
hm2/hm2_7i97.0:     IO Pin 020 (TB5-15/TB5-16): SSR #0, pin Out-01 (Output)
hm2/hm2_7i97.0:     IO Pin 021 (TB5-17/TB5-18): SSR #0, pin Out-02 (Output)
hm2/hm2_7i97.0:     IO Pin 022 (TB5-19/TB5-20): SSR #0, pin Out-03 (Output)
hm2/hm2_7i97.0:     IO Pin 023 (TB5-21/TB5-22): SSR #0, pin Out-04 (Output)
hm2/hm2_7i97.0:     IO Pin 024 (TB5-23/TB5-24): SSR #0, pin Out-05 (Output)
hm2/hm2_7i97.0:     IO Pin 025 (Internal InMux0): SSR #0, pin AC Ref (internal) (Output)
hm2/hm2_7i97.0:     IO Pin 026 (Internal InMux1): InMux Input Mux #0, pin addr0 (Output)
hm2/hm2_7i97.0:     IO Pin 027 (Internal InMux2): InMux Input Mux #0, pin addr1 (Output)
hm2/hm2_7i97.0:     IO Pin 028 (Internal InMux3): InMux Input Mux #0, pin addr2 (Output)
hm2/hm2_7i97.0:     IO Pin 029 (Internal InMuxData): InMux Input Mux #0, pin addr3 (Output)
hm2/hm2_7i97.0:     IO Pin 030 (TB4-15/TB4-16): InMux Input Mux #0, pin muxdata (Input)
hm2/hm2_7i97.0:     IO Pin 031 (TB4-17/TB4-18): Smart Serial Interface #0, pin rx0 (Input)
hm2/hm2_7i97.0:     IO Pin 032 (TB4-17/TB4-18): Smart Serial Interface #0, pin tx0 (Output)
hm2/hm2_7i97.0:     IO Pin 033 (P1-01/DB25-01): Smart Serial Interface #0, pin txen0 (Output)
hm2/hm2_7i97.0:     IO Pin 034 (P1-02/DB25-14): PktUART Receive Channel #0, pin RX Data (Input)
hm2/hm2_7i97.0:     IO Pin 035 (P1-03/DB25-02): PktUART Transmit Channel #0, pin TX Data (Output)
hm2/hm2_7i97.0:     IO Pin 036 (P1-04/DB25-15): StepGen #3, pin Step (Output)
hm2/hm2_7i97.0:     IO Pin 037 (P1-05/DB25-03): StepGen #3, pin Direction (Output)
hm2/hm2_7i97.0:     IO Pin 038 (P1-06/DB25-16): StepGen #2, pin Step (Output)
hm2/hm2_7i97.0:     IO Pin 039 (P1-07/DB25-04): StepGen #2, pin Direction (Output)
hm2/hm2_7i97.0:     IO Pin 040 (P1-08/DB25-17): StepGen #1, pin Step (Output)
hm2/hm2_7i97.0:     IO Pin 041 (P1-09/DB25-05): StepGen #1, pin Direction (Output)
hm2/hm2_7i97.0:     IO Pin 042 (P1-11/DB25-06): StepGen #0, pin Step (Output)
hm2/hm2_7i97.0:     IO Pin 043 (P1-13/DB25-07): StepGen #0, pin Direction (Output)
hm2/hm2_7i97.0:     IO Pin 044 (P1-15/DB25-08): IOPort
hm2/hm2_7i97.0:     IO Pin 045 (P1-17/DB25-09): IOPort
hm2/hm2_7i97.0:     IO Pin 046 (P1-19/DB25-10): IOPort
hm2/hm2_7i97.0:     IO Pin 047 (P1-21/DB25-11): IOPort
hm2/hm2_7i97.0:     IO Pin 048 (P1-23/DB25-12): IOPort
hm2/hm2_7i97.0:     IO Pin 049 (P1-25/DB25-13): IOPort
hm2/hm2_7i97.0:     IO Pin 050 (Relay2): IOPort
hm2/hm2_7i97.0: registered

identityKinematicsSetup: coordinates:XYZXAC
   Joint 0 ==> Axis X
   Joint 1 ==> Axis Y
   Joint 2 ==> Axis Z
   Joint 3 ==> Axis X
   Joint 4 ==> Axis A
   Joint 5 ==> Axis C

[qtpyvcp][[36mINFO[0m]  Logging to [33m/home/brains/Documents/ned/configs/ned5_pb/pb.log[0m (logger.py:117)
[qtpyvcp][[36mINFO[0m]  QtPyVCP Version: 0.0.0+1.g0c377e9 (opt_parser.py:222)
[qtpyvcp.utilities.info][[36mINFO[0m]  Machine appearers to be a gantry config having a double X axis (info.py:418)
[qtpyvcp.utilities.info][[36mINFO[0m]  The machine has 5 axes and 6 joints (info.py:423)
[qtpyvcp.utilities.info][[36mINFO[0m]  The Axis/Joint mapping is: (info.py:424)
[qtpyvcp.utilities.info][[36mINFO[0m]  Axis X0 --> Joint 0 (info.py:432)
[qtpyvcp.utilities.info][[36mINFO[0m]  Axis Y --> Joint 1 (info.py:432)
[qtpyvcp.utilities.info][[36mINFO[0m]  Axis Z --> Joint 2 (info.py:432)
[qtpyvcp.utilities.info][[36mINFO[0m]  Axis X1 --> Joint 3 (info.py:432)
[qtpyvcp.utilities.info][[36mINFO[0m]  Axis A --> Joint 4 (info.py:432)
[qtpyvcp.utilities.info][[36mINFO[0m]  Axis C --> Joint 5 (info.py:432)
[qtpyvcp.plugins.var_file_manager][[36mINFO[0m]  VarFileManager initialized with parameter file: /home/brains/Documents/ned/configs/ned5_pb/ned5_pb.var (var_file_manager.py:103)
[qtpyvcp.plugins.db_tool_table][[36mINFO[0m]  Tool database: /home/brains/Documents/ned/configs/ned5_pb/tool_table.db (db_tool_table.py:344)
[qtpyvcp.plugins.var_file_manager][[36mINFO[0m]  VarFileManager: Using filesystem monitoring on /home/brains/Documents/ned/configs/ned5_pb/ned5_pb.var (var_file_manager.py:137)
[qtpyvcp.plugins.var_file_manager][[36mINFO[0m]  VarFileManager: File monitoring initialized (var_file_manager.py:164)
[qtpyvcp][[36mINFO[0m]  Loading global stylesheet: [33m/home/brains/qt_pb/probe_basic/src/probe_basic/probe_basic_dark.qss[0m (application.py:181)
[qtpyvcp.hal][[36mINFO[0m]  Creating new HAL component: qtpyvcp_manualtoolchange (__init__.py:61)
[qtpyvcp.widgets.form_widgets.main_window][[36mINFO[0m]  QUiLoader plugin paths: /home/brains/qt_pb/qtpyvcp/venv/lib/python3.13/site-packages/PySide6/Qt/plugins/designer, /usr/bin/designer, /home/brains/qt_pb/qtpyvcp/src/qtpyvcp/native/widgets_cpp/gcode_editor (main_window.py:599)
[qtpyvcp.app.launcher][[33mWARNING[0m]  Qt: "QFormBuilder was unable to create a custom widget of the class 'GCodeEditor'; defaulting to base class 'QPlainTextEdit'." (launcher.py:39)
[0m[33m2026-08-03 12:26:25.257 (   2.922s) [      7FAAF16BA0]vtkOpenGLRenderWindow.c:929   WARN| vtkXOpenGLRenderWindow (0x691ec60): Unable to find a valid OpenGL 3.2 or later implementation. (3.1 found). Please update your video card driver to the latest version. If you are using Mesa please make sure you have version 11.2 or later and make sure your driver in Mesa supports OpenGL 3.2 such as llvmpipe or openswr. If you are on windows and using Microsoft remote desktop note that it only supports OpenGL 3.2 with nvidia quadro cards. You can use other remoting software such as nomachine to avoid this issue.[0m
[qtpyvcp.app.launcher][[33mWARNING[0m]  Qt: "QFormBuilder was unable to create a custom widget of the class 'GCodeEditor'; defaulting to base class 'QPlainTextEdit'." (launcher.py:39)
[qtpyvcp.app.launcher][[33mWARNING[0m]  Qt: QObject::connect: No such slot QPlainTextEdit::EditorReadWrite(bool) (launcher.py:39)
[qtpyvcp.app.launcher][[33mWARNING[0m]  Qt: QObject::connect:  (sender name:   'edit_gcode_button') (launcher.py:39)
[qtpyvcp.app.launcher][[33mWARNING[0m]  Qt: QObject::connect:  (receiver name: 'gcodeEditor_2') (launcher.py:39)
[qtpyvcp.app.launcher][[33mWARNING[0m]  Qt: QObject::connect: No such slot QPlainTextEdit::findDialog() (launcher.py:39)
[qtpyvcp.app.launcher][[33mWARNING[0m]  Qt: QObject::connect:  (sender name:   'find_replace_button') (launcher.py:39)
[qtpyvcp.app.launcher][[33mWARNING[0m]  Qt: QObject::connect:  (receiver name: 'gcodeEditor_2') (launcher.py:39)
[qtpyvcp.app.launcher][[33mWARNING[0m]  Qt: QObject::connect: No such slot QPlainTextEdit::saveFile() (launcher.py:39)
[qtpyvcp.app.launcher][[33mWARNING[0m]  Qt: QObject::connect:  (sender name:   'save_button') (launcher.py:39)
[qtpyvcp.app.launcher][[33mWARNING[0m]  Qt: QObject::connect:  (receiver name: 'gcodeEditor_2') (launcher.py:39)
[qtpyvcp.app.launcher][[33mWARNING[0m]  Qt: QObject::connect: No such slot QPlainTextEdit::saveFileAs() (launcher.py:39)
[qtpyvcp.app.launcher][[33mWARNING[0m]  Qt: QObject::connect:  (sender name:   'save_as_button') (launcher.py:39)
[qtpyvcp.app.launcher][[33mWARNING[0m]  Qt: QObject::connect:  (receiver name: 'gcodeEditor_2') (launcher.py:39)
[qtpyvcp.ned_homing_menu][[36mINFO[0m]  NED Homing menu constructed: 6 supervised actions (stock HomingMenu replaced at config level) (ned_homing_menu.py:92)
[qtpyvcp.QtPyVCP.probe_basic.probe_basic][[36mINFO[0m]  [ATC] Loading rack ATC (probe_basic.py:131)
[qtpyvcp.widgets.rack_atc_widget.rack_atc][[36mINFO[0m]  [RackATC] loading QML via QQuickView: /home/brains/qt_pb/probe_basic/src/widgets/rack_atc_widget/rack_atc.qml (rack_atc.py:73)
[qtpyvcp.QtPyVCP.probe_basic.probe_basic][[33mWARNING[0m]  USER_ATC_BUTTONS_PATH not set in INI. (probe_basic.py:436)
[qtpyvcp.user_tab..user_tabs/][[36mINFO[0m]  MDI mode gate: stale isRunning gate replaced with live-motion gate (ned_controls.py:112)
[qtpyvcp.hal][[36mINFO[0m]  Creating new HAL component: ned-tab (__init__.py:61)
[qtpyvcp.user_tab..user_tabs/][[36mINFO[0m]  ned-tab HAL component ready (ned_controls.py:401)
[qtpyvcp.user_tab..user_tabs/][[36mINFO[0m]  TOOLPROBE button absent from ned_controls.ui (probe served by PB stock controls) (ned_controls.py:410)
[qtpyvcp.user_tab..user_tabs/][[36mINFO[0m]  JOG panel: soft limits loaded: A[-115..115] C[-315..315] X[-4042.72..1] Y[-1787..1] Z[-620..1] (ned_controls.py:1488)
[qtpyvcp.user_tab..user_tabs/][[36mINFO[0m]  JOG speed -> MEDIUM (F1200 mm/min, 60 deg/min) (ned_controls.py:1502)
[qtpyvcp.user_tab..user_tabs/][[36mINFO[0m]  JOG panel: 21 widgets wired (ned_controls.py:1468)
[qtpyvcp.user_tab..user_tabs/][[36mINFO[0m]  NED tab page kept: JOG & PRESETS panel is its content (ned_controls.py:471)
[qtpyvcp.user_tab..user_tabs/][[36mINFO[0m]  GUI numbering badges OFF (create ned/gui_badges_on to enable) (ned_controls.py:489)
[qtpyvcp.user_tab..user_tabs/][[36mINFO[0m]  RACK MAP: 107 widgets wired (15 pockets + sync row) (rack_map.py:107)
[qtpyvcp.user_tab..user_tabs/][[36mINFO[0m]  RACK MAP: parameter file: /home/brains/Documents/ned/configs/ned5_pb/ned5_pb.var (rack_map.py:130)
[qtpyvcp.user_tab..user_tabs/][[36mINFO[0m]  RACK MAP: var file refreshed (302 params, mtime 12:26:21) (rack_map.py:153)
[qtpyvcp.QtPyVCP.probe_basic.probe_basic][[36mINFO[0m]  [user_buttons] base path from INI: user_buttons/ -> /home/brains/Documents/ned/configs/ned5_pb/user_buttons (probe_basic.py:476)
[qtpyvcp.QtPyVCP.probe_basic.probe_basic][[36mINFO[0m]  [user_buttons] candidate: /home/brains/Documents/ned/configs/ned5_pb/user_buttons/template_user_buttons/template_user_buttons.py (probe_basic.py:486)
[qtpyvcp.QtPyVCP.probe_basic.probe_basic][[36mINFO[0m]  [user_buttons] added user_buttons.user_buttons.template_user_buttons (probe_basic.py:496)
[qtpyvcp.QtPyVCP.probe_basic.probe_basic][[36mINFO[0m]  Jog display set from INI: geometry=XYZAC index=5 (probe_basic.py:233)
[qtpyvcp.QtPyVCP.probe_basic.probe_basic][[36mINFO[0m]  Toggle tooltips: enabled=False (probe_basic.py:324)
[qtpyvcp.QtPyVCP.probe_basic.probe_basic][[36mINFO[0m]  Toggled 0 tooltips (probe_basic.py:335)
[qtpyvcp.app.launcher][[36mINFO[0m]  Loading POSTGUI_HALFILE: /home/brains/Documents/ned/configs/ned5_pb/postgui_pb.hal (launcher.py:196)
ned_brain: ==== ned_brain start ==== (resume=False head_zero={'a': (36, 44350458), 'c': (-168, 4280673)} gears={'a': 128.25, 'c': 203.7471})
ned_pendant: ready -- increments [0.01, 0.05, 0.1, 0.5, 1.0] (from [DISPLAY]INCREMENTS), tap=next axis, double-tap=back, press+wheel=jump size, double-tap+hold+wheel=feed override
[qtpyvcp.app.launcher][[33mWARNING[0m]  Qt: dbus reply error: [ "org.freedesktop.DBus.Error.ServiceUnknown" ] "The name org.freedesktop.portal.Desktop was not provided by any .service files" (launcher.py:39)
[qtpyvcp.app.launcher][[33mWARNING[0m]  Qt: dbus reply error: [ "org.freedesktop.DBus.Error.ServiceUnknown" ] "The name org.freedesktop.portal.Desktop was not provided by any .service files" (launcher.py:39)
ned_brain: HEADREAD C start (R4 set, SEN about to drop -> A/C locked)
[qtpyvcp.app.launcher][[33mWARNING[0m]  PyWarning RuntimeWarning: libpyside: Failed to disconnect (None) from signal "pressed()". (/home/brains/Documents/ned/configs/ned5_pb/user_tabs/ned_controls/ned_controls.py:2080) (launcher.py:45)
[qtpyvcp.app.launcher][[33mWARNING[0m]  PyWarning RuntimeWarning: libpyside: Failed to disconnect (None) from signal "released()". (/home/brains/Documents/ned/configs/ned5_pb/user_tabs/ned_controls/ned_controls.py:2080) (launcher.py:45)
[qtpyvcp.user_tab..user_tabs/][[36mINFO[0m]  LOAD SPINDLE: 5 s countdown wired on 2 button(s): load_spindle_button, load_spindle_button_2 (ned_controls.py:2100)
[qtpyvcp.user_tab..user_tabs/][[36mINFO[0m]  spindle section: chip-load placeholder in; commanded-RPM drives 2 stock label(s) (format untouched) (ned_controls.py:2007)
[qtpyvcp.user_tab..user_tabs/][[36mINFO[0m]  OVR V validated: max_velocity_slider (r1 c0, range 0..20000), max_vel_slider (c1), max_velocity_to_100_button (c2) (ned_controls.py:224)
[qtpyvcp.user_tab..user_tabs/][[36mINFO[0m]  OVR F validated: feed_override_slider (r2 c0, range 0..150), feed_override_status (c1), feed_override_to_100_button (c2) (ned_controls.py:224)
[qtpyvcp.user_tab..user_tabs/][[36mINFO[0m]  OVR S validated: spindle_override_slider (r4 c0, range 20..200), spindle_override_status (c1), spindle_override_to_100_button (c2) (ned_controls.py:224)
[qtpyvcp.user_tab..user_tabs/][[36mINFO[0m]  OVR R validated: rapid_override_slider (r5 c0, range 0..100), rapid_override_status (c1), rapid_override_to_100_button (c2) (ned_controls.py:224)
[qtpyvcp.user_tab..user_tabs/][[36mINFO[0m]  OVR V row rebuilt: [-10%][max_velocity_to_100_button live][+10%][max_vel_slider] (step 2000 slider units = 10 pct-pts; max_velocity_slider hidden, still action-bound) (ned_controls.py:340)
[qtpyvcp.user_tab..user_tabs/][[36mINFO[0m]  OVR F row rebuilt: [-10%][feed_override_to_100_button live][+10%][feed_override_status] (step 10 slider units = 10 pct-pts; feed_override_slider hidden, still action-bound) (ned_controls.py:340)
[qtpyvcp.user_tab..user_tabs/][[36mINFO[0m]  OVR S row rebuilt: [-10%][spindle_override_to_100_button live][+10%][spindle_override_status] (step 10 slider units = 10 pct-pts; spindle_override_slider hidden, still action-bound) (ned_controls.py:340)
[qtpyvcp.user_tab..user_tabs/][[36mINFO[0m]  OVR R row rebuilt: [-10%][rapid_override_to_100_button live][+10%][rapid_override_status] (step 10 slider units = 10 pct-pts; rapid_override_slider hidden, still action-bound) (ned_controls.py:340)
[qtpyvcp.user_tab..user_tabs/][[36mINFO[0m]  OVERRIDE CLUSTER: all 4 rows rebuilt per operator mockup 2026-08-01 23:11 (ned_controls.py:344)
[qtpyvcp.user_tab..user_tabs/][[36mINFO[0m]  spindle FWD/REV wired to Check countdown (no iron S1 gate) (ned_controls.py:2030)
[qtpyvcp.user_tab..user_tabs/][[36mINFO[0m]  JOG status: OFF — machine not on (ned_controls.py:1922)
[qtpyvcp.QtPyVCP.probe_basic.probe_basic][[36mINFO[0m]  [user_dros] base path from INI: /home/brains/Documents/ned/configs/ned5_pb/user_dro_display (probe_basic.py:525)
[qtpyvcp.QtPyVCP.probe_basic.probe_basic][[36mINFO[0m]  [user_dros] looking for /home/brains/Documents/ned/configs/ned5_pb/user_dro_display/xyzac_dros/dros_xyzac.py (probe_basic.py:533)
[qtpyvcp.app.launcher][[33mWARNING[0m]  PyWarning RuntimeWarning: libpyside: Failed to disconnect (None) from signal "pressed()". (/home/brains/Documents/ned/configs/ned5_pb/user_dro_display/xyzac_dros/dros_xyzac.py:157) (launcher.py:45)
[qtpyvcp.app.launcher][[33mWARNING[0m]  PyWarning RuntimeWarning: libpyside: Failed to disconnect (None) from signal "released()". (/home/brains/Documents/ned/configs/ned5_pb/user_dro_display/xyzac_dros/dros_xyzac.py:157) (launcher.py:45)
[qtpyvcp.app.launcher][[33mWARNING[0m]  PyWarning RuntimeWarning: libpyside: Failed to disconnect (None) from signal "pressed()". (/home/brains/Documents/ned/configs/ned5_pb/user_dro_display/xyzac_dros/dros_xyzac.py:157) (launcher.py:45)
[qtpyvcp.app.launcher][[33mWARNING[0m]  PyWarning RuntimeWarning: libpyside: Failed to disconnect (None) from signal "released()". (/home/brains/Documents/ned/configs/ned5_pb/user_dro_display/xyzac_dros/dros_xyzac.py:157) (launcher.py:45)
[qtpyvcp.app.launcher][[33mWARNING[0m]  PyWarning RuntimeWarning: libpyside: Failed to disconnect (None) from signal "pressed()". (/home/brains/Documents/ned/configs/ned5_pb/user_dro_display/xyzac_dros/dros_xyzac.py:157) (launcher.py:45)
[qtpyvcp.app.launcher][[33mWARNING[0m]  PyWarning RuntimeWarning: libpyside: Failed to disconnect (None) from signal "released()". (/home/brains/Documents/ned/configs/ned5_pb/user_dro_display/xyzac_dros/dros_xyzac.py:157) (launcher.py:45)
[qtpyvcp.app.launcher][[33mWARNING[0m]  PyWarning RuntimeWarning: libpyside: Failed to disconnect (None) from signal "pressed()". (/home/brains/Documents/ned/configs/ned5_pb/user_dro_display/xyzac_dros/dros_xyzac.py:157) (launcher.py:45)
[qtpyvcp.app.launcher][[33mWARNING[0m]  PyWarning RuntimeWarning: libpyside: Failed to disconnect (None) from signal "released()". (/home/brains/Documents/ned/configs/ned5_pb/user_dro_display/xyzac_dros/dros_xyzac.py:157) (launcher.py:45)
[qtpyvcp.app.launcher][[33mWARNING[0m]  PyWarning RuntimeWarning: libpyside: Failed to disconnect (None) from signal "pressed()". (/home/brains/Documents/ned/configs/ned5_pb/user_dro_display/xyzac_dros/dros_xyzac.py:157) (launcher.py:45)
[qtpyvcp.app.launcher][[33mWARNING[0m]  PyWarning RuntimeWarning: libpyside: Failed to disconnect (None) from signal "released()". (/home/brains/Documents/ned/configs/ned5_pb/user_dro_display/xyzac_dros/dros_xyzac.py:157) (launcher.py:45)
[qtpyvcp.app.launcher][[33mWARNING[0m]  PyWarning RuntimeWarning: libpyside: Failed to disconnect (None) from signal "pressed()". (/home/brains/Documents/ned/configs/ned5_pb/user_dro_display/xyzac_dros/dros_xyzac.py:157) (launcher.py:45)
[qtpyvcp.app.launcher][[33mWARNING[0m]  PyWarning RuntimeWarning: libpyside: Failed to disconnect (None) from signal "released()". (/home/brains/Documents/ned/configs/ned5_pb/user_dro_display/xyzac_dros/dros_xyzac.py:157) (launcher.py:45)
[qtpyvcp.app.launcher][[33mWARNING[0m]  PyWarning RuntimeWarning: libpyside: Failed to disconnect (None) from signal "pressed()". (/home/brains/Documents/ned/configs/ned5_pb/user_dro_display/xyzac_dros/dros_xyzac.py:177) (launcher.py:45)
[qtpyvcp.app.launcher][[33mWARNING[0m]  PyWarning RuntimeWarning: libpyside: Failed to disconnect (None) from signal "released()". (/home/brains/Documents/ned/configs/ned5_pb/user_dro_display/xyzac_dros/dros_xyzac.py:177) (launcher.py:45)
[qtpyvcp.app.launcher][[33mWARNING[0m]  PyWarning RuntimeWarning: libpyside: Failed to disconnect (None) from signal "pressed()". (/home/brains/Documents/ned/configs/ned5_pb/user_dro_display/xyzac_dros/dros_xyzac.py:177) (launcher.py:45)
[qtpyvcp.app.launcher][[33mWARNING[0m]  PyWarning RuntimeWarning: libpyside: Failed to disconnect (None) from signal "released()". (/home/brains/Documents/ned/configs/ned5_pb/user_dro_display/xyzac_dros/dros_xyzac.py:177) (launcher.py:45)
[qtpyvcp.app.launcher][[33mWARNING[0m]  PyWarning RuntimeWarning: libpyside: Failed to disconnect (None) from signal "pressed()". (/home/brains/Documents/ned/configs/ned5_pb/user_dro_display/xyzac_dros/dros_xyzac.py:177) (launcher.py:45)
[qtpyvcp.app.launcher][[33mWARNING[0m]  PyWarning RuntimeWarning: libpyside: Failed to disconnect (None) from signal "released()". (/home/brains/Documents/ned/configs/ned5_pb/user_dro_display/xyzac_dros/dros_xyzac.py:177) (launcher.py:45)
[qtpyvcp.app.launcher][[33mWARNING[0m]  PyWarning RuntimeWarning: libpyside: Failed to disconnect (None) from signal "pressed()". (/home/brains/Documents/ned/configs/ned5_pb/user_dro_display/xyzac_dros/dros_xyzac.py:177) (launcher.py:45)
[qtpyvcp.app.launcher][[33mWARNING[0m]  PyWarning RuntimeWarning: libpyside: Failed to disconnect (None) from signal "released()". (/home/brains/Documents/ned/configs/ned5_pb/user_dro_display/xyzac_dros/dros_xyzac.py:177) (launcher.py:45)
[qtpyvcp.app.launcher][[33mWARNING[0m]  PyWarning RuntimeWarning: libpyside: Failed to disconnect (None) from signal "pressed()". (/home/brains/Documents/ned/configs/ned5_pb/user_dro_display/xyzac_dros/dros_xyzac.py:190) (launcher.py:45)
[qtpyvcp.app.launcher][[33mWARNING[0m]  PyWarning RuntimeWarning: libpyside: Failed to disconnect (None) from signal "released()". (/home/brains/Documents/ned/configs/ned5_pb/user_dro_display/xyzac_dros/dros_xyzac.py:190) (launcher.py:45)
[qtpyvcp.app.launcher][[33mWARNING[0m]  PyWarning RuntimeWarning: libpyside: Failed to disconnect (None) from signal "pressed()". (/home/brains/Documents/ned/configs/ned5_pb/user_dro_display/xyzac_dros/dros_xyzac.py:190) (launcher.py:45)
[qtpyvcp.app.launcher][[33mWARNING[0m]  PyWarning RuntimeWarning: libpyside: Failed to disconnect (None) from signal "released()". (/home/brains/Documents/ned/configs/ned5_pb/user_dro_display/xyzac_dros/dros_xyzac.py:190) (launcher.py:45)
[qtpyvcp.QtPyVCP.probe_basic.probe_basic][[36mINFO[0m]  [user_dros] added user_dros.xyzac_dros.dros_xyzac (probe_basic.py:540)
[qtpyvcp.QtPyVCP.probe_basic.probe_basic][[36mINFO[0m]  [offset_dro] base path from INI: /home/brains/Documents/ned/configs/ned5_pb/user_dro_display (probe_basic.py:573)
[qtpyvcp.QtPyVCP.probe_basic.probe_basic][[36mINFO[0m]  [offset_dro] looking for /home/brains/Documents/ned/configs/ned5_pb/user_dro_display/xyzac_dros/offset_dros_xyzac.ui (probe_basic.py:580)
[qtpyvcp.QtPyVCP.probe_basic.probe_basic][[36mINFO[0m]  [offset_dro] added /home/brains/Documents/ned/configs/ned5_pb/user_dro_display/xyzac_dros/offset_dros_xyzac.ui (probe_basic.py:584)
[qtpyvcp.user_tab..user_tabs/][[36mINFO[0m]  Homing menu rebind RETIRED: config-owned NedHomingMenu provider is the single homing path (ned_controls.py:2479)
[qtpyvcp.widgets.button_widgets.vcpvar_button][[33mWARNING[0m]  VCPVarPushButton: Cannot write parameter - machine not in safe state (vcpvar_button.py:317)
ned_brain: HEADREAD C: -0.000 deg  (mt=-168 w=4262680)
ned_brain: HEADREAD -> ini.5.home_offset = -0.0005
ned_brain: HEADREAD A start (R4 set, SEN about to drop -> A/C locked)
[qtpyvcp.user_tab..user_tabs/][[36mINFO[0m]  JOG status: IDLE — ready (ned_controls.py:1922)
[qtpyvcp.user_tab..user_tabs/][[36mINFO[0m]  JOG page takeover: jogDisplay (stock jog arrows) replaced by jp_panel at 200x730; ned tab page now empty (ned_controls.py:1379)
[qtpyvcp.user_tab..user_tabs/][[36mINFO[0m]  UNITS panel installed in settings tab (IN/MM -> G20/G21) (ned_controls.py:1647)
ned_brain: HEADREAD A: +1.201 deg  (mt=36 w=15637102)
ned_brain: HEADREAD -> ini.4.home_offset = +1.2010
ned_brain: HEAD READ armed: C=-0.000 A=+1.201
[qtpyvcp.user_tab..user_tabs/][[33mWARNING[0m]  CAL: var-file refresh timer DISABLED -- crash bisect 2026-08-03. PB took SIGBUS right after the FIRST successful puck cycle and after every success since, which is exactly when #3045-47 change and this timer rewrites widget text. If the cycle now completes and parks, the fault is mine; if it still dies, this code is cleared. Re-enable: CAL_REFRESH_ENABLED = True (ned_controls.py:705)
[qtpyvcp.user_tab..user_tabs/][[36mINFO[0m]  SUBTABS: NED CONTROLS > JOG > CLAMP built (Z travel from INI = -620.0 .. 1.0; the clamp raises the FLOOR via ini.2.min_limit and restores it on disable) (ned_controls.py:725)
ned_brain: MACHINE ON -> head read (A/C will home IN PLACE, no motion)
[qtpyvcp.user_dros.xyzac_dros.dros_xyzac][[36mINFO[0m]  HOME banner column added left of widget_xyzac (UNHOMED until the A/C absolute read lands, then STALE, then SESSION) (dros_xyzac.py:329)
[qtpyvcp.user_dros.xyzac_dros.dros_xyzac][[36mINFO[0m]  HOME banner -> UNHOMED (dros_xyzac.py:370)
ned_brain: DECLARE: STALE frame from stored_home.json (saved 2026-08-03 12:26:13): {0: -72.585, 1: -1432.244, 2: -470.1187, 3: -72.583}
[qtpyvcp.user_tab..user_tabs/][[36mINFO[0m]  JOG status: HOMING (ned_controls.py:1922)
[qtpyvcp.user_tab..user_tabs/][[36mINFO[0m]  JPCOORD in 319 265 vis=0 (ned_controls.py:1705)
[qtpyvcp.user_tab..user_tabs/][[36mINFO[0m]  JPCOORD jp_clear 1771 662 vis=1 (ned_controls.py:1705)
[qtpyvcp.user_tab..user_tabs/][[36mINFO[0m]  JPCOORD jp_fast 1771 206 vis=1 (ned_controls.py:1705)
[qtpyvcp.user_tab..user_tabs/][[36mINFO[0m]  JPCOORD jp_feed_readout 1771 238 vis=1 (ned_controls.py:1705)
[qtpyvcp.user_tab..user_tabs/][[36mINFO[0m]  JPCOORD jp_go_abs 1771 699 vis=1 (ned_controls.py:1705)
[qtpyvcp.user_tab..user_tabs/][[36mINFO[0m]  JPCOORD jp_go_rel 1771 743 vis=1 (ned_controls.py:1705)
[qtpyvcp.user_tab..user_tabs/][[36mINFO[0m]  JPCOORD jp_in_a 1771 599 vis=1 (ned_controls.py:1705)
[qtpyvcp.user_tab..user_tabs/][[36mINFO[0m]  JPCOORD jp_in_c 1771 631 vis=1 (ned_controls.py:1705)
[qtpyvcp.user_tab..user_tabs/][[36mINFO[0m]  JPCOORD jp_in_x 1771 503 vis=1 (ned_controls.py:1705)
[qtpyvcp.user_tab..user_tabs/][[36mINFO[0m]  JPCOORD jp_in_y 1771 535 vis=1 (ned_controls.py:1705)
[qtpyvcp.user_tab..user_tabs/][[36mINFO[0m]  JPCOORD jp_in_z 1771 567 vis=1 (ned_controls.py:1705)
[qtpyvcp.user_tab..user_tabs/][[36mINFO[0m]  JPCOORD jp_medium 1771 172 vis=1 (ned_controls.py:1705)
[qtpyvcp.user_tab..user_tabs/][[36mINFO[0m]  JPCOORD jp_p_a0c0 1814 403 vis=1 (ned_controls.py:1705)
[qtpyvcp.user_tab..user_tabs/][[36mINFO[0m]  JPCOORD jp_p_xy0 1728 307 vis=1 (ned_controls.py:1705)
[qtpyvcp.user_tab..user_tabs/][[36mINFO[0m]  JPCOORD jp_p_xy0z10 1728 403 vis=1 (ned_controls.py:1705)
[qtpyvcp.user_tab..user_tabs/][[36mINFO[0m]  JPCOORD jp_p_xyz0 1814 307 vis=1 (ned_controls.py:1705)
[qtpyvcp.user_tab..user_tabs/][[36mINFO[0m]  JPCOORD jp_p_z0 1728 355 vis=1 (ned_controls.py:1705)
[qtpyvcp.user_tab..user_tabs/][[36mINFO[0m]  JPCOORD jp_p_zp10 1814 355 vis=1 (ned_controls.py:1705)
[qtpyvcp.user_tab..user_tabs/][[36mINFO[0m]  JPCOORD jp_slow 1771 138 vis=1 (ned_controls.py:1705)
[qtpyvcp.user_tab..user_tabs/][[36mINFO[0m]  JPCOORD jp_status_dot 1694 780 vis=1 (ned_controls.py:1705)
[qtpyvcp.user_tab..user_tabs/][[36mINFO[0m]  JPCOORD jp_status_text 1783 780 vis=1 (ned_controls.py:1705)
[qtpyvcp.user_tab..user_tabs/][[36mINFO[0m]  JPCOORD jp_stop 2512 800 vis=0 (ned_controls.py:1705)
[qtpyvcp.user_tab..user_tabs/][[36mINFO[0m]  JPCOORD mm 319 265 vis=0 (ned_controls.py:1705)
[qtpyvcp.user_tab..user_tabs/][[36mINFO[0m]  JOG status: IDLE — ready (ned_controls.py:1922)
[qtpyvcp.ned_homing_menu][[36mINFO[0m]  NED Homing menu ENABLED (ON=True, A/C in-place=True) (ned_homing_menu.py:76)
[qtpyvcp.user_dros.xyzac_dro