1786056158.527 -0.0003812761 0.002374562 -0.003681437 1.54261e-08 
1786056158.590 -0.0003812761 0.002374562 -0.003681437 1.54261e-08 
1786056158.650 -0.0003812761 0.002374562 -0.002411438 1.54261e-08 
1786056158.707 -0.0003812761 0.006374562 -0.002411438 1.54261e-08 
1786056158.757 -0.0003812761 0.006374562 -0.002411438 1.54261e-08 
1786056158.807 -0.0003812761 0.006374562 -0.002411438 1.54261e-08 
1786056158.862 -0.0003812761 0.006374562 -0.001141438 1.54261e-08 
1786056158.924 -0.0003812761 0.006374562 -0.001141438 1.54261e-08 
1786056158.980 -0.0003812761 0.002374562 -0.001141438 1.54261e-08 
1786056159.030 -0.0003812761 0.002374562 -0.001141438 1.54261e-08 
1786056159.084 -0.0003812761 0.002374562 -0.001141438 1.54261e-08 
1786056159.139 -0.0003812761 0.006374562 -0.001141438 1.54261e-08 
1786056159.196 -0.0003812761 0.002374562 -0.001141438 1.54261e-08 
1786056159.248 -0.0003812761 0.006374562 -0.001141438 1.54261e-08 
1786056159.302 -0.0003812761 0.002374562 0.0001285608 1.54261e-08 
1786056159.363 -0.0003812761 0.006374562 0.0001285608 1.54261e-08 
1786056159.435 -0.0003812761 0.002374562 0.0001285608 1.54261e-08 
1786056159.498 -0.0003812761 0.006374562 0.0001285608 1.54261e-08 
1786056159.555 -0.0003812761 0.006374562 0.00139856 1.54261e-08 
1786056159.618 -0.0003812761 0.006374562 0.00139856 1.54261e-08 
1786056159.685 -0.0003812761 0.006374562 0.00139856 1.54261e-08 
1786056159.764 -0.0003812761 0.002374562 0.00139856 1.54261e-08 
1786056159.835 -0.0003812761 0.006374562 0.00139856 1.54261e-08 
1786056159.909 -0.0003812761 0.002374562 0.00139856 1.54261e-08 
1786056159.965 0.004618724 0.006374562 0.00139856 1.54261e-08 
1786056160.024 -0.0003812761 0.006374562 0.00139856 1.54261e-08 
1786056160.091 -0.0003812761 0.006374562 0.00139856 1.54261e-08 
1786056160.155 -0.0003812761 0.002374562 0.00139856 1.54261e-08 
1786056160.222 -0.0003812761 0.006374562 0.00139856 1.54261e-08 
1786056160.279 -0.0003812761 0.006374562 0.0001285608 1.54261e-08 
1786056160.348 -0.0003812761 0.002374562 0.0001285608 1.54261e-08 
1786056160.402 -0.0003812761 0.002374562 0.0001285608 1.54261e-08 
1786056160.469 -0.0003812761 0.006374562 -0.001141438 1.54261e-08 
1786056160.542 -0.0003812761 0.002374562 -0.001141438 1.54261e-08 
1786056160.594 -0.0003812761 0.006374562 -0.001141438 1.54261e-08 
1786056160.657 -0.0003812761 0.006374562 -0.002411438 1.54261e-08 
1786056160.717 -0.0003812761 0.006374562 -0.002411438 1.54261e-08 
1786056160.786 -0.0003812761 0.006374562 -0.002411438 1.54261e-08 
1786056160.844 -0.0003812761 0.006374562 -0.002411438 1.54261e-08 
1786056160.920 -0.0003812761 0.002374562 -0.003681437 1.54261e-08 
1786056160.980 -0.0003812761 0.002374562 -0.003681437 1.54261e-08 
1786056161.033 -0.0003812761 0.002374562 -0.003681437 1.54261e-08 
1786056161.088 -0.005381276 0.002374562 -0.004951436 1.54261e-08 
1786056161.161 -0.0003812761 0.006374562 -0.004951436 1.54261e-08 
1786056161.226 -0.0003812761 0.006374562 -0.004951436 1.54261e-08 
1786056161.282 -0.0003812761 0.002374562 -0.004951436 1.54261e-08 
1786056161.336 -0.0003812761 0.002374562 -0.006221436 1.54261e-08 
1786056161.390 -0.0003812761 0.006374562 -0.004951436 1.54261e-08 
1786056161.460 -0.0003812761 0.006374562 -0.004951436 1.54261e-08 
1786056161.544 0.004618724 0.006374562 -0.004951436 1.54261e-08 
1786056161.632 0.004618724 0.006374562 -0.004951436 1.54261e-08 
1786056161.709 0.004618724 0.002374562 -0.004951436 1.54261e-08 
1786056161.800 0.004618724 0.002374562 -0.006221436 1.54261e-08 
1786056161.886 0.004618724 0.002374562 -0.006221436 1.54261e-08 
1786056161.969 0.004618724 0.002374562 -0.004951436 1.54261e-08 
1786056162.046 0.004618724 0.002374562 -0.006221436 1.54261e-08 
1786056162.132 0.004618724 0.002374562 -0.004951436 1.54261e-08 
1786056162.190 0.004618724 0.002374562 -0.004951436 1.54261e-08 
1786056162.242 0.004618724 0.002374562 -0.006221436 1.54261e-08 
1786056162.296 0.004618724 0.002374562 -0.006221436 1.54261e-08 
1786056162.349 0.004618724 0.002374562 -0.004951436 1.54261e-08 
1786056162.402 0.004618724 0.002374562 -0.006221436 1.54261e-08 
1786056162.466 0.004618724 0.002374562 -0.006221436 1.54261e-08 
1786056162.516 0.004618724 0.002374562 -0.006221436 1.54261e-08 
1786056162.577 0.004618724 0.002374562 -0.006221436 1.54261e-08 
1786056162.650 0.004618724 0.002374562 -0.004951436 1.54261e-08 
1786056162.728 0.004618724 0.002374562 -0.006221436 1.54261e-08 
1786056162.788 0.004618724 0.002374562 -0.004951436 1.54261e-08 
1786056162.837 0.004618724 0.002374562 -0.004951436 1.54261e-08 
1786056162.893 0.004618724 0.002374562 -0.006221436 1.54261e-08 
1786056162.950 0.004618724 0.002374562 -0.004951436 1.54261e-08 
1786056163.007 0.004618724 0.002374562 -0.004951436 1.54261e-08 
1786056163.062 0.004618724 0.002374562 -0.004951436 1.54261e-08 
1786056163.134 0.004618724 0.002374562 -0.004951436 1.54261e-08 
1786056163.203 0.004618724 0.002374562 -0.004951436 1.54261e-08 
1786056163.274 -0.0003813128 0.005944753 -0.004951526 -0.001351985 
1786056163.342 0.004618537 0.01411952 -0.002413501 -0.00649848 
1786056163.442 0.00461809 0.008650916 0.0001052548 -0.02184105 
1786056163.519 0.009617448 0.01398296 0.003846054 -0.04350731 
1786056163.597 0.009616706 0.01167134 0.00623958 -0.06993579 
1786056163.662 0.009615963 0.01606934 0.00731121 -0.09459781 
1786056163.747 0.009614821 0.01170037 0.00815266 -0.1331222 
1786056163.822 0.01461352 0.01606308 0.008737014 -0.1781976 
1786056163.903 0.009612144 0.01096984 0.007812528 -0.2251281 
1786056163.981 0.009610347 0.01025913 0.007568749 -0.285738 
1786056164.056 0.009608578 0.01275441 0.006947652 -0.3469332 
1786056164.122 0.009606983 0.0137748 0.007354849 -0.4049905 
1786056164.195 0.009604933 0.01219006 0.007095472 -0.4704435 
1786056164.270 0.009602688 0.009067865 0.007097174 -0.5470426 
1786056164.345 0.004600437 0.01093948 0.006514565 -0.6238385 
1786056164.424 0.009597513 0.009413484 0.00629732 -0.723607 
1786056164.488 0.004595233 0.008794766 0.005582925 -0.8013909 
1786056164.549 -0.0004070073 0.004672186 0.004392481 -0.8778053 
1786056164.635 -0.01040996 -0.003133922 -0.002208412 -0.9786944 
1786056164.720 -0.01041364 -0.008644393 -0.007357557 -1.104121 
1786056164.814 -0.01041791 -0.01320397 -0.008870269 -1.249738 
1786056164.878 -0.01042147 -0.01378623 -0.009172698 -1.371171 
1786056164.938 -0.01542453 -0.01239088 -0.008479355 -1.475742 
1786056165.000 -0.01542755 -0.01342248 -0.008898795 -1.580651 
1786056165.054 -0.01543057 -0.0114357 -0.008506799 -1.681814 
1786056165.119 -0.01543418 -0.009888981 -0.009174737 -1.804991 
1786056165.188 -0.0104378 -0.01101322 -0.009236182 -1.930714 
1786056165.245 -0.01044143 -0.009937031 -0.008788449 -2.052287 
1786056165.306 -0.01044504 -0.01176843 -0.008864887 -2.175636 
1786056165.361 -0.01044851 -0.009492359 -0.008040883 -2.294079 
1786056165.430 -0.01545271 -0.01050384 -0.008196762 -2.437607 
1786056165.487 -0.01045638 -0.01014161 -0.008298199 -2.562859 
1786056165.543 -0.01046041 -0.01236823 -0.00811978 -2.700486 
1786056165.614 -0.01046496 -0.01046847 -0.00842429 -2.856019 
1786056165.685 -0.01546993 -0.01336433 -0.008380985 -3.028423 
1786056165.765 -0.01047556 -0.01388657 -0.009163415 -3.218065 
1786056165.853 -0.01048183 -0.009725159 -0.008811396 -3.432119 
1786056165.940 -0.010489 -0.01119746 -0.008863192 -3.680317 
1786056166.014 -0.01049528 -0.008902912 -0.009211915 -3.894962 
1786056166.068 -0.01550014 -0.0114068 -0.009215264 -4.058425 
1786056166.124 -0.01050477 -0.01198079 -0.009621335 -4.216724 
1786056166.189 -0.01050983 -0.009732941 -0.008676283 -4.404492 
1786056166.260 -0.01051632 -0.009734648 -0.008505155 -4.614733 
1786056166.316 -0.01052151 -0.005183065 -0.008891721 -4.792631 
1786056166.391 -0.01052717 -0.009328274 -0.00843123 -4.983311 
1786056166.444 -0.01053351 -0.007301909 -0.008299117 -5.20029 
1786056166.503 -0.01053902 -0.007182659 -0.008012772 -5.388957 
1786056166.561 -0.01054443 -0.00986728 -0.008664357 -5.577938 
1786056166.641 -0.01055082 -0.00705808 -0.008521845 -5.817549 
1786056166.705 -0.01055885 -0.01133385 -0.009156221 -6.072643 
1786056166.786 -0.01056593 -0.01145975 -0.008882063 -6.311951 
1786056166.846 -0.01057346 -0.0138795 -0.008617119 -6.57024 
1786056166.913 -0.01058059 -0.0109156 -0.008536784 -6.815413 
1786056166.992 -0.01058895 -0.00964406 -0.009143845 -7.106406 
1786056167.069 -0.01059703 -0.0117038 -0.008272851 -7.380384 
1786056167.128 -0.01060424 -0.009831673 -0.008315253 -7.632292 
1786056167.187 -0.0106111 -0.00742109 -0.008864536 -7.868479 
1786056167.260 -0.005619342 -0.006337302 -0.008934485 -8.14862 
1786056167.321 -0.01062654 -0.007691325 -0.008145948 -8.396774 
1786056167.377 -0.0106336 -0.007357055 -0.008172602 -8.640255 
1786056167.434 -0.005640146 -0.009877154 -0.00872285 -8.870606 
1786056167.491 -0.01064714 -0.008882166 -0.008147068 -9.107878 
1786056167.549 -0.005654604 -0.01184671 -0.008753294 -9.365745 
1786056167.625 -0.01066343 -0.009532321 -0.008295387 -9.67114 
1786056167.716 -0.01067524 -0.01449262 -0.008444594 -10.08452 
1786056167.784 -0.01068438 -0.009387524 -0.008687124 -10.39687 
1786056167.857 -0.01069391 -0.008148654 -0.007921294 -10.7278 
1786056167.942 -0.01070549 -0.006073708 -0.009214588 -11.12971 
1786056168.009 -0.005715188 -0.01090991 -0.008819689 -11.47206 
1786056168.074 -0.01072377 -0.01038607 -0.008913001 -11.7661 
1786056168.151 -0.00573386 -0.01214049 -0.008302644 -12.12337 
1786056168.211 -0.005743229 -0.0104578 -0.009454078 -12.45009 
1786056168.273 -0.01075199 -0.008787833 -0.009024715 -12.75125 
1786056168.342 -0.005762304 -0.006585313 -0.009292054 -13.11243 
1786056168.423 -0.01077393 -0.009535721 -0.00920773 -13.52014 
1786056168.537 -0.005787977 -0.003555624 -0.008448532 -14.01324 
1786056168.661 -0.01080776 -0.009114414 -0.009415787 -14.70984 
1786056168.734 -0.01082076 -0.009461935 -0.009156941 -15.16907 
1786056168.838 -0.01083536 -0.01104404 -0.008916757 -15.7023 
1786056168.938 -0.01085129 -0.007972043 -0.009266785 -16.25078 
1786056169.023 -0.01086745 -0.005451861 -0.01010803 -16.82585 
1786056169.093 -0.005878553 -0.004799868 -0.00918306 -17.22191 
1786056169.166 -0.00588981 -0.006771326 -0.008277495 -17.62445 
1786056169.231 -0.005901043 -0.009535771 -0.008489008 -18.02683 
1786056169.295 -0.0059116 -0.009140927 -0.009150849 -18.40611 
1786056169.365 -0.01092278 -0.01060188 -0.009724859 -18.81438 
1786056169.431 -0.01093394 -0.006994242 -0.009301932 -19.21107 
1786056169.494 -0.005943938 -0.00905265 -0.009767083 -19.5728 
1786056169.561 -0.005954559 -0.008595818 -0.009688557 -19.95764 
1786056169.625 -0.005965154 -0.005082607 -0.007983733 -20.34274 
1786056169.690 -0.005975563 -0.005149369 -0.009571938 -20.72182 
1786056169.764 -0.005986106 -0.009252281 -0.009720467 -21.11277 
1786056169.834 -0.005998211 -0.00931511 -0.009739099 -21.55604 
1786056169.897 -0.006008536 -0.009593247 -0.01007503 -21.93519 
1786056169.964 -0.01101915 -0.008907112 -0.009173484 -22.32024 
1786056170.027 -0.006028944 -0.006241249 -0.009371571 -22.68193 
1786056170.097 -0.006039657 -0.004213087 -0.007948339 -23.07872 
1786056170.157 -0.00604924 -0.005930691 -0.009687163 -23.43438 
1786056170.213 -0.006058328 -0.006224487 -0.009939241 -23.77267 
1786056170.276 -0.006068173 -0.005999058 -0.009701181 -24.14007 
1786056170.337 -0.006077834 -0.008887359 -0.009230085 -24.50184 
1786056170.394 -0.006086691 -0.005249926 -0.008919372 -24.83436 
1786056170.449 -0.006095215 -0.005268707 -0.008422132 -25.15522 
1786056170.524 -0.006106803 -0.008194349 -0.009018548 -25.59291 
1786056170.592 -0.006117119 -0.006009802 -0.008442714 -25.98939 
1786056170.649 -0.006125868 -0.00702708 -0.009703061 -26.31622 
1786056170.728 -0.00613612 -0.005016821 -0.007962431 -26.71305 
1786056170.799 -0.006147403 -0.006237901 -0.008043063 -27.13868 
1786056170.880 -0.006160308 -0.00941029 -0.008603827 -27.63451 
1786056170.946 -0.006170893 -0.0079106 -0.009361853 -28.04286 
1786056171.028 -0.00618264 -0.008409544 -0.00936254 -28.49765 
1786056171.090 -0.00619254 -0.005595498 -0.009086574 -28.88291 
1786056171.146 -0.00620121 -0.005743432 -0.009424296 -29.22103 
1786056171.211 -0.006210149 -0.006539783 -0.008571971 -29.57102 
1786056171.275 -0.006219946 -0.007440986 -0.009243389 -29.95606 
1786056171.344 -0.006230443 -0.006669388 -0.009738555 -30.37606 
1786056171.413 -0.006240014 -0.006742774 -0.008271166 -30.74942 
1786056171.476 -0.006249694 -0.00604373 -0.009094255 -31.13449 
1786056171.539 -0.006259189 -0.004674199 -0.01032265 -31.51352 
1786056171.599 -0.006267774 -0.009047966 -0.01022155 -31.86351 
1786056171.676 -0.006277918 -0.007657084 -0.007092788 -32.26649 
1786056171.769 -0.006291037 -0.00606661 -0.008879806 -32.79686 
1786056171.857 -0.006303507 -0.004554198 -0.009204029 -33.31022 
1786056171.924 -0.006314198 -0.00661044 -0.01049326 -33.74193 
1786056172.000 -0.006324694 -0.01105525 -0.009577968 -34.19113 
1786056172.064 -0.006333587 -0.007564168 -0.009501608 -34.54111 
1786056172.120 -0.006342301 -0.007319962 -0.009662823 -34.90264 
1786056172.187 -0.006351117 -0.007724537 -0.009952827 -35.27015 
1786056172.247 -0.006359892 -0.007749369 -0.00958716 -35.63762 
1786056172.317 -0.006368904 -0.006628638 -0.008974335 -36.0227 
1786056172.383 -0.006378973 -0.003529456 -0.009425432 -36.44265 
1786056172.446 -0.001387071 -0.006775888 -0.009813263 -36.79267 
1786056172.506 -0.006395678 -0.009129332 -0.009700322 -37.15435 
1786056172.575 -0.006404108 -0.01120214 -0.008344086 -37.52197 
1786056172.658 -0.006414924 -0.007646908 -0.008687915 -37.9886 
1786056172.735 -0.00642594 -0.007947507 -0.009709096 -38.46688 
1786056172.818 -0.006437016 -0.006155545 -0.009185052 -38.95112 
1786056172.879 -0.006445373 -0.006122093 -0.009650138 -39.31275 
1786056172.947 -0.001454081 -0.007055693 -0.01050433 -39.6976 
1786056173.026 -0.006463002 -0.002381519 -0.009744135 -40.12356 
1786056173.084 -0.006472391 -0.006056305 -0.009490355 -40.51437 
1786056173.145 -0.006480429 -0.006869194 -0.008940174 -40.87622 
1786056173.220 -0.001489323 -0.008191349 -0.01001717 -41.28436 
1786056173.299 -0.00649995 -0.00633958 -0.01002548 -41.76855 
1786056173.375 -0.006508469 -0.007554814 -0.009761504 -42.15357 
1786056173.482 -0.006522469 -0.005919753 -0.009796311 -42.81276 
1786056173.565 -0.006532717 -0.004659607 -0.009414896 -43.27943 
1786056173.646 -0.006543132 -0.003554829 -0.01012935 -43.76938 
1786056173.737 -0.001554196 -0.006384429 -0.008373486 -44.29445 
1786056173.812 -0.006563949 -0.0077946 -0.01044228 -44.76119 
1786056173.891 -0.006572659 -0.006236841 -0.01047567 -45.19267 
1786056173.958 -0.006581305 -0.008975339 -0.008726042 -45.60115 
1786056174.021 -0.006589055 -0.004796739 -0.008873387 -45.98037 
1786056174.091 -0.00159746 -0.005009298 -0.01028888 -46.40022 
1786056174.161 -0.001605334 -0.003834032 -0.009013216 -46.7853 
1786056174.230 -0.006612569 -0.006041012 -0.008229563 -47.1469 
1786056174.292 -0.001620794 -0.007177177 -0.009443445 -47.56103 
1786056174.353 -0.006628038 -0.00366704 -0.009565682 -47.92853 
1786056174.424 -0.001636027 -0.001925255 -0.008921904 -48.33691 
1786056174.488 -0.006642936 -0.006272256 -0.009048888 -48.6926 
1786056174.552 -0.006650134 -0.003709761 -0.008799617 -49.06605 
1786056174.616 -0.001656832 -0.008400564 -0.008416113 -49.4162 
1786056174.692 -0.001665359 -0.007945917 -0.008170629 -49.86527 
1786056174.758 -0.001673151 -0.007737369 -0.008305277 -50.27947 
1786056174.822 -0.001679792 -0.002716697 -0.007706321 -50.64102 
1786056174.897 -0.00168778 -0.001670393 -0.008783306 -51.06686 
1786056174.956 -0.00669431 -0.006596178 -0.009243214 -51.4287 
1786056175.014 -0.001700366 -0.00603798 -0.009791101 -51.75525 
1786056175.075 -0.001707217 -0.001511985 -0.00872072 -52.13459 
1786056175.139 -0.006713698 -0.003712903 -0.008898574 -52.50184 
1786056175.198 -0.001720023 -0.003773505 -0.0075871 -52.85195 
1786056175.256 -0.006725784 -0.003526638 -0.009245107 -53.1786 
1786056175.315 -0.001732213 -0.0037279 -0.00921147 -53.54613 
1786056175.395 -0.001739894 -0.008704536 -0.008492362 -53.98937 
1786056175.465 -0.001746399 -0.008289215 -0.008654581 -54.38024 
1786056175.527 -0.001753338 -0.005169636 -0.00862762 -54.77693 
1786056175.591 -0.00675923 -0.007904097 -0.008798891 -55.12691 
1786056175.646 -0.006764876 -0.005481725 -0.008993583 -55.46527 
1786056175.715 -0.006770571 -0.007569041 -0.008597357 -55.81531 
1786056175.783 -0.001778022 -0.002827646 -0.007731824 -56.26443 
1786056175.851 -0.001784446 -0.003905785 -0.009675626 -56.66116 
1786056175.924 -0.001790524 -0.003118993 -0.007704851 -57.04615 
1786056175.991 -0.006797 -0.002224234 -0.008754409 -57.44865 
1786056176.058 -0.006803314 -0.0004391449 -0.008698495 -57.85108 
1786056176.124 -0.006809197 -0.004813504 -0.008861543 -58.23019 
1786056176.184 -0.001814929 -0.006143122 -0.008863469 -58.60363 
1786056176.255 -0.001820864 -0.004615966 -0.008488599 -58.9945 
1786056176.325 -0.001827341 -0.007530526 -0.006846476 -59.42625 
1786056176.390 -0.001833049 -0.0054076 -0.008290601 -59.81097 
1786056176.447 -0.001837926 -0.006010822 -0.009686945 -60.14932 
1786056176.505 -0.006842669 -0.004078053 -0.009634409 -60.47016 
1786056176.560 -0.001847532 -0.007355325 -0.009508974 -60.80853 
1786056176.612 -0.001851683 -0.006568317 -0.008307363 -61.10039 
1786056176.671 -0.001856696 -0.005225022 -0.009102813 -61.45603 
1786056176.740 -0.001862136 -0.002242646 -0.0082089 -61.84694 
1786056176.814 -0.001867507 -0.005209272 -0.008967099 -62.24368 
1786056176.875 -0.00187273 -0.006821564 -0.007347022 -62.62285 
1786056176.944 -0.006878042 -0.004445043 -0.009321435 -63.01946 
1786056177.024 -0.001883893 -0.002946254 -0.008124086 -63.46277 
1786056177.082 -0.001888901 -0.002423631 -0.009304373 -63.85352 
1786056177.143 -0.00189347 -0.005924608 -0.009531398 -64.20363 
1786056177.196 -0.001897465 -0.006842528 -0.008127158 -64.51857 
1786056177.258 -0.00190156 -0.004743144 -0.0077835 -64.84524 
1786056177.332 -0.006906896 -0.005735134 -0.008403606 -65.27682 
1786056177.391 -0.00191144 -0.009765982 -0.008598056 -65.65026 
1786056177.450 -0.001915573 -0.004597487 -0.008733014 -65.99442 
1786056177.508 -0.001919581 -0.006002076 -0.008496643 -66.33849 
1786056177.560 -0.001923196 -0.00457062 -0.007470492 -66.64187 
1786056177.616 -0.001926901 -0.00503885 -0.008724573 -66.96267 
1786056177.680 -0.001930821 -0.003743068 -0.008345306 -67.31272 
1786056177.739 -0.001934945 -0.00467308 -0.00696079 -67.67447 
1786056177.805 -0.001939197 -0.004591139 -0.0109432 -68.05941 
1786056177.872 -0.001943505 -0.005952362 -0.008698225 -68.45587 
1786056177.946 -0.001947367 -0.004361792 -0.008436736 -68.81774 
1786056178.011 -0.001951713 -0.006762854 -0.00822915 -69.23798 
1786056178.095 -0.001956748 -0.00458795 -0.00813817 -69.72192 
1786056178.158 -0.001960741 -0.006140705 -0.008571325 -70.11856 
1786056178.213 -0.001963857 -0.002965756 -0.007490121 -70.43353 
1786056178.287 -0.001967881 -0.006326249 -0.009449562 -70.8477 
1786056178.352 -0.001971768 -0.004012904 -0.007571185 -71.25613 
1786056178.407 -0.001974711 -0.003588202 -0.00832215 -71.57688 
1786056178.470 -0.001978031 -0.005751908 -0.008589917 -71.93854 
1786056178.524 -0.001981027 -0.003698261 -0.007774366 -72.2652 
1786056178.586 -0.001984122 -0.008519378 -0.007792954 -72.61522 
1786056178.644 -0.001987008 -0.005479721 -0.007885859 -72.94779 
1786056178.726 -0.001990654 -0.009146284 -0.006297235 -73.3829 
1786056178.793 -0.001994072 -0.008382127 -0.006957381 -73.78966 
1786056178.858 -0.001997095 -0.006999737 -0.005742055 -74.16889 
1786056178.927 -0.002000102 -0.008642583 -0.004421631 -74.55516 
1786056179.000 -0.002003337 -0.00278781 -0.006528806 -74.96346 
1786056179.059 -0.00200584 -0.004836743 -0.006969253 -75.29592 
1786056179.122 -0.00200826 -0.006515909 -0.005214112 -75.62497 
1786056179.211 -0.002011314 -0.007329355 -0.003697552 -76.05088 
1786056179.286 -0.002014162 -0.007347857 -0.005144155 -76.45956 
1786056179.351 -0.002016647 -0.006197253 -0.005058718 -76.83178 
1786056179.411 -0.002018603 -0.004883846 -0.004015558 -77.1278 
1786056179.476 -0.002020813 -0.005117273 -0.004367716 -77.46538 
1786056179.542 -0.002022813 -0.003090632 -0.002160683 -77.78883 
1786056179.599 -0.002024561 -0.003683297 -0.001371822 -78.07375 
1786056179.658 -0.002026277 -0.005693338 -0.00282646 -78.35523 
1786056179.721 -0.002027958 -0.004487719 -0.002367529 -78.64784 
1786056179.790 -0.002029737 -0.004782598 0.000755854 -78.96024 
1786056179.877 0.002968179 -0.002830503 0.001210795 -79.33276 
1786056179.955 0.002966059 -0.005927171 0.004300486 -79.73093 
1786056180.017 0.002964507 -0.005486202 0.00560688 -80.03225 
1786056180.082 0.002963197 -0.003187271 0.007324824 -80.29835 
1786056180.148 0.002961812 -0.002763019 0.007654995 -80.57836 
1786056180.216 0.002960329 -0.003543827 0.008775007 -80.8926 
1786056180.274 0.002959166 -0.001330243 0.006004977 -81.1467 
1786056180.336 0.002958014 -0.001431036 0.006759257 -81.40566 
1786056180.403 0.002956861 -0.001194695 0.008244775 -81.67721 
1786056180.463 0.002955811 -0.0006592443 0.007505847 -81.92418 
1786056180.522 0.002954856 0.001783451 0.007995479 -82.15958 
1786056180.588 0.002953866 0.002714018 0.007794674 -82.41092 
1786056180.644 0.002953011 0.002106948 0.008692578 -82.63522 
1786056180.700 -0.002047765 -0.001620877 0.009385395 -82.84484 
1786056180.775 -0.002048693 0.003496034 0.007346856 -83.10343 
1786056180.839 -0.002049582 0.005401073 0.008192852 -83.36093 
1786056180.924 -0.00205055 0.006188573 0.008920435 -83.65286 
1786056180.996 -0.002051389 0.006442622 0.007990788 -83.91725 
1786056181.060 -0.002052064 0.007279314 0.008333001 -84.13848 
1786056181.127 -0.002052682 0.005402696 0.008767479 -84.34868 
1786056181.180 -0.002053249 0.005672743 0.008573741 -84.54871 
1786056181.250 -0.002053838 0.0061563 0.008635454 -84.76448 
1786056181.312 -0.002054359 0.005747211 0.008084747 -84.96311 
1786056181.383 -0.002054935 0.005224359 0.00994504 -85.19525 
1786056181.445 -0.002055401 0.006054275 0.009571138 -85.38854 
1786056181.503 -0.002055812 0.004386816 0.008602578 -85.56603 
1786056181.558 -0.002056179 0.005339515 0.008241298 -85.73122 
1786056181.615 -0.002056521 0.00251227 0.009340455 -85.89043 
1786056181.671 -0.002056854 0.002216167 0.008446893 -86.04935 
1786056181.747 -0.002057253 0.002337179 0.009959141 -86.25196 
1786056181.827 -0.00205764 0.001219472 0.009781244 -86.46248 
1786056181.908 -0.002058013 -0.0005199547 0.009410396 -86.67206 
1786056181.977 -0.002058324 -0.001089754 0.009138496 -86.8602 
1786056182.037 -0.002058557 -0.0006129539 0.009217786 -87.00875 
1786056182.097 -0.002058777 0.002035145 0.01026335 -87.15853 
1786056182.186 -0.00205905 0.00155426 0.009061939 -87.35058 
1786056182.273 -0.002059289 0.0003884462 0.01002986 -87.53819 
1786056182.340 -0.002059502 -0.0001344288 0.01014046 -87.70827 
1786056182.404 -0.002059644 0.003437007 0.0102544 -87.83488 
1786056182.463 0.002940217 0.001529687 0.01038837 -87.96198 
1786056182.517 -0.002059896 0.003120191 0.01014407 -88.07347 
1786056182.573 0.002940004 0.002261727 0.0106595 -88.17804 
1786056182.639 0.002939894 0.003245273 0.01013562 -88.29998 
1786056182.711 -0.002060202 0.001572715 0.009955778 -88.4142 
1786056182.785 0.002939694 0.005480504 0.009657195 -88.54834 
1786056182.866 0.0029396 0.003494417 0.01012658 -88.68144 
1786056182.947 0.002939512 0.004461289 0.01044394 -88.82051 
1786056183.008 0.002939457 0.006788876 0.01014691 -88.9138 
1786056183.072 0.002939412 0.003892312 0.0097614 -89.00328 
1786056183.134 0.002939368 0.003752057 0.01049984 -89.08749 
1786056183.209 0.002939325 0.003958886 0.01104901 -89.18475 
1786056183.279 0.00293929 0.002600364 0.01039756 -89.27286 
1786056183.340 0.002939264 0.003662281 0.01017827 -89.34804 
1786056183.414 0.002939239 0.004425074 0.01018708 -89.42762 
1786056183.473 0.002939222 0.003673896 0.0107107 -89.48904 
1786056183.540 0.002939207 0.006485056 0.01118197 -89.54883 
1786056183.612 0.002939193 0.005207295 0.01126763 -89.61552 
1786056183.676 0.002939182 0.007200135 0.01041785 -89.67282 
1786056183.740 0.002939175 0.004566874 0.01078206 -89.71882 
1786056183.801 0.002939169 0.005788607 0.01128804 -89.76749 
1786056183.875 0.002939164 0.006761511 0.01207969 -89.81523 
1786056183.954 0.00293916 0.007391706 0.0120336 -89.85425 
1786056184.048 0.002939157 0.007959545 0.01187145 -89.90192 
1786056184.127 -0.002060844 0.00422462 0.01182775 -89.93631 
1786056184.192 -0.002060845 0.008339653 0.01279078 -89.9571 
1786056184.274 -0.002060845 0.004402521 0.01228108 -89.97647 
1786056184.347 -0.002060845 0.00442539 0.01280628 -89.9909 
1786056184.418 -0.002060845 0.004429354 0.01139305 -89.99796 
1786056184.486 -0.002060845 0.004429558 0.01152473 -89.99998 
1786056184.570 -0.002060845 0.004429558 0.01012034 -90 
1786056184.657 -0.002060845 0.004429558 0.01012034 -90 
1786056184.721 -0.002060845 0.004429558 0.01012034 -90 
1786056184.794 -0.002060845 0.004429558 0.01012034 -90 
1786056184.860 -0.002060845 0.004429558 0.01012034 -90 
1786056184.918 -0.002060845 0.004429558 0.01012034 -90 
1786056184.976 -0.002060845 0.004429558 0.01012034 -90 
1786056185.039 -0.002060845 0.008429558 0.01012034 -90 
1786056185.100 -0.002060845 0.004429558 0.01012034 -90 
1786056185.157 -0.002060845 0.004429558 0.01012034 -90 
1786056185.220 -0.002060845 0.004429558 0.01012034 -90 
1786056185.287 -0.002060845 0.004429558 0.008850338 -90 
1786056185.342 0.002939155 0.004429558 0.008850338 -90 
1786056185.398 0.002939155 0.008429558 0.008850338 -90 
1786056185.478 0.002939155 0.004429558 0.008850338 -90 
1786056185.560 0.002939155 0.008429558 0.01012034 -90 
1786056185.641 0.002939155 0.008429558 0.01012034 -90 
1786056185.719 0.002939155 0.004429558 0.01012034 -90 
1786056185.782 0.002939155 0.004429558 0.01012034 -90 
1786056185.863 0.002939155 0.004429558 0.008850338 -90 
1786056185.943 0.002939155 0.004429558 0.008850338 -90 
1786056186.016 0.002939155 0.004429558 0.008850338 -90 
1786056186.096 0.002939155 0.008429558 0.008850338 -90 
1786056186.168 0.002939155 0.004429558 0.008850338 -90 
1786056186.254 0.002939155 0.004429558 0.008850338 -90 
1786056186.319 0.002939155 0.004429558 0.008850338 -90 
1786056186.381 -0.002060845 0.004429558 0.008850338 -90 
1786056186.435 -0.002060845 0.004429558 0.008850338 -90 
1786056186.490 -0.002060845 0.008429558 0.008850338 -90 
1786056186.561 -0.002060845 0.004429558 0.007580339 -90 
1786056186.625 -0.002060845 0.004429558 0.007580339 -90 
1786056186.687 -0.002060845 0.004429558 0.007580339 -90 
1786056186.747 -0.002060845 0.004429558 0.007580339 -90 
1786056186.801 -0.002060845 0.004429554 0.009062092 -89.99971 
1786056186.878 0.002939155 0.008428791 0.01070439 -89.99604 
1786056186.944 0.007939155 0.01241983 0.01292824 -89.98567 
1786056187.019 0.01293916 0.01639037 0.01247386 -89.97168 
1786056187.097 0.01293916 0.01631675 0.01370235 -89.95164 
1786056187.191 0.01293916 0.0160944 0.01407957 -89.91717 
1786056187.272 0.01793916 0.01573116 0.01400819 -89.88043 
1786056187.347 0.01793916 0.01919366 0.01410092 -89.84094 
1786056187.429 0.01293917 0.01430242 0.01117436 -89.79135 
1786056187.500 0.01293917 0.013055 0.01209935 -89.7372 
1786056187.593 0.01293918 0.01140157 0.0116248 -89.6792 
1786056187.694 0.0129392 0.01223628 0.01170469 -89.58959 
1786056187.780 0.007939219 0.01221544 0.01028896 -89.49999 
1786056187.850 0.01293924 0.01277547 0.01047705 -89.43394 
1786056187.928 0.01293926 0.0115825 0.01083281 -89.34679 
1786056188.026 0.0129393 0.01155304 0.01013999 -89.23121 
1786056188.102 0.007939351 0.007010279 0.009726183 -89.12352 
1786056188.180 0.002939396 0.002307878 0.008848484 -89.02841 
1786056188.261 -0.002060537 -0.002487886 0.008537768 -88.90184 
1786056188.333 -0.007060473 -0.006615543 0.007099296 -88.79418 
1786056188.407 -0.007060407 -0.007277002 0.007354537 -88.69103 
1786056188.486 -0.007060314 -0.009099912 0.00678431 -88.55502 
1786056188.559 -0.007060205 -0.009902546 0.007491336 -88.4176 
1786056188.645 -0.007060088 -0.008183416 0.009397255 -88.2795 
1786056188.708 -0.007059958 -0.009025763 0.007365169 -88.13752 
1786056188.779 -0.01205982 -0.006977427 0.007390389 -87.99997 
1786056188.837 -0.007059694 -0.007499916 0.008134574 -87.87819 
1786056188.922 -0.007059529 -0.006947626 0.008141629 -87.72943 
1786056189.010 -0.007059275 -0.00741566 0.006790205 -87.52027 
1786056189.110 -0.007059002 -0.008134713 0.007702202 -87.31114 
1786056189.181 -0.007058731 -0.007373599 0.008205602 -87.12485 
1786056189.269 -0.007058427 -0.009490252 0.00752787 -86.92482 
1786056189.335 -0.007058112 -0.00956888 0.006983006 -86.73098 
1786056189.395 -0.007057842 -0.009175804 0.007151829 -86.57046 
1786056189.482 -0.007057443 -0.005424365 0.00805214 -86.35231 
1786056189.563 -0.007057038 -0.006728648 0.007928652 -86.14132 
1786056189.644 -0.00705661 -0.008458766 0.008746734 -85.93023 
1786056189.709 -0.007056128 -0.008568683 0.007174633 -85.70464 
1786056189.785 -0.007055695 -0.005777101 0.008460313 -85.50607 
1786056189.872 -0.007055011 -0.009886756 0.007293153 -85.2228 
1786056189.961 -0.007054268 -0.007652977 0.007965439 -84.92791 
1786056190.050 -0.007053627 -0.006122433 0.007169825 -84.68302 
1786056190.129 -0.007052902 -0.006030827 0.007865543 -84.41551 
1786056190.212 -0.007052042 -0.008826072 0.007657744 -84.13128 
1786056190.293 -0.007051158 -0.00560408 0.007333513 -83.84351 
1786056190.365 -0.007050328 -0.006500637 0.00708104 -83.58103 
1786056190.441 -0.007049395 -0.006423516 0.007355929 -83.30581 
1786056190.523 -0.007048428 -0.008161774 0.006284965 -83.02112 
1786056190.588 -0.007047415 -0.01117243 0.007538205 -82.73812 
1786056190.673 -0.007046297 -0.006584588 0.007236731 -82.44173 
1786056190.750 -0.007045048 -0.00869256 0.007340664 -82.13542 
1786056190.824 -0.007043871 -0.009446506 0.007930098 -81.84329 
1786056190.892 -0.002042559 -0.007421932 0.007394002 -81.53337 
1786056190.967 -0.007041247 -0.006524706 0.007918506 -81.23874 
1786056191.037 -0.007039866 -0.006211946 0.007759233 -80.93473 
1786056191.124 -0.007038559 -0.007967879 0.007214637 -80.65582 
1786056191.208 -0.007036451 -0.006900348 0.006456461 -80.20976 
1786056191.283 -0.002034735 -0.006696371 0.007288602 -79.87935 
1786056191.358 -0.00703293 -0.01162978 0.006752166 -79.53475 
1786056191.433 -0.002031059 -0.008287824 0.007586152 -79.1934 
1786056191.494 -0.00202939 -0.008151071 0.007557078 -78.88913 
1786056191.570 -0.002027318 -0.004045236 0.007880319 -78.52801 
1786056191.630 -0.002025583 -0.006071962 0.008859544 -78.2388 
1786056191.690 -0.007023782 -0.007796133 0.007999216 -77.93615 
1786056191.744 -0.002022038 -0.007150752 0.007954659 -77.65949 
1786056191.812 -0.002019975 -0.009102561 0.006512962 -77.32938 
1786056191.905 -0.007017428 -0.007728382 0.006874404 -76.94399 
1786056191.982 -0.002014266 -0.006361828 0.006951782 -76.46954 
1786056192.086 -0.002010748 -0.006582134 0.007987267 -75.96576 
1786056192.152 -0.002007905 -0.005962454 0.007916177 -75.57079 
1786056192.206 -0.002005553 -0.007619832 0.008467612 -75.2576 
1786056192.297 -0.002002072 -0.004451916 0.007807362 -74.79791 
1786056192.389 -0.001998431 -0.007872599 0.008019789 -74.33122 
1786056192.464 -0.006994578 -0.007612873 0.007489896 -73.85184 
1786056192.540 -0.001990794 -0.006341571 0.008010884 -73.39399 
1786056192.607 -0.001987504 -0.004331002 0.008700782 -72.99981 
1786056192.680 -0.001984015 -0.00497099 0.006704853 -72.60304 
1786056192.742 -0.001980709 -0.00439245 0.03764541 -72.22978 
1786056192.798 -0.001977601 -0.005973713 0.005794828 -71.88561 
1786056192.863 -0.001974219 -0.007941746 0.005969278 -71.51803 
1786056192.934 -0.001970273 -0.008096417 0.006175168 -71.09227 
1786056193.024 -0.001965562 -0.005291677 0.00649031 -70.6081 
1786056193.093 -0.001961258 -0.007365865 0.006191216 -70.17065 
1786056193.149 -0.001957866 -0.0071697 0.006882845 -69.83236 
1786056193.230 -0.001953639 -0.006461678 0.005128544 -69.41205 
1786056193.296 -0.001949452 -0.01004788 0.006163349 -69.01563 
1786056193.366 -0.001945001 -0.004156192 0.006485109 -68.59566 
1786056193.423 -0.001941164 -0.00494609 0.006038136 -68.23966 
1786056193.487 -0.006937203 -0.005523442 0.005632792 -67.87228 
1786056193.560 -0.00193259 -0.006467837 0.006968973 -67.46396 
1786056193.620 -0.006928429 -0.005826828 0.005740643 -67.09069 
1786056193.678 -0.001924543 -0.003443675 0.005087092 -66.75806 
1786056193.744 -0.001919986 -0.005752622 0.004790872 -66.36717 
1786056193.803 -0.006916052 -0.004931244 0.004950004 -66.03468 
1786056193.868 -0.006911504 -0.005583927 0.006390669 -65.65559 
1786056193.938 -0.001906603 -0.001695815 0.005118186 -65.24729 
1786056194.021 -0.001901044 -0.001218226 0.005413145 -64.79806 
1786056194.093 -0.001895318 -0.004905148 0.005755385 -64.34895 
1786056194.157 -0.001890774 -0.004860337 0.004378944 -63.99301 
1786056194.229 -0.001885106 -0.003255016 0.00577868 -63.55553 
1786056194.300 -0.001879892 -0.003102331 0.005727908 -63.159 
1786056194.372 -0.001874058 -0.005370519 0.006376796 -62.72149 
1786056194.437 -0.001868851 -0.007679146 0.006160573 -62.33644 
1786056194.506 -0.006863819 -0.007460524 0.003416617 -61.95708 
1786056194.556 -0.00185897 -0.006903709 0.005066375 -61.6189 
1786056194.616 -0.006854312 -0.00818766 0.005209441 -61.28061 
1786056194.671 -0.006849853 -0.007856673 0.00388442 -60.9654 
1786056194.733 -0.00184468 -0.004122552 0.005309345 -60.60974 
1786056194.794 -0.001839787 -0.006766727 0.004909253 -60.26554 
1786056194.861 -0.001833728 -0.003682444 0.005034404 -59.85135 
1786056194.938 -0.001827594 -0.003289205 0.005631382 -59.43732 
1786056195.025 -0.001820679 -0.003869719 0.004436471 -58.98222 
1786056195.098 -0.001813314 -0.00353701 0.006239526 -58.49229 
1786056195.158 -0.001807746 -0.005933328 0.004727049 -58.13632 
1786056195.226 -0.001801574 -0.00479175 0.003355148 -57.73999 
1786056195.307 -0.001795333 -0.004651421 0.005206801 -57.34319 
1786056195.367 -0.001788278 -0.008045164 0.004327372 -56.89978 
1786056195.421 -0.001783214 -0.007185278 0.005825375 -56.58482 
1786056195.491 -0.001776967 -0.004232835 0.003928548 -56.19954 
1786056195.549 -0.00177133 -0.00493515 0.004208436 -55.8556 
1786056195.600 -0.001766126 -0.006788276 0.003077222 -55.54061 
1786056195.654 -0.00176088 -0.007263601 0.002964726 -55.21978 
1786056195.722 -0.006754609 -0.002320691 0.002525771 -54.85222 
1786056195.786 -0.001747882 -0.007061459 0.002918329 -54.45564 
1786056195.850 -0.001741892 -0.003047007 0.002279433 -54.09978 
1786056195.923 -0.001734536 3.228779e-05 0.003282347 -53.67974 
1786056196.027 -0.001723927 -0.002136748 0.002485236 -53.073 
1786056196.092 -0.001717013 -0.002697724 0.002185088 -52.68214 
1786056196.162 -0.001710036 -0.007105536 0.002162435 -52.28567 
1786056196.225 -0.001702998 -0.003368315 0.002298516 -51.9005 
1786056196.288 -0.001696643 -0.005444691 0.001541131 -51.54461 
1786056196.349 -0.00168981 -0.006152303 0.002071052 -51.17731 
1786056196.406 -0.006683569 -0.005990079 0.00236211 -50.83894 
1786056196.477 -0.001676522 -0.00397424 0.003028932 -50.45973 
1786056196.538 -0.001669308 -0.005750276 0.002018678 -50.07474 
1786056196.607 -0.001662035 -0.003762237 0.001375665 -49.68388 
1786056196.667 -0.001655151 -0.001403736 0.002515811 -49.32816 
1786056196.720 -0.00164889 -0.001271755 0.003189675 -49.00141 
1786056196.779 -0.001642587 -0.002575946 0.001227356 -48.66878 
1786056196.855 -0.001634992 0.0005192767 0.002070784 -48.28392 
1786056196.919 -0.001626995 -0.002798283 0.001283455 -47.87551 
1786056196.992 -0.001618588 -0.004442851 0.0007948751 -47.44958 
1786056197.058 -0.001610812 -0.009606661 0.001129139 -47.0589 
1786056197.132 -0.001602509 -0.007359859 0.001208377 -46.64488 
1786056197.205 -0.001593432 -0.004893257 -0.0001309706 -46.18964 
1786056197.273 -0.00158595 -0.005826005 -0.0009330093 -45.81062 
1786056197.335 -0.001577939 -0.006786401 -9.693311e-05 -45.43153 
1786056197.398 -0.001570234 -0.003334747 -0.0007417763 -45.06388 
1786056197.461 -0.001562358 -0.003659566 -0.0003320263 -44.6847 
1786056197.525 -0.001555286 -0.002322278 -0.0007377434 -44.34629 
1786056197.585 -0.006547188 -0.00479098 -0.001691486 -43.96138 
1786056197.641 -0.0015404 -0.005198067 -0.003038882 -43.6405 
1786056197.692 -0.001533825 -0.005030865 -0.001871623 -43.3315 
1786056197.747 -0.001527216 -0.007272803 -0.002418118 -43.02223 
1786056197.812 -0.001519065 -0.004025673 -0.002680204 -42.63723 
1786056197.892 -0.001510358 -0.006940286 -0.003973522 -42.24069 
1786056197.980 -0.001498534 -0.005888816 -0.004628204 -41.68632 
1786056198.053 -0.001488283 -0.002944052 -0.004638323 -41.23133 
1786056198.122 -0.001480934 0.0008521532 -0.006263418 -40.89301 
1786056198.190 -0.001471598 -0.001429313 -0.004680755 -40.47885 
1786056198.254 -0.001463643 -0.0007588962 -0.005200543 -40.12304 
1786056198.307 -0.001455252 -0.007379398 -0.004590748 -39.74976 
1786056198.369 -0.00144774 -0.006047217 -0.005876578 -39.41712 
1786056198.431 -0.001439395 -0.005074611 -0.006060971 -39.04371 
1786056198.500 -0.001429939 -0.005706285 -0.00619192 -38.63553 
1786056198.555 -0.00142204 -0.00642826 -0.005279265 -38.29137 
1786056198.614 -0.001414642 -0.007324301 -0.004902792 -37.97066 
1786056198.674 -0.001406534 -0.003721575 -0.005454463 -37.62064 
1786056198.741 -0.00139798 0.0006024257 -0.007519474 -37.24662 
1786056198.794 -0.001389795 -0.004715185 -0.004142919 -36.90307 
1786056198.854 -0.001381847 -0.002751045 -0.004941692 -36.55892 
1786056198.936 -0.001371379 -0.005979291 -0.006381675 -36.12118 
1786056199.027 -0.001358071 -0.007487349 -0.00574491 -35.56135 
1786056199.091 -0.001349427 -0.006364551 -0.00557992 -35.19972 
1786056199.166 -0.00133906 -0.006405128 -0.005539416 -34.76787 
1786056199.245 -0.001328356 -0.005738823 -0.003943962 -34.3132 
1786056199.315 -0.006318304 -0.005521994 -0.004686687 -33.90479 
1786056199.389 -0.00130692 -0.00460344 -0.005441294 -33.44391 
1786056199.449 -0.001298342 -0.002946982 -0.004943161 -33.09399 
1786056199.509 -0.001289873 -0.003826212 -0.006853096 -32.7436 
1786056199.571 -0.00128166 -0.004889327 -0.006288312 -32.41707 
1786056199.629 -0.001272403 -0.00494598 -0.005355752 -32.04387 
1786056199.683 -0.001264562 -0.006367311 -0.005966029 -31.72891 
1786056199.740 -0.001256111 -0.008386941 -0.005177364 -31.39055 
1786056199.801 -0.00124763 -0.008232574 -0.005046768 -31.05227 
1786056199.873 -0.001237501 -0.002897028 -0.006311073 -30.64384 
1786056199.956 -0.001225556 -0.0001046737 -0.007143226 -30.17713 
1786056200.049 -0.001211176 -0.002452597 -0.005625452 -29.60562 
1786056200.108 -0.001201793 -0.002460158 -0.005661317 -29.24402 
1786056200.178 -0.001192975 -0.002536863 -0.006660882 -28.89964 
1786056200.238 -0.001182475 -0.004547917 -0.005931376 -28.48551 
1786056200.302 -0.001173594 -0.008071696 -0.006606479 -28.14735 
1786056200.366 -0.00116302 -0.007621975 -0.005975229 -27.73898 
1786056200.441 -0.001153013 -0.002716699 -0.006104314 -27.35383 
1786056200.507 -0.001141752 -0.001368948 -0.006116231 -26.92242 
1786056200.560 -0.001133508 2.629027e-05 -0.005692208 -26.60719 
1786056200.615 -0.001125087 -0.0002012614 -0.005822501 -26.28645 
1786056200.673 -0.001116336 -0.003609343 -0.006699081 -25.95392 
1786056200.745 -0.001105246 -0.00161235 -0.005183598 -25.53392 
1786056200.808 -0.00109582 -0.005849903 -0.005502135 -25.17803 
1786056200.881 -0.001084814 -0.00383214 -0.005797369 -24.76388 
1786056200.959 -0.001072525 -0.004669503 -0.006928404 -24.29722 
1786056201.035 -0.001061285 -0.001451424 -0.005362759 -23.88303 
1786056201.096 -0.001050637 0.0008446431 -0.005771532 -23.4806 
1786056201.169 -0.001040114 -0.0009451056 -0.005778059 -23.09553 
1786056201.242 -0.001027666 -0.004355204 -0.005447696 -22.62893 
1786056201.309 -0.001017235 -0.002412027 -0.006700686 -22.24956 
1786056201.370 -0.001007569 -0.00456674 -0.006142633 -21.8939 
1786056201.429 -0.000997878 -0.003334896 -0.005634424 -21.53804 
1786056201.489 -0.0009883231 -0.004193952 -0.005576637 -21.18816 
1786056201.554 -0.000978266 -0.0009508805 -0.005971119 -20.8206 
1786056201.630 -0.0009685048 -0.00120188 -0.005971045 -20.4647 
1786056201.683 -0.0009571149 -0.0005103471 -0.006002125 -20.04478 
1786056201.738 -0.0009489149 -0.005346042 -0.005605693 -19.74722 
1786056201.795 -0.0009394094 -0.002013648 -0.005883894 -19.40892 
1786056201.869 -0.0009287524 -0.005360104 -0.006378023 -19.02417 
1786056201.934 -0.0009169363 -0.006071559 -0.005998079 -18.59806 
1786056202.034 -0.0009021652 0.0008691225 -0.005958262 -18.06152 
1786056202.108 -0.0008902836 -0.0003626347 -0.005264015 -17.64144 
1786056202.170 -0.0008790271 -0.001383221 -0.006016851 -17.2331 
1786056202.234 -0.0008682476 -0.004923827 -0.006745301 -16.85422 
1786056202.300 -0.0008580319 1.245769e-05 -0.006623152 -16.49051 
1786056202.366 -0.0008472691 -0.003529363 -0.006280974 -16.1079 
1786056202.430 -0.0008366122 0.001152825 -0.006168139 -15.72995 
1786056202.485 -0.000827787 -0.0003288426 -0.006308674 -15.4173 
1786056202.547 -0.0008182598 0.004105122 -0.005573829 -15.08053 
1786056202.607 -0.0008088229 0.005800314 -0.006877872 -14.74742 
1786056202.671 -0.0007996297 0.006030462 -0.005943628 -14.42337 
1786056202.721 -0.0007911297 0.006639411 -0.005689457 -14.12414 
1786056202.783 -0.0007822588 0.003844467 -0.006507974 -13.8071 
1786056202.838 -0.0007742161 0.004389927 -0.005668984 -13.52989 
1786056202.913 -0.0007653663 0.006197361 -0.006385148 -13.21958 
1786056203.011 -0.000752408 0.003334157 -0.006847105 -12.76598 
1786056203.083 -0.0007383748 0.007196913 -0.0060171 -12.27555 
1786056203.161 -0.0007289241 0.01024711 -0.00606745 -11.94581 
1786056203.238 -0.0007169655 0.01032157 -0.006219293 -11.52442 
1786056203.301 -0.0007081925 0.0047927 -0.005851338 -11.21923 
1786056203.358 -0.0007004705 0.00401549 -0.006426275 -10.95077 
1786056203.421 -0.0006920364 0.005223148 -0.006229407 -10.66252 
1786056203.492 -0.000683446 0.00457936 -0.006554108 -10.36459 
1786056203.553 -0.0006748399 0.00492743 -0.006270707 -10.06627 
1786056203.608 -0.0006675022 0.007523894 -0.005811074 -9.812078 
1786056203.669 -0.00066 0.006708709 -0.0062135 -9.548063 
1786056203.730 -0.000652468 0.008212462 -0.006423699 -9.287615 
1786056203.792 -0.0006449116 0.009049749 -0.006175509 -9.030804 
1786056203.846 -0.0006379432 0.01018192 -0.00579632 -8.790275 
1786056203.907 -0.0006307049 0.007768004 -0.005932951 -8.536248 
1786056203.984 -0.0006223863 0.007019167 -0.006361102 -8.249509 
1786056204.075 -0.0006121218 0.004550654 -0.006025146 -7.888168 
1786056204.145 -0.0006035444 0.004480525 -0.006808465 -7.604548 
1786056204.211 -0.0005956809 0.002680454 -0.005489673 -7.334161 
1786056204.277 -0.0005881741 0.004982945 -0.005853709 -7.075965 
1786056204.346 -0.0005811204 0.005814698 -0.005351828 -6.83359 
1786056204.408 -0.0005746093 0.006299574 -0.006114199 -6.609877 
1786056204.467 -0.0005679955 0.01115562 -0.005788255 -6.382801 
1786056204.529 -0.0005613922 0.00600977 -0.005665511 -6.156307 
1786056204.586 -0.0005556093 0.005550491 -0.005310787 -5.957937 
1786056204.645 -0.00054982 0.007882105 -0.00615919 -5.756005 
1786056204.699 -0.000544419 0.008361566 -0.006674798 -5.57416 
1786056204.757 -0.0005389129 0.004779767 -0.006123163 -5.385469 
1786056204.829 -0.0005326538 0.007455276 -0.00582556 -5.167802 
1786056204.882 -0.0005270723 0.007390932 -0.00548062 -4.979899 
1786056204.958 -0.0005206012 0.007513186 -0.005609988 -4.758456 
1786056205.059 -0.0005122574 0.005956559 -0.00523044 -4.472799 
1786056205.132 -0.0005056126 0.00888874 -0.006282417 -4.245416 
1786056205.209 -0.0004990562 0.008718579 -0.005964175 -4.021063 
1786056205.267 -0.0004939704 0.005400181 -0.005203342 -3.847284 
1786056205.342 -0.0004885997 0.00367182 -0.006455154 -3.660994 
1786056205.405 -0.0004828963 0.006404263 -0.00587936 -3.468765 
1786056205.471 -0.0004779482 0.009387008 -0.005876772 -3.299584 
1786056205.534 -0.0004734898 0.005883458 -0.006180418 -3.147353 
1786056205.596 -0.0004686349 0.00667787 -0.006072898 -2.981504 
1786056205.648 -0.0004648871 0.006898699 -0.005154612 -2.853473 
1786056205.706 -0.0004610844 0.008633727 -0.005340492 -2.72357 
1786056205.758 -0.0004574366 0.007956996 -0.005977997 -2.59894 
1786056205.815 -0.0004536784 0.006196086 -0.005952838 -2.470696 
1786056205.878 -0.0004497615 0.0059459 -0.005314019 -2.332616 
1786056205.939 -0.0004460148 0.006549074 -0.005837578 -2.209001 
1786056206.026 -0.0004408869 0.007195964 -0.005118695 -2.034005 
1786056206.091 -0.0004370509 0.006565613 -0.005338137 -1.901054 
1786056206.156 -0.0004331215 0.004109212 -0.005412623 -1.768931 
1786056206.214 -0.0004300811 0.007448241 -0.004516351 -1.665139 
1786056206.285 -0.0004268221 0.005010047 -0.006076476 -1.553928 
1786056206.342 -0.0004234266 0.004525039 -0.005650796 -1.438057 
1786056206.397 -0.0004206894 0.009758506 -0.005653658 -1.344636 
1786056206.456 -0.0004179512 0.006805117 -0.0052351 -1.251227 
1786056206.524 -0.0004150886 0.004083095 -0.005190235 -1.153548 
1786056206.596 -0.0004120442 0.006649198 -0.005439888 -1.049648 
1786056206.652 -0.000409427 0.006794024 -0.005561116 -0.9603843 
1786056206.717 -0.0004069648 0.00455221 -0.004373203 -0.8763509 
1786056206.780 -0.0004044675 0.007606739 -0.005052245 -0.7911797 
1786056206.839 -0.0004023431 0.005881158 -0.004786124 -0.7187063 
1786056206.908 -0.0004002207 0.01015559 -0.004965681 -0.6451615 
1786056206.979 -0.0003978037 0.006911637 -0.005242594 -0.5638579 
1786056207.051 -0.0003956675 0.006935089 -0.00529723 -0.4909473 
1786056207.130 -0.0003934109 0.006864306 -0.005667038 -0.4130554 
1786056207.193 -0.0003918385 0.007634784 -0.004914678 -0.3594738 
1786056207.265 0.004609809 0.009034797 -0.004390319 -0.3041258 
1786056207.329 0.01961132 0.02111047 0.005916387 -0.2519859 
1786056207.388 0.02461251 0.02436424 0.01064952 -0.2111961 
1786056207.448 0.02461354 0.02779494 0.01260941 -0.1745781 
1786056207.502 0.02461453 0.02731395 0.01182862 -0.1430726 
1786056207.561 0.02961538 0.02971142 0.01346142 -0.1142035 
1786056207.635 0.02461625 0.02471609 0.01248373 -0.0840185 
1786056207.701 0.01961701 0.02160837 0.01139164 -0.05844993 
1786056207.756 0.01461756 0.01925982 0.008942504 -0.0394604 
1786056207.819 0.02961803 0.02729239 0.01407101 -0.02374722 
1786056207.887 0.02961838 0.03182236 0.01536188 -0.01169001 
1786056207.961 0.02461863 0.02915419 0.012828 -0.003354994 
1786056208.048 0.01961872 0.02238565 0.01028856 -6.300106e-08 
1786056208.127 0.01461872 0.01837456 0.009018556 1.54261e-08 
1786056208.214 0.01461872 0.01837456 0.009018556 1.54261e-08 
1786056208.282 0.01461872 0.01437456 0.007748557 1.54261e-08 
1786056208.342 0.01461872 0.01437456 0.007748557 1.54261e-08 
1786056208.393 0.01461872 0.01437456 0.007748557 1.54261e-08 
1786056208.445 0.01461872 0.01437456 0.006478557 1.54261e-08 
1786056208.506 0.01461872 0.01437456 0.006478557 1.54261e-08 
1786056208.559 0.009618724 0.01037456 0.006478557 1.54261e-08 
1786056208.612 0.01461872 0.01037456 0.006478557 1.54261e-08 
1786056208.672 0.01461872 0.01037456 0.006478557 1.54261e-08 
1786056208.733 0.009618724 0.01037456 0.005208558 1.54261e-08 
1786056208.784 0.009618724 0.01037456 0.006478557 1.54261e-08 
1786056208.840 0.01461872 0.01037456 0.006478557 1.54261e-08 
1786056208.903 0.009618724 0.01037456 0.006478557 1.54261e-08 
1786056208.970 0.009618724 0.01037456 0.005208558 1.54261e-08 
1786056209.041 0.009618724 0.01037456 0.006478557 1.54261e-08 
1786056209.095 0.01461872 0.01037456 0.006478557 1.54261e-08 
1786056209.161 0.009618724 0.01037456 0.006478557 1.54261e-08 
1786056209.216 0.009618724 0.01037456 0.006478557 1.54261e-08 
1786056209.272 0.01461872 0.01037456 0.006478557 1.54261e-08 
1786056209.326 0.009618724 0.01037456 0.006478557 1.54261e-08 
1786056209.388 0.009618724 0.01037456 0.006478557 1.54261e-08 
1786056209.437 0.009618724 0.01037456 0.006478557 1.54261e-08 
1786056209.493 0.009618724 0.01037456 0.005208558 1.54261e-08 
1786056209.552 0.009618724 0.01037456 0.005208558 1.54261e-08 
1786056209.604 0.01461872 0.01037456 0.006478557 1.54261e-08 
1786056209.653 0.01461872 0.01037456 0.006478557 1.54261e-08 
1786056209.712 0.009618724 0.01037456 0.005208558 1.54261e-08 
1786056209.768 0.009618724 0.01037456 0.005208558 1.54261e-08 
1786056209.821 0.01461872 0.01037456 0.006478557 1.54261e-08 
1786056209.883 0.009618724 0.01037456 0.005208558 1.54261e-08 
1786056209.960 0.01461872 0.01037456 0.005208558 1.54261e-08 
1786056210.027 0.01461872 0.01037456 0.005208558 1.54261e-08 
1786056210.082 0.009618724 0.006374562 0.005208558 1.54261e-08 
1786056210.148 0.009618724 0.01037456 0.005208558 1.54261e-08 
1786056210.216 0.01461872 0.01037456 0.006478557 1.54261e-08 
1786056210.273 0.01461872 0.01037456 0.006478557 1.54261e-08 
1786056210.324 0.01461872 0.01037456 0.006478557 1.54261e-08 
1786056210.379 0.01461872 0.01437456 0.007748557 1.54261e-08 
1786056210.433 0.009618724 0.01437456 0.007748557 1.54261e-08 
1786056210.489 0.01461872 0.01437456 0.007748557 1.54261e-08 
1786056210.540 0.01461872 0.01437456 0.009018556 1.54261e-08 
1786056210.595 0.01461872 0.01437456 0.009018556 1.54261e-08 
1786056210.652 0.01461872 0.01437456 0.009018556 1.54261e-08 
1786056210.705 0.01961872 0.01837456 0.01028856 1.54261e-08 
1786056210.769 0.01461872 0.01837456 0.01028856 1.54261e-08 
1786056210.859 0.01461872 0.01837456 0.01028856 1.54261e-08 
1786056210.931 0.01461872 0.01837456 0.009018556 1.54261e-08 
1786056211.008 0.01961872 0.01837456 0.01028856 1.54261e-08 
1786056211.083 0.01461872 0.01437456 0.009018556 1.54261e-08 
1786056211.141 0.01461872 0.01837456 0.009018556 1.54261e-08 
1786056211.191 0.01461872 0.01437456 0.009018556 1.54261e-08 
1786056211.243 0.01461872 0.01437456 0.009018556 1.54261e-08 
1786056211.303 0.01461872 0.01437456 0.009018556 1.54261e-08 
1786056211.355 0.01461872 0.01437456 0.009018556 1.54261e-08 
1786056211.409 0.01461872 0.01437456 0.007748557 1.54261e-08 
1786056211.472 0.01461872 0.01837456 0.009018556 1.54261e-08 
1786056211.549 0.01461872 0.01437456 0.007748557 1.54261e-08 
1786056211.602 0.01461872 0.01437456 0.007748557 1.54261e-08 
1786056211.656 0.009618724 0.01437456 0.007748557 1.54261e-08 
1786056211.715 0.01461872 0.01437456 0.007748557 1.54261e-08 
1786056211.780 0.009618724 0.01037456 0.006478557 1.54261e-08 
1786056211.851 0.009618724 0.01037456 0.006478557 1.54261e-08 
1786056211.920 0.009618724 0.01037456 0.006478557 1.54261e-08 
1786056211.990 0.009618724 0.01037456 0.006478557 1.54261e-08 
1786056212.072 0.004618724 0.006374562 0.005208558 1.54261e-08 
1786056212.145 0.004618724 0.006374562 0.005208558 1.54261e-08 
1786056212.207 0.004618724 0.006374562 0.003938559 1.54261e-08 
1786056212.259 0.004618724 0.006374562 0.003938559 1.54261e-08 
1786056212.318 0.004618724 0.002374562 0.00139856 1.54261e-08 
1786056212.383 -0.0003812761 0.002374562 0.0001285608 1.54261e-08 
1786056212.448 -0.005381276 -0.001625438 -0.003681437 1.54261e-08 
1786056212.519 -0.01038128 -0.005625438 -0.006221436 1.54261e-08 
1786056212.582 -0.01038128 -0.009625438 -0.007491435 1.54261e-08 
1786056212.646 -0.01038128 -0.009625438 -0.007491435 1.54261e-08 
1786056212.719 -0.01038128 -0.009625438 -0.007491435 1.54261e-08 
1786056212.791 -0.005381276 -0.009625438 -0.007491435 1.54261e-08 
1786056212.852 -0.01038128 -0.009625438 -0.008761434 1.54261e-08 
1786056212.933 -0.005381276 -0.005625438 -0.007491435 1.54261e-08 
1786056213.014 -0.01038128 -0.009625438 -0.007491435 1.54261e-08 
1786056213.084 -0.005381276 -0.009625438 -0.006221436 1.54261e-08 
1786056213.151 -0.005381276 -0.005625438 -0.006221436 1.54261e-08 
1786056213.223 -0.005381276 -0.009625438 -0.006221436 1.54261e-08 
1786056213.299 -0.01038128 -0.009625438 -0.006221436 1.54261e-08 
1786056213.358 -0.01038128 -0.009625438 -0.006221436 1.54261e-08 
1786056213.417 -0.005381276 -0.005625438 -0.006221436 1.54261e-08 
1786056213.474 -0.005381276 -0.005625438 -0.004951436 1.54261e-08 
1786056213.539 -0.005381276 -0.005625438 -0.004951436 1.54261e-08 
1786056213.593 -0.005381276 -0.005625438 -0.004951436 1.54261e-08 
1786056213.653 -0.005381276 -0.005625438 -0.003681437 1.54261e-08 
1786056213.727 -0.0003812761 -0.005625438 -0.001141438 1.54261e-08 
1786056213.838 0.004618724 -0.001625438 0.00139856 1.54261e-08 
1786056213.934 0.009618724 0.006374562 0.006478557 1.54261e-08 
1786056214.005 0.01461872 0.01437456 0.007748557 1.54261e-08 
1786056214.104 0.01961872 0.01837456 0.01028856 1.54261e-08 
1786056214.202 0.01961872 0.02237456 0.01028856 1.54261e-08 
1786056214.286 0.01461872 0.01837456 0.01028856 1.54261e-08 
1786056214.366 0.01461872 0.01837456 0.01028856 1.54261e-08 
1786056214.437 0.01461872 0.01837456 0.01028856 1.54261e-08 
1786056214.494 0.01961872 0.01837456 0.01028856 1.54261e-08 
1786056214.563 0.01961872 0.01837456 0.01028856 1.54261e-08 
1786056214.626 0.01961872 0.02237456 0.01028856 1.54261e-08 
1786056214.682 0.01961872 0.02237456 0.01028856 1.54261e-08 
1786056214.749 0.01961872 0.01837456 0.01028856 1.54261e-08 
1786056214.798 0.01461872 0.01837456 0.01028856 1.54261e-08 
1786056214.854 0.01461872 0.01837456 0.01028856 1.54261e-08 
1786056214.909 0.01461872 0.01437456 0.009018556 1.54261e-08 
1786056214.978 0.01461872 0.01437456 0.009018556 1.54261e-08 
1786056215.052 0.009618724 0.01437456 0.007748557 1.54261e-08 
1786056215.116 0.009618724 0.01037456 0.007748557 1.54261e-08 
1786056215.177 0.009618724 0.01037456 0.007748557 1.54261e-08 
1786056215.233 0.009618724 0.01037456 0.007748557 1.54261e-08 
1786056215.290 0.009618724 0.01037456 0.007748557 1.54261e-08 
1786056215.352 0.009618724 0.01037456 0.007748557 1.54261e-08 
1786056215.419 0.009618724 0.01037456 0.007748557 1.54261e-08 
1786056215.477 0.009618724 0.01037456 0.007748557 1.54261e-08 
1786056215.543 0.009618724 0.01037456 0.007748557 1.54261e-08 
1786056215.600 0.009618724 0.01037456 0.006478557 1.54261e-08 
1786056215.678 0.009618724 0.006374562 0.006478557 1.54261e-08 
1786056215.752 0.009618724 0.006374562 0.005208558 1.54261e-08 
1786056215.805 0.004618724 0.006374562 0.005208558 1.54261e-08 
1786056215.873 0.004618724 0.006374562 0.005208558 1.54261e-08 
1786056215.934 0.004618724 0.006374562 0.003938559 1.54261e-08 
1786056216.017 0.004618724 0.002374562 0.005208558 1.54261e-08 
1786056216.076 -0.0003812761 0.002374562 0.003938559 1.54261e-08 
1786056216.138 -0.005381276 -0.001625438 0.002668559 1.54261e-08 
1786056216.202 -0.01038128 -0.005625438 0.00139856 1.54261e-08 
1786056216.276 -0.01038128 -0.009625438 0.0001285608 1.54261e-08 
1786056216.348 -0.01038128 -0.009625438 -0.001141438 1.54261e-08 
1786056216.399 -0.01038128 -0.009625438 -0.003681437 1.54261e-08 
1786056216.454 -0.01038128 -0.009625438 -0.004951436 1.54261e-08 
1786056216.509 -0.01038128 -0.009625438 -0.006221436 1.54261e-08 
1786056216.579 -0.01038128 -0.009625438 -0.006221436 1.54261e-08 
1786056216.636 -0.01038128 -0.009625438 -0.006221436 1.54261e-08 
1786056216.691 -0.01038128 -0.009625438 -0.006221436 1.54261e-08 
1786056216.756 -0.01038128 -0.009625438 -0.006221436 1.54261e-08 
1786056216.810 -0.005381276 -0.005625438 -0.006221436 1.54261e-08 
1786056216.862 -0.005381276 -0.005625438 -0.004951436 1.54261e-08 
1786056216.921 -0.005381276 -0.005625438 -0.004951436 1.54261e-08 
1786056216.981 -0.005381276 -0.005625438 -0.004951436 1.54261e-08 
1786056217.037 -0.01038128 -0.009625438 -0.006221436 1.54261e-08 
1786056217.091 -0.01038128 -0.009625438 -0.006221436 1.54261e-08 
1786056217.148 -0.005381276 -0.005625438 -0.004951436 1.54261e-08 
1786056217.203 -0.01038128 -0.009625438 -0.006221436 1.54261e-08 
1786056217.263 -0.005381276 -0.005625438 -0.006221436 1.54261e-08 
1786056217.321 -0.005381276 -0.009625438 -0.006221436 1.54261e-08 
1786056217.373 -0.01038128 -0.009625438 -0.006221436 1.54261e-08 
1786056217.427 -0.01038128 -0.009625438 -0.006221436 1.54261e-08 
1786056217.492 -0.005381276 -0.005625438 -0.006221436 1.54261e-08 
1786056217.558 -0.005381276 -0.005625438 -0.006221436 1.54261e-08 
1786056217.615 -0.01038128 -0.009625438 -0.006221436 1.54261e-08 
1786056217.669 -0.005381276 -0.005625438 -0.006221436 1.54261e-08 
1786056217.723 -0.005381276 -0.005625438 -0.006221436 1.54261e-08 
1786056217.777 -0.005381276 -0.005625438 -0.004951436 1.54261e-08 
1786056217.828 -0.005381276 -0.005625438 -0.004951436 1.54261e-08 
1786056217.880 -0.005381276 -0.005625438 -0.004951436 1.54261e-08 
1786056217.940 -0.005381276 -0.005625438 -0.004951436 1.54261e-08 
1786056217.998 -0.005381276 -0.005625438 -0.004951436 1.54261e-08 
1786056218.059 -0.005381276 -0.005625438 -0.004951436 1.54261e-08 
1786056218.121 -0.01038128 -0.005625438 -0.006221436 1.54261e-08 
1786056218.183 -0.005381276 -0.005625438 -0.004951436 1.54261e-08 
1786056218.246 -0.005381276 -0.005625438 -0.004951436 1.54261e-08 
1786056218.304 -0.005381276 -0.005625438 -0.004951436 1.54261e-08 
1786056218.365 -0.005381276 -0.005625438 -0.004951436 1.54261e-08 
1786056218.420 -0.005381276 -0.005625438 -0.004951436 1.54261e-08 
1786056218.475 -0.005381276 -0.005625438 -0.004951436 1.54261e-08 
1786056218.539 -0.005381276 -0.005625438 -0.004951436 1.54261e-08 
1786056218.604 -0.005381276 -0.001625438 -0.003681437 1.54261e-08 
1786056218.661 -0.005381276 -0.001625438 -0.002411438 1.54261e-08 
1786056218.716 -0.005381276 -0.001625438 -0.001141438 1.54261e-08 
1786056218.773 -0.0003812761 -0.001625438 0.0001285608 1.54261e-08 
1786056218.827 -0.0003812761 -0.001625438 0.00139856 1.54261e-08 
1786056218.881 -0.0003812761 -0.001625438 0.002668559 1.54261e-08 
1786056218.938 -0.0003812761 -0.001625438 0.002668559 1.54261e-08 
1786056219.005 -0.0003812761 -0.001625438 0.003938559 1.54261e-08 
1786056219.071 -0.0003812761 -0.001625438 0.005208558 1.54261e-08 
1786056219.134 0.004618724 -0.001625438 0.005208558 1.54261e-08 
1786056219.185 -0.0003812761 -0.001625438 0.005208558 1.54261e-08 
1786056219.248 -0.0003812761 -0.005625438 0.003938559 1.54261e-08 
1786056219.301 -0.0003812761 -0.005625438 0.002668559 1.54261e-08 
1786056219.355 -0.0003812761 -0.005625438 0.002668559 1.54261e-08 
1786056219.404 -0.005381276 -0.005625438 0.00139856 1.54261e-08 
1786056219.469 -0.005381276 -0.009625438 -0.001141438 1.54261e-08 
1786056219.543 -0.005381276 -0.009625438 -0.001141438 1.54261e-08 
1786056219.604 -0.01038128 -0.009625438 -0.002411438 1.54261e-08 
1786056219.661 -0.005381276 -0.005625438 -0.003681437 1.54261e-08 
1786056219.716 -0.01038128 -0.009625438 -0.004951436 1.54261e-08 
1786056219.772 -0.005381276 -0.005625438 -0.004951436 1.54261e-08 
1786056219.824 -0.005381276 -0.005625438 -0.004951436 1.54261e-08 
1786056219.876 -0.005381276 -0.005625438 -0.004951436 1.54261e-08 
1786056219.937 -0.005381276 -0.005625438 -0.004951436 1.54261e-08 
1786056220.000 -0.005381276 -0.005625438 -0.004951436 1.54261e-08 
1786056220.053 -0.005381276 -0.005625438 -0.004951436 1.54261e-08 
1786056220.110 -0.005381276 -0.005625438 -0.006221436 1.54261e-08 
1786056220.177 -0.01038128 -0.009625438 -0.006221436 1.54261e-08 
1786056220.234 -0.01038128 -0.005625438 -0.006221436 1.54261e-08 
1786056220.288 -0.01038128 -0.009625438 -0.006221436 1.54261e-08 
1786056220.342 -0.01038128 -0.009625438 -0.006221436 1.54261e-08 
1786056220.394 -0.01038128 -0.009625438 -0.006221436 1.54261e-08 
1786056220.451 -0.01038128 -0.009625438 -0.007491435 1.54261e-08 
1786056220.518 -0.01538128 -0.009625438 -0.007491435 1.54261e-08 
1786056220.577 -0.01538128 -0.01362544 -0.007491435 1.54261e-08 
1786056220.633 -0.01538128 -0.01362544 -0.007491435 1.54261e-08 
1786056220.686 -0.01538128 -0.01362544 -0.007491435 1.54261e-08 
1786056220.738 -0.01038128 -0.01362544 -0.007491435 1.54261e-08 
1786056220.791 -0.01038128 -0.01362544 -0.008761434 1.54261e-08 
1786056220.844 -0.01038128 -0.009625438 -0.007491435 1.54261e-08 
1786056220.908 -0.01038128 -0.01362544 -0.007491435 1.54261e-08 
1786056220.966 -0.01038128 -0.01362544 -0.007491435 1.54261e-08 
1786056221.026 -0.01038128 -0.009625438 -0.007491435 1.54261e-08 
1786056221.081 -0.01038128 -0.009625438 -0.007491435 1.54261e-08 
1786056221.143 -0.01038128 -0.009625438 -0.007491435 1.54261e-08 
1786056221.199 -0.01038128 -0.009625438 -0.006221436 1.54261e-08 
1786056221.258 -0.01038128 -0.009625438 -0.006221436 1.54261e-08 
1786056221.311 -0.005381276 -0.009625438 -0.006221436 1.54261e-08 
1786056221.367 -0.005381276 -0.009625438 -0.004951436 1.54261e-08 
1786056221.424 -0.005381276 -0.005625438 -0.004951436 1.54261e-08 
1786056221.486 -0.005381276 -0.005625438 -0.003681437 1.54261e-08 
1786056221.539 -0.005381276 -0.005625438 -0.002411438 1.54261e-08 
1786056221.599 -0.005381276 -0.005625438 0.0001285608 1.54261e-08 
1786056221.665 -0.0003812761 -0.001625438 0.00139856 1.54261e-08 
1786056221.725 -0.0003812761 -0.001625438 0.003938559 1.54261e-08 
1786056221.791 -0.0003812761 -0.001625438 0.006478557 1.54261e-08 
1786056221.844 -0.0003812761 0.002374562 0.006478557 1.54261e-08 
1786056221.910 0.004618724 0.002374562 0.006478557 1.54261e-08 
1786056221.979 0.004618724 0.006374562 0.006478557 1.54261e-08 
1786056222.045 0.004618724 0.006374562 0.006478557 1.54261e-08 
1786056222.096 0.009618724 0.006374562 0.007748557 1.54261e-08 
1786056222.149 0.004618724 0.006374562 0.006478557 1.54261e-08 
1786056222.201 0.004618724 0.006374562 0.006478557 1.54261e-08 
1786056222.262 0.004618724 0.006374562 0.007748557 1.54261e-08 
1786056222.313 0.009618724 0.006374562 0.007748557 1.54261e-08 
1786056222.366 0.009618724 0.006374562 0.007748557 1.54261e-08 
1786056222.432 0.004618724 0.006374562 0.006478557 1.54261e-08 
1786056222.498 0.009618724 0.006374562 0.007748557 1.54261e-08 
1786056222.551 0.004618724 0.006374562 0.007748557 1.54261e-08 
1786056222.605 0.009618724 0.01037456 0.006478557 1.54261e-08 
1786056222.657 0.009618724 0.006374562 0.006478557 1.54261e-08 
1786056222.710 0.004618724 0.006374562 0.006478557 1.54261e-08 
1786056222.765 0.009618705 0.01020771 0.006478534 -0.0006843714 
1786056222.825 0.004618605 0.009049677 0.005207757 -0.004049064 
1786056222.876 0.004618403 0.007690961 0.005202537 -0.01110076 
1786056222.948 -0.0003819536 0.003772289 0.005182458 -0.02312031 
1786056223.017 -0.0003824335 0.003409561 0.005132403 -0.03947815 
1786056223.091 -0.0003831968 0.007233965 0.006266479 -0.06587968 
1786056223.160 0.004616076 0.01199554 0.00735006 -0.09030601 
1786056223.215 0.009615248 0.01427786 0.008331514 -0.1185805 
1786056223.270 0.009614466 0.01464516 0.007979972 -0.1457997 
1786056223.328 0.009613465 0.01075893 0.007446119 -0.1793926 
1786056223.393 0.00961232 0.009437495 0.006672721 -0.2191126 
1786056223.469 0.009610892 0.01019705 0.006800894 -0.2672253 
1786056223.529 0.00460939 0.008960108 0.00533547 -0.3184075 
1786056223.593 0.004607757 0.008853168 0.004720571 -0.3740939 
1786056223.648 0.004606345 0.00651825 0.005386408 -0.4231845 
1786056223.707 0.004604705 0.007812569 0.005464317 -0.4782402 
1786056223.763 0.009603023 0.008992367 0.006432584 -0.5356099 
1786056223.818 0.004601374 0.0100432 0.007080557 -0.5929598 
1786056223.871 0.009599576 0.007415057 0.005951484 -0.6532371 
1786056223.925 0.004597724 0.00510701 0.005533857 -0.7164082 
1786056223.997 0.009595159 0.01098013 0.006654191 -0.8039205 
1786056224.065 -0.0004072799 -0.003270149 0.001050633 -0.887104 
1786056224.119 -0.01040959 -0.00960488 -0.0049574 -0.9674337 
1786056224.187 -0.01541209 -0.01646493 -0.008891366 -1.058506 
1786056224.244 -0.01541496 -0.01658982 -0.01104437 -1.149107 
1786056224.318 -0.01541819 -0.01600797 -0.01003522 -1.259313 
1786056224.389 -0.01542171 -0.01537352 -0.01155699 -1.379415 
1786056224.448 -0.01542453 -0.01639088 -0.01126728 -1.477486 
1786056224.520 -0.01542802 -0.01764 -0.01111028 -1.594866 
1786056224.587 -0.0154317 -0.01467372 -0.01113448 -1.720518 
1786056224.647 -0.01543513 -0.01633815 -0.009867519 -1.837416 
1786056224.711 -0.01543884 -0.0112927 -0.01053895 -1.964151 
1786056224.771 -0.01544214 -0.01351028 -0.0103102 -2.078723 
1786056224.837 -0.01544608 -0.01256925 -0.01014473 -2.211288 
1786056224.899 -0.01545021 -0.01193219 -0.009818672 -2.352231 
1786056224.969 -0.0104544 -0.01150872 -0.009409866 -2.49538 
1786056225.044 -0.01545905 -0.01118691 -0.008716742 -2.654193 
1786056225.107 -0.01546399 -0.01301844 -0.009331975 -2.822609 
1786056225.176 -0.01046878 -0.01103783 -0.009547994 -2.988972 
1786056225.256 -0.01547445 -0.013979 -0.01000852 -3.1828 
1786056225.318 -0.01047924 -0.0123432 -0.008740048 -3.343684 
1786056225.382 -0.01048414 -0.01315984 -0.009850597 -3.513861 
1786056225.446 -0.01548932 -0.01454497 -0.01022724 -3.688248 
1786056225.506 -0.01049422 -0.01461357 -0.01097397 -3.855833 
1786056225.570 -0.01549948 -0.01451237 -0.01038234 -4.035712 
1786056225.632 -0.01050443 -0.01279349 -0.009929497 -4.205017 
1786056225.693 -0.01550974 -0.01427006 -0.009938245 -4.386693 
1786056225.753 -0.01551517 -0.014541 -0.009799173 -4.572262 
1786056225.808 -0.01051989 -0.008368478 -0.009568296 -4.733951 
1786056225.874 -0.01052543 -0.01088591 -0.01000191 -4.92352 
1786056225.953 -0.01053304 -0.00913861 -0.009025573 -5.184147 
1786056226.030 -0.01054036 -0.01046239 -0.009474583 -5.43841 
1786056226.091 -0.01054638 -0.008670292 -0.00920225 -5.641464 
1786056226.162 -0.01055331 -0.01328077 -0.009349351 -5.879092 
1786056226.242 -0.01056079 -0.009225302 -0.009767137 -6.135486 
1786056226.312 -0.01056811 -0.01118173 -0.009181581 -6.393825 
1786056226.388 -0.01057664 -0.01459873 -0.009299542 -6.679612 
1786056226.458 -0.01058459 -0.01183862 -0.009224127 -6.952737 
1786056226.518 -0.0105906 -0.01189435 -0.009073576 -7.159321 
1786056226.593 -0.01059882 -0.009713447 -0.009578148 -7.441991 
1786056226.660 -0.0106064 -0.01294986 -0.009305538 -7.706732 
1786056226.720 -0.01061387 -0.008001382 -0.009553942 -7.960056 
1786056226.775 -0.0106204 -0.008763161 -0.009922818 -8.185012 
1786056226.852 -0.01062928 -0.008259907 -0.009650971 -8.491238 
1786056226.924 -0.01063759 -0.01318297 -0.009356773 -8.77796 
1786056227.021 -0.01064788 -0.01122732 -0.009299068 -9.133587 
1786056227.102 -0.01065976 -0.01512337 -0.009139839 -9.548518 
1786056227.170 -0.01066854 -0.01047308 -0.009638842 -9.847889 
1786056227.238 -0.0106768 -0.01312631 -0.009381255 -10.13398 
1786056227.319 -0.0106882 -0.009767491 -0.009831513 -10.53396 
1786056227.389 -0.01069686 -0.01036764 -0.00946125 -10.82982 
1786056227.455 -0.01070535 -0.007988413 -0.009197449 -11.13457 
1786056227.517 -0.005714775 -0.01199503 -0.009101533 -11.45769 
1786056227.591 -0.005725023 -0.006891322 -0.009363525 -11.80977 
1786056227.647 -0.005733155 -0.006841068 -0.009879296 -12.09816 
1786056227.706 -0.01074123 -0.01109966 -0.009683465 -12.3753 
1786056227.761 -0.01074939 -0.01235025 -0.01032138 -12.66057 
1786056227.829 -0.01075822 -0.01051016 -0.00898671 -12.97466 
1786056227.895 -0.01076906 -0.004995148 -0.008960357 -13.34901 
1786056227.978 -0.005779286 -0.007405395 -0.009100175 -13.70784 
1786056228.049 -0.005791295 -0.005754378 -0.008564238 -14.12988 
1786056228.116 -0.005801781 -0.007025931 -0.009054167 -14.49914 
1786056228.207 -0.005814241 -0.007395403 -0.009335538 -14.93845 
1786056228.283 -0.005826547 -0.009088719 -0.009694353 -15.37363 
1786056228.344 -0.01083726 -0.01102825 -0.009318632 -15.75295 
1786056228.416 -0.01084872 -0.007099851 -0.01042824 -16.16529 
1786056228.474 -0.005858209 -0.01022046 -0.01027133 -16.49671 
1786056228.529 -0.005867123 -0.007616826 -0.01036563 -16.81421 
1786056228.585 -0.01087627 -0.008355716 -0.01040229 -17.14057 
1786056228.653 -0.01088698 -0.007531214 -0.009676159 -17.52908 
1786056228.712 -0.01089728 -0.007354458 -0.009495579 -17.8921 
1786056228.769 -0.01090683 -0.007831878 -0.009868104 -18.2347 
1786056228.821 -0.005915943 -0.01168736 -0.0108383 -18.56225 
1786056228.876 -0.01092495 -0.007992675 -0.0108126 -18.88664 
1786056228.955 -0.005937105 -0.006217985 -0.01008461 -19.33801 
1786056229.035 -0.005951625 -0.009102591 -0.009937701 -19.8514 
1786056229.112 -0.01096559 -0.006130951 -0.01081205 -20.35848 
1786056229.196 -0.005979152 -0.007805566 -0.01065763 -20.85277 
1786056229.269 -0.01099337 -0.01282102 -0.01123059 -21.37266 
1786056229.337 -0.01100573 -0.008150965 -0.0111414 -21.82637 
1786056229.404 -0.01101745 -0.008597781 -0.01238074 -22.2577 
1786056229.467 -0.006029076 -0.004910686 -0.01106968 -22.6868 
1786056229.535 -0.006040773 -0.003071147 -0.01122829 -23.11995 
1786056229.591 -0.006052173 -0.005854568 -0.01178751 -23.54348 
1786056229.649 -0.006062341 -0.007842867 -0.01136161 -23.92935 
1786056229.711 -0.006073678 -0.01058636 -0.01200981 -24.34624 
1786056229.772 -0.006085451 -0.01029106 -0.01121311 -24.79502 
1786056229.828 -0.01109616 -0.009271414 -0.01173934 -25.19797 
1786056229.886 -0.01110691 -0.006683482 -0.01117158 -25.60416 
1786056229.958 -0.006120573 -0.006327245 -0.01212324 -26.11466 
1786056230.041 -0.006134689 -0.006371386 -0.01213246 -26.65227 
1786056230.112 -0.006149266 -0.01035597 -0.01167055 -27.21014 
1786056230.188 -0.0111645 -0.008859594 -0.01261403 -27.79588 
1786056230.252 -0.006176507 -0.007642006 -0.01163719 -28.26007 
1786056230.334 -0.00619157 -0.006821381 -0.01239901 -28.8449 
1786056230.396 -0.0062054 -0.00560681 -0.01145679 -29.38499 
1786056230.453 -0.006216296 -0.008548983 -0.01250276 -29.81233 
1786056230.528 -0.006229045 -0.009753078 -0.01214801 -30.31492 
1786056230.591 -0.01124116 -0.01160514 -0.01175995 -30.79507 
1786056230.656 -0.00625303 -0.01298316 -0.01166069 -31.27507 
1786056230.710 -0.006264839 -0.009461914 -0.01328546 -31.73999 
1786056230.768 -0.006275472 -0.006737179 -0.01248566 -32.16741 
1786056230.827 -0.006286241 -0.006773913 -0.01109052 -32.61007 
1786056230.883 -0.006296772 -0.006717611 -0.01173906 -33.02999 
1786056230.946 -0.006307803 -0.0079431 -0.0127746 -33.47997 
1786056231.016 -0.006319507 -0.008751253 -0.01234058 -33.95995 
1786056231.077 -0.006331688 -0.01026157 -0.01167007 -34.46252 
1786056231.138 -0.006343436 -0.006560386 -0.01243538 -34.94989 
1786056231.210 -0.00635386 -0.00948351 -0.01196948 -35.39264 
1786056231.272 -0.006367257 -0.00523623 -0.01153275 -35.94748 
1786056231.336 -0.006378613 -0.004343499 -0.01323659 -36.42742 
1786056231.398 -0.006388492 -0.005523405 -0.01159321 -36.85521 
1786056231.454 -0.006399367 -0.008605327 -0.01171289 -37.31235 
1786056231.508 -0.006408958 -0.008893377 -0.01229827 -37.72499 
1786056231.567 -0.006418668 -0.01033057 -0.01259712 -38.15235 
1786056231.628 -0.006428667 -0.008757973 -0.01150264 -38.58002 
1786056231.684 -0.006438776 -0.006092583 -0.01192765 -39.0225 
1786056231.740 -0.006448652 -0.007891662 -0.01323039 -39.45737 
1786056231.795 -0.00645796 -0.006105513 -0.01280865 -39.86993 
1786056231.854 -0.006467884 -0.006877578 -0.01185502 -40.31245 
1786056231.910 -0.006476909 -0.007108435 -0.01294439 -40.72501 
1786056231.987 -0.006489023 -0.009904085 -0.01162125 -41.27238 
1786056232.057 -0.006500545 -0.009041983 -0.01111304 -41.79754 
1786056232.134 -0.006511647 -0.008673033 -0.01065667 -42.30014 
1786056232.205 -0.006525238 -0.009026907 -0.01113136 -42.93006 
1786056232.274 -0.006536298 -0.004635569 -0.01281955 -43.44736 
1786056232.332 -0.006545523 -0.004653774 -0.01271653 -43.88993 
1786056232.391 -0.006555309 -0.00587448 -0.01143579 -44.34729 
1786056232.452 -0.006564394 -0.0067839 -0.01095907 -44.78284 
1786056232.506 -0.006573411 -0.008717803 -0.01217609 -45.21735 
1786056232.560 -0.006581436 -0.0119511 -0.01142432 -45.60738 
1786056232.621 -0.006590932 -0.01030728 -0.01214313 -46.0723 
1786056232.685 -0.0066005 -0.006998653 -0.01227815 -46.54464 
1786056232.756 -0.006610135 -0.01090066 -0.00987681 -47.02533 
1786056232.812 -0.001619535 -0.00764119 -0.0109138 -47.49765 
1786056232.868 -0.001627525 -0.005643561 -0.0128342 -47.90251 
1786056232.938 -0.006637352 -0.004816064 -0.0117756 -48.40507 
1786056233.010 -0.006648382 -0.006221481 -0.0135993 -48.98244 
1786056233.103 -0.006660427 -0.009753421 -0.01130759 -49.60517 
1786056233.172 -0.006671051 -0.008714612 -0.01177664 -50.16752 
1786056233.247 -0.001681133 -0.007171109 -0.008952546 -50.71546 
1786056233.320 -0.006690136 -0.007768286 -0.01198112 -51.1951 
1786056233.383 -0.006700542 -0.006363381 -0.01186635 -51.7724 
1786056233.444 -0.0067088 -0.007211835 -0.00952231 -52.22989 
1786056233.500 -0.00671644 -0.004102434 -0.01058729 -52.65001 
1786056233.561 -0.006724402 -0.00753555 -0.01017582 -53.09997 
1786056233.623 -0.006732411 -0.005847437 -0.01224154 -53.55738 
1786056233.687 -0.006740334 -0.008611932 -0.01121602 -54.01502 
1786056233.747 -0.00174881 -0.00998308 -0.01149938 -54.51014 
1786056233.810 -0.006756678 -0.007208395 -0.01130707 -54.97495 
1786056233.873 -0.006763832 -0.008887921 -0.01167224 -55.40238 
1786056233.941 -0.006772759 -0.008030114 -0.01150674 -55.94244 
1786056234.016 -0.006781197 -0.008356998 -0.01119022 -56.45972 
1786056234.110 -0.006792033 -0.01063596 -0.01008126 -57.15762 
1786056234.204 -0.006802321 -0.006111234 -0.01207966 -57.81024 
1786056234.284 -0.006812884 -0.008577975 -0.01089239 -58.47002 
1786056234.382 -0.006824821 -0.00888028 -0.01142227 -59.25759 
1786056234.456 -0.006832295 -0.009408491 -0.01247629 -59.75999 
1786056234.547 -0.006842051 -0.009476174 -0.011806 -60.43499 
1786056234.641 -0.00685267 -0.01013145 -0.009796447 -61.20724 
1786056234.718 -0.00686055 -0.009357187 -0.007938349 -61.75585 
1786056234.802 -0.006868773 -0.006625986 -0.01105011 -62.33058 
1786056234.871 -0.006876849 -0.004191658 -0.01114188 -62.92986 
1786056234.946 -0.006883341 -0.006115143 -0.008967654 -63.42796 
1786056235.031 -0.00689152 -0.01029296 -0.01008499 -64.05114 
1786056235.098 -0.006897989 -0.006855134 -0.008577196 -64.56017 
1786056235.179 -0.006904711 -0.01091213 -0.01027977 -65.09926 
1786056235.265 -0.001911988 -0.0132213 -0.008708326 -65.69563 
1786056235.333 -0.006917792 -0.008798381 -0.008232556 -66.18113 
1786056235.399 -0.006923428 -0.00832015 -0.007112613 -66.66192 
1786056235.479 -0.006929054 -0.009825538 -0.008618762 -67.15113 
1786056235.543 -0.006934658 -0.007450266 -0.008275325 -67.64849 
1786056235.602 -0.006938927 -0.0081552 -0.008745191 -68.03471 
1786056235.657 -0.006943018 -0.006829888 -0.008664794 -68.41091 
1786056235.718 -0.006947146 -0.005377137 -0.008519947 -68.80339 
1786056235.780 -0.001951031 -0.007630617 -0.007976915 -69.1729 
1786056235.837 -0.006955211 -0.006185734 -0.007919656 -69.5711 
1786056235.892 -0.0069587 -0.007939981 -0.007241715 -69.91491 
1786056235.967 -0.006962971 -0.004199581 -0.006235906 -70.34357 
1786056236.045 -0.001967766 -0.009032279 -0.006568542 -70.84209 
1786056236.131 -0.006972557 -0.00637296 -0.004465125 -71.35253 
1786056236.209 -0.006977164 -0.00949449 -0.006261134 -71.84373 
1786056236.277 -0.006980847 -0.01002653 -0.007179264 -72.24507 
1786056236.342 -0.006984512 -0.006070372 -0.007147068 -72.66579 
1786056236.421 -0.006988448 -0.006397906 -0.006466648 -73.11609 
1786056236.483 -0.00699142 -0.009710098 -0.005317849 -73.47445 
1786056236.543 -0.006994486 -0.009319964 -0.007578423 -73.84028 
1786056236.601 -0.006997135 -0.007221686 -0.005226789 -74.16836 
1786056236.667 -0.006999837 -0.006967304 -0.003592924 -74.51543 
1786056236.755 -0.007003375 -0.007582634 -0.004144987 -74.96849 
1786056236.839 -0.007006718 -0.00503834 -0.003944587 -75.41464 
1786056236.911 -0.007009801 -0.008374086 -0.004871621 -75.83817 
1786056236.999 -0.007012933 -0.006185296 -0.003080694 -76.28173 
1786056237.103 -0.007015746 -0.00893616 -0.003454055 -76.6923 
1786056237.190 -0.007019553 -0.007503628 -0.001049844 -77.27407 
1786056237.273 -0.007022038 -0.007150752 -0.0009353365 -77.65939 
1786056237.350 -0.007024617 -0.008926497 0.001018736 -78.08304 
1786056237.431 -0.007026898 -0.007041447 0.001663378 -78.46073 
1786056237.497 -0.007028827 -0.00651263 0.003270684 -78.79935 
1786056237.569 -0.002030648 -0.006769473 0.005572294 -79.12352 
1786056237.642 -0.007032489 -0.00715969 0.005276846 -79.4613 
1786056237.726 -0.007034479 -0.007103109 0.007857085 -79.83461 
1786056237.792 -0.002036052 -0.006620156 0.007473359 -80.14323 
1786056237.865 -0.002037512 -0.00786415 0.00639493 -80.43843 
1786056237.927 -0.007038988 -0.006041282 0.007237337 -80.74641 
1786056237.999 -0.007040276 -0.007913995 0.007317561 -81.02391 
1786056238.096 -0.002041893 -0.007136599 0.008195159 -81.38458 
1786056238.173 -0.007043241 -0.005699367 0.006931174 -81.69713 
1786056238.262 -0.007044824 -0.007452272 0.007184411 -82.07976 
1786056238.333 -0.007046057 -0.00399176 0.007534541 -82.39109 
1786056238.418 -0.007047231 -0.007637898 0.008636832 -82.70005 
1786056238.478 -0.007048201 -0.006511956 0.007160529 -82.96495 
1786056238.549 -0.00704913 -0.005002207 0.007813518 -83.22878 
1786056238.626 -0.007050007 -0.009444675 0.009035165 -83.48763 
1786056238.688 -0.007050755 -0.006623586 0.009159814 -83.71655 
1786056238.780 -0.007051677 -0.00652532 0.00824136 -84.01071 
1786056238.846 -0.007052466 -0.007953774 0.008863527 -84.27764 
1786056238.915 -0.007053072 -0.004582513 0.009004637 -84.49207 
1786056239.018 -0.007053898 -0.006465589 0.00865767 -84.78679 
1786056239.108 -0.007054711 -0.00716373 0.008392777 -85.10152 
1786056239.172 -0.002055256 -0.003082942 0.008892627 -85.32429 
1786056239.237 -0.007055716 -0.007217788 0.008684728 -85.52094 
1786056239.316 -0.007056198 -0.003484916 0.008499339 -85.74554 
1786056239.378 -0.00705661 -0.004458766 0.008746734 -85.93013 
1786056239.445 -0.007056999 -0.005028771 0.009693646 -86.12466 
1786056239.520 -0.007057377 -0.00602171 0.009124605 -86.31705 
1786056239.593 -0.00705773 -0.006493868 0.009976108 -86.50998 
1786056239.657 -0.007058043 -0.006753625 0.00903956 -86.68982 
1786056239.713 -0.007058287 -0.00811683 0.009777619 -86.83738 
1786056239.784 -0.002058538 -0.00426522 0.009116304 -86.99627 
1786056239.859 -0.007058814 -0.00679928 0.01001275 -87.18444 
1786056239.925 -0.007059028 -0.006691958 0.01037279 -87.33427 
1786056239.997 -0.002059244 -0.005385646 0.01092641 -87.50025 
1786056240.089 -0.002059471 -0.005980857 0.009355396 -87.68227 
1786056240.172 -0.002059682 -0.005642693 0.009950012 -87.86784 
1786056240.279 -0.002059884 -0.003142106 0.0111528 -88.06149 
1786056240.391 -0.002060073 -0.007010194 0.01033941 -88.26273 
1786056240.489 -0.007060243 -0.006643779 0.009954813 -88.46521 
1786056240.597 -0.002060361 -0.003866165 0.01085201 -88.62555 
1786056240.677 -0.007060465 -0.004090741 0.01077943 -88.7816 
1786056240.777 -0.007060548 -0.008293 0.01105821 -88.9225 
1786056240.859 -0.00206061 -0.007995615 0.01074859 -89.04645 
1786056240.982 -0.007060683 -0.00645333 0.009827453 -89.20494 
1786056241.097 -0.007060735 -0.004637232 0.01100423 -89.34335 
1786056241.185 -0.007060767 -0.006587155 0.01006326 -89.4456 
1786056241.275 -0.00706079 -0.006118456 0.01049545 -89.53536 
1786056241.362 -0.002060806 -0.006962031 0.01095414 -89.61105 
1786056241.439 -0.00706082 -0.004376235 0.01086209 -89.68636 
1786056241.535 -0.007060829 -0.006656826 0.01137324 -89.74866 
1786056241.638 -0.007060837 -0.005196043 0.01153285 -89.8176 
1786056241.716 -0.00206084 -0.004470391 0.0105008 -89.86428 
1786056241.802 -0.002060843 -0.004028246 0.01104224 -89.9032 
1786056241.879 -0.007060844 -0.007771076 0.01074853 -89.93591 
1786056241.949 -0.007060845 -0.003649902 0.01111024 -89.95967 
1786056242.041 -0.007060845 -0.007594198 0.01164966 -89.97795 
1786056242.119 -0.007060845 -0.007573061 0.01046558 -89.99268 
1786056242.226 -0.002060845 -0.003570443 0.01202111 -89.99989 
1786056242.323 -0.007060845 -0.007570442 0.01012034 -90 
1786056242.396 -0.007060845 -0.007570442 0.01012034 -90 
1786056242.496 -0.002060845 -0.003570442 0.01012034 -90 
1786056242.575 -0.007060845 -0.003570442 0.01012034 -90 
1786056242.649 -0.007060845 -0.007570442 0.008850338 -90 
1786056242.702 -0.007060845 -0.003570442 0.008850338 -90 
1786056242.757 -0.007060845 -0.003570442 0.01012034 -90 
1786056242.811 -0.007060845 -0.003570442 0.01012034 -90 
1786056242.883 -0.007060845 -0.007570442 0.008850338 -90 
1786056242.945 -0.007060845 -0.007570442 0.01012034 -90 
1786056243.025 -0.007060845 -0.007570442 0.008850338 -90 
1786056243.119 -0.007060845 -0.007570442 0.008850338 -90 
1786056243.187 -0.002060845 -0.003570442 0.008850338 -90 
1786056243.262 -0.002060845 -0.003570442 0.008850338 -90 
1786056243.320 -0.007060845 -0.007570442 0.008850338 -90 
1786056243.375 -0.007060845 -0.003570442 0.008850338 -90 
1786056243.446 -0.002060845 -0.003570442 0.007580339 -90 
1786056243.499 -0.007060845 -0.007570442 0.007580339 -90 
1786056243.555 -0.002060845 -0.003570442 0.008850338 -90 
1786056243.617 -0.007060845 -0.007570442 0.008850338 -90 
1786056243.672 -0.002060845 -0.003570442 0.008850338 -90 
1786056243.725 -0.002060845 -0.003570442 0.008850338 -90 
1786056243.776 -0.002060845 -0.003570442 0.007580339 -90 
1786056243.824 -0.002060845 -0.003570442 0.007580339 -90 
1786056243.876 -0.002060845 -0.003570442 0.008850338 -90 
1786056243.934 -0.007060845 -0.003570442 0.007580339 -90 
1786056243.995 -0.002060845 -0.003570442 0.008850338 -90 
1786056244.054 -0.002060845 -0.003570442 0.008850338 -90 
1786056244.122 -0.002060845 -0.003570442 0.007580339 -90 
1786056244.178 -0.002060845 -0.003570442 0.008850338 -90 
1786056244.235 -0.007060845 -0.007570442 0.007580339 -90 
1786056244.286 -0.002060845 -0.003570442 0.008850338 -90 
1786056244.352 -0.002060845 -0.003570442 0.007580339 -90 
1786056244.406 -0.002060845 -0.003570442 0.007580339 -90 
1786056244.459 -0.002060845 -0.003570442 0.007580339 -90 
1786056244.508 -0.002060845 -0.003570442 0.007580339 -90 
1786056244.571 -0.002060845 -0.003570442 0.007580339 -90 
1786056244.625 -0.002060845 -0.003570442 0.007580339 -90 
1786056244.676 -0.002060845 -0.003570442 0.007580339 -90 
1786056244.728 -0.002060845 -0.003570442 0.007580339 -90 
1786056244.783 -0.007060845 -0.003570442 0.007580339 -90 
1786056244.835 -0.007060845 -0.003570451 0.008665469 -89.99958 
1786056244.894 0.002939155 0.0004288894 0.01050477 -89.9963 
1786056244.979 0.01293915 0.01242286 0.01468969 -89.9883 
1786056245.087 0.01793916 0.01637627 0.01467112 -89.96699 
1786056245.165 0.01793916 0.02023774 0.01547617 -89.93735 
1786056245.240 0.01793916 0.02001585 0.01603393 -89.90798 
1786056245.313 0.01293916 0.01964144 0.01506341 -89.87298 
1786056245.376 0.01293916 0.01914925 0.0147188 -89.83812 
1786056245.453 0.01293917 0.01846854 0.01416098 -89.79968 
1786056245.514 0.01793917 0.01739508 0.0134604 -89.75075 
1786056245.571 0.01293918 0.01631158 0.01371132 -89.70968 
1786056245.626 0.01293918 0.01493415 0.01324056 -89.66462 
1786056245.691 0.01293919 0.01723706 0.01317797 -89.61629 
1786056245.761 0.01293921 0.01439703 0.0121764 -89.54687 
1786056245.813 0.01293922 0.01586984 0.0120749 -89.49198 
1786056245.870 0.01293924 0.01677547 0.01301705 -89.43397 
1786056245.957 0.01293926 0.01565535 0.01332686 -89.34793 
1786056246.018 0.01293929 0.0146778 0.01318171 -89.27398 
1786056246.097 0.01293933 0.01512762 0.01194774 -89.17439 
1786056246.171 0.007939371 0.007134898 0.008463227 -89.07928 
1786056246.244 -0.002060575 0.0007820516 0.006685172 -88.97183 
1786056246.310 -0.007060519 -0.005898878 0.00617768 -88.87049 
1786056246.367 -0.007060466 -0.007905097 0.005854845 -88.7832 
1786056246.433 -0.0120604 -0.008734933 0.007384338 -88.67806 
1786056246.486 -0.01206034 -0.008631534 0.006299494 -88.5905 
1786056246.548 -0.007060258 -0.00778108 0.006576059 -88.48449 
1786056246.600 -0.01206018 -0.01008062 0.006330731 -88.3908 
1786056246.663 -0.007060088 -0.008183416 0.006857257 -88.27949 
1786056246.722 -0.007059985 -0.007819265 0.007290484 -88.16639 
1786056246.783 -0.007059872 -0.005389678 0.006236904 -88.04966 
1786056246.835 -0.007059761 -0.006558681 0.006596321 -87.94161 
1786056246.911 -0.007059611 -0.01527941 0.1472547 -87.82841 
1786056246.991 -0.007059425 -0.05136585 1.054534 -87.82841 
1786056247.092 -0.007059159 -0.1015521 2.221237 -87.82841 
1786056247.166 -1.819031e-14 0 0 -87.82841 
1786056247.242 -1.819031e-14 0 0 -87.82841 
1786056247.307 -1.819031e-14 0 0 -87.82841 
1786056247.369 -1.819031e-14 0 0 -87.82841 
1786056247.429 -1.819031e-14 0 0 -87.82841 
1786056247.501 -1.819031e-14 0 0 -87.82841 
1786056247.563 -1.819031e-14 0 0 -87.82841 
1786056247.621 -1.819031e-14 0 0 -87.82841 
1786056247.674 -1.819031e-14 0 0 -87.82841 
1786056247.727 -1.819031e-14 0 0 -87.82841 
1786056247.784 -1.819031e-14 0 0 -87.82841 
1786056247.836 -1.819031e-14 0 0 -87.82841 
1786056247.883 -1.819031e-14 0 0 -87.82841 
1786056247.935 -1.819031e-14 0 0 -87.82841 
1786056247.984 -1.819031e-14 0 0 -87.82841 
1786056248.033 -1.819031e-14 0 0 -87.82841 
1786056248.104 -1.819031e-14 0 0 -87.82841 
1786056248.164 -1.819031e-14 0 0 -87.82841 
1786056248.247 -1.819031e-14 0 0 -87.82841 
1786056248.314 -1.819031e-14 0 0 -87.82841 
1786056248.397 -1.819031e-14 0 0 -87.82841 
1786056248.479 -1.819031e-14 0 0 -87.82841 
1786056248.553 -1.819031e-14 0 0 -87.82841 
1786056248.619 -1.819031e-14 0 0 -87.82841 
1786056248.674 -1.819031e-14 0 0 -87.82841 
1786056248.727 -1.819031e-14 0 0 -87.82841 
1786056248.790 -1.819031e-14 0 0 -87.82841 
1786056248.842 -1.819031e-14 0 0 -87.82841 
1786056248.895 -1.819031e-14 0 0 -87.82841 
1786056248.955 -1.819031e-14 0 0 -87.82841 
1786056249.010 -1.819031e-14 0 0 -87.82841 
1786056249.064 -1.819031e-14 0 0 -87.82841 
1786056249.125 -1.819031e-14 0 0 -87.82841 
1786056249.193 -1.819031e-14 0 0 -87.82841 
1786056249.243 -1.819031e-14 0 0 -87.82841 
1786056249.297 -1.819031e-14 0 0 -87.82841 
1786056249.363 -1.819031e-14 0 0 -87.82841 
1786056249.427 -1.819031e-14 0 0 -87.82841 
1786056249.479 -1.819031e-14 0 0 -87.82841 
1786056249.529 -1.819031e-14 0 0 -87.82841 
1786056249.585 -1.819031e-14 0 0 -87.82841 
1786056249.633 -1.819031e-14 0 0 -87.82841 
1786056249.685 -1.819031e-14 0 0 -87.82841 
1786056249.737 -1.819031e-14 0 0 -87.82841 
1786056249.791 -1.819031e-14 0 0 -87.82841 
1786056249.841 -1.819031e-14 0 0 -87.82841 
1786056249.903 -1.819031e-14 0 0 -87.82841 
1786056249.961 -1.819031e-14 0 0 -87.82841 
1786056250.016 -1.819031e-14 0 0 -87.82841 
1786056250.067 -1.819031e-14 0 0 -87.82841 
1786056250.118 -1.819031e-14 0 0 -87.82841 
1786056250.173 -1.819031e-14 0 0 -87.82841 
1786056250.227 -1.819031e-14 0 0 -87.82841 
1786056250.283 -1.819031e-14 0 0 -87.82841 
1786056250.353 -1.819031e-14 0 0 -87.82841 
1786056250.408 -1.819031e-14 0 0 -87.82841 
1786056250.463 -1.819031e-14 0 0 -87.82841 
1786056250.513 -1.819031e-14 0 0 -87.82841 
1786056250.566 -1.819031e-14 0 0 -87.82841 
1786056250.626 -1.819031e-14 0 0 -87.82841 
1786056250.676 -1.819031e-14 0 0 -87.82841 
1786056250.729 -1.819031e-14 0 0 -87.82841 
1786056250.785 -1.819031e-14 0 0 -87.82841 
1786056250.835 -1.819031e-14 0 0 -87.82841 
1786056250.887 -1.819031e-14 0 0 -87.82841 
1786056250.947 -1.819031e-14 0 0 -87.82841 
1786056250.998 -1.819031e-14 0 0 -87.82841 
1786056251.048 -1.819031e-14 0 0 -87.82841 
1786056251.115 -1.819031e-14 0 0 -87.82841 
1786056251.169 -1.819031e-14 0 0 -87.82841 
1786056251.221 -1.819031e-14 0 0 -87.82841 
1786056251.277 -1.819031e-14 0 0 -87.82841 
1786056251.330 -1.819031e-14 0 0 -87.82841 
1786056251.382 -1.819031e-14 0 0 -87.82841 
1786056251.443 -1.819031e-14 0 0 -87.82841 
1786056251.514 -1.819031e-14 0 0 -87.82841 
1786056251.565 -1.819031e-14 0 0 -87.82841 
1786056251.619 -1.819031e-14 0 0 -87.82841 
1786056251.677 -1.819031e-14 0 0 -87.82841 
1786056251.734 -1.819031e-14 0 0 -87.82841 
1786056251.791 -1.819031e-14 0 0 -87.82841 
1786056251.850 -1.819031e-14 0 0 -87.82841 
1786056251.901 -1.819031e-14 0 0 -87.82841 
1786056251.958 -1.819031e-14 0 0 -87.82841 
1786056252.006 -1.819031e-14 0 0 -87.82841 
1786056252.061 -1.819031e-14 0 0 -87.82841 
1786056252.114 -1.819031e-14 0 0 -87.82841 
1786056252.169 -1.819031e-14 0 0 -87.82841 
1786056252.229 -1.819031e-14 0 0 -87.82841 
1786056252.290 -1.819031e-14 0 0 -87.82841 
1786056252.340 -1.819031e-14 0 0 -87.82841 
1786056252.391 -1.819031e-14 0 0 -87.82841 
1786056252.442 -1.819031e-14 0 0 -87.82841 
1786056252.496 -1.819031e-14 0 0 -87.82841 
1786056252.545 -1.819031e-14 0 0 -87.82841 
1786056252.613 -1.819031e-14 0 0 -87.82841 
1786056252.679 -1.819031e-14 0 0 -87.82841 
1786056252.761 -1.819031e-14 0 0 -87.82841 
1786056252.817 -1.819031e-14 0 0 -87.82841 
1786056252.870 -1.819031e-14 0 0 -87.82841 
1786056252.937 -1.819031e-14 0 0 -87.82841 
1786056253.020 -1.819031e-14 0 0 -87.82841 
1786056253.095 -1.819031e-14 0 0 -87.82841 
1786056253.162 -1.819031e-14 0 0 -87.82841 
1786056253.228 -1.819031e-14 0 0 -87.82841 
1786056253.286 -1.819031e-14 0 0 -87.82841 
1786056253.340 -1.819031e-14 0 0 -87.82841 
1786056253.392 -1.819031e-14 0 0 -87.82841 
1786056253.444 -1.819031e-14 0 0 -87.82841 
1786056253.497 -1.819031e-14 0 0 -87.82841 
1786056253.547 -1.819031e-14 0 0 -87.82841 
1786056253.604 -1.819031e-14 0 0 -87.82841 
1786056253.655 -1.819031e-14 0 0 -87.82841 
1786056253.703 -1.819031e-14 0 0 -87.82841 
1786056253.756 -1.819031e-14 0 0 -87.82841 
1786056253.804 -1.819031e-14 0 0 -87.82841 
1786056253.890 -1.819031e-14 0 0 -87.82841 
1786056253.949 -1.819031e-14 0 0 -87.82841 
1786056254.012 -1.819031e-14 0 0 -87.82841 
1786056254.077 -1.819031e-14 0 0 -87.82841 
1786056254.153 -1.819031e-14 0 0 -87.82841 
1786056254.223 -1.819031e-14 0 0 -87.82841 
1786056254.284 -1.819031e-14 0 0 -87.82841 
1786056254.338 -1.819031e-14 0 0 -87.82841 
1786056254.399 -1.819031e-14 0 0 -87.82841 
1786056254.457 -1.819031e-14 0 0 -87.82841 
1786056254.508 -1.819031e-14 0 0 -87.82841 
1786056254.565 -1.819031e-14 0 0 -87.82841 
1786056254.621 -1.819031e-14 0 0 -87.82841 
1786056254.670 -1.819031e-14 0 0 -87.82841 
1786056254.728 -1.819031e-14 0 0 -87.82841 
1786056254.779 -1.819031e-14 0 0 -87.82841 
1786056254.829 -1.819031e-14 0 0 -87.82841 
1786056254.890 -1.819031e-14 0 0 -87.82841 
1786056254.967 -1.819031e-14 0 0 -87.82841 
1786056255.017 -1.819031e-14 0 0 -87.82841 
1786056255.069 -1.819031e-14 0 0 -87.82841 
1786056255.124 -1.819031e-14 0 0 -87.82841 
1786056255.187 -1.819031e-14 0 0 -87.82841 
1786056255.235 -1.819031e-14 0 0 -87.82841 
1786056255.291 -1.819031e-14 0 0 -87.82841 
1786056255.341 -1.819031e-14 0 0 -87.82841 
1786056255.395 -1.819031e-14 0 0 -87.82841 
1786056255.448 -1.819031e-14 0 0 -87.82841 
1786056255.509 -1.819031e-14 0 0 -87.82841 
1786056255.558 -1.819031e-14 0 0 -87.82841 
1786056255.611 -1.819031e-14 0 0 -87.82841 
1786056255.665 -1.819031e-14 0 0 -87.82841 
1786056255.714 -1.819031e-14 0 0 -87.82841 
1786056255.769 -1.819031e-14 0 0 -87.82841 
1786056255.827 -1.819031e-14 0 0 -87.82841 
1786056255.879 -1.819031e-14 0 0 -87.82841 
1786056255.934 -1.819031e-14 0 0 -87.82841 
1786056255.986 -1.819031e-14 0 0 -87.82841 
1786056256.033 -1.819031e-14 0 0 -87.82841 
1786056256.090 -1.819031e-14 0 0 -87.82841 
1786056256.147 -1.819031e-14 0 0 -87.82841 
1786056256.197 -1.819031e-14 0 0 -87.82841 
1786056256.247 -1.819031e-14 0 0 -87.82841 
1786056256.304 -1.819031e-14 0 0 -87.82841 
1786056256.354 -1.819031e-14 0 0 -87.82841 
1786056256.412 -1.819031e-14 0 0 -87.82841 
1786056256.461 -1.819031e-14 0 0 -87.82841 
1786056256.514 -1.819031e-14 0 0 -87.82841 
1786056256.570 -1.819031e-14 0 0 -87.82841 
1786056256.629 -1.819031e-14 0 0 -87.82841 
1786056256.678 -1.819031e-14 0 0 -87.82841 
1786056256.732 -1.819031e-14 0 0 -87.82841 
1786056256.795 -1.819031e-14 0 0 -87.82841 
1786056256.846 -1.819031e-14 0 0 -87.82841 
1786056256.900 -1.819031e-14 0 0 -87.82841 
1786056256.960 -1.819031e-14 0 0 -87.82841 
1786056257.013 -1.819031e-14 0 0 -87.82841 
1786056257.061 -1.819031e-14 0 0 -87.82841 
1786056257.121 -1.819031e-14 0 0 -87.82841 
1786056257.182 -1.819031e-14 0 0 -87.82841 
1786056257.232 -1.819031e-14 0 0 -87.82841 
1786056257.282 -1.819031e-14 0 0 -87.82841 
1786056257.339 -1.819031e-14 0 0 -87.82841 
1786056257.388 -1.819031e-14 0 0 -87.82841 
1786056257.448 -1.819031e-14 0 0 -87.82841 
1786056257.500 -1.819031e-14 0 0 -87.82841 
1786056257.549 -1.819031e-14 0 0 -87.82841 
1786056257.604 -1.819031e-14 0 0 -87.82841 
1786056257.660 -1.819031e-14 0 0 -87.82841 
1786056257.708 -1.819031e-14 0 0 -87.82841 
1786056257.774 -1.819031e-14 0 0 -87.82841 
1786056257.823 -1.819031e-14 0 0 -87.82841 
1786056257.873 -1.819031e-14 0 0 -87.82841 
1786056257.926 -1.819031e-14 0 0 -87.82841 
1786056257.983 -1.819031e-14 0 0 -87.82841 
1786056258.031 -1.819031e-14 0 0 -87.82841 
1786056258.089 -1.819031e-14 0 0 -87.82841 
1786056258.148 -1.819031e-14 0 0 -87.82841 
1786056258.199 -1.819031e-14 0 0 -87.82841 
1786056258.250 -1.819031e-14 0 0 -87.82841 
1786056258.304 -1.819031e-14 0 0 -87.82841 
1786056258.351 -1.819031e-14 0 0 -87.82841 
1786056258.401 -1.819031e-14 0 0 -87.82841 
1786056258.453 -1.819031e-14 0 0 -87.82841 
1786056258.500 -1.819031e-14 0 0 -87.82841 
1786056258.550 -1.819031e-14 0 0 -87.82841 
1786056258.597 -1.819031e-14 0 0 -87.82841 
1786056258.656 -1.819031e-14 0 0 -87.82841 
1786056258.715 -1.819031e-14 0 0 -87.82841 
1786056258.785 -1.819031e-14 0 0 -87.82841 
1786056258.836 -1.819031e-14 0 0 -87.82841 
1786056258.893 -1.819031e-14 0 0 -87.82841 
1786056258.946 -1.819031e-14 0 0 -87.82841 
1786056258.997 -1.819031e-14 0 0 -87.82841 
1786056259.049 -1.819031e-14 0 0 -87.82841 
1786056259.110 -1.819031e-14 0 0 -87.82841 
1786056259.167 -1.819031e-14 0 0 -87.82841 
1786056259.222 -1.819031e-14 0 0 -87.82841 
1786056259.273 -1.819031e-14 0 0 -87.82841 
1786056259.322 -1.819031e-14 0 0 -87.82841 
1786056259.372 -1.819031e-14 0 0 -87.82841 
1786056259.430 -1.819031e-14 0 0 -87.82841 
1786056259.479 -1.819031e-14 0 0 -87.82841 
1786056259.532 -1.819031e-14 0 0 -87.82841 
1786056259.585 -1.819031e-14 0 0 -87.82841 
1786056259.634 -1.819031e-14 0 0 -87.82841 
1786056259.701 -1.819031e-14 0 0 -87.82841 
1786056259.764 -1.819031e-14 0 0 -87.82841 
1786056259.822 -1.819031e-14 0 0 -87.82841 
1786056259.874 -1.819031e-14 0 0 -87.82841 
1786056259.937 -1.819031e-14 0 0 -87.82841 
1786056259.997 -1.819031e-14 0 0 -87.82841 
1786056260.052 -1.819031e-14 0 0 -87.82841 
1786056260.104 -1.819031e-14 0 0 -87.82841 
1786056260.183 -1.819031e-14 0 0 -87.82841 
1786056260.245 -1.819031e-14 0 0 -87.82841 
1786056260.299 -1.819031e-14 0 0 -87.82841 
1786056260.357 -1.819031e-14 0 0 -87.82841 
1786056260.434 -1.819031e-14 0 0 -87.82841 
1786056260.497 -1.819031e-14 0 0 -87.82841 
1786056260.551 -1.819031e-14 0 0 -87.82841 
1786056260.599 -1.819031e-14 0 0 -87.82841 
1786056260.669 -1.819031e-14 0 0 -87.82841 
1786056260.724 -1.819031e-14 0 0 -87.82841 
1786056260.788 -1.819031e-14 0 0 -87.82841 
1786056260.837 -1.819031e-14 0 0 -87.82841 
1786056260.886 -1.819031e-14 0 0 -87.82841 
1786056260.946 -1.819031e-14 0 0 -87.82841 
1786056261.000 -1.819031e-14 0 0 -87.82841 
1786056261.052 -1.819031e-14 0 0 -87.82841 
1786056261.106 -1.819031e-14 0 0 -87.82841 
1786056261.163 -1.819031e-14 0 0 -87.82841 
1786056261.225 -1.819031e-14 0 0 -87.82841 
1786056261.279 -1.819031e-14 0 0 -87.82841 
1786056261.334 -1.819031e-14 0 0 -87.82841 
1786056261.387 -1.819031e-14 0 0 -87.82841 
1786056261.443 -1.819031e-14 0 0 -87.82841 
1786056261.494 -1.819031e-14 0 0 -87.82841 
1786056261.544 -1.819031e-14 0 0 -87.82841 
1786056261.596 -1.819031e-14 0 0 -87.82841 
1786056261.651 -1.819031e-14 0 0 -87.82841 
1786056261.702 -1.819031e-14 0 0 -87.82841 
1786056261.755 -1.819031e-14 0 0 -87.82841 
1786056261.809 -1.819031e-14 0 0 -87.82841 
1786056261.863 -1.819031e-14 0 0 -87.82841 
1786056261.924 -1.819031e-14 0 0 -87.82841 
1786056261.980 -1.819031e-14 0 0 -87.82841 
1786056262.033 -1.819031e-14 0 0 -87.82841 
1786056262.083 -1.819031e-14 0 0 -87.82841 
1786056262.142 -1.819031e-14 0 0 -87.82841 
1786056262.194 -1.819031e-14 0 0 -87.82841 
1786056262.251 -1.819031e-14 0 0 -87.82841 
1786056262.301 -1.819031e-14 0 0 -87.82841 
1786056262.355 -1.819031e-14 0 0 -87.82841 
1786056262.406 -1.819031e-14 0 0 -87.82841 
1786056262.467 -1.819031e-14 0 0 -87.82841 
1786056262.518 -1.819031e-14 0 0 -87.82841 
1786056262.579 -1.819031e-14 0 0 -87.82841 
1786056262.639 -1.819031e-14 0 0 -87.82841 
1786056262.705 -1.819031e-14 0 0 -87.82841 
1786056262.768 -1.819031e-14 0 0 -87.82841 
1786056262.831 -1.819031e-14 0 0 -87.82841 
1786056262.894 -1.819031e-14 0 0 -87.82841 
1786056262.952 -1.819031e-14 0 0 -87.82841 
1786056263.007 -1.819031e-14 0 0 -87.82841 
1786056263.063 -1.819031e-14 0 0 -87.82841 
1786056263.125 -1.819031e-14 0 0 -87.82841 
1786056263.202 -1.819031e-14 0 0 -87.82841 
1786056263.258 -1.819031e-14 0 0 -87.82841 
1786056263.322 -1.819031e-14 0 0 -87.82841 
1786056263.397 -1.819031e-14 0 0 -87.82841 
1786056263.455 -1.819031e-14 0 0 -87.82841 
1786056263.523 -1.819031e-14 0 0 -87.82841 
1786056263.585 -1.819031e-14 0 0 -87.82841 
1786056263.644 -1.819031e-14 0 0 -87.82841 
1786056263.696 -1.819031e-14 0 0 -87.82841 
1786056263.754 -1.819031e-14 0 0 -87.82841 
1786056263.823 -1.819031e-14 0 0 -87.82841 
1786056263.879 -1.819031e-14 0 0 -87.82841 
1786056263.941 -1.819031e-14 0 0 -87.82841 
1786056264.000 -1.819031e-14 0 0 -87.82841 
1786056264.055 -1.819031e-14 0 0 -87.82841 
1786056264.113 -1.819031e-14 0 0 -87.82841 
1786056264.181 -1.819031e-14 0 0 -87.82841 
1786056264.259 -1.819031e-14 0 0 -87.82841 
1786056264.322 -1.819031e-14 0 0 -87.82841 
1786056264.389 -1.819031e-14 0 0 -87.82841 
1786056264.441 -1.819031e-14 0 0 -87.82841 
1786056264.511 -1.819031e-14 0 0 -87.82841 
1786056264.569 -1.819031e-14 0 0 -87.82841 
1786056264.620 -1.819031e-14 0 0 -87.82841 
1786056264.670 -1.819031e-14 0 0 -87.82841 
1786056264.734 -1.819031e-14 0 0 -87.82841 
1786056264.794 -1.819031e-14 0 0 -87.82841 
1786056264.844 -1.819031e-14 0 0 -87.82841 
1786056264.900 -1.819031e-14 0 0 -87.82841 
1786056264.956 -1.819031e-14 0 0 -87.82841 
1786056265.013 -1.819031e-14 0 0 -87.82841 
1786056265.065 -1.819031e-14 0 0 -87.82841 
1786056265.132 -1.819031e-14 0 0 -87.82841 
1786056265.203 -1.819031e-14 0 0 -87.82841 
1786056265.278 -1.819031e-14 0 0 -87.82841 
1786056265.333 -1.819031e-14 0 0 -87.82841 
1786056265.394 -1.819031e-14 0 0 -87.82841 
1786056265.447 -1.819031e-14 0 0 -87.82841 
1786056265.525 -1.819031e-14 0 0 -87.82841 
1786056265.581 -1.819031e-14 0 0 -87.82841 
1786056265.630 -1.819031e-14 0 0 -87.82841 
1786056265.682 -1.819031e-14 0 0 -87.82841 
1786056265.735 -1.819031e-14 0 0 -87.82841 
1786056265.790 -1.819031e-14 0 0 -87.82841 
1786056265.856 -1.819031e-14 0 0 -87.82841 
1786056265.920 -1.819031e-14 0 0 -87.82841 
1786056265.986 -1.819031e-14 0 0 -87.82841 
1786056266.051 -1.819031e-14 0 0 -87.82841 
1786056266.141 -1.819031e-14 0 0 -87.82841 
1786056266.199 -1.819031e-14 0 0 -87.82841 
1786056266.267 -1.819031e-14 0 0 -87.82841 
1786056266.323 -1.819031e-14 0 0 -87.82841 
1786056266.385 -1.819031e-14 0 0 -87.82841 
1786056266.437 -1.819031e-14 0 0 -87.82841 
1786056266.499 -1.819031e-14 0 0 -87.82841 
1786056266.554 -1.819031e-14 0 0 -87.82841 
1786056266.606 -1.819031e-14 0 0 -87.82841 
1786056266.657 -1.819031e-14 0 0 -87.82841 
1786056266.722 -1.819031e-14 0 0 -87.82841 
1786056266.783 -1.819031e-14 0 0 -87.82841 
1786056266.837 -1.819031e-14 0 0 -87.82841 
1786056266.890 -1.819031e-14 0 0 -87.82841 
1786056266.950 -1.819031e-14 0 0 -87.82841 
1786056267.000 -1.819031e-14 0 0 -87.82841 
1786056267.061 -1.819031e-14 0 0 -87.82841 
1786056267.120 -1.819031e-14 0 0 -87.82841 
1786056267.184 -1.819031e-14 0 0 -87.82841 
1786056267.264 -1.819031e-14 0 0 -87.82841 
1786056267.322 -1.819031e-14 0 0 -87.82841 
1786056267.389 -1.819031e-14 0 0 -87.82841 
1786056267.446 -1.819031e-14 0 0 -87.82841 
1786056267.501 -1.819031e-14 0 0 -87.82841 
1786056267.550 -1.819031e-14 0 0 -87.82841 
1786056267.609 -1.819031e-14 0 0 -87.82841 
1786056267.662 -1.819031e-14 0 0 -87.82841 
1786056267.717 -1.819031e-14 0 0 -87.82841 
1786056267.771 -1.819031e-14 0 0 -87.82841 
1786056267.825 -1.819031e-14 0 0 -87.82841 
1786056267.873 -1.819031e-14 0 0 -87.82841 
1786056267.934 -1.819031e-14 0 0 -87.82841 
1786056267.990 -1.819031e-14 0 0 -87.82841 
1786056268.042 -1.819031e-14 0 0 -87.82841 
1786056268.091 -1.819031e-14 0 0 -87.82841 
1786056268.146 -1.819031e-14 0 0 -87.82841 
1786056268.199 -1.819031e-14 0 0 -87.82841 
1786056268.263 -1.819031e-14 0 0 -87.82841 
1786056268.327 -1.819031e-14 0 0 -87.82841 
1786056268.383 -1.819031e-14 0 0 -87.82841 
1786056268.433 -1.819031e-14 0 0 -87.82841 
1786056268.487 -1.819031e-14 0 0 -87.82841 
1786056268.537 -1.819031e-14 0 0 -87.82841 
1786056268.587 -1.819031e-14 0 0 -87.82841 
1786056268.641 -1.819031e-14 0 0 -87.82841 
1786056268.695 -1.819031e-14 0 0 -87.82841 
1786056268.744 -1.819031e-14 0 0 -87.82841 
1786056268.796 -1.819031e-14 0 0 -87.82841 
1786056268.847 -1.819031e-14 0 0 -87.82841 
1786056268.894 -1.819031e-14 0 0 -87.82841 
1786056268.948 -1.819031e-14 0 0 -87.82841 
1786056268.997 -1.819031e-14 0 0 -87.82841 
1786056269.052 -1.819031e-14 0 0 -87.82841 
1786056269.102 -1.819031e-14 0 0 -87.82841 
1786056269.152 -1.819031e-14 0 0 -87.82841 
1786056269.216 -1.819031e-14 0 0 -87.82841 
1786056269.272 -1.819031e-14 0 0 -87.82841 
1786056269.328 -1.819031e-14 0 0 -87.82841 
1786056269.390 -1.819031e-14 0 0 -87.82841 
1786056269.449 -1.819031e-14 0 0 -87.82841 
1786056269.503 -1.819031e-14 0 0 -87.82841 
1786056269.554 -1.819031e-14 0 0 -87.82841 
1786056269.607 -1.819031e-14 0 0 -87.82841 
1786056269.659 -1.819031e-14 0 0 -87.82841 
1786056269.706 -1.819031e-14 0 0 -87.82841 
1786056269.760 -1.819031e-14 0 0 -87.82841 
1786056269.812 -1.819031e-14 0 0 -87.82841 
1786056269.875 -1.819031e-14 0 0 -87.82841 
1786056269.926 -1.819031e-14 0 0 -87.82841 
1786056269.988 -1.819031e-14 0 0 -87.82841 
1786056270.038 -1.819031e-14 0 0 -87.82841 
1786056270.089 -1.819031e-14 0 0 -87.82841 
1786056270.144 -1.819031e-14 0 0 -87.82841 
1786056270.196 -1.819031e-14 0 0 -87.82841 
1786056270.254 -1.819031e-14 0 0 -87.82841 
1786056270.328 -1.819031e-14 0 0 -87.82841 
1786056270.387 -1.819031e-14 0 0 -87.82841 
1786056270.442 -1.819031e-14 0 0 -87.82841 
1786056270.490 -1.819031e-14 0 0 -87.82841 
1786056270.545 -1.819031e-14 0 0 -87.82841 
1786056270.597 -1.819031e-14 0 0 -87.82841 
1786056270.655 -1.819031e-14 0 0 -87.82841 
1786056270.707 -1.819031e-14 0 0 -87.82841 
1786056270.756 -1.819031e-14 0 0 -87.82841 
1786056270.806 -1.819031e-14 0 0 -87.82841 
1786056270.861 -1.819031e-14 0 0 -87.82841 
1786056270.910 -1.819031e-14 0 0 -87.82841 
1786056270.966 -1.819031e-14 0 0 -87.82841 
1786056271.019 -1.819031e-14 0 0 -87.82841 
1786056271.069 -1.819031e-14 0 0 -87.82841 
1786056271.122 -1.819031e-14 0 0 -87.82841 
1786056271.176 -1.819031e-14 0 0 -87.82841 
1786056271.237 -1.819031e-14 0 0 -87.82841 
1786056271.309 -1.819031e-14 0 0 -87.82841 
1786056271.362 -1.819031e-14 0 0 -87.82841 
1786056271.413 -1.819031e-14 0 0 -87.82841 
1786056271.475 -1.819031e-14 0 0 -87.82841 
1786056271.538 -1.819031e-14 0 0 -87.82841 
1786056271.589 -1.819031e-14 0 0 -87.82841 
1786056271.639 -1.819031e-14 0 0 -87.82841 
1786056271.690 -1.819031e-14 0 0 -87.82841 
1786056271.741 -1.819031e-14 0 0 -87.82841 
1786056271.790 -1.819031e-14 0 0 -87.82841 
1786056271.843 -1.819031e-14 0 0 -87.82841 
1786056271.894 -1.819031e-14 0 0 -87.82841 
1786056271.943 -1.819031e-14 0 0 -87.82841 
1786056272.005 -1.819031e-14 0 0 -87.82841 
1786056272.057 -1.819031e-14 0 0 -87.82841 
1786056272.107 -1.819031e-14 0 0 -87.82841 
1786056272.173 -1.819031e-14 0 0 -87.82841 
1786056272.227 -1.819031e-14 0 0 -87.82841 
1786056272.281 -1.819031e-14 0 0 -87.82841 
1786056272.335 -1.819031e-14 0 0 -87.82841 
1786056272.384 -1.819031e-14 0 0 -87.82841 
1786056272.435 -1.819031e-14 0 0 -87.82841 
1786056272.486 -1.819031e-14 0 0 -87.82841 
1786056272.542 -1.819031e-14 0 0 -87.82841 
1786056272.593 -1.819031e-14 0 0 -87.82841 
1786056272.647 -1.819031e-14 0 0 -87.82841 
1786056272.698 -1.819031e-14 0 0 -87.82841 
1786056272.747 -1.819031e-14 0 0 -87.82841 
1786056272.797 -1.819031e-14 0 0 -87.82841 
1786056272.847 -1.819031e-14 0 0 -87.82841 
1786056272.895 -1.819031e-14 0 0 -87.82841 
1786056272.944 -1.819031e-14 0 0 -87.82841 
1786056272.993 -1.819031e-14 0 0 -87.82841 
1786056273.044 -1.819031e-14 0 0 -87.82841 
1786056273.097 -1.819031e-14 0 0 -87.82841 
1786056273.147 -1.819031e-14 0 0 -87.82841 
1786056273.215 -1.819031e-14 0 0 -87.82841 
1786056273.289 -1.819031e-14 0 0 -87.82841 
1786056273.345 -1.819031e-14 0 0 -87.82841 
1786056273.393 -1.819031e-14 0 0 -87.82841 
1786056273.450 -1.819031e-14 0 0 -87.82841 
1786056273.501 -1.819031e-14 0 0 -87.82841 
1786056273.551 -1.819031e-14 0 0 -87.82841 
1786056273.601 -1.819031e-14 0 0 -87.82841 
1786056273.656 -1.819031e-14 0 0 -87.82841 
1786056273.705 -1.819031e-14 0 0 -87.82841 
1786056273.763 -1.819031e-14 0 0 -87.82841 
1786056273.817 -1.819031e-14 0 0 -87.82841 
1786056273.865 -1.819031e-14 0 0 -87.82841 
1786056273.917 -1.819031e-14 0 0 -87.82841 
1786056273.966 -1.819031e-14 0 0 -87.82841 
1786056274.025 -1.819031e-14 0 0 -87.82841 
1786056274.079 -1.819031e-14 0 0 -87.82841 
1786056274.132 -1.819031e-14 0 0 -87.82841 
1786056274.191 -1.819031e-14 0 0 -87.82841 
1786056274.264 -1.819031e-14 0 0 -87.82841 
1786056274.328 -1.819031e-14 0 0 -87.82841 
1786056274.381 -1.819031e-14 0 0 -87.82841 
1786056274.434 -1.819031e-14 0 0 -87.82841 
1786056274.487 -1.819031e-14 0 0 -87.82841 
1786056274.544 -1.819031e-14 0 0 -87.82841 
1786056274.595 -1.819031e-14 0 0 -87.82841 
1786056274.648 -1.819031e-14 0 0 -87.82841 
1786056274.700 -1.819031e-14 0 0 -87.82841 
1786056274.748 -1.819031e-14 0 0 -87.82841 
1786056274.803 -1.819031e-14 0 0 -87.82841 
1786056274.856 -1.819031e-14 0 0 -87.82841 
1786056274.908 -1.819031e-14 0 0 -87.82841 
1786056274.961 -1.819031e-14 0 0 -87.82841 
1786056275.014 -1.819031e-14 0 0 -87.82841 
1786056275.063 -1.819031e-14 0 0 -87.82841 
1786056275.120 -1.819031e-14 0 0 -87.82841 
1786056275.186 -1.819031e-14 0 0 -87.82841 
1786056275.244 -1.819031e-14 0 0 -87.82841 
1786056275.297 -1.819031e-14 0 0 -87.82841 
1786056275.362 -1.819031e-14 0 0 -87.82841 
1786056275.416 -1.819031e-14 0 0 -87.82841 
1786056275.466 -1.819031e-14 0 0 -87.82841 
1786056275.516 -1.819031e-14 0 0 -87.82841 
1786056275.571 -1.819031e-14 0 0 -87.82841 
1786056275.622 -1.819031e-14 0 0 -87.82841 
1786056275.673 -1.819031e-14 0 0 -87.82841 
1786056275.721 -1.819031e-14 0 0 -87.82841 
1786056275.777 -1.819031e-14 0 0 -87.82841 
1786056275.828 -1.819031e-14 0 0 -87.82841 
1786056275.877 -1.819031e-14 0 0 -87.82841 
1786056275.926 -1.819031e-14 0 0 -87.82841 
1786056275.978 -1.819031e-14 0 0 -87.82841 
1786056276.028 -1.819031e-14 0 0 -87.82841 
1786056276.080 -1.819031e-14 0 0 -87.82841 
1786056276.136 -1.819031e-14 0 0 -87.82841 
1786056276.201 -1.819031e-14 0 0 -87.82841 
1786056276.263 -1.819031e-14 0 0 -87.82841 
1786056276.316 -1.819031e-14 0 0 -87.82841 
1786056276.364 -1.819031e-14 0 0 -87.82841 
1786056276.416 -1.819031e-14 0 0 -87.82841 
1786056276.469 -1.819031e-14 0 0 -87.82841 
1786056276.518 -1.819031e-14 0 0 -87.82841 
1786056276.569 -1.819031e-14 0 0 -87.82841 
1786056276.621 -1.819031e-14 0 0 -87.82841 
1786056276.675 -1.819031e-14 0 0 -87.82841 
1786056276.725 -1.819031e-14 0 0 -87.82841 
1786056276.777 -1.819031e-14 0 0 -87.82841 
1786056276.826 -1.819031e-14 0 0 -87.82841 
1786056276.879 -1.819031e-14 0 0 -87.82841 
1786056276.927 -1.819031e-14 0 0 -87.82841 
1786056276.975 -1.819031e-14 0 0 -87.82841 
1786056277.037 -1.819031e-14 0 0 -87.82841 
1786056277.087 -1.819031e-14 0 0 -87.82841 
1786056277.141 -1.819031e-14 0 0 -87.82841 
1786056277.200 -1.819031e-14 0 0 -87.82841 
1786056277.254 -1.819031e-14 0 0 -87.82841 
1786056277.307 -1.819031e-14 0 0 -87.82841 
1786056277.363 -1.819031e-14 0 0 -87.82841 
1786056277.414 -1.819031e-14 0 0 -87.82841 
1786056277.469 -1.819031e-14 0 0 -87.82841 
1786056277.520 -1.819031e-14 0 0 -87.82841 
1786056277.573 -1.819031e-14 0 0 -87.82841 
1786056277.624 -1.819031e-14 0 0 -87.82841 
1786056277.679 -1.819031e-14 0 0 -87.82841 
1786056277.727 -1.819031e-14 0 0 -87.82841 
1786056277.775 -1.819031e-14 0 0 -87.82841 
1786056277.826 -1.819031e-14 0 0 -87.82841 
1786056277.873 -1.819031e-14 0 0 -87.82841 
1786056277.925 -1.819031e-14 0 0 -87.82841 
1786056277.976 -1.819031e-14 0 0 -87.82841 
1786056278.035 -1.819031e-14 0 0 -87.82841 
1786056278.095 -1.819031e-14 0 0 -87.82841 
1786056278.159 -1.819031e-14 0 0 -87.82841 
1786056278.247 -1.819031e-14 0 0 -87.82841 
1786056278.315 -1.819031e-14 0 0 -87.82841 
1786056278.376 -1.819031e-14 0 0 -87.82841 
1786056278.427 -1.819031e-14 0 0 -87.82841 
1786056278.490 -1.819031e-14 0 0 -87.82841 
1786056278.541 -1.819031e-14 0 0 -87.82841 
1786056278.588 -1.819031e-14 0 0 -87.82841 
1786056278.645 -1.819031e-14 0 0 -87.82841 
1786056278.701 -1.819031e-14 0 0 -87.82841 
1786056278.749 -1.819031e-14 0 0 -87.82841 
1786056278.807 -1.819031e-14 0 0 -87.82841 
1786056278.860 -1.819031e-14 0 0 -87.82841 
1786056278.913 -1.819031e-14 0 0 -87.82841 
1786056278.963 -1.819031e-14 0 0 -87.82841 
1786056279.038 -1.819031e-14 0 0 -87.82841 
1786056279.093 -1.819031e-14 0 0 -87.82841 
1786056279.146 -1.819031e-14 0 0 -87.82841 
1786056279.211 -1.819031e-14 0 0 -87.82841 
1786056279.277 -1.819031e-14 0 0 -87.82841 
1786056279.325 -1.819031e-14 0 0 -87.82841 
1786056279.376 -1.819031e-14 0 0 -87.82841 
1786056279.427 -1.819031e-14 0 0 -87.82841 
1786056279.478 -1.819031e-14 0 0 -87.82841 
1786056279.531 -1.819031e-14 0 0 -87.82841 
1786056279.581 -1.819031e-14 0 0 -87.82841 
1786056279.629 -1.819031e-14 0 0 -87.82841 
1786056279.686 -1.819031e-14 0 0 -87.82841 
1786056279.739 -1.819031e-14 0 0 -87.82841 
1786056279.787 -1.819031e-14 0 0 -87.82841 
1786056279.840 -1.819031e-14 0 0 -87.82841 
1786056279.893 -1.819031e-14 0 0 -87.82841 
1786056279.946 -1.819031e-14 0 0 -87.82841 
1786056280.007 -1.819031e-14 0 0 -87.82841 
1786056280.065 -1.819031e-14 0 0 -87.82841 
1786056280.114 -1.819031e-14 0 0 -87.82841 
1786056280.174 -1.819031e-14 0 0 -87.82841 
1786056280.236 -1.819031e-14 0 0 -87.82841 
1786056280.289 -1.819031e-14 0 0 -87.82841 
1786056280.338 -1.819031e-14 0 0 -87.82841 
1786056280.398 -1.819031e-14 0 0 -87.82841 
1786056280.446 -1.819031e-14 0 0 -87.82841 
1786056280.498 -1.819031e-14 0 0 -87.82841 
1786056280.547 -1.819031e-14 0 0 -87.82841 
1786056280.597 -1.819031e-14 0 0 -87.82841 
1786056280.647 -1.819031e-14 0 0 -87.82841 
1786056280.701 -1.819031e-14 0 0 -87.82841 
1786056280.750 -1.819031e-14 0 0 -87.82841 
1786056280.801 -1.819031e-14 0 0 -87.82841 
1786056280.849 -1.819031e-14 0 0 -87.82841 
1786056280.903 -1.819031e-14 0 0 -87.82841 
1786056280.961 -1.819031e-14 0 0 -87.82841 
1786056281.014 -1.819031e-14 0 0 -87.82841 
1786056281.063 -1.819031e-14 0 0 -87.82841 
1786056281.114 -1.819031e-14 0 0 -87.82841 
1786056281.177 -1.819031e-14 0 0 -87.82841 
1786056281.232 -1.819031e-14 0 0 -87.82841 
1786056281.286 -1.819031e-14 0 0 -87.82841 
1786056281.339 -1.819031e-14 0 0 -87.82841 
1786056281.389 -1.819031e-14 0 0 -87.82841 
1786056281.445 -1.819031e-14 0 0 -87.82841 
1786056281.498 -1.819031e-14 0 0 -87.82841 
1786056281.548 -1.819031e-14 0 0 -87.82841 
1786056281.610 -1.819031e-14 0 0 -87.82841 
1786056281.664 -1.819031e-14 0 0 -87.82841 
1786056281.720 -1.819031e-14 0 0 -87.82841 
1786056281.772 -1.819031e-14 0 0 -87.82841 
1786056281.827 -1.819031e-14 0 0 -87.82841 
1786056281.884 -1.819031e-14 0 0 -87.82841 
1786056281.945 -1.819031e-14 0 0 -87.82841 
1786056281.995 -1.819031e-14 0 0 -87.82841 
1786056282.046 -1.819031e-14 0 0 -87.82841 
1786056282.099 -1.819031e-14 0 0 -87.82841 
1786056282.160 -1.819031e-14 0 0 -87.82841 
1786056282.229 -1.819031e-14 0 0 -87.82841 
1786056282.283 -1.819031e-14 0 0 -87.82841 
1786056282.335 -1.819031e-14 0 0 -87.82841 
1786056282.391 -1.819031e-14 0 0 -87.82841 
1786056282.440 -1.819031e-14 0 0 -87.82841 
1786056282.493 -1.819031e-14 0 0 -87.82841 
1786056282.552 -1.819031e-14 0 0 -87.82841 
1786056282.602 -1.819031e-14 0 0 -87.82841 
1786056282.656 -1.819031e-14 0 0 -87.82841 
1786056282.709 -1.819031e-14 0 0 -87.82841 
1786056282.757 -1.819031e-14 0 0 -87.82841 
1786056282.805 -1.819031e-14 0 0 -87.82841 
1786056282.863 -1.819031e-14 0 0 -87.82841 
1786056282.918 -1.819031e-14 0 0 -87.82841 
1786056282.977 -1.819031e-14 0 0 -87.82841 
1786056283.033 -1.819031e-14 0 0 -87.82841 
1786056283.084 -1.819031e-14 0 0 -87.82841 
1786056283.135 -1.819031e-14 0 0 -87.82841 
1786056283.196 -1.819031e-14 0 0 -87.82841 
1786056283.250 -1.819031e-14 0 0 -87.82841 
1786056283.304 -1.819031e-14 0 0 -87.82841 
1786056283.358 -1.819031e-14 0 0 -87.82841 
1786056283.419 -1.819031e-14 0 0 -87.82841 
1786056283.469 -1.819031e-14 0 0 -87.82841 
1786056283.527 -1.819031e-14 0 0 -87.82841 
1786056283.582 -1.819031e-14 0 0 -87.82841 
1786056283.634 -1.819031e-14 0 0 -87.82841 
1786056283.691 -1.819031e-14 0 0 -87.82841 
1786056283.747 -1.819031e-14 0 0 -87.82841 
1786056283.816 -1.819031e-14 0 0 -87.82841 
1786056283.882 -1.819031e-14 0 0 -87.82841 
1786056283.939 -1.819031e-14 0 0 -87.82841 
1786056283.995 -1.819031e-14 0 0 -87.82841 
1786056284.050 -1.819031e-14 0 0 -87.82841 
1786056284.109 -1.819031e-14 0 0 -87.82841 
1786056284.166 -1.819031e-14 0 0 -87.82841 
1786056284.224 -1.819031e-14 0 0 -87.82841 
1786056284.281 -1.819031e-14 0 0 -87.82841 
1786056284.337 -1.819031e-14 0 0 -87.82841 
1786056284.404 -1.819031e-14 0 0 -87.82841 
1786056284.468 -1.819031e-14 0 0 -87.82841 
1786056284.521 -1.819031e-14 0 0 -87.82841 
1786056284.573 -1.819031e-14 0 0 -87.82841 
1786056284.626 -1.819031e-14 0 0 -87.82841 
1786056284.676 -1.819031e-14 0 0 -87.82841 
1786056284.728 -1.819031e-14 0 0 -87.82841 
1786056284.776 -1.819031e-14 0 0 -87.82841 
1786056284.826 -1.819031e-14 0 0 -87.82841 
1786056284.894 -1.819031e-14 0 0 -87.82841 
1786056284.949 -1.819031e-14 0 0 -87.82841 
1786056285.003 -1.819031e-14 0 0 -87.82841 
1786056285.052 -1.819031e-14 0 0 -87.82841 
1786056285.110 -1.819031e-14 0 0 -87.82841 
1786056285.162 -1.819031e-14 0 0 -87.82841 
1786056285.233 -1.819031e-14 0 0 -87.82841 
1786056285.290 -1.819031e-14 0 0 -87.82841 
1786056285.345 -1.819031e-14 0 0 -87.82841 
1786056285.393 -1.819031e-14 0 0 -87.82841 
1786056285.444 -1.819031e-14 0 0 -87.82841 
1786056285.497 -1.819031e-14 0 0 -87.82841 
1786056285.552 -1.819031e-14 0 0 -87.82841 
1786056285.609 -1.819031e-14 0 0 -87.82841 
1786056285.668 -1.819031e-14 0 0 -87.82841 
1786056285.716 -1.819031e-14 0 0 -87.82841 
1786056285.771 -1.819031e-14 0 0 -87.82841 
1786056285.832 -1.819031e-14 0 0 -87.82841 
1786056285.889 -1.819031e-14 0 0 -87.82841 
1786056285.941 -1.819031e-14 0 0 -87.82841 
1786056285.992 -1.819031e-14 0 0 -87.82841 
1786056286.043 -1.819031e-14 0 0 -87.82841 
1786056286.095 -1.819031e-14 0 0 -87.82841 
1786056286.150 -1.819031e-14 0 0 -87.82841 
1786056286.198 -1.819031e-14 0 0 -87.82841 
1786056286.263 -1.819031e-14 0 0 -87.82841 
1786056286.319 -1.819031e-14 0 0 -87.82841 
1786056286.382 -1.819031e-14 0 0 -87.82841 
1786056286.435 -1.819031e-14 0 0 -87.82841 
1786056286.485 -1.819031e-14 0 0 -87.82841 
1786056286.542 -1.819031e-14 0 0 -87.82841 
1786056286.593 -1.819031e-14 0 0 -87.82841 
1786056286.651 -1.819031e-14 0 0 -87.82841 
1786056286.708 -1.819031e-14 0 0 -87.82841 
1786056286.762 -1.819031e-14 0 0 -87.82841 
1786056286.819 -1.819031e-14 0 0 -87.82841 
1786056286.870 -1.819031e-14 0 0 -87.82841 
1786056286.917 -1.819031e-14 0 0 -87.82841 
1786056286.967 -1.819031e-14 0 0 -87.82841 
1786056287.021 -1.819031e-14 0 0 -87.82841 
1786056287.072 -1.819031e-14 0 0 -87.82841 
1786056287.122 -1.819031e-14 0 0 -87.82841 
1786056287.172 -1.819031e-14 0 0 -87.82841 
1786056287.228 -1.819031e-14 0 0 -87.82841 
1786056287.278 -1.819031e-14 0 0 -87.82841 
1786056287.330 -1.819031e-14 0 0 -87.82841 
1786056287.384 -1.819031e-14 0 0 -87.82841 
1786056287.444 -1.819031e-14 0 0 -87.82841 
1786056287.503 -1.819031e-14 0 0 -87.82841 
1786056287.560 -1.819031e-14 0 0 -87.82841 
1786056287.621 -1.819031e-14 0 0 -87.82841 
1786056287.680 -1.819031e-14 0 0 -87.82841 
1786056287.737 -1.819031e-14 0 0 -87.82841 
1786056287.792 -1.819031e-14 0 0 -87.82841 
1786056287.849 -1.819031e-14 0 0 -87.82841 
1786056287.918 -1.819031e-14 0 0 -87.82841 
1786056287.983 -1.819031e-14 0 0 -87.82841 
1786056288.035 -1.819031e-14 0 0 -87.82841 
1786056288.100 -1.819031e-14 0 0 -87.82841 
1786056288.169 -1.819031e-14 0 0 -87.82841 
1786056288.240 -1.819031e-14 0 0 -87.82841 
1786056288.324 -1.819031e-14 0 0 -87.82841 
1786056288.402 -1.819031e-14 0 0 -87.82841 
1786056288.474 -1.819031e-14 0 0 -87.82841 
1786056288.529 -1.819031e-14 0 0 -87.82841 
1786056288.595 -1.819031e-14 0 0 -87.82841 
1786056288.660 -1.819031e-14 0 0 -87.82841 
1786056288.722 -1.819031e-14 0 0 -87.82841 
1786056288.789 -1.819031e-14 0 0 -87.82841 
1786056288.855 -1.819031e-14 0 0 -87.82841 
1786056288.918 -1.819031e-14 0 0 -87.82841 
1786056288.977 -1.819031e-14 0 0 -87.82841 
1786056289.040 -1.819031e-14 0 0 -87.82841 
1786056289.108 -1.819031e-14 0 0 -87.82841 
1786056289.163 -1.819031e-14 0 0 -87.82841 
1786056289.232 -1.819031e-14 0 0 -87.82841 
1786056289.291 -1.819031e-14 0 0 -87.82841 
1786056289.354 -1.819031e-14 0 0 -87.82841 
1786056289.417 -1.819031e-14 0 0 -87.82841 
1786056289.475 -1.819031e-14 0 0 -87.82841 
1786056289.540 -1.819031e-14 0 0 -87.82841 
1786056289.624 -1.819031e-14 0 0 -87.82841 
1786056289.696 -1.819031e-14 0 0 -87.82841 
1786056289.765 -1.819031e-14 0 0 -87.82841 
1786056289.830 -1.819031e-14 0 0 -87.82841 
1786056289.886 -1.819031e-14 0 0 -87.82841 
1786056289.949 -1.819031e-14 0 0 -87.82841 
1786056290.008 -1.819031e-14 0 0 -87.82841 
1786056290.064 -1.819031e-14 0 0 -87.82841 
1786056290.122 -1.819031e-14 0 0 -87.82841 
1786056290.179 -1.819031e-14 0 0 -87.82841 
1786056290.252 -1.819031e-14 0 0 -87.82841 
1786056290.332 -1.819031e-14 0 0 -87.82841 
1786056290.410 -1.819031e-14 0 0 -87.82841 
1786056290.484 -1.819031e-14 0 0 -87.82841 
1786056290.543 -1.819031e-14 0 0 -87.82841 
1786056290.600 -1.819031e-14 0 0 -87.82841 
1786056290.679 -1.819031e-14 0 0 -87.82841 
1786056290.752 -1.819031e-14 0 0 -87.82841 
1786056290.811 -1.819031e-14 0 0 -87.82841 
1786056290.874 -1.819031e-14 0 0 -87.82841 
1786056290.927 -1.819031e-14 0 0 -87.82841 
1786056290.986 -1.819031e-14 0 0 -87.82841 
1786056291.049 -1.819031e-14 0 0 -87.82841 
1786056291.114 -1.819031e-14 0 0 -87.82841 
1786056291.173 -1.819031e-14 0 0 -87.82841 
1786056291.233 -1.819031e-14 0 0 -87.82841 
1786056291.302 -1.819031e-14 0 0 -87.82841 
1786056291.386 -1.819031e-14 0 0 -87.82841 
1786056291.461 -1.819031e-14 0 0 -87.82841 
1786056291.523 -1.819031e-14 0 0 -87.82841 
1786056291.594 -1.819031e-14 0 0 -87.82841 
1786056291.661 -1.819031e-14 0 0 -87.82841 
1786056291.735 -1.819031e-14 0 0 -87.82841 
1786056291.812 -1.819031e-14 0 0 -87.82841 
1786056291.885 -1.819031e-14 0 0 -87.82841 
1786056291.952 -1.819031e-14 0 0 -87.82841 
1786056292.017 -1.819031e-14 0 0 -87.82841 
1786056292.073 -1.819031e-14 0 0 -87.82841 
1786056292.131 -1.819031e-14 0 0 -87.82841 
1786056292.185 -1.819031e-14 0 0 -87.82841 
1786056292.257 -1.819031e-14 0 0 -87.82841 
1786056292.316 -1.819031e-14 0 0 -87.82841 
1786056292.377 -1.819031e-14 0 0 -87.82841 
1786056292.433 -1.819031e-14 0 0 -87.82841 
1786056292.502 -1.819031e-14 0 0 -87.82841 
1786056292.558 -1.819031e-14 0 0 -87.82841 
1786056292.609 -1.819031e-14 0 0 -87.82841 
1786056292.664 -1.819031e-14 0 0 -87.82841 
1786056292.737 -1.819031e-14 0 0 -87.82841 
1786056292.797 -1.819031e-14 0 0 -87.82841 
1786056292.846 -1.819031e-14 0 0 -87.82841 
1786056292.906 -1.819031e-14 0 0 -87.82841 
1786056292.965 -1.819031e-14 0 0 -87.82841 
1786056293.021 -1.819031e-14 0 0 -87.82841 
1786056293.072 -1.819031e-14 0 0 -87.82841 
1786056293.130 -1.819031e-14 0 0 -87.82841 
1786056293.196 -1.819031e-14 0 0 -87.82841 
1786056293.250 -1.819031e-14 0 0 -87.82841 
1786056293.313 -1.819031e-14 0 0 -87.82841 
1786056293.371 -1.819031e-14 0 0 -87.82841 
1786056293.430 -1.819031e-14 0 0 -87.82841 
1786056293.488 -1.819031e-14 0 0 -87.82841 
1786056293.568 -1.819031e-14 0 0 -87.82841 
1786056293.623 -1.819031e-14 0 0 -87.82841 
1786056293.674 -1.819031e-14 0 0 -87.82841 
1786056293.725 -1.819031e-14 0 0 -87.82841 
1786056293.777 -1.819031e-14 0 0 -87.82841 
1786056293.830 -1.819031e-14 0 0 -87.82841 
1786056293.879 -1.819031e-14 0 0 -87.82841 
1786056293.937 -1.819031e-14 0 0 -87.82841 
1786056293.997 -1.819031e-14 0 0 -87.82841 
1786056294.044 -1.819031e-14 0 0 -87.82841 
1786056294.098 -1.819031e-14 0 0 -87.82841 
1786056294.159 -1.819031e-14 0 0 -87.82841 
1786056294.223 -1.819031e-14 0 0 -87.82841 
1786056294.274 -1.819031e-14 0 0 -87.82841 
1786056294.343 -1.819031e-14 0 0 -87.82841 
1786056294.406 -1.819031e-14 0 0 -87.82841 
1786056294.474 -1.819031e-14 0 0 -87.82841 
1786056294.533 -1.819031e-14 0 0 -87.82841 
1786056294.588 -1.819031e-14 0 0 -87.82841 
1786056294.645 -1.819031e-14 0 0 -87.82841 
1786056294.698 -1.819031e-14 0 0 -87.82841 
1786056294.749 -1.819031e-14 0 0 -87.82841 
1786056294.805 -1.819031e-14 0 0 -87.82841 
1786056294.865 -1.819031e-14 0 0 -87.82841 
1786056294.917 -1.819031e-14 0 0 -87.82841 
1786056294.973 -1.819031e-14 0 0 -87.82841 
1786056295.034 -1.819031e-14 0 0 -87.82841 
1786056295.089 -1.819031e-14 0 0 -87.82841 
1786056295.141 -1.819031e-14 0 0 -87.82841 
1786056295.198 -1.819031e-14 0 0 -87.82841 
1786056295.255 -1.819031e-14 0 0 -87.82841 
1786056295.317 -1.819031e-14 0 0 -87.82841 
1786056295.371 -1.819031e-14 0 0 -87.82841 
1786056295.436 -1.819031e-14 0 0 -87.82841 
1786056295.499 -1.819031e-14 0 0 -87.82841 
1786056295.549 -1.819031e-14 0 0 -87.82841 
1786056295.604 -1.819031e-14 0 0 -87.82841 
1786056295.661 -1.819031e-14 0 0 -87.82841 
1786056295.716 -1.819031e-14 0 0 -87.82841 
1786056295.775 -1.819031e-14 0 0 -87.82841 
1786056295.828 -1.819031e-14 0 0 -87.82841 
1786056295.879 -1.819031e-14 0 0 -87.82841 
1786056295.940 -1.819031e-14 0 0 -87.82841 
1786056295.992 -1.819031e-14 0 0 -87.82841 
1786056296.044 -1.819031e-14 0 0 -87.82841 
1786056296.097 -1.819031e-14 0 0 -87.82841 
1786056296.146 -1.819031e-14 0 0 -87.82841 
1786056296.200 -1.819031e-14 0 0 -87.82841 
1786056296.251 -1.819031e-14 0 0 -87.82841 
1786056296.307 -1.819031e-14 0 0 -87.82841 
1786056296.364 -1.819031e-14 0 0 -87.82841 
1786056296.444 -1.819031e-14 0 0 -87.82841 
1786056296.503 -1.819031e-14 0 0 -87.82841 
1786056296.567 -1.819031e-14 0 0 -87.82841 
1786056296.634 -1.819031e-14 0 0 -87.82841 
1786056296.690 -1.819031e-14 0 0 -87.82841 
1786056296.746 -1.819031e-14 0 0 -87.82841 
1786056296.811 -1.819031e-14 0 0 -87.82841 
1786056296.878 -1.819031e-14 0 0 -87.82841 
1786056296.932 -1.819031e-14 0 0 -87.82841 
1786056296.991 -1.819031e-14 0 0 -87.82841 
1786056297.050 -1.819031e-14 0 0 -87.82841 
1786056297.123 -1.819031e-14 0 0 -87.82841 
1786056297.187 -1.819031e-14 0 0 -87.82841 
1786056297.242 -1.819031e-14 0 0 -87.82841 
1786056297.308 -1.819031e-14 0 0 -87.82841 
1786056297.379 -1.819031e-14 0 0 -87.82841 
1786056297.454 -1.819031e-14 0 0 -87.82841 
1786056297.514 -1.819031e-14 0 0 -87.82841 
1786056297.566 -1.819031e-14 0 0 -87.82841 
1786056297.621 -1.819031e-14 0 0 -87.82841 
1786056297.676 -1.819031e-14 0 0 -87.82841 
1786056297.728 -1.819031e-14 0 0 -87.82841 
1786056297.792 -1.819031e-14 0 0 -87.82841 
1786056297.847 -1.819031e-14 0 0 -87.82841 
1786056297.901 -1.819031e-14 0 0 -87.82841 
1786056297.951 -1.819031e-14 0 0 -87.82841 
1786056298.015 -1.819031e-14 0 0 -87.82841 
1786056298.081 -1.819031e-14 0 0 -87.82841 
1786056298.141 -1.819031e-14 0 0 -87.82841 
1786056298.194 -1.819031e-14 0 0 -87.82841 
1786056298.252 -1.819031e-14 0 0 -87.82841 
1786056298.317 -1.819031e-14 0 0 -87.82841 
1786056298.381 -1.819031e-14 0 0 -87.82841 
1786056298.459 -1.819031e-14 0 0 -87.82841 
1786056298.522 -1.819031e-14 0 0 -87.82841 
1786056298.577 -1.819031e-14 0 0 -87.82841 
1786056298.633 -1.819031e-14 0 0 -87.82841 
1786056298.682 -1.819031e-14 0 0 -87.82841 
1786056298.737 -1.819031e-14 0 0 -87.82841 
1786056298.789 -1.819031e-14 0 0 -87.82841 
1786056298.841 -1.819031e-14 0 0 -87.82841 
1786056298.898 -1.819031e-14 0 0 -87.82841 
1786056298.962 -1.819031e-14 0 0 -87.82841 
1786056299.030 -1.819031e-14 0 0 -87.82841 
1786056299.084 -1.819031e-14 0 0 -87.82841 
1786056299.151 -1.819031e-14 0 0 -87.82841 
1786056299.213 -1.819031e-14 0 0 -87.82841 
1786056299.284 -1.819031e-14 0 0 -87.82841 
1786056299.353 -1.819031e-14 0 0 -87.82841 
1786056299.423 -1.819031e-14 0 0 -87.82841 
1786056299.481 -1.819031e-14 0 0 -87.82841 
1786056299.533 -1.819031e-14 0 0 -87.82841 
1786056299.585 -1.819031e-14 0 0 -87.82841 
1786056299.634 -1.819031e-14 0 0 -87.82841 
1786056299.692 -1.819031e-14 0 0 -87.82841 
1786056299.744 -1.819031e-14 0 0 -87.82841 
1786056299.793 -1.819031e-14 0 0 -87.82841 
1786056299.852 -1.819031e-14 0 0 -87.82841 
1786056299.911 -1.819031e-14 0 0 -87.82841 
1786056299.967 -1.819031e-14 0 0 -87.82841 
1786056300.026 -1.819031e-14 0 0 -87.82841 
1786056300.084 -1.819031e-14 0 0 -87.82841 
1786056300.143 -1.819031e-14 0 0 -87.82841 
1786056300.193 -1.819031e-14 0 0 -87.82841 
1786056300.251 -1.819031e-14 0 0 -87.82841 
1786056300.315 -1.819031e-14 0 0 -87.82841 
1786056300.383 -1.819031e-14 0 0 -87.82841 
1786056300.436 -1.819031e-14 0 0 -87.82841 
1786056300.498 -1.819031e-14 0 0 -87.82841 
1786056300.571 -1.819031e-14 0 0 -87.82841 
1786056300.625 -1.819031e-14 0 0 -87.82841 
1786056300.679 -1.819031e-14 0 0 -87.82841 
1786056300.734 -1.819031e-14 0 0 -87.82841 
1786056300.786 -1.819031e-14 0 0 -87.82841 
1786056300.838 -1.819031e-14 0 0 -87.82841 
1786056300.894 -1.819031e-14 0 0 -87.82841 
1786056300.945 -1.819031e-14 0 0 -87.82841 
1786056301.003 -1.819031e-14 0 0 -87.82841 
1786056301.063 -1.819031e-14 0 0 -87.82841 
1786056301.139 -1.819031e-14 0 0 -87.82841 
1786056301.199 -1.819031e-14 0 0 -87.82841 
1786056301.258 -1.819031e-14 0 0 -87.82841 
1786056301.322 -1.819031e-14 0 0 -87.82841 
1786056301.397 -1.819031e-14 0 0 -87.82841 
1786056301.463 -1.819031e-14 0 0 -87.82841 
1786056301.514 -1.819031e-14 0 0 -87.82841 
1786056301.569 -1.819031e-14 0 0 -87.82841 
1786056301.623 -1.819031e-14 0 0 -87.82841 
1786056301.675 -1.819031e-14 0 0 -87.82841 
1786056301.723 -1.819031e-14 0 0 -87.82841 
1786056301.775 -1.819031e-14 0 0 -87.82841 
1786056301.839 -1.819031e-14 0 0 -87.82841 
1786056301.889 -1.819031e-14 0 0 -87.82841 
1786056301.939 -1.819031e-14 0 0 -87.82841 
1786056302.005 -1.819031e-14 0 0 -87.82841 
1786056302.060 -1.819031e-14 0 0 -87.82841 
1786056302.113 -1.819031e-14 0 0 -87.82841 
1786056302.165 -1.819031e-14 0 0 -87.82841 
1786056302.229 -1.819031e-14 0 0 -87.82841 
1786056302.281 -1.819031e-14 0 0 -87.82841 
1786056302.338 -1.819031e-14 0 0 -87.82841 
1786056302.391 -1.819031e-14 0 0 -87.82841 
1786056302.442 -1.819031e-14 0 0 -87.82841 
1786056302.495 -1.819031e-14 0 0 -87.82841 
1786056302.553 -1.819031e-14 0 0 -87.82841 
1786056302.605 -1.819031e-14 0 0 -87.82841 
1786056302.659 -1.819031e-14 0 0 -87.82841 
1786056302.717 -1.819031e-14 0 0 -87.82841 
1786056302.773 -1.819031e-14 0 0 -87.82841 
1786056302.836 -1.819031e-14 0 0 -87.82841 
1786056302.890 -1.819031e-14 0 0 -87.82841 
1786056302.954 -1.819031e-14 0 0 -87.82841 
1786056303.003 -1.819031e-14 0 0 -87.82841 
1786056303.055 -1.819031e-14 0 0 -87.82841 
1786056303.113 -1.819031e-14 0 0 -87.82841 
1786056303.170 -1.819031e-14 0 0 -87.82841 
1786056303.226 -1.819031e-14 0 0 -87.82841 
1786056303.280 -1.819031e-14 0 0 -87.82841 
1786056303.344 -1.819031e-14 0 0 -87.82841 
1786056303.400 -1.819031e-14 0 0 -87.82841 
1786056303.455 -1.819031e-14 0 0 -87.82841 
1786056303.504 -1.819031e-14 0 0 -87.82841 
1786056303.555 -1.819031e-14 0 0 -87.82841 
1786056303.614 -1.819031e-14 0 0 -87.82841 
1786056303.671 -1.819031e-14 0 0 -87.82841 
1786056303.725 -1.819031e-14 0 0 -87.82841 
1786056303.775 -1.819031e-14 0 0 -87.82841 
1786056303.826 -1.819031e-14 0 0 -87.82841 
1786056303.876 -1.819031e-14 0 0 -87.82841 
1786056303.927 -1.819031e-14 0 0 -87.82841 
1786056303.979 -1.819031e-14 0 0 -87.82841 
1786056304.032 -1.819031e-14 0 0 -87.82841 
1786056304.082 -1.819031e-14 0 0 -87.82841 
1786056304.135 -1.819031e-14 0 0 -87.82841 
1786056304.189 -1.819031e-14 0 0 -87.82841 
1786056304.256 -1.819031e-14 0 0 -87.82841 
1786056304.321 -1.819031e-14 0 0 -87.82841 
1786056304.378 -1.819031e-14 0 0 -87.82841 
1786056304.428 -1.819031e-14 0 0 -87.82841 
1786056304.488 -1.819031e-14 0 0 -87.82841 
1786056304.541 -1.819031e-14 0 0 -87.82841 
1786056304.589 -1.819031e-14 0 0 -87.82841 
1786056304.643 -1.819031e-14 0 0 -87.82841 
1786056304.699 -1.819031e-14 0 0 -87.82841 
1786056304.749 -1.819031e-14 0 0 -87.82841 
1786056304.804 -1.819031e-14 0 0 -87.82841 
1786056304.855 -1.819031e-14 0 0 -87.82841 
1786056304.905 -1.819031e-14 0 0 -87.82841 
1786056304.959 -1.819031e-14 0 0 -87.82841 
1786056305.012 -1.819031e-14 0 0 -87.82841 
1786056305.061 -1.819031e-14 0 0 -87.82841 
1786056305.127 -1.819031e-14 0 0 -87.82841 
1786056305.180 -1.819031e-14 0 0 -87.82841 
1786056305.236 -1.819031e-14 0 0 -87.82841 
1786056305.294 -1.819031e-14 0 0 -87.82841 
1786056305.349 -1.819031e-14 0 0 -87.82841 
1786056305.399 -1.819031e-14 0 0 -87.82841 
1786056305.449 -1.819031e-14 0 0 -87.82841 
1786056305.502 -1.819031e-14 0 0 -87.82841 
1786056305.550 -1.819031e-14 0 0 -87.82841 
1786056305.614 -1.819031e-14 0 0 -87.82841 
1786056305.675 -1.819031e-14 0 0 -87.82841 
1786056305.733 -1.819031e-14 0 0 -87.82841 
1786056305.791 -1.819031e-14 0 0 -87.82841 
1786056305.851 -1.819031e-14 0 0 -87.82841 
1786056305.912 -1.819031e-14 0 0 -87.82841 
1786056305.962 -1.819031e-14 0 0 -87.82841 
1786056306.015 -1.819031e-14 0 0 -87.82841 
1786056306.087 -1.819031e-14 0 0 -87.82841 
1786056306.157 -1.819031e-14 0 0 -87.82841 
1786056306.219 -1.819031e-14 0 0 -87.82841 
1786056306.272 -1.819031e-14 0 0 -87.82841 
1786056306.331 -1.819031e-14 0 0 -87.82841 
1786056306.413 -1.819031e-14 0 0 -87.82841 
1786056306.478 -1.819031e-14 0 0 -87.82841 
1786056306.539 -1.819031e-14 0 0 -87.82841 
1786056306.590 -1.819031e-14 0 0 -87.82841 
1786056306.642 -1.819031e-14 0 0 -87.82841 
1786056306.696 -1.819031e-14 0 0 -87.82841 
1786056306.746 -1.819031e-14 0 0 -87.82841 
1786056306.801 -1.819031e-14 0 0 -87.82841 
1786056306.849 -1.819031e-14 0 0 -87.82841 
1786056306.898 -1.819031e-14 0 0 -87.82841 
1786056306.949 -1.819031e-14 0 0 -87.82841 
1786056307.002 -1.819031e-14 0 0 -87.82841 
1786056307.063 -1.819031e-14 0 0 -87.82841 
1786056307.114 -1.819031e-14 0 0 -87.82841 
1786056307.161 -1.819031e-14 0 0 -87.82841 
1786056307.210 -1.819031e-14 0 0 -87.82841 
1786056307.267 -1.819031e-14 0 0 -87.82841 
1786056307.318 -1.819031e-14 0 0 -87.82841 
1786056307.378 -1.819031e-14 0 0 -87.82841 
1786056307.437 -1.819031e-14 0 0 -87.82841 
1786056307.502 -1.819031e-14 0 0 -87.82841 
1786056307.563 -1.819031e-14 0 0 -87.82841 
1786056307.616 -1.819031e-14 0 0 -87.82841 
1786056307.676 -1.819031e-14 0 0 -87.82841 
1786056307.733 -1.819031e-14 0 0 -87.82841 
1786056307.787 -1.819031e-14 0 0 -87.82841 
1786056307.839 -1.819031e-14 0 0 -87.82841 
1786056307.893 -1.819031e-14 0 0 -87.82841 
1786056307.945 -1.819031e-14 0 0 -87.82841 
1786056308.010 -1.819031e-14 0 0 -87.82841 
1786056308.062 -1.819031e-14 0 0 -87.82841 
1786056308.110 -1.819031e-14 0 0 -87.82841 
1786056308.170 -1.819031e-14 0 0 -87.82841 
1786056308.222 -1.819031e-14 0 0 -87.82841 
1786056308.271 -1.819031e-14 0 0 -87.82841 
1786056308.331 -1.819031e-14 0 0 -87.82841 
1786056308.399 -1.819031e-14 0 0 -87.82841 
1786056308.454 -1.819031e-14 0 0 -87.82841 
1786056308.512 -1.819031e-14 0 0 -87.82841 
1786056308.570 -1.819031e-14 0 0 -87.82841 
1786056308.627 -1.819031e-14 0 0 -87.82841 
1786056308.676 -1.819031e-14 0 0 -87.82841 
1786056308.731 -1.819031e-14 0 0 -87.82841 
1786056308.785 -1.819031e-14 0 0 -87.82841 
1786056308.837 -1.819031e-14 0 0 -87.82841 
1786056308.888 -1.819031e-14 0 0 -87.82841 
1786056308.942 -1.819031e-14 0 0 -87.82841 
1786056308.995 -1.819031e-14 0 0 -87.82841 
1786056309.060 -1.819031e-14 0 0 -87.82841 
1786056309.115 -1.819031e-14 0 0 -87.82841 
1786056309.168 -1.819031e-14 0 0 -87.82841 
1786056309.225 -1.819031e-14 0 0 -87.82841 
1786056309.291 -1.819031e-14 0 0 -87.82841 
1786056309.362 -1.819031e-14 0 0 -87.82841 
1786056309.425 -1.819031e-14 0 0 -87.82841 
1786056309.477 -1.819031e-14 0 0 -87.82841 
1786056309.531 -1.819031e-14 0 0 -87.82841 
1786056309.581 -1.819031e-14 0 0 -87.82841 
1786056309.631 -1.819031e-14 0 0 -87.82841 
1786056309.683 -1.819031e-14 0 0 -87.82841 
1786056309.747 -1.819031e-14 0 0 -87.82841 
1786056309.797 -1.819031e-14 0 0 -87.82841 
1786056309.848 -1.819031e-14 0 0 -87.82841 
1786056309.898 -1.819031e-14 0 0 -87.82841 
1786056309.951 -1.819031e-14 0 0 -87.82841 
1786056310.003 -1.819031e-14 0 0 -87.82841 
1786056310.058 -1.819031e-14 0 0 -87.82841 
1786056310.107 -1.819031e-14 0 0 -87.82841 
1786056310.165 -1.819031e-14 0 0 -87.82841 
1786056310.217 -1.819031e-14 0 0 -87.82841 
1786056310.264 -1.819031e-14 0 0 -87.82841 
1786056310.327 -1.819031e-14 0 0 -87.82841 
1786056310.412 -1.819031e-14 0 0 -87.82841 
1786056310.494 -1.819031e-14 0 0 -87.82841 
1786056310.586 -1.819031e-14 0 0 -87.82841 
1786056310.651 -1.819031e-14 0 0 -87.82841 
1786056310.714 -1.819031e-14 0 0 -87.82841 
1786056310.772 -1.819031e-14 0 0 -87.82841 
1786056310.824 -1.819031e-14 0 0 -87.82841 
1786056310.878 -1.819031e-14 0 0 -87.82841 
1786056310.930 -1.819031e-14 0 0 -87.82841 
1786056310.982 -1.819031e-14 0 0 -87.82841 
1786056311.032 -1.819031e-14 0 0 -87.82841 
1786056311.082 -1.819031e-14 0 0 -87.82841 
1786056311.133 -1.819031e-14 0 0 -87.82841 
1786056311.192 -1.819031e-14 0 0 -87.82841 
1786056311.242 -1.819031e-14 0 0 -87.82841 
1786056311.293 -1.819031e-14 0 0 -87.82841 
1786056311.351 -1.819031e-14 0 0 -87.82841 
1786056311.404 -1.819031e-14 0 0 -87.82841 
1786056311.462 -1.819031e-14 0 0 -87.82841 
1786056311.516 -1.819031e-14 0 0 -87.82841 
1786056311.566 -1.819031e-14 0 0 -87.82841 
1786056311.616 -1.819031e-14 0 0 -87.82841 
1786056311.669 -1.819031e-14 0 0 -87.82841 
1786056311.718 -1.819031e-14 0 0 -87.82841 
1786056311.770 -1.819031e-14 0 0 -87.82841 
1786056311.821 -1.819031e-14 0 0 -87.82841 
1786056311.878 -1.819031e-14 0 0 -87.82841 
1786056311.929 -1.819031e-14 0 0 -87.82841 
1786056311.979 -1.819031e-14 0 0 -87.82841 
1786056312.028 -1.819031e-14 0 0 -87.82841 
1786056312.096 -1.819031e-14 0 0 -87.82841 
1786056312.145 -1.819031e-14 0 0 -87.82841 
1786056312.197 -1.819031e-14 0 0 -87.82841 
1786056312.249 -1.819031e-14 0 0 -87.82841 
1786056312.318 -1.819031e-14 0 0 -87.82841 
1786056312.381 -1.819031e-14 0 0 -87.82841 
1786056312.437 -1.819031e-14 0 0 -87.82841 
1786056312.490 -1.819031e-14 0 0 -87.82841 
1786056312.545 -1.819031e-14 0 0 -87.82841 
1786056312.592 -1.819031e-14 0 0 -87.82841 
1786056312.649 -1.819031e-14 0 0 -87.82841 
1786056312.704 -1.819031e-14 0 0 -87.82841 
1786056312.752 -1.819031e-14 0 0 -87.82841 
1786056312.812 -1.819031e-14 0 0 -87.82841 
1786056312.870 -1.819031e-14 0 0 -87.82841 
1786056312.920 -1.819031e-14 0 0 -87.82841 
1786056312.973 -1.819031e-14 0 0 -87.82841 
1786056313.025 -1.819031e-14 0 0 -87.82841 
1786056313.083 -1.819031e-14 0 0 -87.82841 
1786056313.138 -1.819031e-14 0 0 -87.82841 
1786056313.199 -1.819031e-14 0 0 -87.82841 
1786056313.250 -1.819031e-14 0 0 -87.82841 
1786056313.302 -1.819031e-14 0 0 -87.82841 
1786056313.377 -1.819031e-14 0 0 -87.82841 
1786056313.451 -1.819031e-14 0 0 -87.82841 
1786056313.507 -1.819031e-14 0 0 -87.82841 
1786056313.567 -1.819031e-14 0 0 -87.82841 
1786056313.619 -1.819031e-14 0 0 -87.82841 
1786056313.677 -1.819031e-14 0 0 -87.82841 
1786056313.731 -1.819031e-14 0 0 -87.82841 
1786056313.796 -1.819031e-14 0 0 -87.82841 
1786056313.859 -1.819031e-14 0 0 -87.82841 
1786056313.913 -1.819031e-14 0 0 -87.82841 
1786056313.965 -1.819031e-14 0 0 -87.82841 
1786056314.016 -1.819031e-14 0 0 -87.82841 
1786056314.080 -1.819031e-14 0 0 -87.82841 
1786056314.129 -1.819031e-14 0 0 -87.82841 
1786056314.182 -1.819031e-14 0 0 -87.82841 
1786056314.257 -1.819031e-14 0 0 -87.82841 
1786056314.324 -1.819031e-14 0 0 -87.82841 
1786056314.403 -1.819031e-14 0 0 -87.82841 
1786056314.474 -1.819031e-14 0 0 -87.82841 
1786056314.530 -1.819031e-14 0 0 -87.82841 
1786056314.585 -1.819031e-14 0 0 -87.82841 
1786056314.639 -1.819031e-14 0 0 -87.82841 
1786056314.690 -1.819031e-14 0 0 -87.82841 
1786056314.761 -1.819031e-14 0 0 -87.82841 
1786056314.822 -1.819031e-14 0 0 -87.82841 
1786056314.873 -1.819031e-14 0 0 -87.82841 
1786056314.920 -1.819031e-14 0 0 -87.82841 
1786056314.982 -1.819031e-14 0 0 -87.82841 
1786056315.037 -1.819031e-14 0 0 -87.82841 
1786056315.098 -1.819031e-14 0 0 -87.82841 
1786056315.161 -1.819031e-14 0 0 -87.82841 
1786056315.235 -1.819031e-14 0 0 -87.82841 
1786056315.296 -1.819031e-14 0 0 -87.82841 
1786056315.362 -1.819031e-14 0 0 -87.82841 
1786056315.430 -1.819031e-14 0 0 -87.82841 
1786056315.488 -1.819031e-14 0 0 -87.82841 
1786056315.555 -1.819031e-14 0 0 -87.82841 
1786056315.612 -1.819031e-14 0 0 -87.82841 
1786056315.694 -1.819031e-14 0 0 -87.82841 
1786056315.761 -1.819031e-14 0 0 -87.82841 
1786056315.820 -1.819031e-14 0 0 -87.82841 
1786056315.869 -1.819031e-14 0 0 -87.82841 
1786056315.922 -1.819031e-14 0 0 -87.82841 
1786056315.978 -1.819031e-14 0 0 -87.82841 
1786056316.029 -1.819031e-14 0 0 -87.82841 
1786056316.084 -1.819031e-14 0 0 -87.82841 
1786056316.139 -1.819031e-14 0 0 -87.82841 
1786056316.189 -1.819031e-14 0 0 -87.82841 
1786056316.250 -1.819031e-14 0 0 -87.82841 
1786056316.304 -1.819031e-14 0 0 -87.82841 
1786056316.358 -1.819031e-14 0 0 -87.82841 
1786056316.420 -1.819031e-14 0 0 -87.82841 
1786056316.478 -1.819031e-14 0 0 -87.82841 
1786056316.530 -1.819031e-14 0 0 -87.82841 
1786056316.591 -1.819031e-14 0 0 -87.82841 
1786056316.646 -1.819031e-14 0 0 -87.82841 
1786056316.714 -1.819031e-14 0 0 -87.82841 
1786056316.769 -1.819031e-14 0 0 -87.82841 
1786056316.826 -1.819031e-14 0 0 -87.82841 
1786056316.882 -1.819031e-14 0 0 -87.82841 
1786056316.938 -1.819031e-14 0 0 -87.82841 
1786056316.994 -1.819031e-14 0 0 -87.82841 
1786056317.050 -1.819031e-14 0 0 -87.82841 
1786056317.103 -1.819031e-14 0 0 -87.82841 
1786056317.158 -1.819031e-14 0 0 -87.82841 
1786056317.214 -1.819031e-14 0 0 -87.82841 
1786056317.275 -1.819031e-14 0 0 -87.82841 
1786056317.327 -1.819031e-14 0 0 -87.82841 
1786056317.387 -1.819031e-14 0 0 -87.82841 
1786056317.445 -1.819031e-14 0 0 -87.82841 
1786056317.504 -1.819031e-14 0 0 -87.82841 
1786056317.562 -1.819031e-14 0 0 -87.82841 
1786056317.633 -1.819031e-14 0 0 -87.82841 
1786056317.704 -1.819031e-14 0 0 -87.82841 
1786056317.774 -1.819031e-14 0 0 -87.82841 
1786056317.833 -1.819031e-14 0 0 -87.82841 
1786056317.889 -1.819031e-14 0 0 -87.82841 
1786056317.949 -1.819031e-14 0 0 -87.82841 
1786056318.011 -1.819031e-14 0 0 -87.82841 
1786056318.072 -1.819031e-14 0 0 -87.82841 
1786056318.123 -1.819031e-14 0 0 -87.82841 
1786056318.173 -1.819031e-14 0 0 -87.82841 
1786056318.248 -1.819031e-14 0 0 -87.82841 
1786056318.300 -1.819031e-14 0 0 -87.82841 
1786056318.354 -1.819031e-14 0 0 -87.82841 
1786056318.409 -1.819031e-14 0 0 -87.82841 
1786056318.473 -1.819031e-14 0 0 -87.82841 
1786056318.522 -1.819031e-14 0 0 -87.82841 
1786056318.571 -1.819031e-14 0 0 -87.82841 
1786056318.627 -1.819031e-14 0 0 -87.82841 
1786056318.681 -1.819031e-14 0 0 -87.82841 
1786056318.734 -1.819031e-14 0 0 -87.82841 
1786056318.786 -1.819031e-14 0 0 -87.82841 
1786056318.836 -1.819031e-14 0 0 -87.82841 
1786056318.888 -1.819031e-14 0 0 -87.82841 
1786056318.948 -1.819031e-14 0 0 -87.82841 
1786056318.997 -1.819031e-14 0 0 -87.82841 
1786056319.049 -1.819031e-14 0 0 -87.82841 
1786056319.109 -1.819031e-14 0 0 -87.82841 
1786056319.167 -1.819031e-14 0 0 -87.82841 
1786056319.222 -1.819031e-14 0 0 -87.82841 
1786056319.275 -1.819031e-14 0 0 -87.82841 
1786056319.325 -1.819031e-14 0 0 -87.82841 
1786056319.382 -1.819031e-14 0 0 -87.82841 
1786056319.435 -1.819031e-14 0 0 -87.82841 
1786056319.487 -1.819031e-14 0 0 -87.82841 
1786056319.544 -1.819031e-14 0 0 -87.82841 
1786056319.605 -1.819031e-14 0 0 -87.82841 
1786056319.659 -1.819031e-14 0 0 -87.82841 
1786056319.715 -1.819031e-14 0 0 -87.82841 
1786056319.770 -1.819031e-14 0 0 -87.82841 
1786056319.831 -1.819031e-14 0 0 -87.82841 
1786056319.880 -1.819031e-14 0 0 -87.82841 
1786056319.930 -1.819031e-14 0 0 -87.82841 
1786056319.984 -1.819031e-14 0 0 -87.82841 
1786056320.042 -1.819031e-14 0 0 -87.82841 
1786056320.101 -1.819031e-14 0 0 -87.82841 
1786056320.155 -1.819031e-14 0 0 -87.82841 
1786056320.215 -1.819031e-14 0 0 -87.82841 
1786056320.275 -1.819031e-14 0 0 -87.82841 
1786056320.325 -1.819031e-14 0 0 -87.82841 
1786056320.383 -1.819031e-14 0 0 -87.82841 
1786056320.451 -1.819031e-14 0 0 -87.82841 
1786056320.515 -1.819031e-14 0 0 -87.82841 
1786056320.582 -1.819031e-14 0 0 -87.82841 
1786056320.633 -1.819031e-14 0 0 -87.82841 
1786056320.691 -1.819031e-14 0 0 -87.82841 
1786056320.743 -1.819031e-14 0 0 -87.82841 
1786056320.797 -1.819031e-14 0 0 -87.82841 
1786056320.848 -1.819031e-14 0 0 -87.82841 
1786056320.897 -1.819031e-14 0 0 -87.82841 
1786056320.951 -1.819031e-14 0 0 -87.82841 
1786056320.999 -1.819031e-14 0 0 -87.82841 
1786056321.048 -1.819031e-14 0 0 -87.82841 
1786056321.103 -1.819031e-14 0 0 -87.82841 
1786056321.152 -1.819031e-14 0 0 -87.82841 
1786056321.203 -1.819031e-14 0 0 -87.82841 
1786056321.264 -1.819031e-14 0 0 -87.82841 
1786056321.311 -1.819031e-14 0 0 -87.82841 
1786056321.374 -1.819031e-14 0 0 -87.82841 
1786056321.447 -1.819031e-14 0 0 -87.82841 
1786056321.506 -1.819031e-14 0 0 -87.82841 
1786056321.560 -1.819031e-14 0 0 -87.82841 
1786056321.618 -1.819031e-14 0 0 -87.82841 
1786056321.672 -1.819031e-14 0 0 -87.82841 
1786056321.724 -1.819031e-14 0 0 -87.82841 
1786056321.773 -1.819031e-14 0 0 -87.82841 
1786056321.829 -1.819031e-14 0 0 -87.82841 
1786056321.877 -1.819031e-14 0 0 -87.82841 
1786056321.930 -1.819031e-14 0 0 -87.82841 
1786056321.978 -1.819031e-14 0 0 -87.82841 
1786056322.026 -1.819031e-14 0 0 -87.82841 
1786056322.077 -1.819031e-14 0 0 -87.82841 
1786056322.124 -1.819031e-14 0 0 -87.82841 
1786056322.181 -1.819031e-14 0 0 -87.82841 
1786056322.238 -1.819031e-14 0 0 -87.82841 
1786056322.288 -1.819031e-14 0 0 -87.82841 
1786056322.336 -1.819031e-14 0 0 -87.82841 
1786056322.396 -1.819031e-14 0 0 -87.82841 
1786056322.452 -1.819031e-14 0 0 -87.82841 
1786056322.518 -1.819031e-14 0 0 -87.82841 
1786056322.568 -1.819031e-14 0 0 -87.82841 
1786056322.620 -1.819031e-14 0 0 -87.82841 
1786056322.669 -1.819031e-14 0 0 -87.82841 
1786056322.725 -1.819031e-14 0 0 -87.82841 
1786056322.778 -1.819031e-14 0 0 -87.82841 
1786056322.828 -1.819031e-14 0 0 -87.82841 
1786056322.880 -1.819031e-14 0 0 -87.82841 
1786056322.938 -1.819031e-14 0 0 -87.82841 
1786056322.988 -1.819031e-14 0 0 -87.82841 
1786056323.046 -1.819031e-14 0 0 -87.82841 
1786056323.097 -1.819031e-14 0 0 -87.82841 
1786056323.148 -1.819031e-14 0 0 -87.82841 
1786056323.201 -1.819031e-14 0 0 -87.82841 
1786056323.250 -1.819031e-14 0 0 -87.82841 
1786056323.303 -1.819031e-14 0 0 -87.82841 
1786056323.359 -1.819031e-14 0 0 -87.82841 
1786056323.417 -1.819031e-14 0 0 -87.82841 
1786056323.481 -1.819031e-14 0 0 -87.82841 
1786056323.544 -1.819031e-14 0 0 -87.82841 
1786056323.603 -1.819031e-14 0 0 -87.82841 
1786056323.658 -1.819031e-14 0 0 -87.82841 
1786056323.711 -1.819031e-14 0 0 -87.82841 
1786056323.770 -1.819031e-14 0 0 -87.82841 
1786056323.830 -1.819031e-14 0 0 -87.82841 
1786056323.879 -1.819031e-14 0 0 -87.82841 
1786056323.930 -1.819031e-14 0 0 -87.82841 
1786056323.986 -1.819031e-14 0 0 -87.82841 
1786056324.035 -1.819031e-14 0 0 -87.82841 
1786056324.089 -1.819031e-14 0 0 -87.82841 
1786056324.141 -1.819031e-14 0 0 -87.82841 
1786056324.193 -1.819031e-14 0 0 -87.82841 
1786056324.242 -1.819031e-14 0 0 -87.82841 
1786056324.305 -1.819031e-14 0 0 -87.82841 
1786056324.353 -1.819031e-14 0 0 -87.82841 
1786056324.418 -1.819031e-14 0 0 -87.82841 
1786056324.485 -1.819031e-14 0 0 -87.82841 
1786056324.554 -1.819031e-14 0 0 -87.82841 
1786056324.607 -1.819031e-14 0 0 -87.82841 
1786056324.659 -1.819031e-14 0 0 -87.82841 
1786056324.724 -1.819031e-14 0 0 -87.82841 
1786056324.775 -1.819031e-14 0 0 -87.82841 
1786056324.825 -1.819031e-14 0 0 -87.82841 
1786056324.875 -1.819031e-14 0 0 -87.82841 
1786056324.929 -1.819031e-14 0 0 -87.82841 
1786056324.976 -1.819031e-14 0 0 -87.82841 
1786056325.024 -1.819031e-14 0 0 -87.82841 
1786056325.075 -1.819031e-14 0 0 -87.82841 
1786056325.127 -1.819031e-14 0 0 -87.82841 
1786056325.185 -1.819031e-14 0 0 -87.82841 
1786056325.235 -1.819031e-14 0 0 -87.82841 
1786056325.292 -1.819031e-14 0 0 -87.82841 
1786056325.357 -1.819031e-14 0 0 -87.82841 
1786056325.411 -1.819031e-14 0 0 -87.82841 
1786056325.470 -1.819031e-14 0 0 -87.82841 
1786056325.529 -1.819031e-14 0 0 -87.82841 
1786056325.579 -1.819031e-14 0 0 -87.82841 
1786056325.630 -1.819031e-14 0 0 -87.82841 
1786056325.682 -1.819031e-14 0 0 -87.82841 
1786056325.736 -1.819031e-14 0 0 -87.82841 
1786056325.785 -1.819031e-14 0 0 -87.82841 
1786056325.842 -1.819031e-14 0 0 -87.82841 
1786056325.893 -1.819031e-14 0 0 -87.82841 
1786056325.943 -1.819031e-14 0 0 -87.82841 
1786056325.993 -1.819031e-14 0 0 -87.82841 
1786056326.042 -1.819031e-14 0 0 -87.82841 
1786056326.093 -1.819031e-14 0 0 -87.82841 
1786056326.143 -1.819031e-14 0 0 -87.82841 
1786056326.193 -1.819031e-14 0 0 -87.82841 
1786056326.243 -1.819031e-14 0 0 -87.82841 
1786056326.296 -1.819031e-14 0 0 -87.82841 
1786056326.347 -1.819031e-14 0 0 -87.82841 
1786056326.410 -1.819031e-14 0 0 -87.82841 
1786056326.473 -1.819031e-14 0 0 -87.82841 
1786056326.526 -1.819031e-14 0 0 -87.82841 
1786056326.575 -1.819031e-14 0 0 -87.82841 
1786056326.631 -1.819031e-14 0 0 -87.82841 
1786056326.679 -1.819031e-14 0 0 -87.82841 
1786056326.730 -1.819031e-14 0 0 -87.82841 
1786056326.778 -1.819031e-14 0 0 -87.82841 
1786056326.825 -1.819031e-14 0 0 -87.82841 
1786056326.880 -1.819031e-14 0 0 -87.82841 
1786056326.931 -1.819031e-14 0 0 -87.82841 
1786056326.985 -1.819031e-14 0 0 -87.82841 
1786056327.051 -1.819031e-14 0 0 -87.82841 
1786056327.120 -1.819031e-14 0 0 -87.82841 
1786056327.179 -1.819031e-14 0 0 -87.82841 
1786056327.237 -1.819031e-14 0 0 -87.82841 
1786056327.297 -1.819031e-14 0 0 -87.82841 
1786056327.359 -1.819031e-14 0 0 -87.82841 
1786056327.425 -1.819031e-14 0 0 -87.82841 
1786056327.491 -1.819031e-14 0 0 -87.82841 
1786056327.549 -1.819031e-14 0 0 -87.82841 
1786056327.602 -1.819031e-14 0 0 -87.82841 
1786056327.662 -1.819031e-14 0 0 -87.82841 
1786056327.714 -1.819031e-14 0 0 -87.82841 
1786056327.768 -1.819031e-14 0 0 -87.82841 
1786056327.826 -1.819031e-14 0 0 -87.82841 
1786056327.891 -1.819031e-14 0 0 -87.82841 
1786056327.947 -1.819031e-14 0 0 -87.82841 
1786056328.004 -1.819031e-14 0 0 -87.82841 
1786056328.056 -1.819031e-14 0 0 -87.82841 
1786056328.114 -1.819031e-14 0 0 -87.82841 
1786056328.166 -1.819031e-14 0 0 -87.82841 
1786056328.216 -1.819031e-14 0 0 -87.82841 
1786056328.267 -1.819031e-14 0 0 -87.82841 
1786056328.334 -1.819031e-14 0 0 -87.82841 
1786056328.388 -1.819031e-14 0 0 -87.82841 
1786056328.447 -1.819031e-14 0 0 -87.82841 
1786056328.501 -1.819031e-14 0 0 -87.82841 
1786056328.564 -1.819031e-14 0 0 -87.82841 
1786056328.614 -1.819031e-14 0 0 -87.82841 
1786056328.667 -1.819031e-14 0 0 -87.82841 
1786056328.721 -1.819031e-14 0 0 -87.82841 
1786056328.782 -1.819031e-14 0 0 -87.82841 
1786056328.831 -1.819031e-14 0 0 -87.82841 
1786056328.883 -1.819031e-14 0 0 -87.82841 
1786056328.937 -1.819031e-14 0 0 -87.82841 
1786056328.992 -1.819031e-14 0 0 -87.82841 
1786056329.050 -1.819031e-14 0 0 -87.82841 
1786056329.115 -1.819031e-14 0 0 -87.82841 
1786056329.173 -1.819031e-14 0 0 -87.82841 
1786056329.231 -1.819031e-14 0 0 -87.82841 
1786056329.283 -1.819031e-14 0 0 -87.82841 
1786056329.340 -1.819031e-14 0 0 -87.82841 
1786056329.390 -1.819031e-14 0 0 -87.82841 
1786056329.445 -1.819031e-14 0 0 -87.82841 
1786056329.500 -1.819031e-14 0 0 -87.82841 
1786056329.550 -1.819031e-14 0 0 -87.82841 
1786056329.602 -1.819031e-14 0 0 -87.82841 
1786056329.661 -1.819031e-14 0 0 -87.82841 
1786056329.714 -1.819031e-14 0 0 -87.82841 
1786056329.772 -1.819031e-14 0 0 -87.82841 
1786056329.836 -1.819031e-14 0 0 -87.82841 
1786056329.906 -1.819031e-14 0 0 -87.82841 
1786056329.965 -1.819031e-14 0 0 -87.82841 
1786056330.019 -1.819031e-14 0 0 -87.82841 
1786056330.073 -1.819031e-14 0 0 -87.82841 
1786056330.127 -1.819031e-14 0 0 -87.82841 
1786056330.191 -1.819031e-14 0 0 -87.82841 
1786056330.267 -1.819031e-14 0 0 -87.82841 
1786056330.326 -1.819031e-14 0 0 -87.82841 
1786056330.382 -1.819031e-14 0 0 -87.82841 
1786056330.461 -1.819031e-14 0 0 -87.82841 
1786056330.522 -1.819031e-14 0 0 -87.82841 
1786056330.580 -1.819031e-14 0 0 -87.82841 
1786056330.645 -1.819031e-14 0 0 -87.82841 
1786056330.721 -1.819031e-14 0 0 -87.82841 
1786056330.794 -1.819031e-14 0 0 -87.82841 
1786056330.868 -1.819031e-14 0 0 -87.82841 
1786056330.931 -1.819031e-14 0 0 -87.82841 
1786056330.985 -1.819031e-14 0 0 -87.82841 
1786056331.039 -1.819031e-14 0 0 -87.82841 
1786056331.091 -1.819031e-14 0 0 -87.82841 
1786056331.147 -1.819031e-14 0 0 -87.82841 
1786056331.221 -1.819031e-14 0 0 -87.82841 
1786056331.289 -1.819031e-14 0 0 -87.82841 
1786056331.349 -1.819031e-14 0 0 -87.82841 
1786056331.406 -1.819031e-14 0 0 -87.82841 
1786056331.466 -1.819031e-14 0 0 -87.82841 
1786056331.523 -1.819031e-14 0 0 -87.82841 
1786056331.586 -1.819031e-14 0 0 -87.82841 
1786056331.635 -1.819031e-14 0 0 -87.82841 
1786056331.687 -1.819031e-14 0 0 -87.82841 
1786056331.738 -1.819031e-14 0 0 -87.82841 
1786056331.789 -1.819031e-14 0 0 -87.82841 
1786056331.841 -1.819031e-14 0 0 -87.82841 
1786056331.892 -1.819031e-14 0 0 -87.82841 
1786056331.942 -1.819031e-14 0 0 -87.82841 
1786056331.996 -1.819031e-14 0 0 -87.82841 
1786056332.045 -1.819031e-14 0 0 -87.82841 
1786056332.094 -1.819031e-14 0 0 -87.82841 
1786056332.150 -1.819031e-14 0 0 -87.82841 
1786056332.213 -1.819031e-14 0 0 -87.82841 
1786056332.265 -1.819031e-14 0 0 -87.82841 
1786056332.323 -1.819031e-14 0 0 -87.82841 
1786056332.388 -1.819031e-14 0 0 -87.82841 
1786056332.441 -1.819031e-14 0 0 -87.82841 
1786056332.504 -1.819031e-14 0 0 -87.82841 
1786056332.567 -1.819031e-14 0 0 -87.82841 
1786056332.622 -1.819031e-14 0 0 -87.82841 
1786056332.677 -1.819031e-14 0 0 -87.82841 
1786056332.731 -1.819031e-14 0 0 -87.82841 
1786056332.784 -1.819031e-14 0 0 -87.82841 
1786056332.840 -1.819031e-14 0 0 -87.82841 
1786056332.893 -1.819031e-14 0 0 -87.82841 
1786056332.946 -1.819031e-14 0 0 -87.82841 
1786056332.998 -1.819031e-14 0 0 -87.82841 
1786056333.058 -1.819031e-14 0 0 -87.82841 
1786056333.135 -1.819031e-14 0 0 -87.82841 
1786056333.220 -1.819031e-14 0 0 -87.82841 
1786056333.299 -1.819031e-14 0 0 -87.82841 
1786056333.373 -1.819031e-14 0 0 -87.82841 
1786056333.430 -1.819031e-14 0 0 -87.82841 
1786056333.485 -1.819031e-14 0 0 -87.82841 
1786056333.546 -1.819031e-14 0 0 -87.82841 
1786056333.613 -1.819031e-14 0 0 -87.82841 
1786056333.666 -1.819031e-14 0 0 -87.82841 
1786056333.720 -1.819031e-14 0 0 -87.82841 
1786056333.778 -1.819031e-14 0 0 -87.82841 
1786056333.837 -1.819031e-14 0 0 -87.82841 
1786056333.888 -1.819031e-14 0 0 -87.82841 
1786056333.937 -1.819031e-14 0 0 -87.82841 
1786056333.987 -1.819031e-14 0 0 -87.82841 
1786056334.038 -1.819031e-14 0 0 -87.82841 
1786056334.094 -1.819031e-14 0 0 -87.82841 
1786056334.148 -1.819031e-14 0 0 -87.82841 
1786056334.195 -1.819031e-14 0 0 -87.82841 
1786056334.250 -1.819031e-14 0 0 -87.82841 
1786056334.301 -1.819031e-14 0 0 -87.82841 
1786056334.354 -1.819031e-14 0 0 -87.82841 
1786056334.411 -1.819031e-14 0 0 -87.82841 
1786056334.487 -1.819031e-14 0 0 -87.82841 
1786056334.554 -1.819031e-14 0 0 -87.82841 
1786056334.603 -1.819031e-14 0 0 -87.82841 
1786056334.654 -1.819031e-14 0 0 -87.82841 
1786056334.723 -1.819031e-14 0 0 -87.82841 
1786056334.787 -1.819031e-14 0 0 -87.82841 
1786056334.838 -1.819031e-14 0 0 -87.82841 
1786056334.891 -1.819031e-14 0 0 -87.82841 
1786056334.955 -1.819031e-14 0 0 -87.82841 
1786056335.008 -1.819031e-14 0 0 -87.82841 
1786056335.061 -1.819031e-14 0 0 -87.82841 
1786056335.113 -1.819031e-14 0 0 -87.82841 
1786056335.163 -1.819031e-14 0 0 -87.82841 
1786056335.213 -1.819031e-14 0 0 -87.82841 
1786056335.268 -1.819031e-14 0 0 -87.82841 
1786056335.319 -1.819031e-14 0 0 -87.82841 
1786056335.379 -1.819031e-14 0 0 -87.82841 
1786056335.437 -1.819031e-14 0 0 -87.82841 
1786056335.506 -1.819031e-14 0 0 -87.82841 
1786056335.556 -1.819031e-14 0 0 -87.82841 
1786056335.607 -1.819031e-14 0 0 -87.82841 
1786056335.661 -1.819031e-14 0 0 -87.82841 
1786056335.713 -1.819031e-14 0 0 -87.82841 
1786056335.764 -1.819031e-14 0 0 -87.82841 
1786056335.820 -1.819031e-14 0 0 -87.82841 
1786056335.869 -1.819031e-14 0 0 -87.82841 
1786056335.923 -1.819031e-14 0 0 -87.82841 
1786056335.976 -1.819031e-14 0 0 -87.82841 
1786056336.033 -1.819031e-14 0 0 -87.82841 
1786056336.084 -1.819031e-14 0 0 -87.82841 
1786056336.140 -1.819031e-14 0 0 -87.82841 
1786056336.192 -1.819031e-14 0 0 -87.82841 
1786056336.250 -1.819031e-14 0 0 -87.82841 
1786056336.300 -1.819031e-14 0 0 -87.82841 
1786056336.349 -1.819031e-14 0 0 -87.82841 
1786056336.402 -1.819031e-14 0 0 -87.82841 
1786056336.462 -1.819031e-14 0 0 -87.82841 
1786056336.520 -1.819031e-14 0 0 -87.82841 
1786056336.574 -1.819031e-14 0 0 -87.82841 
1786056336.626 -1.819031e-14 0 0 -87.82841 
1786056336.673 -1.819031e-14 0 0 -87.82841 
1786056336.726 -1.819031e-14 0 0 -87.82841 
1786056336.782 -1.819031e-14 0 0 -87.82841 
1786056336.833 -1.819031e-14 0 0 -87.82841 
1786056336.887 -1.819031e-14 0 0 -87.82841 
1786056336.944 -1.819031e-14 0 0 -87.82841 
1786056337.010 -1.819031e-14 0 0 -87.82841 
1786056337.064 -1.819031e-14 0 0 -87.82841 
1786056337.116 -1.819031e-14 0 0 -87.82841 
1786056337.168 -1.819031e-14 0 0 -87.82841 
1786056337.236 -1.819031e-14 0 0 -87.82841 
1786056337.301 -1.819031e-14 0 0 -87.82841 
1786056337.354 -1.819031e-14 0 0 -87.82841 
1786056337.410 -1.819031e-14 0 0 -87.82841 
1786056337.469 -1.819031e-14 0 0 -87.82841 
1786056337.533 -1.819031e-14 0 0 -87.82841 
1786056337.604 -1.819031e-14 0 0 -87.82841 
1786056337.665 -1.819031e-14 0 0 -87.82841 
1786056337.731 -1.819031e-14 0 0 -87.82841 
1786056337.790 -1.819031e-14 0 0 -87.82841 
1786056337.852 -1.819031e-14 0 0 -87.82841 
1786056337.915 -1.819031e-14 0 0 -87.82841 
1786056337.987 -1.819031e-14 0 0 -87.82841 
1786056338.053 -1.819031e-14 0 0 -87.82841 
1786056338.104 -1.819031e-14 0 0 -87.82841 
1786056338.155 -1.819031e-14 0 0 -87.82841 
1786056338.239 -1.819031e-14 0 0 -87.82841 
1786056338.300 -1.819031e-14 0 0 -87.82841 
1786056338.359 -1.819031e-14 0 0 -87.82841 
1786056338.418 -1.819031e-14 0 0 -87.82841 
1786056338.482 -1.819031e-14 0 0 -87.82841 
1786056338.558 -1.819031e-14 0 0 -87.82841 
1786056338.619 -1.819031e-14 0 0 -87.82841 
1786056338.671 -1.819031e-14 0 0 -87.82841 
1786056338.732 -1.819031e-14 0 0 -87.82841 
1786056338.786 -1.819031e-14 0 0 -87.82841 
1786056338.836 -1.819031e-14 0 0 -87.82841 
1786056338.915 -1.819031e-14 0 0 -87.82841 
1786056338.976 -1.819031e-14 0 0 -87.82841 
1786056339.027 -1.819031e-14 0 0 -87.82841 
1786056339.083 -1.819031e-14 0 0 -87.82841 
1786056339.142 -1.819031e-14 0 0 -87.82841 
1786056339.203 -1.819031e-14 0 0 -87.82841 
1786056339.262 -1.819031e-14 0 0 -87.82841 
1786056339.316 -1.819031e-14 0 0 -87.82841 
1786056339.381 -1.819031e-14 0 0 -87.82841 
1786056339.469 -1.819031e-14 0 0 -87.82841 
1786056339.554 -1.819031e-14 0 0 -87.82841 
1786056339.629 -1.819031e-14 0 0 -87.82841 
1786056339.708 -1.819031e-14 0 0 -87.82841 
1786056339.798 -1.819031e-14 0 0 -87.82841 
1786056339.875 -1.819031e-14 0 0 -87.82841 
1786056339.941 -1.819031e-14 0 0 -87.82841 
1786056339.993 -1.819031e-14 0 0 -87.82841 
1786056340.042 -1.819031e-14 0 0 -87.82841 
1786056340.105 -1.819031e-14 0 0 -87.82841 
1786056340.162 -1.819031e-14 0 0 -87.82841 
1786056340.221 -1.819031e-14 0 0 -87.82841 
1786056340.275 -1.819031e-14 0 0 -87.82841 
1786056340.343 -1.819031e-14 0 0 -87.82841 
1786056340.405 -1.819031e-14 0 0 -87.82841 
1786056340.466 -1.819031e-14 0 0 -87.82841 
1786056340.535 -1.819031e-14 0 0 -87.82841 
1786056340.588 -1.819031e-14 0 0 -87.82841 
1786056340.651 -1.819031e-14 0 0 -87.82841 
1786056340.706 -1.819031e-14 0 0 -87.82841 
1786056340.753 -1.819031e-14 0 0 -87.82841 
1786056340.809 -1.819031e-14 0 0 -87.82841 
1786056340.877 -1.819031e-14 0 0 -87.82841 
1786056340.938 -1.819031e-14 0 0 -87.82841 
1786056340.989 -1.819031e-14 0 0 -87.82841 
1786056341.042 -1.819031e-14 0 0 -87.82841 
1786056341.093 -1.819031e-14 0 0 -87.82841 
1786056341.141 -1.819031e-14 0 0 -87.82841 
1786056341.200 -1.819031e-14 0 0 -87.82841 
1786056341.257 -1.819031e-14 0 0 -87.82841 
1786056341.308 -1.819031e-14 0 0 -87.82841 
1786056341.361 -1.819031e-14 0 0 -87.82841 
1786056341.412 -1.819031e-14 0 0 -87.82841 
1786056341.474 -1.819031e-14 0 0 -87.82841 
1786056341.549 -1.819031e-14 0 0 -87.82841 
1786056341.602 -1.819031e-14 0 0 -87.82841 
1786056341.655 -1.819031e-14 0 0 -87.82841 
1786056341.705 -1.819031e-14 0 0 -87.82841 
1786056341.757 -1.819031e-14 0 0 -87.82841 
1786056341.808 -1.819031e-14 0 0 -87.82841 
1786056341.859 -1.819031e-14 0 0 -87.82841 
1786056341.909 -1.819031e-14 0 0 -87.82841 
1786056341.960 -1.819031e-14 0 0 -87.82841 
1786056342.016 -1.819031e-14 0 0 -87.82841 
1786056342.065 -1.819031e-14 0 0 -87.82841 
1786056342.117 -1.819031e-14 0 0 -87.82841 
1786056342.171 -1.819031e-14 0 0 -87.82841 
1786056342.225 -1.819031e-14 0 0 -87.82841 
1786056342.274 -1.819031e-14 0 0 -87.82841 
1786056342.327 -1.819031e-14 0 0 -87.82841 
1786056342.379 -1.819031e-14 0 0 -87.82841 
1786056342.429 -1.819031e-14 0 0 -87.82841 
1786056342.485 -1.819031e-14 0 0 -87.82841 
1786056342.540 -1.819031e-14 0 0 -87.82841 
1786056342.589 -1.819031e-14 0 0 -87.82841 
1786056342.645 -1.819031e-14 0 0 -87.82841 
1786056342.698 -1.819031e-14 0 0 -87.82841 
1786056342.751 -1.819031e-14 0 0 -87.82841 
1786056342.813 -1.819031e-14 0 0 -87.82841 
1786056342.862 -1.819031e-14 0 0 -87.82841 
1786056342.911 -1.819031e-14 0 0 -87.82841 
1786056342.966 -1.819031e-14 0 0 -87.82841 
1786056343.018 -1.819031e-14 0 0 -87.82841 
1786056343.074 -1.819031e-14 0 0 -87.82841 
1786056343.129 -1.819031e-14 0 0 -87.82841 
1786056343.179 -1.819031e-14 0 0 -87.82841 
1786056343.230 -1.819031e-14 0 0 -87.82841 
1786056343.285 -1.819031e-14 0 0 -87.82841 
1786056343.343 -1.819031e-14 0 0 -87.82841 
1786056343.393 -1.819031e-14 0 0 -87.82841 
1786056343.449 -1.819031e-14 0 0 -87.82841 
1786056343.505 -1.819031e-14 0 0 -87.82841 
1786056343.558 -1.819031e-14 0 0 -87.82841 
1786056343.609 -1.819031e-14 0 0 -87.82841 
1786056343.662 -1.819031e-14 0 0 -87.82841 
1786056343.718 -1.819031e-14 0 0 -87.82841 
1786056343.779 -1.819031e-14 0 0 -87.82841 
1786056343.840 -1.819031e-14 0 0 -87.82841 
1786056343.892 -1.819031e-14 0 0 -87.82841 
1786056343.941 -1.819031e-14 0 0 -87.82841 
1786056343.997 -1.819031e-14 0 0 -87.82841 
1786056344.051 -1.819031e-14 0 0 -87.82841 
1786056344.100 -1.819031e-14 0 0 -87.82841 
1786056344.150 -1.819031e-14 0 0 -87.82841 
1786056344.204 -1.819031e-14 0 0 -87.82841 
1786056344.255 -1.819031e-14 0 0 -87.82841 
1786056344.312 -1.819031e-14 0 0 -87.82841 
1786056344.360 -1.819031e-14 0 0 -87.82841 
1786056344.417 -1.819031e-14 0 0 -87.82841 
1786056344.480 -1.819031e-14 0 0 -87.82841 
1786056344.536 -1.819031e-14 0 0 -87.82841 
1786056344.593 -1.819031e-14 0 0 -87.82841 
1786056344.651 -1.819031e-14 0 0 -87.82841 
1786056344.714 -1.819031e-14 0 0 -87.82841 
1786056344.773 -1.819031e-14 0 0 -87.82841 
1786056344.823 -1.819031e-14 0 0 -87.82841 
1786056344.877 -1.819031e-14 0 0 -87.82841 
1786056344.934 -1.819031e-14 0 0 -87.82841 
1786056344.988 -1.819031e-14 0 0 -87.82841 
1786056345.045 -1.819031e-14 0 0 -87.82841 
1786056345.096 -1.819031e-14 0 0 -87.82841 
1786056345.149 -1.819031e-14 0 0 -87.82841 
1786056345.204 -1.819031e-14 0 0 -87.82841 
1786056345.254 -1.819031e-14 0 0 -87.82841 
1786056345.303 -1.819031e-14 0 0 -87.82841 
1786056345.353 -1.819031e-14 0 0 -87.82841 
1786056345.401 -1.819031e-14 0 0 -87.82841 
1786056345.458 -1.819031e-14 0 0 -87.82841 
1786056345.521 -1.819031e-14 0 0 -87.82841 
1786056345.578 -1.819031e-14 0 0 -87.82841 
1786056345.647 -1.819031e-14 0 0 -87.82841 
1786056345.703 -1.819031e-14 0 0 -87.82841 
1786056345.762 -1.819031e-14 0 0 -87.82841 
1786056345.822 -1.819031e-14 0 0 -87.82841 
1786056345.873 -1.819031e-14 0 0 -87.82841 
1786056345.927 -1.819031e-14 0 0 -87.82841 
1786056345.980 -1.819031e-14 0 0 -87.82841 
1786056346.031 -1.819031e-14 0 0 -87.82841 
1786056346.085 -1.819031e-14 0 0 -87.82841 
1786056346.149 -1.819031e-14 0 0 -87.82841 
1786056346.199 -1.819031e-14 0 0 -87.82841 
1786056346.254 -1.819031e-14 0 0 -87.82841 
1786056346.307 -1.819031e-14 0 0 -87.82841 
1786056346.356 -1.819031e-14 0 0 -87.82841 
1786056346.405 -1.819031e-14 0 0 -87.82841 
1786056346.466 -1.819031e-14 0 0 -87.82841 
1786056346.517 -1.819031e-14 0 0 -87.82841 
1786056346.569 -1.819031e-14 0 0 -87.82841 
1786056346.640 -1.819031e-14 0 0 -87.82841 
1786056346.706 -1.819031e-14 0 0 -87.82841 
1786056346.759 -1.819031e-14 0 0 -87.82841 
1786056346.811 -1.819031e-14 0 0 -87.82841 
1786056346.861 -1.819031e-14 0 0 -87.82841 
1786056346.912 -1.819031e-14 0 0 -87.82841 
1786056346.965 -1.819031e-14 0 0 -87.82841 
1786056347.019 -1.819031e-14 0 0 -87.82841 
1786056347.068 -1.819031e-14 0 0 -87.82841 
1786056347.121 -1.819031e-14 0 0 -87.82841 
1786056347.170 -1.819031e-14 0 0 -87.82841 
1786056347.220 -1.819031e-14 0 0 -87.82841 
1786056347.271 -1.819031e-14 0 0 -87.82841 
1786056347.320 -1.819031e-14 0 0 -87.82841 
1786056347.377 -1.819031e-14 0 0 -87.82841 
1786056347.427 -1.819031e-14 0 0 -87.82841 
1786056347.484 -1.819031e-14 0 0 -87.82841 
1786056347.539 -1.819031e-14 0 0 -87.82841 
1786056347.605 -1.819031e-14 0 0 -87.82841 
1786056347.659 -1.819031e-14 0 0 -87.82841 
1786056347.709 -1.819031e-14 0 0 -87.82841 
1786056347.763 -1.819031e-14 0 0 -87.82841 
1786056347.819 -1.819031e-14 0 0 -87.82841 
1786056347.876 -1.819031e-14 0 0 -87.82841 
1786056347.929 -1.819031e-14 0 0 -87.82841 
1786056347.979 -1.819031e-14 0 0 -87.82841 
1786056348.033 -1.819031e-14 0 0 -87.82841 
1786056348.091 -1.819031e-14 0 0 -87.82841 
1786056348.156 -1.819031e-14 0 0 -87.82841 
1786056348.204 -1.819031e-14 0 0 -87.82841 
1786056348.259 -1.819031e-14 0 0 -87.82841 
1786056348.309 -1.819031e-14 0 0 -87.82841 
1786056348.359 -1.819031e-14 0 0 -87.82841 
1786056348.409 -1.819031e-14 0 0 -87.82841 
1786056348.466 -1.819031e-14 0 0 -87.82841 
1786056348.530 -1.819031e-14 0 0 -87.82841 
1786056348.593 -1.819031e-14 0 0 -87.82841 
1786056348.648 -1.819031e-14 0 0 -87.82841 
1786056348.704 -1.819031e-14 0 0 -87.82841 
1786056348.752 -1.819031e-14 0 0 -87.82841 
1786056348.806 -1.819031e-14 0 0 -87.82841 
1786056348.862 -1.819031e-14 0 0 -87.82841 
1786056348.915 -1.819031e-14 0 0 -87.82841 
1786056348.966 -1.819031e-14 0 0 -87.82841 
1786056349.019 -1.819031e-14 0 0 -87.82841 
1786056349.069 -1.819031e-14 0 0 -87.82841 
1786056349.120 -1.819031e-14 0 0 -87.82841 
1786056349.169 -1.819031e-14 0 0 -87.82841 
1786056349.217 -1.819031e-14 0 0 -87.82841 
1786056349.282 -1.819031e-14 0 0 -87.82841 
1786056349.335 -1.819031e-14 0 0 -87.82841 
1786056349.387 -1.819031e-14 0 0 -87.82841 
1786056349.438 -1.819031e-14 0 0 -87.82841 
1786056349.493 -1.819031e-14 0 0 -87.82841 
1786056349.555 -1.819031e-14 0 0 -87.82841 
1786056349.634 -1.819031e-14 0 0 -87.82841 
1786056349.716 -1.819031e-14 0 0 -87.82841 
1786056349.777 -1.819031e-14 0 0 -87.82841 
1786056349.840 -1.819031e-14 0 0 -87.82841 
1786056349.901 -1.819031e-14 0 0 -87.82841 
1786056349.954 -1.819031e-14 0 0 -87.82841 
1786056350.006 -1.819031e-14 0 0 -87.82841 
1786056350.058 -1.819031e-14 0 0 -87.82841 
1786056350.105 -1.819031e-14 0 0 -87.82841 
1786056350.157 -1.819031e-14 0 0 -87.82841 
1786056350.206 -1.819031e-14 0 0 -87.82841 
1786056350.257 -1.819031e-14 0 0 -87.82841 
1786056350.306 -1.819031e-14 0 0 -87.82841 
1786056350.356 -1.819031e-14 0 0 -87.82841 
1786056350.411 -1.819031e-14 0 0 -87.82841 
1786056350.482 -1.819031e-14 0 0 -87.82841 
1786056350.539 -1.819031e-14 0 0 -87.82841 
1786056350.594 -1.819031e-14 0 0 -87.82841 
1786056350.653 -1.819031e-14 0 0 -87.82841 
1786056350.705 -1.819031e-14 0 0 -87.82841 
1786056350.755 -1.819031e-14 0 0 -87.82841 
1786056350.806 -1.819031e-14 0 0 -87.82841 
1786056350.860 -1.819031e-14 0 0 -87.82841 
1786056350.909 -1.819031e-14 0 0 -87.82841 
1786056350.965 -1.819031e-14 0 0 -87.82841 
1786056351.020 -1.819031e-14 0 0 -87.82841 
1786056351.069 -1.819031e-14 0 0 -87.82841 
1786056351.120 -1.819031e-14 0 0 -87.82841 
1786056351.173 -1.819031e-14 0 0 -87.82841 
1786056351.222 -1.819031e-14 0 0 -87.82841 
1786056351.282 -1.819031e-14 0 0 -87.82841 
1786056351.333 -1.819031e-14 0 0 -87.82841 
1786056351.383 -1.819031e-14 0 0 -87.82841 
1786056351.443 -1.819031e-14 0 0 -87.82841 
1786056351.506 -1.819031e-14 0 0 -87.82841 
1786056351.565 -1.819031e-14 0 0 -87.82841 
1786056351.619 -1.819031e-14 0 0 -87.82841 
1786056351.678 -1.819031e-14 0 0 -87.82841 
1786056351.735 -1.819031e-14 0 0 -87.82841 
1786056351.794 -1.819031e-14 0 0 -87.82841 
1786056351.848 -1.819031e-14 0 0 -87.82841 
1786056351.901 -1.819031e-14 0 0 -87.82841 
1786056351.953 -1.819031e-14 0 0 -87.82841 
1786056352.005 -1.819031e-14 0 0 -87.82841 
1786056352.062 -1.819031e-14 0 0 -87.82841 
1786056352.110 -1.819031e-14 0 0 -87.82841 
1786056352.170 -1.819031e-14 0 0 -87.82841 
1786056352.221 -1.819031e-14 0 0 -87.82841 
1786056352.273 -1.819031e-14 0 0 -87.82841 
1786056352.324 -1.819031e-14 0 0 -87.82841 
1786056352.391 -1.819031e-14 0 0 -87.82841 
1786056352.446 -1.819031e-14 0 0 -87.82841 
1786056352.502 -1.819031e-14 0 0 -87.82841 
1786056352.555 -1.819031e-14 0 0 -87.82841 
1786056352.605 -1.819031e-14 0 0 -87.82841 
1786056352.656 -1.819031e-14 0 0 -87.82841 
1786056352.711 -1.819031e-14 0 0 -87.82841 
1786056352.760 -1.819031e-14 0 0 -87.82841 
1786056352.809 -1.819031e-14 0 0 -87.82841 
1786056352.873 -1.819031e-14 0 0 -87.82841 
1786056352.928 -1.819031e-14 0 0 -87.82841 
1786056352.977 -1.819031e-14 0 0 -87.82841 
1786056353.028 -1.819031e-14 0 0 -87.82841 
1786056353.080 -1.819031e-14 0 0 -87.82841 
1786056353.131 -1.819031e-14 0 0 -87.82841 
1786056353.180 -1.819031e-14 0 0 -87.82841 
1786056353.227 -1.819031e-14 0 0 -87.82841 
1786056353.284 -1.819031e-14 0 0 -87.82841 
1786056353.342 -1.819031e-14 0 0 -87.82841 
1786056353.403 -1.819031e-14 0 0 -87.82841 
1786056353.458 -1.819031e-14 0 0 -87.82841 
1786056353.511 -1.819031e-14 0 0 -87.82841 
1786056353.570 -1.819031e-14 0 0 -87.82841 
1786056353.627 -1.819031e-14 0 0 -87.82841 
1786056353.678 -1.819031e-14 0 0 -87.82841 
1786056353.732 -1.819031e-14 0 0 -87.82841 
1786056353.782 -1.819031e-14 0 0 -87.82841 
1786056353.838 -1.819031e-14 0 0 -87.82841 
1786056353.887 -1.819031e-14 0 0 -87.82841 
1786056353.937 -1.819031e-14 0 0 -87.82841 
1786056353.993 -1.819031e-14 0 0 -87.82841 
1786056354.040 -1.819031e-14 0 0 -87.82841 
1786056354.092 -1.819031e-14 0 0 -87.82841 
1786056354.143 -1.819031e-14 0 0 -87.82841 
1786056354.191 -1.819031e-14 0 0 -87.82841 
1786056354.243 -1.819031e-14 0 0 -87.82841 
1786056354.306 -1.819031e-14 0 0 -87.82841 
1786056354.357 -1.819031e-14 0 0 -87.82841 
1786056354.410 -1.819031e-14 0 0 -87.82841 
1786056354.459 -1.819031e-14 0 0 -87.82841 
1786056354.508 -1.819031e-14 0 0 -87.82841 
1786056354.564 -1.819031e-14 0 0 -87.82841 
1786056354.615 -1.819031e-14 0 0 -87.82841 
1786056354.670 -1.819031e-14 0 0 -87.82841 
1786056354.723 -1.819031e-14 0 0 -87.82841 
1786056354.774 -1.819031e-14 0 0 -87.82841 
1786056354.823 -1.819031e-14 0 0 -87.82841 
1786056354.876 -1.819031e-14 0 0 -87.82841 
1786056354.925 -1.819031e-14 0 0 -87.82841 
1786056354.977 -1.819031e-14 0 0 -87.82841 
1786056355.027 -1.819031e-14 0 0 -87.82841 
1786056355.078 -1.819031e-14 0 0 -87.82841 
1786056355.128 -1.819031e-14 0 0 -87.82841 
1786056355.181 -1.819031e-14 0 0 -87.82841 
1786056355.230 -1.819031e-14 0 0 -87.82841 
1786056355.285 -1.819031e-14 0 0 -87.82841 
1786056355.341 -1.819031e-14 0 0 -87.82841 
1786056355.388 -1.819031e-14 0 0 -87.82841 
1786056355.442 -1.819031e-14 0 0 -87.82841 
1786056355.501 -1.819031e-14 0 0 -87.82841 
1786056355.558 -1.819031e-14 0 0 -87.82841 
1786056355.616 -1.819031e-14 0 0 -87.82841 
1786056355.678 -1.819031e-14 0 0 -87.82841 
1786056355.730 -1.819031e-14 0 0 -87.82841 
1786056355.778 -1.819031e-14 0 0 -87.82841 
1786056355.826 -1.819031e-14 0 0 -87.82841 
1786056355.878 -1.819031e-14 0 0 -87.82841 
1786056355.928 -1.819031e-14 0 0 -87.82841 
1786056355.981 -1.819031e-14 0 0 -87.82841 
1786056356.029 -1.819031e-14 0 0 -87.82841 
1786056356.084 -1.819031e-14 0 0 -87.82841 
1786056356.134 -1.819031e-14 0 0 -87.82841 
1786056356.182 -1.819031e-14 0 0 -87.82841 
1786056356.241 -1.819031e-14 0 0 -87.82841 
1786056356.310 -1.819031e-14 0 0 -87.82841 
1786056356.361 -1.819031e-14 0 0 -87.82841 
1786056356.417 -1.819031e-14 0 0 -87.82841 
1786056356.473 -1.819031e-14 0 0 -87.82841 
1786056356.527 -1.819031e-14 0 0 -87.82841 
1786056356.590 -1.819031e-14 0 0 -87.82841 
1786056356.651 -1.819031e-14 0 0 -87.82841 
1786056356.701 -1.819031e-14 0 0 -87.82841 
1786056356.752 -1.819031e-14 0 0 -87.82841 
1786056356.805 -1.819031e-14 0 0 -87.82841 
1786056356.862 -1.819031e-14 0 0 -87.82841 
1786056356.911 -1.819031e-14 0 0 -87.82841 
1786056356.965 -1.819031e-14 0 0 -87.82841 
1786056357.023 -1.819031e-14 0 0 -87.82841 
1786056357.072 -1.819031e-14 0 0 -87.82841 
1786056357.125 -1.819031e-14 0 0 -87.82841 
1786056357.180 -1.819031e-14 0 0 -87.82841 
1786056357.243 -1.819031e-14 0 0 -87.82841 
1786056357.297 -1.819031e-14 0 0 -87.82841 
1786056357.348 -1.819031e-14 0 0 -87.82841 
1786056357.396 -1.819031e-14 0 0 -87.82841 
1786056357.448 -1.819031e-14 0 0 -87.82841 
1786056357.501 -1.819031e-14 0 0 -87.82841 
1786056357.557 -1.819031e-14 0 0 -87.82841 
1786056357.619 -1.819031e-14 0 0 -87.82841 
1786056357.686 -1.819031e-14 0 0 -87.82841 
1786056357.744 -1.819031e-14 0 0 -87.82841 
1786056357.792 -1.819031e-14 0 0 -87.82841 
1786056357.844 -1.819031e-14 0 0 -87.82841 
1786056357.897 -1.819031e-14 0 0 -87.82841 
1786056357.945 -1.819031e-14 0 0 -87.82841 
1786056357.999 -1.819031e-14 0 0 -87.82841 
1786056358.047 -1.819031e-14 0 0 -87.82841 
1786056358.098 -1.819031e-14 0 0 -87.82841 
1786056358.150 -1.819031e-14 0 0 -87.82841 
1786056358.202 -1.819031e-14 0 0 -87.82841 
1786056358.264 -1.819031e-14 0 0 -87.82841 
1786056358.329 -1.819031e-14 0 0 -87.82841 
1786056358.387 -1.819031e-14 0 0 -87.82841 
1786056358.438 -1.819031e-14 0 0 -87.82841 
1786056358.487 -1.819031e-14 0 0 -87.82841 
1786056358.539 -1.819031e-14 0 0 -87.82841 
1786056358.601 -1.819031e-14 0 0 -87.82841 
1786056358.662 -1.819031e-14 0 0 -87.82841 
1786056358.717 -1.819031e-14 0 0 -87.82841 
1786056358.767 -1.819031e-14 0 0 -87.82841 
1786056358.820 -1.819031e-14 0 0 -87.82841 
1786056358.883 -1.819031e-14 0 0 -87.82841 
1786056358.938 -1.819031e-14 0 0 -87.82841 
1786056358.990 -1.819031e-14 0 0 -87.82841 
1786056359.041 -1.819031e-14 0 0 -87.82841 
1786056359.097 -1.819031e-14 0 0 -87.82841 
1786056359.150 -1.819031e-14 0 0 -87.82841 
1786056359.207 -1.819031e-14 0 0 -87.82841 
1786056359.260 -1.819031e-14 0 0 -87.82841 
1786056359.308 -1.819031e-14 0 0 -87.82841 
1786056359.361 -1.819031e-14 0 0 -87.82841 
1786056359.415 -1.819031e-14 0 0 -87.82841 
1786056359.466 -1.819031e-14 0 0 -87.82841 
1786056359.524 -1.819031e-14 0 0 -87.82841 
1786056359.583 -1.819031e-14 0 0 -87.82841 
1786056359.639 -1.819031e-14 0 0 -87.82841 
1786056359.711 -1.819031e-14 0 0 -87.82841 
1786056359.774 -1.819031e-14 0 0 -87.82841 
1786056359.830 -1.819031e-14 0 0 -87.82841 
1786056359.880 -1.819031e-14 0 0 -87.82841 
1786056359.936 -1.819031e-14 0 0 -87.82841 
1786056360.003 -1.819031e-14 0 0 -87.82841 
1786056360.062 -1.819031e-14 0 0 -87.82841 
1786056360.117 -1.819031e-14 0 0 -87.82841 
1786056360.178 -1.819031e-14 0 0 -87.82841 
1786056360.242 -1.819031e-14 0 0 -87.82841 
1786056360.299 -1.819031e-14 0 0 -87.82841 
1786056360.349 -1.819031e-14 0 0 -87.82841 
1786056360.406 -1.819031e-14 0 0 -87.82841 
1786056360.461 -1.819031e-14 0 0 -87.82841 
1786056360.514 -1.819031e-14 0 0 -87.82841 
1786056360.590 -1.819031e-14 0 0 -87.82841 
1786056360.644 -1.819031e-14 0 0 -87.82841 
1786056360.703 -1.819031e-14 0 0 -87.82841 
1786056360.755 -1.819031e-14 0 0 -87.82841 
1786056360.810 -1.819031e-14 0 0 -87.82841 
1786056360.860 -1.819031e-14 0 0 -87.82841 
1786056360.911 -1.819031e-14 0 0 -87.82841 
1786056360.966 -1.819031e-14 0 0 -87.82841 
1786056361.025 -1.819031e-14 0 0 -87.82841 
1786056361.082 -1.819031e-14 0 0 -87.82841 
1786056361.135 -1.819031e-14 0 0 -87.82841 
1786056361.186 -1.819031e-14 0 0 -87.82841 
1786056361.235 -1.819031e-14 0 0 -87.82841 
1786056361.287 -1.819031e-14 0 0 -87.82841 
1786056361.341 -1.819031e-14 0 0 -87.82841 
1786056361.392 -1.819031e-14 0 0 -87.82841 
1786056361.447 -1.819031e-14 0 0 -87.82841 
1786056361.503 -1.819031e-14 0 0 -87.82841 
1786056361.559 -1.819031e-14 0 0 -87.82841 
1786056361.628 -1.819031e-14 0 0 -87.82841 
1786056361.717 -1.819031e-14 0 0 -87.82841 
1786056361.780 -1.819031e-14 0 0 -87.82841 
1786056361.836 -1.819031e-14 0 0 -87.82841 
1786056361.893 -1.819031e-14 0 0 -87.82841 
1786056361.949 -1.819031e-14 0 0 -87.82841 
1786056362.005 -1.819031e-14 0 0 -87.82841 
1786056362.058 -1.819031e-14 0 0 -87.82841 
1786056362.115 -1.819031e-14 0 0 -87.82841 
1786056362.183 -1.819031e-14 0 0 -87.82841 
1786056362.244 -1.819031e-14 0 0 -87.82841 
1786056362.299 -1.819031e-14 0 0 -87.82841 
1786056362.352 -1.819031e-14 0 0 -87.82841 
1786056362.410 -1.819031e-14 0 0 -87.82841 
1786056362.478 -1.819031e-14 0 0 -87.82841 
1786056362.541 -1.819031e-14 0 0 -87.82841 
1786056362.602 -1.819031e-14 0 0 -87.82841 
1786056362.661 -1.819031e-14 0 0 -87.82841 
1786056362.719 -1.819031e-14 0 0 -87.82841 
1786056362.777 -1.819031e-14 0 0 -87.82841 
1786056362.836 -1.819031e-14 0 0 -87.82841 
1786056362.890 -1.819031e-14 0 0 -87.82841 
1786056362.942 -1.819031e-14 0 0 -87.82841 
1786056363.001 -1.819031e-14 0 0 -87.82841 
1786056363.070 -1.819031e-14 0 0 -87.82841 
1786056363.143 -1.819031e-14 0 0 -87.82841 
1786056363.196 -1.819031e-14 0 0 -87.82841 
1786056363.248 -1.819031e-14 0 0 -87.82841 
1786056363.299 -1.819031e-14 0 0 -87.82841 
1786056363.362 -1.819031e-14 0 0 -87.82841 
1786056363.412 -1.819031e-14 0 0 -87.82841 
1786056363.464 -1.819031e-14 0 0 -87.82841 
1786056363.527 -1.819031e-14 0 0 -87.82841 
1786056363.602 -1.819031e-14 0 0 -87.82841 
1786056363.679 -1.819031e-14 0 0 -87.82841 
1786056363.751 -1.819031e-14 0 0 -87.82841 
1786056363.812 -1.819031e-14 0 0 -87.82841 
1786056363.892 -1.819031e-14 0 0 -87.82841 
1786056363.967 -1.819031e-14 0 0 -87.82841 
1786056364.039 -1.819031e-14 0 0 -87.82841 
1786056364.102 -1.819031e-14 0 0 -87.82841 
1786056364.169 -1.819031e-14 0 0 -87.82841 
1786056364.222 -1.819031e-14 0 0 -87.82841 
1786056364.283 -1.819031e-14 0 0 -87.82841 
1786056364.335 -1.819031e-14 0 0 -87.82841 
1786056364.394 -1.819031e-14 0 0 -87.82841 
1786056364.447 -1.819031e-14 0 0 -87.82841 
1786056364.498 -1.819031e-14 0 0 -87.82841 
1786056364.562 -1.819031e-14 0 0 -87.82841 
1786056364.651 -1.819031e-14 0 0 -87.82841 
1786056364.701 -1.819031e-14 0 0 -87.82841 
1786056364.753 -1.819031e-14 0 0 -87.82841 
1786056364.809 -1.819031e-14 0 0 -87.82841 
1786056364.865 -1.819031e-14 0 0 -87.82841 
1786056364.917 -1.819031e-14 0 0 -87.82841 
1786056364.987 -1.819031e-14 0 0 -87.82841 
1786056365.053 -1.819031e-14 0 0 -87.82841 
1786056365.107 -1.819031e-14 0 0 -87.82841 
1786056365.163 -1.819031e-14 0 0 -87.82841 
1786056365.216 -1.819031e-14 0 0 -87.82841 
1786056365.283 -1.819031e-14 0 0 -87.82841 
1786056365.343 -1.819031e-14 0 0 -87.82841 
1786056365.396 -1.819031e-14 0 0 -87.82841 
1786056365.447 -1.819031e-14 0 0 -87.82841 
1786056365.515 -1.819031e-14 0 0 -87.82841 
1786056365.583 -1.819031e-14 0 0 -87.82841 
1786056365.649 -1.819031e-14 0 0 -87.82841 
1786056365.710 -1.819031e-14 0 0 -87.82841 
1786056365.762 -1.819031e-14 0 0 -87.82841 
1786056365.818 -1.819031e-14 0 0 -87.82841 
1786056365.866 -1.819031e-14 0 0 -87.82841 
1786056365.934 -1.819031e-14 0 0 -87.82841 
1786056365.988 -1.819031e-14 0 0 -87.82841 
1786056366.039 -1.819031e-14 0 0 -87.82841 
1786056366.090 -1.819031e-14 0 0 -87.82841 
1786056366.140 -1.819031e-14 0 0 -87.82841 
1786056366.189 -1.819031e-14 0 0 -87.82841 
1786056366.240 -1.819031e-14 0 0 -87.82841 
1786056366.293 -1.819031e-14 0 0 -87.82841 
1786056366.341 -1.819031e-14 0 0 -87.82841 
1786056366.391 -1.819031e-14 0 0 -87.82841 
1786056366.439 -1.819031e-14 0 0 -87.82841 
1786056366.489 -1.819031e-14 0 0 -87.82841 
1786056366.549 -1.819031e-14 0 0 -87.82841 
1786056366.599 -1.819031e-14 0 0 -87.82841 
1786056366.649 -1.819031e-14 0 0 -87.82841 
1786056366.700 -1.819031e-14 0 0 -87.82841 
1786056366.749 -1.819031e-14 0 0 -87.82841 
1786056366.800 -1.819031e-14 0 0 -87.82841 
1786056366.854 -1.819031e-14 0 0 -87.82841 
1786056366.906 -1.819031e-14 0 0 -87.82841 
1786056366.959 -1.819031e-14 0 0 -87.82841 
1786056367.015 -1.819031e-14 0 0 -87.82841 
1786056367.069 -1.819031e-14 0 0 -87.82841 
1786056367.120 -1.819031e-14 0 0 -87.82841 
1786056367.171 -1.819031e-14 0 0 -87.82841 
1786056367.222 -1.819031e-14 0 0 -87.82841 
1786056367.275 -1.819031e-14 0 0 -87.82841 
1786056367.323 -1.819031e-14 0 0 -87.82841 
1786056367.371 -1.819031e-14 0 0 -87.82841 
1786056367.421 -1.819031e-14 0 0 -87.82841 
1786056367.471 -1.819031e-14 0 0 -87.82841 
1786056367.526 -1.819031e-14 0 0 -87.82841 
1786056367.592 -1.819031e-14 0 0 -87.82841 
1786056367.653 -1.819031e-14 0 0 -87.82841 
1786056367.705 -1.819031e-14 0 0 -87.82841 
1786056367.769 -1.819031e-14 0 0 -87.82841 
1786056367.826 -1.819031e-14 0 0 -87.82841 
1786056367.891 -1.819031e-14 0 0 -87.82841 
1786056367.951 -1.819031e-14 0 0 -87.82841 
1786056368.007 -1.819031e-14 0 0 -87.82841 
1786056368.061 -1.819031e-14 0 0 -87.82841 
1786056368.111 -1.819031e-14 0 0 -87.82841 
1786056368.163 -1.819031e-14 0 0 -87.82841 
1786056368.215 -1.819031e-14 0 0 -87.82841 
1786056368.263 -1.819031e-14 0 0 -87.82841 
1786056368.324 -1.819031e-14 0 0 -87.82841 
1786056368.379 -1.819031e-14 0 0 -87.82841 
1786056368.429 -1.819031e-14 0 0 -87.82841 
1786056368.478 -1.819031e-14 0 0 -87.82841 
1786056368.528 -1.819031e-14 0 0 -87.82841 
1786056368.583 -1.819031e-14 0 0 -87.82841 
1786056368.646 -1.819031e-14 0 0 -87.82841 
1786056368.703 -1.819031e-14 0 0 -87.82841 
1786056368.751 -1.819031e-14 0 0 -87.82841 
1786056368.821 -1.819031e-14 0 0 -87.82841 
1786056368.885 -1.819031e-14 0 0 -87.82841 
1786056368.942 -1.819031e-14 0 0 -87.82841 
1786056368.991 -1.819031e-14 0 0 -87.82841 
1786056369.043 -1.819031e-14 0 0 -87.82841 
1786056369.093 -1.819031e-14 0 0 -87.82841 
1786056369.140 -1.819031e-14 0 0 -87.82841 
1786056369.195 -1.819031e-14 0 0 -87.82841 
1786056369.244 -1.819031e-14 0 0 -87.82841 
1786056369.293 -1.819031e-14 0 0 -87.82841 
1786056369.346 -1.819031e-14 0 0 -87.82841 
1786056369.394 -1.819031e-14 0 0 -87.82841 
1786056369.445 -1.819031e-14 0 0 -87.82841 
1786056369.497 -1.819031e-14 0 0 -87.82841 
1786056369.553 -1.819031e-14 0 0 -87.82841 
1786056369.605 -1.819031e-14 0 0 -87.82841 
1786056369.659 -1.819031e-14 0 0 -87.82841 
1786056369.707 -1.819031e-14 0 0 -87.82841 
1786056369.773 -1.819031e-14 0 0 -87.82841 
1786056369.829 -1.819031e-14 0 0 -87.82841 
1786056369.879 -1.819031e-14 0 0 -87.82841 
1786056369.929 -1.819031e-14 0 0 -87.82841 
1786056369.992 -1.819031e-14 0 0 -87.82841 
1786056370.043 -1.819031e-14 0 0 -87.82841 
1786056370.092 -1.819031e-14 0 0 -87.82841 
1786056370.140 -1.819031e-14 0 0 -87.82841 
1786056370.191 -1.819031e-14 0 0 -87.82841 
1786056370.242 -1.819031e-14 0 0 -87.82841 
1786056370.293 -1.819031e-14 0 0 -87.82841 
1786056370.342 -1.819031e-14 0 0 -87.82841 
1786056370.393 -1.819031e-14 0 0 -87.82841 
1786056370.448 -1.819031e-14 0 0 -87.82841 
1786056370.495 -1.819031e-14 0 0 -87.82841 
1786056370.568 -1.819031e-14 0 0 -87.82841 
1786056370.638 -1.819031e-14 0 0 -87.82841 
1786056370.701 -1.819031e-14 0 0 -87.82841 
1786056370.761 -1.819031e-14 0 0 -87.82841 
1786056370.823 -1.819031e-14 0 0 -87.82841 
1786056370.878 -1.819031e-14 0 0 -87.82841 
1786056370.933 -1.819031e-14 0 0 -87.82841 
1786056370.983 -1.819031e-14 0 0 -87.82841 
1786056371.038 -1.819031e-14 0 0 -87.82841 
1786056371.090 -1.819031e-14 0 0 -87.82841 
1786056371.141 -1.819031e-14 0 0 -87.82841 
1786056371.201 -1.819031e-14 0 0 -87.82841 
1786056371.250 -1.819031e-14 0 0 -87.82841 
1786056371.303 -1.819031e-14 0 0 -87.82841 
1786056371.360 -1.819031e-14 0 0 -87.82841 
1786056371.409 -1.819031e-14 0 0 -87.82841 
1786056371.462 -1.819031e-14 0 0 -87.82841 
1786056371.515 -1.819031e-14 0 0 -87.82841 
1786056371.574 -1.819031e-14 0 0 -87.82841 
1786056371.630 -1.819031e-14 0 0 -87.82841 
1786056371.711 -1.819031e-14 0 0 -87.82841 
1786056371.780 -1.819031e-14 0 0 -87.82841 
1786056371.847 -1.819031e-14 0 0 -87.82841 
1786056371.902 -1.819031e-14 0 0 -87.82841 
1786056371.953 -1.819031e-14 0 0 -87.82841 
1786056372.029 -1.819031e-14 0 0 -87.82841 
1786056372.093 -1.819031e-14 0 0 -87.82841 
1786056372.151 -1.819031e-14 0 0 -87.82841 
1786056372.225 -1.819031e-14 0 0 -87.82841 
1786056372.289 -1.819031e-14 0 0 -87.82841 
1786056372.357 -1.819031e-14 0 0 -87.82841 
1786056372.419 -1.819031e-14 0 0 -87.82841 
1786056372.482 -1.819031e-14 0 0 -87.82841 
1786056372.543 -1.819031e-14 0 0 -87.82841 
1786056372.606 -1.819031e-14 0 0 -87.82841 
1786056372.693 -1.819031e-14 0 0 -87.82841 
1786056372.773 -1.819031e-14 0 0 -87.82841 
1786056372.839 -1.819031e-14 0 0 -87.82841 
1786056372.898 -1.819031e-14 0 0 -87.82841 
1786056372.962 -1.819031e-14 0 0 -87.82841 
1786056373.026 -1.819031e-14 0 0 -87.82841 
1786056373.080 -1.819031e-14 0 0 -87.82841 
1786056373.145 -1.819031e-14 0 0 -87.82841 
1786056373.208 -1.819031e-14 0 0 -87.82841 
1786056373.282 -1.819031e-14 0 0 -87.82841 
1786056373.354 -1.819031e-14 0 0 -87.82841 
1786056373.412 -1.819031e-14 0 0 -87.82841 
1786056373.473 -1.819031e-14 0 0 -87.82841 
1786056373.534 -1.819031e-14 0 0 -87.82841 
1786056373.598 -1.819031e-14 0 0 -87.82841 
1786056373.696 -1.819031e-14 0 0 -87.82841 
1786056373.758 -1.819031e-14 0 0 -87.82841 
1786056373.823 -1.819031e-14 0 0 -87.82841 
1786056373.881 -1.819031e-14 0 0 -87.82841 
1786056373.943 -1.819031e-14 0 0 -87.82841 
1786056374.006 -1.819031e-14 0 0 -87.82841 
1786056374.069 -1.819031e-14 0 0 -87.82841 
1786056374.132 -1.819031e-14 0 0 -87.82841 
1786056374.188 -1.819031e-14 0 0 -87.82841 
1786056374.253 -1.819031e-14 0 0 -87.82841 
1786056374.319 -1.819031e-14 0 0 -87.82841 
1786056374.374 -1.819031e-14 0 0 -87.82841 
1786056374.434 -1.819031e-14 0 0 -87.82841 
1786056374.497 -1.819031e-14 0 0 -87.82841 
1786056374.558 -1.819031e-14 0 0 -87.82841 
1786056374.626 -1.819031e-14 0 0 -87.82841 
1786056374.716 -1.819031e-14 0 0 -87.82841 
1786056374.809 -1.819031e-14 0 0 -87.82841 
1786056374.871 -1.819031e-14 0 0 -87.82841 
1786056374.934 -1.819031e-14 0 0 -87.82841 
1786056374.988 -1.819031e-14 0 0 -87.82841 
1786056375.046 -1.819031e-14 0 0 -87.82841 
1786056375.097 -1.819031e-14 0 0 -87.82841 
1786056375.146 -1.819031e-14 0 0 -87.82841 
1786056375.199 -1.819031e-14 0 0 -87.82841 
1786056375.250 -1.819031e-14 0 0 -87.82841 
1786056375.300 -1.819031e-14 0 0 -87.82841 
1786056375.352 -1.819031e-14 0 0 -87.82841 
1786056375.402 -1.819031e-14 0 0 -87.82841 
1786056375.453 -1.819031e-14 0 0 -87.82841 
1786056375.503 -1.819031e-14 0 0 -87.82841 
1786056375.554 -1.819031e-14 0 0 -87.82841 
1786056375.619 -1.819031e-14 0 0 -87.82841 
1786056375.677 -1.819031e-14 0 0 -87.82841 
1786056375.734 -1.819031e-14 0 0 -87.82841 
1786056375.784 -1.819031e-14 0 0 -87.82841 
1786056375.835 -1.819031e-14 0 0 -87.82841 
1786056375.885 -1.819031e-14 0 0 -87.82841 
1786056375.937 -1.819031e-14 0 0 -87.82841 
1786056375.986 -1.819031e-14 0 0 -87.82841 
1786056376.037 -1.819031e-14 0 0 -87.82841 
1786056376.086 -1.819031e-14 0 0 -87.82841 
1786056376.145 -1.819031e-14 0 0 -87.82841 
1786056376.192 -1.819031e-14 0 0 -87.82841 
1786056376.255 -1.819031e-14 0 0 -87.82841 
1786056376.304 -1.819031e-14 0 0 -87.82841 
1786056376.355 -1.819031e-14 0 0 -87.82841 
1786056376.405 -1.819031e-14 0 0 -87.82841 
1786056376.460 -1.819031e-14 0 0 -87.82841 
1786056376.512 -1.819031e-14 0 0 -87.82841 
1786056376.570 -1.819031e-14 0 0 -87.82841 
1786056376.623 -1.819031e-14 0 0 -87.82841 
1786056376.683 -1.819031e-14 0 0 -87.82841 
1786056376.736 -1.819031e-14 0 0 -87.82841 
1786056376.793 -1.819031e-14 0 0 -87.82841 
1786056376.841 -1.819031e-14 0 0 -87.82841 
1786056376.895 -1.819031e-14 0 0 -87.82841 
1786056376.952 -1.819031e-14 0 0 -87.82841 
1786056377.004 -1.819031e-14 0 0 -87.82841 
1786056377.060 -1.819031e-14 0 0 -87.82841 
1786056377.117 -1.819031e-14 0 0 -87.82841 
1786056377.184 -1.819031e-14 0 0 -87.82841 
1786056377.241 -1.819031e-14 0 0 -87.82841 
1786056377.294 -1.819031e-14 0 0 -87.82841 
1786056377.345 -1.819031e-14 0 0 -87.82841 
1786056377.395 -1.819031e-14 0 0 -87.82841 
1786056377.447 -1.819031e-14 0 0 -87.82841 
1786056377.501 -1.819031e-14 0 0 -87.82841 
1786056377.554 -1.819031e-14 0 0 -87.82841 
1786056377.604 -1.819031e-14 0 0 -87.82841 
1786056377.668 -1.819031e-14 0 0 -87.82841 
1786056377.721 -1.819031e-14 0 0 -87.82841 
1786056377.774 -1.819031e-14 0 0 -87.82841 
1786056377.833 -1.819031e-14 0 0 -87.82841 
1786056377.881 -1.819031e-14 0 0 -87.82841 
1786056377.932 -1.819031e-14 0 0 -87.82841 
1786056377.984 -1.819031e-14 0 0 -87.82841 
1786056378.032 -1.819031e-14 0 0 -87.82841 
1786056378.082 -1.819031e-14 0 0 -87.82841 
1786056378.134 -1.819031e-14 0 0 -87.82841 
1786056378.184 -1.819031e-14 0 0 -87.82841 
1786056378.237 -1.819031e-14 0 0 -87.82841 
1786056378.290 -1.819031e-14 0 0 -87.82841 
1786056378.337 -1.819031e-14 0 0 -87.82841 
1786056378.386 -1.819031e-14 0 0 -87.82841 
1786056378.439 -1.819031e-14 0 0 -87.82841 
1786056378.495 -1.819031e-14 0 0 -87.82841 
1786056378.548 -1.819031e-14 0 0 -87.82841 
1786056378.600 -1.819031e-14 0 0 -87.82841 
1786056378.658 -1.819031e-14 0 0 -87.82841 
1786056378.718 -1.819031e-14 0 0 -87.82841 
1786056378.769 -1.819031e-14 0 0 -87.82841 
1786056378.821 -1.819031e-14 0 0 -87.82841 
1786056378.875 -1.819031e-14 0 0 -87.82841 
1786056378.923 -1.819031e-14 0 0 -87.82841 
1786056378.974 -1.819031e-14 0 0 -87.82841 
1786056379.031 -1.819031e-14 0 0 -87.82841 
1786056379.080 -1.819031e-14 0 0 -87.82841 
1786056379.129 -1.819031e-14 0 0 -87.82841 
1786056379.195 -1.819031e-14 0 0 -87.82841 
1786056379.243 -1.819031e-14 0 0 -87.82841 
1786056379.292 -1.819031e-14 0 0 -87.82841 
1786056379.341 -1.819031e-14 0 0 -87.82841 
1786056379.391 -1.819031e-14 0 0 -87.82841 
1786056379.442 -1.819031e-14 0 0 -87.82841 
1786056379.499 -1.819031e-14 0 0 -87.82841 
1786056379.549 -1.819031e-14 0 0 -87.82841 
1786056379.604 -1.819031e-14 0 0 -87.82841 
1786056379.664 -1.819031e-14 0 0 -87.82841 
1786056379.717 -1.819031e-14 0 0 -87.82841 
1786056379.768 -1.819031e-14 0 0 -87.82841 
1786056379.826 -1.819031e-14 0 0 -87.82841 
1786056379.875 -1.819031e-14 0 0 -87.82841 
1786056379.926 -1.819031e-14 0 0 -87.82841 
1786056379.978 -1.819031e-14 0 0 -87.82841 
1786056380.027 -1.819031e-14 0 0 -87.82841 
1786056380.078 -1.819031e-14 0 0 -87.82841 
1786056380.127 -1.819031e-14 0 0 -87.82841 
1786056380.176 -1.819031e-14 0 0 -87.82841 
1786056380.225 -1.819031e-14 0 0 -87.82841 
1786056380.279 -1.819031e-14 0 0 -87.82841 
1786056380.329 -1.819031e-14 0 0 -87.82841 
1786056380.392 -1.819031e-14 0 0 -87.82841 
1786056380.444 -1.819031e-14 0 0 -87.82841 
1786056380.495 -1.819031e-14 0 0 -87.82841 
1786056380.544 -1.819031e-14 0 0 -87.82841 
1786056380.592 -1.819031e-14 0 0 -87.82841 
1786056380.653 -1.819031e-14 0 0 -87.82841 
1786056380.707 -1.819031e-14 0 0 -87.82841 
1786056380.758 -1.819031e-14 0 0 -87.82841 
1786056380.808 -1.819031e-14 0 0 -87.82841 
1786056380.861 -1.819031e-14 0 0 -87.82841 
1786056380.911 -1.819031e-14 0 0 -87.82841 
1786056380.967 -1.819031e-14 0 0 -87.82841 
1786056381.018 -1.819031e-14 0 0 -87.82841 
1786056381.068 -1.819031e-14 0 0 -87.82841 
1786056381.120 -1.819031e-14 0 0 -87.82841 
1786056381.175 -1.819031e-14 0 0 -87.82841 
1786056381.224 -1.819031e-14 0 0 -87.82841 
1786056381.277 -1.819031e-14 0 0 -87.82841 
1786056381.330 -1.819031e-14 0 0 -87.82841 
1786056381.386 -1.819031e-14 0 0 -87.82841 
1786056381.439 -1.819031e-14 0 0 -87.82841 
1786056381.487 -1.819031e-14 0 0 -87.82841 
1786056381.536 -1.819031e-14 0 0 -87.82841 
1786056381.589 -1.819031e-14 0 0 -87.82841 
1786056381.642 -1.819031e-14 0 0 -87.82841 
1786056381.698 -1.819031e-14 0 0 -87.82841 
1786056381.751 -1.819031e-14 0 0 -87.82841 
1786056381.800 -1.819031e-14 0 0 -87.82841 
1786056381.852 -1.819031e-14 0 0 -87.82841 
1786056381.902 -1.819031e-14 0 0 -87.82841 
1786056381.953 -1.819031e-14 0 0 -87.82841 
1786056382.003 -1.819031e-14 0 0 -87.82841 
1786056382.054 -1.819031e-14 0 0 -87.82841 
1786056382.103 -1.819031e-14 0 0 -87.82841 
1786056382.152 -1.819031e-14 0 0 -87.82841 
1786056382.201 -1.819031e-14 0 0 -87.82841 
1786056382.249 -1.819031e-14 0 0 -87.82841 
1786056382.309 -1.819031e-14 0 0 -87.82841 
1786056382.358 -1.819031e-14 0 0 -87.82841 
1786056382.409 -1.819031e-14 0 0 -87.82841 
1786056382.460 -1.819031e-14 0 0 -87.82841 
1786056382.509 -1.819031e-14 0 0 -87.82841 
1786056382.561 -1.819031e-14 0 0 -87.82841 
1786056382.613 -1.819031e-14 0 0 -87.82841 
1786056382.676 -1.819031e-14 0 0 -87.82841 
1786056382.732 -1.819031e-14 0 0 -87.82841 
1786056382.782 -1.819031e-14 0 0 -87.82841 
1786056382.830 -1.819031e-14 0 0 -87.82841 
1786056382.884 -1.819031e-14 0 0 -87.82841 
1786056382.935 -1.819031e-14 0 0 -87.82841 
1786056382.984 -1.819031e-14 0 0 -87.82841 
1786056383.034 -1.819031e-14 0 0 -87.82841 
1786056383.084 -1.819031e-14 0 0 -87.82841 
1786056383.134 -1.819031e-14 0 0 -87.82841 
1786056383.185 -1.819031e-14 0 0 -87.82841 
1786056383.236 -1.819031e-14 0 0 -87.82841 
1786056383.292 -1.819031e-14 0 0 -87.82841 
1786056383.343 -1.819031e-14 0 0 -87.82841 
1786056383.394 -1.819031e-14 0 0 -87.82841 
1786056383.445 -1.819031e-14 0 0 -87.82841 
1786056383.497 -1.819031e-14 0 0 -87.82841 
1786056383.547 -1.819031e-14 0 0 -87.82841 
1786056383.597 -1.819031e-14 0 0 -87.82841 
1786056383.655 -1.819031e-14 0 0 -87.82841 
1786056383.712 -1.819031e-14 0 0 -87.82841 
1786056383.764 -1.819031e-14 0 0 -87.82841 
1786056383.814 -1.819031e-14 0 0 -87.82841 
1786056383.865 -1.819031e-14 0 0 -87.82841 
1786056383.919 -1.819031e-14 0 0 -87.82841 
1786056383.977 -1.819031e-14 0 0 -87.82841 
1786056384.026 -1.819031e-14 0 0 -87.82841 
1786056384.084 -1.819031e-14 0 0 -87.82841 
1786056384.136 -1.819031e-14 0 0 -87.82841 
1786056384.186 -1.819031e-14 0 0 -87.82841 
1786056384.242 -1.819031e-14 0 0 -87.82841 
1786056384.305 -1.819031e-14 0 0 -87.82841 
1786056384.355 -1.819031e-14 0 0 -87.82841 
1786056384.407 -1.819031e-14 0 0 -87.82841 
1786056384.459 -1.819031e-14 0 0 -87.82841 
1786056384.506 -1.819031e-14 0 0 -87.82841 
1786056384.564 -1.819031e-14 0 0 -87.82841 
1786056384.618 -1.819031e-14 0 0 -87.82841 
1786056384.672 -1.819031e-14 0 0 -87.82841 
1786056384.731 -1.819031e-14 0 0 -87.82841 
1786056384.788 -1.819031e-14 0 0 -87.82841 
1786056384.838 -1.819031e-14 0 0 -87.82841 
1786056384.890 -1.819031e-14 0 0 -87.82841 
1786056384.944 -1.819031e-14 0 0 -87.82841 
1786056384.998 -1.819031e-14 0 0 -87.82841 
1786056385.052 -1.819031e-14 0 0 -87.82841 
1786056385.111 -1.819031e-14 0 0 -87.82841 
1786056385.166 -1.819031e-14 0 0 -87.82841 
1786056385.221 -1.819031e-14 0 0 -87.82841 
1786056385.271 -1.819031e-14 0 0 -87.82841 
1786056385.323 -1.819031e-14 0 0 -87.82841 
1786056385.373 -1.819031e-14 0 0 -87.82841 
1786056385.429 -1.819031e-14 0 0 -87.82841 
1786056385.477 -1.819031e-14 0 0 -87.82841 
1786056385.528 -1.819031e-14 0 0 -87.82841 
1786056385.579 -1.819031e-14 0 0 -87.82841 
1786056385.629 -1.819031e-14 0 0 -87.82841 
1786056385.699 -1.819031e-14 0 0 -87.82841 
1786056385.772 -1.819031e-14 0 0 -87.82841 
1786056385.864 -1.819031e-14 0 0 -87.82841 
1786056385.936 -1.819031e-14 0 0 -87.82841 
1786056386.013 -1.819031e-14 0 0 -87.82841 
1786056386.079 -1.819031e-14 0 0 -87.82841 
1786056386.134 -1.819031e-14 0 0 -87.82841 
1786056386.212 -1.819031e-14 0 0 -87.82841 
1786056386.269 -1.819031e-14 0 0 -87.82841 
1786056386.337 -1.819031e-14 0 0 -87.82841 
1786056386.395 -1.819031e-14 0 0 -87.82841 
1786056386.464 -1.819031e-14 0 0 -87.82841 
1786056386.524 -1.819031e-14 0 0 -87.82841 
1786056386.586 -1.819031e-14 0 0 -87.82841 
1786056386.650 -1.819031e-14 0 0 -87.82841 
1786056386.717 -1.819031e-14 0 0 -87.82841 
1786056386.780 -1.819031e-14 0 0 -87.82841 
1786056386.834 -1.819031e-14 0 0 -87.82841 
1786056386.903 -1.819031e-14 0 0 -87.82841 
1786056386.972 -1.819031e-14 0 0 -87.82841 
1786056387.042 -1.819031e-14 0 0 -87.82841 
1786056387.108 -1.819031e-14 0 0 -87.82841 
1786056387.193 -1.819031e-14 0 0 -87.82841 
1786056387.263 -1.819031e-14 0 0 -87.82841 
1786056387.314 -1.819031e-14 0 0 -87.82841 
1786056387.377 -1.819031e-14 0 0 -87.82841 
1786056387.430 -1.819031e-14 0 0 -87.82841 
1786056387.494 -1.819031e-14 0 0 -87.82841 
1786056387.559 -1.819031e-14 0 0 -87.82841 
1786056387.612 -1.819031e-14 0 0 -87.82841 
1786056387.670 -1.819031e-14 0 0 -87.82841 
1786056387.750 -1.819031e-14 0 0 -87.82841 
1786056387.821 -1.819031e-14 0 0 -87.82841 
1786056387.884 -1.819031e-14 0 0 -87.82841 
1786056387.961 -1.819031e-14 0 0 -87.82841 
1786056388.021 -1.819031e-14 0 0 -87.82841 
1786056388.085 -1.819031e-14 0 0 -87.82841 
1786056388.169 -1.819031e-14 0 0 -87.82841 
1786056388.237 -1.819031e-14 0 0 -87.82841 
1786056388.313 -1.819031e-14 0 0 -87.82841 
1786056388.390 -1.819031e-14 0 0 -87.82841 
1786056388.463 -1.819031e-14 0 0 -87.82841 
1786056388.531 -1.819031e-14 0 0 -87.82841 
1786056388.630 -1.819031e-14 0 0 -87.82841 
1786056388.691 -1.819031e-14 0 0 -87.82841 
1786056388.756 -1.819031e-14 0 0 -87.82841 
1786056388.835 -1.819031e-14 0 0 -87.82841 
1786056388.906 -1.819031e-14 0 0 -87.82841 
1786056388.966 -1.819031e-14 0 0 -87.82841 
1786056389.046 -1.819031e-14 0 0 -87.82841 
1786056389.113 -1.819031e-14 0 0 -87.82841 
1786056389.191 -1.819031e-14 0 0 -87.82841 
1786056389.245 -1.819031e-14 0 0 -87.82841 
1786056389.302 -1.819031e-14 0 0 -87.82841 
1786056389.361 -1.819031e-14 0 0 -87.82841 
1786056389.410 -1.819031e-14 0 0 -87.82841 
1786056389.474 -1.819031e-14 0 0 -87.82841 
1786056389.566 -1.819031e-14 0 0 -87.82841 
1786056389.628 -1.819031e-14 0 0 -87.82841 
1786056389.692 -1.819031e-14 0 0 -87.82841 
1786056389.763 -1.819031e-14 0 0 -87.82841 
1786056389.830 -1.819031e-14 0 0 -87.82841 
1786056389.903 -1.819031e-14 0 0 -87.82841 
1786056389.991 -1.819031e-14 0 0 -87.82841 
1786056390.057 -1.819031e-14 0 0 -87.82841 
1786056390.114 -1.819031e-14 0 0 -87.82841 
1786056390.180 -1.819031e-14 0 0 -87.82841 
1786056390.245 -1.819031e-14 0 0 -87.82841 
1786056390.326 -1.819031e-14 0 0 -87.82841 
1786056390.430 -1.819031e-14 0 0 -87.82841 
1786056390.502 -1.819031e-14 0 0 -87.82841 
1786056390.560 -1.819031e-14 0 0 -87.82841 
1786056390.615 -1.819031e-14 0 0 -87.82841 
1786056390.669 -1.819031e-14 0 0 -87.82841 
1786056390.731 -1.819031e-14 0 0 -87.82841 
1786056390.794 -1.819031e-14 0 0 -87.82841 
1786056390.846 -1.819031e-14 0 0 -87.82841 
1786056390.908 -1.819031e-14 0 0 -87.82841 
1786056390.969 -1.819031e-14 0 0 -87.82841 
1786056391.036 -1.819031e-14 0 0 -87.82841 
1786056391.095 -1.819031e-14 0 0 -87.82841 
1786056391.156 -1.819031e-14 0 0 -87.82841 
1786056391.222 -1.819031e-14 0 0 -87.82841 
1786056391.282 -1.819031e-14 0 0 -87.82841 
1786056391.340 -1.819031e-14 0 0 -87.82841 
1786056391.394 -1.819031e-14 0 0 -87.82841 
1786056391.455 -1.819031e-14 0 0 -87.82841 
1786056391.517 -1.819031e-14 0 0 -87.82841 
1786056391.568 -1.819031e-14 0 0 -87.82841 
1786056391.622 -1.819031e-14 0 0 -87.82841 
1786056391.673 -1.819031e-14 0 0 -87.82841 
1786056391.732 -1.819031e-14 0 0 -87.82841 
1786056391.787 -1.819031e-14 0 0 -87.82841 
1786056391.842 -1.819031e-14 0 0 -87.82841 
1786056391.892 -1.819031e-14 0 0 -87.82841 
1786056391.947 -1.819031e-14 0 0 -87.82841 
1786056392.002 -1.819031e-14 0 0 -87.82841 
1786056392.062 -1.819031e-14 0 0 -87.82841 
1786056392.112 -1.819031e-14 0 0 -87.82841 
1786056392.164 -1.819031e-14 0 0 -87.82841 
1786056392.216 -1.819031e-14 0 0 -87.82841 
1786056392.265 -1.819031e-14 0 0 -87.82841 
1786056392.317 -1.819031e-14 0 0 -87.82841 
1786056392.370 -1.819031e-14 0 0 -87.82841 
1786056392.418 -1.819031e-14 0 0 -87.82841 
1786056392.468 -1.819031e-14 0 0 -87.82841 
1786056392.522 -1.819031e-14 0 0 -87.82841 
1786056392.576 -1.819031e-14 0 0 -87.82841 
1786056392.630 -1.819031e-14 0 0 -87.82841 
1786056392.677 -1.819031e-14 0 0 -87.82841 
1786056392.734 -1.819031e-14 0 0 -87.82841 
1786056392.803 -1.819031e-14 0 0 -87.82841 
1786056392.861 -1.819031e-14 0 0 -87.82841 
1786056392.910 -1.819031e-14 0 0 -87.82841 
1786056392.965 -1.819031e-14 0 0 -87.82841 
1786056393.024 -1.819031e-14 0 0 -87.82841 
1786056393.075 -1.819031e-14 0 0 -87.82841 
1786056393.130 -1.819031e-14 0 0 -87.82841 
1786056393.189 -1.819031e-14 0 0 -87.82841 
1786056393.242 -1.819031e-14 0 0 -87.82841 
1786056393.296 -1.819031e-14 0 0 -87.82841 
1786056393.352 -1.819031e-14 0 0 -87.82841 
1786056393.405 -1.819031e-14 0 0 -87.82841 
1786056393.456 -1.819031e-14 0 0 -87.82841 
1786056393.515 -1.819031e-14 0 0 -87.82841 
1786056393.566 -1.819031e-14 0 0 -87.82841 
1786056393.620 -1.819031e-14 0 0 -87.82841 
1786056393.686 -1.819031e-14 0 0 -87.82841 
1786056393.757 -1.819031e-14 0 0 -87.82841 
1786056393.821 -1.819031e-14 0 0 -87.82841 
1786056393.878 -1.819031e-14 0 0 -87.82841 
1786056393.948 -1.819031e-14 0 0 -87.82841 
1786056394.015 -1.819031e-14 0 0 -87.82841 
1786056394.071 -1.819031e-14 0 0 -87.82841 
1786056394.119 -1.819031e-14 0 0 -87.82841 
1786056394.170 -1.819031e-14 0 0 -87.82841 
1786056394.223 -1.819031e-14 0 0 -87.82841 
1786056394.274 -1.819031e-14 0 0 -87.82841 
1786056394.330 -1.819031e-14 0 0 -87.82841 
1786056394.390 -1.819031e-14 0 0 -87.82841 
1786056394.438 -1.819031e-14 0 0 -87.82841 
1786056394.498 -1.819031e-14 0 0 -87.82841 
1786056394.553 -1.819031e-14 0 0 -87.82841 
1786056394.603 -1.819031e-14 0 0 -87.82841 
1786056394.655 -1.819031e-14 0 0 -87.82841 
1786056394.710 -1.819031e-14 0 0 -87.82841 
1786056394.774 -1.819031e-14 0 0 -87.82841 
1786056394.827 -1.819031e-14 0 0 -87.82841 
1786056394.897 -1.819031e-14 0 0 -87.82841 
1786056394.966 -1.819031e-14 0 0 -87.82841 
1786056395.021 -1.819031e-14 0 0 -87.82841 
1786056395.074 -1.819031e-14 0 0 -87.82841 
1786056395.127 -1.819031e-14 0 0 -87.82841 
1786056395.185 -1.819031e-14 0 0 -87.82841 
1786056395.243 -1.819031e-14 0 0 -87.82841 
1786056395.295 -1.819031e-14 0 0 -87.82841 
1786056395.344 -1.819031e-14 0 0 -87.82841 
1786056395.394 -1.819031e-14 0 0 -87.82841 
1786056395.445 -1.819031e-14 0 0 -87.82841 
1786056395.506 -1.819031e-14 0 0 -87.82841 
1786056395.561 -1.819031e-14 0 0 -87.82841 
1786056395.614 -1.819031e-14 0 0 -87.82841 
1786056395.673 -1.819031e-14 0 0 -87.82841 
1786056395.728 -1.819031e-14 0 0 -87.82841 
1786056395.783 -1.819031e-14 0 0 -87.82841 
1786056395.849 -1.819031e-14 0 0 -87.82841 
1786056395.909 -1.819031e-14 0 0 -87.82841 
1786056395.962 -1.819031e-14 0 0 -87.82841 
1786056396.014 -1.819031e-14 0 0 -87.82841 
1786056396.079 -1.819031e-14 0 0 -87.82841 
1786056396.133 -1.819031e-14 0 0 -87.82841 
1786056396.182 -1.819031e-14 0 0 -87.82841 
1786056396.237 -1.819031e-14 0 0 -87.82841 
1786056396.290 -1.819031e-14 0 0 -87.82841 
1786056396.345 -1.819031e-14 0 0 -87.82841 
1786056396.406 -1.819031e-14 0 0 -87.82841 
1786056396.462 -1.819031e-14 0 0 -87.82841 
1786056396.514 -1.819031e-14 0 0 -87.82841 
1786056396.567 -1.819031e-14 0 0 -87.82841 
1786056396.620 -1.819031e-14 0 0 -87.82841 
1786056396.671 -1.819031e-14 0 0 -87.82841 
1786056396.725 -1.819031e-14 0 0 -87.82841 
1786056396.782 -1.819031e-14 0 0 -87.82841 
1786056396.840 -1.819031e-14 0 0 -87.82841 
1786056396.919 -1.819031e-14 0 0 -87.82841 
1786056396.983 -1.819031e-14 0 0 -87.82841 
1786056397.042 -1.819031e-14 0 0 -87.82841 
1786056397.104 -1.819031e-14 0 0 -87.82841 
1786056397.153 -1.819031e-14 0 0 -87.82841 
1786056397.208 -1.819031e-14 0 0 -87.82841 
1786056397.264 -1.819031e-14 0 0 -87.82841 
1786056397.316 -1.819031e-14 0 0 -87.82841 
1786056397.365 -1.819031e-14 0 0 -87.82841 
1786056397.421 -1.819031e-14 0 0 -87.82841 
1786056397.471 -1.819031e-14 0 0 -87.82841 
1786056397.526 -1.819031e-14 0 0 -87.82841 
1786056397.577 -1.819031e-14 0 0 -87.82841 
1786056397.626 -1.819031e-14 0 0 -87.82841 
1786056397.677 -1.819031e-14 0 0 -87.82841 
1786056397.728 -1.819031e-14 0 0 -87.82841 
1786056397.785 -1.819031e-14 0 0 -87.82841 
1786056397.853 -1.819031e-14 0 0 -87.82841 
1786056397.910 -1.819031e-14 0 0 -87.82841 
1786056397.957 -1.819031e-14 0 0 -87.82841 
1786056398.010 -1.819031e-14 0 0 -87.82841 
1786056398.062 -1.819031e-14 0 0 -87.82841 
1786056398.115 -1.819031e-14 0 0 -87.82841 
1786056398.167 -1.819031e-14 0 0 -87.82841 
1786056398.228 -1.819031e-14 0 0 -87.82841 
1786056398.280 -1.819031e-14 0 0 -87.82841 
1786056398.339 -1.819031e-14 0 0 -87.82841 
1786056398.392 -1.819031e-14 0 0 -87.82841 
1786056398.442 -1.819031e-14 0 0 -87.82841 
1786056398.494 -1.819031e-14 0 0 -87.82841 
1786056398.558 -1.819031e-14 0 0 -87.82841 
1786056398.614 -1.819031e-14 0 0 -87.82841 
1786056398.665 -1.819031e-14 0 0 -87.82841 
1786056398.721 -1.819031e-14 0 0 -87.82841 
1786056398.782 -1.819031e-14 0 0 -87.82841 
1786056398.844 -1.819031e-14 0 0 -87.82841 
1786056398.897 -1.819031e-14 0 0 -87.82841 
1786056398.949 -1.819031e-14 0 0 -87.82841 
1786056399.000 -1.819031e-14 0 0 -87.82841 
1786056399.053 -1.819031e-14 0 0 -87.82841 
1786056399.127 -1.819031e-14 0 0 -87.82841 
1786056399.180 -1.819031e-14 0 0 -87.82841 
1786056399.234 -1.819031e-14 0 0 -87.82841 
1786056399.287 -1.819031e-14 0 0 -87.82841 
1786056399.350 -1.819031e-14 0 0 -87.82841 
1786056399.398 -1.819031e-14 0 0 -87.82841 
1786056399.451 -1.819031e-14 0 0 -87.82841 
1786056399.502 -1.819031e-14 0 0 -87.82841 
1786056399.552 -1.819031e-14 0 0 -87.82841 
1786056399.602 -1.819031e-14 0 0 -87.82841 
1786056399.668 -1.819031e-14 0 0 -87.82841 
1786056399.716 -1.819031e-14 0 0 -87.82841 
1786056399.773 -1.819031e-14 0 0 -87.82841 
1786056399.827 -1.819031e-14 0 0 -87.82841 
1786056399.880 -1.819031e-14 0 0 -87.82841 
1786056399.931 -1.819031e-14 0 0 -87.82841 
1786056399.986 -1.819031e-14 0 0 -87.82841 
1786056400.034 -1.819031e-14 0 0 -87.82841 
1786056400.086 -1.819031e-14 0 0 -87.82841 
1786056400.138 -1.819031e-14 0 0 -87.82841 
1786056400.189 -1.819031e-14 0 0 -87.82841 
1786056400.240 -1.819031e-14 0 0 -87.82841 
1786056400.289 -1.819031e-14 0 0 -87.82841 
1786056400.341 -1.819031e-14 0 0 -87.82841 
1786056400.393 -1.819031e-14 0 0 -87.82841 
1786056400.441 -1.819031e-14 0 0 -87.82841 
1786056400.500 -1.819031e-14 0 0 -87.82841 
1786056400.557 -1.819031e-14 0 0 -87.82841 
1786056400.606 -1.819031e-14 0 0 -87.82841 
1786056400.658 -1.819031e-14 0 0 -87.82841 
1786056400.719 -1.819031e-14 0 0 -87.82841 
1786056400.779 -1.819031e-14 0 0 -87.82841 
1786056400.837 -1.819031e-14 0 0 -87.82841 
1786056400.897 -1.819031e-14 0 0 -87.82841 
1786056400.947 -1.819031e-14 0 0 -87.82841 
1786056400.998 -1.819031e-14 0 0 -87.82841 
1786056401.048 -1.819031e-14 0 0 -87.82841 
1786056401.106 -1.819031e-14 0 0 -87.82841 
1786056401.158 -1.819031e-14 0 0 -87.82841 
1786056401.213 -1.819031e-14 0 0 -87.82841 
1786056401.262 -1.819031e-14 0 0 -87.82841 
1786056401.310 -1.819031e-14 0 0 -87.82841 
1786056401.364 -1.819031e-14 0 0 -87.82841 
1786056401.414 -1.819031e-14 0 0 -87.82841 
1786056401.463 -1.819031e-14 0 0 -87.82841 
1786056401.515 -1.819031e-14 0 0 -87.82841 
1786056401.569 -1.819031e-14 0 0 -87.82841 
1786056401.619 -1.819031e-14 0 0 -87.82841 
1786056401.676 -1.819031e-14 0 0 -87.82841 
1786056401.725 -1.819031e-14 0 0 -87.82841 
1786056401.793 -1.819031e-14 0 0 -87.82841 
1786056401.854 -1.819031e-14 0 0 -87.82841 
1786056401.907 -1.819031e-14 0 0 -87.82841 
1786056401.955 -1.819031e-14 0 0 -87.82841 
1786056402.009 -1.819031e-14 0 0 -87.82841 
1786056402.060 -1.819031e-14 0 0 -87.82841 
1786056402.116 -1.819031e-14 0 0 -87.82841 
1786056402.167 -1.819031e-14 0 0 -87.82841 
1786056402.222 -1.819031e-14 0 0 -87.82841 
1786056402.271 -1.819031e-14 0 0 -87.82841 
1786056402.324 -1.819031e-14 0 0 -87.82841 
1786056402.378 -1.819031e-14 0 0 -87.82841 
1786056402.427 -1.819031e-14 0 0 -87.82841 
1786056402.482 -1.819031e-14 0 0 -87.82841 
1786056402.532 -1.819031e-14 0 0 -87.82841 
1786056402.586 -1.819031e-14 0 0 -87.82841 
1786056402.639 -1.819031e-14 0 0 -87.82841 
1786056402.694 -1.819031e-14 0 0 -87.82841 
1786056402.749 -1.819031e-14 0 0 -87.82841 
1786056402.814 -1.819031e-14 0 0 -87.82841 
1786056402.878 -1.819031e-14 0 0 -87.82841 
1786056402.948 -1.819031e-14 0 0 -87.82841 
1786056402.999 -1.819031e-14 0 0 -87.82841 
1786056403.051 -1.819031e-14 0 0 -87.82841 
1786056403.107 -1.819031e-14 0 0 -87.82841 
1786056403.164 -1.819031e-14 0 0 -87.82841 
1786056403.213 -1.819031e-14 0 0 -87.82841 
1786056403.262 -1.819031e-14 0 0 -87.82841 
1786056403.311 -1.819031e-14 0 0 -87.82841 
1786056403.363 -1.819031e-14 0 0 -87.82841 
1786056403.413 -1.819031e-14 0 0 -87.82841 
1786056403.463 -1.819031e-14 0 0 -87.82841 
1786056403.521 -1.819031e-14 0 0 -87.82841 
1786056403.574 -1.819031e-14 0 0 -87.82841 
1786056403.625 -1.819031e-14 0 0 -87.82841 
1786056403.678 -1.819031e-14 0 0 -87.82841 
1786056403.733 -1.819031e-14 0 0 -87.82841 
1786056403.801 -1.819031e-14 0 0 -87.82841 
1786056403.883 -1.819031e-14 0 0 -87.82841 
1786056403.944 -1.819031e-14 0 0 -87.82841 
1786056404.007 -1.819031e-14 0 0 -87.82841 
1786056404.073 -1.819031e-14 0 0 -87.82841 
1786056404.126 -1.819031e-14 0 0 -87.82841 
1786056404.176 -1.819031e-14 0 0 -87.82841 
1786056404.224 -1.819031e-14 0 0 -87.82841 
1786056404.271 -1.819031e-14 0 0 -87.82841 
1786056404.320 -1.819031e-14 0 0 -87.82841 
1786056404.369 -1.819031e-14 0 0 -87.82841 
1786056404.419 -1.819031e-14 0 0 -87.82841 
1786056404.473 -1.819031e-14 0 0 -87.82841 
1786056404.524 -1.819031e-14 0 0 -87.82841 
1786056404.571 -1.819031e-14 0 0 -87.82841 
1786056404.619 -1.819031e-14 0 0 -87.82841 
1786056404.667 -1.819031e-14 0 0 -87.82841 
1786056404.722 -1.819031e-14 0 0 -87.82841 
1786056404.778 -1.819031e-14 0 0 -87.82841 
1786056404.828 -1.819031e-14 0 0 -87.82841 
1786056404.878 -1.819031e-14 0 0 -87.82841 
1786056404.929 -1.819031e-14 0 0 -87.82841 
1786056404.976 -1.819031e-14 0 0 -87.82841 
1786056405.027 -1.819031e-14 0 0 -87.82841 
1786056405.074 -1.819031e-14 0 0 -87.82841 
1786056405.126 -1.819031e-14 0 0 -87.82841 
1786056405.177 -1.819031e-14 0 0 -87.82841 
1786056405.224 -1.819031e-14 0 0 -87.82841 
1786056405.280 -1.819031e-14 0 0 -87.82841 
1786056405.330 -1.819031e-14 0 0 -87.82841 
1786056405.380 -1.819031e-14 0 0 -87.82841 
1786056405.431 -1.819031e-14 0 0 -87.82841 
1786056405.482 -1.819031e-14 0 0 -87.82841 
1786056405.531 -1.819031e-14 0 0 -87.82841 
1786056405.583 -1.819031e-14 0 0 -87.82841 
1786056405.631 -1.819031e-14 0 0 -87.82841 
1786056405.686 -1.819031e-14 0 0 -87.82841 
1786056405.741 -1.819031e-14 0 0 -87.82841 
1786056405.802 -1.819031e-14 0 0 -87.82841 
1786056405.851 -1.819031e-14 0 0 -87.82841 
1786056405.902 -1.819031e-14 0 0 -87.82841 
1786056405.955 -1.819031e-14 0 0 -87.82841 
1786056406.007 -1.819031e-14 0 0 -87.82841 
1786056406.057 -1.819031e-14 0 0 -87.82841 
1786056406.105 -1.819031e-14 0 0 -87.82841 
1786056406.158 -1.819031e-14 0 0 -87.82841 
1786056406.209 -1.819031e-14 0 0 -87.82841 
1786056406.263 -1.819031e-14 0 0 -87.82841 
1786056406.314 -1.819031e-14 0 0 -87.82841 
1786056406.363 -1.819031e-14 0 0 -87.82841 
1786056406.413 -1.819031e-14 0 0 -87.82841 
1786056406.461 -1.819031e-14 0 0 -87.82841 
1786056406.511 -1.819031e-14 0 0 -87.82841 
1786056406.561 -1.819031e-14 0 0 -87.82841 
1786056406.615 -1.819031e-14 0 0 -87.82841 
1786056406.665 -1.819031e-14 0 0 -87.82841 
1786056406.726 -1.819031e-14 0 0 -87.82841 
1786056406.777 -1.819031e-14 0 0 -87.82841 
1786056406.826 -1.819031e-14 0 0 -87.82841 
1786056406.875 -1.819031e-14 0 0 -87.82841 
1786056406.923 -1.819031e-14 0 0 -87.82841 
1786056406.973 -1.819031e-14 0 0 -87.82841 
1786056407.023 -1.819031e-14 0 0 -87.82841 
1786056407.072 -1.819031e-14 0 0 -87.82841 
1786056407.122 -1.819031e-14 0 0 -87.82841 
1786056407.171 -1.819031e-14 0 0 -87.82841 
1786056407.220 -1.819031e-14 0 0 -87.82841 
1786056407.270 -1.819031e-14 0 0 -87.82841 
1786056407.319 -1.819031e-14 0 0 -87.82841 
1786056407.370 -1.819031e-14 0 0 -87.82841 
1786056407.419 -1.819031e-14 0 0 -87.82841 
1786056407.467 -1.819031e-14 0 0 -87.82841 
1786056407.519 -1.819031e-14 0 0 -87.82841 
1786056407.569 -1.819031e-14 0 0 -87.82841 
1786056407.623 -1.819031e-14 0 0 -87.82841 
1786056407.689 -1.819031e-14 0 0 -87.82841 
1786056407.744 -1.819031e-14 0 0 -87.82841 
1786056407.793 -1.819031e-14 0 0 -87.82841 
1786056407.845 -1.819031e-14 0 0 -87.82841 
1786056407.896 -1.819031e-14 0 0 -87.82841 
1786056407.948 -1.819031e-14 0 0 -87.82841 
1786056408.004 -1.819031e-14 0 0 -87.82841 
1786056408.063 -1.819031e-14 0 0 -87.82841 
1786056408.113 -1.819031e-14 0 0 -87.82841 
1786056408.164 -1.819031e-14 0 0 -87.82841 
1786056408.217 -1.819031e-14 0 0 -87.82841 
1786056408.267 -1.819031e-14 0 0 -87.82841 
1786056408.322 -1.819031e-14 0 0 -87.82841 
1786056408.379 -1.819031e-14 0 0 -87.82841 
1786056408.429 -1.819031e-14 0 0 -87.82841 
1786056408.486 -1.819031e-14 0 0 -87.82841 
1786056408.539 -1.819031e-14 0 0 -87.82841 
1786056408.590 -1.819031e-14 0 0 -87.82841 
1786056408.650 -1.819031e-14 0 0 -87.82841 
1786056408.710 -1.819031e-14 0 0 -87.82841 
1786056408.763 -1.819031e-14 0 0 -87.82841 
1786056408.821 -1.819031e-14 0 0 -87.82841 
1786056408.879 -1.819031e-14 0 0 -87.82841 
1786056408.928 -1.819031e-14 0 0 -87.82841 
1786056408.979 -1.819031e-14 0 0 -87.82841 
1786056409.033 -1.819031e-14 0 0 -87.82841 
1786056409.087 -1.819031e-14 0 0 -87.82841 
1786056409.137 -1.819031e-14 0 0 -87.82841 
1786056409.196 -1.819031e-14 0 0 -87.82841 
1786056409.245 -1.819031e-14 0 0 -87.82841 
1786056409.298 -1.819031e-14 0 0 -87.82841 
1786056409.354 -1.819031e-14 0 0 -87.82841 
1786056409.408 -1.819031e-14 0 0 -87.82841 
1786056409.460 -1.819031e-14 0 0 -87.82841 
1786056409.520 -1.819031e-14 0 0 -87.82841 
1786056409.573 -1.819031e-14 0 0 -87.82841 
1786056409.623 -1.819031e-14 0 0 -87.82841 
1786056409.678 -1.819031e-14 0 0 -87.82841 
1786056409.732 -1.819031e-14 0 0 -87.82841 
1786056409.790 -1.819031e-14 0 0 -87.82841 
1786056409.842 -1.819031e-14 0 0 -87.82841 
1786056409.897 -1.819031e-14 0 0 -87.82841 
1786056409.946 -1.819031e-14 0 0 -87.82841 
1786056409.998 -1.819031e-14 0 0 -87.82841 
1786056410.045 -1.819031e-14 0 0 -87.82841 
1786056410.099 -1.819031e-14 0 0 -87.82841 
1786056410.153 -1.819031e-14 0 0 -87.82841 
1786056410.209 -1.819031e-14 0 0 -87.82841 
1786056410.261 -1.819031e-14 0 0 -87.82841 
1786056410.315 -1.819031e-14 0 0 -87.82841 
1786056410.363 -1.819031e-14 0 0 -87.82841 
1786056410.412 -1.819031e-14 0 0 -87.82841 
1786056410.462 -1.819031e-14 0 0 -87.82841 
1786056410.519 -1.819031e-14 0 0 -87.82841 
1786056410.582 -1.819031e-14 0 0 -87.82841 
1786056410.641 -1.819031e-14 0 0 -87.82841 
1786056410.697 -1.819031e-14 0 0 -87.82841 
1786056410.747 -1.819031e-14 0 0 -87.82841 
1786056410.798 -1.819031e-14 0 0 -87.82841 
1786056410.849 -1.819031e-14 0 0 -87.82841 
1786056410.903 -1.819031e-14 0 0 -87.82841 
1786056410.964 -1.819031e-14 0 0 -87.82841 
1786056411.027 -1.819031e-14 0 0 -87.82841 
1786056411.087 -1.819031e-14 0 0 -87.82841 
1786056411.140 -1.819031e-14 0 0 -87.82841 
1786056411.202 -1.819031e-14 0 0 -87.82841 
1786056411.253 -1.819031e-14 0 0 -87.82841 
1786056411.310 -1.819031e-14 0 0 -87.82841 
1786056411.361 -1.819031e-14 0 0 -87.82841 
1786056411.419 -1.819031e-14 0 0 -87.82841 
1786056411.474 -1.819031e-14 0 0 -87.82841 
1786056411.540 -1.819031e-14 0 0 -87.82841 
1786056411.595 -1.819031e-14 0 0 -87.82841 
1786056411.651 -1.819031e-14 0 0 -87.82841 
1786056411.701 -1.819031e-14 0 0 -87.82841 
1786056411.755 -1.819031e-14 0 0 -87.82841 
1786056411.803 -1.819031e-14 0 0 -87.82841 
1786056411.853 -1.819031e-14 0 0 -87.82841 
1786056411.904 -1.819031e-14 0 0 -87.82841 
1786056411.956 -1.819031e-14 0 0 -87.82841 
1786056412.008 -1.819031e-14 0 0 -87.82841 
1786056412.066 -1.819031e-14 0 0 -87.82841 
1786056412.115 -1.819031e-14 0 0 -87.82841 
1786056412.165 -1.819031e-14 0 0 -87.82841 
1786056412.220 -1.819031e-14 0 0 -87.82841 
1786056412.270 -1.819031e-14 0 0 -87.82841 
1786056412.327 -1.819031e-14 0 0 -87.82841 
1786056412.380 -1.819031e-14 0 0 -87.82841 
1786056412.430 -1.819031e-14 0 0 -87.82841 
1786056412.487 -1.819031e-14 0 0 -87.82841 
1786056412.554 -1.819031e-14 0 0 -87.82841 
1786056412.604 -1.819031e-14 0 0 -87.82841 
1786056412.667 -1.819031e-14 0 0 -87.82841 
1786056412.733 -1.819031e-14 0 0 -87.82841 
1786056412.806 -1.819031e-14 0 0 -87.82841 
1786056412.890 -1.819031e-14 0 0 -87.82841 
1786056412.953 -1.819031e-14 0 0 -87.82841 
1786056413.006 -1.819031e-14 0 0 -87.82841 
1786056413.055 -1.819031e-14 0 0 -87.82841 
1786056413.109 -1.819031e-14 0 0 -87.82841 
1786056413.161 -1.819031e-14 0 0 -87.82841 
1786056413.221 -1.819031e-14 0 0 -87.82841 
1786056413.275 -1.819031e-14 0 0 -87.82841 
1786056413.325 -1.819031e-14 0 0 -87.82841 
1786056413.377 -1.819031e-14 0 0 -87.82841 
1786056413.453 -1.819031e-14 0 0 -87.82841 
1786056413.525 -1.819031e-14 0 0 -87.82841 
1786056413.584 -1.819031e-14 0 0 -87.82841 
1786056413.634 -1.819031e-14 0 0 -87.82841 
1786056413.688 -1.819031e-14 0 0 -87.82841 
1786056413.742 -1.819031e-14 0 0 -87.82841 
1786056413.793 -1.819031e-14 0 0 -87.82841 
1786056413.845 -1.819031e-14 0 0 -87.82841 
1786056413.898 -1.819031e-14 0 0 -87.82841 
1786056413.947 -1.819031e-14 0 0 -87.82841 
1786056414.012 -1.819031e-14 0 0 -87.82841 
1786056414.063 -1.819031e-14 0 0 -87.82841 
1786056414.113 -1.819031e-14 0 0 -87.82841 
1786056414.168 -1.819031e-14 0 0 -87.82841 
1786056414.233 -1.819031e-14 0 0 -87.82841 
1786056414.283 -1.819031e-14 0 0 -87.82841 
1786056414.334 -1.819031e-14 0 0 -87.82841 
1786056414.384 -1.819031e-14 0 0 -87.82841 
1786056414.449 -1.819031e-14 0 0 -87.82841 
1786056414.503 -1.819031e-14 0 0 -87.82841 
1786056414.556 -1.819031e-14 0 0 -87.82841 
1786056414.604 -1.819031e-14 0 0 -87.82841 
1786056414.652 -1.819031e-14 0 0 -87.82841 
1786056414.707 -1.819031e-14 0 0 -87.82841 
1786056414.755 -1.819031e-14 0 0 -87.82841 
1786056414.806 -1.819031e-14 0 0 -87.82841 
1786056414.858 -1.819031e-14 0 0 -87.82841 
1786056414.911 -1.819031e-14 0 0 -87.82841 
1786056414.962 -1.819031e-14 0 0 -87.82841 
1786056415.017 -1.819031e-14 0 0 -87.82841 
1786056415.075 -1.819031e-14 0 0 -87.82841 
1786056415.136 -1.819031e-14 0 0 -87.82841 
1786056415.202 -1.819031e-14 0 0 -87.82841 
1786056415.261 -1.819031e-14 0 0 -87.82841 
1786056415.316 -1.819031e-14 0 0 -87.82841 
1786056415.387 -1.819031e-14 0 0 -87.82841 
1786056415.462 -1.819031e-14 0 0 -87.82841 
1786056415.524 -1.819031e-14 0 0 -87.82841 
1786056415.588 -1.819031e-14 0 0 -87.82841 
1786056415.647 -1.819031e-14 0 0 -87.82841 
1786056415.707 -1.819031e-14 0 0 -87.82841 
1786056415.777 -1.819031e-14 0 0 -87.82841 
1786056415.840 -1.819031e-14 0 0 -87.82841 
1786056415.900 -1.819031e-14 0 0 -87.82841 
1786056415.954 -1.819031e-14 0 0 -87.82841 
1786056416.018 -1.819031e-14 0 0 -87.82841 
1786056416.081 -1.819031e-14 0 0 -87.82841 
1786056416.142 -1.819031e-14 0 0 -87.82841 
1786056416.195 -1.819031e-14 0 0 -87.82841 
1786056416.255 -1.819031e-14 0 0 -87.82841 
1786056416.317 -1.819031e-14 0 0 -87.82841 
1786056416.375 -1.819031e-14 0 0 -87.82841 
1786056416.442 -1.819031e-14 0 0 -87.82841 
1786056416.519 -1.819031e-14 0 0 -87.82841 
1786056416.577 -1.819031e-14 0 0 -87.82841 
1786056416.638 -1.819031e-14 0 0 -87.82841 
1786056416.694 -1.819031e-14 0 0 -87.82841 
1786056416.754 -1.819031e-14 0 0 -87.82841 
1786056416.808 -1.819031e-14 0 0 -87.82841 
1786056416.863 -1.819031e-14 0 0 -87.82841 
1786056416.916 -1.819031e-14 0 0 -87.82841 
1786056416.980 -1.819031e-14 0 0 -87.82841 
1786056417.034 -1.819031e-14 0 0 -87.82841 
1786056417.081 -1.819031e-14 0 0 -87.82841 
1786056417.132 -1.819031e-14 0 0 -87.82841 
1786056417.181 -1.819031e-14 0 0 -87.82841 
1786056417.230 -1.819031e-14 0 0 -87.82841 
1786056417.281 -1.819031e-14 0 0 -87.82841 
1786056417.338 -1.819031e-14 0 0 -87.82841 
1786056417.393 -1.819031e-14 0 0 -87.82841 
1786056417.444 -1.819031e-14 0 0 -87.82841 
1786056417.495 -1.819031e-14 0 0 -87.82841 
1786056417.546 -1.819031e-14 0 0 -87.82841 
1786056417.601 -1.819031e-14 0 0 -87.82841 
1786056417.654 -1.819031e-14 0 0 -87.82841 
1786056417.712 -1.819031e-14 0 0 -87.82841 
1786056417.763 -1.819031e-14 0 0 -87.82841 
1786056417.818 -1.819031e-14 0 0 -87.82841 
1786056417.868 -1.819031e-14 0 0 -87.82841 
1786056417.920 -1.819031e-14 0 0 -87.82841 
1786056417.968 -1.819031e-14 0 0 -87.82841 
1786056418.022 -1.819031e-14 0 0 -87.82841 
1786056418.078 -1.819031e-14 0 0 -87.82841 
1786056418.130 -1.819031e-14 0 0 -87.82841 
1786056418.184 -1.819031e-14 0 0 -87.82841 
1786056418.236 -1.819031e-14 0 0 -87.82841 
1786056418.289 -1.819031e-14 0 0 -87.82841 
1786056418.343 -1.819031e-14 0 0 -87.82841 
1786056418.396 -1.819031e-14 0 0 -87.82841 
1786056418.445 -1.819031e-14 0 0 -87.82841 
1786056418.498 -1.819031e-14 0 0 -87.82841 
1786056418.554 -1.819031e-14 0 0 -87.82841 
1786056418.610 -1.819031e-14 0 0 -87.82841 
1786056418.661 -1.819031e-14 0 0 -87.82841 
1786056418.715 -1.819031e-14 0 0 -87.82841 
1786056418.765 -1.819031e-14 0 0 -87.82841 
1786056418.816 -1.819031e-14 0 0 -87.82841 
1786056418.874 -1.819031e-14 0 0 -87.82841 
1786056418.923 -1.819031e-14 0 0 -87.82841 
1786056418.974 -1.819031e-14 0 0 -87.82841 
1786056419.023 -1.819031e-14 0 0 -87.82841 
1786056419.071 -1.819031e-14 0 0 -87.82841 
1786056419.123 -1.819031e-14 0 0 -87.82841 
1786056419.177 -1.819031e-14 0 0 -87.82841 
1786056419.231 -1.819031e-14 0 0 -87.82841 
1786056419.299 -1.819031e-14 0 0 -87.82841 
1786056419.361 -1.819031e-14 0 0 -87.82841 
1786056419.429 -1.819031e-14 0 0 -87.82841 
1786056419.485 -1.819031e-14 0 0 -87.82841 
1786056419.540 -1.819031e-14 0 0 -87.82841 
1786056419.591 -1.819031e-14 0 0 -87.82841 
1786056419.638 -1.819031e-14 0 0 -87.82841 
1786056419.691 -1.819031e-14 0 0 -87.82841 
1786056419.749 -1.819031e-14 0 0 -87.82841 
1786056419.799 -1.819031e-14 0 0 -87.82841 
1786056419.853 -1.819031e-14 0 0 -87.82841 
1786056419.901 -1.819031e-14 0 0 -87.82841 
1786056419.949 -1.819031e-14 0 0 -87.82841 
1786056419.999 -1.819031e-14 0 0 -87.82841 
1786056420.047 -1.819031e-14 0 0 -87.82841 
1786056420.095 -1.819031e-14 0 0 -87.82841 
1786056420.146 -1.819031e-14 0 0 -87.82841 
1786056420.195 -1.819031e-14 0 0 -87.82841 
1786056420.254 -1.819031e-14 0 0 -87.82841 
1786056420.309 -1.819031e-14 0 0 -87.82841 
1786056420.361 -1.819031e-14 0 0 -87.82841 
1786056420.414 -1.819031e-14 0 0 -87.82841 
1786056420.463 -1.819031e-14 0 0 -87.82841 
1786056420.511 -1.819031e-14 0 0 -87.82841 
1786056420.562 -1.819031e-14 0 0 -87.82841 
1786056420.613 -1.819031e-14 0 0 -87.82841 
1786056420.661 -1.819031e-14 0 0 -87.82841 
1786056420.713 -1.819031e-14 0 0 -87.82841 
1786056420.764 -1.819031e-14 0 0 -87.82841 
1786056420.817 -1.819031e-14 0 0 -87.82841 
1786056420.866 -1.819031e-14 0 0 -87.82841 
1786056420.914 -1.819031e-14 0 0 -87.82841 
1786056420.965 -1.819031e-14 0 0 -87.82841 
1786056421.017 -1.819031e-14 0 0 -87.82841 
1786056421.068 -1.819031e-14 0 0 -87.82841 
1786056421.117 -1.819031e-14 0 0 -87.82841 
1786056421.167 -1.819031e-14 0 0 -87.82841 
1786056421.225 -1.819031e-14 0 0 -87.82841 
1786056421.282 -1.819031e-14 0 0 -87.82841 
1786056421.333 -1.819031e-14 0 0 -87.82841 
1786056421.387 -1.819031e-14 0 0 -87.82841 
1786056421.437 -1.819031e-14 0 0 -87.82841 
1786056421.490 -1.819031e-14 0 0 -87.82841 
1786056421.542 -1.819031e-14 0 0 -87.82841 
1786056421.598 -1.819031e-14 0 0 -87.82841 
1786056421.648 -1.819031e-14 0 0 -87.82841 
1786056421.700 -1.819031e-14 0 0 -87.82841 
1786056421.749 -1.819031e-14 0 0 -87.82841 
1786056421.797 -1.819031e-14 0 0 -87.82841 
1786056421.848 -1.819031e-14 0 0 -87.82841 
1786056421.899 -1.819031e-14 0 0 -87.82841 
1786056421.949 -1.819031e-14 0 0 -87.82841 
1786056421.999 -1.819031e-14 0 0 -87.82841 
1786056422.051 -1.819031e-14 0 0 -87.82841 
1786056422.101 -1.819031e-14 0 0 -87.82841 
1786056422.164 -1.819031e-14 0 0 -87.82841 
1786056422.222 -1.819031e-14 0 0 -87.82841 
1786056422.276 -1.819031e-14 0 0 -87.82841 
1786056422.325 -1.819031e-14 0 0 -87.82841 
1786056422.382 -1.819031e-14 0 0 -87.82841 
1786056422.439 -1.819031e-14 0 0 -87.82841 
1786056422.494 -1.819031e-14 0 0 -87.82841 
1786056422.544 -1.819031e-14 0 0 -87.82841 
1786056422.592 -1.819031e-14 0 0 -87.82841 
1786056422.656 -1.819031e-14 0 0 -87.82841 
1786056422.708 -1.819031e-14 0 0 -87.82841 
1786056422.758 -1.819031e-14 0 0 -87.82841 
1786056422.811 -1.819031e-14 0 0 -87.82841 
1786056422.875 -1.819031e-14 0 0 -87.82841 
1786056422.933 -1.819031e-14 0 0 -87.82841 
1786056422.985 -1.819031e-14 0 0 -87.82841 
1786056423.038 -1.819031e-14 0 0 -87.82841 
1786056423.093 -1.819031e-14 0 0 -87.82841 
1786056423.151 -1.819031e-14 0 0 -87.82841 
1786056423.209 -1.819031e-14 0 0 -87.82841 
1786056423.268 -1.819031e-14 0 0 -87.82841 
1786056423.317 -1.819031e-14 0 0 -87.82841 
1786056423.370 -1.819031e-14 0 0 -87.82841 
1786056423.431 -1.819031e-14 0 0 -87.82841 
1786056423.480 -1.819031e-14 0 0 -87.82841 
1786056423.530 -1.819031e-14 0 0 -87.82841 
1786056423.578 -1.819031e-14 0 0 -87.82841 
1786056423.633 -1.819031e-14 0 0 -87.82841 
1786056423.682 -1.819031e-14 0 0 -87.82841 
1786056423.738 -1.819031e-14 0 0 -87.82841 
1786056423.788 -1.819031e-14 0 0 -87.82841 
1786056423.842 -1.819031e-14 0 0 -87.82841 
1786056423.893 -1.819031e-14 0 0 -87.82841 
1786056423.943 -1.819031e-14 0 0 -87.82841 
1786056423.993 -1.819031e-14 0 0 -87.82841 
1786056424.042 -1.819031e-14 0 0 -87.82841 
1786056424.108 -1.819031e-14 0 0 -87.82841 
1786056424.161 -1.819031e-14 0 0 -87.82841 
1786056424.212 -1.819031e-14 0 0 -87.82841 
1786056424.260 -1.819031e-14 0 0 -87.82841 
1786056424.309 -1.819031e-14 0 0 -87.82841 
1786056424.359 -1.819031e-14 0 0 -87.82841 
1786056424.412 -1.819031e-14 0 0 -87.82841 
1786056424.467 -1.819031e-14 0 0 -87.82841 
1786056424.515 -1.819031e-14 0 0 -87.82841 
1786056424.566 -1.819031e-14 0 0 -87.82841 
1786056424.630 -1.819031e-14 0 0 -87.82841 
1786056424.679 -1.819031e-14 0 0 -87.82841 
1786056424.734 -1.819031e-14 0 0 -87.82841 
1786056424.785 -1.819031e-14 0 0 -87.82841 
1786056424.832 -1.819031e-14 0 0 -87.82841 
1786056424.887 -1.819031e-14 0 0 -87.82841 
1786056424.939 -1.819031e-14 0 0 -87.82841 
1786056424.989 -1.819031e-14 0 0 -87.82841 
1786056425.047 -1.819031e-14 0 0 -87.82841 
1786056425.102 -1.819031e-14 0 0 -87.82841 
1786056425.150 -1.819031e-14 0 0 -87.82841 
1786056425.206 -1.819031e-14 0 0 -87.82841 
1786056425.263 -1.819031e-14 0 0 -87.82841 
1786056425.313 -1.819031e-14 0 0 -87.82841 
1786056425.363 -1.819031e-14 0 0 -87.82841 
1786056425.419 -1.819031e-14 0 0 -87.82841 
1786056425.468 -1.819031e-14 0 0 -87.82841 
1786056425.528 -1.819031e-14 0 0 -87.82841 
1786056425.581 -1.819031e-14 0 0 -87.82841 
1786056425.631 -1.819031e-14 0 0 -87.82841 
1786056425.682 -1.819031e-14 0 0 -87.82841 
1786056425.733 -1.819031e-14 0 0 -87.82841 
1786056425.780 -1.819031e-14 0 0 -87.82841 
1786056425.832 -1.819031e-14 0 0 -87.82841 
1786056425.881 -1.819031e-14 0 0 -87.82841 
1786056425.929 -1.819031e-14 0 0 -87.82841 
1786056425.982 -1.819031e-14 0 0 -87.82841 
1786056426.035 -1.819031e-14 0 0 -87.82841 
1786056426.096 -1.819031e-14 0 0 -87.82841 
1786056426.144 -1.819031e-14 0 0 -87.82841 
1786056426.197 -1.819031e-14 0 0 -87.82841 
1786056426.249 -1.819031e-14 0 0 -87.82841 
1786056426.309 -1.819031e-14 0 0 -87.82841 
1786056426.359 -1.819031e-14 0 0 -87.82841 
1786056426.408 -1.819031e-14 0 0 -87.82841 
1786056426.462 -1.819031e-14 0 0 -87.82841 
1786056426.511 -1.819031e-14 0 0 -87.82841 
1786056426.574 -1.819031e-14 0 0 -87.82841 
1786056426.625 -1.819031e-14 0 0 -87.82841 
1786056426.674 -1.819031e-14 0 0 -87.82841 
1786056426.724 -1.819031e-14 0 0 -87.82841 
1786056426.786 -1.819031e-14 0 0 -87.82841 
1786056426.838 -1.819031e-14 0 0 -87.82841 
1786056426.892 -1.819031e-14 0 0 -87.82841 
1786056426.953 -1.819031e-14 0 0 -87.82841 
1786056427.015 -1.819031e-14 0 0 -87.82841 
1786056427.071 -1.819031e-14 0 0 -87.82841 
1786056427.130 -1.819031e-14 0 0 -87.82841 
1786056427.184 -1.819031e-14 0 0 -87.82841 
1786056427.234 -1.819031e-14 0 0 -87.82841 
1786056427.288 -1.819031e-14 0 0 -87.82841 
1786056427.345 -1.819031e-14 0 0 -87.82841 
1786056427.395 -1.819031e-14 0 0 -87.82841 
1786056427.448 -1.819031e-14 0 0 -87.82841 
1786056427.499 -1.819031e-14 0 0 -87.82841 
1786056427.552 -1.819031e-14 0 0 -87.82841 
1786056427.609 -1.819031e-14 0 0 -87.82841 
1786056427.668 -1.819031e-14 0 0 -87.82841 
1786056427.722 -1.819031e-14 0 0 -87.82841 
1786056427.774 -1.819031e-14 0 0 -87.82841 
1786056427.823 -1.819031e-14 0 0 -87.82841 
1786056427.872 -1.819031e-14 0 0 -87.82841 
1786056427.927 -1.819031e-14 0 0 -87.82841 
1786056427.988 -1.819031e-14 0 0 -87.82841 
1786056428.039 -1.819031e-14 0 0 -87.82841 
1786056428.094 -1.819031e-14 0 0 -87.82841 
1786056428.147 -1.819031e-14 0 0 -87.82841 
1786056428.196 -1.819031e-14 0 0 -87.82841 
1786056428.252 -1.819031e-14 0 0 -87.82841 
1786056428.305 -1.819031e-14 0 0 -87.82841 
1786056428.357 -1.819031e-14 0 0 -87.82841 
1786056428.414 -1.819031e-14 0 0 -87.82841 
1786056428.465 -1.819031e-14 0 0 -87.82841 
1786056428.513 -1.819031e-14 0 0 -87.82841 
1786056428.567 -1.819031e-14 0 0 -87.82841 
1786056428.618 -1.819031e-14 0 0 -87.82841 
1786056428.668 -1.819031e-14 0 0 -87.82841 
1786056428.723 -1.819031e-14 0 0 -87.82841 
1786056428.784 -1.819031e-14 0 0 -87.82841 
1786056428.836 -1.819031e-14 0 0 -87.82841 
1786056428.896 -1.819031e-14 0 0 -87.82841 
1786056428.957 -1.819031e-14 0 0 -87.82841 
1786056429.010 -1.819031e-14 0 0 -87.82841 
1786056429.060 -1.819031e-14 0 0 -87.82841 
1786056429.118 -1.819031e-14 0 0 -87.82841 
1786056429.168 -1.819031e-14 0 0 -87.82841 
1786056429.220 -1.819031e-14 0 0 -87.82841 
1786056429.279 -1.819031e-14 0 0 -87.82841 
1786056429.341 -1.819031e-14 0 0 -87.82841 
1786056429.394 -1.819031e-14 0 0 -87.82841 
1786056429.450 -1.819031e-14 0 0 -87.82841 
1786056429.499 -1.819031e-14 0 0 -87.82841 
1786056429.553 -1.819031e-14 0 0 -87.82841 
1786056429.603 -1.819031e-14 0 0 -87.82841 
1786056429.658 -1.819031e-14 0 0 -87.82841 
1786056429.707 -1.819031e-14 0 0 -87.82841 
1786056429.759 -1.819031e-14 0 0 -87.82841 
1786056429.815 -1.819031e-14 0 0 -87.82841 
1786056429.868 -1.819031e-14 0 0 -87.82841 
1786056429.927 -1.819031e-14 0 0 -87.82841 
1786056429.980 -1.819031e-14 0 0 -87.82841 
1786056430.030 -1.819031e-14 0 0 -87.82841 
1786056430.082 -1.819031e-14 0 0 -87.82841 
1786056430.139 -1.819031e-14 0 0 -87.82841 
1786056430.191 -1.819031e-14 0 0 -87.82841 
1786056430.248 -1.819031e-14 0 0 -87.82841 
1786056430.299 -1.819031e-14 0 0 -87.82841 
1786056430.350 -1.819031e-14 0 0 -87.82841 
1786056430.403 -1.819031e-14 0 0 -87.82841 
1786056430.454 -1.819031e-14 0 0 -87.82841 
1786056430.501 -1.819031e-14 0 0 -87.82841 
1786056430.559 -1.819031e-14 0 0 -87.82841 
1786056430.615 -1.819031e-14 0 0 -87.82841 
1786056430.667 -1.819031e-14 0 0 -87.82841 
1786056430.721 -1.819031e-14 0 0 -87.82841 
1786056430.772 -1.819031e-14 0 0 -87.82841 
1786056430.826 -1.819031e-14 0 0 -87.82841 
1786056430.880 -1.819031e-14 0 0 -87.82841 
1786056430.935 -1.819031e-14 0 0 -87.82841 
1786056430.986 -1.819031e-14 0 0 -87.82841 
1786056431.039 -1.819031e-14 0 0 -87.82841 
1786056431.090 -1.819031e-14 0 0 -87.82841 
1786056431.144 -1.819031e-14 0 0 -87.82841 
1786056431.196 -1.819031e-14 0 0 -87.82841 
1786056431.245 -1.819031e-14 0 0 -87.82841 
1786056431.298 -1.819031e-14 0 0 -87.82841 
1786056431.353 -1.819031e-14 0 0 -87.82841 
1786056431.402 -1.819031e-14 0 0 -87.82841 
1786056431.454 -1.819031e-14 0 0 -87.82841 
1786056431.512 -1.819031e-14 0 0 -87.82841 
1786056431.564 -1.819031e-14 0 0 -87.82841 
1786056431.614 -1.819031e-14 0 0 -87.82841 
1786056431.664 -1.819031e-14 0 0 -87.82841 
1786056431.715 -1.819031e-14 0 0 -87.82841 
1786056431.768 -1.819031e-14 0 0 -87.82841 
1786056431.831 -1.819031e-14 0 0 -87.82841 
1786056431.882 -1.819031e-14 0 0 -87.82841 
1786056431.935 -1.819031e-14 0 0 -87.82841 
1786056431.987 -1.819031e-14 0 0 -87.82841 
1786056432.042 -1.819031e-14 0 0 -87.82841 
1786056432.093 -1.819031e-14 0 0 -87.82841 
1786056432.149 -1.819031e-14 0 0 -87.82841 
1786056432.197 -1.819031e-14 0 0 -87.82841 
1786056432.248 -1.819031e-14 0 0 -87.82841 
1786056432.308 -1.819031e-14 0 0 -87.82841 
1786056432.360 -1.819031e-14 0 0 -87.82841 
1786056432.410 -1.819031e-14 0 0 -87.82841 
1786056432.463 -1.819031e-14 0 0 -87.82841 
1786056432.511 -1.819031e-14 0 0 -87.82841 
1786056432.564 -1.819031e-14 0 0 -87.82841 
1786056432.615 -1.819031e-14 0 0 -87.82841 
1786056432.666 -1.819031e-14 0 0 -87.82841 
1786056432.725 -1.819031e-14 0 0 -87.82841 
1786056432.789 -1.819031e-14 0 0 -87.82841 
1786056432.842 -1.819031e-14 0 0 -87.82841 
1786056432.891 -1.819031e-14 0 0 -87.82841 
1786056432.948 -1.819031e-14 0 0 -87.82841 
1786056432.996 -1.819031e-14 0 0 -87.82841 
1786056433.049 -1.819031e-14 0 0 -87.82841 
1786056433.099 -1.819031e-14 0 0 -87.82841 
1786056433.154 -1.819031e-14 0 0 -87.82841 
1786056433.208 -1.819031e-14 0 0 -87.82841 
1786056433.258 -1.819031e-14 0 0 -87.82841 
1786056433.307 -1.819031e-14 0 0 -87.82841 
1786056433.361 -1.819031e-14 0 0 -87.82841 
1786056433.418 -1.819031e-14 0 0 -87.82841 
1786056433.468 -1.819031e-14 0 0 -87.82841 
1786056433.523 -1.819031e-14 0 0 -87.82841 
1786056433.581 -1.819031e-14 0 0 -87.82841 
1786056433.632 -1.819031e-14 0 0 -87.82841 
1786056433.682 -1.819031e-14 0 0 -87.82841 
1786056433.744 -1.819031e-14 0 0 -87.82841 
1786056433.797 -1.819031e-14 0 0 -87.82841 
1786056433.852 -1.819031e-14 0 0 -87.82841 
1786056433.904 -1.819031e-14 0 0 -87.82841 
1786056433.958 -1.819031e-14 0 0 -87.82841 
1786056434.012 -1.819031e-14 0 0 -87.82841 
1786056434.065 -1.819031e-14 0 0 -87.82841 
1786056434.115 -1.819031e-14 0 0 -87.82841 
1786056434.170 -1.819031e-14 0 0 -87.82841 
1786056434.226 -1.819031e-14 0 0 -87.82841 
1786056434.275 -1.819031e-14 0 0 -87.82841 
1786056434.327 -1.819031e-14 0 0 -87.82841 
1786056434.389 -1.819031e-14 0 0 -87.82841 
1786056434.444 -1.819031e-14 0 0 -87.82841 
1786056434.495 -1.819031e-14 0 0 -87.82841 
1786056434.561 -1.819031e-14 0 0 -87.82841 
1786056434.631 -1.819031e-14 0 0 -87.82841 
1786056434.690 -1.819031e-14 0 0 -87.82841 
1786056434.755 -1.819031e-14 0 0 -87.82841 
1786056434.817 -1.819031e-14 0 0 -87.82841 
1786056434.874 -1.819031e-14 0 0 -87.82841 
1786056434.928 -1.819031e-14 0 0 -87.82841 
1786056434.980 -1.819031e-14 0 0 -87.82841 
1786056435.038 -1.819031e-14 0 0 -87.82841 
1786056435.090 -1.819031e-14 0 0 -87.82841 
1786056435.141 -1.819031e-14 0 0 -87.82841 
1786056435.194 -1.819031e-14 0 0 -87.82841 
1786056435.246 -1.819031e-14 0 0 -87.82841 
1786056435.297 -1.819031e-14 0 0 -87.82841 
1786056435.359 -1.819031e-14 0 0 -87.82841 
1786056435.419 -1.819031e-14 0 0 -87.82841 
1786056435.482 -1.819031e-14 0 0 -87.82841 
1786056435.544 -1.819031e-14 0 0 -87.82841 
1786056435.604 -1.819031e-14 0 0 -87.82841 
1786056435.669 -1.819031e-14 0 0 -87.82841 
1786056435.725 -1.819031e-14 0 0 -87.82841 
1786056435.795 -1.819031e-14 0 0 -87.82841 
1786056435.858 -1.819031e-14 0 0 -87.82841 
1786056435.917 -1.819031e-14 0 0 -87.82841 
1786056435.976 -1.819031e-14 0 0 -87.82841 
1786056436.031 -1.819031e-14 0 0 -87.82841 
1786056436.093 -1.819031e-14 0 0 -87.82841 
1786056436.147 -1.819031e-14 0 0 -87.82841 
1786056436.194 -1.819031e-14 0 0 -87.82841 
1786056436.260 -1.819031e-14 0 0 -87.82841 
1786056436.314 -1.819031e-14 0 0 -87.82841 
1786056436.371 -1.819031e-14 0 0 -87.82841 
1786056436.443 -1.819031e-14 0 0 -87.82841 
1786056436.520 -1.819031e-14 0 0 -87.82841 
1786056436.591 -1.819031e-14 0 0 -87.82841 
1786056436.673 -1.819031e-14 0 0 -87.82841 
1786056436.734 -1.819031e-14 0 0 -87.82841 
1786056436.787 -1.819031e-14 0 0 -87.82841 
1786056436.838 -1.819031e-14 0 0 -87.82841 
1786056436.898 -1.819031e-14 0 0 -87.82841 
1786056436.951 -1.819031e-14 0 0 -87.82841 
1786056436.999 -1.819031e-14 0 0 -87.82841 
1786056437.055 -1.819031e-14 0 0 -87.82841 
1786056437.107 -1.819031e-14 0 0 -87.82841 
1786056437.157 -1.819031e-14 0 0 -87.82841 
1786056437.206 -1.819031e-14 0 0 -87.82841 
1786056437.261 -1.819031e-14 0 0 -87.82841 
1786056437.314 -1.819031e-14 0 0 -87.82841 
1786056437.376 -1.819031e-14 0 0 -87.82841 
1786056437.437 -1.819031e-14 0 0 -87.82841 
1786056437.496 -1.819031e-14 0 0 -87.82841 
1786056437.551 -1.819031e-14 0 0 -87.82841 
1786056437.637 -1.819031e-14 0 0 -87.82841 
1786056437.697 -1.819031e-14 0 0 -87.82841 
1786056437.752 -1.819031e-14 0 0 -87.82841 
1786056437.801 -1.819031e-14 0 0 -87.82841 
1786056437.853 -1.819031e-14 0 0 -87.82841 
1786056437.921 -1.819031e-14 0 0 -87.82841 
1786056437.981 -1.819031e-14 0 0 -87.82841 
1786056438.041 -1.819031e-14 0 0 -87.82841 
1786056438.107 -1.819031e-14 0 0 -87.82841 
1786056438.167 -1.819031e-14 0 0 -87.82841 
1786056438.222 -1.819031e-14 0 0 -87.82841 
1786056438.270 -1.819031e-14 0 0 -87.82841 
1786056438.325 -1.819031e-14 0 0 -87.82841 
1786056438.378 -1.819031e-14 0 0 -87.82841 
1786056438.431 -1.819031e-14 0 0 -87.82841 
1786056438.483 -1.819031e-14 0 0 -87.82841 
1786056438.535 -1.819031e-14 0 0 -87.82841 
1786056438.590 -1.819031e-14 0 0 -87.82841 
1786056438.643 -1.819031e-14 0 0 -87.82841 
1786056438.695 -1.819031e-14 0 0 -87.82841 
1786056438.743 -1.819031e-14 0 0 -87.82841 
1786056438.793 -1.819031e-14 0 0 -87.82841 
1786056438.843 -1.819031e-14 0 0 -87.82841 
1786056438.894 -1.819031e-14 0 0 -87.82841 
1786056438.942 -1.819031e-14 0 0 -87.82841 
1786056438.993 -1.819031e-14 0 0 -87.82841 
1786056439.042 -1.819031e-14 0 0 -87.82841 
1786056439.097 -1.819031e-14 0 0 -87.82841 
1786056439.147 -1.819031e-14 0 0 -87.82841 
1786056439.197 -1.819031e-14 0 0 -87.82841 
1786056439.244 -1.819031e-14 0 0 -87.82841 
1786056439.295 -1.819031e-14 0 0 -87.82841 
1786056439.345 -1.819031e-14 0 0 -87.82841 
1786056439.394 -1.819031e-14 0 0 -87.82841 
1786056439.448 -1.819031e-14 0 0 -87.82841 
1786056439.506 -1.819031e-14 0 0 -87.82841 
1786056439.561 -1.819031e-14 0 0 -87.82841 
1786056439.613 -1.819031e-14 0 0 -87.82841 
1786056439.669 -1.819031e-14 0 0 -87.82841 
1786056439.719 -1.819031e-14 0 0 -87.82841 
1786056439.770 -1.819031e-14 0 0 -87.82841 
1786056439.821 -1.819031e-14 0 0 -87.82841 
1786056439.874 -1.819031e-14 0 0 -87.82841 
1786056439.929 -1.819031e-14 0 0 -87.82841 
1786056439.986 -1.819031e-14 0 0 -87.82841 
1786056440.036 -1.819031e-14 0 0 -87.82841 
1786056440.092 -1.819031e-14 0 0 -87.82841 
1786056440.142 -1.819031e-14 0 0 -87.82841 
1786056440.189 -1.819031e-14 0 0 -87.82841 
1786056440.240 -1.819031e-14 0 0 -87.82841 
1786056440.288 -1.819031e-14 0 0 -87.82841 
1786056440.337 -1.819031e-14 0 0 -87.82841 
1786056440.388 -1.819031e-14 0 0 -87.82841 
1786056440.441 -1.819031e-14 0 0 -87.82841 
1786056440.491 -1.819031e-14 0 0 -87.82841 
1786056440.548 -1.819031e-14 0 0 -87.82841 
1786056440.596 -1.819031e-14 0 0 -87.82841 
1786056440.649 -1.819031e-14 0 0 -87.82841 
1786056440.698 -1.819031e-14 0 0 -87.82841 
1786056440.747 -1.819031e-14 0 0 -87.82841 
1786056440.806 -1.819031e-14 0 0 -87.82841 
1786056440.861 -1.819031e-14 0 0 -87.82841 
1786056440.908 -1.819031e-14 0 0 -87.82841 
1786056440.958 -1.819031e-14 0 0 -87.82841 
1786056441.006 -1.819031e-14 0 0 -87.82841 
1786056441.058 -1.819031e-14 0 0 -87.82841 
1786056441.115 -1.819031e-14 0 0 -87.82841 
1786056441.163 -1.819031e-14 0 0 -87.82841 
1786056441.213 -1.819031e-14 0 0 -87.82841 
1786056441.266 -1.819031e-14 0 0 -87.82841 
1786056441.315 -1.819031e-14 0 0 -87.82841 
1786056441.365 -1.819031e-14 0 0 -87.82841 
1786056441.422 -1.819031e-14 0 0 -87.82841 
1786056441.473 -1.819031e-14 0 0 -87.82841 
1786056441.523 -1.819031e-14 0 0 -87.82841 
1786056441.577 -1.819031e-14 0 0 -87.82841 
1786056441.631 -1.819031e-14 0 0 -87.82841 
1786056441.688 -1.819031e-14 0 0 -87.82841 
1786056441.746 -1.819031e-14 0 0 -87.82841 
1786056441.795 -1.819031e-14 0 0 -87.82841 
1786056441.846 -1.819031e-14 0 0 -87.82841 
1786056441.901 -1.819031e-14 0 0 -87.82841 
1786056441.949 -1.819031e-14 0 0 -87.82841 
1786056442.005 -1.819031e-14 0 0 -87.82841 
1786056442.059 -1.819031e-14 0 0 -87.82841 
1786056442.115 -1.819031e-14 0 0 -87.82841 
1786056442.168 -1.819031e-14 0 0 -87.82841 
1786056442.222 -1.819031e-14 0 0 -87.82841 
1786056442.271 -1.819031e-14 0 0 -87.82841 
1786056442.326 -1.819031e-14 0 0 -87.82841 
1786056442.387 -1.819031e-14 0 0 -87.82841 
1786056442.442 -1.819031e-14 0 0 -87.82841 
1786056442.497 -1.819031e-14 0 0 -87.82841 
1786056442.559 -1.819031e-14 0 0 -87.82841 
1786056442.608 -1.819031e-14 0 0 -87.82841 
1786056442.657 -1.819031e-14 0 0 -87.82841 
1786056442.705 -1.819031e-14 0 0 -87.82841 
1786056442.762 -1.819031e-14 0 0 -87.82841 
1786056442.814 -1.819031e-14 0 0 -87.82841 
1786056442.870 -1.819031e-14 0 0 -87.82841 
1786056442.920 -1.819031e-14 0 0 -87.82841 
1786056442.970 -1.819031e-14 0 0 -87.82841 
1786056443.032 -1.819031e-14 0 0 -87.82841 
1786056443.084 -1.819031e-14 0 0 -87.82841 
1786056443.140 -1.819031e-14 0 0 -87.82841 
1786056443.216 -1.819031e-14 0 0 -87.82841 
1786056443.270 -1.819031e-14 0 0 -87.82841 
1786056443.318 -1.819031e-14 0 0 -87.82841 
1786056443.376 -1.819031e-14 0 0 -87.82841 
1786056443.430 -1.819031e-14 0 0 -87.82841 
1786056443.480 -1.819031e-14 0 0 -87.82841 
1786056443.531 -1.819031e-14 0 0 -87.82841 
1786056443.583 -1.819031e-14 0 0 -87.82841 
1786056443.631 -1.819031e-14 0 0 -87.82841 
1786056443.686 -1.819031e-14 0 0 -87.82841 
1786056443.739 -1.819031e-14 0 0 -87.82841 
1786056443.791 -1.819031e-14 0 0 -87.82841 
1786056443.845 -1.819031e-14 0 0 -87.82841 
1786056443.898 -1.819031e-14 0 0 -87.82841 
1786056443.946 -1.819031e-14 0 0 -87.82841 
1786056444.011 -1.819031e-14 0 0 -87.82841 
1786056444.066 -1.819031e-14 0 0 -87.82841 
1786056444.116 -1.819031e-14 0 0 -87.82841 
1786056444.171 -1.819031e-14 0 0 -87.82841 
1786056444.226 -1.819031e-14 0 0 -87.82841 
1786056444.273 -1.819031e-14 0 0 -87.82841 
1786056444.329 -1.819031e-14 0 0 -87.82841 
1786056444.385 -1.819031e-14 0 0 -87.82841 
1786056444.440 -1.819031e-14 0 0 -87.82841 
1786056444.492 -1.819031e-14 0 0 -87.82841 
1786056444.543 -1.819031e-14 0 0 -87.82841 
1786056444.592 -1.819031e-14 0 0 -87.82841 
1786056444.650 -1.819031e-14 0 0 -87.82841 
1786056444.705 -1.819031e-14 0 0 -87.82841 
1786056444.757 -1.819031e-14 0 0 -87.82841 
1786056444.814 -1.819031e-14 0 0 -87.82841 
1786056444.867 -1.819031e-14 0 0 -87.82841 
1786056444.916 -1.819031e-14 0 0 -87.82841 
1786056444.967 -1.819031e-14 0 0 -87.82841 
1786056445.018 -1.819031e-14 0 0 -87.82841 
1786056445.068 -1.819031e-14 0 0 -87.82841 
1786056445.136 -1.819031e-14 0 0 -87.82841 
1786056445.186 -1.819031e-14 0 0 -87.82841 
1786056445.236 -1.819031e-14 0 0 -87.82841 
1786056445.291 -1.819031e-14 0 0 -87.82841 
1786056445.365 -1.819031e-14 0 0 -87.82841 
1786056445.425 -1.819031e-14 0 0 -87.82841 
1786056445.481 -1.819031e-14 0 0 -87.82841 
1786056445.539 -1.819031e-14 0 0 -87.82841 
1786056445.597 -1.819031e-14 0 0 -87.82841 
1786056445.648 -1.819031e-14 0 0 -87.82841 
1786056445.699 -1.819031e-14 0 0 -87.82841 
1786056445.757 -1.819031e-14 0 0 -87.82841 
1786056445.813 -1.819031e-14 0 0 -87.82841 
1786056445.861 -1.819031e-14 0 0 -87.82841 
1786056445.916 -1.819031e-14 0 0 -87.82841 
1786056445.965 -1.819031e-14 0 0 -87.82841 
1786056446.018 -1.819031e-14 0 0 -87.82841 
1786056446.067 -1.819031e-14 0 0 -87.82841 
1786056446.115 -1.819031e-14 0 0 -87.82841 
1786056446.167 -1.819031e-14 0 0 -87.82841 
1786056446.219 -1.819031e-14 0 0 -87.82841 
1786056446.273 -1.819031e-14 0 0 -87.82841 
1786056446.327 -1.819031e-14 0 0 -87.82841 
1786056446.382 -1.819031e-14 0 0 -87.82841 
1786056446.435 -1.819031e-14 0 0 -87.82841 
1786056446.485 -1.819031e-14 0 0 -87.82841 
1786056446.534 -1.819031e-14 0 0 -87.82841 
1786056446.581 -1.819031e-14 0 0 -87.82841 
1786056446.632 -1.819031e-14 0 0 -87.82841 
1786056446.682 -1.819031e-14 0 0 -87.82841 
1786056446.730 -1.819031e-14 0 0 -87.82841 
1786056446.786 -1.819031e-14 0 0 -87.82841 
1786056446.841 -1.819031e-14 0 0 -87.82841 
1786056446.900 -1.819031e-14 0 0 -87.82841 
1786056446.956 -1.819031e-14 0 0 -87.82841 
1786056447.005 -1.819031e-14 0 0 -87.82841 
1786056447.065 -1.819031e-14 0 0 -87.82841 
1786056447.115 -1.819031e-14 0 0 -87.82841 
1786056447.165 -1.819031e-14 0 0 -87.82841 
1786056447.221 -1.819031e-14 0 0 -87.82841 
1786056447.280 -1.819031e-14 0 0 -87.82841 
1786056447.329 -1.819031e-14 0 0 -87.82841 
1786056447.380 -1.819031e-14 0 0 -87.82841 
1786056447.436 -1.819031e-14 0 0 -87.82841 
1786056447.488 -1.819031e-14 0 0 -87.82841 
1786056447.537 -1.819031e-14 0 0 -87.82841 
1786056447.590 -1.819031e-14 0 0 -87.82841 
1786056447.641 -1.819031e-14 0 0 -87.82841 
1786056447.692 -1.819031e-14 0 0 -87.82841 
1786056447.743 -1.819031e-14 0 0 -87.82841 
1786056447.790 -1.819031e-14 0 0 -87.82841 
1786056447.841 -1.819031e-14 0 0 -87.82841 
1786056447.889 -1.819031e-14 0 0 -87.82841 
1786056447.940 -1.819031e-14 0 0 -87.82841 
1786056447.992 -1.819031e-14 0 0 -87.82841 
1786056448.042 -1.819031e-14 0 0 -87.82841 
1786056448.091 -1.819031e-14 0 0 -87.82841 
1786056448.146 -1.819031e-14 0 0 -87.82841 
1786056448.198 -1.819031e-14 0 0 -87.82841 
1786056448.250 -1.819031e-14 0 0 -87.82841 
1786056448.299 -1.819031e-14 0 0 -87.82841 
1786056448.347 -1.819031e-14 0 0 -87.82841 
1786056448.399 -1.819031e-14 0 0 -87.82841 
1786056448.447 -1.819031e-14 0 0 -87.82841 
1786056448.497 -1.819031e-14 0 0 -87.82841 
1786056448.545 -1.819031e-14 0 0 -87.82841 
1786056448.593 -1.819031e-14 0 0 -87.82841 
1786056448.644 -1.819031e-14 0 0 -87.82841 
1786056448.699 -1.819031e-14 0 0 -87.82841 
1786056448.753 -1.819031e-14 0 0 -87.82841 
1786056448.808 -1.819031e-14 0 0 -87.82841 
1786056448.862 -1.819031e-14 0 0 -87.82841 
1786056448.913 -1.819031e-14 0 0 -87.82841 
1786056448.966 -1.819031e-14 0 0 -87.82841 
1786056449.020 -1.819031e-14 0 0 -87.82841 
1786056449.068 -1.819031e-14 0 0 -87.82841 
1786056449.120 -1.819031e-14 0 0 -87.82841 
1786056449.183 -1.819031e-14 0 0 -87.82841 
1786056449.233 -1.819031e-14 0 0 -87.82841 
1786056449.292 -1.819031e-14 0 0 -87.82841 
1786056449.349 -1.819031e-14 0 0 -87.82841 
1786056449.399 -1.819031e-14 0 0 -87.82841 
1786056449.456 -1.819031e-14 0 0 -87.82841 
1786056449.517 -1.819031e-14 0 0 -87.82841 
1786056449.569 -1.819031e-14 0 0 -87.82841 
1786056449.626 -1.819031e-14 0 0 -87.82841 
1786056449.679 -1.819031e-14 0 0 -87.82841 
1786056449.733 -1.819031e-14 0 0 -87.82841 
1786056449.784 -1.819031e-14 0 0 -87.82841 
1786056449.839 -1.819031e-14 0 0 -87.82841 
1786056449.896 -1.819031e-14 0 0 -87.82841 
1786056449.953 -1.819031e-14 0 0 -87.82841 
1786056450.015 -1.819031e-14 0 0 -87.82841 
1786056450.071 -1.819031e-14 0 0 -87.82841 
1786056450.122 -1.819031e-14 0 0 -87.82841 
1786056450.176 -1.819031e-14 0 0 -87.82841 
1786056450.233 -1.819031e-14 0 0 -87.82841 
1786056450.283 -1.819031e-14 0 0 -87.82841 
1786056450.334 -1.819031e-14 0 0 -87.82841 
1786056450.389 -1.819031e-14 0 0 -87.82841 
1786056450.446 -1.819031e-14 0 0 -87.82841 
1786056450.499 -1.819031e-14 0 0 -87.82841 
1786056450.548 -1.819031e-14 0 0 -87.82841 
1786056450.595 -1.819031e-14 0 0 -87.82841 
1786056450.646 -1.819031e-14 0 0 -87.82841 
1786056450.701 -1.819031e-14 0 0 -87.82841 
1786056450.748 -1.819031e-14 0 0 -87.82841 
1786056450.799 -1.819031e-14 0 0 -87.82841 
1786056450.847 -1.819031e-14 0 0 -87.82841 
1786056450.898 -1.819031e-14 0 0 -87.82841 
1786056450.950 -1.819031e-14 0 0 -87.82841 
1786056450.997 -1.819031e-14 0 0 -87.82841 
1786056451.050 -1.819031e-14 0 0 -87.82841 
1786056451.102 -1.819031e-14 0 0 -87.82841 
1786056451.156 -1.819031e-14 0 0 -87.82841 
1786056451.210 -1.819031e-14 0 0 -87.82841 
1786056451.263 -1.819031e-14 0 0 -87.82841 
1786056451.312 -1.819031e-14 0 0 -87.82841 
1786056451.363 -1.819031e-14 0 0 -87.82841 
1786056451.413 -1.819031e-14 0 0 -87.82841 
1786056451.461 -1.819031e-14 0 0 -87.82841 
1786056451.526 -1.819031e-14 0 0 -87.82841 
1786056451.598 -1.819031e-14 0 0 -87.82841 
1786056451.654 -1.819031e-14 0 0 -87.82841 
1786056451.711 -1.819031e-14 0 0 -87.82841 
1786056451.770 -1.819031e-14 0 0 -87.82841 
1786056451.823 -1.819031e-14 0 0 -87.82841 
1786056451.875 -1.819031e-14 0 0 -87.82841 
1786056451.934 -1.819031e-14 0 0 -87.82841 
1786056451.994 -1.819031e-14 0 0 -87.82841 
1786056452.052 -1.819031e-14 0 0 -87.82841 
1786056452.119 -1.819031e-14 0 0 -87.82841 
1786056452.169 -1.819031e-14 0 0 -87.82841 
1786056452.223 -1.819031e-14 0 0 -87.82841 
1786056452.270 -1.819031e-14 0 0 -87.82841 
1786056452.323 -1.819031e-14 0 0 -87.82841 
1786056452.375 -1.819031e-14 0 0 -87.82841 
1786056452.434 -1.819031e-14 0 0 -87.82841 
1786056452.489 -1.819031e-14 0 0 -87.82841 
1786056452.542 -1.819031e-14 0 0 -87.82841 
1786056452.589 -1.819031e-14 0 0 -87.82841 
1786056452.644 -1.819031e-14 0 0 -87.82841 
1786056452.697 -1.819031e-14 0 0 -87.82841 
1786056452.746 -1.819031e-14 0 0 -87.82841 
1786056452.796 -1.819031e-14 0 0 -87.82841 
1786056452.846 -1.819031e-14 0 0 -87.82841 
1786056452.900 -1.819031e-14 0 0 -87.82841 
1786056452.949 -1.819031e-14 0 0 -87.82841 
1786056453.001 -1.819031e-14 0 0 -87.82841 
1786056453.057 -1.819031e-14 0 0 -87.82841 
1786056453.121 -1.819031e-14 0 0 -87.82841 
1786056453.173 -1.819031e-14 0 0 -87.82841 
1786056453.223 -1.819031e-14 0 0 -87.82841 
1786056453.275 -1.819031e-14 0 0 -87.82841 
1786056453.322 -1.819031e-14 0 0 -87.82841 
1786056453.371 -1.819031e-14 0 0 -87.82841 
1786056453.426 -1.819031e-14 0 0 -87.82841 
1786056453.475 -1.819031e-14 0 0 -87.82841 
1786056453.526 -1.819031e-14 0 0 -87.82841 
1786056453.578 -1.819031e-14 0 0 -87.82841 
1786056453.629 -1.819031e-14 0 0 -87.82841 
1786056453.681 -1.819031e-14 0 0 -87.82841 
1786056453.729 -1.819031e-14 0 0 -87.82841 
1786056453.780 -1.819031e-14 0 0 -87.82841 
1786056453.832 -1.819031e-14 0 0 -87.82841 
1786056453.881 -1.819031e-14 0 0 -87.82841 
1786056453.929 -1.819031e-14 0 0 -87.82841 
1786056453.986 -1.819031e-14 0 0 -87.82841 
1786056454.035 -1.819031e-14 0 0 -87.82841 
1786056454.088 -1.819031e-14 0 0 -87.82841 
1786056454.138 -1.819031e-14 0 0 -87.82841 
1786056454.187 -1.819031e-14 0 0 -87.82841 
1786056454.237 -1.819031e-14 0 0 -87.82841 
1786056454.286 -1.819031e-14 0 0 -87.82841 
1786056454.336 -1.819031e-14 0 0 -87.82841 
1786056454.386 -1.819031e-14 0 0 -87.82841 
1786056454.436 -1.819031e-14 0 0 -87.82841 
1786056454.486 -1.819031e-14 0 0 -87.82841 
1786056454.540 -1.819031e-14 0 0 -87.82841 
1786056454.590 -1.819031e-14 0 0 -87.82841 
1786056454.648 -1.819031e-14 0 0 -87.82841 
1786056454.702 -1.819031e-14 0 0 -87.82841 
1786056454.750 -1.819031e-14 0 0 -87.82841 
1786056454.804 -1.819031e-14 0 0 -87.82841 
1786056454.861 -1.819031e-14 0 0 -87.82841 
1786056454.916 -1.819031e-14 0 0 -87.82841 
1786056454.985 -1.819031e-14 0 0 -87.82841 
1786056455.037 -1.819031e-14 0 0 -87.82841 
1786056455.090 -1.819031e-14 0 0 -87.82841 
1786056455.141 -1.819031e-14 0 0 -87.82841 
1786056455.197 -1.819031e-14 0 0 -87.82841 
1786056455.252 -1.819031e-14 0 0 -87.82841 
1786056455.305 -1.819031e-14 0 0 -87.82841 
1786056455.355 -1.819031e-14 0 0 -87.82841 
1786056455.403 -1.819031e-14 0 0 -87.82841 
1786056455.456 -1.819031e-14 0 0 -87.82841 
1786056455.506 -1.819031e-14 0 0 -87.82841 
1786056455.555 -1.819031e-14 0 0 -87.82841 
1786056455.606 -1.819031e-14 0 0 -87.82841 
1786056455.661 -1.819031e-14 0 0 -87.82841 
1786056455.709 -1.819031e-14 0 0 -87.82841 
1786056455.761 -1.819031e-14 0 0 -87.82841 
1786056455.808 -1.819031e-14 0 0 -87.82841 
1786056455.859 -1.819031e-14 0 0 -87.82841 
1786056455.912 -1.819031e-14 0 0 -87.82841 
1786056455.960 -1.819031e-14 0 0 -87.82841 
1786056456.013 -1.819031e-14 0 0 -87.82841 
1786056456.080 -1.819031e-14 0 0 -87.82841 
1786056456.131 -1.819031e-14 0 0 -87.82841 
1786056456.179 -1.819031e-14 0 0 -87.82841 
1786056456.235 -1.819031e-14 0 0 -87.82841 
1786056456.287 -1.819031e-14 0 0 -87.82841 
1786056456.336 -1.819031e-14 0 0 -87.82841 
1786056456.384 -1.819031e-14 0 0 -87.82841 
1786056456.436 -1.819031e-14 0 0 -87.82841 
1786056456.489 -1.819031e-14 0 0 -87.82841 
1786056456.543 -1.819031e-14 0 0 -87.82841 
1786056456.592 -1.819031e-14 0 0 -87.82841 
1786056456.643 -1.819031e-14 0 0 -87.82841 
1786056456.694 -1.819031e-14 0 0 -87.82841 
1786056456.744 -1.819031e-14 0 0 -87.82841 
1786056456.797 -1.819031e-14 0 0 -87.82841 
1786056456.847 -1.819031e-14 0 0 -87.82841 
1786056456.903 -1.819031e-14 0 0 -87.82841 
1786056456.957 -1.819031e-14 0 0 -87.82841 
1786056457.009 -1.819031e-14 0 0 -87.82841 
1786056457.059 -1.819031e-14 0 0 -87.82841 
1786056457.108 -1.819031e-14 0 0 -87.82841 
1786056457.156 -1.819031e-14 0 0 -87.82841 
1786056457.206 -1.819031e-14 0 0 -87.82841 
1786056457.258 -1.819031e-14 0 0 -87.82841 
1786056457.306 -1.819031e-14 0 0 -87.82841 
1786056457.361 -1.819031e-14 0 0 -87.82841 
1786056457.418 -1.819031e-14 0 0 -87.82841 
1786056457.467 -1.819031e-14 0 0 -87.82841 
1786056457.521 -1.819031e-14 0 0 -87.82841 
1786056457.575 -1.819031e-14 0 0 -87.82841 
1786056457.625 -1.819031e-14 0 0 -87.82841 
1786056457.680 -1.819031e-14 0 0 -87.82841 
1786056457.728 -1.819031e-14 0 0 -87.82841 
1786056457.778 -1.819031e-14 0 0 -87.82841 
1786056457.837 -1.819031e-14 0 0 -87.82841 
1786056457.891 -1.819031e-14 0 0 -87.82841 
1786056457.945 -1.819031e-14 0 0 -87.82841 
1786056458.007 -1.819031e-14 0 0 -87.82841 
1786056458.058 -1.819031e-14 0 0 -87.82841 
1786056458.112 -1.819031e-14 0 0 -87.82841 
1786056458.164 -1.819031e-14 0 0 -87.82841 
1786056458.215 -1.819031e-14 0 0 -87.82841 
1786056458.273 -1.819031e-14 0 0 -87.82841 
1786056458.334 -1.819031e-14 0 0 -87.82841 
1786056458.395 -1.819031e-14 0 0 -87.82841 
1786056458.450 -1.819031e-14 0 0 -87.82841 
1786056458.514 -1.819031e-14 0 0 -87.82841 
1786056458.594 -1.819031e-14 0 0 -87.82841 
1786056458.667 -1.819031e-14 0 0 -87.82841 
1786056458.727 -1.819031e-14 0 0 -87.82841 
1786056458.798 -1.819031e-14 0 0 -87.82841 
1786056458.861 -1.819031e-14 0 0 -87.82841 
1786056458.917 -1.819031e-14 0 0 -87.82841 
1786056458.973 -1.819031e-14 0 0 -87.82841 
1786056459.028 -1.819031e-14 0 0 -87.82841 
1786056459.094 -1.819031e-14 0 0 -87.82841 
1786056459.158 -1.819031e-14 0 0 -87.82841 
1786056459.225 -1.819031e-14 0 0 -87.82841 
1786056459.291 -1.819031e-14 0 0 -87.82841 
1786056459.368 -1.819031e-14 0 0 -87.82841 
1786056459.445 -1.819031e-14 0 0 -87.82841 
1786056459.514 -1.819031e-14 0 0 -87.82841 
1786056459.585 -1.819031e-14 0 0 -87.82841 
1786056459.648 -1.819031e-14 0 0 -87.82841 
1786056459.722 -1.819031e-14 0 0 -87.82841 
1786056459.805 -1.819031e-14 0 0 -87.82841 
1786056459.871 -1.819031e-14 0 0 -87.82841 
1786056459.940 -1.819031e-14 0 0 -87.82841 
1786056459.996 -1.819031e-14 0 0 -87.82841 
1786056460.049 -1.819031e-14 0 0 -87.82841 
1786056460.110 -1.819031e-14 0 0 -87.82841 
1786056460.170 -1.819031e-14 0 0 -87.82841 
1786056460.229 -1.819031e-14 0 0 -87.82841 
1786056460.279 -1.819031e-14 0 0 -87.82841 
1786056460.342 -1.819031e-14 0 0 -87.82841 
1786056460.406 -1.819031e-14 0 0 -87.82841 
1786056460.470 -1.819031e-14 0 0 -87.82841 
1786056460.521 -1.819031e-14 0 0 -87.82841 
1786056460.592 -1.819031e-14 0 0 -87.82841 
1786056460.670 -1.819031e-14 0 0 -87.82841 
1786056460.734 -1.819031e-14 0 0 -87.82841 
1786056460.810 -1.819031e-14 0 0 -87.82841 
1786056460.900 -1.819031e-14 0 0 -87.82841 
1786056460.980 -1.819031e-14 0 0 -87.82841 
1786056461.052 -1.819031e-14 0 0 -87.82841 
1786056461.115 -1.819031e-14 0 0 -87.82841 
1786056461.181 -1.819031e-14 0 0 -87.82841 
1786056461.240 -1.819031e-14 0 0 -87.82841 
1786056461.294 -1.819031e-14 0 0 -87.82841 
1786056461.347 -1.819031e-14 0 0 -87.82841 
1786056461.403 -1.819031e-14 0 0 -87.82841 
1786056461.461 -1.819031e-14 0 0 -87.82841 
1786056461.517 -1.819031e-14 0 0 -87.82841 
1786056461.573 -1.819031e-14 0 0 -87.82841 
1786056461.622 -1.819031e-14 0 0 -87.82841 
1786056461.671 -1.819031e-14 0 0 -87.82841 
1786056461.728 -1.819031e-14 0 0 -87.82841 
1786056461.785 -1.819031e-14 0 0 -87.82841 
1786056461.844 -1.819031e-14 0 0 -87.82841 
1786056461.895 -1.819031e-14 0 0 -87.82841 
1786056461.952 -1.819031e-14 0 0 -87.82841 
1786056462.020 -1.819031e-14 0 0 -87.82841 
1786056462.079 -1.819031e-14 0 0 -87.82841 
1786056462.132 -1.819031e-14 0 0 -87.82841 
1786056462.184 -1.819031e-14 0 0 -87.82841 
1786056462.241 -1.819031e-14 0 0 -87.82841 
1786056462.298 -1.819031e-14 0 0 -87.82841 
1786056462.351 -1.819031e-14 0 0 -87.82841 
1786056462.404 -1.819031e-14 0 0 -87.82841 
1786056462.457 -1.819031e-14 0 0 -87.82841 
1786056462.513 -1.819031e-14 0 0 -87.82841 
1786056462.565 -1.819031e-14 0 0 -87.82841 
1786056462.629 -1.819031e-14 0 0 -87.82841 
1786056462.696 -1.819031e-14 0 0 -87.82841 
1786056462.766 -1.819031e-14 0 0 -87.82841 
1786056462.826 -1.819031e-14 0 0 -87.82841 
1786056462.895 -1.819031e-14 0 0 -87.82841 
1786056462.958 -1.819031e-14 0 0 -87.82841 
1786056463.008 -1.819031e-14 0 0 -87.82841 
1786056463.056 -1.819031e-14 0 0 -87.82841 
1786056463.105 -1.819031e-14 0 0 -87.82841 
1786056463.159 -1.819031e-14 0 0 -87.82841 
1786056463.213 -1.819031e-14 0 0 -87.82841 
1786056463.269 -1.819031e-14 0 0 -87.82841 
1786056463.318 -1.819031e-14 0 0 -87.82841 
1786056463.368 -1.819031e-14 0 0 -87.82841 
1786056463.417 -1.819031e-14 0 0 -87.82841 
1786056463.466 -1.819031e-14 0 0 -87.82841 
1786056463.522 -1.819031e-14 0 0 -87.82841 
1786056463.572 -1.819031e-14 0 0 -87.82841 
1786056463.626 -1.819031e-14 0 0 -87.82841 
1786056463.680 -1.819031e-14 0 0 -87.82841 
1786056463.731 -1.819031e-14 0 0 -87.82841 
1786056463.780 -1.819031e-14 0 0 -87.82841 
1786056463.839 -1.819031e-14 0 0 -87.82841 
1786056463.895 -1.819031e-14 0 0 -87.82841 
1786056463.945 -1.819031e-14 0 0 -87.82841 
1786056464.000 -1.819031e-14 0 0 -87.82841 
1786056464.051 -1.819031e-14 0 0 -87.82841 
1786056464.102 -1.819031e-14 0 0 -87.82841 
1786056464.154 -1.819031e-14 0 0 -87.82841 
1786056464.205 -1.819031e-14 0 0 -87.82841 
1786056464.258 -1.819031e-14 0 0 -87.82841 
1786056464.306 -1.819031e-14 0 0 -87.82841 
1786056464.354 -1.819031e-14 0 0 -87.82841 
1786056464.411 -1.819031e-14 0 0 -87.82841 
1786056464.462 -1.819031e-14 0 0 -87.82841 
1786056464.519 -1.819031e-14 0 0 -87.82841 
1786056464.574 -1.819031e-14 0 0 -87.82841 
1786056464.636 -1.819031e-14 0 0 -87.82841 
1786056464.688 -1.819031e-14 0 0 -87.82841 
1786056464.738 -1.819031e-14 0 0 -87.82841 
1786056464.789 -1.819031e-14 0 0 -87.82841 
1786056464.843 -1.819031e-14 0 0 -87.82841 
1786056464.896 -1.819031e-14 0 0 -87.82841 
1786056464.956 -1.819031e-14 0 0 -87.82841 
1786056465.010 -1.819031e-14 0 0 -87.82841 
1786056465.061 -1.819031e-14 0 0 -87.82841 
1786056465.110 -1.819031e-14 0 0 -87.82841 
1786056465.163 -1.819031e-14 0 0 -87.82841 
1786056465.220 -1.819031e-14 0 0 -87.82841 
1786056465.275 -1.819031e-14 0 0 -87.82841 
1786056465.331 -1.819031e-14 0 0 -87.82841 
1786056465.381 -1.819031e-14 0 0 -87.82841 
1786056465.432 -1.819031e-14 0 0 -87.82841 
1786056465.480 -1.819031e-14 0 0 -87.82841 
1786056465.530 -1.819031e-14 0 0 -87.82841 
1786056465.595 -1.819031e-14 0 0 -87.82841 
1786056465.674 -1.819031e-14 0 0 -87.82841 
1786056465.735 -1.819031e-14 0 0 -87.82841 
1786056465.788 -1.819031e-14 0 0 -87.82841 
1786056465.844 -1.819031e-14 0 0 -87.82841 
1786056465.900 -1.819031e-14 0 0 -87.82841 
1786056465.953 -1.819031e-14 0 0 -87.82841 
1786056466.005 -1.819031e-14 0 0 -87.82841 
1786056466.069 -1.819031e-14 0 0 -87.82841 
1786056466.126 -1.819031e-14 0 0 -87.82841 
1786056466.184 -1.819031e-14 0 0 -87.82841 
1786056466.237 -1.819031e-14 0 0 -87.82841 
1786056466.290 -1.819031e-14 0 0 -87.82841 
1786056466.342 -1.819031e-14 0 0 -87.82841 
1786056466.393 -1.819031e-14 0 0 -87.82841 
1786056466.442 -1.819031e-14 0 0 -87.82841 
1786056466.495 -1.819031e-14 0 0 -87.82841 
1786056466.548 -1.819031e-14 0 0 -87.82841 
1786056466.599 -1.819031e-14 0 0 -87.82841 
1786056466.650 -1.819031e-14 0 0 -87.82841 
1786056466.703 -1.819031e-14 0 0 -87.82841 
1786056466.753 -1.819031e-14 0 0 -87.82841 
1786056466.804 -1.819031e-14 0 0 -87.82841 
1786056466.860 -1.819031e-14 0 0 -87.82841 
1786056466.910 -1.819031e-14 0 0 -87.82841 
1786056466.967 -1.819031e-14 0 0 -87.82841 
1786056467.021 -1.819031e-14 0 0 -87.82841 
1786056467.071 -1.819031e-14 0 0 -87.82841 
1786056467.122 -1.819031e-14 0 0 -87.82841 
1786056467.176 -1.819031e-14 0 0 -87.82841 
1786056467.226 -1.819031e-14 0 0 -87.82841 
1786056467.275 -1.819031e-14 0 0 -87.82841 
1786056467.324 -1.819031e-14 0 0 -87.82841 
1786056467.375 -1.819031e-14 0 0 -87.82841 
1786056467.428 -1.819031e-14 0 0 -87.82841 
1786056467.480 -1.819031e-14 0 0 -87.82841 
1786056467.542 -1.819031e-14 0 0 -87.82841 
1786056467.604 -1.819031e-14 0 0 -87.82841 
1786056467.659 -1.819031e-14 0 0 -87.82841 
1786056467.707 -1.819031e-14 0 0 -87.82841 
1786056467.758 -1.819031e-14 0 0 -87.82841 
1786056467.808 -1.819031e-14 0 0 -87.82841 
1786056467.859 -1.819031e-14 0 0 -87.82841 
1786056467.908 -1.819031e-14 0 0 -87.82841 
1786056467.960 -1.819031e-14 0 0 -87.82841 
1786056468.014 -1.819031e-14 0 0 -87.82841 
1786056468.063 -1.819031e-14 0 0 -87.82841 
1786056468.114 -1.819031e-14 0 0 -87.82841 
1786056468.169 -1.819031e-14 0 0 -87.82841 
1786056468.228 -1.819031e-14 0 0 -87.82841 
1786056468.280 -1.819031e-14 0 0 -87.82841 
1786056468.332 -1.819031e-14 0 0 -87.82841 
1786056468.390 -1.819031e-14 0 0 -87.82841 
1786056468.447 -1.819031e-14 0 0 -87.82841 
1786056468.502 -1.819031e-14 0 0 -87.82841 
1786056468.562 -1.819031e-14 0 0 -87.82841 
1786056468.615 -1.819031e-14 0 0 -87.82841 
1786056468.664 -1.819031e-14 0 0 -87.82841 
1786056468.716 -1.819031e-14 0 0 -87.82841 
1786056468.775 -1.819031e-14 0 0 -87.82841 
1786056468.827 -1.819031e-14 0 0 -87.82841 
1786056468.885 -1.819031e-14 0 0 -87.82841 
1786056468.938 -1.819031e-14 0 0 -87.82841 
1786056468.992 -1.819031e-14 0 0 -87.82841 
1786056469.042 -1.819031e-14 0 0 -87.82841 
1786056469.096 -1.819031e-14 0 0 -87.82841 
1786056469.147 -1.819031e-14 0 0 -87.82841 
1786056469.206 -1.819031e-14 0 0 -87.82841 
1786056469.259 -1.819031e-14 0 0 -87.82841 
1786056469.309 -1.819031e-14 0 0 -87.82841 
1786056469.362 -1.819031e-14 0 0 -87.82841 
1786056469.412 -1.819031e-14 0 0 -87.82841 
1786056469.477 -1.819031e-14 0 0 -87.82841 
1786056469.534 -1.819031e-14 0 0 -87.82841 
1786056469.588 -1.819031e-14 0 0 -87.82841 
1786056469.640 -1.819031e-14 0 0 -87.82841 
1786056469.695 -1.819031e-14 0 0 -87.82841 
1786056469.749 -1.819031e-14 0 0 -87.82841 
1786056469.799 -1.819031e-14 0 0 -87.82841 
1786056469.849 -1.819031e-14 0 0 -87.82841 
1786056469.904 -1.819031e-14 0 0 -87.82841 
1786056469.959 -1.819031e-14 0 0 -87.82841 
1786056470.010 -1.819031e-14 0 0 -87.82841 
1786056470.073 -1.819031e-14 0 0 -87.82841 
1786056470.126 -1.819031e-14 0 0 -87.82841 
1786056470.177 -1.819031e-14 0 0 -87.82841 
1786056470.245 -1.819031e-14 0 0 -87.82841 
1786056470.309 -1.819031e-14 0 0 -87.82841 
1786056470.363 -1.819031e-14 0 0 -87.82841 
1786056470.419 -1.819031e-14 0 0 -87.82841 
1786056470.479 -1.819031e-14 0 0 -87.82841 
1786056470.529 -1.819031e-14 0 0 -87.82841 
1786056470.578 -1.819031e-14 0 0 -87.82841 
1786056470.628 -1.819031e-14 0 0 -87.82841 
1786056470.676 -1.819031e-14 0 0 -87.82841 
1786056470.727 -1.819031e-14 0 0 -87.82841 
1786056470.780 -1.819031e-14 0 0 -87.82841 
1786056470.827 -1.819031e-14 0 0 -87.82841 
1786056470.882 -1.819031e-14 0 0 -87.82841 
1786056470.933 -1.819031e-14 0 0 -87.82841 
1786056470.981 -1.819031e-14 0 0 -87.82841 
1786056471.031 -1.819031e-14 0 0 -87.82841 
1786056471.081 -1.819031e-14 0 0 -87.82841 
1786056471.131 -1.819031e-14 0 0 -87.82841 
1786056471.179 -1.819031e-14 0 0 -87.82841 
1786056471.229 -1.819031e-14 0 0 -87.82841 
1786056471.279 -1.819031e-14 0 0 -87.82841 
1786056471.329 -1.819031e-14 0 0 -87.82841 
1786056471.382 -1.819031e-14 0 0 -87.82841 
1786056471.435 -1.819031e-14 0 0 -87.82841 
1786056471.484 -1.819031e-14 0 0 -87.82841 
1786056471.532 -1.819031e-14 0 0 -87.82841 
1786056471.580 -1.819031e-14 0 0 -87.82841 
1786056471.628 -1.819031e-14 0 0 -87.82841 
1786056471.687 -1.819031e-14 0 0 -87.82841 
1786056471.737 -1.819031e-14 0 0 -87.82841 
1786056471.786 -1.819031e-14 0 0 -87.82841 
1786056471.836 -1.819031e-14 0 0 -87.82841 
1786056471.892 -1.819031e-14 0 0 -87.82841 
1786056471.943 -1.819031e-14 0 0 -87.82841 
1786056471.997 -1.819031e-14 0 0 -87.82841 
1786056472.045 -1.819031e-14 0 0 -87.82841 
1786056472.093 -1.819031e-14 0 0 -87.82841 
1786056472.143 -1.819031e-14 0 0 -87.82841 
1786056472.191 -1.819031e-14 0 0 -87.82841 
1786056472.241 -1.819031e-14 0 0 -87.82841 
1786056472.292 -1.819031e-14 0 0 -87.82841 
1786056472.344 -1.819031e-14 0 0 -87.82841 
1786056472.404 -1.819031e-14 0 0 -87.82841 
1786056472.459 -1.819031e-14 0 0 -87.82841 
1786056472.507 -1.819031e-14 0 0 -87.82841 
1786056472.563 -1.819031e-14 0 0 -87.82841 
1786056472.615 -1.819031e-14 0 0 -87.82841 
1786056472.664 -1.819031e-14 0 0 -87.82841 
1786056472.718 -1.819031e-14 0 0 -87.82841 
1786056472.766 -1.819031e-14 0 0 -87.82841 
1786056472.817 -1.819031e-14 0 0 -87.82841 
1786056472.873 -1.819031e-14 0 0 -87.82841 
1786056472.924 -1.819031e-14 0 0 -87.82841 
1786056472.974 -1.819031e-14 0 0 -87.82841 
1786056473.032 -1.819031e-14 0 0 -87.82841 
1786056473.084 -1.819031e-14 0 0 -87.82841 
1786056473.134 -1.819031e-14 0 0 -87.82841 
1786056473.183 -1.819031e-14 0 0 -87.82841 
1786056473.232 -1.819031e-14 0 0 -87.82841 
1786056473.281 -1.819031e-14 0 0 -87.82841 
1786056473.330 -1.819031e-14 0 0 -87.82841 
1786056473.383 -1.819031e-14 0 0 -87.82841 
1786056473.434 -1.819031e-14 0 0 -87.82841 
1786056473.482 -1.819031e-14 0 0 -87.82841 
1786056473.531 -1.819031e-14 0 0 -87.82841 
1786056473.585 -1.819031e-14 0 0 -87.82841 
1786056473.636 -1.819031e-14 0 0 -87.82841 
1786056473.689 -1.819031e-14 0 0 -87.82841 
1786056473.740 -1.819031e-14 0 0 -87.82841 
1786056473.791 -1.819031e-14 0 0 -87.82841 
1786056473.842 -1.819031e-14 0 0 -87.82841 
1786056473.895 -1.819031e-14 0 0 -87.82841 
1786056473.944 -1.819031e-14 0 0 -87.82841 
1786056473.995 -1.819031e-14 0 0 -87.82841 
1786056474.044 -1.819031e-14 0 0 -87.82841 
1786056474.095 -1.819031e-14 0 0 -87.82841 
1786056474.150 -1.819031e-14 0 0 -87.82841 
1786056474.199 -1.819031e-14 0 0 -87.82841 
1786056474.262 -1.819031e-14 0 0 -87.82841 
1786056474.316 -1.819031e-14 0 0 -87.82841 
1786056474.366 -1.819031e-14 0 0 -87.82841 
1786056474.414 -1.819031e-14 0 0 -87.82841 
1786056474.474 -1.819031e-14 0 0 -87.82841 
1786056474.522 -1.819031e-14 0 0 -87.82841 
1786056474.572 -1.819031e-14 0 0 -87.82841 
1786056474.620 -1.819031e-14 0 0 -87.82841 
1786056474.668 -1.819031e-14 0 0 -87.82841 
1786056474.725 -1.819031e-14 0 0 -87.82841 
1786056474.775 -1.819031e-14 0 0 -87.82841 
1786056474.824 -1.819031e-14 0 0 -87.82841 
1786056474.874 -1.819031e-14 0 0 -87.82841 
1786056474.925 -1.819031e-14 0 0 -87.82841 
1786056474.975 -1.819031e-14 0 0 -87.82841 
1786056475.024 -1.819031e-14 0 0 -87.82841 
1786056475.072 -1.819031e-14 0 0 -87.82841 
1786056475.123 -1.819031e-14 0 0 -87.82841 
1786056475.174 -1.819031e-14 0 0 -87.82841 
1786056475.237 -1.819031e-14 0 0 -87.82841 
1786056475.291 -1.819031e-14 0 0 -87.82841 
1786056475.342 -1.819031e-14 0 0 -87.82841 
1786056475.391 -1.819031e-14 0 0 -87.82841 
1786056475.442 -1.819031e-14 0 0 -87.82841 
1786056475.493 -1.819031e-14 0 0 -87.82841 
1786056475.542 -1.819031e-14 0 0 -87.82841 
1786056475.593 -1.819031e-14 0 0 -87.82841 
1786056475.640 -1.819031e-14 0 0 -87.82841 
1786056475.691 -1.819031e-14 0 0 -87.82841 
1786056475.740 -1.819031e-14 0 0 -87.82841 
1786056475.789 -1.819031e-14 0 0 -87.82841 
1786056475.841 -1.819031e-14 0 0 -87.82841 
1786056475.893 -1.819031e-14 0 0 -87.82841 
1786056475.944 -1.819031e-14 0 0 -87.82841 
1786056475.995 -1.819031e-14 0 0 -87.82841 
1786056476.042 -1.819031e-14 0 0 -87.82841 
1786056476.091 -1.819031e-14 0 0 -87.82841 
1786056476.142 -1.819031e-14 0 0 -87.82841 
1786056476.195 -1.819031e-14 0 0 -87.82841 
1786056476.250 -1.819031e-14 0 0 -87.82841 
1786056476.304 -1.819031e-14 0 0 -87.82841 
1786056476.355 -1.819031e-14 0 0 -87.82841 
1786056476.405 -1.819031e-14 0 0 -87.82841 
1786056476.456 -1.819031e-14 0 0 -87.82841 
1786056476.505 -1.819031e-14 0 0 -87.82841 
1786056476.559 -1.819031e-14 0 0 -87.82841 
1786056476.612 -1.819031e-14 0 0 -87.82841 
1786056476.661 -1.819031e-14 0 0 -87.82841 
1786056476.719 -1.819031e-14 0 0 -87.82841 
1786056476.770 -1.819031e-14 0 0 -87.82841 
1786056476.820 -1.819031e-14 0 0 -87.82841 
1786056476.870 -1.819031e-14 0 0 -87.82841 
1786056476.920 -1.819031e-14 0 0 -87.82841 
1786056476.969 -1.819031e-14 0 0 -87.82841 
1786056477.022 -1.819031e-14 0 0 -87.82841 
1786056477.072 -1.819031e-14 0 0 -87.82841 
1786056477.124 -1.819031e-14 0 0 -87.82841 
1786056477.179 -1.819031e-14 0 0 -87.82841 
1786056477.229 -1.819031e-14 0 0 -87.82841 
1786056477.281 -1.819031e-14 0 0 -87.82841 
1786056477.330 -1.819031e-14 0 0 -87.82841 
1786056477.382 -1.819031e-14 0 0 -87.82841 
1786056477.439 -1.819031e-14 0 0 -87.82841 
1786056477.490 -1.819031e-14 0 0 -87.82841 
1786056477.538 -1.819031e-14 0 0 -87.82841 
1786056477.589 -1.819031e-14 0 0 -87.82841 
1786056477.641 -1.819031e-14 0 0 -87.82841 
1786056477.689 -1.819031e-14 0 0 -87.82841 
1786056477.746 -1.819031e-14 0 0 -87.82841 
1786056477.795 -1.819031e-14 0 0 -87.82841 
1786056477.847 -1.819031e-14 0 0 -87.82841 
1786056477.899 -1.819031e-14 0 0 -87.82841 
1786056477.948 -1.819031e-14 0 0 -87.82841 
1786056477.998 -1.819031e-14 0 0 -87.82841 
1786056478.050 -1.819031e-14 0 0 -87.82841 
1786056478.108 -1.819031e-14 0 0 -87.82841 
1786056478.164 -1.819031e-14 0 0 -87.82841 
1786056478.217 -1.819031e-14 0 0 -87.82841 
1786056478.265 -1.819031e-14 0 0 -87.82841 
1786056478.316 -1.819031e-14 0 0 -87.82841 
1786056478.366 -1.819031e-14 0 0 -87.82841 
1786056478.415 -1.819031e-14 0 0 -87.82841 
1786056478.463 -1.819031e-14 0 0 -87.82841 
1786056478.513 -1.819031e-14 0 0 -87.82841 
1786056478.564 -1.819031e-14 0 0 -87.82841 
1786056478.617 -1.819031e-14 0 0 -87.82841 
1786056478.665 -1.819031e-14 0 0 -87.82841 
1786056478.717 -1.819031e-14 0 0 -87.82841 
1786056478.766 -1.819031e-14 0 0 -87.82841 
1786056478.815 -1.819031e-14 0 0 -87.82841 
1786056478.864 -1.819031e-14 0 0 -87.82841 
1786056478.912 -1.819031e-14 0 0 -87.82841 
1786056478.962 -1.819031e-14 0 0 -87.82841 
1786056479.013 -1.819031e-14 0 0 -87.82841 
1786056479.061 -1.819031e-14 0 0 -87.82841 
1786056479.115 -1.819031e-14 0 0 -87.82841 
1786056479.167 -1.819031e-14 0 0 -87.82841 
1786056479.215 -1.819031e-14 0 0 -87.82841 
1786056479.275 -1.819031e-14 0 0 -87.82841 
1786056479.323 -1.819031e-14 0 0 -87.82841 
1786056479.372 -1.819031e-14 0 0 -87.82841 
1786056479.423 -1.819031e-14 0 0 -87.82841 
1786056479.471 -1.819031e-14 0 0 -87.82841 
1786056479.530 -1.819031e-14 0 0 -87.82841 
1786056479.579 -1.819031e-14 0 0 -87.82841 
1786056479.631 -1.819031e-14 0 0 -87.82841 
1786056479.688 -1.819031e-14 0 0 -87.82841 
1786056479.766 -1.819031e-14 0 0 -87.82841 
1786056479.844 -1.819031e-14 0 0 -87.82841 
1786056479.896 -1.819031e-14 0 0 -87.82841 
1786056479.948 -1.819031e-14 0 0 -87.82841 
1786056480.011 -1.819031e-14 0 0 -87.82841 
1786056480.074 -1.819031e-14 0 0 -87.82841 
1786056480.129 -1.819031e-14 0 0 -87.82841 
1786056480.179 -1.819031e-14 0 0 -87.82841 
1786056480.233 -1.819031e-14 0 0 -87.82841 
1786056480.288 -1.819031e-14 0 0 -87.82841 
1786056480.336 -1.819031e-14 0 0 -87.82841 
1786056480.387 -1.819031e-14 0 0 -87.82841 
1786056480.437 -1.819031e-14 0 0 -87.82841 
1786056480.491 -1.819031e-14 0 0 -87.82841 
1786056480.541 -1.819031e-14 0 0 -87.82841 
1786056480.588 -1.819031e-14 0 0 -87.82841 
1786056480.644 -1.819031e-14 0 0 -87.82841 
1786056480.695 -1.819031e-14 0 0 -87.82841 
1786056480.742 -1.819031e-14 0 0 -87.82841 
1786056480.793 -1.819031e-14 0 0 -87.82841 
1786056480.845 -1.819031e-14 0 0 -87.82841 
1786056480.901 -1.819031e-14 0 0 -87.82841 
1786056480.958 -1.819031e-14 0 0 -87.82841 
1786056481.022 -1.819031e-14 0 0 -87.82841 
1786056481.078 -1.819031e-14 0 0 -87.82841 
1786056481.130 -1.819031e-14 0 0 -87.82841 
1786056481.191 -1.819031e-14 0 0 -87.82841 
1786056481.239 -1.819031e-14 0 0 -87.82841 
1786056481.291 -1.819031e-14 0 0 -87.82841 
1786056481.340 -1.819031e-14 0 0 -87.82841 
1786056481.387 -1.819031e-14 0 0 -87.82841 
1786056481.441 -1.819031e-14 0 0 -87.82841 
1786056481.489 -1.819031e-14 0 0 -87.82841 
1786056481.543 -1.819031e-14 0 0 -87.82841 
1786056481.592 -1.819031e-14 0 0 -87.82841 
1786056481.642 -1.819031e-14 0 0 -87.82841 
1786056481.690 -1.819031e-14 0 0 -87.82841 
1786056481.738 -1.819031e-14 0 0 -87.82841 
1786056481.785 -1.819031e-14 0 0 -87.82841 
1786056481.838 -1.819031e-14 0 0 -87.82841 
1786056481.888 -1.819031e-14 0 0 -87.82841 
1786056481.936 -1.819031e-14 0 0 -87.82841 
1786056481.989 -1.819031e-14 0 0 -87.82841 
1786056482.039 -1.819031e-14 0 0 -87.82841 
1786056482.088 -1.819031e-14 0 0 -87.82841 
1786056482.138 -1.819031e-14 0 0 -87.82841 
1786056482.187 -1.819031e-14 0 0 -87.82841 
1786056482.239 -1.819031e-14 0 0 -87.82841 
1786056482.291 -1.819031e-14 0 0 -87.82841 
1786056482.340 -1.819031e-14 0 0 -87.82841 
1786056482.392 -1.819031e-14 0 0 -87.82841 
1786056482.439 -1.819031e-14 0 0 -87.82841 
1786056482.489 -1.819031e-14 0 0 -87.82841 
1786056482.544 -1.819031e-14 0 0 -87.82841 
1786056482.591 -1.819031e-14 0 0 -87.82841 
1786056482.644 -1.819031e-14 0 0 -87.82841 
1786056482.697 -1.819031e-14 0 0 -87.82841 
1786056482.745 -1.819031e-14 0 0 -87.82841 
1786056482.796 -1.819031e-14 0 0 -87.82841 
1786056482.844 -1.819031e-14 0 0 -87.82841 
1786056482.894 -1.819031e-14 0 0 -87.82841 
1786056482.950 -1.819031e-14 0 0 -87.82841 
1786056483.001 -1.819031e-14 0 0 -87.82841 
1786056483.054 -1.819031e-14 0 0 -87.82841 
1786056483.111 -1.819031e-14 0 0 -87.82841 
1786056483.160 -1.819031e-14 0 0 -87.82841 
1786056483.211 -1.819031e-14 0 0 -87.82841 
1786056483.260 -1.819031e-14 0 0 -87.82841 
1786056483.311 -1.819031e-14 0 0 -87.82841 
1786056483.365 -1.819031e-14 0 0 -87.82841 
1786056483.424 -1.819031e-14 0 0 -87.82841 
1786056483.472 -1.819031e-14 0 0 -87.82841 
1786056483.526 -1.819031e-14 0 0 -87.82841 
1786056483.585 -1.819031e-14 0 0 -87.82841 
1786056483.635 -1.819031e-14 0 0 -87.82841 
1786056483.687 -1.819031e-14 0 0 -87.82841 
1786056483.741 -1.819031e-14 0 0 -87.82841 
1786056483.792 -1.819031e-14 0 0 -87.82841 
1786056483.846 -1.819031e-14 0 0 -87.82841 
1786056483.902 -1.819031e-14 0 0 -87.82841 
1786056483.957 -1.819031e-14 0 0 -87.82841 
1786056484.011 -1.819031e-14 0 0 -87.82841 
1786056484.064 -1.819031e-14 0 0 -87.82841 
1786056484.115 -1.819031e-14 0 0 -87.82841 
1786056484.167 -1.819031e-14 0 0 -87.82841 
1786056484.222 -1.819031e-14 0 0 -87.82841 
1786056484.271 -1.819031e-14 0 0 -87.82841 
1786056484.324 -1.819031e-14 0 0 -87.82841 
1786056484.375 -1.819031e-14 0 0 -87.82841 
1786056484.427 -1.819031e-14 0 0 -87.82841 
1786056484.480 -1.819031e-14 0 0 -87.82841 
1786056484.529 -1.819031e-14 0 0 -87.82841 
1786056484.588 -1.819031e-14 0 0 -87.82841 
1786056484.659 -1.819031e-14 0 0 -87.82841 
1786056484.732 -1.819031e-14 0 0 -87.82841 
1786056484.811 -1.819031e-14 0 0 -87.82841 
1786056484.899 -1.819031e-14 0 0 -87.82841 
1786056484.965 -1.819031e-14 0 0 -87.82841 
1786056485.018 -1.819031e-14 0 0 -87.82841 
1786056485.066 -1.819031e-14 0 0 -87.82841 
1786056485.128 -1.819031e-14 0 0 -87.82841 
1786056485.179 -1.819031e-14 0 0 -87.82841 
1786056485.232 -1.819031e-14 0 0 -87.82841 
1786056485.287 -1.819031e-14 0 0 -87.82841 
1786056485.348 -1.819031e-14 0 0 -87.82841 
1786056485.405 -1.819031e-14 0 0 -87.82841 
1786056485.466 -1.819031e-14 0 0 -87.82841 
1786056485.527 -1.819031e-14 0 0 -87.82841 
1786056485.588 -1.819031e-14 0 0 -87.82841 
1786056485.638 -1.819031e-14 0 0 -87.82841 
1786056485.693 -1.819031e-14 0 0 -87.82841 
1786056485.743 -1.819031e-14 0 0 -87.82841 
1786056485.790 -1.819031e-14 0 0 -87.82841 
1786056485.841 -1.819031e-14 0 0 -87.82841 
1786056485.894 -1.819031e-14 0 0 -87.82841 
1786056485.976 -1.819031e-14 0 0 -87.82841 
1786056486.038 -1.819031e-14 0 0 -87.82841 
1786056486.090 -1.819031e-14 0 0 -87.82841 
1786056486.146 -1.819031e-14 0 0 -87.82841 
1786056486.197 -1.819031e-14 0 0 -87.82841 
1786056486.251 -1.819031e-14 0 0 -87.82841 
1786056486.303 -1.819031e-14 0 0 -87.82841 
1786056486.357 -1.819031e-14 0 0 -87.82841 
1786056486.411 -1.819031e-14 0 0 -87.82841 
1786056486.469 -1.819031e-14 0 0 -87.82841 
1786056486.519 -1.819031e-14 0 0 -87.82841 
1786056486.577 -1.819031e-14 0 0 -87.82841 
1786056486.635 -1.819031e-14 0 0 -87.82841 
1786056486.686 -1.819031e-14 0 0 -87.82841 
1786056486.737 -1.819031e-14 0 0 -87.82841 
1786056486.803 -1.819031e-14 0 0 -87.82841 
1786056486.864 -1.819031e-14 0 0 -87.82841 
1786056486.917 -1.819031e-14 0 0 -87.82841 
1786056486.978 -1.819031e-14 0 0 -87.82841 
1786056487.029 -1.819031e-14 0 0 -87.82841 
1786056487.077 -1.819031e-14 0 0 -87.82841 
1786056487.131 -1.819031e-14 0 0 -87.82841 
1786056487.184 -1.819031e-14 0 0 -87.82841 
1786056487.235 -1.819031e-14 0 0 -87.82841 
1786056487.286 -1.819031e-14 0 0 -87.82841 
1786056487.337 -1.819031e-14 0 0 -87.82841 
1786056487.387 -1.819031e-14 0 0 -87.82841 
1786056487.439 -1.819031e-14 0 0 -87.82841 
1786056487.487 -1.819031e-14 0 0 -87.82841 
1786056487.537 -1.819031e-14 0 0 -87.82841 
1786056487.587 -1.819031e-14 0 0 -87.82841 
1786056487.635 -1.819031e-14 0 0 -87.82841 
1786056487.684 -1.819031e-14 0 0 -87.82841 
1786056487.734 -1.819031e-14 0 0 -87.82841 
1786056487.793 -1.819031e-14 0 0 -87.82841 
1786056487.847 -1.819031e-14 0 0 -87.82841 
1786056487.904 -1.819031e-14 0 0 -87.82841 
1786056487.958 -1.819031e-14 0 0 -87.82841 
1786056488.020 -1.819031e-14 0 0 -87.82841 
1786056488.074 -1.819031e-14 0 0 -87.82841 
1786056488.125 -1.819031e-14 0 0 -87.82841 
1786056488.176 -1.819031e-14 0 0 -87.82841 
1786056488.229 -1.819031e-14 0 0 -87.82841 
1786056488.277 -1.819031e-14 0 0 -87.82841 
1786056488.328 -1.819031e-14 0 0 -87.82841 
1786056488.383 -1.819031e-14 0 0 -87.82841 
1786056488.437 -1.819031e-14 0 0 -87.82841 
1786056488.489 -1.819031e-14 0 0 -87.82841 
1786056488.544 -1.819031e-14 0 0 -87.82841 
1786056488.592 -1.819031e-14 0 0 -87.82841 
1786056488.648 -1.819031e-14 0 0 -87.82841 
1786056488.701 -1.819031e-14 0 0 -87.82841 
1786056488.758 -1.819031e-14 0 0 -87.82841 
1786056488.816 -1.819031e-14 0 0 -87.82841 
1786056488.867 -1.819031e-14 0 0 -87.82841 
1786056488.922 -1.819031e-14 0 0 -87.82841 
1786056488.971 -1.819031e-14 0 0 -87.82841 
1786056489.024 -1.819031e-14 0 0 -87.82841 
1786056489.073 -1.819031e-14 0 0 -87.82841 
1786056489.125 -1.819031e-14 0 0 -87.82841 
1786056489.180 -1.819031e-14 0 0 -87.82841 
1786056489.229 -1.819031e-14 0 0 -87.82841 
1786056489.286 -1.819031e-14 0 0 -87.82841 
1786056489.338 -1.819031e-14 0 0 -87.82841 
1786056489.386 -1.819031e-14 0 0 -87.82841 
1786056489.437 -1.819031e-14 0 0 -87.82841 
1786056489.486 -1.819031e-14 0 0 -87.82841 
1786056489.537 -1.819031e-14 0 0 -87.82841 
1786056489.595 -1.819031e-14 0 0 -87.82841 
1786056489.649 -1.819031e-14 0 0 -87.82841 
1786056489.703 -1.819031e-14 0 0 -87.82841 
1786056489.757 -1.819031e-14 0 0 -87.82841 
1786056489.810 -1.819031e-14 0 0 -87.82841 
1786056489.860 -1.819031e-14 0 0 -87.82841 
1786056489.911 -1.819031e-14 0 0 -87.82841 
1786056489.963 -1.819031e-14 0 0 -87.82841 
1786056490.011 -1.819031e-14 0 0 -87.82841 
1786056490.059 -1.819031e-14 0 0 -87.82841 
1786056490.108 -1.819031e-14 0 0 -87.82841 
1786056490.166 -1.819031e-14 0 0 -87.82841 
1786056490.223 -1.819031e-14 0 0 -87.82841 
1786056490.272 -1.819031e-14 0 0 -87.82841 
1786056490.321 -1.819031e-14 0 0 -87.82841 
1786056490.374 -1.819031e-14 0 0 -87.82841 
1786056490.426 -1.819031e-14 0 0 -87.82841 
1786056490.479 -1.819031e-14 0 0 -87.82841 
1786056490.531 -1.819031e-14 0 0 -87.82841 
1786056490.582 -1.819031e-14 0 0 -87.82841 
1786056490.640 -1.819031e-14 0 0 -87.82841 
1786056490.694 -1.819031e-14 0 0 -87.82841 
1786056490.745 -1.819031e-14 0 0 -87.82841 
1786056490.799 -1.819031e-14 0 0 -87.82841 
1786056490.848 -1.819031e-14 0 0 -87.82841 
1786056490.895 -1.819031e-14 0 0 -87.82841 
1786056490.949 -1.819031e-14 0 0 -87.82841 
1786056490.997 -1.819031e-14 0 0 -87.82841 
1786056491.047 -1.819031e-14 0 0 -87.82841 
1786056491.097 -1.819031e-14 0 0 -87.82841 
1786056491.146 -1.819031e-14 0 0 -87.82841 
1786056491.199 -1.819031e-14 0 0 -87.82841 
1786056491.250 -1.819031e-14 0 0 -87.82841 
1786056491.298 -1.819031e-14 0 0 -87.82841 
1786056491.346 -1.819031e-14 0 0 -87.82841 
1786056491.398 -1.819031e-14 0 0 -87.82841 
1786056491.447 -1.819031e-14 0 0 -87.82841 
1786056491.502 -1.819031e-14 0 0 -87.82841 
1786056491.549 -1.819031e-14 0 0 -87.82841 
1786056491.614 -1.819031e-14 0 0 -87.82841 
1786056491.665 -1.819031e-14 0 0 -87.82841 
1786056491.716 -1.819031e-14 0 0 -87.82841 
1786056491.767 -1.819031e-14 0 0 -87.82841 
1786056491.819 -1.819031e-14 0 0 -87.82841 
1786056491.869 -1.819031e-14 0 0 -87.82841 
1786056491.919 -1.819031e-14 0 0 -87.82841 
1786056491.969 -1.819031e-14 0 0 -87.82841 
1786056492.017 -1.819031e-14 0 0 -87.82841 
1786056492.076 -1.819031e-14 0 0 -87.82841 
1786056492.124 -1.819031e-14 0 0 -87.82841 
1786056492.171 -1.819031e-14 0 0 -87.82841 
1786056492.224 -1.819031e-14 0 0 -87.82841 
1786056492.273 -1.819031e-14 0 0 -87.82841 
1786056492.322 -1.819031e-14 0 0 -87.82841 
1786056492.372 -1.819031e-14 0 0 -87.82841 
1786056492.424 -1.819031e-14 0 0 -87.82841 
1786056492.480 -1.819031e-14 0 0 -87.82841 
1786056492.536 -1.819031e-14 0 0 -87.82841 
1786056492.593 -1.819031e-14 0 0 -87.82841 
1786056492.642 -1.819031e-14 0 0 -87.82841 
1786056492.691 -1.819031e-14 0 0 -87.82841 
1786056492.742 -1.819031e-14 0 0 -87.82841 
1786056492.793 -1.819031e-14 0 0 -87.82841 
1786056492.847 -1.819031e-14 0 0 -87.82841 
1786056492.897 -1.819031e-14 0 0 -87.82841 
1786056492.947 -1.819031e-14 0 0 -87.82841 
1786056492.995 -1.819031e-14 0 0 -87.82841 
1786056493.050 -1.819031e-14 0 0 -87.82841 
1786056493.100 -1.819031e-14 0 0 -87.82841 
1786056493.147 -1.819031e-14 0 0 -87.82841 
1786056493.198 -1.819031e-14 0 0 -87.82841 
1786056493.245 -1.819031e-14 0 0 -87.82841 
1786056493.292 -1.819031e-14 0 0 -87.82841 
1786056493.341 -1.819031e-14 0 0 -87.82841 
1786056493.393 -1.819031e-14 0 0 -87.82841 
1786056493.443 -1.819031e-14 0 0 -87.82841 
1786056493.501 -1.819031e-14 0 0 -87.82841 
1786056493.555 -1.819031e-14 0 0 -87.82841 
1786056493.611 -1.819031e-14 0 0 -87.82841 
1786056493.660 -1.819031e-14 0 0 -87.82841 
1786056493.712 -1.819031e-14 0 0 -87.82841 
1786056493.769 -1.819031e-14 0 0 -87.82841 
1786056493.819 -1.819031e-14 0 0 -87.82841 
1786056493.870 -1.819031e-14 0 0 -87.82841 
1786056493.919 -1.819031e-14 0 0 -87.82841 
1786056493.970 -1.819031e-14 0 0 -87.82841 
1786056494.018 -1.819031e-14 0 0 -87.82841 
1786056494.069 -1.819031e-14 0 0 -87.82841 
1786056494.117 -1.819031e-14 0 0 -87.82841 
1786056494.168 -1.819031e-14 0 0 -87.82841 
1786056494.219 -1.819031e-14 0 0 -87.82841 
1786056494.266 -1.819031e-14 0 0 -87.82841 
1786056494.318 -1.819031e-14 0 0 -87.82841 
1786056494.365 -1.819031e-14 0 0 -87.82841 
1786056494.416 -1.819031e-14 0 0 -87.82841 
1786056494.473 -1.819031e-14 0 0 -87.82841 
1786056494.525 -1.819031e-14 0 0 -87.82841 
1786056494.577 -1.819031e-14 0 0 -87.82841 
1786056494.630 -1.819031e-14 0 0 -87.82841 
1786056494.678 -1.819031e-14 0 0 -87.82841 
1786056494.730 -1.819031e-14 0 0 -87.82841 
1786056494.779 -1.819031e-14 0 0 -87.82841 
1786056494.828 -1.819031e-14 0 0 -87.82841 
1786056494.882 -1.819031e-14 0 0 -87.82841 
1786056494.935 -1.819031e-14 0 0 -87.82841 
1786056494.986 -1.819031e-14 0 0 -87.82841 
1786056495.037 -1.819031e-14 0 0 -87.82841 
1786056495.091 -1.819031e-14 0 0 -87.82841 
1786056495.141 -1.819031e-14 0 0 -87.82841 
1786056495.193 -1.819031e-14 0 0 -87.82841 
1786056495.240 -1.819031e-14 0 0 -87.82841 
1786056495.290 -1.819031e-14 0 0 -87.82841 
1786056495.339 -1.819031e-14 0 0 -87.82841 
1786056495.387 -1.819031e-14 0 0 -87.82841 
1786056495.448 -1.819031e-14 0 0 -87.82841 
1786056495.502 -1.819031e-14 0 0 -87.82841 
1786056495.553 -1.819031e-14 0 0 -87.82841 
1786056495.604 -1.819031e-14 0 0 -87.82841 
1786056495.657 -1.819031e-14 0 0 -87.82841 
1786056495.705 -1.819031e-14 0 0 -87.82841 
1786056495.755 -1.819031e-14 0 0 -87.82841 
1786056495.803 -1.819031e-14 0 0 -87.82841 
1786056495.854 -1.819031e-14 0 0 -87.82841 
1786056495.915 -1.819031e-14 0 0 -87.82841 
1786056495.966 -1.819031e-14 0 0 -87.82841 
1786056496.015 -1.819031e-14 0 0 -87.82841 
1786056496.071 -1.819031e-14 0 0 -87.82841 
1786056496.118 -1.819031e-14 0 0 -87.82841 
1786056496.167 -1.819031e-14 0 0 -87.82841 
1786056496.218 -1.819031e-14 0 0 -87.82841 
1786056496.265 -1.819031e-14 0 0 -87.82841 
1786056496.323 -1.819031e-14 0 0 -87.82841 
1786056496.375 -1.819031e-14 0 0 -87.82841 
1786056496.425 -1.819031e-14 0 0 -87.82841 
1786056496.477 -1.819031e-14 0 0 -87.82841 
1786056496.530 -1.819031e-14 0 0 -87.82841 
1786056496.582 -1.819031e-14 0 0 -87.82841 
1786056496.635 -1.819031e-14 0 0 -87.82841 
1786056496.683 -1.819031e-14 0 0 -87.82841 
1786056496.734 -1.819031e-14 0 0 -87.82841 
1786056496.783 -1.819031e-14 0 0 -87.82841 
1786056496.830 -1.819031e-14 0 0 -87.82841 
1786056496.882 -1.819031e-14 0 0 -87.82841 
1786056496.934 -1.819031e-14 0 0 -87.82841 
1786056496.985 -1.819031e-14 0 0 -87.82841 
1786056497.035 -1.819031e-14 0 0 -87.82841 
1786056497.084 -1.819031e-14 0 0 -87.82841 
1786056497.134 -1.819031e-14 0 0 -87.82841 
1786056497.188 -1.819031e-14 0 0 -87.82841 
1786056497.240 -1.819031e-14 0 0 -87.82841 
1786056497.290 -1.819031e-14 0 0 -87.82841 
1786056497.345 -1.819031e-14 0 0 -87.82841 
1786056497.400 -1.819031e-14 0 0 -87.82841 
1786056497.450 -1.819031e-14 0 0 -87.82841 
1786056497.504 -1.819031e-14 0 0 -87.82841 
1786056497.554 -1.819031e-14 0 0 -87.82841 
1786056497.605 -1.819031e-14 0 0 -87.82841 
1786056497.667 -1.819031e-14 0 0 -87.82841 
1786056497.715 -1.819031e-14 0 0 -87.82841 
1786056497.766 -1.819031e-14 0 0 -87.82841 
1786056497.818 -1.819031e-14 0 0 -87.82841 
1786056497.868 -1.819031e-14 0 0 -87.82841 
1786056497.925 -1.819031e-14 0 0 -87.82841 
1786056497.983 -1.819031e-14 0 0 -87.82841 
1786056498.032 -1.819031e-14 0 0 -87.82841 
1786056498.083 -1.819031e-14 0 0 -87.82841 
1786056498.133 -1.819031e-14 0 0 -87.82841 
1786056498.181 -1.819031e-14 0 0 -87.82841 
1786056498.233 -1.819031e-14 0 0 -87.82841 
1786056498.281 -1.819031e-14 0 0 -87.82841 
1786056498.334 -1.819031e-14 0 0 -87.82841 
1786056498.385 -1.819031e-14 0 0 -87.82841 
1786056498.436 -1.819031e-14 0 0 -87.82841 
1786056498.486 -1.819031e-14 0 0 -87.82841 
1786056498.538 -1.819031e-14 0 0 -87.82841 
1786056498.587 -1.819031e-14 0 0 -87.82841 
1786056498.641 -1.819031e-14 0 0 -87.82841 
1786056498.695 -1.819031e-14 0 0 -87.82841 
1786056498.742 -1.819031e-14 0 0 -87.82841 
1786056498.796 -1.819031e-14 0 0 -87.82841 
1786056498.845 -1.819031e-14 0 0 -87.82841 
1786056498.895 -1.819031e-14 0 0 -87.82841 
1786056498.945 -1.819031e-14 0 0 -87.82841 
1786056498.993 -1.819031e-14 0 0 -87.82841 
1786056499.044 -1.819031e-14 0 0 -87.82841 
1786056499.101 -1.819031e-14 0 0 -87.82841 
1786056499.148 -1.819031e-14 0 0 -87.82841 
1786056499.203 -1.819031e-14 0 0 -87.82841 
1786056499.258 -1.819031e-14 0 0 -87.82841 
1786056499.312 -1.819031e-14 0 0 -87.82841 
1786056499.366 -1.819031e-14 0 0 -87.82841 
1786056499.417 -1.819031e-14 0 0 -87.82841 
1786056499.465 -1.819031e-14 0 0 -87.82841 
1786056499.515 -1.819031e-14 0 0 -87.82841 
1786056499.566 -1.819031e-14 0 0 -87.82841 
1786056499.618 -1.819031e-14 0 0 -87.82841 
1786056499.673 -1.819031e-14 0 0 -87.82841 
1786056499.722 -1.819031e-14 0 0 -87.82841 
1786056499.776 -1.819031e-14 0 0 -87.82841 
1786056499.830 -1.819031e-14 0 0 -87.82841 
1786056499.882 -1.819031e-14 0 0 -87.82841 
1786056499.931 -1.819031e-14 0 0 -87.82841 
1786056499.979 -1.819031e-14 0 0 -87.82841 
1786056500.029 -1.819031e-14 0 0 -87.82841 
1786056500.081 -1.819031e-14 0 0 -87.82841 
1786056500.130 -1.819031e-14 0 0 -87.82841 
1786056500.178 -1.819031e-14 0 0 -87.82841 
1786056500.237 -1.819031e-14 0 0 -87.82841 
1786056500.287 -1.819031e-14 0 0 -87.82841 
1786056500.339 -1.819031e-14 0 0 -87.82841 
1786056500.389 -1.819031e-14 0 0 -87.82841 
1786056500.438 -1.819031e-14 0 0 -87.82841 
1786056500.489 -1.819031e-14 0 0 -87.82841 
1786056500.540 -1.819031e-14 0 0 -87.82841 
1786056500.591 -1.819031e-14 0 0 -87.82841 
1786056500.640 -1.819031e-14 0 0 -87.82841 
1786056500.694 -1.819031e-14 0 0 -87.82841 
1786056500.743 -1.819031e-14 0 0 -87.82841 
1786056500.798 -1.819031e-14 0 0 -87.82841 
1786056500.847 -1.819031e-14 0 0 -87.82841 
1786056500.900 -1.819031e-14 0 0 -87.82841 
1786056500.948 -1.819031e-14 0 0 -87.82841 
1786056500.999 -1.819031e-14 0 0 -87.82841 
1786056501.048 -1.819031e-14 0 0 -87.82841 
1786056501.100 -1.819031e-14 0 0 -87.82841 
1786056501.148 -1.819031e-14 0 0 -87.82841 
1786056501.197 -1.819031e-14 0 0 -87.82841 
1786056501.257 -1.819031e-14 0 0 -87.82841 
1786056501.307 -1.819031e-14 0 0 -87.82841 
1786056501.362 -1.819031e-14 0 0 -87.82841 
1786056501.414 -1.819031e-14 0 0 -87.82841 
1786056501.464 -1.819031e-14 0 0 -87.82841 
1786056501.517 -1.819031e-14 0 0 -87.82841 
1786056501.567 -1.819031e-14 0 0 -87.82841 
1786056501.618 -1.819031e-14 0 0 -87.82841 
1786056501.682 -1.819031e-14 0 0 -87.82841 
1786056501.748 -1.819031e-14 0 0 -87.82841 
1786056501.800 -1.819031e-14 0 0 -87.82841 
1786056501.849 -1.819031e-14 0 0 -87.82841 
1786056501.902 -1.819031e-14 0 0 -87.82841 
1786056501.951 -1.819031e-14 0 0 -87.82841 
1786056502.000 -1.819031e-14 0 0 -87.82841 
1786056502.049 -1.819031e-14 0 0 -87.82841 
1786056502.098 -1.819031e-14 0 0 -87.82841 
1786056502.149 -1.819031e-14 0 0 -87.82841 
1786056502.200 -1.819031e-14 0 0 -87.82841 
1786056502.250 -1.819031e-14 0 0 -87.82841 
1786056502.299 -1.819031e-14 0 0 -87.82841 
1786056502.348 -1.819031e-14 0 0 -87.82841 
1786056502.398 -1.819031e-14 0 0 -87.82841 
1786056502.445 -1.819031e-14 0 0 -87.82841 
1786056502.495 -1.819031e-14 0 0 -87.82841 
1786056502.545 -1.819031e-14 0 0 -87.82841 
1786056502.592 -1.819031e-14 0 0 -87.82841 
1786056502.642 -1.819031e-14 0 0 -87.82841 
1786056502.691 -1.819031e-14 0 0 -87.82841 
1786056502.744 -1.819031e-14 0 0 -87.82841 
1786056502.798 -1.819031e-14 0 0 -87.82841 
1786056502.848 -1.819031e-14 0 0 -87.82841 
1786056502.896 -1.819031e-14 0 0 -87.82841 
1786056502.948 -1.819031e-14 0 0 -87.82841 
1786056502.995 -1.819031e-14 0 0 -87.82841 
1786056503.045 -1.819031e-14 0 0 -87.82841 
1786056503.096 -1.819031e-14 0 0 -87.82841 
1786056503.157 -1.819031e-14 0 0 -87.82841 
1786056503.208 -1.819031e-14 0 0 -87.82841 
1786056503.262 -1.819031e-14 0 0 -87.82841 
1786056503.310 -1.819031e-14 0 0 -87.82841 
1786056503.367 -1.819031e-14 0 0 -87.82841 
1786056503.421 -1.819031e-14 0 0 -87.82841 
1786056503.472 -1.819031e-14 0 0 -87.82841 
1786056503.522 -1.819031e-14 0 0 -87.82841 
1786056503.571 -1.819031e-14 0 0 -87.82841 
1786056503.623 -1.819031e-14 0 0 -87.82841 
1786056503.675 -1.819031e-14 0 0 -87.82841 
1786056503.723 -1.819031e-14 0 0 -87.82841 
1786056503.773 -1.819031e-14 0 0 -87.82841 
1786056503.827 -1.819031e-14 0 0 -87.82841 
1786056503.875 -1.819031e-14 0 0 -87.82841 
1786056503.926 -1.819031e-14 0 0 -87.82841 
1786056503.976 -1.819031e-14 0 0 -87.82841 
1786056504.026 -1.819031e-14 0 0 -87.82841 
1786056504.074 -1.819031e-14 0 0 -87.82841 
1786056504.124 -1.819031e-14 0 0 -87.82841 
1786056504.176 -1.819031e-14 0 0 -87.82841 
1786056504.249 -1.819031e-14 0 0 -87.82841 
1786056504.318 -1.819031e-14 0 0 -87.82841 
1786056504.369 -1.819031e-14 0 0 -87.82841 
1786056504.423 -1.819031e-14 0 0 -87.82841 
1786056504.482 -1.819031e-14 0 0 -87.82841 
1786056504.536 -1.819031e-14 0 0 -87.82841 
1786056504.590 -1.819031e-14 0 0 -87.82841 
1786056504.650 -1.819031e-14 0 0 -87.82841 
1786056504.705 -1.819031e-14 0 0 -87.82841 
1786056504.758 -1.819031e-14 0 0 -87.82841 
1786056504.813 -1.819031e-14 0 0 -87.82841 
1786056504.874 -1.819031e-14 0 0 -87.82841 
1786056504.925 -1.819031e-14 0 0 -87.82841 
1786056504.982 -1.819031e-14 0 0 -87.82841 
1786056505.041 -1.819031e-14 0 0 -87.82841 
1786056505.103 -1.819031e-14 0 0 -87.82841 
1786056505.159 -1.819031e-14 0 0 -87.82841 
1786056505.217 -1.819031e-14 0 0 -87.82841 
1786056505.285 -1.819031e-14 0 0 -87.82841 
1786056505.340 -1.819031e-14 0 0 -87.82841 
1786056505.393 -1.819031e-14 0 0 -87.82841 
1786056505.444 -1.819031e-14 0 0 -87.82841 
1786056505.504 -1.819031e-14 0 0 -87.82841 
1786056505.557 -1.819031e-14 0 0 -87.82841 
1786056505.615 -1.819031e-14 0 0 -87.82841 
1786056505.673 -1.819031e-14 0 0 -87.82841 
1786056505.730 -1.819031e-14 0 0 -87.82841 
1786056505.786 -1.819031e-14 0 0 -87.82841 
