1786055997.075 0.004618724 0.002374562 0.005208558 -1.594476e-08 
1786055997.140 0.004618724 0.002374562 0.006478557 -1.594476e-08 
1786055997.194 0.004618724 0.002374562 0.006478557 -1.594476e-08 
1786055997.258 0.004618724 0.002374562 0.006478557 -1.594476e-08 
1786055997.312 0.004618724 0.002374562 0.006478557 -1.594476e-08 
1786055997.362 0.004618724 0.002374562 0.006478557 -1.594476e-08 
1786055997.413 0.004618724 0.002374562 0.006478557 -1.594476e-08 
1786055997.469 0.004618724 0.002374562 0.005208558 -1.594476e-08 
1786055997.519 0.004618724 0.002374562 0.006478557 -1.594476e-08 
1786055997.577 0.004618724 -0.001625438 0.005208558 -1.594476e-08 
1786055997.634 0.004618724 -0.001625438 0.005208558 -1.594476e-08 
1786055997.686 0.004618724 -0.001625438 0.005208558 -1.594476e-08 
1786055997.736 0.004618724 -0.001625438 0.005208558 -1.594476e-08 
1786055997.789 -0.0003812761 -0.005625438 0.003938559 -1.594476e-08 
1786055997.839 -0.0003812761 -0.005625438 0.003938559 -1.594476e-08 
1786055997.892 -0.0003812761 -0.001625438 0.003938559 -1.594476e-08 
1786055997.946 -0.0003812761 -0.005625438 0.002668559 -1.594476e-08 
1786055997.994 -0.005381276 -0.005625438 0.002668559 -1.594476e-08 
1786055998.050 -0.005381276 -0.005625438 0.00139856 -1.594476e-08 
1786055998.102 -0.005381276 -0.005625438 0.0001285608 -1.594476e-08 
1786055998.152 -0.01038128 -0.009625438 -0.001141438 -1.594476e-08 
1786055998.217 -0.01038128 -0.009625438 -0.003681437 -1.594476e-08 
1786055998.277 -0.01038128 -0.009625438 -0.004951436 -1.594476e-08 
1786055998.326 -0.01038128 -0.009625438 -0.006221436 -1.594476e-08 
1786055998.380 -0.01038128 -0.009625438 -0.006221436 -1.594476e-08 
1786055998.432 -0.01038128 -0.009625438 -0.006221436 -1.594476e-08 
1786055998.482 -0.01038128 -0.009625438 -0.006221436 -1.594476e-08 
1786055998.532 -0.01038128 -0.009625438 -0.007491435 -1.594476e-08 
1786055998.583 -0.01038128 -0.009625438 -0.006221436 -1.594476e-08 
1786055998.632 -0.01038128 -0.009625438 -0.006221436 -1.594476e-08 
1786055998.687 -0.01038128 -0.009625438 -0.006221436 -1.594476e-08 
1786055998.737 -0.01038128 -0.009625438 -0.006221436 -1.594476e-08 
1786055998.798 -0.01038128 -0.009625438 -0.006221436 -1.594476e-08 
1786055998.852 -0.005381276 -0.005625438 -0.006221436 -1.594476e-08 
1786055998.905 -0.01038128 -0.009625438 -0.006221436 -1.594476e-08 
1786055998.955 -0.01038128 -0.005625438 -0.006221436 -1.594476e-08 
1786055999.007 -0.01038128 -0.009625438 -0.006221436 -1.594476e-08 
1786055999.056 -0.01038128 -0.009625438 -0.006221436 -1.594476e-08 
1786055999.106 -0.01038128 -0.009625438 -0.006221436 -1.594476e-08 
1786055999.177 -0.005381276 -0.005625438 -0.006221436 -1.594476e-08 
1786055999.234 -0.01038128 -0.009625438 -0.006221436 -1.594476e-08 
1786055999.284 -0.01038128 -0.009625438 -0.006221436 -1.594476e-08 
1786055999.333 -0.01038128 -0.009625438 -0.006221436 -1.594476e-08 
1786055999.389 -0.01038128 -0.009625438 -0.007491435 -1.594476e-08 
1786055999.437 -0.01038128 -0.009625438 -0.007491435 -1.594476e-08 
1786055999.494 -0.01038128 -0.009625438 -0.007491435 -1.594476e-08 
1786055999.543 -0.01038128 -0.009625438 -0.007491435 -1.594476e-08 
1786055999.591 -0.01038128 -0.009625438 -0.007491435 -1.594476e-08 
1786055999.640 -0.01538128 -0.01362544 -0.007491435 -1.594476e-08 
1786055999.698 -0.01038128 -0.009625438 -0.007491435 -1.594476e-08 
1786055999.756 -0.01538128 -0.01362544 -0.007491435 -1.594476e-08 
1786055999.813 -0.01038128 -0.009625438 -0.007491435 -1.594476e-08 
1786055999.876 -0.01038128 -0.01362544 -0.007491435 -1.594476e-08 
1786055999.935 -0.01538128 -0.01362544 -0.007491435 -1.594476e-08 
1786055999.986 -0.01038128 -0.009625438 -0.007491435 -1.594476e-08 
1786056000.036 -0.01038128 -0.009625438 -0.006221436 -1.594476e-08 
1786056000.090 -0.01038128 -0.009625438 -0.006221436 -1.594476e-08 
1786056000.153 -0.01038128 -0.009625438 -0.006221436 -1.594476e-08 
1786056000.213 -0.01038128 -0.009625438 -0.006221436 -1.594476e-08 
1786056000.271 -0.005381276 -0.005625438 -0.004951436 -1.594476e-08 
1786056000.321 -0.01038128 -0.005625438 -0.004951436 -1.594476e-08 
1786056000.373 -0.005381276 -0.005625438 -0.003681437 -1.594476e-08 
1786056000.426 -0.005381276 -0.005625438 -0.002411438 -1.594476e-08 
1786056000.476 -0.005381276 -0.001625438 -0.001141438 -1.594476e-08 
1786056000.534 -0.005381276 -0.001625438 0.00139856 -1.594476e-08 
1786056000.595 -0.0003812761 0.002374562 0.003938559 -1.594476e-08 
1786056000.643 -0.0003812761 0.002374562 0.006478557 -1.594476e-08 
1786056000.695 -0.0003812761 0.006374562 0.006478557 -1.594476e-08 
1786056000.747 -0.0003812761 0.006374562 0.007748557 -1.594476e-08 
1786056000.798 0.004618724 0.006374562 0.007748557 -1.594476e-08 
1786056000.859 0.004618724 0.006374562 0.007748557 -1.594476e-08 
1786056000.913 0.004618724 0.006374562 0.007748557 -1.594476e-08 
1786056000.961 0.004618721 0.007005334 0.006478557 -0.0001125694 
1786056001.020 0.00961865 0.01248667 0.006478247 -0.002520205 
1786056001.085 0.004618457 0.009392404 0.0064745 -0.009110805 
1786056001.182 -0.0003819102 0.004650916 0.005185252 -0.02184702 
1786056001.251 0.004617405 0.006310823 0.00637962 -0.04499442 
1786056001.316 0.004616814 0.007180608 0.007541113 -0.06515761 
1786056001.380 0.009616001 0.01437264 0.008597075 -0.09288226 
1786056001.436 0.009615233 0.01300716 0.007055854 -0.1190664 
1786056001.490 0.004614402 0.007739997 0.0066867 -0.1474208 
1786056001.549 0.009613465 0.01075893 0.006176119 -0.1794034 
1786056001.607 0.009612397 0.01067979 0.006742793 -0.2158186 
1786056001.662 0.004611252 0.009433405 0.007114183 -0.2548983 
1786056001.727 0.004610011 0.006375849 0.00597255 -0.2972091 
1786056001.785 -0.0003915443 0.003453265 0.00429388 -0.3502732 
1786056001.839 -0.0003929381 0.005645279 0.003826004 -0.3978193 
1786056001.899 -0.005394532 0.002022388 0.002838111 -0.4521952 
1786056001.969 -0.005396376 0.002226642 0.003674939 -0.5151138 
1786056002.024 -0.0003982138 0.009240585 0.005407011 -0.5778089 
1786056002.077 -0.0003999582 0.006381151 0.005684239 -0.6373083 
1786056002.149 0.004597829 0.005029324 0.005701018 -0.7140257 
1786056002.234 0.009594673 0.007730611 0.0065065 -0.8217484 
1786056002.308 -0.005408027 -0.001023268 0.001228969 -0.9139564 
1786056002.374 -0.01041091 -0.009535506 -0.006631806 -1.011029 
1786056002.443 -0.0154139 -0.01463619 -0.009595242 -1.113024 
1786056002.510 -0.01541694 -0.01380461 -0.009976127 -1.216805 
1786056002.574 -0.01541969 -0.01289629 -0.01012516 -1.310615 
1786056002.640 -0.01542289 -0.01464706 -0.01069737 -1.419544 
1786056002.693 -0.01542595 -0.01297599 -0.01050666 -1.524314 
1786056002.754 -0.01542908 -0.01261928 -0.01042045 -1.630769 
1786056002.808 -0.01543203 -0.01228926 -0.01047444 -1.731639 
1786056002.859 -0.01043485 -0.01390298 -0.009423613 -1.82789 
1786056002.912 -0.01043786 -0.01101322 -0.009236182 -1.930567 
1786056002.967 -0.01044107 -0.01384906 -0.010172 -2.040273 
1786056003.024 -0.01544425 -0.01500944 -0.009504762 -2.148624 
1786056003.091 -0.01544832 -0.0134148 -0.009143819 -2.2878 
1786056003.160 -0.01045265 -0.01485149 -0.008941355 -2.435395 
1786056003.230 -0.01545704 -0.0152384 -0.01019357 -2.58571 
1786056003.295 -0.01046191 -0.01309553 -0.009098749 -2.751846 
1786056003.348 -0.01046574 -0.01112846 -0.009458877 -2.882376 
1786056003.412 -0.01547008 -0.00984668 -0.009109303 -3.030704 
1786056003.473 -0.01047453 -0.01587839 -0.009522301 -3.18266 
1786056003.530 -0.01047878 -0.01096271 -0.008771065 -3.328399 
1786056003.584 -0.01048306 -0.0147442 -0.009020911 -3.474241 
1786056003.635 -0.01048711 -0.01325044 -0.009928781 -3.6127 
1786056003.686 -0.01049108 -0.01537183 -0.008882234 -3.75109 
1786056003.747 -0.01049585 -0.0112663 -0.009250714 -3.911683 
1786056003.806 -0.01050065 -0.01189919 -0.009526391 -4.078351 
1786056003.865 -0.01050588 -0.01272929 -0.008756386 -4.254416 
1786056003.925 -0.01551113 -0.01301417 -0.0100774 -4.434225 
1786056003.988 -0.01051632 -0.01468519 -0.009677413 -4.611659 
1786056004.049 -0.01052196 -0.01204886 -0.009615632 -4.808137 
1786056004.107 -0.01552727 -0.01171767 -0.009967283 -4.986458 
1786056004.168 -0.01053266 -0.01290926 -0.008872012 -5.174553 
1786056004.244 -0.01053959 -0.009291061 -0.009508469 -5.408749 
1786056004.317 -0.01054609 -0.00878918 -0.00874374 -5.631299 
1786056004.376 -0.01055321 -0.008374546 -0.008653843 -5.875765 
1786056004.439 -0.01055936 -0.009684274 -0.008068623 -6.08996 
1786056004.497 -0.01056541 -0.01024745 -0.009400507 -6.294144 
1786056004.551 -0.01057125 -0.008076708 -0.009545347 -6.497987 
1786056004.612 -0.01057728 -0.01255825 -0.00837547 -6.701628 
1786056004.679 -0.01058448 -0.01255945 -0.009237967 -6.948963 
1786056004.733 -0.01059071 -0.01087186 -0.00917488 -7.163092 
1786056004.793 -0.01059737 -0.01168524 -0.00895179 -7.391955 
1786056004.890 -0.01060617 -0.01027007 -0.009362905 -7.694922 
1786056004.951 -0.01061526 -0.01014133 -0.008742576 -8.007958 
1786056005.013 -0.01062204 -0.00634794 -0.008315997 -8.241791 
1786056005.083 -0.01063072 -0.01005367 -0.008800083 -8.540832 
1786056005.169 -0.01063966 -0.007750781 -0.009255705 -8.857788 
1786056005.238 -0.005649619 -0.01196529 -0.008125329 -9.197628 
1786056005.310 -0.01065862 -0.01205316 -0.008286097 -9.509221 
1786056005.404 -0.005669822 -0.01287586 -0.008769594 -9.901286 
1786056005.469 -0.005679271 -0.008776153 -0.009083595 -10.21966 
1786056005.541 -0.01068873 -0.009951479 -0.008699227 -10.5478 
1786056005.611 -0.01069739 -0.00796024 -0.008749086 -10.84843 
1786056005.673 -0.01070616 -0.004424094 -0.00807853 -11.15325 
1786056005.744 -0.005714913 -0.009731311 -0.00934361 -11.45766 
1786056005.810 -0.01072474 -0.008147443 -0.008392943 -11.80023 
1786056005.885 -0.005734989 -0.01135069 -0.009544034 -12.15736 
1786056005.950 -0.01074494 -0.01008025 -0.009882612 -12.50495 
1786056006.021 -0.005754881 -0.01229709 -0.008836366 -12.85224 
1786056006.089 -0.005765087 -0.007174829 -0.009092362 -13.20974 
1786056006.155 -0.01077453 -0.008274025 -0.009793048 -13.54627 
1786056006.218 -0.01078422 -0.008982276 -0.009345955 -13.88117 
1786056006.298 -0.005796144 -0.007755108 -0.009238059 -14.30591 
1786056006.372 -0.01080699 -0.007912387 -0.009014076 -14.68286 
1786056006.444 -0.005818119 -0.009068627 -0.008875391 -15.08101 
1786056006.528 -0.005830001 -0.01121683 -0.00871889 -15.52372 
1786056006.614 -0.005844092 -0.006316965 -0.009334159 -16.00086 
1786056006.681 -0.01085531 -0.008517246 -0.01048805 -16.39356 
1786056006.742 -0.01086598 -0.005055286 -0.009512245 -16.77352 
1786056006.815 -0.005877736 -0.008782433 -0.009136403 -17.19282 
1786056006.884 -0.005888669 -0.00867348 -0.008987963 -17.58355 
1786056006.957 -0.01090121 -0.01048116 -0.008437165 -18.03285 
1786056007.015 -0.005910465 -0.0110852 -0.009566436 -18.37101 
1786056007.101 -0.005921649 -0.01102116 -0.009734862 -18.77347 
1786056007.206 -0.005938941 -0.007492982 -0.009347552 -19.39781 
1786056007.299 -0.005956006 -0.008369056 -0.009809735 -20.01032 
1786056007.367 -0.005966757 -0.006926677 -0.008641547 -20.40699 
1786056007.419 -0.005975883 -0.008060571 -0.009829335 -20.73356 
1786056007.481 -0.005985627 -0.007126024 -0.009680563 -21.08949 
1786056007.558 -0.005996939 -0.01073151 -0.009822814 -21.50367 
1786056007.627 -0.00600806 -0.008480945 -0.0103195 -21.91773 
1786056007.687 -0.006018041 -0.008417667 -0.01005724 -22.27952 
1786056007.772 -0.006029575 -0.005721576 -0.008970279 -22.70528 
1786056007.844 -0.006042016 -0.003666929 -0.00996938 -23.17168 
1786056007.924 -0.01105582 -0.00459221 -0.01051032 -23.67939 
1786056008.021 -0.006068173 -0.009999058 -0.009701181 -24.14023 
1786056008.102 -0.006082032 -0.007023454 -0.01026547 -24.6593 
1786056008.187 -0.006095834 -0.007036233 -0.009364846 -25.17849 
1786056008.276 -0.006108499 -0.004286393 -0.009442166 -25.65694 
1786056008.359 -0.006121113 -0.005898253 -0.009769332 -26.14102 
1786056008.422 -0.006132605 -0.004418059 -0.009546103 -26.57273 
1786056008.483 -0.006141614 -0.007716296 -0.009248125 -26.91719 
1786056008.553 -0.006152116 -0.01002158 -0.008988342 -27.3194 
1786056008.613 -0.006161672 -0.009077683 -0.01043384 -27.68691 
1786056008.681 -0.006170591 -0.0079106 -0.01063185 -28.04278 
1786056008.745 -0.006181888 -0.007935696 -0.01022866 -28.46863 
1786056008.812 -0.01119119 -0.007023734 -0.009983046 -28.83609 
1786056008.870 -0.006200613 -0.003765482 -0.009174824 -29.19783 
1786056008.941 -0.006210447 -0.005734376 -0.01033172 -29.58283 
1786056009.046 -0.006223056 -0.007821527 -0.009781542 -30.11946 
1786056009.117 -0.006236632 -0.008730599 -0.009790392 -30.61523 
1786056009.205 -0.006248816 -0.009799082 -0.009430026 -31.09944 
1786056009.291 -0.006261957 -0.008187929 -0.009399967 -31.63034 
1786056009.371 -0.006272707 -0.00694941 -0.01025858 -32.08529 
1786056009.446 -0.006283838 -0.005391157 -0.009038173 -32.51102 
1786056009.528 -0.006296349 -0.007562692 -0.009994277 -33.01278 
1786056009.600 -0.006306791 -0.006009161 -0.009694775 -33.44437 
1786056009.688 -0.01131818 -0.009634624 -0.009463078 -33.92886 
1786056009.757 -0.00632851 -0.009229347 -0.0101396 -34.33103 
1786056009.821 -0.006338652 -0.008342269 -0.009873155 -34.75107 
1786056009.893 -0.006347483 -0.009622149 -0.0107824 -35.11855 
1786056009.974 -0.006357528 -0.007242016 -0.009070689 -35.53862 
1786056010.049 -0.006368766 -0.005045046 -0.00993657 -36.01104 
1786056010.136 -0.006381035 -0.005672174 -0.009891354 -36.5302 
1786056010.208 -0.006391585 -0.006901593 -0.009708984 -36.97948 
1786056010.286 -0.006400985 -0.007528466 -0.01007886 -37.38194 
1786056010.353 -0.006411281 -0.009142332 -0.01075829 -37.8252 
1786056010.441 -0.006422589 -0.009475354 -0.01070603 -38.31527 
1786056010.517 -0.006433555 -0.009804817 -0.009866549 -38.79941 
1786056010.582 -0.006442062 -0.006471746 -0.01007509 -39.16685 
1786056010.635 -0.006449469 -0.003837457 -0.01094937 -39.49357 
1786056010.707 -0.006458416 -0.006987004 -0.0106693 -39.8901 
1786056010.781 -0.006468095 -0.006561767 -0.01004956 -40.32782 
1786056010.861 -0.006478229 -0.002977878 -0.01046232 -40.78279 
1786056010.930 -0.001487909 -0.006297488 -0.01070265 -41.21444 
1786056010.991 -0.001495223 -0.009536222 -0.008107825 -41.54714 
1786056011.065 -0.001504915 -0.006341165 -0.01044411 -41.99027 
1786056011.136 -0.006513152 -0.009144057 -0.01002021 -42.3753 
1786056011.192 -0.006521339 -0.005668588 -0.01024527 -42.7485 
1786056011.268 -0.006529226 -0.00743748 -0.009041311 -43.1222 
1786056011.334 -0.006538926 -0.006721796 -0.00921265 -43.57102 
1786056011.394 -0.006546215 -0.002686645 -0.01052029 -43.92117 
1786056011.453 -0.006553339 -0.01067928 -0.008735578 -44.25976 
1786056011.523 -0.001562004 -0.007117774 -0.009831848 -44.66774 
1786056011.589 -0.006570004 -0.007277288 -0.01004964 -45.05268 
1786056011.659 -0.00657795 -0.009687619 -0.01033938 -45.43772 
1786056011.718 -0.006585604 -0.007939874 -0.00951234 -45.81691 
1786056011.772 -0.006592141 -0.01155021 -0.009383431 -46.13207 
1786056011.827 -0.006598521 -0.004912945 -0.009064908 -46.45261 
1786056011.882 -0.006604631 -0.006051153 -0.009757402 -46.75024 
1786056011.952 -0.00661222 -0.004686685 -0.008610455 -47.13521 
1786056012.017 -0.006620332 -0.007348503 -0.01084441 -47.53785 
1786056012.078 -0.00662735 -0.003008749 -0.01020017 -47.89357 
1786056012.141 -0.006634548 -0.0083593 -0.009435541 -48.26094 
1786056012.194 -0.006640789 -0.004317533 -0.009783376 -48.58778 
1786056012.263 -0.006648452 -0.007518164 -0.009041853 -48.98449 
1786056012.327 -0.006655719 -0.00898876 -0.01068942 -49.35763 
1786056012.390 -0.006662599 -0.01101747 -0.009473988 -49.7194 
1786056012.451 -0.006669318 -0.007754925 -0.008901955 -50.08089 
1786056012.508 -0.00667577 -0.007592598 -0.009811792 -50.41933 
1786056012.568 -0.01168207 -0.009009186 -0.008958399 -50.75794 
1786056012.630 -0.006688854 -0.004571177 -0.01020039 -51.12524 
1786056012.705 -0.006696121 -0.00877222 -0.009101259 -51.52207 
1786056012.766 -0.006703219 -0.005153505 -0.009642952 -51.91261 
1786056012.820 -0.006709209 -0.005111898 -0.01000067 -52.24528 
1786056012.877 -0.006714843 -0.00916103 -0.01029222 -52.56024 
1786056012.933 -0.006720849 -0.006085696 -0.008890981 -52.89854 
1786056012.987 -0.006726399 -0.006137484 -0.009930309 -53.21356 
1786056013.042 -0.006732111 -0.007133996 -0.01088423 -53.54022 
1786056013.099 -0.006737881 -0.009260719 -0.01012198 -53.87268 
1786056013.166 -0.006743604 -0.008112964 -0.00919954 -54.21115 
1786056013.237 -0.006751263 -0.01043319 -0.01010175 -54.66023 
1786056013.308 -0.006758545 -0.00667986 -0.009250609 -55.08593 
1786056013.379 -0.006764876 -0.009481725 -0.008993583 -55.46541 
1786056013.439 -0.006771147 -0.007856041 -0.009080417 -55.84446 
1786056013.496 -0.006776596 -0.007195496 -0.008687464 -56.18271 
1786056013.551 -0.006781903 -0.005531698 -0.01027801 -56.50369 
1786056013.604 -0.006786978 -0.008304884 -0.01040539 -56.81861 
1786056013.656 -0.006791732 -0.008374454 -0.008484326 -57.11625 
1786056013.716 -0.006797184 -0.003085876 -0.009203956 -57.46034 
1786056013.770 -0.00680213 -0.01059313 -0.008798392 -57.77543 
1786056013.844 -0.006808657 -0.008033201 -0.009942197 -58.19525 
1786056013.914 -0.006815018 -0.009131016 -0.008800929 -58.60945 
1786056013.983 -0.006821128 -0.006159866 -0.009922302 -59.01185 
1786056014.034 -0.00682586 -0.01034138 -0.00914598 -59.32692 
1786056014.088 -0.006830549 -0.006862001 -0.00950575 -59.64189 
1786056014.150 -0.00683528 -0.007053754 -0.01035031 -59.96845 
1786056014.210 -0.006840727 -0.01106134 -0.009280588 -60.33609 
1786056014.281 -0.006846363 -0.006636974 -0.00803035 -60.72721 
1786056014.339 -0.006851683 -0.006568317 -0.009577362 -61.10027 
1786056014.397 -0.006856369 -0.007669058 -0.007390602 -61.43289 
1786056014.452 -0.006860924 -0.005709028 -0.009537893 -61.75947 
1786056014.508 -0.006865431 -0.008934923 -0.009918372 -62.09195 
1786056014.564 -0.00686981 -0.004500198 -0.008526997 -62.40695 
1786056014.619 -0.006874222 -0.01001632 -0.00872249 -62.73939 
1786056014.670 -0.006878352 -0.001202046 -0.01017867 -63.04272 
1786056014.728 -0.006882669 -0.004783553 -0.009463389 -63.36936 
1786056014.780 -0.006886557 -0.003597557 -0.008086715 -63.67272 
1786056014.841 -0.00689123 -0.005632539 -0.009450492 -64.0285 
1786056014.896 -0.006895325 -0.007559277 -0.009747274 -64.3494 
1786056014.952 -0.006899519 -0.006614642 -0.008667944 -64.68195 
1786056015.003 -0.0019033 -0.008445468 -0.008996144 -64.98535 
1786056015.065 -0.006907467 -0.008561706 -0.009546819 -65.32344 
1786056015.126 -0.006911863 -0.009029437 -0.009341988 -65.68521 
1786056015.193 -0.006916267 -0.007887232 -0.008686169 -66.05288 
1786056015.266 -0.006921292 -0.00431698 -0.009238082 -66.47848 
1786056015.340 -0.001926298 -0.007377843 -0.008365587 -66.91614 
1786056015.413 -0.001931151 -0.005382368 -0.00823092 -67.34189 
1786056015.477 -0.006935529 -0.009144888 -0.009664154 -67.72687 
1786056015.530 -0.001939133 -0.004795269 -0.009860894 -68.05363 
1786056015.582 -0.006942498 -0.006229329 -0.009237805 -68.36262 
1786056015.650 -0.006946438 -0.005719372 -0.008949739 -68.73607 
1786056015.718 -0.006950497 -0.00656632 -0.00855285 -69.11524 
1786056015.813 -0.001955977 -0.003993147 -0.008771069 -69.64609 
1786056015.890 -0.006960799 -0.007036031 -0.01007371 -70.12445 
1786056015.971 -0.006965113 -0.005374945 -0.005938167 -70.5739 
1786056016.055 -0.00696989 -0.006640462 -0.009938564 -71.06353 
1786056016.124 -0.006974116 -0.007667606 -0.00869353 -71.50699 
1786056016.192 -0.001977713 -0.006560236 -0.01027411 -71.90355 
1786056016.258 -0.006981079 -0.005751792 -0.008401157 -72.27095 
1786056016.323 -0.006984582 -0.008827252 -0.008931414 -72.67351 
1786056016.394 -0.006988106 -0.006274164 -0.00798797 -73.08188 
1786056016.462 -0.006991424 -0.009995563 -0.006606869 -73.46925 
1786056016.541 -0.006994953 -0.00812903 -0.008622654 -73.89747 
1786056016.601 -0.006997812 -0.01000018 -0.006286416 -74.25318 
1786056016.660 -0.007000578 -0.009657475 -0.007468583 -74.60479 
1786056016.729 -0.007003212 -0.006702739 -0.006455578 -74.94702 
1786056016.809 -0.007006602 -0.00717477 -0.005280397 -75.39879 
1786056016.877 -0.007009383 -0.00810956 -0.00577911 -75.78006 
1786056016.933 -0.007011463 -0.006847386 -0.005425459 -76.07175 
1786056016.993 -0.007013696 -0.008352376 -0.006086623 -76.39193 
1786056017.050 -0.007015679 -0.009606733 -0.005786144 -76.68249 
1786056017.107 -0.007017701 -0.007533377 -0.005211827 -76.98518 
1786056017.166 -0.007019459 -0.007827258 -0.005191487 -77.25424 
1786056017.224 -0.007021478 -0.006154248 -0.005139787 -77.57036 
1786056017.281 -0.00702315 -0.005075704 -0.004991983 -77.84796 
1786056017.359 -0.007025295 -0.007492087 -0.003145584 -78.19544 
1786056017.438 -0.002027627 -0.007775406 -0.00355927 -78.58572 
1786056017.514 -0.007029578 -0.007084798 -0.002527587 -78.92721 
1786056017.582 -0.002031443 -0.006977634 -0.001838274 -79.26341 
1786056017.641 -0.007033005 -0.007964014 -0.0008657841 -79.55793 
1786056017.694 -0.007034341 -0.005462548 0.0009975141 -79.808 
1786056017.778 -0.002035943 -0.00699297 0.002435884 -80.1305 
1786056017.838 -0.002037493 -0.003544865 0.002841166 -80.43462 
1786056017.889 -0.002038643 -0.00789794 0.003439192 -80.67352 
1786056017.947 -0.00203973 -0.004209294 0.005885314 -80.90956 
1786056018.002 -0.007040853 -0.005705826 0.005590052 -81.15096 
1786056018.054 -0.002041822 -0.004749575 0.007787695 -81.36832 
1786056018.116 -0.007042843 -0.005794168 0.007239062 -81.60362 
1786056018.174 -0.002043856 -0.004348225 0.007548536 -81.84762 
1786056018.230 -0.007044825 -0.00315999 0.006353439 -82.08013 
1786056018.293 -0.007045737 -0.004930886 0.007854686 -82.30932 
1786056018.365 -0.002046771 -0.003449374 0.008898881 -82.5776 
1786056018.424 -0.007047724 -0.005544191 0.007681345 -82.8334 
1786056018.480 -0.002048482 -0.004709281 0.006841025 -83.04384 
1786056018.538 -0.002049245 -0.002990039 0.007378217 -83.26215 
1786056018.588 -0.002049876 -0.006547875 0.008559498 -83.44814 
1786056018.644 -0.002050515 -0.004435365 0.008729525 -83.64213 
1786056018.706 -0.007051203 -0.004991077 0.008671426 -83.85768 
1786056018.770 -0.007051836 -0.004204498 0.007524317 -84.06284 
1786056018.820 -0.007052427 -0.003347119 0.007382968 -84.26102 
1786056018.874 -0.007052941 -0.005153087 0.007959152 -84.43915 
1786056018.934 -0.002053476 -0.00691857 0.008213221 -84.63431 
1786056018.992 -0.002053967 -0.00521834 0.007879552 -84.81287 
1786056019.044 -0.007054433 -0.004271598 0.007750831 -84.99164 
1786056019.108 -0.002054905 -0.006061469 0.008853976 -85.17971 
1786056019.167 -0.002055358 -0.007547372 0.008957004 -85.36726 
1786056019.223 -0.002055751 -0.004567275 0.008729304 -85.53623 
1786056019.285 -0.007056167 -0.005100771 0.009139576 -85.72242 
1786056019.361 -0.002056598 -0.006620231 0.00862489 -85.92758 
1786056019.426 -0.007056978 -0.005150811 0.009498517 -86.11378 
1786056019.485 -0.0020573 -0.003697496 0.008410525 -86.27923 
1786056019.543 -0.007057611 -0.004312316 0.008890729 -86.44646 
1786056019.605 -0.002057892 -0.00751642 0.009001221 -86.6046 
1786056019.662 -0.007058146 -0.006991597 0.008306461 -86.75151 
1786056019.728 -0.002058399 -0.005904184 0.009481603 -86.91011 
1786056019.779 -0.00205862 -0.004591233 0.008687959 -87.05019 
1786056019.834 -0.002058801 -0.006010052 0.01039327 -87.17276 
1786056019.895 -0.007059006 -0.006861967 0.009497926 -87.3207 
1786056019.946 -0.002059171 -0.003231181 0.009113739 -87.44188 
1786056019.998 -0.002059315 -0.003365867 0.009978426 -87.55593 
1786056020.054 -0.002059459 -0.004379924 0.01007518 -87.67391 
1786056020.106 -0.002059595 -0.006400361 0.009913224 -87.78886 
1786056020.160 -0.007059716 -0.007220855 0.008910319 -87.89973 
1786056020.211 -0.002059824 -0.006549803 0.01037813 -88.00417 
1786056020.280 -0.002059951 -0.006401185 0.01020774 -88.12998 
1786056020.341 -0.002060062 -0.005206832 0.01010608 -88.24986 
1786056020.405 -0.002060163 -0.005759942 0.01062847 -88.36756 
1786056020.467 -0.002060252 -0.004791099 0.01037586 -88.47773 
1786056020.523 -0.002060326 -0.002706972 0.01019087 -88.57548 
1786056020.581 -0.002060395 -0.005556437 0.009922132 -88.67332 
1786056020.664 -0.00206047 -0.002964728 0.01096721 -88.79113 
1786056020.729 -0.007060534 -0.006951157 0.0110683 -88.8975 
1786056020.789 -0.007060584 -0.005497415 0.01033558 -88.98905 
1786056020.852 -0.002060627 -0.005220076 0.01148625 -89.07679 
1786056020.902 -0.002060659 -0.003201791 0.01084043 -89.146 
1786056020.957 -0.002060687 -0.005764118 0.0106825 -89.21385 
1786056021.014 -0.007060714 -0.004637154 0.01082706 -89.28374 
1786056021.068 -0.002060736 -0.004337719 0.01017827 -89.34801 
1786056021.126 -0.007060757 -0.004491497 0.01049127 -89.41148 
1786056021.182 -0.007060774 -0.005153029 0.01053746 -89.47272 
1786056021.247 -0.007060789 -0.006158112 0.01157082 -89.5345 
1786056021.303 -0.002060802 -0.003869417 0.0112057 -89.58784 
1786056021.369 -0.002060813 -0.001706872 0.01051091 -89.64559 
1786056021.431 -0.002060821 -0.004206323 0.01129291 -89.69194 
1786056021.489 -0.002060828 -0.002887741 0.01099301 -89.73941 
1786056021.552 -0.007060833 -0.001914928 0.01098455 -89.78093 
1786056021.621 -0.002060837 -0.005069691 0.01168224 -89.82482 
1786056021.688 -0.00206084 -0.00449063 0.01137727 -89.86276 
1786056021.748 -0.002060842 -0.004136139 0.01056812 -89.89239 
1786056021.808 -0.002060843 -0.003892311 0.01114514 -89.91883 
1786056021.863 -0.007060844 -0.007747336 0.01044519 -89.93983 
1786056021.916 -0.002060845 -0.003662827 0.01100167 -89.95651 
1786056021.980 -0.007060845 -0.007607005 0.01087413 -89.97264 
1786056022.033 -0.002060845 -0.003582406 0.0113657 -89.98435 
1786056022.091 -0.007060845 -0.007572967 0.01159852 -89.99293 
1786056022.147 -0.007060845 -0.003570646 0.01139305 -89.99796 
1786056022.210 -0.007060845 -0.007570442 0.01139356 -90 
1786056022.272 -0.002060845 -0.007570442 0.01012034 -90 
1786056022.331 -0.002060845 -0.003570442 0.01012034 -90 
1786056022.392 -0.002060845 -0.007570442 0.01012034 -90 
1786056022.450 -0.002060845 -0.003570442 0.01012034 -90 
1786056022.500 -0.002060845 -0.007570442 0.01012034 -90 
1786056022.556 -0.002060845 -0.003570442 0.01012034 -90 
1786056022.617 -0.002060845 -0.003570442 0.01012034 -90 
1786056022.669 -0.002060845 -0.003570442 0.01012034 -90 
1786056022.719 -0.002060845 -0.003570442 0.01012034 -90 
1786056022.770 -0.002060845 -0.003570442 0.01012034 -90 
1786056022.824 -0.002060845 -0.003570442 0.008850338 -90 
1786056022.878 -0.007060845 -0.003570442 0.008850338 -90 
1786056022.930 -0.007060845 -0.003570442 0.01012034 -90 
1786056022.982 -0.002060845 -0.003570442 0.008850338 -90 
1786056023.033 -0.002060845 -0.003570442 0.008850338 -90 
1786056023.083 -0.002060845 -0.003570442 0.008850338 -90 
1786056023.134 -0.007060845 -0.003570442 0.008850338 -90 
1786056023.186 -0.002060845 -0.003570442 0.008850338 -90 
1786056023.242 -0.007060845 -0.007570442 0.008850338 -90 
1786056023.300 -0.007060845 -0.003570442 0.008850338 -90 
1786056023.362 -0.007060845 -0.003570442 0.008850338 -90 
1786056023.413 -0.007060845 -0.003570442 0.008850338 -90 
1786056023.467 -0.002060845 -0.003570442 0.008850338 -90 
1786056023.526 -0.002060845 -0.003570442 0.008850338 -90 
1786056023.596 -0.002060845 -0.003570442 0.008850338 -90 
1786056023.647 -0.002060845 -0.003570442 0.008850338 -90 
1786056023.696 -0.002060845 -0.003570442 0.008850338 -90 
1786056023.747 -0.007060845 -0.003570442 0.008850338 -90 
1786056023.801 -0.002060845 -0.003570442 0.008850338 -90 
1786056023.853 -0.002060845 -0.003570442 0.008850338 -90 
1786056023.904 -0.002060845 -0.003570442 0.008850338 -90 
1786056023.954 -0.002060845 -0.007570442 0.007580339 -90 
1786056024.010 -0.007060845 -0.007570442 0.007580339 -90 
1786056024.063 -0.002060845 -0.003570442 0.008850338 -90 
1786056024.115 -0.002060845 -0.003570442 0.008850338 -90 
1786056024.171 -0.007060845 -0.003570442 0.007580339 -90 
1786056024.228 -0.002060845 -0.007570442 0.007580339 -90 
1786056024.290 -0.002060845 -0.003570442 0.007580339 -90 
1786056024.356 -0.002060845 -0.003570442 0.007580339 -90 
1786056024.414 -0.007060845 -0.003570442 0.007580339 -90 
1786056024.477 -0.007060845 -0.007570442 0.007580339 -90 
1786056024.535 -0.002060845 -0.003570442 0.007580339 -90 
1786056024.594 -0.002060845 -0.007570442 0.007580339 -90 
1786056024.648 -0.007060845 -0.003570442 0.007580339 -90 
1786056024.718 -0.007060845 -0.003570442 0.007580339 -90 
1786056024.767 -0.007060845 -0.003570442 0.00631034 -90 
1786056024.816 -0.007060845 -0.003570442 0.00631034 -90 
1786056024.864 -0.002060845 -0.007570442 0.007580339 -90 
1786056024.917 -0.002060845 -0.003570442 0.00631034 -90 
1786056024.972 -0.002060845 -0.003570477 0.007206867 -89.99916 
1786056025.039 0.007939155 0.004427956 0.01169026 -89.99428 
1786056025.097 0.01293915 0.0164205 0.01521175 -89.98639 
1786056025.154 0.01293916 0.01639881 0.0146881 -89.97491 
1786056025.209 0.01793916 0.01635555 0.01466026 -89.96108 
1786056025.269 0.01793916 0.01626824 0.01558764 -89.94254 
1786056025.343 0.01793916 0.02008441 0.01586061 -89.91595 
1786056025.414 0.01293916 0.01978656 0.01612118 -89.88479 
1786056025.479 0.01293916 0.01534404 0.01532144 -89.85095 
1786056025.545 0.01293916 0.01868226 0.01350824 -89.81089 
1786056025.621 0.01293917 0.01764486 0.01449195 -89.76125 
1786056025.681 0.01293917 0.01660597 0.0129552 -89.72024 
1786056025.744 0.01293918 0.01509343 0.0145148 -89.66872 
1786056025.814 0.01293919 0.01310479 0.01378969 -89.61281 
1786056025.870 0.0129392 0.01497428 0.01303961 -89.56009 
1786056025.924 0.01293922 0.01650595 0.01362959 -89.50598 
1786056025.983 0.01293923 0.01752661 0.01352443 -89.44771 
1786056026.037 0.01293925 0.01408737 0.01270471 -89.38728 
1786056026.090 0.01293927 0.01454221 0.01333372 -89.33068 
1786056026.145 0.01293929 0.0138998 0.01188994 -89.26307 
1786056026.209 0.01293932 0.01235425 0.0123897 -89.18975 
1786056026.279 0.007939361 0.009049643 0.009648528 -89.1022 
1786056026.348 0.00293941 -0.0002584584 0.006990597 -89.00176 
1786056026.423 -0.002060531 -0.003608912 0.007053668 -88.89144 
1786056026.491 -0.007060467 -0.007719808 0.007285846 -88.78478 
1786056026.569 -0.007060384 -0.007707841 0.006995832 -88.65684 
1786056026.631 -0.01206031 -0.009339284 0.004860462 -88.55668 
1786056026.694 -0.007060234 -0.008228145 0.006656425 -88.45476 
1786056026.747 -0.007060145 -0.009280744 0.006343444 -88.34563 
1786056026.804 -0.00706006 -0.009557491 0.007605602 -88.24784 
1786056026.858 -0.007059962 -0.008324511 0.007367286 -88.14143 
1786056026.914 -0.007059858 -0.008037856 0.006259014 -88.03383 
1786056026.970 -0.007059735 -0.007498463 0.007334042 -87.9172 
1786056027.029 -0.007059606 -0.008180236 0.006887841 -87.79921 
1786056027.088 -0.007059461 -0.00793613 0.006775414 -87.67372 
1786056027.146 -0.007059303 -0.006064625 0.007021237 -87.54468 
1786056027.207 -0.007059126 -0.007848748 0.007674797 -87.40768 
1786056027.270 -0.007058935 -0.008458639 0.006193963 -87.26687 
1786056027.346 -0.007058699 -0.01015007 0.006678379 -87.10076 
1786056027.414 -0.007058438 -0.007259742 0.00786953 -86.93226 
1786056027.490 -0.00705815 -0.006260332 0.006847765 -86.75388 
1786056027.549 -0.007057833 -0.006930093 0.006550989 -86.56779 
1786056027.613 -0.007057542 -0.006395538 0.008328767 -86.40612 
1786056027.668 -0.007057252 -0.005758215 0.007605274 -86.24892 
1786056027.724 -0.00705696 -0.005492468 0.007276908 -86.10235 
1786056027.782 -0.007056616 -0.00732575 0.008057067 -85.93305 
1786056027.867 -0.007056115 -0.007029269 0.006892288 -85.69875 
1786056027.932 -0.007055688 -0.008462614 0.005700172 -85.50885 
1786056027.989 -0.007055241 -0.005876835 0.008740519 -85.31828 
1786056028.053 -0.007054765 -0.008724437 0.005690876 -85.12331 
1786056028.103 -0.00705435 -0.007962266 0.007153813 -84.95969 
1786056028.164 -0.007053872 -0.009048138 0.007053498 -84.77386 
1786056028.224 -0.00705334 -0.005010869 0.006910774 -84.58133 
1786056028.287 -0.007052749 -0.005839034 0.007838216 -84.37201 
1786056028.358 -0.007052052 -0.006865708 0.007630312 -84.13464 
1786056028.433 -0.007051334 -0.008123411 0.006666537 -83.89951 
1786056028.502 -0.007050537 -0.008227669 0.007775871 -83.64891 
1786056028.561 -0.007049729 -0.006657252 0.007369326 -83.40432 
1786056028.619 -0.007049053 -0.007612738 0.006204885 -83.20678 
1786056028.674 -0.007048295 -0.01111673 0.006664784 -82.98745 
1786056028.729 -0.007047528 -0.01102314 0.006188452 -82.78003 
1786056028.783 -0.007046785 -0.008928945 0.00605737 -82.58106 
1786056028.839 -0.007045996 -0.006478684 0.006619971 -82.37149 
1786056028.894 -0.007045063 -0.009655496 0.005668263 -82.13939 
1786056028.956 -0.007044088 -0.007969122 0.006227253 -81.89967 
1786056029.009 -0.007043155 -0.01020193 0.006842668 -81.67682 
1786056029.062 -0.007042237 -0.009441956 0.005648204 -81.46321 
1786056029.113 -0.002041284 -0.007390458 0.00732477 -81.2471 
1786056029.188 -0.007040004 -0.007723172 0.006308111 -80.96027 
1786056029.253 -0.0020386 -0.008039593 0.007465796 -80.66024 
1786056029.315 -0.007037384 -0.008314449 0.006563177 -80.41222 
1786056029.395 -0.007035581 -0.008612872 0.007301108 -80.0497 
1786056029.466 -0.002033867 -0.007941388 0.007939076 -79.7169 
1786056029.528 -0.007032341 -0.007439196 0.005758625 -79.42907 
1786056029.595 -0.002030726 -0.008915346 0.005332191 -79.12797 
1786056029.656 -0.007029177 -0.00783104 0.0060801 -78.85595 
1786056029.720 -0.002027458 -0.008102856 0.006492813 -78.55665 
1786056029.777 -0.007025641 -0.007009321 0.007773607 -78.24848 
1786056029.828 -0.007024142 -0.009370726 0.006793691 -77.99991 
1786056029.885 -0.007022441 -0.006173637 0.006939992 -77.72414 
1786056029.944 -0.007020587 -0.008372632 0.00575494 -77.4299 
1786056030.000 -0.002018798 -0.009888953 0.007536087 -77.15263 
1786056030.056 -0.002016884 -0.006139298 0.006373894 -76.85696 
1786056030.108 -0.007015045 -0.006667403 0.007213955 -76.589 
1786056030.165 -0.002013078 -0.00639892 0.007462779 -76.30269 
1786056030.230 -0.007010673 -0.005777114 0.006285478 -75.96032 
1786056030.294 -0.002008374 -0.00488454 0.004316705 -75.63521 
1786056030.365 -0.007005553 -0.007619832 0.005927614 -75.25753 
1786056030.446 -0.002002621 -0.007623652 0.007527575 -74.86411 
1786056030.516 -0.001999093 -0.009407644 0.008011816 -74.41509 
1786056030.574 -0.001996367 -0.005978102 0.007747512 -74.0727 
1786056030.641 -0.001993412 -0.007241041 0.007313396 -73.70369 
1786056030.701 -0.001990455 -0.007003226 0.007381554 -73.35356 
1786056030.761 -0.001987603 -0.005251242 0.005962045 -73.01134 
1786056030.826 -0.001984373 -0.004697246 0.003159775 -72.64352 
1786056030.880 -0.001981334 -0.005012219 0.006651587 -72.29977 
1786056030.935 -0.001978503 -0.005812694 0.005021268 -71.98472 
1786056030.990 -0.001975623 -0.007833418 0.006742387 -71.66984 
1786056031.055 -0.001972421 -0.003302752 0.005182346 -71.31974 
1786056031.131 -0.0019681 -0.004512219 0.005966397 -70.87054 
1786056031.199 -0.001964023 -0.007208527 0.005987449 -70.45066 
1786056031.273 -0.001960094 -0.009559066 0.005722835 -70.05399 
1786056031.349 -0.001955673 -0.005910636 0.006254811 -69.61661 
1786056031.436 -0.00195043 -0.007318848 0.005813873 -69.10889 
1786056031.557 -0.001944188 -0.007283519 0.005235114 -68.50816 
1786056031.662 -0.001936623 -0.004334027 0.005045836 -67.82551 
1786056031.749 -0.001931079 -0.007755181 0.003413186 -67.31205 
1786056031.814 -0.001925889 -0.006306099 0.00410559 -66.87441 
1786056031.882 -0.006921285 -0.005557797 0.005042646 -66.47804 
1786056031.947 -0.001916816 -0.007197466 0.005526576 -66.09891 
1786056032.019 -0.001911927 -0.006309605 0.005471902 -65.67897 
1786056032.087 -0.00190696 -0.005377924 0.005395068 -65.28222 
1786056032.149 -0.001902279 -0.003393691 0.005420468 -64.9031 
1786056032.214 -0.001897973 -0.005900409 0.005445097 -64.55891 
1786056032.282 -0.001892643 -0.006041112 0.005647265 -64.1331 
1786056032.353 -0.001887686 -0.004934506 0.005216158 -63.74805 
1786056032.424 -0.001882278 -0.006064049 0.005890703 -63.33388 
1786056032.492 -0.001876713 -0.006171925 0.005393026 -62.91975 
1786056032.561 -0.001871778 -0.007735872 0.006299039 -62.5406 
1786056032.647 -0.001864622 -0.007427924 0.005394763 -62.02725 
1786056032.723 -0.001858319 -0.006734565 0.004518879 -61.56647 
1786056032.794 -0.001852666 -0.006880748 0.005535574 -61.16981 
1786056032.870 -0.001846355 -0.004157236 0.004841676 -60.72648 
1786056032.961 -0.001839193 -0.004005983 0.004849356 -60.23048 
1786056033.046 -0.001832266 -0.006890515 0.004548006 -59.75799 
1786056033.128 -0.001824367 -0.003569415 0.005975638 -59.22727 
1786056033.200 -0.001817586 -0.002626915 0.005079313 -58.7781 
1786056033.267 -0.001811793 -0.004982742 0.004472351 -58.39901 
1786056033.339 -0.001805122 -0.003088124 0.004448788 -57.96717 
1786056033.425 -0.001797451 -0.005630529 0.005660672 -57.47138 
1786056033.496 -0.001790794 -0.01151909 0.00540002 -57.05727 
1786056033.584 -0.001783308 -0.005201639 0.005234539 -56.59046 
1786056033.656 -0.001776015 -0.004245678 0.002619592 -56.13501 
1786056033.729 -0.001768829 -0.006457208 0.004016547 -55.70387 
1786056033.789 -0.001762731 -0.007224147 0.005860666 -55.3364 
1786056033.857 -0.001756379 -0.004344027 0.004149098 -54.95718 
1786056033.924 -0.001749669 -0.005763054 0.004353025 -54.56046 
1786056033.991 -0.001743595 -0.001931417 0.004572967 -54.20467 
1786056034.063 -0.001736458 -0.004925952 0.004622458 -53.7906 
1786056034.145 -0.001728026 -0.002942121 0.003871012 -53.3008 
1786056034.263 -0.001717945 -0.003737769 0.004376531 -52.71153 
1786056034.347 -0.001706787 -0.007626398 0.004135437 -52.11057 
1786056034.421 -0.001698766 -0.007502734 0.005040745 -51.66723 
1786056034.500 -0.001691095 -0.005095914 0.00400409 -51.24143 
1786056034.574 -0.001682597 -0.007708769 0.004118431 -50.7864 
1786056034.638 -0.001675541 -0.003196473 0.003551241 -50.40721 
1786056034.707 -0.00166799 -0.006441724 0.001034155 -49.99866 
1786056034.777 -0.001660153 -0.00616738 0.003284344 -49.59053 
1786056034.843 -0.001652473 -0.00495248 0.003276496 -49.18807 
1786056034.900 -0.001646194 -0.00419795 0.003564174 -48.86141 
1786056034.955 -0.0016401 -5.08273e-05 0.002652186 -48.54623 
1786056035.021 -0.001632828 -0.004839098 0.003839838 -48.17306 
1786056035.088 -0.001624929 -0.005493342 0.002583846 -47.77055 
1786056035.145 -0.001618241 -0.00670809 0.003111326 -47.43226 
1786056035.210 -0.001611161 -0.006872604 0.001569306 -47.07045 
1786056035.267 -0.001604386 -0.004940313 0.001977096 -46.73803 
1786056035.318 -0.001597685 -0.008632669 0.001331352 -46.40562 
1786056035.382 -0.001590469 -0.006793498 -0.0003266084 -46.0497 
1786056035.442 -0.001583445 -0.004243257 0.001102321 -45.70562 
1786056035.505 -0.001576258 -0.00492532 0.001550001 -45.34985 
1786056035.563 -0.001568784 -0.004309721 -0.0003472053 -44.99388 
1786056035.616 -0.001562115 -0.002103477 0.00114422 -44.6731 
1786056035.678 -0.001555286 -0.002322278 0.0005322559 -44.34652 
1786056035.737 -0.001547558 -0.002278304 0.0001361602 -43.97887 
1786056035.797 -0.001539905 -0.00375348 -0.0005339781 -43.61724 
1786056035.847 -0.001533576 -0.008546503 -0.000235097 -43.31971 
1786056035.900 -0.001527091 -0.003150056 -0.001727162 -43.01635 
1786056035.953 -0.001520573 -0.007887128 0.0003671448 -42.713 
1786056036.003 -0.001514024 -0.01072283 -0.0003345538 -42.40974 
1786056036.055 -0.001507823 -0.006944487 0.0002813514 -42.12395 
1786056036.107 -0.001500958 -0.006206029 -0.0002749207 -41.80885 
1786056036.163 -0.00149393 -0.004394134 0.0008781726 -41.48809 
1786056036.222 -0.001486481 -0.003009804 0.0004573266 -41.14402 
1786056036.274 -0.001479511 -0.002131345 -0.0008718042 -40.83473 
1786056036.352 -0.006470297 -0.001950885 -0.002350045 -40.42009 
1786056036.448 -0.006459715 -0.003936403 -0.0004261724 -39.94192 
1786056036.526 -0.001448136 -0.006366952 -0.0003653317 -39.42902 
1786056036.603 -0.006437269 -0.005777658 -0.001302028 -38.95637 
1786056036.671 -0.001427935 -0.004596747 -0.001583564 -38.5422 
1786056036.746 -0.001418547 -0.005568707 -0.001967867 -38.1396 
1786056036.820 -0.001408159 -0.003300041 -0.001385221 -37.68478 
1786056036.893 -0.006398253 -0.001415572 -0.002061231 -37.26476 
1786056036.960 -0.001388701 -0.00570133 -0.002287227 -36.85651 
1786056037.028 -0.001379648 -0.002694433 -0.003917675 -36.4655 
1786056037.091 -0.001370688 -0.005905686 -0.002865237 -36.09224 
1786056037.157 -0.006361407 -0.006430103 -0.00262145 -35.70141 
1786056037.216 -0.001353615 -0.006628964 -0.003866866 -35.37467 
1786056037.274 -0.001344951 -0.009316933 -0.004006562 -35.01312 
1786056037.343 -0.001335686 -0.009689769 -0.004353897 -34.62232 
1786056037.410 -0.001326378 -0.003542812 -0.004876717 -34.2373 
1786056037.493 -0.001314753 -0.0005821672 -0.005148046 -33.76477 
1786056037.559 -0.001304636 -0.0008525481 -0.006108195 -33.3506 
1786056037.630 -0.006294471 -0.005747688 -0.004584101 -32.93057 
1786056037.694 -0.001285555 -0.005175832 -0.005032824 -32.57481 
1786056037.757 -0.001276892 -0.007636547 -0.005380807 -32.22477 
1786056037.830 -0.006267034 -0.006404816 -0.006249888 -31.82801 
1786056037.916 -0.006253483 -0.006476819 -0.005514815 -31.28564 
1786056038.002 -0.006241763 -0.004732458 -0.005326304 -30.81897 
1786056038.077 -0.001230282 -0.005529614 -0.006896746 -30.35755 
1786056038.149 -0.001219043 -0.003937973 -0.006419543 -29.92058 
1786056038.216 -0.00620954 -0.003700412 -0.005639456 -29.53556 
1786056038.278 -0.001199405 -0.006602694 -0.004760753 -29.15058 
1786056038.340 -0.006190279 -0.005439351 -0.006247806 -28.79476 
1786056038.416 -0.00118037 -0.005841462 -0.006890901 -28.40949 
1786056038.497 -0.00116801 -0.0025972 -0.006068749 -27.90812 
1786056038.551 -0.001158476 -0.003470883 -0.005942957 -27.55797 
1786056038.604 -0.001150126 -0.002117808 -0.006003444 -27.24308 
1786056038.669 -0.001141142 -0.002981991 -0.005878066 -26.89303 
1786056038.738 -0.006130295 -0.001495339 -0.005933773 -26.47881 
1786056038.802 -0.006120638 -0.005972481 -0.006749732 -26.11733 
1786056038.858 -0.001111566 -0.008019467 -0.005520005 -25.76724 
1786056038.911 -0.006103239 -0.004824724 -0.005313638 -25.45808 
1786056038.969 -0.001094117 -0.007045087 -0.005251196 -25.11405 
1786056039.026 -0.00608528 -0.006873155 -0.006210673 -24.78152 
1786056039.081 -0.006076885 -0.006045949 -0.005471769 -24.46647 
1786056039.138 -0.001068314 -0.000836235 -0.007159673 -24.13962 
1786056039.199 -0.001058626 -0.001297641 -0.005811277 -23.78381 
1786056039.274 -0.001047028 -0.0004173954 -0.005989105 -23.35232 
1786056039.345 -0.006036966 -0.006021301 -0.006667229 -22.96698 
1786056039.401 -0.001026719 -0.007091849 -0.006157891 -22.59974 
1786056039.469 -0.006016444 -0.007794439 -0.006220833 -22.21483 
1786056039.534 -0.001006299 -0.005342487 -0.005886348 -21.84131 
1786056039.589 -0.0009972417 -0.004856206 -0.005961215 -21.51477 
1786056039.643 -0.0009881636 -0.006645112 -0.00520449 -21.18226 
1786056039.700 -0.0009792249 0.002181688 -0.005825916 -20.8556 
1786056039.761 -0.0009697863 -0.004461947 -0.005977458 -20.51141 
1786056039.817 -0.0009606475 -0.001851354 -0.005204291 -20.17902 
1786056039.870 -0.0009518108 -0.005532294 -0.006272065 -19.85804 
1786056039.934 -0.00594215 -0.002533577 -0.006681124 -19.50793 
1786056039.995 -0.0009323075 -0.006382178 -0.00638683 -19.15222 
1786056040.048 -0.0009230909 -0.006631979 -0.006555905 -18.81963 
1786056040.100 -0.0009146668 -0.006483363 -0.006328369 -18.51058 
1786056040.181 -0.0009024904 -0.001036911 -0.005901394 -18.07305 
1786056040.259 -0.0008901206 0.0005144291 -0.006798226 -17.63566 
1786056040.313 -0.005880007 -0.003062129 -0.006511895 -17.27377 
1786056040.372 -0.0008710199 -0.003443815 -0.006360946 -16.95313 
1786056040.440 -0.005859647 -0.002341724 -0.006401779 -16.54212 
1786056040.499 -0.00585031 -0.002658931 -0.006981396 -16.21604 
1786056040.566 -0.0008404173 -0.002449808 -0.007577183 -15.859 
1786056040.625 -0.0008301435 -0.0003047432 -0.006876773 -15.49519 
1786056040.690 -0.0008201269 0.004693668 -0.006628977 -15.14643 
1786056040.745 -0.0008112894 0.008857264 -0.006796301 -14.83443 
1786056040.805 -0.0008020726 0.00858014 -0.006929276 -14.5094 
1786056040.872 -0.0007926418 0.006538605 -0.00643339 -14.17215 
1786056040.925 -0.005783606 0.005782323 -0.007067387 -13.85965 
1786056040.979 -0.0057757 0.003780709 -0.006687838 -13.582 
1786056041.031 -0.005768012 0.007423931 -0.007388741 -13.31241 
1786056041.092 -0.000759663 0.00494543 -0.007783193 -13.01983 
1786056041.156 -0.0057501 0.006527179 -0.007630215 -12.68505 
1786056041.221 -0.000741361 0.006310433 -0.006575219 -12.37492 
1786056041.279 -0.005732437 0.009121941 -0.006512804 -12.06841 
1786056041.330 -0.0007251487 0.006573284 -0.007563413 -11.80933 
1786056041.387 -0.005717379 0.009368247 -0.007405263 -11.5435 
1786056041.451 -0.0007087377 0.006921371 -0.006290656 -11.24289 
1786056041.527 -0.0006988559 0.003637194 -0.00671814 -10.89462 
1786056041.586 -0.0006908402 0.004765207 -0.006482265 -10.62083 
1786056041.643 -0.0006831835 0.005381056 -0.005510084 -10.35093 
1786056041.693 -0.005676136 0.004521145 -0.005873142 -10.11111 
1786056041.762 -0.0006678862 0.004862195 -0.005803424 -9.825433 
1786056041.834 -0.005659621 0.006337716 -0.006992733 -9.539263 
1786056041.891 -0.0006512223 0.006292253 -0.005774455 -9.248877 
1786056041.947 -0.00564442 0.007098095 -0.00649745 -9.013844 
1786056042.002 -0.005637458 0.005429982 -0.006707648 -8.773468 
1786056042.067 -0.0006308247 0.0106524 -0.005560413 -8.544551 
1786056042.120 -0.005623566 0.005831628 -0.006636686 -8.29021 
1786056042.177 -0.005616761 0.004620462 -0.006037204 -8.059671 
1786056042.236 -0.000609934 0.004808647 -0.005750277 -7.824659 
1786056042.291 -0.000603771 0.003774895 -0.006241731 -7.612387 
1786056042.347 -0.0005973544 0.00628254 -0.006148147 -7.387789 
1786056042.421 -0.0005899287 0.008085804 -0.006989369 -7.136256 
1786056042.484 -0.0005825216 0.005425095 -0.005785462 -6.881755 
1786056042.550 -0.0005757757 0.00505289 -0.006605578 -6.650043 
1786056042.604 -0.0005694555 0.009995168 -0.006623991 -6.432991 
1786056042.662 -0.0005636489 0.009370713 -0.007123951 -6.230138 
1786056042.734 -0.000557021 0.007182764 -0.006894827 -6.006199 
1786056042.793 -0.0005503153 0.006475714 -0.006823934 -5.77632 
1786056042.851 -0.0005447113 0.008200194 -0.007049316 -5.584182 
1786056042.907 -0.0005392004 0.007682944 -0.006223739 -5.395288 
1786056042.971 -0.0005331236 0.007108114 -0.006690042 -5.187094 
1786056043.024 -0.0005281803 0.005343456 -0.005929916 -5.014683 
1786056043.086 -0.0005228632 0.007520024 -0.006304135 -4.835708 
1786056043.171 -0.0005157768 0.008299573 -0.006274848 -4.587152 
1786056043.230 -0.0005098213 0.004692519 -0.00600642 -4.389412 
1786056043.309 -0.0005032388 0.007523964 -0.005971006 -4.164248 
1786056043.386 -0.0004969921 0.006499182 -0.006435238 -3.950603 
1786056043.468 -0.0004908284 0.006034159 -0.006324935 -3.737146 
1786056043.558 -0.0004842883 0.008246068 -0.005594087 -3.516282 
1786056043.642 -0.0004773477 0.006698016 -0.005635177 -3.27916 
1786056043.702 -0.0004721726 0.006332276 -0.005147669 -3.102334 
1786056043.761 -0.0004678504 0.004835111 -0.005923752 -2.954676 
1786056043.836 -0.0004630093 0.004264894 -0.006530425 -2.789329 
1786056043.899 -0.0004585086 0.004686885 -0.00517663 -2.63558 
1786056043.958 -0.0004544617 0.007799356 -0.004822876 -2.497373 
1786056044.034 -0.0004498882 0.00631988 -0.006018141 -2.341276 
1786056044.097 -0.0004455232 0.004656346 -0.006039579 -2.192216 
1786056044.160 -0.005442134 0.005404265 -0.004777069 -2.076592 
1786056044.240 -0.005437509 0.006074192 -0.004447664 -1.918723 
1786056044.326 -0.0004327913 0.006568624 -0.004419912 -1.755786 
1786056044.398 -0.005428701 0.003810831 -0.004296652 -1.616273 
1786056044.477 -0.005424779 0.006836719 -0.004619544 -1.484206 
1786056044.552 -0.0004209301 0.007721305 -0.005465829 -1.352931 
1786056044.634 -0.0004170757 0.007583101 -0.005436379 -1.221391 
1786056044.691 -0.0004143801 0.008357934 -0.004868441 -1.127868 
1786056044.760 -0.0004115789 0.005772964 -0.005093804 -1.03379 
1786056044.844 -0.0004079836 0.007131936 -0.006138649 -0.9110633 
1786056044.910 -0.0004053984 0.009400144 -0.00628673 -0.8229451 
1786056044.977 -0.000403195 0.004571689 -0.006868198 -0.7477398 
1786056045.048 -0.0004005554 0.008443545 -0.005764847 -0.65654 
1786056045.109 -0.0003984956 0.007052929 -0.006570199 -0.5874383 
1786056045.174 -0.0003967021 0.004523939 -0.005781201 -0.5262449 
1786056045.239 -0.0003946129 0.008173838 -0.006132166 -0.4540215 
1786056045.292 -0.0003931457 0.009295158 -0.005341754 -0.404926 
1786056045.344 -0.0003917639 0.009402315 -0.006125322 -0.3577993 
1786056045.401 0.004609532 0.009833285 -0.004650704 -0.3127555 
1786056045.474 0.01461106 0.01725084 0.003142839 -0.2612975 
1786056045.542 0.01461249 0.02036424 0.008096076 -0.2118392 
1786056045.603 0.01461362 0.01648953 0.008809468 -0.1739833 
1786056045.668 0.01461459 0.01537999 0.009325484 -0.1404101 
1786056045.734 0.01961557 0.02080202 0.01099286 -0.1076085 
1786056045.793 0.01961639 0.01981117 0.01251928 -0.07956494 
1786056045.851 0.01961701 0.019697 0.01266358 -0.0581081 
1786056045.914 0.01461757 0.01925982 0.0114825 -0.03945491 
1786056045.967 0.01961798 0.02396923 0.0115273 -0.02529312 
1786056046.020 0.01461829 0.0170978 0.01027789 -0.01477628 
1786056046.090 0.01461856 0.01718164 0.009017077 -0.005502215 
1786056046.152 0.009618697 0.01552847 0.009018515 -0.0009206933 
1786056046.203 0.009618724 0.01437456 0.007748557 -1.071629e-08 
1786056046.258 0.01461872 0.01037456 0.007748557 -1.071629e-08 
1786056046.321 0.009618724 0.01037456 0.006478557 -1.071629e-08 
1786056046.369 0.009618724 0.01037456 0.007748557 -1.071629e-08 
1786056046.429 0.009618724 0.01037456 0.006478557 -1.071629e-08 
1786056046.492 0.009618724 0.01037456 0.007748557 -1.071629e-08 
1786056046.554 0.009618724 0.01037456 0.006478557 -1.071629e-08 
1786056046.609 0.009618724 0.01037456 0.007748557 -1.071629e-08 
1786056046.663 0.009618724 0.01037456 0.006478557 -1.071629e-08 
1786056046.716 0.009618724 0.01037456 0.007748557 -1.071629e-08 
1786056046.766 0.009618724 0.01037456 0.007748557 -1.071629e-08 
1786056046.816 0.009618724 0.01037456 0.007748557 -1.071629e-08 
1786056046.874 0.009618724 0.01037456 0.007748557 -1.071629e-08 
1786056046.924 0.009618724 0.01037456 0.007748557 -1.071629e-08 
1786056046.979 0.009618724 0.01037456 0.006478557 -1.071629e-08 
1786056047.034 0.009618724 0.01037456 0.007748557 -1.071629e-08 
1786056047.092 0.009618724 0.01037456 0.006478557 -1.071629e-08 
1786056047.140 0.009618724 0.01037456 0.007748557 -1.071629e-08 
1786056047.198 0.009618724 0.01037456 0.006478557 -1.071629e-08 
1786056047.253 0.009618724 0.01037456 0.006478557 -1.071629e-08 
1786056047.304 0.009618724 0.01037456 0.006478557 -1.071629e-08 
1786056047.355 0.009618724 0.01037456 0.006478557 -1.071629e-08 
1786056047.409 0.009618724 0.01037456 0.007748557 -1.071629e-08 
1786056047.466 0.009618724 0.01037456 0.006478557 -1.071629e-08 
1786056047.523 0.009618724 0.01037456 0.006478557 -1.071629e-08 
1786056047.577 0.009618724 0.01037456 0.006478557 -1.071629e-08 
1786056047.629 0.004618724 0.006374562 0.006478557 -1.071629e-08 
1786056047.683 0.009618724 0.01037456 0.006478557 -1.071629e-08 
1786056047.738 0.009618724 0.01037456 0.006478557 -1.071629e-08 
1786056047.792 0.009618724 0.01037456 0.007748557 -1.071629e-08 
1786056047.844 0.009618724 0.01037456 0.006478557 -1.071629e-08 
1786056047.901 0.009618724 0.01037456 0.006478557 -1.071629e-08 
1786056047.952 0.009618724 0.006374562 0.006478557 -1.071629e-08 
1786056048.008 0.009618724 0.006374562 0.006478557 -1.071629e-08 
1786056048.059 0.004618724 0.006374562 0.006478557 -1.071629e-08 
1786056048.107 0.009618724 0.006374562 0.006478557 -1.071629e-08 
1786056048.162 0.004618724 0.006374562 0.006478557 -1.071629e-08 
1786056048.226 0.009618724 0.01037456 0.006478557 -1.071629e-08 
1786056048.280 0.009618724 0.01037456 0.006478557 -1.071629e-08 
1786056048.334 0.009618724 0.01037456 0.006478557 -1.071629e-08 
1786056048.389 0.004618724 0.01037456 0.006478557 -1.071629e-08 
1786056048.455 0.004618724 0.006374562 0.006478557 -1.071629e-08 
1786056048.518 0.009618724 0.01037456 0.006478557 -1.071629e-08 
1786056048.577 0.009618724 0.006374562 0.006478557 -1.071629e-08 
1786056048.634 0.009618724 0.01037456 0.006478557 -1.071629e-08 
1786056048.683 0.009618724 0.01037456 0.005208558 -1.071629e-08 
1786056048.736 0.004618724 0.01037456 0.005208558 -1.071629e-08 
1786056048.786 0.004618724 0.01037456 0.006478557 -1.071629e-08 
1786056048.839 0.004618724 0.01037456 0.005208558 -1.071629e-08 
1786056048.889 0.004618724 0.01037456 0.005208558 -1.071629e-08 
1786056048.940 0.009618724 0.01037456 0.006478557 -1.071629e-08 
1786056048.989 0.004618724 0.01037456 0.006478557 -1.071629e-08 
1786056049.039 0.009618724 0.01037456 0.006478557 -1.071629e-08 
1786056049.091 0.009618724 0.01037456 0.006478557 -1.071629e-08 
1786056049.142 0.004618724 0.006374562 0.005208558 -1.071629e-08 
1786056049.204 0.004618724 0.006374562 0.005208558 -1.071629e-08 
1786056049.285 0.009618724 0.01037456 0.006478557 -1.071629e-08 
1786056049.348 0.004618724 0.006374562 0.006478557 -1.071629e-08 
1786056049.397 0.009618724 0.006374562 0.005208558 -1.071629e-08 
1786056049.462 0.004618724 0.006374562 0.006478557 -1.071629e-08 
1786056049.520 0.004618724 0.006374562 0.005208558 -1.071629e-08 
1786056049.580 0.004618724 0.006374562 0.006478557 -1.071629e-08 
1786056049.634 0.009618724 0.006374562 0.005208558 -1.071629e-08 
1786056049.691 0.004618724 0.006374562 0.006478557 -1.071629e-08 
1786056049.750 0.009618724 0.006374562 0.006478557 -1.071629e-08 
1786056049.802 0.004618724 0.006374562 0.005208558 -1.071629e-08 
1786056049.852 0.004618724 0.006374562 0.005208558 -1.071629e-08 
1786056049.902 0.004618724 0.006374562 0.005208558 -1.071629e-08 
1786056049.951 0.004618724 0.006374562 0.005208558 -1.071629e-08 
1786056050.007 0.004618724 0.006374562 0.006478557 -1.071629e-08 
1786056050.060 0.004618724 0.006374562 0.005208558 -1.071629e-08 
1786056050.112 0.004618724 0.006374562 0.005208558 -1.071629e-08 
1786056050.165 0.004618724 0.006374562 0.005208558 -1.071629e-08 
1786056050.230 0.004618724 0.006374562 0.005208558 -1.071629e-08 
1786056050.281 0.009618724 0.006374562 0.005208558 -1.071629e-08 
1786056050.334 0.004618724 0.006374562 0.005208558 -1.071629e-08 
1786056050.386 0.004618724 0.006374562 0.005208558 -1.071629e-08 
1786056050.438 0.004618724 0.006374562 0.005208558 -1.071629e-08 
1786056050.495 0.004618724 0.006374562 0.005208558 -1.071629e-08 
1786056050.552 0.004618724 0.006374562 0.005208558 -1.071629e-08 
1786056050.611 0.004618724 0.006374562 0.005208558 -1.071629e-08 
1786056050.665 0.004618724 0.006374562 0.005208558 -1.071629e-08 
1786056050.725 0.009618724 0.006374562 0.006478557 -1.071629e-08 
1786056050.783 0.004618724 0.006374562 0.005208558 -1.071629e-08 
1786056050.832 0.004618724 0.006374562 0.005208558 -1.071629e-08 
1786056050.885 0.004618724 0.006374562 0.005208558 -1.071629e-08 
1786056050.938 0.004618724 0.006374562 0.005208558 -1.071629e-08 
1786056050.989 0.004618724 0.006374562 0.005208558 -1.071629e-08 
1786056051.052 0.009618724 0.006374562 0.006478557 -1.071629e-08 
1786056051.109 0.009618724 0.006374562 0.006478557 -1.071629e-08 
1786056051.163 0.004618724 0.006374562 0.005208558 -1.071629e-08 
1786056051.218 0.004618724 0.006374562 0.005208558 -1.071629e-08 
1786056051.270 0.004618724 0.006374562 0.005208558 -1.071629e-08 
1786056051.321 0.004618724 0.006374562 0.005208558 -1.071629e-08 
1786056051.369 0.004618724 0.006374562 0.005208558 -1.071629e-08 
1786056051.419 0.004618724 0.006374562 0.005208558 -1.071629e-08 
1786056051.473 0.004618724 0.006374562 0.006478557 -1.071629e-08 
1786056051.537 0.004618724 0.006374562 0.005208558 -1.071629e-08 
1786056051.597 0.004618724 0.006374562 0.005208558 -1.071629e-08 
1786056051.646 0.004618724 0.006374562 0.005208558 -1.071629e-08 
1786056051.707 0.004618724 0.006374562 0.005208558 -1.071629e-08 
1786056051.775 0.004618724 0.006374562 0.006478557 -1.071629e-08 
1786056051.839 0.004618724 0.006374562 0.005208558 -1.071629e-08 
1786056051.892 0.004618724 0.006374562 0.005208558 -1.071629e-08 
1786056051.943 0.004618724 0.006374562 0.005208558 -1.071629e-08 
1786056052.001 0.004618724 0.006374562 0.005208558 -1.071629e-08 
1786056052.051 0.004618724 0.006374562 0.005208558 -1.071629e-08 
1786056052.101 0.004618724 0.006374562 0.005208558 -1.071629e-08 
1786056052.156 0.004618724 0.006374562 0.005208558 -1.071629e-08 
1786056052.209 0.004618724 0.006374562 0.005208558 -1.071629e-08 
1786056052.261 0.004618724 0.006374562 0.003938559 -1.071629e-08 
1786056052.317 0.009618724 0.006374562 0.003938559 -1.071629e-08 
1786056052.376 0.004618724 0.006374562 0.003938559 -1.071629e-08 
1786056052.427 0.004618724 0.002374562 0.003938559 -1.071629e-08 
1786056052.486 0.004618724 0.002374562 0.003938559 -1.071629e-08 
1786056052.546 0.004618724 0.002374562 0.003938559 -1.071629e-08 
1786056052.599 0.009618724 0.006374562 0.005208558 -1.071629e-08 
1786056052.648 0.009618724 0.006374562 0.005208558 -1.071629e-08 
1786056052.730 0.004618724 0.002374562 0.003938559 -1.071629e-08 
1786056052.785 0.004618724 0.006374562 0.005208558 -1.071629e-08 
1786056052.836 0.004618724 0.002374562 0.003938559 -1.071629e-08 
1786056052.893 0.004618724 0.002374562 0.003938559 -1.071629e-08 
1786056052.942 0.004618724 0.002374562 0.005208558 -1.071629e-08 
1786056052.992 0.004618724 0.002374562 0.005208558 -1.071629e-08 
1786056053.048 0.004618724 0.002374562 0.003938559 -1.071629e-08 
1786056053.099 0.009618724 0.002374562 0.005208558 -1.071629e-08 
1786056053.150 0.004618724 0.002374562 0.003938559 -1.071629e-08 
1786056053.204 0.004618724 0.002374562 0.003938559 -1.071629e-08 
1786056053.257 0.004618724 0.002374562 0.005208558 -1.071629e-08 
1786056053.310 0.004618724 0.002374562 0.003938559 -1.071629e-08 
1786056053.363 0.004618724 0.002374562 0.003938559 -1.071629e-08 
1786056053.417 0.004618724 0.002374562 0.003938559 -1.071629e-08 
1786056053.467 0.004618724 0.002374562 0.003938559 -1.071629e-08 
1786056053.531 0.004618724 0.002374562 0.003938559 -1.071629e-08 
1786056053.588 0.004618724 0.002374562 0.003938559 -1.071629e-08 
1786056053.639 0.004618724 0.006374562 0.005208558 -1.071629e-08 
1786056053.708 0.004618724 0.002374562 0.005208558 -1.071629e-08 
1786056053.768 0.004618724 0.002374562 0.003938559 -1.071629e-08 
1786056053.821 0.004618724 0.002374562 0.003938559 -1.071629e-08 
1786056053.872 0.004618724 0.002374562 0.003938559 -1.071629e-08 
1786056053.923 0.004618724 0.002374562 0.003938559 -1.071629e-08 
1786056053.975 0.009618724 0.002374562 0.003938559 -1.071629e-08 
1786056054.024 0.004618724 0.002374562 0.003938559 -1.071629e-08 
1786056054.078 0.004618724 0.002374562 0.003938559 -1.071629e-08 
1786056054.131 0.004618724 0.002374562 0.003938559 -1.071629e-08 
1786056054.183 0.004618724 0.002374562 0.003938559 -1.071629e-08 
1786056054.246 0.004618724 0.002374562 0.003938559 -1.071629e-08 
1786056054.304 0.004618724 0.002374562 0.003938559 -1.071629e-08 
1786056054.354 0.004618724 0.002374562 0.003938559 -1.071629e-08 
1786056054.406 0.004618724 0.002374562 0.003938559 -1.071629e-08 
1786056054.473 0.004618724 0.002374562 0.003938559 -1.071629e-08 
1786056054.531 0.004618724 0.002374562 0.003938559 -1.071629e-08 
1786056054.587 0.004618724 0.002374562 0.003938559 -1.071629e-08 
1786056054.641 0.009618724 0.002374562 0.005208558 -1.071629e-08 
1786056054.693 0.004618724 0.002374562 0.003938559 -1.071629e-08 
1786056054.742 0.004618724 0.002374562 0.003938559 -1.071629e-08 
1786056054.798 0.004618724 0.002374562 0.003938559 -1.071629e-08 
1786056054.852 0.004618724 0.002374562 0.003938559 -1.071629e-08 
1786056054.901 0.004618724 0.002374562 0.003938559 -1.071629e-08 
1786056054.951 0.004618724 0.002374562 0.003938559 -1.071629e-08 
1786056055.001 0.004618724 0.002374562 0.003938559 -1.071629e-08 
1786056055.051 0.004618724 0.002374562 0.003938559 -1.071629e-08 
1786056055.103 0.004618724 0.002374562 0.003938559 -1.071629e-08 
1786056055.154 0.004618724 0.002374562 0.003938559 -1.071629e-08 
1786056055.206 0.004618724 0.002374562 0.003938559 -1.071629e-08 
1786056055.265 0.004618724 0.002374562 0.003938559 -1.071629e-08 
1786056055.316 0.004618724 0.002374562 0.002668559 -1.071629e-08 
1786056055.367 0.004618724 0.002374562 0.002668559 -1.071629e-08 
1786056055.419 0.004618724 0.002374562 0.002668559 -1.071629e-08 
1786056055.471 0.004618724 0.002374562 0.002668559 -1.071629e-08 
1786056055.533 0.004618724 0.002374562 0.002668559 -1.071629e-08 
1786056055.584 0.004618724 0.002374562 0.003938559 -1.071629e-08 
1786056055.636 0.004618724 0.002374562 0.003938559 -1.071629e-08 
1786056055.689 0.004618724 0.002374562 0.003938559 -1.071629e-08 
1786056055.745 0.004618724 0.002374562 0.003938559 -1.071629e-08 
1786056055.798 0.009618724 0.002374562 0.005208558 -1.071629e-08 
1786056055.857 0.004618724 0.002374562 0.005208558 -1.071629e-08 
1786056055.913 0.004618724 0.002374562 0.005208558 -1.071629e-08 
1786056055.967 0.004618724 0.002374562 0.005208558 -1.071629e-08 
1786056056.016 0.004618724 0.002374562 0.005208558 -1.071629e-08 
1786056056.065 0.004618724 0.002374562 0.005208558 -1.071629e-08 
1786056056.113 0.004618724 0.002374562 0.005208558 -1.071629e-08 
1786056056.165 0.004618724 0.002374562 0.005208558 -1.071629e-08 
1786056056.216 0.004618724 0.002374562 0.005208558 -1.071629e-08 
1786056056.266 0.004618724 0.002374562 0.005208558 -1.071629e-08 
1786056056.326 0.009618724 0.002374562 0.005208558 -1.071629e-08 
1786056056.380 0.004618724 0.002374562 0.005208558 -1.071629e-08 
1786056056.428 0.004618724 0.002374562 0.005208558 -1.071629e-08 
1786056056.489 0.004618724 0.002374562 0.005208558 -1.071629e-08 
1786056056.561 0.004618724 -0.001625438 0.005208558 -1.071629e-08 
1786056056.629 0.004618724 -0.001625438 0.005208558 -1.071629e-08 
1786056056.679 0.004618724 0.002374562 0.005208558 -1.071629e-08 
1786056056.734 0.004618724 0.002374562 0.005208558 -1.071629e-08 
1786056056.787 0.004618724 0.002374562 0.005208558 -1.071629e-08 
1786056056.837 0.004618724 0.002374562 0.005208558 -1.071629e-08 
1786056056.888 0.004618724 0.002374562 0.003938559 -1.071629e-08 
1786056056.951 0.004618724 0.002374562 0.003938559 -1.071629e-08 
1786056057.008 0.004618724 0.002374562 0.003938559 -1.071629e-08 
1786056057.058 0.004618724 0.002374562 0.003938559 -1.071629e-08 
1786056057.113 0.004618724 0.002374562 0.003938559 -1.071629e-08 
1786056057.165 0.004618724 0.002374562 0.003938559 -1.071629e-08 
1786056057.217 0.004618724 0.002374562 0.003938559 -1.071629e-08 
1786056057.269 0.004618724 0.002374562 0.003938559 -1.071629e-08 
1786056057.317 0.004618724 -0.001625438 0.003938559 -1.071629e-08 
1786056057.368 0.004618724 -0.001625438 0.003938559 -1.071629e-08 
1786056057.421 0.004618724 -0.001625438 0.003938559 -1.071629e-08 
1786056057.479 0.004618724 0.002374562 0.005208558 -1.071629e-08 
1786056057.543 0.004618724 0.002374562 0.003938559 -1.071629e-08 
1786056057.624 0.004618724 0.002374562 0.003938559 -1.071629e-08 
1786056057.686 0.009618724 0.002374562 0.005208558 -1.071629e-08 
1786056057.742 0.004618724 0.002374562 0.005208558 -1.071629e-08 
1786056057.790 0.004618724 0.002374562 0.005208558 -1.071629e-08 
1786056057.855 0.009618724 0.002374562 0.005208558 -1.071629e-08 
1786056057.906 0.004618724 0.002374562 0.005208558 -1.071629e-08 
1786056057.957 0.004618724 0.002374562 0.005208558 -1.071629e-08 
1786056058.007 0.004618724 0.002374562 0.005208558 -1.071629e-08 
1786056058.067 0.009618724 0.002374562 0.005208558 -1.071629e-08 
1786056058.117 0.004618724 0.002374562 0.005208558 -1.071629e-08 
1786056058.177 0.004618724 -0.001625438 0.005208558 -1.071629e-08 
1786056058.239 0.004618724 -0.001625438 0.003938559 -1.071629e-08 
1786056058.311 0.009618724 -0.001625438 0.005208558 -1.071629e-08 
1786056058.367 0.009618724 -0.001625438 0.005208558 -1.071629e-08 
1786056058.424 0.004618724 -0.001625438 0.005208558 -1.071629e-08 
1786056058.487 0.004618724 -0.001625438 0.005208558 -1.071629e-08 
1786056058.558 0.004618724 -0.001625438 0.005208558 -1.071629e-08 
1786056058.622 0.004618724 -0.001625438 0.005208558 -1.071629e-08 
1786056058.680 0.004618724 -0.001625438 0.005208558 -1.071629e-08 
1786056058.738 0.004618724 -0.001625438 0.005208558 -1.071629e-08 
1786056058.791 0.004618724 -0.001625438 0.005208558 -1.071629e-08 
1786056058.846 0.004618724 -0.001625438 0.005208558 -1.071629e-08 
1786056058.899 0.009618724 -0.001625438 0.005208558 -1.071629e-08 
1786056058.953 0.004618724 -0.001625438 0.005208558 -1.071629e-08 
1786056059.003 0.004618724 -0.001625438 0.003938559 -1.071629e-08 
1786056059.065 0.004618724 -0.001625438 0.005208558 -1.071629e-08 
1786056059.128 0.004618724 -0.001625438 0.005208558 -1.071629e-08 
1786056059.184 0.004618724 -0.001625438 0.005208558 -1.071629e-08 
1786056059.241 0.004618724 -0.001625438 0.005208558 -1.071629e-08 
1786056059.296 0.004618724 -0.001625438 0.005208558 -1.071629e-08 
1786056059.349 0.009618724 -0.001625438 0.005208558 -1.071629e-08 
1786056059.408 0.004618724 -0.001625438 0.005208558 -1.071629e-08 
1786056059.467 0.004618724 -0.001625438 0.005208558 -1.071629e-08 
1786056059.540 0.004618724 -0.001625438 0.005208558 -1.071629e-08 
1786056059.629 0.004618724 -0.001625438 0.005208558 -1.071629e-08 
1786056059.693 0.004618724 -0.001625438 0.005208558 -1.071629e-08 
1786056059.754 0.004618724 -0.001625438 0.005208558 -1.071629e-08 
1786056059.805 0.004618724 -0.001625438 0.005208558 -1.071629e-08 
1786056059.862 0.004618724 -0.001625438 0.005208558 -1.071629e-08 
1786056059.923 0.004618724 0.002374562 0.005208558 -1.071629e-08 
1786056059.994 -0.0003812761 -0.001625438 0.005208558 -1.071629e-08 
1786056060.044 -0.0003812761 -0.001625438 0.003938559 -1.071629e-08 
1786056060.099 -0.0003812761 -0.001625438 0.002668559 -1.071629e-08 
1786056060.150 -0.005381276 -0.001625438 0.002668559 -1.071629e-08 
1786056060.203 -0.0003812761 -0.001625438 0.002668559 -1.071629e-08 
1786056060.271 -0.0003812761 -0.001625438 0.00139856 -1.071629e-08 
1786056060.338 -0.0003812761 -0.001625438 0.00139856 -1.071629e-08 
1786056060.407 -0.0003812761 -0.001624971 0.0001285608 -7.345802e-08 
1786056060.485 -0.0003813676 0.003845812 0.001398084 -0.003118568 
1786056060.596 0.00461831 0.009382421 0.003928828 -0.01411117 
1786056060.666 0.004617733 0.01160693 0.005152741 -0.03379707 
1786056060.771 0.009616845 0.009142561 0.006277924 -0.06409561 
1786056060.837 0.009615976 0.01363676 0.008585217 -0.09417284 
1786056060.917 0.01461482 0.01570037 0.00815266 -0.133128 
1786056060.982 0.009613878 0.01588673 0.007683383 -0.165289 
1786056061.054 0.009612832 0.01156127 0.008302641 -0.2016059 
1786056061.120 0.009611168 0.00946753 0.007042449 -0.257774 
1786056061.188 0.004609852 0.008728045 0.005813661 -0.3026461 
1786056061.253 0.009608258 0.01311968 0.006601385 -0.357017 
1786056061.317 0.009606506 0.01174937 0.008114465 -0.417705 
1786056061.380 0.009604762 0.008873356 0.006779949 -0.4772435 
1786056061.461 0.004602472 0.01019581 0.006701837 -0.5543866 
1786056061.555 0.009599441 0.0130548 0.006928129 -0.6578382 
1786056061.631 0.009597087 0.01063083 0.006443527 -0.7393298 
1786056061.705 0.004594107 0.01192549 0.006205127 -0.8411326 
1786056061.777 -0.0004089052 0.002833188 0.002317245 -0.9439329 
1786056061.850 -0.01041179 -0.00114373 -0.003297783 -1.04109 
1786056061.921 -0.01041483 -0.006021801 -0.006725251 -1.144568 
1786056062.001 -0.01041837 -0.009691556 -0.008871132 -1.270421 
1786056062.063 -0.01042156 -0.01123792 -0.009617207 -1.374488 
1786056062.127 -0.01042483 -0.01059942 -0.008703425 -1.486091 
1786056062.195 -0.01042834 -0.007536979 -0.007989859 -1.607419 
1786056062.273 -0.01043247 -0.008797167 -0.007929492 -1.746553 
1786056062.332 -0.01043564 -0.01156964 -0.008255785 -1.856656 
1786056062.436 -0.01044166 -0.008550733 -0.009148102 -2.060515 
1786056062.504 -0.005445775 -0.007324588 -0.007881356 -2.200786 
1786056062.598 -0.01045142 -0.007655983 -0.008251436 -2.400202 
1786056062.674 -0.01045625 -0.01145541 -0.008436155 -2.558392 
1786056062.758 -0.005461982 -0.008574665 -0.007181747 -2.763603 
1786056062.825 -0.01046708 -0.007046639 -0.008485183 -2.928185 
1786056062.885 -0.01047138 -0.01131998 -0.007876798 -3.07765 
1786056062.944 -0.005475713 -0.009513147 -0.008220031 -3.223267 
1786056063.004 -0.0054803 -0.00545391 -0.007958334 -3.379917 
1786056063.068 -0.005485307 -0.009221933 -0.008717052 -3.551101 
1786056063.132 -0.01049012 -0.01052592 -0.008633026 -3.715496 
1786056063.194 -0.01049536 -0.008902912 -0.007941915 -3.894724 
1786056063.258 -0.005500061 -0.01131435 -0.008087003 -4.055587 
1786056063.328 -0.01050647 -0.006264544 -0.008328526 -4.277821 
1786056063.406 -0.01051305 -0.005982231 -0.008271547 -4.502991 
1786056063.480 -0.005519441 -0.006139751 -0.008827004 -4.718543 
1786056063.551 -0.01052589 -0.007299885 -0.008669001 -4.939302 
1786056063.622 -0.005533039 -0.00913861 -0.008115249 -5.187407 
1786056063.697 -0.005539593 -0.009291061 -0.008238469 -5.408857 
1786056063.764 -0.005546088 -0.00478918 -0.00874374 -5.631382 
1786056063.827 -0.005552812 -0.008695136 -0.008428955 -5.861809 
1786056063.883 -0.005558448 -0.008273371 -0.00774813 -6.058706 
1786056063.942 -0.01056459 -0.01202542 -0.00817143 -6.269297 
1786056063.998 -0.0105702 -0.008283154 -0.008665057 -6.458377 
1786056064.060 -0.005576849 -0.009602824 -0.008828727 -6.690529 
1786056064.114 -0.005582856 -0.01072451 -0.00841801 -6.89318 
1786056064.169 -0.005588623 -0.005378762 -0.008875742 -7.09511 
1786056064.228 -0.01059502 -0.01080064 -0.008600076 -7.315236 
1786056064.285 -0.00560152 -0.002153973 -0.008767813 -7.538844 
1786056064.339 -0.01060788 -0.007187922 -0.008008272 -7.753928 
1786056064.392 -0.01061398 -0.005875681 -0.008838564 -7.964011 
1786056064.457 -0.01062005 -0.004002375 -0.007878659 -8.172944 
1786056064.521 -0.005628803 -0.007492661 -0.008743675 -8.475123 
1786056064.595 -0.01063698 -0.009033147 -0.007999322 -8.761249 
1786056064.659 -0.01064542 -0.01067554 -0.008792068 -9.048115 
1786056064.719 -0.01065323 -0.006513804 -0.008722065 -9.318181 
1786056064.782 -0.01066077 -0.01010835 -0.00840665 -9.579057 
1786056064.842 -0.005668795 -0.009502071 -0.007983705 -9.856779 
1786056064.900 -0.005675759 -0.01145317 -0.008286662 -10.09831 
1786056064.963 -0.005684378 -0.005387524 -0.008687124 -10.39679 
1786056065.030 -0.005693381 -0.006025043 -0.007687556 -10.70923 
1786056065.080 -0.005700349 -0.00326184 -0.008271296 -10.95125 
1786056065.134 -0.005707389 -0.002735341 -0.008522689 -11.19594 
1786056065.189 -0.005714913 -0.005731311 -0.008073611 -11.45764 
1786056065.245 -0.01072266 -0.002929477 -0.009166605 -11.72727 
1786056065.297 -0.005729919 -0.004859646 -0.008853499 -11.9855 
1786056065.358 -0.005738388 -0.006222616 -0.009118589 -12.27595 
1786056065.419 -0.005746951 -0.006917728 -0.008748832 -12.57512 
1786056065.473 -0.005755026 -0.008621068 -0.008802144 -12.85738 
1786056065.538 -0.005764061 -0.007161986 -0.008873473 -13.17379 
1786056065.616 -0.01077497 -0.007277106 -0.009955308 -13.56161 
1786056065.670 -0.00578422 -0.004982276 -0.009345955 -13.88115 
1786056065.724 -0.005792354 -0.003607387 -0.008722204 -14.1671 
1786056065.785 -0.005800712 -0.003227091 -0.008389113 -14.46143 
1786056065.847 -0.005810841 -0.00475208 -0.008264995 -14.81854 
1786056065.905 -0.00581983 -0.007953432 -0.007810654 -15.13596 
1786056065.955 -0.005827959 -0.007503469 -0.009012877 -15.42341 
1786056066.014 -0.005837102 -0.009270449 -0.009679401 -15.74723 
1786056066.073 -0.005846485 -0.005215682 -0.008813096 -16.08 
1786056066.126 -0.01085515 -0.00726912 -0.01033272 -16.38776 
1786056066.179 -0.01086355 -0.006266123 -0.01064448 -16.68678 
1786056066.244 -0.005872342 -0.002865641 -0.008539563 -17.00042 
1786056066.318 -0.005885658 -0.0006941246 -0.008488033 -17.48756 
1786056066.388 -0.005898119 -0.003946901 -0.008934734 -17.92209 
1786056066.451 -0.005908178 -0.006802435 -0.009578182 -18.28308 
1786056066.511 -0.01091849 -0.01015871 -0.01048305 -18.65378 
1786056066.592 -0.00593127 -0.008612254 -0.01000378 -19.1147 
1786056066.650 -0.005942273 -0.007055774 -0.00991988 -19.51251 
1786056066.700 -0.005951451 -0.00228093 -0.01066125 -19.84498 
1786056066.758 -0.005960686 -0.002412202 -0.009208468 -20.18009 
1786056066.816 -0.005971211 -0.004386517 -0.008844602 -20.56335 
1786056066.871 -0.0109811 -0.003917341 -0.01034199 -20.93038 
1786056066.924 -0.005990692 -0.007697646 -0.009924073 -21.27473 
1786056066.982 -0.006000342 -0.004664433 -0.01021725 -21.63514 
1786056067.052 -0.006012213 -0.009647336 -0.009779143 -22.06475 
1786056067.113 -0.006024164 -0.007085818 -0.01050987 -22.50518 
1786056067.170 -0.006034915 -0.005739547 -0.009827465 -22.90291 
1786056067.235 -0.006046464 -0.004065292 -0.01033577 -23.33119 
1786056067.299 -0.006058082 -0.005155224 -0.01086166 -23.7705 
1786056067.358 -0.006069396 -0.004383066 -0.01164211 -24.19292 
1786056067.418 -0.006079463 -0.006023368 -0.01135873 -24.57007 
1786056067.474 -0.006091456 -0.007321291 -0.01138911 -25.01365 
1786056067.544 -0.006104268 -0.004295113 -0.01132908 -25.49684 
1786056067.627 -0.001117911 -0.002678839 -0.0123977 -26.0136 
1786056067.689 -0.001131439 -0.003027544 -0.01134205 -26.52843 
1786056067.753 -0.00614427 -0.0004732255 -0.0120726 -27.01854 
1786056067.813 -0.001155042 -0.007313346 -0.0113323 -27.43925 
1786056067.871 -0.001166628 -0.002523898 -0.01255617 -27.87817 
1786056067.928 -0.006177669 -0.008814647 -0.01249132 -28.31247 
1786056067.983 -0.006189066 -0.005179238 -0.01235018 -28.74741 
1786056068.036 -0.00619907 -0.006442149 -0.01107428 -29.13732 
1786056068.088 -0.001208654 -1.822953e-05 -0.01224814 -29.51996 
1786056068.145 -0.001219346 -0.005983248 -0.01120529 -29.94003 
1786056068.200 -0.001230183 -0.004316459 -0.01239876 -30.35993 
1786056068.264 -0.006241728 -0.007410998 -0.01150264 -30.81728 
1786056068.330 -0.006254157 -0.009580941 -0.0114922 -31.31254 
1786056068.391 -0.001266148 -0.01156638 -0.01107777 -31.8001 
1786056068.440 -0.006275472 -0.00719496 -0.0119829 -32.17504 
1786056068.501 -0.006286241 -0.006145368 -0.01132408 -32.60248 
1786056068.558 -0.006296772 -0.00751596 -0.01176879 -33.03749 
1786056068.614 -0.006307437 -0.006966924 -0.0124737 -33.47246 
1786056068.664 -0.00631677 -0.007501771 -0.01280696 -33.84744 
1786056068.735 -0.006329512 -0.009925079 -0.01135265 -34.37242 
1786056068.795 -0.00634037 -0.008096474 -0.0118384 -34.82249 
1786056068.852 -0.001350452 -0.008423037 -0.01172581 -35.24995 
1786056068.903 -0.006359945 -0.005638001 -0.01175702 -35.63994 
1786056068.965 -0.006370635 -0.007959945 -0.01204637 -36.08999 
1786056069.025 -0.006380558 -0.004907143 -0.0121818 -36.50999 
1786056069.077 -0.006390602 -0.006546175 -0.01203214 -36.93751 
1786056069.135 -0.006400241 -0.009668168 -0.01075895 -37.34996 
1786056069.205 -0.001412085 -0.007628937 -0.01138825 -37.87522 
1786056069.274 -0.001423675 -0.006109846 -0.01341265 -38.36251 
1786056069.379 -0.006440142 -0.004640409 -0.01127806 -39.09014 
1786056069.462 -0.006455258 -0.00590312 -0.01211673 -39.75734 
1786056069.549 -0.006470731 -0.003087102 -0.0107187 -40.43986 
1786056069.638 -0.006485218 -0.008346143 -0.01227414 -41.09264 
1786056069.705 -0.001497427 -0.008532542 -0.01101657 -41.64737 
1786056069.775 -0.006508391 -0.006542886 -0.01143459 -42.15011 
1786056069.847 -0.001519592 -0.003353954 -0.01212273 -42.67489 
1786056069.933 -0.006533902 -0.006326195 -0.0106652 -43.34217 
1786056070.007 -0.001545364 -0.002916143 -0.01281837 -43.88237 
1786056070.085 -0.006557665 -0.003901078 -0.01165193 -44.46746 
1786056070.145 -0.001567666 -0.005767824 -0.01192565 -44.93992 
1786056070.209 -0.00157743 -0.009011386 -0.01240105 -45.41248 
1786056070.273 -0.001587419 -0.009341563 -0.01102005 -45.90012 
1786056070.335 -0.001596713 -0.006232832 -0.01344547 -46.35734 
1786056070.416 -0.006608485 -0.00599884 -0.01125728 -46.94243 
1786056070.473 -0.001617751 -0.007943703 -0.01224726 -47.415 
1786056070.527 -0.001625607 -0.00392936 -0.01197469 -47.80493 
1786056070.586 -0.001634136 -0.007060115 -0.0114275 -48.23999 
1786056070.659 -0.006643753 -0.006301479 -0.01268416 -48.73513 
1786056070.730 -0.001654711 -0.006171489 -0.01144883 -49.31238 
1786056070.797 -0.006664692 -0.007301359 -0.01215187 -49.82983 
1786056070.853 -0.001672458 -0.007965679 -0.01181655 -50.24241 
1786056070.910 -0.001680716 -0.006963005 -0.01106067 -50.685 
1786056070.974 -0.001689585 -0.005056405 -0.01193261 -51.16497 
1786056071.050 -0.006699453 -0.008379114 -0.01098464 -51.71249 
1786056071.104 -0.006707452 -0.004653592 -0.01308957 -52.14743 
1786056071.164 -0.006715239 -0.005546437 -0.01130037 -52.58241 
1786056071.222 -0.001723213 -0.002614132 -0.01036612 -53.03235 
1786056071.280 -0.001730711 -0.002470309 -0.01154852 -53.46004 
1786056071.345 -0.001738912 -0.004270199 -0.0110503 -53.93255 
1786056071.404 -0.001746764 -0.008592438 -0.01226456 -54.38989 
1786056071.454 -0.001753263 -0.01152162 -0.01116204 -54.77243 
1786056071.509 -0.001760076 -0.00617639 -0.009941772 -55.17749 
1786056071.567 -0.00176707 -0.00653128 -0.01095722 -55.59758 
1786056071.627 -0.001774603 -0.007817626 -0.01041894 -56.05501 
1786056071.695 -0.001782653 -0.006288816 -0.01228531 -56.5496 
1786056071.751 -0.001789881 -0.005867321 -0.01158404 -57.00014 
1786056071.804 -0.001796075 -0.002922221 -0.01146625 -57.39745 
1786056071.865 -0.00180314 -0.005545497 -0.01318433 -57.83996 
1786056071.930 -0.00181058 -0.002626176 -0.01084759 -58.32738 
1786056071.992 -0.001817122 -0.007340025 -0.01121308 -58.74741 
1786056072.057 -0.001824484 -0.009293767 -0.009849004 -59.23507 
1786056072.118 -0.001831852 -0.01003347 -0.01217647 -59.72992 
1786056072.185 -0.001838894 -0.008305001 -0.01171799 -60.21749 
1786056072.247 -0.001845941 -0.007279345 -0.01157614 -60.69745 
1786056072.316 -0.0018532 -0.004953008 -0.01214387 -61.20742 
1786056072.374 -0.001859612 -0.004285369 -0.01001972 -61.66504 
1786056072.427 -0.001865308 -0.004463345 -0.01158673 -62.07707 
1786056072.487 -0.001870791 -0.005303864 -0.009118206 -62.47899 
1786056072.544 -0.001876849 -0.008191658 -0.009871885 -62.92975 
1786056072.604 -0.001882575 -0.006716276 -0.009266464 -63.36229 
1786056072.669 -0.001888731 -0.006894939 -0.009234644 -63.83452 
1786056072.729 -0.001894276 -0.006564657 -0.009021154 -64.27397 
1786056072.787 -0.0018996 -0.00616384 -0.008703858 -64.69544 
1786056072.849 -0.001904537 -0.008195915 -0.008731958 -65.09228 
1786056072.908 -0.001909874 -0.008934434 -0.007384329 -65.52102 
1786056072.966 -0.001915077 -0.007326517 -0.008321485 -65.95271 
1786056073.024 -0.001919419 -0.009997876 -0.008464745 -66.31894 
1786056073.079 -0.001924141 -0.005112792 -0.00889528 -66.73008 
1786056073.140 -0.0019289 -0.00852442 -0.008030436 -67.14435 
1786056073.199 -0.001933161 -0.005382262 -0.006058918 -67.51478 
1786056073.252 -0.001937394 -0.008971524 -0.007897942 -67.89538 
1786056073.311 -0.001941595 -0.00675006 -0.008318077 -68.27925 
1786056073.371 -0.001945689 -0.004764236 -0.006686881 -68.66642 
1786056073.430 -0.001949815 -0.004772853 -0.00697439 -69.0501 
1786056073.481 -0.001953368 -0.006168897 -0.0059541 -69.39187 
1786056073.542 -0.00195716 -0.006014983 -0.005528123 -69.76887 
1786056073.615 -0.001961791 -0.005544949 -0.007347368 -70.2241 
1786056073.687 -0.001965845 -0.003275034 -0.006121863 -70.63724 
1786056073.759 -0.001970418 -0.001802281 -0.006630819 -71.11313 
1786056073.822 -0.001974207 -0.006170689 -0.005142516 -71.51656 
1786056073.882 -0.001977384 -0.007463748 -0.005893739 -71.86186 
1786056073.933 -0.001980367 -0.005791357 -0.005530782 -72.19158 
1786056073.991 -0.001983322 -0.005379796 -0.005875767 -72.52997 
1786056074.043 -0.001986044 -0.005475116 -0.005729204 -72.83618 
1786056074.096 -0.006988695 -0.00721407 -0.00585633 -73.14513 
1786056074.149 -0.001991276 -0.01036799 -0.00504566 -73.45132 
1786056074.201 -0.001993787 -0.006709388 -0.004447754 -73.75514 
1786056074.259 -0.001996412 -0.005309208 -0.004855477 -74.07818 
1786056074.338 -0.0019994 -0.006732689 -0.00323915 -74.45405 
1786056074.405 -0.002002579 -0.003582727 -0.00315481 -74.8695 
1786056074.477 -0.002005674 -0.004430545 -0.002239588 -75.27385 
1786056074.538 -0.002008061 -0.00854245 -0.001768848 -75.59766 
1786056074.607 -0.002010823 -0.0050213 -0.002118756 -75.98141 
1786056074.676 -0.007013296 -0.004837119 0.0005621769 -76.33394 
1786056074.741 -0.002015571 -0.006225296 0.002523766 -76.66668 
1786056074.801 -0.002017731 -0.005714767 0.001359869 -76.98983 
1786056074.863 -0.002019618 -0.005283447 0.004818131 -77.28411 
1786056074.923 -0.002021663 -0.002739353 0.004163601 -77.5998 
1786056074.997 -0.002023812 -0.002569014 0.007353169 -77.95583 
1786056075.055 -0.002025641 -0.005483084 0.00533316 -78.25317 
1786056075.113 -0.00702729 -0.004045236 0.005731464 -78.53273 
1786056075.171 -0.002028827 -0.00251263 0.005810683 -78.79462 
1786056075.224 -0.002030337 -0.00615879 0.007887306 -79.06285 
1786056075.282 -0.002031768 -0.004866199 0.007475978 -79.32315 
1786056075.341 -0.002033124 -0.005880405 0.006595298 -79.58043 
1786056075.396 -0.002034549 -0.001750238 0.007567749 -79.85247 
1786056075.457 -0.002035896 -0.00420332 0.007190918 -80.1166 
1786056075.516 -0.007037191 -0.001177633 0.007167081 -80.37275 
1786056075.575 -0.002038435 -0.003594562 0.008577251 -80.63421 
1786056075.646 -0.002039866 -0.002457245 0.007080921 -80.93889 
1786056075.708 -0.00204106 -0.002348838 0.007393483 -81.19684 
1786056075.776 -0.002042327 -0.0003030754 0.008169411 -81.48406 
1786056075.833 -0.002043327 -0.00125716 0.008422318 -81.71753 
1786056075.900 -0.002044303 0.001110081 0.00875462 -81.95192 
1786056075.965 -0.002045426 -0.0004320549 0.008046246 -82.23031 
1786056076.031 -0.00204652 0.0005964925 0.008318715 -82.51149 
1786056076.095 -0.007047401 -0.0004807367 0.008837403 -82.74957 
1786056076.155 -0.002048214 -0.003940966 0.009181099 -82.96887 
1786056076.215 -0.007048977 0.001705433 0.008600729 -83.18457 
1786056076.273 -0.007049765 0.000340952 0.009025456 -83.41516 
1786056076.334 -0.002050479 -0.003286996 0.009207869 -83.63105 
1786056076.392 -0.002051147 -0.00371185 0.009088298 -83.83993 
1786056076.444 -0.007051719 -0.002452106 0.008671447 -84.02454 
1786056076.501 -0.002052296 -0.002410552 0.008716895 -84.22 
1786056076.574 -0.002052921 -0.0009473358 0.01007584 -84.43219 
1786056076.640 -0.002053538 -0.003102836 0.009706987 -84.65689 
1786056076.704 -0.002054152 -0.001869207 0.009515839 -84.88309 
1786056076.762 -0.007054632 -0.00219879 0.009272675 -85.07032 
1786056076.817 -0.002055063 0.0001673279 0.009902567 -85.24446 
1786056076.896 -0.002055563 -0.0003251805 0.01050606 -85.45791 
1786056076.966 -0.00205605 -0.00216428 0.009704944 -85.67233 
1786056077.032 -0.002056508 9.711087e-05 0.009886793 -85.8816 
1786056077.090 -0.002056831 -0.001145256 0.0100769 -86.0407 
1786056077.143 -0.007057152 -0.0009971818 0.009670504 -86.19945 
1786056077.204 -0.007057437 0.001613036 0.011716 -86.34981 
1786056077.262 -0.00705774 -0.0006950342 0.009669243 -86.51507 
1786056077.328 -0.002058025 0.001911546 0.01072828 -86.67951 
1786056077.385 -0.007058279 -0.001672312 0.009966631 -86.83239 
1786056077.445 -0.002058511 -0.001320114 0.009925163 -86.97912 
1786056077.504 -0.002058731 0.0006264011 0.0107456 -87.1248 
1786056077.560 -0.002058918 0.0004105633 0.01067634 -87.25512 
1786056077.631 -0.002059135 0.0018776 0.01140519 -87.41673 
1786056077.692 -0.002059309 -0.001003069 0.01145231 -87.55121 
1786056077.762 -0.002059489 0.001414754 0.01027503 -87.69731 
1786056077.824 -0.002059648 0.0002742109 0.01094926 -87.83889 
1786056077.885 -0.002059787 0.002294254 0.01174219 -87.96583 
1786056077.944 -0.002059905 0.0009254258 0.0109506 -88.08313 
1786056078.008 -0.002060015 0.001935389 0.01134942 -88.19882 
1786056078.067 -0.002060112 0.004741386 0.01039173 -88.30903 
1786056078.119 -0.0020602 0.005546445 0.01090461 -88.41401 
1786056078.173 -0.002060274 0.007280594 0.01070412 -88.50528 
1786056078.235 -0.002060349 0.005660131 0.01166751 -88.60723 
1786056078.287 -0.00206041 0.005342061 0.01069135 -88.69587 
1786056078.345 -0.002060469 0.0046497 0.01143462 -88.78786 
1786056078.404 -0.002060521 0.006432205 0.01095284 -88.87348 
1786056078.472 -0.002060575 0.004782052 0.01176517 -88.9718 
1786056078.530 -0.002060617 0.004898266 0.01138182 -89.05608 
1786056078.586 -0.002060653 0.00368447 0.01132182 -89.13278 
1786056078.655 -0.00206069 0.006705535 0.01061101 -89.21997 
1786056078.725 -0.002060719 0.004426532 0.01118537 -89.29907 
1786056078.801 -0.002060749 0.006021008 0.01128476 -89.38619 
1786056078.875 -0.002060772 0.006521613 0.01139243 -89.46647 
1786056078.940 -0.00206079 0.005968807 0.01084012 -89.53823 
1786056079.000 -0.007060802 0.004236283 0.01043469 -89.59048 
1786056079.060 -0.002060813 0.006290352 0.01095964 -89.64551 
1786056079.120 -0.002060821 0.003815016 0.01112925 -89.69268 
1786056079.176 -0.002060827 0.005017609 0.01133838 -89.73575 
1786056079.230 -0.007060832 0.00595353 0.0119001 -89.77487 
1786056079.284 -0.002060836 0.002659422 0.01151564 -89.80964 
1786056079.349 -0.002060839 0.007228349 0.01167539 -89.84318 
1786056079.411 -0.002060841 0.003708027 0.01230375 -89.87848 
1786056079.468 -0.002060843 0.003996219 0.01160282 -89.90582 
1786056079.524 -0.002060844 0.004177542 0.012163 -89.92818 
1786056079.592 -0.002060844 0.004307765 0.01151646 -89.95007 
1786056079.658 -0.002060845 0.004385549 0.01177824 -89.96999 
1786056079.715 -0.002060845 0.004413972 0.01232446 -89.98214 
1786056079.798 -0.002060845 0.004427703 0.01286124 -89.99384 
1786056079.860 -0.002060845 0.004429508 0.01197982 -89.99899 
1786056079.912 -0.002060845 0.004429558 0.01266034 -90 
1786056079.969 -0.002060845 0.004429558 0.01139034 -90 
1786056080.023 -0.002060845 0.004429558 0.01139034 -90 
1786056080.074 -0.002060845 0.004429558 0.01139034 -90 
1786056080.128 -0.002060845 0.004429558 0.01012034 -90 
1786056080.177 -0.007060845 0.004429558 0.01012034 -90 
1786056080.228 -0.007060845 0.004429558 0.01012034 -90 
1786056080.276 -0.007060845 0.004429558 0.01012034 -90 
1786056080.329 -0.007060845 0.004429558 0.01012034 -90 
1786056080.385 -0.002060845 0.004429558 0.01012034 -90 
1786056080.434 -0.002060845 0.0004295577 0.01012034 -90 
1786056080.491 -0.002060845 0.0004295577 0.01012034 -90 
1786056080.550 -0.007060845 0.0004295577 0.01012034 -90 
1786056080.614 -0.002060845 0.0004295577 0.008850338 -90 
1786056080.677 -0.002060845 0.0004295577 0.01012034 -90 
1786056080.735 -0.002060845 0.0004295577 0.008850338 -90 
1786056080.788 -0.002060845 0.0004295577 0.008850338 -90 
1786056080.847 -0.002060845 0.004429558 0.008850338 -90 
1786056080.899 -0.002060845 0.004429558 0.01012034 -90 
1786056080.948 -0.002060845 0.0004295577 0.01012034 -90 
1786056080.997 -0.007060845 0.0004295577 0.008850338 -90 
1786056081.049 -0.002060845 0.004429558 0.008850338 -90 
1786056081.099 -0.002060845 0.004429558 0.008850338 -90 
1786056081.148 -0.002060845 0.004429558 0.008850338 -90 
1786056081.201 -0.002060845 0.004429558 0.008850338 -90 
1786056081.251 -0.002060845 0.004429558 0.008850338 -90 
1786056081.303 -0.002060845 0.004429558 0.008850338 -90 
1786056081.359 -0.002060845 0.004429558 0.008850338 -90 
1786056081.419 -0.002060845 0.004429558 0.008850338 -90 
1786056081.471 -0.002060845 0.0004295577 0.008850338 -90 
1786056081.520 -0.002060845 0.0004295577 0.008850338 -90 
1786056081.575 -0.002060845 0.0004295577 0.008850338 -90 
1786056081.633 -0.002060845 0.0004295577 0.008850338 -90 
1786056081.700 -0.002060845 0.004429558 0.008850338 -90 
1786056081.768 -0.002060845 0.004429558 0.008850338 -90 
1786056081.827 -0.002060845 0.004429558 0.007580339 -90 
1786056081.874 -0.002060845 0.004429558 0.008850338 -90 
1786056081.934 -0.002060845 0.004429558 0.008850338 -90 
1786056081.985 -0.002060845 0.004429558 0.008850338 -90 
1786056082.037 -0.002060845 0.004429558 0.008850338 -90 
1786056082.085 -0.002060845 0.004429558 0.008850338 -90 
1786056082.143 -0.002060845 0.004429558 0.007580339 -90 
1786056082.195 -0.002060845 0.004429558 0.007580339 -90 
1786056082.248 -0.002060845 0.004429558 0.008850338 -90 
1786056082.298 -0.002060845 0.004429558 0.007580339 -90 
1786056082.357 -0.002060845 0.008429475 0.008512207 -89.9987 
1786056082.426 0.01293915 0.01642694 0.01427557 -89.99268 
1786056082.491 0.01293915 0.01241556 0.0134538 -89.98308 
1786056082.546 0.007939155 0.01238766 0.01149849 -89.97072 
1786056082.600 0.01293916 0.01633705 0.01369887 -89.95649 
1786056082.669 0.01793916 0.01623337 0.01564115 -89.93664 
1786056082.746 0.01793916 0.01998411 0.01637734 -89.90452 
1786056082.810 0.01793916 0.01967226 0.01626504 -89.8755 
1786056082.873 0.01793916 0.01917604 0.01534727 -89.83923 
1786056082.931 0.01293916 0.01455386 0.01235104 -89.80404 
1786056082.988 0.007939169 0.013756 0.01167908 -89.76607 
1786056083.044 0.01293917 0.0127867 0.01138293 -89.72618 
1786056083.106 0.01293918 0.01542663 0.0128948 -89.67919 
1786056083.163 0.01293919 0.01377933 0.0131649 -89.63107 
1786056083.218 0.0129392 0.0118681 0.01185031 -89.58139 
1786056083.272 0.01293921 0.01370538 0.0130776 -89.53149 
1786056083.331 0.01293923 0.01494747 0.012297 -89.47469 
1786056083.388 0.007939243 0.01156488 0.01261817 -89.41248 
1786056083.449 0.01293926 0.01150944 0.01221149 -89.3445 
1786056083.505 0.01293929 0.01501802 0.01291356 -89.27885 
1786056083.560 0.01293931 0.01403357 0.01270184 -89.21126 
1786056083.626 0.007939347 0.00768447 0.01132182 -89.13277 
1786056083.717 0.002939408 0.0001537025 0.00741705 -89.00597 
1786056083.812 -0.007060523 -0.005073647 0.007362542 -88.87797 
1786056083.892 -0.01206044 -0.01226608 0.006235229 -88.74704 
1786056083.977 -0.01206035 -0.00988645 0.006139063 -88.60895 
1786056084.048 -0.007060259 -0.01152351 0.006995159 -88.48621 
1786056084.114 -0.007060165 -0.009787379 0.007781138 -88.36743 
1786056084.173 -0.007060071 -0.007326819 0.006803137 -88.25902 
1786056084.242 -0.007059952 -0.01008174 0.006768871 -88.13176 
1786056084.322 -0.0120598 -0.01091457 0.006542578 -87.97998 
1786056084.400 -0.007059616 -0.01038115 0.007261557 -87.80547 
1786056084.473 -0.007059443 -0.007879428 0.006963068 -87.65648 
1786056084.542 -0.01205925 -0.008293624 0.007312718 -87.50244 
1786056084.630 -0.007059037 -0.008891785 0.007218542 -87.3412 
1786056084.719 -0.01205869 -0.007515527 0.006947689 -87.09597 
1786056084.820 -0.007058332 -0.009162911 0.006662096 -86.85496 
1786056084.904 -0.00705799 -0.008804821 0.007232679 -86.65636 
1786056084.980 -0.01205761 -0.006252827 0.006765059 -86.43823 
1786056085.053 -0.01205722 -0.007790637 0.006771472 -86.23527 
1786056085.127 -0.007056797 -0.008788313 0.007199782 -86.02101 
1786056085.189 -0.007056429 -0.007006656 0.007876848 -85.84419 
1786056085.246 -0.01205606 -0.008922005 0.007253685 -85.67527 
1786056085.303 -0.007055681 -0.005777101 0.007190314 -85.50602 
1786056085.368 -0.007055212 -0.007481054 0.007232366 -85.306 
1786056085.442 -0.007054664 -0.008167525 0.006568769 -85.08276 
1786056085.503 -0.00705416 -0.009869207 0.00697584 -84.88324 
1786056085.562 -0.007053662 -0.007373794 0.006516465 -84.69596 
1786056085.630 -0.007053063 -0.009940301 0.007366801 -84.48217 
1786056085.697 -0.007052406 -0.007324692 0.007566243 -84.25391 
1786056085.767 -0.007051645 -0.008598583 0.007658477 -84.00036 
1786056085.837 -0.007050947 -0.005960094 0.007313995 -83.77667 
1786056085.908 -0.007050127 -0.01062293 0.007650999 -83.52004 
1786056085.977 -0.007049257 -0.008809141 0.007963544 -83.26558 
1786056086.036 -0.007048481 -0.008950047 0.006274354 -83.04357 
1786056086.105 -0.00704757 -0.01101127 0.007665056 -82.79145 
1786056086.167 -0.007046624 -0.007690914 0.007938416 -82.53475 
1786056086.236 -0.007045612 -0.008791231 0.007647661 -82.27761 
1786056086.297 -0.007044695 -0.008088989 0.007382947 -82.04795 
1786056086.362 -0.007043567 -0.007538808 0.006953469 -81.77445 
1786056086.417 -0.002042576 -0.008642915 0.007550534 -81.54162 
1786056086.500 -0.007041135 -0.007988569 0.006016244 -81.2136 
1786056086.594 -0.00703951 -0.01005265 0.00767421 -80.85362 
1786056086.680 -0.007037618 -0.007565159 0.006398007 -80.46036 
1786056086.758 -0.007035829 -0.009601366 0.006674778 -80.09434 
1786056086.846 -0.007034033 -0.008287911 0.007183477 -79.74869 
1786056086.948 -0.007031642 -0.00568036 0.006492923 -79.29072 
1786056087.014 -0.002029655 -0.00840012 0.007477687 -78.94089 
1786056087.105 -0.007027123 -0.008106799 0.006909295 -78.49436 
1786056087.190 -0.002024706 -0.005645507 0.007232458 -78.0927 
1786056087.246 -0.007022841 -0.005793866 0.006763641 -77.78832 
1786056087.317 -0.002020842 -0.007614276 0.00643587 -77.46991 
1786056087.375 -0.002018732 -0.006516808 0.008273255 -77.14254 
1786056087.442 -0.007016644 -0.005367923 0.00653327 -76.82616 
1786056087.513 -0.002014087 -0.009648188 0.007222131 -76.44902 
1786056087.571 -0.002011905 -0.006456671 0.007814563 -76.13464 
1786056087.625 -0.007009839 -0.009086281 0.006880709 -75.84356 
1786056087.677 -0.002007826 -0.009458827 0.006565345 -75.56521 
1786056087.728 -0.007005795 -0.005279118 0.007415348 -75.29021 
1786056087.781 -0.007003625 -0.007891842 0.007289199 -75.00126 
1786056087.832 -0.007001433 -0.006365389 0.006870735 -74.71518 
1786056087.881 -0.001999268 -0.007852504 0.008268083 -74.43748 
1786056087.937 -0.001996955 -0.005635232 0.008092139 -74.14598 
1786056087.995 -0.001994486 -0.005319964 0.00512157 -73.84006 
1786056088.064 -0.006990987 -0.005495706 0.00502097 -73.41695 
1786056088.113 -0.006988448 -0.006397906 0.007503344 -73.11618 
1786056088.171 -0.001985791 -0.005936301 0.006250963 -72.80105 
1786056088.240 -0.001982276 -0.007204476 0.006374171 -72.39967 
1786056088.298 -0.001978967 -0.00918048 0.006565318 -72.03001 
1786056088.348 -0.001976113 -0.006260437 0.007074294 -71.72298 
1786056088.411 -0.001972672 -0.007437996 0.006964869 -71.35223 
1786056088.473 -0.001969188 -0.008872765 0.006123439 -70.98417 
1786056088.531 -0.001965784 -0.006828893 0.0076994 -70.63096 
1786056088.595 -0.001961791 -0.005544949 0.007892624 -70.22419 
1786056088.661 -0.001957739 -0.007356842 0.006673333 -69.81967 
1786056088.742 -0.001952904 -0.006866493 0.007388997 -69.34687 
1786056088.822 -0.001946869 -0.00735069 0.007787078 -68.77093 
1786056088.910 -0.001941165 -0.008794721 0.008198505 -68.2331 
1786056088.986 -0.001935773 -0.01062132 0.007494997 -67.74883 
1786056089.064 -0.001929975 -0.005929016 0.007448856 -67.23226 
1786056089.122 -0.001924614 -0.004808843 0.006995277 -66.75745 
1786056089.198 -0.001918932 -0.01096499 0.007724112 -66.27781 
1786056089.271 -0.001912995 -0.008913097 0.006593562 -65.77908 
1786056089.343 -0.001906705 -0.006092018 0.007029502 -65.26151 
1786056089.414 -0.006900223 -0.00814505 0.006879782 -64.73103 
1786056089.494 -0.001893086 -0.004820893 0.00692022 -64.16626 
1786056089.558 -0.001887042 -0.009502459 0.00796881 -63.70428 
1786056089.627 -0.001880455 -0.007519664 0.007562507 -63.20158 
1786056089.701 -0.001873291 -0.00778781 0.008028112 -62.66443 
1786056089.786 -0.001865205 -0.008059099 0.007601699 -62.06971 
1786056089.870 -0.001856155 -0.004580367 0.004223721 -61.41745 
1786056089.945 -0.001848302 -0.008331367 0.003897973 -60.86244 
1786056090.010 -0.001840747 -0.007213108 0.00520735 -60.32976 
1786056090.073 -0.001834284 -0.005536624 0.004676962 -59.88755 
1786056090.139 -0.001826392 -0.004846323 0.006301708 -59.36256 
1786056090.202 -0.001819284 -0.002283965 0.004745941 -58.89001 
1786056090.263 -0.001812194 -0.004410606 0.005677203 -58.42508 
1786056090.339 -0.001804193 -0.00458173 0.004597602 -57.90749 
1786056090.431 -0.001793938 -0.006989238 0.004764659 -57.25492 
1786056090.504 -0.001783985 -0.007973094 0.004742572 -56.63258 
1786056090.571 -0.001775707 -0.008982488 0.004888137 -56.12249 
1786056090.631 -0.00176893 -0.007181117 0.004960838 -55.70252 
1786056090.691 -0.00176108 -0.006501942 0.005027637 -55.23749 
1786056090.773 -0.00175123 -0.007622625 0.005096593 -54.65253 
1786056090.834 -0.001742656 -0.005241279 0.005334795 -54.15009 
1786056090.897 -0.001734498 -0.0033375 0.005225575 -53.67031 
1786056090.953 -0.001727563 -0.004841855 0.004054833 -53.27265 
1786056091.010 -0.001719767 -0.004615929 0.004794249 -52.83752 
1786056091.067 -0.001712294 -0.007897502 0.004020197 -52.41763 
1786056091.127 -0.001703801 -0.009912866 0.004548521 -51.94521 
1786056091.181 -0.00169686 -0.007559381 0.004870407 -51.56246 
1786056091.236 -0.001688895 -0.004762882 0.004242971 -51.12754 
1786056091.293 -0.00168169 -0.008841469 0.004021998 -50.73754 
1786056091.373 -0.001670629 -0.009421618 0.00493069 -50.14512 
1786056091.443 -0.001661282 -0.006561213 0.003765528 -49.65013 
1786056091.500 -0.001651695 -0.005410805 0.00362124 -49.14757 
1786056091.554 -0.001643898 -0.002609861 0.002742081 -48.74249 
1786056091.609 -0.001636184 -0.003947617 0.003102883 -48.34501 
1786056091.665 -0.00162782 -0.005353048 0.002315953 -47.91762 
1786056091.721 -0.001619683 -0.007274356 0.002577856 -47.50523 
1786056091.780 -0.001610734 -0.008440115 0.0005572786 -47.05492 
1786056091.841 -0.001601709 -0.008090012 0.001565987 -46.60513 
1786056091.901 -0.001592457 -0.007206053 0.0002120741 -46.14755 
1786056091.951 -0.001584508 -0.009249388 0.001137019 -45.75757 
1786056092.022 -0.001574649 -0.00576781 8.543275e-05 -45.27009 
1786056092.077 -0.001565642 -0.0004809503 -0.001327541 -44.84254 
1786056092.133 -0.001556723 -0.003786594 -0.0001624481 -44.415 
1786056092.182 -0.00154853 -0.004583223 -0.0001302738 -44.02506 
1786056092.242 -0.001539646 -0.005297853 -0.003118388 -43.59759 
1786056092.299 -0.001530219 -0.009766222 -0.003013469 -43.16264 
1786056092.359 -0.001521369 -0.00279388 -0.004803785 -42.74226 
1786056092.419 -0.001511484 -0.007731419 -0.005259417 -42.2922 
1786056092.483 -0.001500709 -0.00573697 -0.004763046 -41.79758 
1786056092.546 -0.001490345 -0.005084867 -0.005162575 -41.31765 
1786056092.597 -0.001481235 -0.004869079 -0.005153022 -40.91256 
1786056092.655 -0.001471902 -0.003472703 -0.005895857 -40.49262 
1786056092.722 -0.006461836 -0.005822902 -0.005637209 -40.04259 
1786056092.813 -0.001447293 -0.007361159 -0.006900988 -39.3977 
1786056092.877 -0.001435185 -0.007903724 -0.006322366 -38.86487 
1786056092.935 -0.001424537 -0.009533776 -0.005336439 -38.39998 
1786056092.991 -0.001414513 -0.00784538 -0.006087471 -37.96515 
1786056093.050 -0.001404431 -0.001531492 -0.006175563 -37.52991 
1786056093.115 -0.001393236 -0.003493614 -0.006213617 -37.04997 
1786056093.175 -0.001382677 -0.004155152 -0.007484384 -36.59994 
1786056093.232 -0.001372588 -0.006912898 -0.006878288 -36.16486 
1786056093.294 -0.001361374 -0.004745349 -0.005703811 -35.7002 
1786056093.370 -0.001349194 -0.006845669 -0.005958343 -35.19007 
1786056093.430 -0.001338023 -0.004471551 -0.005313994 -34.72507 
1786056093.489 -0.001326425 -0.003546388 -0.005248088 -34.24504 
1786056093.544 -0.001316405 -0.004134597 -0.006165443 -33.82505 
1786056093.598 -0.006306152 -0.003266592 -0.006421561 -33.4127 
1786056093.649 -0.001296772 -0.002717611 -0.006659067 -33.02978 
1786056093.708 -0.001286241 -0.006145368 -0.005212275 -32.59506 
1786056093.774 -0.001274914 -0.005381389 -0.00513185 -32.14515 
1786056093.839 -0.001262407 -0.009929351 -0.005922354 -31.64261 
1786056093.898 -0.006250774 -0.007762577 -0.005536503 -31.17747 
1786056093.951 -0.001240406 -0.007903396 -0.005819138 -30.76503 
1786056094.019 -0.006229045 -0.002002228 -0.00619616 -30.30754 
1786056094.084 -0.001215533 -0.00229982 -0.006508874 -29.77499 
1786056094.141 -0.006204825 -0.003976332 -0.007822705 -29.35463 
1786056094.193 -0.001194265 -0.008167973 -0.005643815 -28.94985 
1786056094.262 -0.001181344 -0.007845638 -0.005978999 -28.44764 
1786056094.322 -0.001169919 -0.006972067 -0.00622736 -27.99767 
1786056094.381 -0.006158513 -0.004405286 -0.007091594 -27.56537 
1786056094.432 -0.00114792 -0.003404268 -0.006654869 -27.15849 
1786056094.494 -0.001137368 0.001336343 -0.006643459 -26.75458 
1786056094.556 -0.006124952 0.002003016 -0.007052853 -26.28114 
1786056094.612 -0.006114304 -0.003705461 -0.007351414 -25.87667 
1786056094.671 -0.001103513 -0.004687148 -0.006647231 -25.46134 
1786056094.750 -0.00108939 -0.005869269 -0.006533931 -24.92888 
1786056094.825 -0.001074424 -0.004190859 -0.006634086 -24.37427 
1786056094.883 -0.001063268 0.001190259 -0.006942531 -23.95713 
1786056094.944 -0.001052173 0.002145432 -0.006707517 -23.5436 
1786056095.002 -0.001041323 0.005981837 -0.00657268 -23.13336 
1786056095.058 -0.001030899 -0.0007978745 -0.00697525 -22.75431 
1786056095.112 -0.001021078 0.003514563 -0.007024234 -22.39151 
1786056095.171 -0.00101131 0.002060437 -0.007310138 -22.02483 
1786056095.235 -0.005999805 0.004664201 -0.007628197 -21.60195 
1786056095.292 -0.0009885555 0.004201636 -0.006279849 -21.19664 
1786056095.359 -0.0009772069 0.008763732 -0.006595228 -20.78211 
1786056095.428 -0.000966115 0.0128625 -0.007740086 -20.36469 
1786056095.485 -0.0009549292 0.002034881 -0.007406583 -19.97117 
1786056095.540 -0.0009452107 0.005937212 -0.00737201 -19.61886 
1786056095.601 -0.005935558 0.005533269 -0.006740855 -19.26343 
1786056095.661 -0.0009252887 0.005127986 -0.006429263 -18.89901 
1786056095.719 -0.0009145896 0.005745853 -0.006682449 -18.51355 
1786056095.782 -0.0009044803 0.007014038 -0.007038502 -18.15042 
1786056095.851 -0.0008937847 0.008296306 -0.006622844 -17.76663 
1786056095.913 -0.0008821912 0.006117239 -0.007012045 -17.35196 
1786056095.970 -0.00087316 0.005282801 -0.006793261 -17.02948 
1786056096.029 -0.0008632247 0.003780955 -0.007319988 -16.67532 
1786056096.082 -0.0008546624 0.004502067 -0.007354616 -16.37052 
1786056096.141 -0.005845687 0.00630437 -0.006810148 -16.05187 
1786056096.197 -0.005836469 0.005806306 -0.007357277 -15.72486 
1786056096.263 -0.0008262339 0.007054048 -0.007212913 -15.36235 
1786056096.325 -0.0008162558 0.00937524 -0.006838539 -15.00977 
1786056096.398 -0.0008062238 0.00940685 -0.006177235 -14.65576 
1786056096.455 -0.0007962956 0.009260601 -0.00669806 -14.30605 
1786056096.513 -0.0007873745 0.004720295 -0.006904103 -13.98681 
1786056096.569 -0.0007792856 0.004117892 -0.007235544 -13.70255 
1786056096.627 -0.0007705317 0.008709069 -0.006090913 -13.40074 
1786056096.678 -0.0007628894 0.005144571 -0.007398822 -13.13287 
1786056096.746 -0.0007535782 0.002839287 -0.006770433 -12.80718 
1786056096.815 -0.0007438004 0.004111839 -0.006266968 -12.46013 
1786056096.874 -0.0007348482 0.00566442 -0.006271915 -12.15251 
1786056096.938 -0.000726139 0.01033343 -0.007032163 -11.84865 
1786056096.991 -0.0007183592 0.008499108 -0.006313695 -11.57769 
1786056097.047 -0.000711209 0.006919667 -0.006503765 -11.32879 
1786056097.099 -0.0007035889 0.007582313 -0.0067266 -11.06386 
1786056097.153 -0.0006964538 0.004880376 -0.006218253 -10.81596 
1786056097.210 -0.000688864 0.007330779 -0.0070579 -10.55241 
1786056097.267 -0.005681492 0.007430564 -0.007115572 -10.29666 
1786056097.319 -0.0006744638 0.005103216 -0.006229048 -10.05316 
1786056097.380 -0.0006668749 0.007310969 -0.006303862 -9.78591 
1786056097.437 -0.0006595068 0.004519785 -0.007137051 -9.535419 
1786056097.501 -0.0006518567 0.007451915 -0.006477963 -9.270892 
1786056097.553 -0.0006448003 0.007790484 -0.006607368 -9.027037 
1786056097.609 -0.0006381978 0.006798994 -0.00696797 -8.799066 
1786056097.678 -0.000630357 0.009323352 -0.006121878 -8.528547 
1786056097.745 -0.0006229872 0.005785217 -0.006519939 -8.274294 
1786056097.806 -0.0006149109 0.00732174 -0.007009046 -7.996077 
1786056097.868 -0.0006078815 0.004812078 -0.006738272 -7.753904 
1786056097.923 -0.0006014071 0.004302751 -0.005918955 -7.531037 
1786056097.978 -0.0005951351 0.006436877 -0.006060077 -7.31536 
1786056098.027 -0.0005896096 0.00714545 -0.006985575 -7.125396 
1786056098.094 -0.0005833965 0.004528968 -0.006983646 -6.908035 
1786056098.166 -0.0005761045 0.007849616 -0.006313176 -6.661295 
1786056098.231 -0.0005681095 0.009048102 -0.005999962 -6.383143 
1786056098.313 -0.0005603806 0.008820489 -0.006477007 -6.121634 
1786056098.387 -0.0005530117 0.005454255 -0.005997974 -5.868696 
1786056098.443 -0.0005464803 0.006046931 -0.007241715 -5.644882 
1786056098.501 -0.0005410362 0.003888973 -0.006023326 -5.454908 
1786056098.555 -0.0005357768 0.005822166 -0.005702521 -5.274791 
1786056098.609 -0.000530884 0.003378722 -0.006249258 -5.11041 
1786056098.662 -0.0005257018 0.005649219 -0.005641842 -4.932956 
1786056098.726 -0.0005203396 0.008347597 -0.006376239 -4.746132 
1786056098.788 -0.0005147245 0.005146988 -0.005535544 -4.554239 
1786056098.860 -0.0005088786 0.004662132 -0.006208288 -4.357185 
1786056098.919 -0.0005030781 0.008839499 -0.00627842 -4.158583 
1786056098.976 -0.0004984016 0.007695834 -0.006089832 -3.998792 
1786056099.060 -0.0004927644 0.01106691 -0.006306972 -3.806012 
1786056099.130 -0.000486088 0.007970534 -0.005310556 -3.577754 
1786056099.184 -0.0004818275 0.007635689 -0.00539375 -3.429635 
1786056099.237 -0.00047773 0.007702317 -0.006016234 -3.292195 
1786056099.293 -0.0004736437 0.005247027 -0.005755571 -3.150046 
1786056099.347 -0.0004697893 0.007140258 -0.006746571 -3.018434 
1786056099.407 -0.0004658055 0.006299461 -0.006325256 -2.884829 
1786056099.463 -0.0004616386 0.006472666 -0.005312864 -2.742502 
1786056099.523 -0.0004576434 0.007450738 -0.006503135 -2.606075 
1786056099.585 -0.0004538801 0.00470694 -0.005808456 -2.475163 
1786056099.640 -0.0004498309 0.007369855 -0.005570635 -2.339285 
1786056099.699 -0.0004462672 0.006750879 -0.006430519 -2.217667 
1786056099.768 -0.0004423789 0.00472197 -0.006059571 -2.082832 
1786056099.851 -0.0004375719 0.006081902 -0.006120139 -1.920742 
1786056099.926 -0.000433237 0.0076399 -0.00544357 -1.769078 
1786056100.003 -0.0004293404 0.005985113 -0.005515198 -1.639834 
1786056100.078 -0.0004255446 0.003305654 -0.005644513 -1.508568 
1786056100.158 -0.0004215153 0.006213771 -0.0053627 -1.371065 
1786056100.231 -0.0004178167 0.004273528 -0.004482747 -1.245076 
1786056100.287 -0.0004150039 0.003898688 -0.004864759 -1.15065 
1786056100.343 -0.0004124744 0.004810578 -0.004415788 -1.064356 
1786056100.406 -0.0004100846 0.004384997 -0.003881012 -0.982814 
1786056100.466 -0.005407711 0.007088678 -0.004045208 -0.9018145 
1786056100.522 -0.000405402 0.006083852 -0.003756553 -0.8230597 
1786056100.576 -0.000403342 0.004654042 -0.004695944 -0.7527848 
1786056100.631 -0.0004014426 0.005895825 -0.003944836 -0.6879969 
1786056100.684 -0.0003996287 0.007457123 -0.003781973 -0.6260899 
1786056100.739 -0.0053979 0.005338947 -0.004154464 -0.5671116 
1786056100.805 -0.0003959329 0.005621673 -0.004465561 -0.5000245 
1786056100.876 -0.0003940895 0.004322101 -0.004086463 -0.4362027 
1786056100.948 -0.0003922936 0.006549672 -0.004232885 -0.3758537 
1786056101.027 0.009609669 0.01535455 -0.0006995718 -0.3081112 
1786056101.098 0.01461125 0.01743341 0.007114183 -0.2541909 
1786056101.161 0.01961266 0.01973321 0.009483614 -0.2060945 
1786056101.223 0.01961378 0.02330246 0.01017633 -0.1682145 
1786056101.289 0.01461482 0.01970037 0.01069266 -0.1331467 
1786056101.348 0.01461564 0.01613063 0.009746406 -0.1053593 
1786056101.402 0.01461636 0.01475047 0.008699569 -0.08080516 
1786056101.462 0.014617 0.01379062 0.008851456 -0.05848408 
1786056101.520 0.01461753 0.01374713 0.008937971 -0.04061931 
1786056101.576 0.01461796 0.01189335 0.007715549 -0.02599487 
1786056101.629 0.01461828 0.0201035 0.0090071 -0.01531337 
1786056101.685 0.01961851 0.01935978 0.01028594 -0.007320475 
1786056101.751 0.01461867 0.01645291 0.009018398 -0.001800259 
1786056101.817 0.009618724 0.01437456 0.007748557 1.54261e-08 
1786056101.874 0.009618724 0.01037456 0.007748557 1.54261e-08 
1786056101.934 0.009618724 0.01037456 0.006478557 1.54261e-08 
1786056101.996 0.009618724 0.01037456 0.006478557 1.54261e-08 
1786056102.044 0.009618724 0.01037456 0.006478557 1.54261e-08 
1786056102.097 0.009618724 0.01037456 0.006478557 1.54261e-08 
1786056102.153 0.01461872 0.01037456 0.006478557 1.54261e-08 
1786056102.202 0.01461872 0.01437456 0.006478557 1.54261e-08 
1786056102.251 0.01461872 0.01437456 0.006478557 1.54261e-08 
1786056102.313 0.01461872 0.01437456 0.007748557 1.54261e-08 
1786056102.366 0.01461872 0.01437456 0.007748557 1.54261e-08 
1786056102.419 0.01461872 0.01437456 0.006478557 1.54261e-08 
1786056102.475 0.009618724 0.01037456 0.007748557 1.54261e-08 
1786056102.532 0.009618724 0.01037456 0.007748557 1.54261e-08 
1786056102.583 0.01461872 0.01437456 0.007748557 1.54261e-08 
1786056102.638 0.01461872 0.01437456 0.007748557 1.54261e-08 
1786056102.690 0.01461872 0.01437456 0.009018556 1.54261e-08 
1786056102.742 0.01461872 0.01437456 0.009018556 1.54261e-08 
1786056102.802 0.01461872 0.01837456 0.009018556 1.54261e-08 
1786056102.854 0.01461872 0.01837456 0.01028856 1.54261e-08 
1786056102.905 0.01461872 0.01837456 0.009018556 1.54261e-08 
1786056102.964 0.01461872 0.01837456 0.01028856 1.54261e-08 
1786056103.027 0.01461872 0.01837456 0.009018556 1.54261e-08 
1786056103.077 0.01461872 0.01837456 0.009018556 1.54261e-08 
1786056103.127 0.01461872 0.01837456 0.009018556 1.54261e-08 
1786056103.180 0.01461872 0.01837456 0.009018556 1.54261e-08 
1786056103.232 0.01461872 0.01837456 0.009018556 1.54261e-08 
1786056103.287 0.01461872 0.01837456 0.009018556 1.54261e-08 
1786056103.342 0.01461872 0.01437456 0.009018556 1.54261e-08 
1786056103.391 0.01461872 0.01437456 0.007748557 1.54261e-08 
1786056103.453 0.009618724 0.01437456 0.007748557 1.54261e-08 
1786056103.505 0.009618724 0.01437456 0.007748557 1.54261e-08 
1786056103.554 0.009618724 0.01037456 0.007748557 1.54261e-08 
1786056103.606 0.009618724 0.01037456 0.007748557 1.54261e-08 
1786056103.669 0.009618724 0.01037456 0.007748557 1.54261e-08 
1786056103.717 0.01461872 0.01437456 0.007748557 1.54261e-08 
1786056103.771 0.009618724 0.01437456 0.007748557 1.54261e-08 
1786056103.828 0.01461872 0.01437456 0.009018556 1.54261e-08 
1786056103.893 0.01461872 0.01437456 0.009018556 1.54261e-08 
1786056103.960 0.01461872 0.01437456 0.01028856 1.54261e-08 
1786056104.022 0.01461872 0.01437456 0.01028856 1.54261e-08 
1786056104.073 0.01461872 0.01437456 0.01028856 1.54261e-08 
1786056104.127 0.01461872 0.01837456 0.01028856 1.54261e-08 
1786056104.179 0.01461872 0.01437456 0.01028856 1.54261e-08 
1786056104.230 0.01461872 0.01437456 0.01028856 1.54261e-08 
1786056104.277 0.01461872 0.01437456 0.01028856 1.54261e-08 
1786056104.327 0.01461872 0.01437456 0.01028856 1.54261e-08 
1786056104.378 0.009618724 0.01437456 0.009018556 1.54261e-08 
1786056104.431 0.009618724 0.01437456 0.009018556 1.54261e-08 
1786056104.481 0.009618724 0.01437456 0.009018556 1.54261e-08 
1786056104.530 0.009618724 0.01037456 0.009018556 1.54261e-08 
1786056104.579 0.009618724 0.01037456 0.007748557 1.54261e-08 
1786056104.630 0.009618724 0.01037456 0.007748557 1.54261e-08 
1786056104.678 0.009618724 0.01037456 0.006478557 1.54261e-08 
1786056104.726 0.009618724 0.01037456 0.006478557 1.54261e-08 
1786056104.788 0.009618724 0.01037456 0.006478557 1.54261e-08 
1786056104.845 0.009618724 0.01037456 0.007748557 1.54261e-08 
1786056104.913 0.009618724 0.01037456 0.006478557 1.54261e-08 
1786056104.973 0.009618724 0.01037456 0.006478557 1.54261e-08 
1786056105.036 0.009618724 0.01437456 0.007748557 1.54261e-08 
1786056105.089 0.009618724 0.01437456 0.007748557 1.54261e-08 
1786056105.143 0.009618724 0.01437456 0.007748557 1.54261e-08 
1786056105.202 0.009618724 0.01437456 0.007748557 1.54261e-08 
1786056105.255 0.009618724 0.01437456 0.007748557 1.54261e-08 
1786056105.304 0.009618724 0.01037456 0.006478557 1.54261e-08 
1786056105.357 0.009618724 0.01037456 0.007748557 1.54261e-08 
1786056105.404 0.009618724 0.01037456 0.006478557 1.54261e-08 
1786056105.457 0.009618724 0.01037456 0.006478557 1.54261e-08 
1786056105.508 0.009618724 0.01037456 0.006478557 1.54261e-08 
1786056105.557 0.009618724 0.01037456 0.006478557 1.54261e-08 
1786056105.608 0.009618724 0.01037456 0.006478557 1.54261e-08 
1786056105.666 0.004618724 0.006374562 0.005208558 1.54261e-08 
1786056105.716 0.009618724 0.01037456 0.006478557 1.54261e-08 
1786056105.781 0.004618724 0.006374562 0.005208558 1.54261e-08 
1786056105.841 0.004618724 0.006374562 0.005208558 1.54261e-08 
1786056105.902 0.004618724 0.006374562 0.006478557 1.54261e-08 
1786056105.951 0.009618724 0.006374562 0.006478557 1.54261e-08 
1786056106.005 0.004618724 0.006374562 0.005208558 1.54261e-08 
1786056106.055 0.004618724 0.006374562 0.006478557 1.54261e-08 
1786056106.107 0.004618724 0.006374562 0.006478557 1.54261e-08 
1786056106.160 0.004618724 0.006374562 0.006478557 1.54261e-08 
1786056106.213 0.009618724 0.006374562 0.006478557 1.54261e-08 
1786056106.263 0.004618724 0.006374562 0.006478557 1.54261e-08 
1786056106.325 0.009618724 0.006374562 0.005208558 1.54261e-08 
1786056106.383 0.004618724 0.006374562 0.006478557 1.54261e-08 
1786056106.438 0.004618724 0.006374562 0.005208558 1.54261e-08 
1786056106.487 0.009618724 0.006374562 0.005208558 1.54261e-08 
1786056106.547 0.009618724 0.006374562 0.006478557 1.54261e-08 
1786056106.597 0.009618724 0.006374562 0.006478557 1.54261e-08 
1786056106.655 0.009618724 0.01037456 0.006478557 1.54261e-08 
1786056106.704 0.009618724 0.01037456 0.006478557 1.54261e-08 
1786056106.764 0.009618724 0.01037456 0.006478557 1.54261e-08 
1786056106.827 0.009618724 0.01037456 0.007748557 1.54261e-08 
1786056106.916 0.009618724 0.01037456 0.007748557 1.54261e-08 
1786056106.979 0.01461872 0.01037456 0.007748557 1.54261e-08 
1786056107.040 0.009618724 0.01037456 0.007748557 1.54261e-08 
1786056107.093 0.01461872 0.01037456 0.009018556 1.54261e-08 
1786056107.147 0.01461872 0.01437456 0.009018556 1.54261e-08 
1786056107.202 0.01461872 0.01437456 0.009018556 1.54261e-08 
1786056107.254 0.01461872 0.01437456 0.009018556 1.54261e-08 
1786056107.303 0.01461872 0.01437456 0.01028856 1.54261e-08 
1786056107.364 0.01461872 0.01437456 0.01028856 1.54261e-08 
1786056107.420 0.01961872 0.01837456 0.01028856 1.54261e-08 
1786056107.473 0.01461872 0.01437456 0.01028856 1.54261e-08 
1786056107.525 0.01961872 0.01837456 0.01155855 1.54261e-08 
1786056107.584 0.01461872 0.01437456 0.01028856 1.54261e-08 
1786056107.633 0.01961872 0.01837456 0.01028856 1.54261e-08 
1786056107.687 0.01461872 0.01837456 0.01028856 1.54261e-08 
1786056107.741 0.01461872 0.01437456 0.01028856 1.54261e-08 
1786056107.802 0.01461872 0.01437456 0.009018556 1.54261e-08 
1786056107.863 0.009618724 0.01437456 0.009018556 1.54261e-08 
1786056107.918 0.01461872 0.01437456 0.009018556 1.54261e-08 
1786056107.969 0.009618724 0.01437456 0.007748557 1.54261e-08 
1786056108.030 0.009618724 0.01437456 0.007748557 1.54261e-08 
1786056108.084 0.01461872 0.01437456 0.007748557 1.54261e-08 
1786056108.142 0.009618724 0.01437456 0.007748557 1.54261e-08 
1786056108.194 0.009618724 0.01037456 0.007748557 1.54261e-08 
1786056108.270 0.009618724 0.01037456 0.006478557 1.54261e-08 
1786056108.331 0.009618724 0.01037456 0.006478557 1.54261e-08 
1786056108.383 0.009618724 0.01437456 0.006478557 1.54261e-08 
1786056108.431 0.009618724 0.01037456 0.006478557 1.54261e-08 
1786056108.492 0.009618724 0.01037456 0.006478557 1.54261e-08 
1786056108.545 0.009618724 0.01037456 0.006478557 1.54261e-08 
1786056108.594 0.009618724 0.01037456 0.005208558 1.54261e-08 
1786056108.644 0.004618724 0.01037456 0.005208558 1.54261e-08 
1786056108.706 0.004618724 0.006374562 0.003938559 1.54261e-08 
1786056108.756 0.004618724 0.006374562 0.003938559 1.54261e-08 
1786056108.815 0.004618724 0.006374562 0.00139856 1.54261e-08 
1786056108.879 0.004618724 0.006374562 0.0001285608 1.54261e-08 
1786056108.939 0.004618724 0.002374562 -0.002411438 1.54261e-08 
1786056108.991 0.004618724 0.002374562 -0.004951436 1.54261e-08 
1786056109.048 0.004618724 -0.001625438 -0.007491435 1.54261e-08 
1786056109.100 0.004618724 -0.001625438 -0.007491435 1.54261e-08 
1786056109.154 -0.0003812761 -0.005625438 -0.008761434 1.54261e-08 
1786056109.205 -0.005381276 -0.009625438 -0.008761434 1.54261e-08 
1786056109.258 -0.005381276 -0.005625438 -0.007491435 1.54261e-08 
1786056109.308 -0.005381276 -0.009625438 -0.007491435 1.54261e-08 
1786056109.360 -0.01038128 -0.009625438 -0.007491435 1.54261e-08 
1786056109.413 -0.01038128 -0.009625438 -0.008761434 1.54261e-08 
1786056109.464 -0.01038128 -0.009625438 -0.008761434 1.54261e-08 
1786056109.521 -0.005381276 -0.009625438 -0.008761434 1.54261e-08 
1786056109.583 -0.01038128 -0.009625438 -0.008761434 1.54261e-08 
1786056109.631 -0.01038128 -0.009625438 -0.008761434 1.54261e-08 
1786056109.682 -0.01038128 -0.009625438 -0.008761434 1.54261e-08 
1786056109.737 -0.01038128 -0.009625438 -0.008761434 1.54261e-08 
1786056109.787 -0.01038128 -0.01362544 -0.008761434 1.54261e-08 
1786056109.881 -0.01038128 -0.01362544 -0.008761434 1.54261e-08 
1786056109.946 -0.005381276 -0.009625438 -0.007491435 1.54261e-08 
1786056110.011 -0.005381276 -0.009625438 -0.007491435 1.54261e-08 
1786056110.065 -0.005381276 -0.009625438 -0.007491435 1.54261e-08 
1786056110.119 -0.005381276 -0.009625438 -0.006221436 1.54261e-08 
1786056110.173 -0.005381276 -0.005625438 -0.006221436 1.54261e-08 
1786056110.224 -0.005381276 -0.005625438 -0.006221436 1.54261e-08 
1786056110.275 -0.005381276 -0.005625438 -0.004951436 1.54261e-08 
1786056110.325 -0.0003812761 -0.005625438 -0.004951436 1.54261e-08 
1786056110.379 -0.0003812761 -0.001625438 -0.003681437 1.54261e-08 
1786056110.429 0.004618724 -0.001625438 -0.003681437 1.54261e-08 
1786056110.483 0.009618724 0.002374562 -0.001141438 1.54261e-08 
1786056110.536 0.009618724 0.002374562 0.0001285608 1.54261e-08 
1786056110.585 0.009618724 0.006374562 0.002668559 1.54261e-08 
1786056110.639 0.009618724 0.006374562 0.005208558 1.54261e-08 
1786056110.694 0.01461872 0.01037456 0.006478557 1.54261e-08 
1786056110.746 0.009618724 0.006374562 0.007748557 1.54261e-08 
1786056110.814 0.009618724 0.01037456 0.007748557 1.54261e-08 
1786056110.885 0.009618724 0.006374562 0.007748557 1.54261e-08 
1786056110.966 0.009618724 0.006374562 0.006478557 1.54261e-08 
1786056111.038 0.009618724 0.01037456 0.006478557 1.54261e-08 
1786056111.096 0.009618724 0.006374562 0.006478557 1.54261e-08 
1786056111.152 0.009618724 0.01037456 0.006478557 1.54261e-08 
1786056111.213 0.009618724 0.006374562 0.006478557 1.54261e-08 
1786056111.272 0.004618724 0.006374562 0.005208558 1.54261e-08 
1786056111.325 0.009618724 0.006374562 0.006478557 1.54261e-08 
1786056111.378 0.004618724 0.006374562 0.005208558 1.54261e-08 
1786056111.430 0.004618724 0.006374562 0.005208558 1.54261e-08 
1786056111.489 0.004618724 0.006374562 0.005208558 1.54261e-08 
1786056111.540 0.004618724 0.006374562 0.005208558 1.54261e-08 
1786056111.591 0.009618724 0.002374562 0.005208558 1.54261e-08 
1786056111.642 0.004618724 0.006374562 0.005208558 1.54261e-08 
1786056111.700 0.004618724 0.002374562 0.003938559 1.54261e-08 
1786056111.758 0.004618724 0.002374562 0.003938559 1.54261e-08 
1786056111.821 0.004618724 0.002374562 0.002668559 1.54261e-08 
1786056111.886 0.004618724 0.002374562 0.002668559 1.54261e-08 
1786056111.950 -0.0003812761 -0.001625438 0.00139856 1.54261e-08 
1786056112.010 -0.0003812761 -0.001625438 0.0001285608 1.54261e-08 
1786056112.081 -0.005381276 -0.005625438 -0.002411438 1.54261e-08 
1786056112.137 -0.005381276 -0.005625438 -0.003681437 1.54261e-08 
1786056112.191 -0.005381276 -0.005625438 -0.006221436 1.54261e-08 
1786056112.275 -0.01038128 -0.009625438 -0.007491435 1.54261e-08 
1786056112.331 -0.01038128 -0.009625438 -0.007491435 1.54261e-08 
1786056112.403 -0.01038128 -0.009625438 -0.007491435 1.54261e-08 
1786056112.463 -0.01038128 -0.009625438 -0.007491435 1.54261e-08 
1786056112.520 -0.01038128 -0.009625438 -0.007491435 1.54261e-08 
1786056112.574 -0.01038128 -0.009625438 -0.007491435 1.54261e-08 
1786056112.629 -0.01038128 -0.01362544 -0.007491435 1.54261e-08 
1786056112.681 -0.01038128 -0.009625438 -0.007491435 1.54261e-08 
1786056112.747 -0.01038128 -0.009625438 -0.007491435 1.54261e-08 
1786056112.828 -0.01038128 -0.009625438 -0.008761434 1.54261e-08 
1786056112.914 -0.01038128 -0.009625438 -0.007491435 1.54261e-08 
1786056112.985 -0.01038128 -0.009625438 -0.007491435 1.54261e-08 
1786056113.071 -0.01038128 -0.01362544 -0.008761434 1.54261e-08 
1786056113.146 -0.01038128 -0.009625438 -0.007491435 1.54261e-08 
1786056113.235 -0.01038128 -0.01362544 -0.008761434 1.54261e-08 
1786056113.312 -0.01038128 -0.01362544 -0.007491435 1.54261e-08 
1786056113.388 -0.01038128 -0.01362544 -0.008761434 1.54261e-08 
1786056113.456 -0.01038128 -0.009625438 -0.008761434 1.54261e-08 
1786056113.532 -0.01038128 -0.01362544 -0.008761434 1.54261e-08 
1786056113.603 -0.01038128 -0.009625438 -0.008761434 1.54261e-08 
1786056113.666 -0.01538128 -0.01362544 -0.008761434 1.54261e-08 
1786056113.734 -0.01538128 -0.01362544 -0.008761434 1.54261e-08 
1786056113.800 -0.01538128 -0.01362544 -0.008761434 1.54261e-08 
1786056113.855 -0.01038128 -0.01362544 -0.008761434 1.54261e-08 
1786056113.911 -0.01038128 -0.01362544 -0.008761434 1.54261e-08 
1786056113.963 -0.01538128 -0.01362544 -0.008761434 1.54261e-08 
1786056114.024 -0.01038128 -0.01362544 -0.007491435 1.54261e-08 
1786056114.078 -0.01038128 -0.009625438 -0.007491435 1.54261e-08 
1786056114.127 -0.01038128 -0.01362544 -0.008761434 1.54261e-08 
1786056114.184 -0.01038128 -0.009625438 -0.007491435 1.54261e-08 
1786056114.242 -0.01038128 -0.009625438 -0.007491435 1.54261e-08 
1786056114.297 -0.01038128 -0.01362544 -0.008761434 1.54261e-08 
1786056114.346 -0.01038128 -0.009625438 -0.007491435 1.54261e-08 
1786056114.411 -0.01038128 -0.009625438 -0.007491435 1.54261e-08 
1786056114.463 -0.01038128 -0.01362544 -0.007491435 1.54261e-08 
1786056114.523 -0.01038128 -0.009625438 -0.007491435 1.54261e-08 
1786056114.578 -0.01038128 -0.009625438 -0.007491435 1.54261e-08 
1786056114.636 -0.005381276 -0.009625438 -0.006221436 1.54261e-08 
1786056114.694 -0.005381276 -0.009625438 -0.006221436 1.54261e-08 
1786056114.752 -0.005381276 -0.005625438 -0.004951436 1.54261e-08 
1786056114.806 -0.005381276 -0.005625438 -0.004951436 1.54261e-08 
1786056114.865 -0.005381276 -0.005625438 -0.004951436 1.54261e-08 
1786056114.917 -0.005381276 -0.005625438 -0.004951436 1.54261e-08 
1786056114.978 -0.005381276 -0.005625438 -0.004951436 1.54261e-08 
1786056115.032 -0.005381276 -0.005625438 -0.004951436 1.54261e-08 
1786056115.099 -0.005381276 -0.005625438 -0.004951436 1.54261e-08 
1786056115.148 -0.0003812761 -0.005625438 -0.003681437 1.54261e-08 
1786056115.208 -0.0003812761 -0.005625438 -0.003681437 1.54261e-08 
1786056115.261 -0.0003812761 -0.005625438 -0.002411438 1.54261e-08 
1786056115.313 -0.0003812761 -0.001625438 -0.001141438 1.54261e-08 
1786056115.364 0.004618724 -0.001625438 0.0001285608 1.54261e-08 
1786056115.421 0.004618724 -0.001625438 0.0001285608 1.54261e-08 
1786056115.471 0.004618724 -0.001625438 0.00139856 1.54261e-08 
1786056115.530 0.004618724 -0.001625438 0.002668559 1.54261e-08 
1786056115.587 0.009618724 0.002374562 0.005208558 1.54261e-08 
1786056115.639 0.004618724 0.002374562 0.005208558 1.54261e-08 
1786056115.690 0.004618724 0.002374562 0.005208558 1.54261e-08 
1786056115.749 0.004618724 0.002374562 0.005208558 1.54261e-08 
1786056115.800 0.009618724 0.006374562 0.005208558 1.54261e-08 
1786056115.852 0.004618724 0.006374562 0.005208558 1.54261e-08 
1786056115.905 0.004618724 0.002374562 0.005208558 1.54261e-08 
1786056115.959 0.004618724 0.002374562 0.006478557 1.54261e-08 
1786056116.009 0.004618724 0.002374562 0.005208558 1.54261e-08 
1786056116.065 0.004618724 0.002374562 0.005208558 1.54261e-08 
1786056116.116 0.004618724 0.002374562 0.005208558 1.54261e-08 
1786056116.171 0.004618724 0.002374562 0.005208558 1.54261e-08 
1786056116.221 0.004618724 0.002374562 0.005208558 1.54261e-08 
1786056116.271 -0.0003812761 0.002374562 0.005208558 1.54261e-08 
1786056116.325 -0.0003812761 0.002374562 0.005208558 1.54261e-08 
1786056116.375 -0.0003812761 0.002374562 0.005208558 1.54261e-08 
1786056116.425 -0.0003812761 0.002374562 0.003938559 1.54261e-08 
1786056116.479 -0.005381276 -0.001625438 0.003938559 1.54261e-08 
1786056116.535 -0.005381276 -0.001625438 0.003938559 1.54261e-08 
1786056116.587 -0.005381276 -0.001625438 0.002668559 1.54261e-08 
1786056116.645 -0.005381276 -0.001625438 0.002668559 1.54261e-08 
1786056116.696 -0.01038128 -0.005625438 0.00139856 1.54261e-08 
1786056116.746 -0.01038128 -0.005625438 0.0001285608 1.54261e-08 
1786056116.798 -0.01038128 -0.005625438 -0.001141438 1.54261e-08 
1786056116.849 -0.01038128 -0.009625438 -0.002411438 1.54261e-08 
1786056116.898 -0.005381276 -0.009625438 -0.004951436 1.54261e-08 
1786056116.957 -0.01038128 -0.009625438 -0.006221436 1.54261e-08 
1786056117.011 -0.01038128 -0.009625438 -0.007491435 1.54261e-08 
1786056117.064 -0.01038128 -0.009625438 -0.007491435 1.54261e-08 
1786056117.115 -0.01038128 -0.009625438 -0.007491435 1.54261e-08 
1786056117.165 -0.01038128 -0.009625438 -0.007491435 1.54261e-08 
1786056117.220 -0.01038128 -0.009625438 -0.007491435 1.54261e-08 
1786056117.270 -0.01038128 -0.009625438 -0.007491435 1.54261e-08 
1786056117.321 -0.01038128 -0.009625438 -0.007491435 1.54261e-08 
1786056117.372 -0.01038128 -0.009625438 -0.007491435 1.54261e-08 
1786056117.429 -0.01038128 -0.009625438 -0.007491435 1.54261e-08 
1786056117.485 -0.01038128 -0.009625438 -0.007491435 1.54261e-08 
1786056117.541 -0.01038128 -0.009625438 -0.007491435 1.54261e-08 
1786056117.606 -0.01038128 -0.009625438 -0.008761434 1.54261e-08 
1786056117.659 -0.01038128 -0.009625438 -0.007491435 1.54261e-08 
1786056117.714 -0.01038128 -0.01362544 -0.008761434 1.54261e-08 
1786056117.769 -0.01038128 -0.009625438 -0.007491435 1.54261e-08 
1786056117.824 -0.01038128 -0.009625438 -0.007491435 1.54261e-08 
1786056117.876 -0.01038128 -0.009625438 -0.007491435 1.54261e-08 
1786056117.933 -0.01038128 -0.009625438 -0.007491435 1.54261e-08 
1786056118.007 -0.005381276 -0.009625438 -0.007491435 1.54261e-08 
1786056118.065 -0.01038128 -0.009625438 -0.007491435 1.54261e-08 
1786056118.114 -0.01038128 -0.009625438 -0.007491435 1.54261e-08 
1786056118.167 -0.005381276 -0.009625438 -0.007491435 1.54261e-08 
1786056118.236 -0.005381276 -0.009625438 -0.007491435 1.54261e-08 
1786056118.285 -0.005381276 -0.009625438 -0.007491435 1.54261e-08 
1786056118.339 -0.01038128 -0.009625438 -0.007491435 1.54261e-08 
1786056118.391 -0.005381276 -0.009625438 -0.007491435 1.54261e-08 
1786056118.441 -0.005381276 -0.009625438 -0.006221436 1.54261e-08 
1786056118.497 -0.005381276 -0.009625438 -0.006221436 1.54261e-08 
1786056118.572 -0.005381276 -0.009625438 -0.006221436 1.54261e-08 
1786056118.636 -0.005381276 -0.005625438 -0.006221436 1.54261e-08 
1786056118.687 -0.005381276 -0.005625438 -0.006221436 1.54261e-08 
1786056118.747 -0.005381276 -0.009625438 -0.006221436 1.54261e-08 
1786056118.807 -0.005381276 -0.005625438 -0.006221436 1.54261e-08 
1786056118.877 -0.005381276 -0.005625438 -0.006221436 1.54261e-08 
1786056118.928 -0.005381276 -0.005625438 -0.004951436 1.54261e-08 
1786056118.980 -0.005381276 -0.005625438 -0.004951436 1.54261e-08 
1786056119.032 -0.005381276 -0.005625438 -0.004951436 1.54261e-08 
1786056119.083 -0.005381276 -0.005625438 -0.004951436 1.54261e-08 
1786056119.136 -0.005381276 -0.005625438 -0.004951436 1.54261e-08 
1786056119.193 -0.0003812761 -0.005625438 -0.003681437 1.54261e-08 
1786056119.243 -0.0003812761 -0.005625438 -0.003681437 1.54261e-08 
1786056119.290 -0.0003812761 -0.005625438 -0.002411438 1.54261e-08 
1786056119.342 -0.0003812761 -0.001625438 -0.002411438 1.54261e-08 
1786056119.392 -0.0003812761 -0.001625438 -0.001141438 1.54261e-08 
1786056119.449 -0.0003812761 -0.001625438 -0.001141438 1.54261e-08 
1786056119.512 -0.0003812761 -0.001625438 0.0001285608 1.54261e-08 
1786056119.565 -0.0003812761 -0.001625438 0.00139856 1.54261e-08 
1786056119.615 -0.0003812761 -0.001625438 0.002668559 1.54261e-08 
1786056119.673 -0.0003812761 -0.001625438 0.002668559 1.54261e-08 
1786056119.723 0.004618724 -0.001625438 0.003938559 1.54261e-08 
1786056119.774 0.004618724 -0.001625438 0.005208558 1.54261e-08 
1786056119.826 0.004618724 -0.001625438 0.006478557 1.54261e-08 
1786056119.879 0.004618724 -0.001625438 0.006478557 1.54261e-08 
1786056119.932 0.004618724 -0.001625438 0.006478557 1.54261e-08 
1786056119.988 0.004618724 -0.001625438 0.005208558 1.54261e-08 
1786056120.039 0.004618724 -0.001625438 0.005208558 1.54261e-08 
1786056120.097 0.004618724 -0.001625438 0.006478557 1.54261e-08 
1786056120.146 0.004618724 -0.001625438 0.006478557 1.54261e-08 
1786056120.194 0.004618724 -0.001625438 0.006478557 1.54261e-08 
1786056120.247 0.004618724 -0.001625438 0.005208558 1.54261e-08 
1786056120.304 0.004618724 -0.001625438 0.006478557 1.54261e-08 
1786056120.353 0.004618724 -0.001625438 0.005208558 1.54261e-08 
1786056120.402 0.004618724 -0.001625438 0.006478557 1.54261e-08 
1786056120.456 0.004618724 -0.001625438 0.006478557 1.54261e-08 
1786056120.505 0.004618724 -0.001625438 0.005208558 1.54261e-08 
1786056120.566 0.004618724 -0.001625438 0.005208558 1.54261e-08 
1786056120.625 0.004618724 -0.001625438 0.005208558 1.54261e-08 
1786056120.675 0.004618724 -0.001625438 0.006478557 1.54261e-08 
1786056120.730 0.004618724 -0.005625438 0.005208558 1.54261e-08 
1786056120.800 0.004618724 -0.001625438 0.005208558 1.54261e-08 
1786056120.854 -0.0003812761 -0.001625438 0.005208558 1.54261e-08 
1786056120.905 -0.0003812761 -0.005625438 0.005208558 1.54261e-08 
1786056120.961 -0.0003812761 -0.005625438 0.005208558 1.54261e-08 
1786056121.016 -0.0003812761 -0.005625438 0.005208558 1.54261e-08 
1786056121.067 -0.0003812761 -0.005625438 0.005208558 1.54261e-08 
1786056121.121 -0.005381276 -0.005625438 0.003938559 1.54261e-08 
1786056121.169 -0.005381276 -0.005625438 0.003938559 1.54261e-08 
1786056121.222 -0.005381276 -0.005625438 0.002668559 1.54261e-08 
1786056121.276 -0.005381276 -0.005625438 0.002668559 1.54261e-08 
1786056121.326 -0.005381276 -0.005625438 0.00139856 1.54261e-08 
1786056121.383 -0.005381276 -0.005625438 0.0001285608 1.54261e-08 
1786056121.445 -0.005381276 -0.005625438 -0.001141438 1.54261e-08 
1786056121.502 -0.005381276 -0.005625438 -0.003681437 1.54261e-08 
1786056121.553 -0.005381276 -0.005625438 -0.004951436 1.54261e-08 
1786056121.604 -0.005381276 -0.005625438 -0.006221436 1.54261e-08 
1786056121.665 -0.01038128 -0.009625438 -0.006221436 1.54261e-08 
1786056121.714 -0.005381276 -0.009625438 -0.007491435 1.54261e-08 
1786056121.766 -0.005381276 -0.005625438 -0.006221436 1.54261e-08 
1786056121.821 -0.01038128 -0.005625438 -0.007491435 1.54261e-08 
1786056121.870 -0.01038128 -0.009625438 -0.007491435 1.54261e-08 
1786056121.925 -0.01038128 -0.005625438 -0.006221436 1.54261e-08 
1786056121.976 -0.005381276 -0.005625438 -0.006221436 1.54261e-08 
1786056122.024 -0.005381276 -0.005625438 -0.006221436 1.54261e-08 
1786056122.081 -0.01038128 -0.009625438 -0.006221436 1.54261e-08 
1786056122.131 -0.005381276 -0.009625438 -0.006221436 1.54261e-08 
1786056122.182 -0.005381276 -0.005625438 -0.006221436 1.54261e-08 
1786056122.233 -0.005381276 -0.005625438 -0.006221436 1.54261e-08 
1786056122.284 -0.005381276 -0.005625438 -0.006221436 1.54261e-08 
1786056122.347 -0.005381276 -0.009625438 -0.006221436 1.54261e-08 
1786056122.409 -0.005381276 -0.009625438 -0.006221436 1.54261e-08 
1786056122.465 -0.005381276 -0.009625438 -0.006221436 1.54261e-08 
1786056122.513 -0.01038128 -0.005625438 -0.006221436 1.54261e-08 
1786056122.567 -0.005381276 -0.009625438 -0.006221436 1.54261e-08 
1786056122.623 -0.005381276 -0.009625438 -0.006221436 1.54261e-08 
1786056122.671 -0.01038128 -0.005625438 -0.006221436 1.54261e-08 
1786056122.727 -0.005381276 -0.005625438 -0.006221436 1.54261e-08 
1786056122.783 -0.005381276 -0.005625438 -0.006221436 1.54261e-08 
1786056122.833 -0.005381276 -0.005625438 -0.006221436 1.54261e-08 
1786056122.886 -0.005381276 -0.005625438 -0.004951436 1.54261e-08 
1786056122.942 -0.005381276 -0.005625438 -0.004951436 1.54261e-08 
1786056122.989 -0.005381276 -0.005625438 -0.004951436 1.54261e-08 
1786056123.047 -0.005381276 -0.005625438 -0.004951436 1.54261e-08 
1786056123.099 -0.005381276 -0.005625438 -0.004951436 1.54261e-08 
1786056123.150 -0.005381276 -0.005625438 -0.004951436 1.54261e-08 
1786056123.202 -0.005381276 -0.005625438 -0.004951436 1.54261e-08 
1786056123.250 -0.0003812761 -0.005625438 -0.004951436 1.54261e-08 
1786056123.302 -0.0003812761 -0.001625438 -0.004951436 1.54261e-08 
1786056123.359 -0.005381276 -0.005625438 -0.006221436 1.54261e-08 
1786056123.412 -0.005381276 -0.005625438 -0.006221436 1.54261e-08 
1786056123.463 -0.005381276 -0.001625438 -0.004951436 1.54261e-08 
1786056123.521 -0.0003812761 -0.001625438 -0.004951436 1.54261e-08 
1786056123.576 -0.0003812761 -0.001625438 -0.004951436 1.54261e-08 
1786056123.623 -0.0003812761 -0.001625438 -0.004951436 1.54261e-08 
1786056123.680 -0.0003812761 -0.001625438 -0.004951436 1.54261e-08 
1786056123.733 -0.0003812761 -0.001625438 -0.004951436 1.54261e-08 
1786056123.784 -0.0003812761 -0.001625438 -0.004951436 1.54261e-08 
1786056123.838 -0.0003812761 -0.001625438 -0.004951436 1.54261e-08 
1786056123.885 -0.0003812761 -0.001625438 -0.003681437 1.54261e-08 
1786056123.941 -0.0003812761 -0.001625438 -0.003681437 1.54261e-08 
1786056123.992 -0.0003812761 -0.001625438 -0.003681437 1.54261e-08 
1786056124.041 -0.0003812761 -0.001625438 -0.003681437 1.54261e-08 
1786056124.097 -0.0003812761 -0.001625438 -0.002411438 1.54261e-08 
1786056124.168 -0.0003812761 -0.001625438 -0.002411438 1.54261e-08 
1786056124.235 -0.0003812761 -0.001625438 -0.002411438 1.54261e-08 
1786056124.289 -0.0003812761 -0.001625438 -0.002411438 1.54261e-08 
1786056124.340 -0.0003812761 -0.001625438 -0.001141438 1.54261e-08 
1786056124.392 -0.0003812761 -0.001625438 -0.001141438 1.54261e-08 
1786056124.439 -0.0003812761 -0.001625438 -0.001141438 1.54261e-08 
1786056124.491 -0.0003812761 -0.001625438 -0.001141438 1.54261e-08 
1786056124.542 -0.0003812761 -0.001625438 -0.001141438 1.54261e-08 
1786056124.594 -0.0003812761 -0.001625438 0.0001285608 1.54261e-08 
1786056124.643 -0.0003812761 -0.001625438 0.0001285608 1.54261e-08 
1786056124.701 -0.0003812761 -0.001625438 0.0001285608 1.54261e-08 
1786056124.750 -0.0003812761 -0.001625438 0.0001285608 1.54261e-08 
1786056124.803 -0.0003812761 -0.001625438 0.0001285608 1.54261e-08 
1786056124.856 -0.0003812761 -0.005625438 -0.001141438 1.54261e-08 
1786056124.906 -0.0003812761 -0.001625438 -0.001141438 1.54261e-08 
1786056124.963 -0.0003812761 -0.001625438 0.0001285608 1.54261e-08 
1786056125.021 -0.0003812761 -0.001625438 -0.001141438 1.54261e-08 
1786056125.071 -0.0003812761 -0.005625438 -0.001141438 1.54261e-08 
1786056125.125 -0.005381276 -0.005625438 -0.001141438 1.54261e-08 
1786056125.180 -0.005381276 -0.005625438 -0.001141438 1.54261e-08 
1786056125.233 -0.005381276 -0.005625438 -0.002411438 1.54261e-08 
1786056125.281 -0.005381276 -0.005625438 -0.002411438 1.54261e-08 
1786056125.335 -0.005381276 -0.005625438 -0.003681437 1.54261e-08 
1786056125.383 -0.005381276 -0.005625438 -0.003681437 1.54261e-08 
1786056125.435 -0.005381276 -0.005625438 -0.004951436 1.54261e-08 
1786056125.484 -0.005381276 -0.005625438 -0.004951436 1.54261e-08 
1786056125.534 -0.005381276 -0.005625438 -0.006221436 1.54261e-08 
1786056125.587 -0.01038128 -0.005625438 -0.006221436 1.54261e-08 
1786056125.635 -0.005381276 -0.005625438 -0.006221436 1.54261e-08 
1786056125.686 -0.005381276 -0.005625438 -0.006221436 1.54261e-08 
1786056125.748 -0.01038128 -0.009625438 -0.006221436 1.54261e-08 
1786056125.798 -0.005381276 -0.005625438 -0.006221436 1.54261e-08 
1786056125.848 -0.01038128 -0.009625438 -0.006221436 1.54261e-08 
1786056125.902 -0.005381276 -0.005625438 -0.006221436 1.54261e-08 
1786056125.958 -0.005381276 -0.009625438 -0.006221436 1.54261e-08 
1786056126.009 -0.005381276 -0.005625438 -0.006221436 1.54261e-08 
1786056126.059 -0.005381276 -0.009625438 -0.006221436 1.54261e-08 
1786056126.108 -0.005381276 -0.005625438 -0.006221436 1.54261e-08 
1786056126.169 -0.01038128 -0.009625438 -0.007491435 1.54261e-08 
1786056126.226 -0.005381276 -0.005625438 -0.006221436 1.54261e-08 
1786056126.275 -0.005381276 -0.005625438 -0.006221436 1.54261e-08 
1786056126.327 -0.005381276 -0.005625438 -0.006221436 1.54261e-08 
1786056126.392 -0.005381276 -0.005625438 -0.006221436 1.54261e-08 
1786056126.441 -0.005381276 -0.005625438 -0.006221436 1.54261e-08 
1786056126.497 -0.01038128 -0.009625438 -0.006221436 1.54261e-08 
1786056126.551 -0.005381276 -0.005625438 -0.006221436 1.54261e-08 
1786056126.601 -0.005381276 -0.005625438 -0.006221436 1.54261e-08 
1786056126.650 -0.005381276 -0.005625438 -0.004951436 1.54261e-08 
1786056126.710 -0.005381276 -0.005625438 -0.004951436 1.54261e-08 
1786056126.762 -0.005381276 -0.005625438 -0.004951436 1.54261e-08 
1786056126.814 -0.005381276 -0.005625438 -0.006221436 1.54261e-08 
1786056126.864 -0.005381276 -0.005625438 -0.006221436 1.54261e-08 
1786056126.912 -0.01038128 -0.009625438 -0.006221436 1.54261e-08 
1786056126.963 -0.01038128 -0.009625438 -0.006221436 1.54261e-08 
1786056127.016 -0.005381276 -0.005625438 -0.004951436 1.54261e-08 
1786056127.064 -0.005381276 -0.005625438 -0.006221436 1.54261e-08 
1786056127.119 -0.005381276 -0.005625438 -0.004951436 1.54261e-08 
1786056127.175 -0.005381276 -0.005625438 -0.006221436 1.54261e-08 
1786056127.225 -0.005381276 -0.005625438 -0.004951436 1.54261e-08 
1786056127.276 -0.005381276 -0.005625438 -0.004951436 1.54261e-08 
1786056127.324 -0.005381276 -0.005625438 -0.004951436 1.54261e-08 
1786056127.374 -0.005381276 -0.005625438 -0.004951436 1.54261e-08 
1786056127.424 -0.005381276 -0.005625438 -0.004951436 1.54261e-08 
1786056127.474 -0.005381276 -0.005625438 -0.004951436 1.54261e-08 
1786056127.529 -0.005381276 -0.005625438 -0.004951436 1.54261e-08 
1786056127.582 -0.005381276 -0.005625438 -0.004951436 1.54261e-08 
1786056127.634 -0.005381276 -0.005625438 -0.004951436 1.54261e-08 
1786056127.691 -0.005381276 -0.005625438 -0.004951436 1.54261e-08 
1786056127.749 -0.005381276 -0.005625438 -0.004951436 1.54261e-08 
1786056127.798 -0.005381276 -0.005625438 -0.004951436 1.54261e-08 
1786056127.851 -0.005381276 -0.001625438 -0.004951436 1.54261e-08 
1786056127.908 -0.005381276 -0.001625438 -0.004951436 1.54261e-08 
1786056127.963 -0.005381276 -0.001625438 -0.003681437 1.54261e-08 
1786056128.013 -0.005381276 -0.001625438 -0.003681437 1.54261e-08 
1786056128.066 -0.0003812761 -0.001625438 -0.003681437 1.54261e-08 
1786056128.126 -0.0003812761 -0.001625438 -0.002411438 1.54261e-08 
1786056128.182 -0.0003812761 -0.001625438 -0.002411438 1.54261e-08 
1786056128.233 -0.0003812761 -0.001625438 -0.002411438 1.54261e-08 
1786056128.285 -0.0003812761 -0.001625438 -0.002411438 1.54261e-08 
1786056128.337 -0.0003812761 -0.001625438 -0.002411438 1.54261e-08 
1786056128.392 -0.0003812761 -0.001625438 -0.002411438 1.54261e-08 
1786056128.441 -0.0003812761 -0.001625438 -0.002411438 1.54261e-08 
1786056128.492 -0.0003812761 -0.001625438 -0.002411438 1.54261e-08 
1786056128.546 -0.0003812761 -0.001625438 -0.002411438 1.54261e-08 
1786056128.596 -0.0003812761 -0.001625438 -0.002411438 1.54261e-08 
1786056128.649 -0.0003812761 -0.001625438 -0.002411438 1.54261e-08 
1786056128.699 -0.005381276 -0.001625438 -0.002411438 1.54261e-08 
1786056128.751 -0.0003812761 -0.001625438 -0.002411438 1.54261e-08 
1786056128.806 -0.005381276 -0.001625438 -0.002411438 1.54261e-08 
1786056128.862 -0.005381276 -0.001625438 -0.002411438 1.54261e-08 
1786056128.916 -0.005381276 -0.001625438 -0.003681437 1.54261e-08 
1786056128.981 -0.005381276 -0.001625438 -0.003681437 1.54261e-08 
1786056129.050 -0.005381276 -0.001625438 -0.003681437 1.54261e-08 
1786056129.115 -0.005381276 -0.001625438 -0.003681437 1.54261e-08 
1786056129.168 -0.005381276 -0.001625438 -0.003681437 1.54261e-08 
1786056129.221 -0.005381276 -0.001625438 -0.003681437 1.54261e-08 
1786056129.276 -0.005381276 -0.001625438 -0.003681437 1.54261e-08 
1786056129.326 -0.005381276 -0.001625438 -0.003681437 1.54261e-08 
1786056129.378 -0.005381276 -0.001625438 -0.003681437 1.54261e-08 
1786056129.433 -0.01038128 -0.005625438 -0.003681437 1.54261e-08 
1786056129.483 -0.005381276 -0.005625438 -0.004951436 1.54261e-08 
1786056129.541 -0.005381276 -0.005625438 -0.004951436 1.54261e-08 
1786056129.597 -0.005381276 -0.005625438 -0.004951436 1.54261e-08 
1786056129.651 -0.01038128 -0.005625438 -0.006221436 1.54261e-08 
1786056129.702 -0.005381276 -0.005625438 -0.004951436 1.54261e-08 
1786056129.753 -0.005381276 -0.005625438 -0.004951436 1.54261e-08 
1786056129.804 -0.005381276 -0.005625438 -0.006221436 1.54261e-08 
1786056129.861 -0.005381276 -0.005625438 -0.004951436 1.54261e-08 
1786056129.912 -0.005381276 -0.005625438 -0.006221436 1.54261e-08 
1786056129.963 -0.01038128 -0.009625438 -0.006221436 1.54261e-08 
1786056130.015 -0.005381276 -0.009625438 -0.006221436 1.54261e-08 
1786056130.089 -0.005381276 -0.005625438 -0.004951436 1.54261e-08 
1786056130.139 -0.005381276 -0.009625438 -0.006221436 1.54261e-08 
1786056130.187 -0.005381276 -0.005625438 -0.006221436 1.54261e-08 
1786056130.239 -0.005381276 -0.005625438 -0.006221436 1.54261e-08 
1786056130.291 -0.005381276 -0.005625438 -0.006221436 1.54261e-08 
1786056130.341 -0.005381276 -0.005625438 -0.006221436 1.54261e-08 
1786056130.392 -0.005381276 -0.005625438 -0.006221436 1.54261e-08 
1786056130.443 -0.005381276 -0.005625438 -0.004951436 1.54261e-08 
1786056130.498 -0.005381276 -0.005625438 -0.006221436 1.54261e-08 
1786056130.551 -0.005381276 -0.005625438 -0.006221436 1.54261e-08 
1786056130.601 -0.005381276 -0.005625438 -0.004951436 1.54261e-08 
1786056130.659 -0.005381276 -0.005625438 -0.006221436 1.54261e-08 
1786056130.715 -0.005381276 -0.005625438 -0.006221436 1.54261e-08 
1786056130.767 -0.005381276 -0.005625438 -0.006221436 1.54261e-08 
1786056130.816 -0.0003812761 -0.005625438 -0.006221436 1.54261e-08 
1786056130.869 -0.0003812761 -0.005625438 -0.004951436 1.54261e-08 
1786056130.918 -0.0003812761 -0.005625438 -0.004951436 1.54261e-08 
1786056130.976 -0.005381276 -0.005625438 -0.006221436 1.54261e-08 
1786056131.031 -0.005381276 -0.005625438 -0.004951436 1.54261e-08 
1786056131.082 -0.005381276 -0.005625438 -0.006221436 1.54261e-08 
1786056131.138 -0.0003812761 -0.001625438 -0.004951436 1.54261e-08 
1786056131.200 -0.005381276 -0.005625438 -0.006221436 1.54261e-08 
1786056131.261 -0.005381276 -0.005625438 -0.006221436 1.54261e-08 
1786056131.324 -0.0003812761 -0.005625438 -0.006221436 1.54261e-08 
1786056131.384 -0.0003812761 -0.001625438 -0.004951436 1.54261e-08 
1786056131.454 -0.0003812761 -0.001625438 -0.004951436 1.54261e-08 
1786056131.505 -0.0003812761 -0.001625438 -0.004951436 1.54261e-08 
1786056131.557 -0.0003812761 -0.001625438 -0.004951436 1.54261e-08 
1786056131.608 -0.0003812761 -0.001625438 -0.004951436 1.54261e-08 
1786056131.662 -0.0003812761 -0.001625438 -0.004951436 1.54261e-08 
1786056131.712 -0.0003812761 -0.001625438 -0.004951436 1.54261e-08 
1786056131.766 -0.0003812761 -0.001625438 -0.004951436 1.54261e-08 
1786056131.819 -0.0003812761 -0.001625438 -0.004951436 1.54261e-08 
1786056131.871 -0.0003812761 -0.001625438 -0.003681437 1.54261e-08 
1786056131.926 -0.0003812761 -0.001625438 -0.003681437 1.54261e-08 
1786056131.983 -0.0003812761 -0.001625438 -0.003681437 1.54261e-08 
1786056132.033 0.004618724 -0.001625438 -0.002411438 1.54261e-08 
1786056132.086 0.004618724 -0.001625438 -0.002411438 1.54261e-08 
1786056132.140 0.004618724 -0.001625438 -0.002411438 1.54261e-08 
1786056132.190 0.004618724 -0.001625438 -0.002411438 1.54261e-08 
1786056132.245 0.004618724 -0.001625438 -0.001141438 1.54261e-08 
1786056132.298 0.004618724 -0.001625438 -0.001141438 1.54261e-08 
1786056132.347 0.004618724 -0.001625438 0.0001285608 1.54261e-08 
1786056132.400 0.004618724 -0.001625438 0.0001285608 1.54261e-08 
1786056132.450 0.004618724 -0.001625438 0.00139856 1.54261e-08 
1786056132.499 0.004618724 -0.001625438 0.00139856 1.54261e-08 
1786056132.554 0.004618724 -0.001625438 0.00139856 1.54261e-08 
1786056132.604 0.004618724 -0.001625438 0.002668559 1.54261e-08 
1786056132.655 0.004618724 -0.001625438 0.002668559 1.54261e-08 
1786056132.707 0.004618724 -0.001625438 0.002668559 1.54261e-08 
1786056132.761 0.004618724 -0.001625438 0.002668559 1.54261e-08 
1786056132.813 0.004618724 -0.001625438 0.002668559 1.54261e-08 
1786056132.862 0.004618724 -0.001625438 0.002668559 1.54261e-08 
1786056132.916 0.004618724 -0.005625438 0.002668559 1.54261e-08 
1786056132.977 0.004618724 -0.001625438 0.002668559 1.54261e-08 
1786056133.030 0.004618724 -0.001625438 0.002668559 1.54261e-08 
1786056133.079 0.004618724 -0.001625438 0.002668559 1.54261e-08 
1786056133.130 0.004618724 -0.005625438 0.002668559 1.54261e-08 
1786056133.183 0.004618724 -0.001625438 0.002668559 1.54261e-08 
1786056133.231 0.004618724 -0.001625438 0.002668559 1.54261e-08 
1786056133.280 0.004618724 -0.001625438 0.002668559 1.54261e-08 
1786056133.335 0.004618724 -0.001625438 0.002668559 1.54261e-08 
1786056133.383 0.004618724 -0.001625438 0.002668559 1.54261e-08 
1786056133.436 0.004618724 -0.001625438 0.002668559 1.54261e-08 
1786056133.486 0.004618724 -0.001625438 0.002668559 1.54261e-08 
1786056133.545 0.004618724 -0.001625438 0.00139856 1.54261e-08 
1786056133.603 0.004618724 -0.001625438 0.00139856 1.54261e-08 
1786056133.661 0.004618724 -0.001625438 0.00139856 1.54261e-08 
1786056133.714 0.004618724 -0.005625438 0.00139856 1.54261e-08 
1786056133.779 0.004618724 -0.001625438 0.00139856 1.54261e-08 
1786056133.844 -0.0003812761 -0.005625438 0.00139856 1.54261e-08 
1786056133.932 -0.0003812761 -0.005625438 0.00139856 1.54261e-08 
1786056133.996 -0.0003812761 -0.005625438 0.00139856 1.54261e-08 
1786056134.056 -0.0003812761 -0.005625438 0.00139856 1.54261e-08 
1786056134.111 -0.0003812761 -0.005625438 0.00139856 1.54261e-08 
1786056134.181 -0.0003812761 -0.005625438 0.00139856 1.54261e-08 
1786056134.241 -0.0003812761 -0.005625438 0.002668559 1.54261e-08 
1786056134.301 -0.005381276 -0.005625438 0.002668559 1.54261e-08 
1786056134.355 -0.0003812761 -0.005625438 0.002668559 1.54261e-08 
1786056134.413 -0.0003812761 -0.005625438 0.002668559 1.54261e-08 
1786056134.465 -0.005381276 -0.005625438 0.002668559 1.54261e-08 
1786056134.513 -0.005381276 -0.005625438 0.002668559 1.54261e-08 
1786056134.568 -0.0003812761 -0.005625438 0.002668559 1.54261e-08 
1786056134.628 -0.0003812761 -0.005625438 0.002668559 1.54261e-08 
1786056134.679 -0.0003812761 -0.005625438 0.002668559 1.54261e-08 
1786056134.729 -0.0003812761 -0.005625438 0.002668559 1.54261e-08 
1786056134.783 -0.0003812761 -0.005625438 0.003938559 1.54261e-08 
1786056134.845 -0.0003812761 -0.005625438 0.003938559 1.54261e-08 
1786056134.899 -0.0003812761 -0.005625438 0.003938559 1.54261e-08 
1786056134.953 -0.0003812761 -0.005625438 0.003938559 1.54261e-08 
1786056135.004 -0.0003812761 -0.001625438 0.003938559 1.54261e-08 
1786056135.054 -0.0003812761 -0.001625438 0.005208558 1.54261e-08 
1786056135.108 -0.0003812761 -0.001625438 0.005208558 1.54261e-08 
1786056135.159 -0.0003812761 -0.001625438 0.005208558 1.54261e-08 
1786056135.223 -0.0003812761 -0.001625438 0.005208558 1.54261e-08 
1786056135.287 -0.0003812761 -0.005625438 0.005208558 1.54261e-08 
1786056135.346 -0.0003812761 -0.001625438 0.005208558 1.54261e-08 
1786056135.395 -0.0003812761 -0.001625438 0.006478557 1.54261e-08 
1786056135.459 -0.0003812761 -0.001625438 0.006478557 1.54261e-08 
1786056135.522 -0.0003812761 -0.001625438 0.006478557 1.54261e-08 
1786056135.580 0.004618724 -0.001625438 0.006478557 1.54261e-08 
1786056135.632 -0.0003812761 -0.001625438 0.005208558 1.54261e-08 
1786056135.689 0.004618724 -0.001625438 0.005208558 1.54261e-08 
1786056135.742 0.004618724 -0.001625438 0.005208558 1.54261e-08 
1786056135.794 0.004618724 -0.001625438 0.005208558 1.54261e-08 
1786056135.858 0.004618724 -0.001625438 0.005208558 1.54261e-08 
1786056135.911 0.004618724 -0.001625438 0.006478557 1.54261e-08 
1786056135.960 0.004618724 -0.001625438 0.005208558 1.54261e-08 
1786056136.022 0.004618724 -0.001625438 0.005208558 1.54261e-08 
1786056136.073 0.004618724 -0.001625438 0.005208558 1.54261e-08 
1786056136.126 0.004618724 -0.001625438 0.005208558 1.54261e-08 
1786056136.177 0.009618724 -0.001625438 0.006478557 1.54261e-08 
1786056136.249 0.004618724 -0.001625438 0.006478557 1.54261e-08 
1786056136.302 0.009618724 -0.001625438 0.005208558 1.54261e-08 
1786056136.353 0.004618724 -0.001625438 0.005208558 1.54261e-08 
1786056136.407 0.004618724 -0.001625438 0.005208558 1.54261e-08 
1786056136.466 0.009618724 -0.001625438 0.006478557 1.54261e-08 
1786056136.518 0.009618724 -0.001625438 0.005208558 1.54261e-08 
1786056136.585 0.004618724 -0.001625438 0.005208558 1.54261e-08 
1786056136.644 0.004618724 -0.001625438 0.006478557 1.54261e-08 
1786056136.705 0.004618724 -0.001625438 0.005208558 1.54261e-08 
1786056136.759 0.004618724 -0.001625438 0.005208558 1.54261e-08 
1786056136.829 0.004618724 -0.001625438 0.005208558 1.54261e-08 
1786056136.887 0.004618724 -0.001625438 0.005208558 1.54261e-08 
1786056136.940 0.004618724 -0.001625438 0.005208558 1.54261e-08 
1786056136.991 0.004618724 -0.001625438 0.005208558 1.54261e-08 
1786056137.065 0.004618724 -0.001625438 0.005208558 1.54261e-08 
1786056137.136 0.004618724 -0.005625438 0.005208558 1.54261e-08 
1786056137.211 0.004618724 -0.005625438 0.005208558 1.54261e-08 
1786056137.286 0.004618724 -0.005625438 0.003938559 1.54261e-08 
1786056137.379 0.004618724 -0.005625438 0.003938559 1.54261e-08 
1786056137.433 0.004618724 -0.001625438 0.003938559 1.54261e-08 
1786056137.486 0.004618724 -0.001625438 0.003938559 1.54261e-08 
1786056137.540 0.004618724 -0.001625438 0.003938559 1.54261e-08 
1786056137.609 0.004618724 -0.001625438 0.003938559 1.54261e-08 
1786056137.666 -0.0003812761 -0.001625438 0.003938559 1.54261e-08 
1786056137.745 0.004618724 -0.001625438 0.002668559 1.54261e-08 
1786056137.826 0.004618724 -0.001625438 0.002668559 1.54261e-08 
1786056137.883 -0.0003812761 -0.001625438 0.002668559 1.54261e-08 
1786056137.943 -0.0003812761 -0.001625438 0.002668559 1.54261e-08 
1786056137.999 -0.0003812761 -0.005625438 0.002668559 1.54261e-08 
1786056138.053 -0.0003812761 -0.005625438 0.002668559 1.54261e-08 
1786056138.101 -0.0003812761 -0.001625438 0.00139856 1.54261e-08 
1786056138.166 -0.0003812761 -0.001625438 0.002668559 1.54261e-08 
1786056138.222 -0.0003812761 -0.001625438 0.002668559 1.54261e-08 
1786056138.271 -0.0003812761 -0.001625438 0.002668559 1.54261e-08 
1786056138.324 -0.0003812761 -0.005625438 0.002668559 1.54261e-08 
1786056138.386 -0.0003812761 -0.005625438 0.002668559 1.54261e-08 
1786056138.440 -0.0003812761 -0.005625438 0.003938559 1.54261e-08 
1786056138.500 -0.0003812761 -0.005625438 0.003938559 1.54261e-08 
1786056138.553 -0.0003812761 -0.005625438 0.003938559 1.54261e-08 
1786056138.606 -0.0003812761 -0.005625438 0.003938559 1.54261e-08 
1786056138.662 -0.005381276 -0.005625438 0.003938559 1.54261e-08 
1786056138.730 -0.0003812761 -0.005625438 0.003938559 1.54261e-08 
1786056138.787 -0.0003812761 -0.001625438 0.005208558 1.54261e-08 
1786056138.851 -0.0003812761 -0.001625438 0.005208558 1.54261e-08 
1786056138.910 -0.0003812761 -0.001625438 0.005208558 1.54261e-08 
1786056138.964 -0.0003812761 -0.001625438 0.006478557 1.54261e-08 
1786056139.016 -0.0003812761 -0.005625438 0.005208558 1.54261e-08 
1786056139.069 -0.0003812761 -0.001625438 0.005208558 1.54261e-08 
1786056139.129 -0.0003812761 -0.001625438 0.005208558 1.54261e-08 
1786056139.186 -0.0003812761 -0.001625438 0.005208558 1.54261e-08 
1786056139.237 -0.0003812761 -0.001625438 0.005208558 1.54261e-08 
1786056139.298 -0.0003812761 -0.001625438 0.005208558 1.54261e-08 
1786056139.350 -0.0003812761 -0.001625438 0.005208558 1.54261e-08 
1786056139.401 -0.0003812761 -0.001625438 0.005208558 1.54261e-08 
1786056139.451 -0.0003812761 -0.001625438 0.005208558 1.54261e-08 
1786056139.509 -0.0003812761 -0.001625438 0.005208558 1.54261e-08 
1786056139.558 -0.0003812761 -0.001625438 0.005208558 1.54261e-08 
1786056139.612 -0.0003812761 -0.001625438 0.005208558 1.54261e-08 
1786056139.666 -0.0003812761 -0.001625438 0.005208558 1.54261e-08 
1786056139.726 -0.0003812761 -0.001625438 0.005208558 1.54261e-08 
1786056139.781 -0.0003812761 -0.001625438 0.005208558 1.54261e-08 
1786056139.838 -0.0003812761 0.002374562 0.003938559 1.54261e-08 
1786056139.893 -0.0003812761 0.002374562 0.003938559 1.54261e-08 
1786056139.944 -0.0003812761 0.002374562 0.005208558 1.54261e-08 
1786056139.996 -0.0003812761 0.002374562 0.005208558 1.54261e-08 
1786056140.044 -0.0003812761 0.002374562 0.005208558 1.54261e-08 
1786056140.093 -0.0003812761 0.002374562 0.003938559 1.54261e-08 
1786056140.153 -0.0003812761 0.002374562 0.003938559 1.54261e-08 
1786056140.203 -0.0003812761 0.002374562 0.005208558 1.54261e-08 
1786056140.258 -0.0003812761 0.002374562 0.003938559 1.54261e-08 
1786056140.314 -0.0003812761 0.002374562 0.005208558 1.54261e-08 
1786056140.375 -0.0003812761 0.002374562 0.005208558 1.54261e-08 
1786056140.425 -0.0003812761 0.002374562 0.003938559 1.54261e-08 
1786056140.479 -0.0003812761 0.002374562 0.005208558 1.54261e-08 
1786056140.530 -0.0003812761 0.002374562 0.005208558 1.54261e-08 
1786056140.600 -0.005381276 0.002374562 0.003938559 1.54261e-08 
1786056140.662 -0.0003812761 0.002374562 0.005208558 1.54261e-08 
1786056140.722 -0.0003812761 0.002374562 0.003938559 1.54261e-08 
1786056140.776 -0.0003812761 0.002374562 0.003938559 1.54261e-08 
1786056140.828 -0.0003812761 0.002374562 0.005208558 1.54261e-08 
1786056140.883 -0.0003812761 0.002374562 0.005208558 1.54261e-08 
1786056140.942 -0.0003812761 0.002374562 0.005208558 1.54261e-08 
1786056140.992 -0.0003812761 0.002374562 0.003938559 1.54261e-08 
1786056141.047 -0.0003812761 0.002374562 0.005208558 1.54261e-08 
1786056141.102 -0.0003812761 0.002374562 0.005208558 1.54261e-08 
1786056141.152 -0.0003812761 0.002374562 0.005208558 1.54261e-08 
1786056141.209 -0.0003812761 0.002374562 0.003938559 1.54261e-08 
1786056141.264 -0.0003812761 0.002374562 0.005208558 1.54261e-08 
1786056141.313 -0.0003812761 0.002374562 0.005208558 1.54261e-08 
1786056141.366 -0.0003812761 0.002374562 0.005208558 1.54261e-08 
1786056141.424 -0.0003812761 0.002374562 0.005208558 1.54261e-08 
1786056141.483 -0.0003812761 -0.001625438 0.005208558 1.54261e-08 
1786056141.542 -0.0003812761 -0.001625438 0.005208558 1.54261e-08 
1786056141.607 -0.0003812761 -0.001625438 0.005208558 1.54261e-08 
1786056141.659 -0.0003812761 -0.001625438 0.005208558 1.54261e-08 
1786056141.709 -0.0003812761 -0.001625438 0.005208558 1.54261e-08 
1786056141.764 -0.0003812761 -0.001625438 0.005208558 1.54261e-08 
1786056141.819 -0.0003812761 -0.001625438 0.005208558 1.54261e-08 
1786056141.868 -0.0003812761 -0.001625438 0.003938559 1.54261e-08 
1786056141.920 -0.0003812761 -0.001625438 0.005208558 1.54261e-08 
1786056141.974 -0.0003812761 -0.001625438 0.005208558 1.54261e-08 
1786056142.022 -0.0003812761 -0.001625438 0.005208558 1.54261e-08 
1786056142.075 -0.0003812761 -0.001625438 0.005208558 1.54261e-08 
1786056142.123 -0.0003812761 -0.001625438 0.005208558 1.54261e-08 
1786056142.173 -0.0003812761 -0.001625438 0.003938559 1.54261e-08 
1786056142.227 -0.0003812761 -0.001625438 0.005208558 1.54261e-08 
1786056142.277 0.004618724 -0.001625438 0.005208558 1.54261e-08 
1786056142.330 0.004618724 -0.001625438 0.005208558 1.54261e-08 
1786056142.386 0.004618724 -0.001625438 0.005208558 1.54261e-08 
1786056142.435 0.004618724 -0.001625438 0.005208558 1.54261e-08 
1786056142.490 0.004618724 -0.001625438 0.005208558 1.54261e-08 
1786056142.555 0.004618724 -0.001625438 0.005208558 1.54261e-08 
1786056142.606 0.004618724 -0.001625438 0.005208558 1.54261e-08 
1786056142.657 0.004618724 -0.001625438 0.003938559 1.54261e-08 
1786056142.715 0.004618724 -0.001625438 0.005208558 1.54261e-08 
1786056142.763 0.004618724 -0.001625438 0.005208558 1.54261e-08 
1786056142.815 0.004618724 -0.001625438 0.005208558 1.54261e-08 
1786056142.868 0.004618724 -0.001625438 0.003938559 1.54261e-08 
1786056142.916 0.004618724 -0.001625438 0.005208558 1.54261e-08 
1786056142.967 0.004618724 -0.001625438 0.005208558 1.54261e-08 
1786056143.020 0.004618724 -0.001625438 0.005208558 1.54261e-08 
1786056143.070 0.009618724 -0.001625438 0.005208558 1.54261e-08 
1786056143.131 0.004618724 -0.001625438 0.005208558 1.54261e-08 
1786056143.181 0.004618724 -0.001625438 0.005208558 1.54261e-08 
1786056143.229 0.004618724 -0.001625438 0.005208558 1.54261e-08 
1786056143.280 0.009618724 -0.001625438 0.005208558 1.54261e-08 
1786056143.330 0.009618724 -0.001625438 0.005208558 1.54261e-08 
1786056143.379 0.009618724 -0.001625438 0.005208558 1.54261e-08 
1786056143.433 0.004618724 -0.001625438 0.005208558 1.54261e-08 
1786056143.483 0.004618724 -0.001625438 0.005208558 1.54261e-08 
1786056143.538 0.009618724 -0.001625438 0.005208558 1.54261e-08 
1786056143.594 0.004618724 -0.001625438 0.005208558 1.54261e-08 
1786056143.641 0.004618724 -0.001625438 0.005208558 1.54261e-08 
1786056143.691 0.004618724 -0.001625438 0.005208558 1.54261e-08 
1786056143.744 0.004618724 -0.001625438 0.005208558 1.54261e-08 
1786056143.796 0.009618724 -0.001625438 0.006478557 1.54261e-08 
1786056143.848 0.004618724 -0.001625438 0.006478557 1.54261e-08 
1786056143.899 0.004618724 -0.001625438 0.006478557 1.54261e-08 
1786056143.951 0.004618724 -0.001625438 0.005208558 1.54261e-08 
1786056144.002 0.004618724 0.002374562 0.005208558 1.54261e-08 
1786056144.053 0.004618724 0.002374562 0.005208558 1.54261e-08 
1786056144.106 0.004618724 0.002374562 0.005208558 1.54261e-08 
1786056144.161 0.004618724 0.002374562 0.005208558 1.54261e-08 
1786056144.212 0.004618724 0.002374562 0.006478557 1.54261e-08 
1786056144.264 0.004618724 0.002374562 0.006478557 1.54261e-08 
1786056144.318 0.004618724 0.002374562 0.005208558 1.54261e-08 
1786056144.365 0.004618724 0.002374562 0.006478557 1.54261e-08 
1786056144.422 0.004618724 0.002374562 0.005208558 1.54261e-08 
1786056144.488 0.004618724 0.002374562 0.005208558 1.54261e-08 
1786056144.545 0.004618724 0.002374562 0.005208558 1.54261e-08 
1786056144.594 0.004618724 0.002374562 0.005208558 1.54261e-08 
1786056144.649 0.009618724 0.002374562 0.006478557 1.54261e-08 
1786056144.706 0.004618724 0.002374562 0.005208558 1.54261e-08 
1786056144.755 0.004618724 0.002374562 0.005208558 1.54261e-08 
1786056144.807 0.004618724 0.002374562 0.005208558 1.54261e-08 
1786056144.861 0.004618724 0.002374562 0.005208558 1.54261e-08 
1786056144.911 0.004618724 0.002374562 0.005208558 1.54261e-08 
1786056144.961 0.004618724 -0.001625438 0.005208558 1.54261e-08 
1786056145.014 0.004618724 -0.001625438 0.005208558 1.54261e-08 
1786056145.064 0.004618724 -0.001625438 0.005208558 1.54261e-08 
1786056145.121 0.004618724 0.002374562 0.005208558 1.54261e-08 
1786056145.171 0.009618724 0.002374562 0.005208558 1.54261e-08 
1786056145.222 0.009618724 0.002374562 0.005208558 1.54261e-08 
1786056145.275 0.004618724 0.002374562 0.005208558 1.54261e-08 
1786056145.323 0.004618724 0.002374562 0.005208558 1.54261e-08 
1786056145.373 0.004618724 0.002374562 0.005208558 1.54261e-08 
1786056145.430 0.004618724 -0.001625438 0.005208558 1.54261e-08 
1786056145.483 0.004618724 -0.001625438 0.005208558 1.54261e-08 
1786056145.534 0.004618724 -0.001625438 0.005208558 1.54261e-08 
1786056145.586 0.004618724 -0.001625438 0.005208558 1.54261e-08 
1786056145.637 0.009618724 0.002374562 0.005208558 1.54261e-08 
1786056145.686 0.004618724 0.002374562 0.006478557 1.54261e-08 
1786056145.740 0.004618724 0.002374562 0.006478557 1.54261e-08 
1786056145.787 0.004618724 0.002374562 0.005208558 1.54261e-08 
1786056145.839 0.004618724 0.002374562 0.006478557 1.54261e-08 
1786056145.897 0.004618724 -0.001625438 0.005208558 1.54261e-08 
1786056145.947 0.004618724 -0.001625438 0.006478557 1.54261e-08 
1786056145.998 0.004618724 -0.001625438 0.005208558 1.54261e-08 
1786056146.049 0.004618724 -0.001625438 0.005208558 1.54261e-08 
1786056146.103 0.004618724 -0.001625438 0.005208558 1.54261e-08 
1786056146.158 0.004618724 -0.001625438 0.005208558 1.54261e-08 
1786056146.207 0.004618724 -0.001625438 0.005208558 1.54261e-08 
1786056146.256 0.009618724 0.002374562 0.005208558 1.54261e-08 
1786056146.312 0.004618724 -0.001625438 0.005208558 1.54261e-08 
1786056146.370 0.004618724 -0.001625438 0.005208558 1.54261e-08 
1786056146.436 0.004618724 -0.001625438 0.005208558 1.54261e-08 
1786056146.489 0.004618724 0.002374562 0.005208558 1.54261e-08 
1786056146.542 0.004618724 0.002374562 0.005208558 1.54261e-08 
1786056146.592 0.004618724 0.002374562 0.005208558 1.54261e-08 
1786056146.647 0.004618724 0.002374562 0.005208558 1.54261e-08 
1786056146.698 0.004618724 0.002374562 0.005208558 1.54261e-08 
1786056146.746 0.004618724 0.002374562 0.005208558 1.54261e-08 
1786056146.799 0.004618724 0.002374562 0.005208558 1.54261e-08 
1786056146.854 0.004618724 0.002374562 0.003938559 1.54261e-08 
1786056146.907 0.004618724 0.002374562 0.003938559 1.54261e-08 
1786056146.962 0.004618724 0.002374562 0.003938559 1.54261e-08 
1786056147.018 0.004618724 0.002374562 0.003938559 1.54261e-08 
1786056147.067 0.004618724 0.002374562 0.003938559 1.54261e-08 
1786056147.119 0.004618724 0.002374562 0.003938559 1.54261e-08 
1786056147.169 0.004618724 0.002374562 0.005208558 1.54261e-08 
1786056147.221 0.004618724 0.002374562 0.003938559 1.54261e-08 
1786056147.272 0.004618724 0.002374562 0.005208558 1.54261e-08 
1786056147.330 0.004618724 0.002374562 0.005208558 1.54261e-08 
1786056147.384 0.004618724 0.002374562 0.003938559 1.54261e-08 
1786056147.436 0.004618724 0.002374562 0.003938559 1.54261e-08 
1786056147.485 0.004618724 0.002374562 0.003938559 1.54261e-08 
1786056147.535 0.004618724 0.002374562 0.005208558 1.54261e-08 
1786056147.586 0.004618724 0.002374562 0.003938559 1.54261e-08 
1786056147.634 0.004618724 0.002374562 0.003938559 1.54261e-08 
1786056147.692 0.004618724 0.002374562 0.003938559 1.54261e-08 
1786056147.745 0.004618724 0.002374562 0.003938559 1.54261e-08 
1786056147.792 0.004618724 0.002374562 0.003938559 1.54261e-08 
1786056147.843 0.004618724 0.002374562 0.003938559 1.54261e-08 
1786056147.894 0.004618724 0.002374562 0.003938559 1.54261e-08 
1786056147.945 0.004618724 0.002374562 0.003938559 1.54261e-08 
1786056148.000 0.004618724 0.002374562 0.003938559 1.54261e-08 
1786056148.053 0.004618724 0.002374562 0.005208558 1.54261e-08 
1786056148.102 0.004618724 0.002374562 0.003938559 1.54261e-08 
1786056148.154 0.004618724 0.002374562 0.003938559 1.54261e-08 
1786056148.203 0.004618724 0.002374562 0.003938559 1.54261e-08 
1786056148.256 0.004618724 0.002374562 0.005208558 1.54261e-08 
1786056148.317 0.004618724 0.002374562 0.005208558 1.54261e-08 
1786056148.369 -0.0003812761 0.002374562 0.003938559 1.54261e-08 
1786056148.422 -0.0003812761 0.002374562 0.003938559 1.54261e-08 
1786056148.474 -0.0003812761 0.002374562 0.005208558 1.54261e-08 
1786056148.522 -0.0003812761 0.002374562 0.005208558 1.54261e-08 
1786056148.575 -0.0003812761 0.002374562 0.003938559 1.54261e-08 
1786056148.629 -0.0003812761 0.002374562 0.003938559 1.54261e-08 
1786056148.682 -0.0003812761 0.002374562 0.005208558 1.54261e-08 
1786056148.731 -0.0003812761 0.002374562 0.005208558 1.54261e-08 
1786056148.787 -0.0003812761 0.002374562 0.003938559 1.54261e-08 
1786056148.835 -0.0003812761 0.002374562 0.003938559 1.54261e-08 
1786056148.895 -0.0003812761 0.002374562 0.003938559 1.54261e-08 
1786056148.949 -0.0003812761 0.002374562 0.003938559 1.54261e-08 
1786056148.996 -0.0003812761 0.002374562 0.003938559 1.54261e-08 
1786056149.045 -0.0003812761 0.002374562 0.003938559 1.54261e-08 
1786056149.095 -0.0003812761 0.002374562 0.003938559 1.54261e-08 
1786056149.145 -0.0003812761 0.002374562 0.003938559 1.54261e-08 
1786056149.200 -0.0003812761 0.002374562 0.003938559 1.54261e-08 
1786056149.254 -0.0003812761 0.002374562 0.003938559 1.54261e-08 
1786056149.308 -0.0003812761 0.002374562 0.003938559 1.54261e-08 
1786056149.368 0.004618724 0.002374562 0.003938559 1.54261e-08 
1786056149.424 0.004618724 0.002374562 0.003938559 1.54261e-08 
1786056149.472 0.004618724 0.002374562 0.003938559 1.54261e-08 
1786056149.523 0.004618724 0.002374562 0.003938559 1.54261e-08 
1786056149.578 0.004618724 0.002374562 0.003938559 1.54261e-08 
1786056149.628 0.004618724 0.002374562 0.003938559 1.54261e-08 
1786056149.681 0.004618724 0.002374562 0.003938559 1.54261e-08 
1786056149.731 0.004618724 0.002374562 0.003938559 1.54261e-08 
1786056149.781 0.004618724 0.002374562 0.003938559 1.54261e-08 
1786056149.841 0.004618724 0.002374562 0.003938559 1.54261e-08 
1786056149.891 0.004618724 0.002374562 0.003938559 1.54261e-08 
1786056149.941 0.004618724 0.002374562 0.003938559 1.54261e-08 
1786056149.995 0.004618724 0.002374562 0.003938559 1.54261e-08 
1786056150.049 0.004618724 0.002374562 0.003938559 1.54261e-08 
1786056150.098 0.004618724 0.002374562 0.005208558 1.54261e-08 
1786056150.153 0.004618724 0.002374562 0.003938559 1.54261e-08 
1786056150.201 0.004618724 0.002374562 0.003938559 1.54261e-08 
1786056150.264 0.004618724 0.002374562 0.003938559 1.54261e-08 
1786056150.322 0.004618724 0.002374562 0.003938559 1.54261e-08 
1786056150.374 0.004618724 0.002374562 0.005208558 1.54261e-08 
1786056150.422 0.004618724 0.002374562 0.005208558 1.54261e-08 
1786056150.478 0.004618724 0.002374562 0.003938559 1.54261e-08 
1786056150.529 -0.0003812761 0.002374562 0.003938559 1.54261e-08 
1786056150.580 0.004618724 0.002374562 0.005208558 1.54261e-08 
1786056150.629 -0.0003812761 0.002374562 0.003938559 1.54261e-08 
1786056150.681 -0.0003812761 0.002374562 0.005208558 1.54261e-08 
1786056150.733 -0.0003812761 0.002374562 0.003938559 1.54261e-08 
1786056150.786 -0.0003812761 0.002374562 0.003938559 1.54261e-08 
1786056150.839 -0.0003812761 0.002374562 0.005208558 1.54261e-08 
1786056150.893 -0.0003812761 0.002374562 0.003938559 1.54261e-08 
1786056150.943 -0.0003812761 0.002374562 0.003938559 1.54261e-08 
1786056150.993 -0.0003812761 0.002374562 0.003938559 1.54261e-08 
1786056151.042 -0.0003812761 0.002374562 0.005208558 1.54261e-08 
1786056151.093 -0.0003812761 0.002374562 0.003938559 1.54261e-08 
1786056151.145 -0.005381276 0.002374562 0.003938559 1.54261e-08 
1786056151.211 -0.0003812761 0.002374562 0.003938559 1.54261e-08 
1786056151.263 -0.0003812761 0.002374562 0.003938559 1.54261e-08 
1786056151.311 -0.0003812761 0.002374562 0.003938559 1.54261e-08 
1786056151.365 -0.0003812761 0.002374562 0.003938559 1.54261e-08 
1786056151.419 -0.0003812761 0.002374562 0.003938559 1.54261e-08 
1786056151.470 -0.0003812761 0.002374562 0.003938559 1.54261e-08 
1786056151.524 -0.0003812761 0.002374562 0.003938559 1.54261e-08 
1786056151.575 -0.0003812761 0.002374562 0.003938559 1.54261e-08 
1786056151.625 -0.0003812761 0.002374562 0.003938559 1.54261e-08 
1786056151.679 -0.0003812761 0.002374562 0.003938559 1.54261e-08 
1786056151.731 0.004618724 0.002374562 0.003938559 1.54261e-08 
1786056151.783 0.004618724 0.002374562 0.003938559 1.54261e-08 
1786056151.837 0.004618724 0.002374562 0.003938559 1.54261e-08 
1786056151.888 0.004618724 0.002374562 0.003938559 1.54261e-08 
1786056151.941 0.004618724 0.002374562 0.003938559 1.54261e-08 
1786056152.002 0.004618724 0.002374562 0.003938559 1.54261e-08 
1786056152.053 0.004618724 0.002374562 0.003938559 1.54261e-08 
1786056152.103 0.004618724 0.002374562 0.003938559 1.54261e-08 
1786056152.172 0.004618724 0.002374562 0.003938559 1.54261e-08 
1786056152.228 0.004618724 0.002374562 0.003938559 1.54261e-08 
1786056152.279 0.004618724 0.002374562 0.003938559 1.54261e-08 
1786056152.331 0.004618724 0.002374562 0.003938559 1.54261e-08 
1786056152.383 0.004618724 0.002374562 0.003938559 1.54261e-08 
1786056152.433 0.004618724 0.002374562 0.003938559 1.54261e-08 
1786056152.485 0.004618724 0.002374562 0.003938559 1.54261e-08 
1786056152.537 0.004618724 0.002374562 0.003938559 1.54261e-08 
1786056152.587 0.004618724 0.002374562 0.003938559 1.54261e-08 
1786056152.644 0.004618724 0.002374562 0.003938559 1.54261e-08 
1786056152.705 -0.0003812761 0.002374562 0.003938559 1.54261e-08 
1786056152.757 -0.0003812761 0.002374562 0.003938559 1.54261e-08 
1786056152.808 -0.0003812761 0.002374562 0.003938559 1.54261e-08 
1786056152.861 -0.0003812761 0.002374562 0.003938559 1.54261e-08 
1786056152.913 -0.0003812761 0.002374562 0.005208558 1.54261e-08 
1786056152.971 -0.0003812761 0.002374562 0.003938559 1.54261e-08 
1786056153.020 -0.0003812761 0.002374562 0.003938559 1.54261e-08 
1786056153.075 -0.0003812761 0.002374562 0.003938559 1.54261e-08 
1786056153.138 -0.0003812761 0.002374562 0.003938559 1.54261e-08 
1786056153.189 -0.0003812761 0.002374562 0.003938559 1.54261e-08 
1786056153.240 -0.0003812761 0.006374562 0.003938559 1.54261e-08 
1786056153.290 -0.0003812761 0.006374562 0.005208558 1.54261e-08 
1786056153.339 -0.0003812761 0.006374562 0.003938559 1.54261e-08 
1786056153.387 -0.0003812761 0.002374562 0.003938559 1.54261e-08 
1786056153.438 -0.0003812761 0.002374562 0.003938559 1.54261e-08 
1786056153.493 -0.0003812761 0.006374562 0.003938559 1.54261e-08 
1786056153.544 -0.0003812761 0.002374562 0.003938559 1.54261e-08 
1786056153.597 -0.0003812761 0.002374562 0.003938559 1.54261e-08 
1786056153.647 -0.0003812761 0.006374562 0.003938559 1.54261e-08 
1786056153.702 -0.0003812761 0.002374562 0.003938559 1.54261e-08 
1786056153.754 -0.0003812761 0.002374562 0.003938559 1.54261e-08 
1786056153.808 -0.0003812761 0.006374562 0.002668559 1.54261e-08 
1786056153.859 -0.0003812761 0.002374562 0.002668559 1.54261e-08 
1786056153.911 -0.0003812761 0.002374562 0.00139856 1.54261e-08 
1786056153.961 -0.0003812761 0.002374562 0.0001285608 1.54261e-08 
1786056154.011 -0.0003812761 0.002374562 0.0001285608 1.54261e-08 
1786056154.072 -0.0003812761 0.002374562 -0.001141438 1.54261e-08 
1786056154.122 -0.0003812761 0.002374562 -0.001141438 1.54261e-08 
1786056154.172 -0.0003812761 0.002374562 -0.002411438 1.54261e-08 
1786056154.224 -0.0003812761 0.002374562 -0.002411438 1.54261e-08 
1786056154.275 -0.0003812761 0.002374562 -0.002411438 1.54261e-08 
1786056154.329 -0.0003812761 0.002374562 -0.003681437 1.54261e-08 
1786056154.383 -0.0003812761 0.002374562 -0.003681437 1.54261e-08 
1786056154.431 -0.0003812761 0.002374562 -0.004951436 1.54261e-08 
1786056154.490 -0.0003812761 0.002374562 -0.004951436 1.54261e-08 
1786056154.540 0.004618724 0.006374562 -0.004951436 1.54261e-08 
1786056154.590 0.004618724 0.006374562 -0.004951436 1.54261e-08 
1786056154.644 0.004618724 0.002374562 -0.004951436 1.54261e-08 
1786056154.695 0.004618724 0.002374562 -0.006221436 1.54261e-08 
1786056154.746 0.004618724 0.002374562 -0.004951436 1.54261e-08 
1786056154.800 0.004618724 0.002374562 -0.004951436 1.54261e-08 
1786056154.849 0.004618724 0.002374562 -0.004951436 1.54261e-08 
1786056154.899 0.004618724 0.002374562 -0.004951436 1.54261e-08 
1786056154.957 0.004618724 0.002374562 -0.006221436 1.54261e-08 
1786056155.012 0.004618724 0.002374562 -0.006221436 1.54261e-08 
1786056155.069 0.004618724 0.002374562 -0.004951436 1.54261e-08 
1786056155.121 0.004618724 0.002374562 -0.004951436 1.54261e-08 
1786056155.179 0.004618724 0.002374562 -0.006221436 1.54261e-08 
1786056155.228 0.004618724 0.002374562 -0.004951436 1.54261e-08 
1786056155.281 0.004618724 0.002374562 -0.006221436 1.54261e-08 
1786056155.331 0.004618724 0.002374562 -0.004951436 1.54261e-08 
1786056155.381 0.004618724 0.002374562 -0.004951436 1.54261e-08 
1786056155.438 0.004618724 0.002374562 -0.006221436 1.54261e-08 
1786056155.490 0.004618724 0.002374562 -0.006221436 1.54261e-08 
1786056155.547 0.004618724 0.002374562 -0.004951436 1.54261e-08 
1786056155.608 0.004618724 0.002374562 -0.006221436 1.54261e-08 
1786056155.665 0.004618724 0.002374562 -0.004951436 1.54261e-08 
1786056155.717 0.004618724 0.002374562 -0.004951436 1.54261e-08 
1786056155.793 0.004618724 0.002374562 -0.006221436 1.54261e-08 
1786056155.858 0.004618724 0.002374562 -0.006221436 1.54261e-08 
1786056155.914 0.004618724 0.002374562 -0.004951436 1.54261e-08 
1786056155.966 0.004618724 0.002374562 -0.004951436 1.54261e-08 
1786056156.018 0.004618724 0.002374562 -0.006221436 1.54261e-08 
1786056156.077 0.004618724 0.006374562 -0.004951436 1.54261e-08 
1786056156.128 0.004618724 0.006374562 -0.004951436 1.54261e-08 
1786056156.179 0.004618724 0.002374562 -0.004951436 1.54261e-08 
1786056156.235 0.004618724 0.002374562 -0.004951436 1.54261e-08 
1786056156.286 -0.0003812761 0.002374562 -0.004951436 1.54261e-08 
1786056156.335 -0.0003812761 0.002374562 -0.004951436 1.54261e-08 
1786056156.386 -0.0003812761 0.002374562 -0.004951436 1.54261e-08 
1786056156.434 -0.0003812761 0.002374562 -0.004951436 1.54261e-08 
1786056156.487 -0.0003812761 0.002374562 -0.004951436 1.54261e-08 
1786056156.539 -0.0003812761 0.006374562 -0.004951436 1.54261e-08 
1786056156.587 -0.0003812761 0.002374562 -0.004951436 1.54261e-08 
1786056156.642 -0.0003812761 0.002374562 -0.004951436 1.54261e-08 
1786056156.693 -0.0003812761 0.002374562 -0.004951436 1.54261e-08 
1786056156.748 -0.0003812761 0.002374562 -0.004951436 1.54261e-08 
1786056156.800 -0.0003812761 0.002374562 -0.004951436 1.54261e-08 
1786056156.855 -0.005381276 0.002374562 -0.004951436 1.54261e-08 
1786056156.905 -0.0003812761 0.002374562 -0.004951436 1.54261e-08 
1786056156.975 -0.0003812761 0.002374562 -0.004951436 1.54261e-08 
1786056157.028 -0.0003812761 0.002374562 -0.004951436 1.54261e-08 
1786056157.078 -0.0003812761 0.002374562 -0.004951436 1.54261e-08 
1786056157.127 -0.0003812761 0.002374562 -0.004951436 1.54261e-08 
1786056157.188 -0.0003812761 0.002374562 -0.004951436 1.54261e-08 
1786056157.237 -0.0003812761 0.002374562 -0.004951436 1.54261e-08 
1786056157.295 -0.0003812761 0.002374562 -0.003681437 1.54261e-08 
1786056157.346 0.004618724 0.002374562 -0.003681437 1.54261e-08 
1786056157.398 0.004618724 0.002374562 -0.003681437 1.54261e-08 
1786056157.448 0.004618724 0.002374562 -0.003681437 1.54261e-08 
1786056157.502 0.004618724 0.002374562 -0.004951436 1.54261e-08 
1786056157.550 0.004618724 0.002374562 -0.004951436 1.54261e-08 
1786056157.604 0.004618724 0.002374562 -0.004951436 1.54261e-08 
1786056157.660 0.004618724 0.002374562 -0.004951436 1.54261e-08 
1786056157.710 0.004618724 0.002374562 -0.004951436 1.54261e-08 
1786056157.767 0.004618724 0.002374562 -0.004951436 1.54261e-08 
1786056157.826 0.004618724 0.002374562 -0.004951436 1.54261e-08 
1786056157.877 0.004618724 0.002374562 -0.004951436 1.54261e-08 
1786056157.932 0.004618724 0.002374562 -0.004951436 1.54261e-08 
1786056157.995 0.004618724 0.002374562 -0.004951436 1.54261e-08 
1786056158.049 0.004618724 0.006374562 -0.004951436 1.54261e-08 
1786056158.102 0.004618724 0.002374562 -0.004951436 1.54261e-08 
1786056158.157 0.004618724 0.002374562 -0.004951436 1.54261e-08 
1786056158.221 0.004618724 0.002374562 -0.004951436 1.54261e-08 
1786056158.272 0.004618724 0.002374562 -0.004951436 1.54261e-08 
1786056158.326 0.004618724 0.002374562 -0.003681437 1.54261e-08 
1786056158.382 0.004618724 0.002374562 -0.003681437 1.54261e-08 
1786056158.430 0.004618724 0.002374562 -0.003681437 1.54261e-08 
1786056158.498 -0.0003812761 0.002374562 -0.003681437 1.54261e-08 
1786056158.563 -0.0003812761 0.002374562 -0.003681437 1.54261e-08 
1786056158.622 -0.0003812761 0.002374562 -0.003681437 1.54261e-08 
1786056158.677 -0.0003812761 0.002374562 -0.002411438 1.54261e-08 
1786056158.728 -0.0003812761 0.002374562 -0.002411438 1.54261e-08 
1786056158.779 -0.0003812761 0.006374562 -0.002411438 1.54261e-08 
1786056158.830 -0.0003812761 0.006374562 -0.002411438 1.54261e-08 
1786056158.894 -0.0003812761 0.006374562 -0.001141438 1.54261e-08 
1786056158.953 -0.0003812761 0.002374562 -0.001141438 1.54261e-08 
1786056159.006 -0.0003812761 0.002374562 -0.001141438 1.54261e-08 
1786056159.060 -0.0003812761 0.002374562 -0.001141438 1.54261e-08 
1786056159.115 -0.0003812761 0.006374562 -0.001141438 1.54261e-08 
1786056159.165 -0.0003812761 0.006374562 -0.001141438 1.54261e-08 
1786056159.218 -0.0003812761 0.002374562 -0.001141438 1.54261e-08 
1786056159.269 -0.0003812761 0.002374562 -0.001141438 1.54261e-08 
1786056159.323 -0.0003812761 0.002374562 0.0001285608 1.54261e-08 
1786056159.384 -0.0003812761 0.006374562 0.0001285608 1.54261e-08 
1786056159.456 -0.0003812761 0.002374562 0.0001285608 1.54261e-08 
1786056159.509 -0.0003812761 0.006374562 0.0001285608 1.54261e-08 
1786056159.563 -0.0003812761 0.006374562 0.00139856 1.54261e-08 
1786056159.617 -0.0003812761 0.002374562 0.00139856 1.54261e-08 
1786056159.695 -0.0003812761 0.006374562 0.00139856 1.54261e-08 
1786056159.758 -0.0003812761 0.006374562 0.00139856 1.54261e-08 
1786056159.821 -0.0003812761 0.006374562 0.00139856 1.54261e-08 
1786056159.899 -0.0003812761 0.006374562 0.00139856 1.54261e-08 
1786056159.960 -0.0003812761 0.006374562 0.00139856 1.54261e-08 
1786056160.015 -0.0003812761 0.006374562 0.00139856 1.54261e-08 
1786056160.091 -0.0003812761 0.002374562 0.00139856 1.54261e-08 
1786056160.159 -0.0003812761 0.002374562 0.00139856 1.54261e-08 
1786056160.220 -0.0003812761 0.006374562 0.00139856 1.54261e-08 
1786056160.280 -0.0003812761 0.006374562 0.0001285608 1.54261e-08 
1786056160.348 -0.0003812761 0.002374562 0.0001285608 1.54261e-08 
1786056160.414 -0.0003812761 0.002374562 -0.001141438 1.54261e-08 
1786056160.475 -0.0003812761 0.006374562 -0.001141438 1.54261e-08 
1786056160.534 -0.0003812761 0.006374562 -0.001141438 1.54261e-08 
1786056160.589 -0.0003812761 0.006374562 -0.001141438 1.54261e-08 
1786056160.648 -0.0003812761 0.002374562 -0.001141438 1.54261e-08 
1786056160.702 -0.0003812761 0.002374562 -0.002411438 1.54261e-08 
1786056160.766 -0.0003812761 0.006374562 -0.002411438 1.54261e-08 
1786056160.839 -0.0003812761 0.006374562 -0.002411438 1.54261e-08 
1786056160.922 -0.0003812761 0.006374562 -0.002411438 1.54261e-08 
1786056160.979 -0.0003812761 0.002374562 -0.003681437 1.54261e-08 
1786056161.041 -0.0003812761 0.002374562 -0.003681437 1.54261e-08 
1786056161.104 -0.0003812761 0.002374562 -0.004951436 1.54261e-08 
1786056161.163 -0.0003812761 0.002374562 -0.004951436 1.54261e-08 
1786056161.229 -0.0003812761 0.006374562 -0.004951436 1.54261e-08 
1786056161.286 -0.0003812761 0.002374562 -0.006221436 1.54261e-08 
1786056161.349 -0.0003812761 0.002374562 -0.004951436 1.54261e-08 
1786056161.400 -0.0003812761 0.002374562 -0.004951436 1.54261e-08 
1786056161.467 -0.0003812761 0.006374562 -0.004951436 1.54261e-08 
1786056161.544 0.004618724 0.006374562 -0.004951436 1.54261e-08 
1786056161.631 0.004618724 0.002374562 -0.006221436 1.54261e-08 
1786056161.712 0.004618724 0.006374562 -0.004951436 1.54261e-08 
1786056161.798 0.004618724 0.002374562 -0.006221436 1.54261e-08 
1786056161.886 0.004618724 0.002374562 -0.006221436 1.54261e-08 
1786056161.969 0.004618724 0.002374562 -0.004951436 1.54261e-08 
1786056162.050 0.004618724 0.002374562 -0.006221436 1.54261e-08 
1786056162.146 0.004618724 0.002374562 -0.006221436 1.54261e-08 
1786056162.200 0.004618724 0.002374562 -0.004951436 1.54261e-08 
1786056162.252 0.004618724 0.002374562 -0.006221436 1.54261e-08 
1786056162.307 0.004618724 0.002374562 -0.006221436 1.54261e-08 
1786056162.356 0.004618724 0.002374562 -0.004951436 1.54261e-08 
1786056162.408 0.004618724 0.002374562 -0.004951436 1.54261e-08 
1786056162.463 0.004618724 0.002374562 -0.006221436 1.54261e-08 
1786056162.513 0.004618724 0.002374562 -0.006221436 1.54261e-08 
1786056162.573 0.004618724 0.002374562 -0.006221436 1.54261e-08 
1786056162.637 0.004618724 0.002374562 -0.006221436 1.54261e-08 
1786056162.707 0.004618724 0.002374562 -0.006221436 1.54261e-08 
1786056162.772 0.004618724 0.002374562 -0.006221436 1.54261e-08 
1786056162.829 0.004618724 0.002374562 -0.004951436 1.54261e-08 
1786056162.893 0.004618724 0.002374562 -0.004951436 1.54261e-08 
1786056162.951 0.004618724 0.002374562 -0.004951436 1.54261e-08 
1786056163.009 0.004618724 0.002374562 -0.004951436 1.54261e-08 
1786056163.063 0.004618724 0.002374562 -0.004951436 1.54261e-08 
1786056163.131 0.004618724 0.002374562 -0.004951436 1.54261e-08 
1786056163.187 -0.0003812761 0.002374562 -0.004951436 1.54261e-08 
1786056163.239 -0.0003812826 0.003609978 -0.004951439 -0.0002206682 
1786056163.301 0.00461863 0.0122909 -0.003681938 -0.003197685 
1786056163.393 0.004618334 0.009382421 -0.001151169 -0.01411077 
1786056163.456 0.004617928 0.01034569 9.256074e-05 -0.02714102 
1786056163.530 0.009617315 0.01138644 0.005095755 -0.04805301 
1786056163.602 0.009616674 0.009927726 0.00623958 -0.06993579 
1786056163.678 0.009615729 0.01427964 0.007238731 -0.1021519 
1786056163.765 0.009614669 0.01286881 0.00808356 -0.1383324 
1786056163.838 0.009613126 0.01548638 0.008506916 -0.1909628 
1786056163.912 0.009611786 0.01139493 0.007551907 -0.23668 
1786056163.996 0.009610124 0.01286366 0.007353423 -0.2933795 
1786056164.064 0.009608407 0.01353619 0.00801747 -0.3527975 
1786056164.133 0.009606587 0.0124405 0.008262705 -0.4140312 
1786056164.199 0.009604734 0.01034016 0.006779949 -0.4772536 
1786056164.276 0.009602657 0.01092649 0.007041181 -0.5481092 
1786056164.360 0.009599709 0.009864862 0.006241775 -0.6486596 
1786056164.432 0.004597336 0.009921426 0.005783148 -0.7308338 
1786056164.495 0.004594898 0.008805188 0.005951183 -0.8128117 
1786056164.566 -0.000407358 0.003653827 0.003359198 -0.8910926 
1786056164.635 -0.01041058 -0.005035832 -0.002977451 -0.9996884 
1786056164.702 -0.01041342 -0.01016408 -0.006560056 -1.096629 
1786056164.784 -0.01041681 -0.01197481 -0.008151331 -1.212096 
1786056164.854 -0.01542021 -0.01287929 -0.00988895 -1.328479 
1786056164.910 -0.01042313 -0.01142377 -0.009331142 -1.428054 
1786056164.971 -0.01542611 -0.01163595 -0.009010314 -1.53131 
1786056165.040 -0.01042982 -0.010575 -0.008146061 -1.656189 
1786056165.095 -0.01543274 -0.01243308 -0.009530512 -1.755937 
1786056165.159 -0.01043643 -0.01214186 -0.009035947 -1.8818 
1786056165.217 -0.01043966 -0.011488 -0.008300109 -1.991998 
1786056165.280 -0.0104434 -0.01330762 -0.008981027 -2.121765 
1786056165.337 -0.01044689 -0.01115281 -0.008485481 -2.238701 
1786056165.390 -0.01045028 -0.007796347 -0.00904742 -2.354448 
1786056165.448 -0.01545388 -0.01129306 -0.008886814 -2.4776 
1786056165.515 -0.01045818 -0.01022463 -0.00863686 -2.624332 
1786056165.573 -0.01046219 -0.008574665 -0.007817531 -2.761237 
1786056165.664 -0.01046764 -0.01062199 -0.008969642 -2.94754 
1786056165.742 -0.01047409 -0.01239872 -0.008643569 -3.167601 
1786056165.809 -0.01047924 -0.008343201 -0.008740048 -3.343691 
1786056165.884 -0.01048468 -0.01217668 -0.008977126 -3.529808 
1786056165.963 -0.01049084 -0.0139529 -0.009687553 -3.74285 
1786056166.026 -0.01049659 -0.01043787 -0.008751227 -3.936812 
1786056166.079 -0.01050106 -0.01205894 -0.009004695 -4.08977 
1786056166.152 -0.01550665 -0.009931607 -0.009550665 -4.280754 
1786056166.224 -0.01051288 -0.01072339 -0.008224429 -4.497069 
1786056166.282 -0.01051854 -0.009269501 -0.008717774 -4.687897 
1786056166.338 -0.01052369 -0.01045974 -0.008282124 -4.864012 
1786056166.402 -0.01052939 -0.00915814 -0.008870623 -5.059329 
1786056166.461 -0.01053502 -0.01090334 -0.008008316 -5.252107 
1786056166.517 -0.01054036 -0.01046239 -0.008204583 -5.43511 
1786056166.583 -0.01054628 -0.007382051 -0.008624434 -5.638206 
1786056166.653 -0.01055351 -0.00796673 -0.008906177 -5.889311 
1786056166.718 -0.01055957 -0.007389967 -0.008408018 -6.097097 
1786056166.793 -0.01056738 -0.01013218 -0.009199757 -6.361704 
1786056166.874 -0.01057621 -0.01185087 -0.00868456 -6.664775 
1786056166.934 -0.01058253 -0.01261185 -0.008562386 -6.882274 
1786056166.996 -0.01058961 -0.00885455 -0.008255575 -7.125328 
1786056167.071 -0.0105977 -0.01161837 -0.00861719 -7.407323 
1786056167.130 -0.01060458 -0.01046136 -0.009050008 -7.640056 
1786056167.190 -0.005611441 -0.007409632 -0.008600114 -7.876493 
1786056167.267 -0.01061958 -0.01040482 -0.008472028 -8.168852 
1786056167.330 -0.01062761 -0.007203971 -0.007917696 -8.433669 
1786056167.383 -0.005634323 -0.009207415 -0.008876033 -8.66527 
1786056167.441 -0.010641 -0.005987772 -0.008839741 -8.899914 
1786056167.500 -0.01064813 -0.01196709 -0.00801093 -9.142028 
1786056167.555 -0.01065548 -0.01236566 -0.008482418 -9.396094 
1786056167.624 -0.01066343 -0.009532321 -0.008295387 -9.67114 
1786056167.711 -0.01067459 -0.01017568 -0.008072685 -10.05754 
1786056167.783 -0.01068412 -0.007597834 -0.00836883 -10.38771 
1786056167.857 -0.005694582 -0.008688184 -0.00796577 -10.75085 
1786056167.938 -0.005704808 -0.007596487 -0.009161017 -11.10621 
1786056168.009 -0.005715188 -0.009188752 -0.008567687 -11.46723 
1786056168.076 -0.01072377 -0.01038607 -0.008913001 -11.7661 
1786056168.146 -0.005732028 -0.01298842 -0.008872725 -12.05407 
1786056168.209 -0.005742801 -0.01227519 -0.009181614 -12.43514 
1786056168.273 -0.01075228 -0.009627075 -0.008812704 -12.76135 
1786056168.356 -0.005763182 -0.007114545 -0.009945916 -13.16869 
1786056168.458 -0.005776754 -0.006455883 -0.00948246 -13.62942 
1786056168.571 -0.01079402 -0.0054776 -0.008911229 -14.23109 
1786056168.662 -0.01080915 -0.008582956 -0.009133723 -14.75872 
1786056168.743 -0.01082076 -0.009461935 -0.009156941 -15.16907 
1786056168.822 -0.005834256 -0.01285066 -0.009318103 -15.64647 
1786056168.913 -0.01084808 -0.007917697 -0.009304032 -16.14242 
1786056168.995 -0.005861118 -0.006481018 -0.01030125 -16.60015 
1786056169.075 -0.01087545 -0.006451993 -0.009640765 -17.11691 
1786056169.133 -0.005885734 -0.005219041 -0.008443845 -17.47855 
1786056169.207 -0.005897627 -0.005919824 -0.009038232 -17.90425 
1786056169.277 -0.01090803 -0.01112085 -0.009113436 -18.28346 
1786056169.337 -0.01091809 -0.01048164 -0.008858298 -18.6397 
1786056169.396 -0.01092828 -0.007049157 -0.00975859 -19.00697 
1786056169.454 -0.005937166 -0.00642087 -0.0102239 -19.32782 
1786056169.515 -0.00594716 -0.005852174 -0.009496713 -19.68933 
1786056169.583 -0.01095761 -0.00955853 -0.009958954 -20.06852 
1786056169.653 -0.005969161 -0.007910203 -0.00830756 -20.48869 
1786056169.717 -0.005979879 -0.008848694 -0.009015991 -20.87939 
1786056169.781 -0.005989454 -0.00972999 -0.009791497 -21.23525 
1786056169.851 -0.006001073 -0.005132072 -0.009699877 -21.65509 
1786056169.906 -0.006009963 -0.007280729 -0.009982144 -21.98185 
1786056169.969 -0.006019623 -0.006278667 -0.009566587 -22.33785 
1786056170.027 -0.006029101 -0.004109407 -0.009266647 -22.68768 
1786056170.091 -0.006037926 -0.006782199 -0.008283081 -23.01446 
1786056170.146 -0.006048142 -0.003714507 -0.009014565 -23.39348 
1786056170.198 -0.006056293 -0.006872184 -0.009232628 -23.69694 
1786056170.255 -0.006064738 -0.008145005 -0.00928742 -24.01774 
1786056170.318 -0.006074409 -0.01100148 -0.009170413 -24.37365 
1786056170.372 -0.006083275 -0.009628092 -0.008878757 -24.7064 
1786056170.429 -0.006091808 -0.01035974 -0.008390617 -25.0328 
1786056170.502 -0.006102173 -0.008461814 -0.008784387 -25.41774 
1786056170.568 -0.006112966 -0.007183296 -0.009553792 -25.83195 
1786056170.637 -0.01112403 -0.006416812 -0.01016946 -26.24596 
1786056170.727 -0.006137647 -0.005349587 -0.009397226 -26.76532 
1786056170.808 -0.006149076 -0.006639008 -0.008258081 -27.20277 
1786056170.876 -0.00616046 -0.008478272 -0.008513159 -27.64022 
1786056170.939 -0.006169987 -0.008050635 -0.00883019 -28.01355 
1786056171.002 -0.006179482 -0.006751742 -0.009455521 -28.38113 
1786056171.058 -0.006188045 -0.004194302 -0.009599781 -28.7077 
1786056171.118 -0.006196879 -0.004990521 -0.009303201 -29.05189 
1786056171.178 -0.006205981 -0.006503576 -0.009280641 -29.40776 
1786056171.234 -0.006214459 -0.007504981 -0.008549861 -29.74045 
1786056171.309 -0.006223943 -0.007821527 -0.009781542 -30.1195 
1786056171.371 -0.006234571 -0.01037937 -0.009633957 -30.53359 
1786056171.430 -0.006242805 -0.005778805 -0.008542916 -30.86608 
1786056171.501 -0.01125262 -0.007306558 -0.009561441 -31.25108 
1786056171.560 -0.006261957 -0.008187929 -0.009399967 -31.63025 
1786056171.621 -0.01127097 -0.00722242 -0.009128857 -31.98612 
1786056171.684 -0.006279797 -0.005219487 -0.01015419 -32.34771 
1786056171.760 -0.006290318 -0.007351159 -0.009162962 -32.77923 
1786056171.838 -0.006301362 -0.006858022 -0.009730984 -33.22261 
1786056171.921 -0.006312776 -0.01109752 -0.009903783 -33.68934 
1786056171.997 -0.006323562 -0.01125594 -0.007800524 -34.14446 
1786056172.054 -0.006332883 -0.01009408 -0.009659976 -34.5118 
1786056172.112 -0.006341039 -0.008451621 -0.0101172 -34.85606 
1786056172.179 -0.00634972 -0.0104549 -0.008198383 -35.21242 
1786056172.238 -0.006358363 -0.007827823 -0.009985502 -35.5736 
1786056172.304 -0.006366828 -0.007079901 -0.00935354 -35.92956 
1786056172.366 -0.00637622 -0.005363624 -0.009317158 -36.32626 
1786056172.434 -0.006385153 -0.007294473 -0.01008595 -36.70528 
1786056172.500 -0.006394451 -0.009425517 -0.008199202 -37.10807 
1786056172.561 -0.006402615 -0.008268249 -0.009441281 -37.45194 
1786056172.642 -0.001411686 -0.007762683 -0.008623774 -37.84295 
1786056172.723 -0.001424064 -0.008536947 -0.009950316 -38.39687 
1786056172.807 -0.006434487 -0.009130082 -0.008234611 -38.83443 
1786056172.881 -0.006445505 -0.004855464 -0.0100222 -39.31871 
1786056172.948 -0.001454081 -0.007055693 -0.01104571 -39.70351 
1786056173.006 -0.006462478 -0.003219431 -0.009660628 -40.07111 
1786056173.061 -0.001469658 -0.003924564 -0.008583569 -40.39777 
1786056173.122 -0.001477711 -0.001918234 -0.01025383 -40.7535 
1786056173.188 -0.006485463 -0.009468626 -0.009984747 -41.10369 
1786056173.278 -0.001495862 -0.01135443 -0.008489328 -41.57618 
1786056173.366 -0.001506694 -0.006729652 -0.009225932 -42.07189 
1786056173.463 -0.006518951 -0.005692801 -0.009663979 -42.6495 
1786056173.565 -0.006531222 -0.0021338 -0.008889618 -43.20933 
1786056173.660 -0.006543872 -0.002095217 -0.009832456 -43.80445 
1786056173.735 -0.001554196 -0.006384429 -0.008373486 -44.3003 
1786056173.809 -0.00656322 -0.006970605 -0.009666239 -44.72615 
1786056173.888 -0.006572538 -0.008271692 -0.009859407 -45.18105 
1786056173.958 -0.006581185 -0.008975339 -0.008726042 -45.60115 
1786056174.038 -0.006591074 -0.007336995 -0.009665388 -46.07934 
1786056174.099 -0.001598404 -0.003416557 -0.009527383 -46.44106 
1786056174.161 -0.001605568 -0.003114374 -0.009306862 -46.8027 
1786056174.223 -0.006612453 -0.008253799 -0.008418878 -47.14108 
1786056174.281 -0.001619408 -0.001742752 -0.009890031 -47.49685 
1786056174.340 -0.001626433 -0.002269159 -0.009477689 -47.84702 
1786056174.421 -0.006635686 -0.003065101 -0.008128031 -48.31972 
1786056174.480 -0.006641807 -0.005973262 -0.008945717 -48.63464 
1786056174.557 -0.006650582 -0.00614062 -0.009716005 -49.08941 
1786056174.626 -0.006658055 -0.006845212 -0.008324297 -49.48034 
1786056174.689 -0.001665469 -0.006896079 -0.009009983 -49.87112 
1786056174.752 -0.006672057 -0.008565965 -0.008673572 -50.22117 
1786056174.824 -0.001680009 -0.006006884 -0.00755841 -50.64695 
1786056174.900 -0.00168778 -0.005148829 -0.008788616 -51.07269 
1786056174.966 -0.001695802 -0.005745345 -0.008611251 -51.50439 
1786056175.031 -0.00170248 -0.002236826 -0.008832022 -51.87189 
1786056175.094 -0.001708895 -0.005109347 -0.008310754 -52.23965 
1786056175.154 -0.006715466 -0.002248869 -0.008975065 -52.6012 
1786056175.211 -0.001721158 -0.002996518 -0.008301789 -52.91609 
1786056175.275 -0.001727524 -0.003173046 -0.009467639 -53.2777 
1786056175.330 -0.001733532 -0.003692093 -0.009235262 -53.62199 
1786056175.404 -0.001740397 -0.009547397 -0.008283056 -54.0244 
1786056175.463 -0.006746897 -0.008229727 -0.008181855 -54.40356 
1786056175.526 -0.00175314 -0.006847125 -0.008613477 -54.76518 
1786056175.595 -0.001759523 -0.007898256 -0.009178106 -55.14434 
1786056175.661 -0.006765845 -0.000477064 -0.008881271 -55.52353 
1786056175.739 -0.006773543 -0.006323318 -0.008385058 -55.99041 
1786056175.805 -0.001779729 -0.00672157 -0.00846506 -56.37526 
1786056175.871 -0.006786135 -0.005279957 -0.009591131 -56.76603 
1786056175.935 -0.001792011 -0.00547105 -0.008980956 -57.13919 
1786056175.999 -0.001798103 -0.002025363 -0.007359282 -57.52452 
1786056176.072 -0.001804314 -0.0001038827 -0.009164766 -57.92113 
1786056176.137 -0.001810905 -0.002622679 -0.008394946 -58.3411 
1786056176.201 -0.001815908 -0.006185219 -0.008185452 -58.67934 
1786056176.261 -0.001821656 -0.00532463 -0.009025924 -59.04692 
1786056176.341 -0.001828123 -0.006142013 -0.007246469 -59.47885 
1786056176.404 -0.001833908 -0.008936264 -0.007759971 -59.87548 
1786056176.469 -0.001839541 -0.00562569 -0.008386843 -60.25428 
1786056176.521 -0.001844352 -0.002727831 -0.009321672 -60.5869 
1786056176.577 -0.001848532 -0.004423855 -0.008852237 -60.8787 
1786056176.644 -0.006853744 -0.004902499 -0.008580325 -61.24616 
1786056176.725 -0.001860276 -0.005427285 -0.008020702 -61.71279 
1786056176.802 -0.00186679 -0.005450317 -0.008005352 -62.19111 
1786056176.866 -0.001872022 -0.006101401 -0.008024325 -62.57026 
1786056176.927 -0.001877032 -0.001312152 -0.009559717 -62.94352 
1786056176.998 -0.006881748 -0.004660898 -0.008495682 -63.2994 
1786056177.058 -0.001887088 -0.0007480761 -0.008478336 -63.70771 
1786056177.119 -0.00189138 -0.006740618 -0.008637747 -64.04599 
1786056177.185 -0.001896212 -0.006129177 -0.007529118 -64.41943 
1786056177.243 -0.006900833 -0.003712261 -0.008153253 -64.7869 
1786056177.310 -0.006905247 -0.004685188 -0.009740666 -65.14274 
1786056177.371 -0.006909886 -0.006732744 -0.008409713 -65.52187 
1786056177.425 -0.001913828 -0.005701676 -0.008127924 -65.85445 
1786056177.476 -0.001917445 -0.002977266 -0.009551097 -66.15193 
1786056177.531 -0.001921155 -0.002390359 -0.00904121 -66.46686 
1786056177.587 -0.006925021 -0.004081626 -0.008468493 -66.79942 
1786056177.637 -0.001928369 -0.008616557 -0.009823186 -67.09106 
1786056177.703 -0.001932334 -0.003366845 -0.008604569 -67.44111 
1786056177.773 -0.001936887 -0.005881819 -0.008325253 -67.84943 
1786056177.847 -0.001941487 -0.003297511 -0.008821245 -68.26927 
1786056177.929 -0.0019465 -0.005873839 -0.007679739 -68.73597 
1786056177.990 -0.00195068 -0.007653351 -0.008656101 -69.1328 
1786056178.069 -0.001954903 -0.004962341 -0.007723273 -69.541 
1786056178.134 -0.00195934 -0.002410973 -0.008619078 -69.98464 
1786056178.196 -0.001962938 -0.002362275 -0.009304147 -70.34016 
1786056178.271 -0.001966756 -0.005244272 -0.008604638 -70.73682 
1786056178.331 -0.0019705 -0.00365068 -0.008172779 -71.12745 
1786056178.389 -0.00197379 -0.005877597 -0.008301137 -71.47193 
1786056178.448 -0.00197686 -0.0074683 -0.008474801 -71.80435 
1786056178.504 -0.00197993 -0.005305499 -0.007546196 -72.14275 
1786056178.566 -0.001982788 -0.003295679 -0.006791368 -72.46373 
1786056178.622 -0.001986002 -0.005651762 -0.00973978 -72.83101 
1786056178.679 -0.001988848 -0.006065249 -0.00687354 -73.16324 
1786056178.748 -0.00199195 -0.00952628 -0.006715039 -73.53245 
1786056178.823 -0.001995229 -0.006558026 -0.006286396 -73.93722 
1786056178.897 -0.001998877 -0.006649898 -0.006469158 -74.39312 
1786056178.974 -0.002002076 -0.007681308 -0.005766071 -74.80395 
1786056179.040 -0.002004906 -0.007194181 -0.004678731 -75.17097 
1786056179.115 -0.002007869 -0.005249029 -0.00501661 -75.57667 
1786056179.207 -0.002011314 -0.007329355 -0.003697552 -76.05596 
1786056179.289 -0.002014162 -0.007347857 -0.005144155 -76.45956 
1786056179.361 -0.002016955 -0.005955715 -0.005189639 -76.87271 
1786056179.423 -0.002019065 -0.002927234 -0.004196782 -77.19357 
1786056179.490 -0.002021162 -0.004373058 -0.004712763 -77.52545 
1786056179.546 -0.002023028 -0.002187178 -0.003030797 -77.81834 
1786056179.611 -0.002024827 -0.006589385 -0.001873124 -78.11285 
1786056179.666 -0.00202659 -0.005908995 -0.00277512 -78.40839 
1786056179.735 -0.002028424 -0.003637755 -0.001096214 -78.72389 
1786056179.818 -0.002030651 -0.006300141 0.0008359047 -79.11935 
1786056179.882 0.002967731 -0.005169787 0.001817236 -79.41574 
1786056179.951 0.002966202 -0.005119483 0.00432765 -79.70362 
1786056180.017 0.002964575 -0.002479629 0.00582942 -80.01888 
1786056180.078 0.002963197 -0.003030049 0.005873758 -80.29835 
1786056180.138 0.002961958 -0.002678673 0.006697922 -80.54784 
1786056180.204 0.002960628 -0.004574033 0.007658779 -80.82849 
1786056180.273 0.002959299 -0.003130782 0.00733509 -81.12141 
1786056180.334 0.002958087 0.0001519698 0.007054518 -81.39335 
1786056180.400 0.00295693 -0.002449062 0.008542641 -81.65671 
1786056180.458 0.00295596 -0.001202455 0.006821898 -81.89199 
1786056180.515 0.002954999 0.002472387 0.006484496 -82.12385 
1786056180.579 0.002953972 0.002495834 0.008138843 -82.3836 
1786056180.638 0.002953112 0.002774286 0.009400601 -82.60843 
1786056180.696 0.002952345 0.001208511 0.008758858 -82.8145 
1786056180.774 -0.00204868 0.004998324 0.007671654 -83.09969 
1786056180.869 -0.002049864 0.00313874 0.008376124 -83.44449 
1786056180.942 -0.002050756 0.005583196 0.008551802 -83.7168 
1786056181.011 -0.00205155 0.005281419 0.008173113 -83.96948 
1786056181.068 -0.002052176 0.004709962 0.008456822 -84.17599 
1786056181.146 -0.002052865 0.004321067 0.01074664 -84.41261 
1786056181.227 -0.002053584 0.005568474 0.008344516 -84.67019 
1786056181.303 -0.002054294 0.005219406 0.008896032 -84.93773 
1786056181.375 -0.002054813 0.004308599 0.008828353 -85.14241 
1786056181.437 -0.002055344 0.005697123 0.009919674 -85.36117 
1786056181.491 -0.002055723 0.006214586 0.009442383 -85.52424 
1786056181.551 -0.002056128 0.003548313 0.008156903 -85.7048 
1786056181.610 -0.002056472 0.005262095 0.009365813 -85.86756 
1786056181.668 -0.002056831 0.002958295 0.009850716 -86.04089 
1786056181.737 -0.002057195 0.004262166 0.009521629 -86.22451 
1786056181.821 -0.002057592 0.003979033 0.01010128 -86.43578 
1786056181.908 -0.002058022 0.001155051 0.009792678 -86.6772 
1786056181.978 -0.002058324 -0.001089754 0.009138496 -86.8602 
1786056182.037 -0.002058557 0.0001011793 0.009515662 -87.0112 
1786056182.093 -0.002058763 0.002716597 0.0109431 -87.14652 
1786056182.165 -0.002058974 -0.0009677044 0.009751789 -87.29505 
1786056182.255 -0.00205923 -7.614589e-05 0.009941842 -87.4869 
1786056182.335 -0.002059484 0.0004940414 0.01029196 -87.69322 
1786056182.404 -0.002059644 0.002996564 0.01046896 -87.83282 
1786056182.475 -0.002059791 0.003132746 0.01096973 -87.97006 
1786056182.535 -0.002059923 0.0002372466 0.01059581 -88.10087 
1786056182.588 0.002939976 0.003630325 0.01064669 -88.20842 
1786056182.652 0.002939878 0.002282953 0.009998115 -88.32023 
1786056182.716 0.002939781 0.004850502 0.01013777 -88.43546 
1786056182.781 0.002939694 0.005480504 0.009657195 -88.54834 
1786056182.873 0.002939602 0.003075238 0.01053603 -88.67827 
1786056182.948 0.002939511 0.004461289 0.01044394 -88.82051 
1786056183.008 0.002939457 0.006632291 0.01077998 -88.91231 
1786056183.074 0.00293941 0.003616717 0.01033948 -89.00048 
1786056183.147 0.002939358 0.005645174 0.00960127 -89.10899 
1786056183.211 0.002939323 0.004363839 0.01044132 -89.19112 
1786056183.280 0.00293929 0.002600364 0.01039756 -89.27286 
1786056183.340 0.002939265 0.00358944 0.01022368 -89.34687 
1786056183.412 0.002939242 0.003879729 0.01098047 -89.41797 
1786056183.469 0.002939223 0.003470807 0.01053305 -89.48497 
1786056183.539 0.002939207 0.006485056 0.01118197 -89.54883 
1786056183.603 0.002939194 0.00504116 0.0104841 -89.61111 
1786056183.662 0.002939184 0.006855774 0.01007312 -89.66221 
1786056183.717 0.002939177 0.004291982 0.01122354 -89.70898 
1786056183.778 0.002939171 0.005430942 0.01154131 -89.75226 
1786056183.858 0.002939166 0.006394343 0.01105443 -89.79651 
1786056183.953 0.00293916 0.007352723 0.01197699 -89.85154 
1786056184.019 -0.002060842 0.003854043 0.01196371 -89.89146 
1786056184.090 -0.002060844 0.004129481 0.0120025 -89.92163 
1786056184.158 -0.002060844 0.008295114 0.01170613 -89.94754 
1786056184.267 -0.002060845 0.008397746 0.01200703 -89.9747 
1786056184.332 -0.002060845 0.004422704 0.01165702 -89.98816 
1786056184.404 -0.002060845 0.004428794 0.01192698 -89.99605 
1786056184.491 -0.007060845 0.004429558 0.01139072 -90 
1786056184.572 -0.002060845 0.004429558 0.01012034 -90 
1786056184.671 -0.002060845 0.004429558 0.01012034 -90 
1786056184.738 -0.002060845 0.004429558 0.01012034 -90 
1786056184.814 -0.002060845 0.004429558 0.01012034 -90 
1786056184.876 -0.002060845 0.004429558 0.01012034 -90 
1786056184.941 -0.002060845 0.008429558 0.01012034 -90 
1786056185.003 -0.002060845 0.008429558 0.01012034 -90 
1786056185.063 -0.002060845 0.004429558 0.01012034 -90 
1786056185.118 -0.002060845 0.004429558 0.01012034 -90 
1786056185.181 -0.002060845 0.008429558 0.01012034 -90 
1786056185.240 -0.002060845 0.008429558 0.01012034 -90 
1786056185.302 -0.002060845 0.004429558 0.008850338 -90 
1786056185.361 0.002939155 0.004429558 0.008850338 -90 
1786056185.423 0.002939155 0.004429558 0.008850338 -90 
1786056185.501 0.002939155 0.004429558 0.008850338 -90 
1786056185.588 0.002939155 0.004429558 0.008850338 -90 
1786056185.672 0.002939155 0.004429558 0.008850338 -90 
1786056185.747 0.002939155 0.004429558 0.008850338 -90 
1786056185.801 0.002939155 0.004429558 0.008850338 -90 
1786056185.864 0.002939155 0.008429558 0.008850338 -90 
1786056185.943 0.002939155 0.004429558 0.008850338 -90 
1786056186.022 0.002939155 0.004429558 0.008850338 -90 
1786056186.092 0.002939155 0.004429558 0.008850338 -90 
1786056186.156 0.002939155 0.004429558 0.008850338 -90 
1786056186.236 0.002939155 0.004429558 0.008850338 -90 
1786056186.296 0.002939155 0.004429558 0.008850338 -90 
1786056186.349 -0.002060845 0.004429558 0.008850338 -90 
1786056186.415 -0.002060845 0.004429558 0.008850338 -90 
1786056186.471 -0.002060845 0.008429558 0.008850338 -90 
1786056186.539 -0.002060845 0.004429558 0.007580339 -90 
1786056186.596 -0.002060845 0.004429558 0.007580339 -90 
1786056186.676 -0.002060845 0.004429558 0.007580339 -90 
1786056186.739 -0.002060845 0.004429558 0.007580339 -90 
1786056186.794 -0.002060845 0.004429557 0.008297888 -89.99987 
1786056186.861 -0.002060845 0.008429005 0.009893651 -89.99664 
1786056186.935 0.007939155 0.01242232 0.01220463 -89.98783 
1786056187.005 0.01293916 0.01640094 0.01225657 -89.9758 
1786056187.072 0.01293916 0.01633954 0.01294691 -89.95708 
1786056187.157 0.01793916 0.01619816 0.01441732 -89.93118 
1786056187.243 0.01293916 0.01589212 0.01437979 -89.89512 
1786056187.326 0.01293916 0.01535986 0.01429903 -89.85203 
1786056187.425 0.01293917 0.01444364 0.01236992 -89.79838 
1786056187.502 0.01293917 0.01309208 0.01288271 -89.73863 
1786056187.584 0.01293918 0.01537641 0.01230198 -89.6784 
1786056187.708 0.007939198 0.0121271 0.0104196 -89.5878 
1786056187.784 0.01293922 0.01191965 0.01095983 -89.49397 
1786056187.866 0.01293924 0.01162702 0.01007817 -89.41246 
1786056187.978 0.01293929 0.01127097 0.01181871 -89.28242 
1786056188.061 0.007939327 0.007540335 0.009888867 -89.17952 
1786056188.143 0.002939366 0.004100792 0.008876836 -89.09146 
1786056188.234 -0.002060566 -0.0009685074 0.008162559 -88.95451 
1786056188.304 -0.007060503 -0.004938633 0.007387938 -88.84329 
1786056188.376 -0.007060427 -0.007414051 0.007810238 -88.72001 
1786056188.451 -0.007060347 -0.01079492 0.007501188 -88.60389 
1786056188.532 -0.01206026 -0.008297554 0.007024625 -88.48096 
1786056188.596 -0.007060143 -0.009574996 0.007635784 -88.34384 
1786056188.672 -0.007060022 -0.009064996 0.008722069 -88.20451 
1786056188.748 -0.007059896 -0.008914981 0.007379681 -88.07326 
1786056188.809 -0.007059759 -0.006966998 0.007791272 -87.93953 
1786056188.900 -0.01205958 -0.009181035 0.007164981 -87.77395 
1786056188.978 -0.01205937 -0.009514361 0.007055532 -87.59756 
1786056189.078 -0.00705909 -0.01140879 0.007329002 -87.37787 
1786056189.152 -0.007058841 -0.01025129 0.007433565 -87.20103 
1786056189.237 -0.007058534 -0.008984704 0.007582319 -86.99384 
1786056189.307 -0.007058242 -0.00950549 0.007435027 -86.80717 
1786056189.385 -0.007057928 -0.008709328 0.007633903 -86.62252 
1786056189.478 -0.007057488 -0.008808923 0.00834676 -86.37658 
1786056189.559 -0.007057049 -0.008637649 0.0073846 -86.14418 
1786056189.649 -0.007056556 -0.006148067 0.007293907 -85.89597 
1786056189.727 -0.00705603 -0.007146048 0.006865176 -85.66051 
1786056189.802 -0.007055493 -0.009767909 0.007597526 -85.42472 
1786056189.886 -0.007054912 -0.008740416 0.006692979 -85.1795 
1786056189.961 -0.007054268 -0.007652977 0.007965439 -84.92791 
1786056190.049 -0.007053592 -0.008895911 0.007537122 -84.66992 
1786056190.146 -0.00705273 -0.005526435 0.008404437 -84.36522 
1786056190.225 -0.007051835 -0.008394475 0.008081063 -84.06257 
1786056190.305 -0.007051048 -0.007016189 0.007159744 -83.8014 
1786056190.393 -0.007050115 -0.008896588 0.007650999 -83.51997 
1786056190.454 -0.007049206 -0.006462745 0.007076679 -83.25084 
1786056190.523 -0.007048361 -0.007795082 0.006363057 -83.00992 
1786056190.588 -0.007047429 -0.008562158 0.007115887 -82.73435 
1786056190.661 -0.007046387 -0.007749801 0.007503302 -82.47284 
1786056190.733 -0.007045253 -0.008398512 0.006674065 -82.18295 
1786056190.800 -0.007044171 -0.008122445 0.007776737 -81.91983 
1786056190.867 -0.007043033 -0.005407176 0.007703526 -81.63614 
1786056190.941 -0.007041911 -0.008574533 0.007578276 -81.3638 
1786056191.010 -0.00204045 -0.006710218 0.007474843 -81.062 
1786056191.101 -0.007038906 -0.009554707 0.008385598 -80.72925 
1786056191.190 -0.00203667 -0.008587249 0.007027992 -80.26271 
1786056191.259 -0.002035126 -0.007501955 0.007566896 -79.9603 
1786056191.332 -0.00703351 -0.008261992 0.007323491 -79.6488 
1786056191.400 -0.002031768 -0.008866199 0.006205979 -79.32322 
1786056191.484 -0.00202984 -0.009123641 0.008324443 -78.97381 
1786056191.549 -0.002027846 -0.006032506 0.006501573 -78.6187 
1786056191.613 -0.002025987 -0.004917746 0.007874517 -78.30182 
1786056191.678 -0.002024112 -0.007074972 0.008224197 -77.99514 
1786056191.739 -0.002022225 -0.007548434 0.007577637 -77.68925 
1786056191.809 -0.002020137 -0.008418885 0.005804615 -77.35451 
1786056191.884 -0.002018033 -0.0080039 0.006400808 -77.03572 
1786056191.967 -0.002014834 -0.007086395 0.006346937 -76.55788 
1786056192.070 -0.002011497 -0.007524501 0.007464829 -76.07138 
1786056192.135 -0.007008374 -0.00488454 0.008126703 -75.6406 
1786056192.206 -0.002005593 -0.007619832 0.008467612 -75.2576 
1786056192.290 -0.002002537 -0.003718455 0.006582538 -74.84731 
1786056192.372 -0.001998829 -0.00787352 0.007129633 -74.38161 
1786056192.449 -0.001995546 -0.006794198 0.008045246 -73.97089 
1786056192.526 -0.001991659 -0.005127221 0.007181133 -73.49748 
1786056192.603 -0.001987803 -0.005636009 0.006176937 -73.04024 
1786056192.685 -0.001984067 -0.003208079 0.006019964 -72.60896 
1786056192.740 -0.001980761 -0.00642668 0.007195218 -72.23554 
1786056192.799 -0.001977601 -0.005973713 0.005794828 -71.88561 
1786056192.863 -0.001974273 -0.005590457 0.005969278 -71.51803 
1786056192.930 -0.001970661 -0.003534829 0.006621859 -71.13891 
1786056193.024 -0.001965959 -0.005464148 0.004184241 -70.64868 
1786056193.092 -0.001961258 -0.007365865 0.006191216 -70.17065 
1786056193.149 -0.001957866 -0.0071697 0.006882845 -69.8265 
1786056193.222 -0.001954299 -0.006714006 0.005518122 -69.46476 
1786056193.280 -0.001950186 -0.009926571 0.005929749 -69.08564 
1786056193.352 -0.006945624 -0.005124903 0.004626694 -68.65385 
1786056193.409 -0.00194205 -0.007747808 0.005461051 -68.32143 
1786056193.474 -0.006938295 -0.008895358 0.004438122 -67.97731 
1786056193.546 -0.001933571 -0.00706142 0.005208946 -67.55135 
1786056193.603 -0.001929492 -0.006147132 0.005965481 -67.18973 
1786056193.654 -0.001926023 -0.004659596 0.006264668 -66.8865 
1786056193.716 -0.001922035 -0.003370943 0.006519976 -66.53653 
1786056193.773 -0.00191806 -0.005517491 0.003809551 -66.20362 
1786056193.838 -0.001913542 -0.004447611 0.005266482 -65.819 
1786056193.911 -0.001908459 -0.007267536 0.005670861 -65.40474 
1786056193.992 -0.006903004 -0.005023778 0.004239205 -64.96136 
1786056194.067 -0.001897164 -0.004405989 0.005913352 -64.49476 
1786056194.136 -0.001892494 -0.004290854 0.005822796 -64.12721 
1786056194.199 -0.001887308 -0.006739899 0.005523799 -63.72473 
1786056194.269 -0.001882278 -0.006064049 0.005890703 -63.33394 
1786056194.322 -0.001877646 -0.007977428 0.005598611 -62.98967 
1786056194.393 -0.001872408 -0.007378625 0.005776554 -62.59311 
1786056194.451 -0.001867738 -0.004243754 0.005830413 -62.25473 
1786056194.515 -0.001862531 -0.006699303 0.00548091 -61.87566 
1786056194.583 -0.006857015 -0.008312232 0.005345451 -61.47329 
1786056194.635 -0.001852666 -0.006880748 0.005535574 -61.16973 
1786056194.691 -0.001848024 -0.00535206 0.003723668 -60.84303 
1786056194.748 -0.001843335 -0.004929215 0.00572165 -60.5164 
1786056194.808 -0.001838173 -0.002796166 0.005821203 -60.16052 
1786056194.875 -0.001833213 -0.006549883 0.004267168 -59.81637 
1786056194.951 -0.001826201 -0.001308247 0.004348553 -59.34953 
1786056195.030 -0.001819886 -0.004301627 0.004834855 -58.92396 
1786056195.097 -0.001813136 -0.001678055 0.006042981 -58.48055 
1786056195.160 -0.001807656 -0.003175018 0.004523102 -58.13051 
1786056195.233 -0.006800843 -0.004336828 0.003253611 -57.69305 
1786056195.307 -0.001794779 -0.0024378 0.004133889 -57.29637 
1786056195.363 -0.001788558 -0.006553038 0.004794043 -56.91717 
1786056195.420 -0.001783591 -0.003220775 0.004641872 -56.59657 
1786056195.481 -0.001778013 -0.006693084 0.005501555 -56.25813 
1786056195.537 -0.006772097 -0.006379379 0.005088056 -55.90232 
1786056195.589 -0.001766996 -0.004590116 0.001952209 -55.5931 
1786056195.641 -0.00176205 -0.005313601 0.002253189 -55.28981 
1786056195.711 -0.00175579 -0.00490497 0.001983466 -54.92222 
1786056195.781 -0.001749173 -0.008480175 0.001477227 -54.5313 
1786056195.842 -0.001742794 -0.002829959 0.00179706 -54.15813 
1786056195.926 -0.001734638 3.228779e-05 0.003282347 -53.67974 
1786056196.021 -0.001725364 -0.001254019 0.00184437 -53.11975 
1786056196.088 -0.001717945 -0.00461742 0.002029427 -52.73472 
1786056196.155 -0.006710873 -0.007410637 0.001975243 -52.33803 
1786056196.222 -0.001703209 -0.007071378 0.001694096 -51.91235 
1786056196.296 -0.001695472 -0.004677898 0.001912859 -51.48622 
1786056196.355 -0.001689381 -0.004554296 0.002263585 -51.14811 
1786056196.425 -0.001682164 -0.006317399 0.002445487 -50.76314 
1786056196.489 -0.001674669 -0.005790471 0.001613646 -50.36054 
1786056196.547 -0.001668209 -0.004461164 0.001795269 -50.0106 
1786056196.610 -0.001661371 -0.005444167 0.002666336 -49.65484 
1786056196.677 -0.001654036 -0.002372692 0.002455488 -49.26979 
1786056196.733 -0.001647767 0.0003511481 0.001911112 -48.94301 
1786056196.789 -0.001641118 -0.001569759 0.001978842 -48.59898 
1786056196.862 -0.00163317 -0.003512483 0.001942635 -48.19071 
1786056196.937 -0.001624929 -0.005493342 0.002583846 -47.7706 
1786056197.006 -0.001617663 -0.005199126 0.001333496 -47.39709 
1786056197.090 -0.001607078 -0.006798427 0.001742883 -46.87225 
1786056197.170 -0.001598981 -0.007558118 0.00091267 -46.46395 
1786056197.224 -0.001590706 -0.009466374 0.0009045824 -46.06148 
1786056197.288 -0.001583684 -0.002634457 6.663234e-05 -45.71728 
1786056197.357 -0.001575056 -0.006535028 0.001006222 -45.29731 
1786056197.416 -0.006567937 -0.006034815 -0.001331711 -44.95305 
1786056197.477 -0.001560898 -0.002463251 -0.0005064529 -44.61482 
1786056197.543 -0.001552592 -0.0006904071 -0.002018127 -44.21798 
1786056197.602 -0.001545464 -0.002124696 -0.00203875 -43.8796 
1786056197.658 -0.001538171 -0.006986328 -0.002865207 -43.53555 
1786056197.722 -0.001530337 -0.003079416 -0.001431457 -43.16813 
1786056197.781 -0.001522958 -0.004370435 -0.003150813 -42.82391 
1786056197.839 -0.001515664 -0.005444073 -0.00493555 -42.48541 
1786056197.905 -0.001507697 -0.007168131 -0.004173383 -42.1123 
1786056197.988 -0.001498662 -0.005115071 -0.003622175 -41.69234 
1786056198.064 -0.001487125 -0.004079913 -0.004053369 -41.17901 
1786056198.126 -0.001478994 -0.001704639 -0.004620318 -40.80567 
1786056198.199 -0.001469516 -0.003167327 -0.004883106 -40.37979 
1786056198.264 -0.001461288 -0.002611762 -0.005243988 -40.01816 
1786056198.323 -0.001453278 -0.004255809 -0.005325387 -39.6622 
1786056198.382 -0.00144536 -0.004527585 -0.00514039 -39.31224 
1786056198.440 -0.001437801 -0.004210818 -0.004715559 -38.97985 
1786056198.513 -0.001428469 -0.006447002 -0.005571572 -38.57136 
1786056198.572 -0.001420428 -0.006166449 -0.005192261 -38.2214 
1786056198.632 -0.001412079 -0.004856042 -0.005874745 -37.8597 
1786056198.689 -0.001404637 -0.002067763 -0.004744419 -37.53894 
1786056198.752 -0.006395801 -0.003607301 -0.005282565 -37.15394 
1786056198.806 -0.001388564 -0.001967815 -0.005024903 -36.8448 
1786056198.862 -0.00138061 -0.002906877 -0.005614167 -36.51226 
1786056198.942 -0.00137055 -0.004296843 -0.005218008 -36.08634 
1786056199.036 -0.001357376 -0.006925844 -0.004864105 -35.52644 
1786056199.110 -0.006346491 -0.007206248 -0.004550694 -35.07728 
1786056199.177 -0.006337655 -0.006777022 -0.004860188 -34.70959 
1786056199.248 -0.001327367 -0.007609872 -0.004638534 -34.28395 
1786056199.320 -0.006316885 -0.001544575 -0.005943282 -33.84642 
1786056199.388 -0.00130692 -0.00460344 -0.005441294 -33.44391 
1786056199.447 -0.001298628 -0.0002298932 -0.005052423 -33.10558 
1786056199.515 -0.006288722 -0.007633955 -0.005327571 -32.69736 
1786056199.581 -0.001279639 -0.007030465 -0.005298715 -32.33563 
1786056199.641 -0.001270518 -0.004967871 -0.006396801 -31.96808 
1786056199.702 -0.001261506 -0.006077345 -0.00659445 -31.60635 
1786056199.754 -0.001253921 -0.006756277 -0.005606334 -31.30307 
1786056199.815 -0.001245285 -0.004104272 -0.005119047 -30.95888 
1786056199.885 -0.00123544 -0.0004296179 -0.005958093 -30.56227 
1786056199.966 -0.001224816 -0.001286873 -0.006376379 -30.14814 
1786056200.050 -0.001211176 -0.002452597 -0.005625452 -29.6117 
1786056200.110 -0.001201494 -0.003455259 -0.005508116 -29.23225 
1786056200.173 -0.001193275 -0.001946418 -0.005935382 -28.90561 
1786056200.232 -0.001183227 -0.00434894 -0.005459734 -28.52058 
1786056200.299 -0.001173594 -0.008071696 -0.006606479 -28.14735 
1786056200.360 -0.00116423 -0.004430498 -0.005753991 -27.78561 
1786056200.445 -0.001153013 -0.002716699 -0.006104314 -27.35383 
1786056200.510 -0.001141752 -0.001368948 -0.006116231 -26.92242 
1786056200.576 -0.001131672 0.0003044444 -0.007565935 -26.53133 
1786056200.629 -0.001122633 -0.00488789 -0.005936219 -26.19318 
1786056200.685 -0.006114644 -0.004089056 -0.006850411 -25.88383 
1786056200.745 -0.0011054 -0.00161235 -0.005183598 -25.53392 
1786056200.802 -0.001096593 -0.006090468 -0.005159299 -25.20729 
1786056200.857 -0.001087918 -0.003009408 -0.005679145 -24.88058 
1786056200.942 -0.001075329 -0.003371906 -0.006255686 -24.4081 
1786056201.024 -0.001062848 0.001100008 -0.005658815 -23.94147 
1786056201.088 -0.001052048 -0.001634731 -0.006507029 -23.53856 
1786056201.151 -0.001042787 0.001559565 -0.006671208 -23.18886 
1786056201.218 -0.001032083 -0.006714601 -0.005381069 -22.79811 
1786056201.283 -0.00102119 -0.007140602 -0.005658921 -22.39557 
1786056201.349 -0.001011216 -0.003929966 -0.006380481 -22.02804 
1786056201.409 -0.001001058 -0.004021711 -0.006012579 -21.65466 
1786056201.475 -0.0009915106 -0.007423538 -0.006050463 -21.30468 
1786056201.532 -0.0009817808 -0.001673318 -0.005562159 -20.94895 
1786056201.586 -0.0009726681 -0.002069969 -0.005450511 -20.61643 
1786056201.646 -0.0009636959 0.00036207 -0.006453113 -20.28977 
1786056201.709 -0.000953258 -0.005131118 -0.005912324 -19.91063 
1786056201.774 -0.0009434396 -0.004300952 -0.006398559 -19.55484 
1786056201.825 -0.000934084 -0.007090992 -0.006326387 -19.21645 
1786056201.895 -0.0009242237 -0.006272049 -0.005450053 -18.8606 
1786056201.965 -0.000912234 -0.00414869 -0.006098073 -18.42309 
1786056202.045 -0.0008990755 -0.001228912 -0.00585925 -17.95643 
1786056202.113 -0.0008884907 -0.002770284 -0.005804641 -17.57721 
1786056202.184 -0.0008760866 0.0002076834 -0.005825369 -17.13399 
1786056202.243 -0.0008666199 -0.003788499 -0.006720101 -16.79621 
1786056202.314 -0.0008560965 -0.001620726 -0.00793105 -16.42147 
1786056202.375 -0.0008453525 -0.00155723 -0.006222808 -16.04007 
1786056202.438 -0.0008355049 -0.002316284 -0.006786253 -15.68499 
1786056202.501 -0.0008254359 0.000746793 -0.00671348 -15.3288 
1786056202.568 -0.0008154657 0.004873245 -0.006756674 -14.97635 
1786056202.628 -0.0008057487 0.006664421 -0.006590541 -14.63883 
1786056202.687 -0.0007965851 0.008542877 -0.005560644 -14.31618 
1786056202.745 -0.0007882634 0.007228922 -0.00688641 -14.02311 
1786056202.798 -0.0007797189 0.003341062 -0.006435248 -13.72309 
1786056202.853 -0.0007718473 0.007968436 -0.006369373 -13.44685 
1786056202.927 -0.0007615598 0.003206093 -0.006680942 -13.08631 
1786056203.022 -0.0007490922 0.006069857 -0.006282447 -12.64996 
1786056203.085 -0.0007382329 0.004093288 -0.006470897 -12.27068 
1786056203.153 -0.000729485 0.009377534 -0.005891956 -11.9653 
1786056203.226 -0.0007198677 0.009280938 -0.005977969 -11.61575 
1786056203.289 -0.0007099658 0.005471894 -0.006016071 -11.28554 
1786056203.351 -0.0007012793 0.006479525 -0.0058857 -10.98353 
1786056203.409 -0.0006935014 0.005012288 -0.005695209 -10.71323 
1786056203.474 -0.0006856818 0.00357704 -0.006207876 -10.4421 
1786056203.546 -0.0006766556 0.003703265 -0.005796033 -10.129 
1786056203.606 -0.0006678862 0.004410905 -0.005379795 -9.820916 
1786056203.670 -0.00066 0.006708709 -0.006463035 -9.552383 
1786056203.725 -0.0006527175 0.007859297 -0.005418577 -9.300576 
1786056203.783 -0.0006458968 0.009205137 -0.005713097 -9.06063 
1786056203.838 -0.0006387942 0.008700705 -0.005569842 -8.819636 
1786056203.899 -0.0006320245 0.008849932 -0.00612945 -8.581822 
1786056203.960 -0.0006242757 0.007871826 -0.006844858 -8.318811 
1786056204.035 -0.0006167607 0.004620462 -0.006037204 -8.059809 
1786056204.106 -0.0006075276 0.005221343 -0.006005711 -7.73775 
1786056204.168 -0.0006003825 0.004608377 -0.005508543 -7.495848 
1786056204.234 -0.0005931273 0.002970799 -0.0053276 -7.246238 
1786056204.291 -0.0005865357 0.008076144 -0.005268518 -7.019683 
1786056204.362 -0.000578974 0.003888523 -0.006025126 -6.759871 
1786056204.422 -0.000572919 0.007463957 -0.005928524 -6.548317 
1786056204.482 -0.0005664374 0.009578957 -0.005660601 -6.329321 
1786056204.538 -0.000560575 0.005931469 -0.006649299 -6.128216 
1786056204.605 -0.0005539024 0.003575328 -0.00575031 -5.899363 
1786056204.662 -0.0005482399 0.006099496 -0.006345921 -5.705068 
1786056204.719 -0.0005426701 0.00636307 -0.00600447 -5.514249 
1786056204.777 -0.0005370982 0.004018053 -0.006236605 -5.320004 
1786056204.838 -0.0005311553 0.003187109 -0.005806754 -5.119715 
1786056204.900 -0.000525418 0.003447817 -0.006048377 -4.923201 
1786056204.967 -0.0005195219 0.005371256 -0.006297689 -4.721385 
1786056205.071 -0.0005116462 0.003935893 -0.004960726 -4.445857 
1786056205.149 -0.0005040839 0.004776104 -0.006419629 -4.190263 
1786056205.223 -0.0004976507 0.00827328 -0.00498608 -3.973155 
1786056205.283 -0.0004925954 0.006787098 -0.005431165 -3.79749 
1786056205.351 -0.0004869432 0.007293876 -0.006674324 -3.607075 
1786056205.410 -0.0004824344 0.00618971 -0.005624447 -3.452948 
1786056205.472 -0.0004779482 0.009387008 -0.005876772 -3.297082 
1786056205.542 -0.0004730497 0.005833016 -0.005379871 -3.132251 
1786056205.598 -0.000468492 0.007383684 -0.005922496 -2.976608 
1786056205.650 -0.0004647473 0.008194122 -0.00509469 -2.848693 
1786056205.710 -0.0004608795 0.005503515 -0.006021427 -2.714302 
1786056205.763 -0.0004571032 0.004271309 -0.005633519 -2.587594 
1786056205.819 -0.0004534832 0.004920648 -0.005616657 -2.463965 
1786056205.876 -0.0004497615 0.00612174 -0.005029711 -2.336931 
1786056205.953 -0.0004458302 0.007297466 -0.004847745 -2.198501 
1786056206.023 -0.0004408278 0.003914099 -0.005988228 -2.031949 
1786056206.092 -0.0004370509 0.006565613 -0.005338137 -1.902987 
1786056206.156 -0.0004331215 0.004109212 -0.005412623 -1.768931 
1786056206.216 -0.0004300811 0.007448241 -0.004516351 -1.665139 
1786056206.283 -0.0004268221 0.005010047 -0.006076476 -1.553928 
1786056206.344 -0.0004234266 0.004525039 -0.005650796 -1.436357 
1786056206.400 -0.0004205454 0.006247916 -0.005009089 -1.339717 
1786056206.455 -0.0004179976 0.007662195 -0.005428672 -1.252812 
1786056206.526 -0.0004150886 0.00758393 -0.005019211 -1.152006 
1786056206.590 -0.0004121717 0.007005643 -0.005887075 -1.052584 
1786056206.662 -0.0004093458 0.007289241 -0.005301582 -0.9575764 
1786056206.719 -0.0004068485 0.006344095 -0.005304263 -0.8724165 
1786056206.781 -0.0004043938 0.009534354 -0.004858224 -0.7886554 
1786056206.839 -0.0004023431 0.005881158 -0.004786124 -0.7187063 
1786056206.901 -0.0004002207 0.00851742 -0.00503738 -0.6463002 
1786056206.968 -0.0003981479 0.008643655 -0.005896189 -0.5755407 
1786056207.043 -0.0003960771 0.007524796 -0.005927454 -0.5039081 
1786056207.118 -0.0003937602 0.006650898 -0.004922602 -0.4258927 
1786056207.175 -0.000392215 0.00755286 -0.005404858 -0.3731627 
1786056207.241 0.004609346 0.009480128 -0.004847026 -0.3191269 
1786056207.303 0.01461074 0.01846008 0.002876834 -0.2714608 
1786056207.369 0.01961215 0.02261278 0.009098653 -0.223721 
1786056207.428 0.02461327 0.02824953 0.0124195 -0.1853801 
1786056207.494 0.02461439 0.0264929 0.0117596 -0.147909 
1786056207.562 0.02961538 0.02971142 0.01346142 -0.1142035 
1786056207.629 0.02461623 0.02531704 0.01247695 -0.08483964 
1786056207.693 0.01961688 0.02296572 0.01136477 -0.06297593 
1786056207.748 0.01961749 0.01764053 0.008932279 -0.04202434 
1786056207.809 0.02461793 0.02622154 0.01279261 -0.02712277 
1786056207.872 0.02961831 0.03329291 0.01408884 -0.01409933 
1786056207.947 0.02961858 0.02975852 0.01409738 -0.004790823 
1786056208.014 0.01961871 0.02471426 0.01028855 -0.0004182942 
1786056208.088 0.01961872 0.02237456 0.01028856 1.54261e-08 
1786056208.155 0.01961872 0.01837456 0.009018556 1.54261e-08 
1786056208.216 0.01461872 0.01837456 0.009018556 1.54261e-08 
1786056208.284 0.01461872 0.01437456 0.007748557 1.54261e-08 
1786056208.357 0.01461872 0.01437456 0.007748557 1.54261e-08 
1786056208.410 0.01461872 0.01437456 0.006478557 1.54261e-08 
1786056208.464 0.01461872 0.01037456 0.006478557 1.54261e-08 
1786056208.518 0.01461872 0.01037456 0.006478557 1.54261e-08 
1786056208.571 0.01461872 0.01037456 0.006478557 1.54261e-08 
1786056208.619 0.01461872 0.01037456 0.005208558 1.54261e-08 
1786056208.678 0.01461872 0.01037456 0.006478557 1.54261e-08 
1786056208.737 0.01461872 0.01037456 0.006478557 1.54261e-08 
1786056208.787 0.009618724 0.01037456 0.006478557 1.54261e-08 
1786056208.845 0.009618724 0.01037456 0.005208558 1.54261e-08 
1786056208.912 0.009618724 0.01037456 0.006478557 1.54261e-08 
1786056208.977 0.009618724 0.01037456 0.006478557 1.54261e-08 
1786056209.037 0.009618724 0.006374562 0.006478557 1.54261e-08 
1786056209.096 0.01461872 0.01037456 0.006478557 1.54261e-08 
1786056209.165 0.01461872 0.01037456 0.006478557 1.54261e-08 
1786056209.223 0.01461872 0.01037456 0.006478557 1.54261e-08 
1786056209.281 0.01461872 0.01037456 0.006478557 1.54261e-08 
1786056209.331 0.009618724 0.01037456 0.006478557 1.54261e-08 
1786056209.388 0.01461872 0.01037456 0.006478557 1.54261e-08 
1786056209.437 0.009618724 0.01037456 0.006478557 1.54261e-08 
1786056209.498 0.009618724 0.01037456 0.005208558 1.54261e-08 
1786056209.555 0.01461872 0.01037456 0.006478557 1.54261e-08 
1786056209.608 0.009618724 0.01037456 0.006478557 1.54261e-08 
1786056209.660 0.01461872 0.01037456 0.006478557 1.54261e-08 
1786056209.716 0.009618724 0.01037456 0.005208558 1.54261e-08 
1786056209.770 0.01461872 0.01037456 0.006478557 1.54261e-08 
1786056209.822 0.01461872 0.01037456 0.006478557 1.54261e-08 
1786056209.883 0.009618724 0.01037456 0.005208558 1.54261e-08 
1786056209.959 0.009618724 0.006374562 0.005208558 1.54261e-08 
1786056210.029 0.009618724 0.01037456 0.005208558 1.54261e-08 
1786056210.081 0.009618724 0.006374562 0.005208558 1.54261e-08 
1786056210.137 0.01461872 0.01037456 0.005208558 1.54261e-08 
1786056210.205 0.009618724 0.01037456 0.005208558 1.54261e-08 
1786056210.265 0.01461872 0.01037456 0.006478557 1.54261e-08 
1786056210.321 0.01461872 0.01037456 0.006478557 1.54261e-08 
1786056210.375 0.009618724 0.01437456 0.006478557 1.54261e-08 
1786056210.428 0.01461872 0.01437456 0.007748557 1.54261e-08 
1786056210.482 0.01461872 0.01437456 0.007748557 1.54261e-08 
1786056210.533 0.01461872 0.01437456 0.007748557 1.54261e-08 
1786056210.590 0.01461872 0.01437456 0.009018556 1.54261e-08 
1786056210.643 0.01461872 0.01437456 0.009018556 1.54261e-08 
1786056210.695 0.01961872 0.01837456 0.01028856 1.54261e-08 
1786056210.764 0.01961872 0.01837456 0.01028856 1.54261e-08 
1786056210.863 0.01961872 0.01837456 0.01028856 1.54261e-08 
1786056210.938 0.01961872 0.01837456 0.01028856 1.54261e-08 
1786056211.008 0.01961872 0.01837456 0.01028856 1.54261e-08 
1786056211.076 0.01961872 0.01837456 0.01028856 1.54261e-08 
1786056211.133 0.01461872 0.01437456 0.009018556 1.54261e-08 
1786056211.184 0.01461872 0.01437456 0.009018556 1.54261e-08 
1786056211.242 0.01461872 0.01437456 0.009018556 1.54261e-08 
1786056211.309 0.01461872 0.01837456 0.009018556 1.54261e-08 
1786056211.365 0.01461872 0.01437456 0.009018556 1.54261e-08 
1786056211.417 0.01461872 0.01437456 0.007748557 1.54261e-08 
1786056211.479 0.01461872 0.01437456 0.007748557 1.54261e-08 
1786056211.555 0.01461872 0.01437456 0.007748557 1.54261e-08 
1786056211.625 0.01461872 0.01437456 0.007748557 1.54261e-08 
1786056211.678 0.01461872 0.01437456 0.007748557 1.54261e-08 
1786056211.736 0.009618724 0.01037456 0.006478557 1.54261e-08 
1786056211.804 0.009618724 0.01037456 0.006478557 1.54261e-08 
1786056211.869 0.009618724 0.01037456 0.006478557 1.54261e-08 
1786056211.935 0.009618724 0.01037456 0.006478557 1.54261e-08 
1786056212.009 0.009618724 0.01037456 0.005208558 1.54261e-08 
1786056212.067 0.009618724 0.006374562 0.005208558 1.54261e-08 
1786056212.144 0.004618724 0.006374562 0.005208558 1.54261e-08 
1786056212.207 0.004618724 0.006374562 0.003938559 1.54261e-08 
1786056212.260 0.004618724 0.006374562 0.003938559 1.54261e-08 
1786056212.321 0.004618724 0.002374562 0.00139856 1.54261e-08 
1786056212.382 -0.0003812761 0.002374562 0.0001285608 1.54261e-08 
1786056212.447 -0.005381276 -0.001625438 -0.003681437 1.54261e-08 
1786056212.508 -0.01038128 -0.005625438 -0.006221436 1.54261e-08 
1786056212.573 -0.01038128 -0.009625438 -0.007491435 1.54261e-08 
1786056212.634 -0.01038128 -0.009625438 -0.007491435 1.54261e-08 
1786056212.696 -0.01038128 -0.009625438 -0.007491435 1.54261e-08 
1786056212.768 -0.01038128 -0.009625438 -0.007491435 1.54261e-08 
1786056212.829 -0.005381276 -0.009625438 -0.007491435 1.54261e-08 
1786056212.898 -0.01038128 -0.009625438 -0.007491435 1.54261e-08 
1786056212.974 -0.01038128 -0.009625438 -0.007491435 1.54261e-08 
1786056213.042 -0.005381276 -0.005625438 -0.006221436 1.54261e-08 
1786056213.122 -0.005381276 -0.009625438 -0.006221436 1.54261e-08 
1786056213.190 -0.01038128 -0.009625438 -0.007491435 1.54261e-08 
1786056213.254 -0.01038128 -0.009625438 -0.006221436 1.54261e-08 
1786056213.321 -0.01038128 -0.009625438 -0.006221436 1.54261e-08 
1786056213.386 -0.01038128 -0.009625438 -0.006221436 1.54261e-08 
1786056213.441 -0.01038128 -0.009625438 -0.006221436 1.54261e-08 
1786056213.496 -0.005381276 -0.005625438 -0.004951436 1.54261e-08 
1786056213.552 -0.005381276 -0.005625438 -0.004951436 1.54261e-08 
1786056213.616 -0.005381276 -0.005625438 -0.004951436 1.54261e-08 
1786056213.667 -0.005381276 -0.005625438 -0.003681437 1.54261e-08 
1786056213.746 -0.0003812761 -0.001625438 -0.001141438 1.54261e-08 
1786056213.836 0.004618724 -0.001625438 0.00139856 1.54261e-08 
1786056213.924 0.009618724 0.006374562 0.006478557 1.54261e-08 
1786056214.013 0.01461872 0.01437456 0.007748557 1.54261e-08 
1786056214.109 0.01961872 0.01837456 0.009018556 1.54261e-08 
1786056214.209 0.01461872 0.01837456 0.009018556 1.54261e-08 
1786056214.298 0.01961872 0.02237456 0.01028856 1.54261e-08 
1786056214.374 0.01461872 0.01837456 0.01028856 1.54261e-08 
1786056214.442 0.01961872 0.01837456 0.01028856 1.54261e-08 
1786056214.501 0.01461872 0.01837456 0.01028856 1.54261e-08 
1786056214.573 0.01461872 0.01837456 0.009018556 1.54261e-08 
1786056214.644 0.01961872 0.02237456 0.01028856 1.54261e-08 
1786056214.712 0.01461872 0.01837456 0.01028856 1.54261e-08 
1786056214.774 0.01961872 0.01837456 0.01028856 1.54261e-08 
1786056214.826 0.01461872 0.01837456 0.01028856 1.54261e-08 
1786056214.878 0.01461872 0.01837456 0.01028856 1.54261e-08 
1786056214.947 0.01461872 0.01437456 0.009018556 1.54261e-08 
1786056215.014 0.01461872 0.01437456 0.007748557 1.54261e-08 
1786056215.074 0.01461872 0.01437456 0.007748557 1.54261e-08 
1786056215.141 0.009618724 0.01037456 0.007748557 1.54261e-08 
1786056215.195 0.009618724 0.01037456 0.007748557 1.54261e-08 
1786056215.256 0.01461872 0.01437456 0.009018556 1.54261e-08 
1786056215.310 0.009618724 0.01037456 0.007748557 1.54261e-08 
1786056215.382 0.01461872 0.01437456 0.007748557 1.54261e-08 
1786056215.447 0.009618724 0.01037456 0.007748557 1.54261e-08 
1786056215.499 0.009618724 0.01037456 0.006478557 1.54261e-08 
1786056215.560 0.009618724 0.01037456 0.007748557 1.54261e-08 
1786056215.619 0.009618724 0.01037456 0.006478557 1.54261e-08 
1786056215.678 0.009618724 0.006374562 0.006478557 1.54261e-08 
1786056215.743 0.009618724 0.006374562 0.006478557 1.54261e-08 
1786056215.799 0.004618724 0.006374562 0.005208558 1.54261e-08 
1786056215.867 0.004618724 0.006374562 0.005208558 1.54261e-08 
1786056215.919 0.004618724 0.006374562 0.003938559 1.54261e-08 
1786056215.997 0.004618724 0.002374562 0.005208558 1.54261e-08 
1786056216.069 -0.0003812761 0.002374562 0.003938559 1.54261e-08 
1786056216.138 -0.005381276 -0.001625438 0.002668559 1.54261e-08 
1786056216.204 -0.01038128 -0.005625438 0.00139856 1.54261e-08 
1786056216.276 -0.01038128 -0.009625438 0.0001285608 1.54261e-08 
1786056216.348 -0.01038128 -0.009625438 -0.001141438 1.54261e-08 
1786056216.399 -0.01038128 -0.009625438 -0.003681437 1.54261e-08 
1786056216.454 -0.01038128 -0.009625438 -0.004951436 1.54261e-08 
1786056216.509 -0.005381276 -0.009625438 -0.006221436 1.54261e-08 
1786056216.584 -0.01038128 -0.009625438 -0.006221436 1.54261e-08 
1786056216.645 -0.01038128 -0.005625438 -0.006221436 1.54261e-08 
1786056216.703 -0.005381276 -0.005625438 -0.004951436 1.54261e-08 
1786056216.759 -0.01038128 -0.009625438 -0.006221436 1.54261e-08 
1786056216.814 -0.005381276 -0.009625438 -0.006221436 1.54261e-08 
1786056216.867 -0.01038128 -0.005625438 -0.006221436 1.54261e-08 
1786056216.924 -0.005381276 -0.005625438 -0.004951436 1.54261e-08 
1786056216.984 -0.01038128 -0.009625438 -0.006221436 1.54261e-08 
1786056217.041 -0.01038128 -0.005625438 -0.006221436 1.54261e-08 
1786056217.092 -0.01038128 -0.009625438 -0.006221436 1.54261e-08 
1786056217.149 -0.01038128 -0.005625438 -0.004951436 1.54261e-08 
1786056217.204 -0.005381276 -0.005625438 -0.006221436 1.54261e-08 
1786056217.267 -0.01038128 -0.009625438 -0.006221436 1.54261e-08 
1786056217.323 -0.01038128 -0.009625438 -0.006221436 1.54261e-08 
1786056217.374 -0.01038128 -0.009625438 -0.006221436 1.54261e-08 
1786056217.427 -0.01038128 -0.009625438 -0.006221436 1.54261e-08 
1786056217.496 -0.005381276 -0.009625438 -0.006221436 1.54261e-08 
1786056217.572 -0.01038128 -0.009625438 -0.006221436 1.54261e-08 
1786056217.629 -0.005381276 -0.005625438 -0.006221436 1.54261e-08 
1786056217.681 -0.005381276 -0.005625438 -0.006221436 1.54261e-08 
1786056217.732 -0.005381276 -0.005625438 -0.004951436 1.54261e-08 
1786056217.790 -0.005381276 -0.005625438 -0.004951436 1.54261e-08 
1786056217.839 -0.005381276 -0.005625438 -0.004951436 1.54261e-08 
1786056217.888 -0.005381276 -0.005625438 -0.004951436 1.54261e-08 
1786056217.959 -0.005381276 -0.005625438 -0.004951436 1.54261e-08 
1786056218.025 -0.005381276 -0.005625438 -0.004951436 1.54261e-08 
1786056218.074 -0.005381276 -0.005625438 -0.006221436 1.54261e-08 
1786056218.128 -0.005381276 -0.005625438 -0.004951436 1.54261e-08 
1786056218.185 -0.005381276 -0.005625438 -0.004951436 1.54261e-08 
1786056218.255 -0.005381276 -0.005625438 -0.004951436 1.54261e-08 
1786056218.310 -0.005381276 -0.005625438 -0.004951436 1.54261e-08 
1786056218.368 -0.005381276 -0.005625438 -0.004951436 1.54261e-08 
1786056218.424 -0.005381276 -0.005625438 -0.004951436 1.54261e-08 
1786056218.478 -0.005381276 -0.001625438 -0.004951436 1.54261e-08 
1786056218.553 -0.005381276 -0.005625438 -0.004951436 1.54261e-08 
1786056218.613 -0.005381276 -0.001625438 -0.003681437 1.54261e-08 
1786056218.679 -0.005381276 -0.001625438 -0.002411438 1.54261e-08 
1786056218.734 -0.005381276 -0.001625438 -0.001141438 1.54261e-08 
1786056218.785 -0.0003812761 -0.001625438 0.0001285608 1.54261e-08 
1786056218.839 -0.0003812761 0.002374562 0.00139856 1.54261e-08 
1786056218.897 -0.0003812761 -0.001625438 0.002668559 1.54261e-08 
1786056218.954 -0.0003812761 -0.001625438 0.002668559 1.54261e-08 
1786056219.015 -0.0003812761 -0.001625438 0.003938559 1.54261e-08 
1786056219.079 -0.0003812761 -0.001625438 0.005208558 1.54261e-08 
1786056219.141 -0.0003812761 -0.001625438 0.005208558 1.54261e-08 
1786056219.189 -0.0003812761 -0.001625438 0.005208558 1.54261e-08 
1786056219.254 -0.0003812761 -0.005625438 0.003938559 1.54261e-08 
1786056219.306 -0.0003812761 -0.005625438 0.003938559 1.54261e-08 
1786056219.361 -0.0003812761 -0.005625438 0.002668559 1.54261e-08 
1786056219.412 -0.005381276 -0.009625438 0.00139856 1.54261e-08 
1786056219.474 -0.005381276 -0.005625438 0.0001285608 1.54261e-08 
1786056219.540 -0.01038128 -0.009625438 -0.001141438 1.54261e-08 
1786056219.597 -0.005381276 -0.009625438 -0.002411438 1.54261e-08 
1786056219.653 -0.005381276 -0.005625438 -0.003681437 1.54261e-08 
1786056219.711 -0.005381276 -0.005625438 -0.004951436 1.54261e-08 
1786056219.762 -0.005381276 -0.005625438 -0.004951436 1.54261e-08 
1786056219.816 -0.01038128 -0.009625438 -0.004951436 1.54261e-08 
1786056219.868 -0.005381276 -0.005625438 -0.004951436 1.54261e-08 
1786056219.943 -0.005381276 -0.005625438 -0.004951436 1.54261e-08 
1786056220.008 -0.005381276 -0.005625438 -0.004951436 1.54261e-08 
1786056220.066 -0.01038128 -0.005625438 -0.006221436 1.54261e-08 
1786056220.124 -0.01038128 -0.005625438 -0.006221436 1.54261e-08 
1786056220.184 -0.01038128 -0.009625438 -0.006221436 1.54261e-08 
1786056220.239 -0.01038128 -0.005625438 -0.006221436 1.54261e-08 
1786056220.292 -0.01038128 -0.009625438 -0.006221436 1.54261e-08 
1786056220.359 -0.01038128 -0.009625438 -0.006221436 1.54261e-08 
1786056220.412 -0.01038128 -0.009625438 -0.006221436 1.54261e-08 
1786056220.467 -0.01538128 -0.009625438 -0.007491435 1.54261e-08 
1786056220.526 -0.01538128 -0.009625438 -0.007491435 1.54261e-08 
1786056220.593 -0.01038128 -0.009625438 -0.007491435 1.54261e-08 
1786056220.649 -0.01038128 -0.01362544 -0.007491435 1.54261e-08 
1786056220.703 -0.01538128 -0.01362544 -0.007491435 1.54261e-08 
1786056220.755 -0.01038128 -0.01362544 -0.007491435 1.54261e-08 
1786056220.812 -0.01538128 -0.01362544 -0.007491435 1.54261e-08 
1786056220.862 -0.01038128 -0.009625438 -0.007491435 1.54261e-08 
1786056220.925 -0.01538128 -0.01362544 -0.007491435 1.54261e-08 
1786056220.985 -0.01538128 -0.01362544 -0.007491435 1.54261e-08 
1786056221.045 -0.01538128 -0.01362544 -0.008761434 1.54261e-08 
1786056221.097 -0.01038128 -0.009625438 -0.007491435 1.54261e-08 
1786056221.155 -0.01038128 -0.009625438 -0.007491435 1.54261e-08 
1786056221.208 -0.01038128 -0.009625438 -0.006221436 1.54261e-08 
1786056221.267 -0.01038128 -0.009625438 -0.006221436 1.54261e-08 
1786056221.317 -0.01038128 -0.009625438 -0.006221436 1.54261e-08 
1786056221.378 -0.01038128 -0.009625438 -0.004951436 1.54261e-08 
1786056221.436 -0.01038128 -0.009625438 -0.004951436 1.54261e-08 
1786056221.495 -0.005381276 -0.005625438 -0.003681437 1.54261e-08 
1786056221.545 -0.005381276 -0.005625438 -0.002411438 1.54261e-08 
1786056221.611 -0.005381276 -0.005625438 0.0001285608 1.54261e-08 
1786056221.669 -0.0003812761 -0.001625438 0.002668559 1.54261e-08 
1786056221.730 -0.0003812761 -0.001625438 0.005208558 1.54261e-08 
1786056221.796 -0.0003812761 -0.001625438 0.006478557 1.54261e-08 
1786056221.852 0.004618724 0.002374562 0.006478557 1.54261e-08 
1786056221.912 0.004618724 0.002374562 0.006478557 1.54261e-08 
1786056221.982 0.004618724 0.006374562 0.006478557 1.54261e-08 
1786056222.050 0.004618724 0.006374562 0.007748557 1.54261e-08 
1786056222.108 0.009618724 0.006374562 0.007748557 1.54261e-08 
1786056222.158 0.004618724 0.006374562 0.006478557 1.54261e-08 
1786056222.212 0.009618724 0.01037456 0.007748557 1.54261e-08 
1786056222.269 0.004618724 0.006374562 0.006478557 1.54261e-08 
1786056222.319 0.009618724 0.01037456 0.007748557 1.54261e-08 
1786056222.374 0.004618724 0.006374562 0.007748557 1.54261e-08 
1786056222.442 0.009618724 0.006374562 0.007748557 1.54261e-08 
1786056222.512 0.004618724 0.006374562 0.006478557 1.54261e-08 
1786056222.563 0.009618724 0.006374562 0.007748557 1.54261e-08 
1786056222.615 0.004618724 0.006374562 0.006478557 1.54261e-08 
1786056222.666 0.004618724 0.006374562 0.006478557 1.54261e-08 
1786056222.716 0.004618724 0.006374562 0.006478557 1.54261e-08 
1786056222.767 0.004618702 0.0106332 0.006478529 -0.0007600693 
1786056222.837 -0.0003814377 0.009237576 0.005207073 -0.005512865 
1786056222.917 0.004618222 0.00618091 0.00519425 -0.01711445 
1786056222.998 -0.000382321 0.005933476 0.005146482 -0.03564596 
1786056223.068 -0.000382921 0.008524835 0.006324724 -0.05610447 
1786056223.133 0.004616355 0.01075047 0.007429569 -0.08079405 
1786056223.186 0.009615649 0.0135637 0.008481116 -0.1048802 
1786056223.247 0.009614821 0.01170037 0.00815266 -0.133117 
1786056223.308 0.009613827 0.0135694 0.007655299 -0.1670387 
1786056223.371 0.00961272 0.008958841 0.00696935 -0.2047963 
1786056223.429 0.009611583 0.01019263 0.007389298 -0.2436043 
1786056223.488 0.00461028 0.006981708 0.006235041 -0.2880525 
1786056223.557 0.009608748 0.007625405 0.005900335 -0.3402871 
1786056223.620 0.004607218 0.007783252 0.005301964 -0.3924942 
1786056223.676 0.004605607 0.007472019 0.005586561 -0.4474628 
1786056223.736 0.004603891 0.004947263 0.005348833 -0.5070266 
1786056223.790 0.009602287 0.009666629 0.006356642 -0.5607321 
1786056223.846 0.009600437 0.0131955 0.006446385 -0.6249417 
1786056223.902 0.004598557 0.005895825 0.006215158 -0.6879556 
1786056223.978 0.004596261 0.004549896 0.005727875 -0.7663122 
1786056224.053 -0.0004067748 0.0002695456 0.002529742 -0.869873 
1786056224.117 -0.01040923 -0.007190065 -0.003656634 -0.9550323 
1786056224.179 -0.01541201 -0.01668684 -0.009115558 -1.048339 
1786056224.237 -0.01541465 -0.0158528 -0.01113111 -1.138554 
1786056224.309 -0.01541749 -0.0166205 -0.01095753 -1.238736 
1786056224.380 -0.01542089 -0.0166065 -0.01056653 -1.353012 
1786056224.439 -0.01542398 -0.01781928 -0.01086058 -1.456853 
1786056224.505 -0.01542709 -0.01664766 -0.0112561 -1.564662 
1786056224.577 -0.01543084 -0.01375508 -0.01032374 -1.692773 
1786056224.636 -0.01543435 -0.01396787 -0.01018228 -1.810716 
1786056224.696 -0.01543797 -0.01301219 -0.009978555 -1.934533 
1786056224.761 -0.01544148 -0.01459883 -0.01046496 -2.054315 
1786056224.830 -0.01544559 -0.01451085 -0.01034107 -2.194505 
1786056224.894 -0.01044964 -0.01290386 -0.009170873 -2.332953 
1786056224.967 -0.01045434 -0.01200127 -0.008865683 -2.493182 
1786056225.038 -0.01545905 -0.01118691 -0.008716742 -2.654193 
1786056225.112 -0.01546427 -0.01451864 -0.008807674 -2.834579 
1786056225.171 -0.01546857 -0.009672802 -0.009239872 -2.979162 
1786056225.237 -0.01047306 -0.01483993 -0.01002898 -3.134979 
1786056225.299 -0.01047803 -0.01488444 -0.00932396 -3.302471 
1786056225.369 -0.01048283 -0.01219449 -0.009774298 -3.46891 
1786056225.433 -0.01048805 -0.01262297 -0.009954175 -3.645014 
1786056225.495 -0.01549325 -0.01291086 -0.009701552 -3.825258 
1786056225.558 -0.01549799 -0.015206 -0.01074392 -3.984638 
1786056225.628 -0.01550392 -0.01384684 -0.01042863 -4.187603 
1786056225.693 -0.01550966 -0.01480167 -0.009940489 -4.383773 
1786056225.749 -0.01051481 -0.01400163 -0.009491416 -4.560212 
1786056225.806 -0.01051962 -0.01184775 -0.009119376 -4.724749 
1786056225.862 -0.01052488 -0.0118078 -0.009870884 -4.904678 
1786056225.921 -0.01553005 -0.008846151 -0.009740725 -5.081653 
1786056225.990 -0.01053682 -0.006607623 -0.009364169 -5.313721 
1786056226.051 -0.01554278 -0.01336563 -0.009232096 -5.521139 
1786056226.125 -0.01054933 -0.01277792 -0.009527211 -5.742608 
1786056226.209 -0.01055774 -0.01176012 -0.009914998 -6.030822 
1786056226.295 -0.01056417 -0.01110254 -0.009686508 -6.255192 
1786056226.365 -0.01057441 -0.01620672 -0.00907491 -6.606508 
1786056226.431 -0.01058156 -0.009982386 -0.009103727 -6.848706 
1786056226.488 -0.01058753 -0.009466817 -0.009663289 -7.057496 
1786056226.543 -0.01059391 -0.01088033 -0.009215003 -7.27712 
1786056226.619 -0.01060163 -0.008605341 -0.009078867 -7.542626 
1786056226.686 -0.0106096 -0.008975272 -0.01017111 -7.816971 
1786056226.750 -0.01061689 -0.01100198 -0.00949012 -8.068148 
1786056226.807 -0.01062405 -0.007158959 -0.009445951 -8.310923 
1786056226.864 -0.005630956 -0.00827858 -0.009327961 -8.549114 
1786056226.927 -0.01063832 -0.009988804 -0.00929187 -8.803222 
1786056226.999 -0.01064653 -0.01121381 -0.009548624 -9.090807 
1786056227.079 -0.01065623 -0.01260674 -0.009445094 -9.421988 
1786056227.146 -0.01066573 -0.01178417 -0.009546531 -9.750479 
1786056227.230 -0.01067537 -0.01374051 -0.009035728 -10.08458 
1786056227.319 -0.01068635 -0.008155076 -0.009553656 -10.46524 
1786056227.385 -0.01069619 -0.0102621 -0.009151888 -10.80666 
1786056227.446 -0.005704537 -0.007370072 -0.009162056 -11.09675 
1786056227.508 -0.01071368 -0.009923183 -0.009823789 -11.41468 
1786056227.577 -0.01072279 -0.008379102 -0.009599303 -11.73215 
1786056227.634 -0.01073146 -0.01247992 -0.008797937 -12.0343 
1786056227.699 -0.01074024 -0.01341814 -0.009895746 -12.34041 
1786056227.755 -0.005748531 -0.009183624 -0.0101695 -12.63033 
1786056227.820 -0.01075778 -0.00984651 -0.01012567 -12.95939 
1786056227.887 -0.01076744 -0.01031017 -0.009384157 -13.29206 
1786056227.973 -0.005777796 -0.007956234 -0.009680432 -13.65539 
1786056228.042 -0.00579054 -0.006002446 -0.009117056 -14.10332 
1786056228.108 -0.00580056 -0.008379828 -0.008492084 -14.46147 
1786056228.174 -0.01080992 -0.01201806 -0.008711971 -14.79137 
1786056228.252 -0.0108217 -0.01080384 -0.00938897 -15.20211 
1786056228.317 -0.01083315 -0.01184364 -0.009991168 -15.60733 
1786056228.374 -0.0108425 -0.006486254 -0.01009713 -15.93869 
1786056228.425 -0.01085081 -0.007878439 -0.01043216 -16.23353 
1786056228.487 -0.01085982 -0.009654135 -0.01038237 -16.55415 
1786056228.546 -0.005869404 -0.008092105 -0.01023338 -16.89544 
1786056228.602 -0.0108789 -0.006619 -0.01065509 -17.23421 
1786056228.659 -0.01088847 -0.01051521 -0.00969836 -17.57668 
1786056228.722 -0.01089829 -0.008052638 -0.009091724 -17.92807 
1786056228.781 -0.00590902 -0.009854136 -0.009894454 -18.31933 
1786056228.833 -0.01091781 -0.0117242 -0.01122462 -18.62939 
1786056228.890 -0.01092699 -0.009022836 -0.01023128 -18.96042 
1786056228.974 -0.01093951 -0.005992379 -0.01039882 -19.41263 
1786056229.053 -0.005954755 -0.009965119 -0.01121658 -19.97115 
1786056229.119 -0.00596629 -0.00661836 -0.009524744 -20.39056 
1786056229.195 -0.005978267 -0.008694509 -0.009878741 -20.8205 
1786056229.267 -0.01099212 -0.007333704 -0.0106471 -21.34658 
1786056229.329 -0.01100393 -0.01135149 -0.01107805 -21.76044 
1786056229.388 -0.006014922 -0.009713407 -0.01184765 -22.17113 
1786056229.463 -0.01102635 -0.006431636 -0.01076267 -22.58581 
1786056229.535 -0.006040773 -0.003071147 -0.01122829 -23.11995 
1786056229.598 -0.006053279 -0.006479127 -0.01126762 -23.58481 
1786056229.656 -0.00606401 -0.009125359 -0.01151828 -23.98469 
1786056229.723 -0.01107592 -0.01124953 -0.01144191 -24.42999 
1786056229.780 -0.006087513 -0.008231977 -0.01178818 -24.86528 
1786056229.836 -0.01109748 -0.009502243 -0.01138117 -25.24762 
1786056229.897 -0.006109186 -0.009088582 -0.01153901 -25.68294 
1786056229.967 -0.006122095 -0.00759566 -0.01267588 -26.17982 
1786056230.049 -0.00613622 -0.005476162 -0.01111311 -26.76203 
1786056230.124 -0.01115157 -0.009411628 -0.01275442 -27.29859 
1786056230.188 -0.006164887 -0.007002088 -0.01346034 -27.81082 
1786056230.251 -0.006176895 -0.00967831 -0.01203845 -28.27499 
1786056230.317 -0.01118868 -0.006812441 -0.01261032 -28.73223 
1786056230.381 -0.006201949 -0.008608894 -0.01094716 -29.25012 
1786056230.444 -0.006213815 -0.0099325 -0.01253009 -29.72234 
1786056230.509 -0.01122544 -0.01096063 -0.01163457 -30.18011 
1786056230.567 -0.01123757 -0.009422159 -0.01310678 -30.65241 
1786056230.620 -0.006247762 -0.00692032 -0.01266934 -31.05739 
1786056230.682 -0.006258286 -0.009060604 -0.01265289 -31.47748 
1786056230.746 -0.006271001 -0.008626898 -0.01197851 -31.98745 
1786056230.805 -0.006282162 -0.009065576 -0.01128458 -32.43761 
1786056230.861 -0.006292713 -0.00591083 -0.0122517 -32.86484 
1786056230.917 -0.006302663 -0.009754076 -0.01261064 -33.27729 
1786056230.983 -0.00631476 -0.01129004 -0.01236233 -33.76503 
1786056231.046 -0.006326425 -0.01154639 -0.01159808 -34.24504 
1786056231.105 -0.006336757 -0.01159244 -0.01174324 -34.67994 
1786056231.169 -0.006348116 -0.008795694 -0.01198138 -35.14495 
1786056231.234 -0.006359588 -0.007764001 -0.01142252 -35.63245 
1786056231.303 -0.006372056 -0.00671046 -0.01004212 -36.15778 
1786056231.359 -0.006382853 -0.006447107 -0.01220162 -36.60755 
1786056231.417 -0.006392534 -0.009568188 -0.01173265 -37.01997 
1786056231.481 -0.006403559 -0.008067853 -0.01168569 -37.49243 
1786056231.539 -0.006413993 -0.01117183 -0.01116413 -37.94218 
1786056231.591 -0.00642333 -0.007964157 -0.0121013 -38.3474 
1786056231.654 -0.006433643 -0.01028869 -0.01066617 -38.79754 
1786056231.729 -0.006444573 -0.006969665 -0.0128379 -39.27744 
1786056231.788 -0.006456441 -0.008289064 -0.0132955 -39.80245 
1786056231.844 -0.006465703 -0.007410899 -0.01085171 -40.22254 
1786056231.897 -0.006475242 -0.009538707 -0.01229433 -40.64251 
1786056231.971 -0.006487039 -0.00846811 -0.0113087 -41.17502 
1786056232.034 -0.006497098 -0.007292527 -0.01109721 -41.63246 
1786056232.096 -0.006507902 -0.00795072 -0.01327926 -42.12738 
1786056232.171 -0.006519268 -0.005110687 -0.012365 -42.65243 
1786056232.250 -0.006531341 -0.00346493 -0.01113671 -43.21499 
1786056232.314 -0.006542985 -0.00363186 -0.01371693 -43.76234 
1786056232.375 -0.00655216 -0.007183419 -0.01194584 -44.19747 
1786056232.437 -0.006562207 -0.004410153 -0.01254019 -44.67745 
1786056232.495 -0.006571085 -0.007191098 -0.01186848 -45.11255 
1786056232.551 -0.006579897 -0.009891342 -0.0112965 -45.53238 
1786056232.615 -0.001589406 -0.008636857 -0.01063484 -46.00504 
1786056232.681 -0.001598381 -0.007703066 -0.01264024 -46.43997 
1786056232.742 -0.006608185 -0.007341645 -0.01213431 -46.92735 
1786056232.799 -0.006617751 -0.008359132 -0.01308352 -47.40751 
1786056232.853 -0.006625607 -0.00792936 -0.01197469 -47.80492 
1786056232.920 -0.006634575 -0.0071826 -0.0101585 -48.26252 
1786056232.984 -0.001644333 -0.007884712 -0.01178916 -48.77267 
1786056233.074 -0.001655284 -0.01206776 -0.01046335 -49.33517 
1786056233.166 -0.006669501 -0.008825921 -0.01163141 -50.08474 
1786056233.258 -0.006682386 -0.008025173 -0.009492797 -50.78277 
1786056233.336 -0.006693025 -0.007692436 -0.01219416 -51.41989 
1786056233.395 -0.006702038 -0.0067561 -0.01168704 -51.84731 
1786056233.453 -0.00671028 -0.004527687 -0.0115752 -52.30492 
1786056233.508 -0.001717773 -0.005579752 -0.01180508 -52.72491 
1786056233.571 -0.006725721 -0.007643588 -0.0108423 -53.175 
1786056233.639 -0.006734367 -0.0113375 -0.01082335 -53.6775 
1786056233.701 -0.006742785 -0.008651877 -0.01092132 -54.15738 
1786056233.759 -0.001750085 -0.01010362 -0.01311419 -54.59247 
1786056233.818 -0.006757813 -0.006499413 -0.01102036 -55.04252 
1786056233.892 -0.0067662 -0.008710635 -0.01108931 -55.54504 
1786056233.989 -0.006776197 -0.007396609 -0.0101195 -56.15271 
1786056234.073 -0.006787602 -0.005209368 -0.01232727 -56.8575 
1786056234.197 -0.0068015 -0.006904839 -0.01238855 -57.73485 
1786056234.294 -0.006813918 -0.01114528 -0.01054077 -58.53758 
1786056234.384 -0.006824933 -0.009961575 -0.01248517 -59.2724 
1786056234.464 -0.006832295 -0.009408491 -0.01247629 -59.75999 
1786056234.552 -0.006843026 -0.007885746 -0.009144665 -60.50271 
1786056234.637 -0.006851927 -0.007983485 -0.01271738 -61.12509 
1786056234.721 -0.006860966 -0.00961499 -0.01190932 -61.76966 
1786056234.802 -0.006869178 -0.009325533 -0.01125046 -62.36027 
1786056234.868 -0.006876555 -0.00846434 -0.01030596 -62.9078 
1786056234.960 -0.006884866 -0.005066114 -0.008832574 -63.53729 
1786056235.027 -0.006891335 -0.009603011 -0.009937348 -64.03665 
1786056235.096 -0.006897719 -0.01034941 -0.008326894 -64.53876 
1786056235.191 -0.006905494 -0.009470074 -0.01035103 -65.16968 
1786056235.273 -0.001912743 -0.01290076 -0.008704523 -65.75841 
1786056235.339 -0.001918688 -0.01000598 -0.009290159 -66.26398 
1786056235.408 -0.006923824 -0.008636502 -0.008680698 -66.69598 
1786056235.469 -0.006929054 -0.009825538 -0.008618762 -67.15113 
1786056235.532 -0.001933612 -0.007342798 -0.007124967 -67.56177 
1786056235.586 -0.006937834 -0.009035465 -0.009026479 -67.93525 
1786056235.646 -0.006941952 -0.006544946 -0.006953752 -68.31242 
1786056235.706 -0.006946246 -0.006474571 -0.007330215 -68.71181 
1786056235.762 -0.006950221 -0.007132851 -0.008039735 -69.08897 
1786056235.818 -0.006953963 -0.00794583 -0.008180651 -69.45595 
1786056235.874 -0.006957546 -0.008192134 -0.006186387 -69.80065 
1786056235.960 -0.006962723 -0.00764813 -0.006105693 -70.32474 
1786056236.033 -0.001966989 -0.00878087 -0.006110215 -70.76766 
1786056236.112 -0.001971752 -0.007027668 -0.006307461 -71.26052 
1786056236.185 -0.006976002 -0.007501604 -0.007374723 -71.71073 
1786056236.255 -0.006979669 -0.007059534 -0.005644227 -72.11368 
1786056236.319 -0.001983166 -0.007221066 -0.0065745 -72.5063 
1786056236.395 -0.006986852 -0.007214366 -0.007518875 -72.9296 
1786056236.470 -0.006990794 -0.01034157 -0.005959108 -73.39395 
1786056236.527 -0.001993694 -0.008572973 -0.006663329 -73.74359 
1786056236.589 -0.006996503 -0.007985003 -0.004647877 -74.08946 
1786056236.662 -0.006999444 -0.006008285 -0.004961079 -74.46527 
1786056236.747 -0.007003041 -0.003410599 -0.004313807 -74.92998 
1786056236.810 -0.007005876 -0.005865845 -0.003057927 -75.30093 
1786056236.888 -0.007008801 -0.007890283 -0.006307527 -75.70475 
1786056236.986 -0.002012237 -0.007031323 -0.003218404 -76.18199 
1786056237.056 -0.00201494 -0.006859564 -0.003401312 -76.57354 
1786056237.148 -0.002018267 -0.004958681 -0.002332681 -77.07649 
1786056237.211 -0.002020426 -0.008838552 -0.00145219 -77.40976 
1786056237.276 -0.00702241 -0.008073707 -0.0002409324 -77.71898 
1786056237.352 -0.007024588 -0.008926497 0.0009481002 -78.08786 
1786056237.431 -0.00702701 -0.005547531 0.000436049 -78.47992 
1786056237.497 -0.002028854 -0.009363898 0.003944844 -78.79935 
1786056237.568 -0.002030674 -0.009840837 0.005572294 -79.12352 
1786056237.646 -0.002032563 -0.006305691 0.006152428 -79.48904 
1786056237.724 -0.007034549 -0.005750238 0.006997342 -79.84789 
1786056237.788 -0.007036008 -0.007136439 0.006935138 -80.13433 
1786056237.852 -0.007037277 -0.008670232 0.006779511 -80.39473 
1786056237.917 -0.002038723 -0.008617398 0.008100316 -80.6903 
1786056237.994 -0.007040179 -0.006451698 0.00769639 -81.00263 
1786056238.074 -0.002041655 -0.004605772 0.00744446 -81.33463 
1786056238.166 -0.007043207 -0.00829314 0.007641856 -81.68905 
1786056238.268 -0.00704492 -0.003912231 0.008162703 -82.11564 
1786056238.343 -0.007046282 -0.004862709 0.007271235 -82.44946 
1786056238.406 -0.007047117 -0.009451542 0.008378523 -82.66939 
1786056238.483 -0.007048201 -0.006511956 0.007160529 -82.96495 
1786056238.549 -0.007049105 -0.005002207 0.007813518 -83.22878 
1786056238.626 -0.002050031 -0.008865164 0.009536307 -83.4948 
1786056238.697 -0.007050834 -0.007462974 0.008359061 -83.7413 
1786056238.769 -0.007051613 -0.006687607 0.007124603 -83.98992 
1786056238.857 -0.007052525 -0.008643046 0.00868393 -84.2946 
1786056238.938 -0.007053331 -0.005010869 0.008180774 -84.58131 
1786056239.025 -0.007054017 -0.007618205 0.008613171 -84.8351 
1786056239.121 -0.007054703 -0.004660778 0.009345035 -85.09841 
1786056239.205 -0.007055415 -0.00470947 0.009479466 -85.39142 
1786056239.270 -0.007055918 -0.008545783 0.009116093 -85.61036 
1786056239.333 -0.00205633 -0.005878158 0.00961561 -85.7979 
1786056239.415 -0.007056785 -0.006982509 0.009511815 -86.01816 
1786056239.491 -0.007057205 -0.00581025 0.009501176 -86.22974 
1786056239.558 -0.007057586 -0.005970215 0.009621139 -86.43023 
1786056239.626 -0.007057887 -0.008464426 0.009047282 -86.59915 
1786056239.698 -0.007058205 -0.007044292 0.008660436 -86.78939 
1786056239.781 -0.002058515 -0.003871446 0.01039197 -86.98405 
1786056239.849 -0.007058794 -0.007387673 0.0103246 -87.16778 
1786056239.918 -0.007059002 -0.007526824 0.009715775 -87.3157 
1786056239.999 -0.002059247 -0.004839269 0.01092641 -87.50025 
1786056240.074 -0.002059461 -0.00393613 0.009315412 -87.67365 
1786056240.180 -0.007059662 -0.005539095 0.01001329 -87.84932 
1786056240.274 -0.00205989 -0.006025995 0.01114612 -88.06742 
1786056240.374 -0.002060058 -0.005557491 0.0101456 -88.24779 
1786056240.468 -0.002060215 -0.003988593 0.01032588 -88.42997 
1786056240.565 -0.007060337 -0.004169912 0.01037637 -88.59383 
1786056240.677 -0.007060454 -0.006346463 0.01062071 -88.76285 
1786056240.764 -0.007060547 -0.008293 0.01105821 -88.9225 
1786056240.855 -0.002060606 -0.005033973 0.01054202 -89.03531 
1786056240.946 -0.002060667 -0.00549872 0.01115475 -89.16794 
1786056241.047 -0.002060713 -0.004729026 0.01054871 -89.28239 
1786056241.144 -0.007060753 -0.005130148 0.009860587 -89.4005 
1786056241.235 -0.007060779 -0.004180124 0.01080491 -89.49198 
1786056241.311 -0.007060799 -0.00847374 0.01118999 -89.57406 
1786056241.404 -0.007060813 -0.005797611 0.01115654 -89.64298 
1786056241.532 -0.007060828 -0.002907918 0.01137779 -89.74009 
1786056241.617 -0.007060836 -0.005375257 0.01047372 -89.8078 
1786056241.682 -0.007060839 -0.008671953 0.01076105 -89.8504 
1786056241.748 -0.002060842 -0.004246268 0.0107222 -89.88239 
1786056241.817 -0.007060843 -0.007932736 0.01089764 -89.91389 
1786056241.887 -0.007060844 -0.00774958 0.0113056 -89.93945 
1786056241.962 -0.007060845 -0.003639288 0.01200024 -89.96247 
1786056242.044 -0.007060845 -0.007589986 0.0116026 -89.98 
1786056242.133 -0.007060845 -0.007571871 0.01118832 -89.99459 
1786056242.231 -0.002060845 -0.003570443 0.01210789 -89.99987 
1786056242.317 -0.007060845 -0.007570442 0.01012034 -90 
1786056242.396 -0.007060845 -0.007570442 0.01012034 -90 
1786056242.483 -0.007060845 -0.003570442 0.01012034 -90 
1786056242.569 -0.007060845 -0.007570442 0.01012034 -90 
1786056242.637 -0.007060845 -0.007570442 0.008850338 -90 
1786056242.694 -0.007060845 -0.003570442 0.01012034 -90 
1786056242.756 -0.007060845 -0.003570442 0.01012034 -90 
1786056242.816 -0.007060845 -0.003570442 0.01012034 -90 
1786056242.884 -0.007060845 -0.007570442 0.008850338 -90 
1786056242.945 -0.007060845 -0.007570442 0.01012034 -90 
1786056243.016 -0.007060845 -0.007570442 0.008850338 -90 
1786056243.118 -0.007060845 -0.007570442 0.008850338 -90 
1786056243.207 -0.002060845 -0.007570442 0.008850338 -90 
1786056243.270 -0.007060845 -0.007570442 0.008850338 -90 
1786056243.340 -0.002060845 -0.007570442 0.008850338 -90 
1786056243.395 -0.002060845 -0.003570442 0.008850338 -90 
1786056243.464 -0.007060845 -0.003570442 0.007580339 -90 
1786056243.526 -0.002060845 -0.003570442 0.008850338 -90 
1786056243.580 -0.002060845 -0.003570442 0.008850338 -90 
1786056243.634 -0.007060845 -0.007570442 0.007580339 -90 
1786056243.689 -0.002060845 -0.003570442 0.007580339 -90 
1786056243.743 -0.002060845 -0.003570442 0.007580339 -90 
1786056243.792 -0.002060845 -0.003570442 0.008850338 -90 
1786056243.846 -0.002060845 -0.003570442 0.008850338 -90 
1786056243.904 -0.007060845 -0.007570442 0.007580339 -90 
1786056243.958 -0.002060845 -0.003570442 0.007580339 -90 
1786056244.030 -0.007060845 -0.007570442 0.007580339 -90 
1786056244.115 -0.002060845 -0.003570442 0.007580339 -90 
1786056244.179 -0.002060845 -0.003570442 0.008850338 -90 
1786056244.234 -0.007060845 -0.007570442 0.007580339 -90 
1786056244.285 -0.007060845 -0.003570442 0.008850338 -90 
1786056244.339 -0.002060845 -0.003570442 0.007580339 -90 
1786056244.390 -0.002060845 -0.003570442 0.007580339 -90 
1786056244.440 -0.002060845 -0.003570442 0.007580339 -90 
1786056244.490 -0.002060845 -0.003570442 0.007580339 -90 
1786056244.557 -0.002060845 -0.003570442 0.007580339 -90 
1786056244.614 -0.002060845 -0.003570442 0.007580339 -90 
1786056244.667 -0.007060845 -0.007570442 0.007580339 -90 
1786056244.726 -0.002060845 -0.003570442 0.007580339 -90 
1786056244.779 -0.002060845 -0.003570442 0.008850338 -90 
1786056244.831 -0.007060845 -0.007570447 0.009330823 -89.99969 
1786056244.904 0.002939155 0.0004285201 0.01178946 -89.99539 
1786056244.980 0.01293915 0.01641983 0.01546824 -89.98589 
1786056245.061 0.01793916 0.01638409 0.01453273 -89.9695 
1786056245.136 0.01793916 0.01629329 0.01496552 -89.9472 
1786056245.228 0.01793916 0.02010094 0.01588354 -89.91799 
1786056245.297 0.01293916 0.01975373 0.0158022 -89.88239 
1786056245.359 0.01793916 0.01931188 0.01489346 -89.84875 
1786056245.415 0.01293916 0.01476047 0.01367371 -89.81517 
1786056245.478 0.01293917 0.01798292 0.01328808 -89.77622 
1786056245.539 0.01793917 0.01696094 0.01341392 -89.73356 
1786056245.604 0.01293918 0.01555054 0.01275928 -89.68399 
1786056245.664 0.01293919 0.01790234 0.0130234 -89.63452 
1786056245.718 0.0129392 0.01594271 0.0130464 -89.58322 
1786056245.781 0.01293921 0.01343701 0.01267374 -89.52469 
1786056245.840 0.01293923 0.01457539 0.01323216 -89.46748 
1786056245.910 0.01293925 0.01486985 0.01240059 -89.40049 
1786056245.990 0.01293928 0.0165883 0.01318014 -89.30147 
1786056246.049 0.01293931 0.01564608 0.01209119 -89.23121 
1786056246.130 0.007939347 0.00768447 0.01005183 -89.13275 
1786056246.204 0.002939398 0.001909574 0.006883499 -89.02421 
1786056246.271 -0.002060555 -0.002914764 0.006459269 -88.93422 
1786056246.342 -0.007060496 -0.00632474 0.005826383 -88.83109 
1786056246.404 -0.007060433 -0.006222426 0.006218936 -88.7312 
1786056246.473 -0.007060352 -0.009660352 0.006528931 -88.61221 
1786056246.532 -0.01206029 -0.007712908 0.006332325 -88.51218 
1786056246.590 -0.007060199 -0.007006423 0.006720245 -88.41045 
1786056246.662 -0.007060103 -0.00970502 0.006540739 -88.29432 
1786056246.718 -0.007059992 -0.006451361 0.006382099 -88.17404 
1786056246.779 -0.007059886 -0.006769502 0.006488329 -88.06349 
1786056246.834 -0.007059766 -0.009743855 0.00676316 -87.94564 
1786056246.905 -0.007059611 -0.01527941 0.1472547 -87.82841 
1786056246.972 -0.007059461 -0.04393613 0.8729149 -87.82841 
1786056247.062 -0.007059209 -0.09199953 2.00659 -87.82841 
1786056247.145 -1.819031e-14 0 0 -87.82841 
1786056247.222 -1.819031e-14 0 0 -87.82841 
1786056247.304 -1.819031e-14 0 0 -87.82841 
1786056247.372 -1.819031e-14 0 0 -87.82841 
1786056247.442 -1.819031e-14 0 0 -87.82841 
1786056247.535 -1.819031e-14 0 0 -87.82841 
1786056247.595 -1.819031e-14 0 0 -87.82841 
1786056247.649 -1.819031e-14 0 0 -87.82841 
1786056247.701 -1.819031e-14 0 0 -87.82841 
1786056247.749 -1.819031e-14 0 0 -87.82841 
1786056247.801 -1.819031e-14 0 0 -87.82841 
1786056247.849 -1.819031e-14 0 0 -87.82841 
1786056247.902 -1.819031e-14 0 0 -87.82841 
1786056247.956 -1.819031e-14 0 0 -87.82841 
1786056248.008 -1.819031e-14 0 0 -87.82841 
1786056248.063 -1.819031e-14 0 0 -87.82841 
1786056248.124 -1.819031e-14 0 0 -87.82841 
1786056248.177 -1.819031e-14 0 0 -87.82841 
1786056248.246 -1.819031e-14 0 0 -87.82841 
1786056248.314 -1.819031e-14 0 0 -87.82841 
1786056248.410 -1.819031e-14 0 0 -87.82841 
1786056248.498 -1.819031e-14 0 0 -87.82841 
1786056248.571 -1.819031e-14 0 0 -87.82841 
1786056248.631 -1.819031e-14 0 0 -87.82841 
1786056248.686 -1.819031e-14 0 0 -87.82841 
1786056248.738 -1.819031e-14 0 0 -87.82841 
1786056248.798 -1.819031e-14 0 0 -87.82841 
1786056248.849 -1.819031e-14 0 0 -87.82841 
1786056248.904 -1.819031e-14 0 0 -87.82841 
1786056248.957 -1.819031e-14 0 0 -87.82841 
1786056249.007 -1.819031e-14 0 0 -87.82841 
1786056249.060 -1.819031e-14 0 0 -87.82841 
1786056249.131 -1.819031e-14 0 0 -87.82841 
1786056249.195 -1.819031e-14 0 0 -87.82841 
1786056249.249 -1.819031e-14 0 0 -87.82841 
1786056249.304 -1.819031e-14 0 0 -87.82841 
1786056249.374 -1.819031e-14 0 0 -87.82841 
1786056249.432 -1.819031e-14 0 0 -87.82841 
1786056249.486 -1.819031e-14 0 0 -87.82841 
1786056249.536 -1.819031e-14 0 0 -87.82841 
1786056249.589 -1.819031e-14 0 0 -87.82841 
1786056249.637 -1.819031e-14 0 0 -87.82841 
1786056249.692 -1.819031e-14 0 0 -87.82841 
1786056249.741 -1.819031e-14 0 0 -87.82841 
1786056249.792 -1.819031e-14 0 0 -87.82841 
1786056249.841 -1.819031e-14 0 0 -87.82841 
1786056249.909 -1.819031e-14 0 0 -87.82841 
1786056249.961 -1.819031e-14 0 0 -87.82841 
1786056250.014 -1.819031e-14 0 0 -87.82841 
1786056250.072 -1.819031e-14 0 0 -87.82841 
1786056250.129 -1.819031e-14 0 0 -87.82841 
1786056250.186 -1.819031e-14 0 0 -87.82841 
1786056250.240 -1.819031e-14 0 0 -87.82841 
1786056250.298 -1.819031e-14 0 0 -87.82841 
1786056250.354 -1.819031e-14 0 0 -87.82841 
1786056250.408 -1.819031e-14 0 0 -87.82841 
1786056250.461 -1.819031e-14 0 0 -87.82841 
1786056250.513 -1.819031e-14 0 0 -87.82841 
1786056250.565 -1.819031e-14 0 0 -87.82841 
1786056250.625 -1.819031e-14 0 0 -87.82841 
1786056250.678 -1.819031e-14 0 0 -87.82841 
1786056250.729 -1.819031e-14 0 0 -87.82841 
1786056250.783 -1.819031e-14 0 0 -87.82841 
1786056250.833 -1.819031e-14 0 0 -87.82841 
1786056250.890 -1.819031e-14 0 0 -87.82841 
1786056250.950 -1.819031e-14 0 0 -87.82841 
1786056250.998 -1.819031e-14 0 0 -87.82841 
1786056251.048 -1.819031e-14 0 0 -87.82841 
1786056251.111 -1.819031e-14 0 0 -87.82841 
1786056251.167 -1.819031e-14 0 0 -87.82841 
1786056251.219 -1.819031e-14 0 0 -87.82841 
1786056251.275 -1.819031e-14 0 0 -87.82841 
1786056251.329 -1.819031e-14 0 0 -87.82841 
1786056251.382 -1.819031e-14 0 0 -87.82841 
1786056251.443 -1.819031e-14 0 0 -87.82841 
1786056251.506 -1.819031e-14 0 0 -87.82841 
1786056251.561 -1.819031e-14 0 0 -87.82841 
1786056251.613 -1.819031e-14 0 0 -87.82841 
1786056251.677 -1.819031e-14 0 0 -87.82841 
1786056251.747 -1.819031e-14 0 0 -87.82841 
1786056251.802 -1.819031e-14 0 0 -87.82841 
1786056251.857 -1.819031e-14 0 0 -87.82841 
1786056251.918 -1.819031e-14 0 0 -87.82841 
1786056251.966 -1.819031e-14 0 0 -87.82841 
1786056252.016 -1.819031e-14 0 0 -87.82841 
1786056252.072 -1.819031e-14 0 0 -87.82841 
1786056252.125 -1.819031e-14 0 0 -87.82841 
1786056252.181 -1.819031e-14 0 0 -87.82841 
1786056252.248 -1.819031e-14 0 0 -87.82841 
1786056252.309 -1.819031e-14 0 0 -87.82841 
1786056252.357 -1.819031e-14 0 0 -87.82841 
1786056252.406 -1.819031e-14 0 0 -87.82841 
1786056252.457 -1.819031e-14 0 0 -87.82841 
1786056252.506 -1.819031e-14 0 0 -87.82841 
1786056252.560 -1.819031e-14 0 0 -87.82841 
1786056252.635 -1.819031e-14 0 0 -87.82841 
1786056252.697 -1.819031e-14 0 0 -87.82841 
1786056252.767 -1.819031e-14 0 0 -87.82841 
1786056252.829 -1.819031e-14 0 0 -87.82841 
1786056252.887 -1.819031e-14 0 0 -87.82841 
1786056252.944 -1.819031e-14 0 0 -87.82841 
1786056253.009 -1.819031e-14 0 0 -87.82841 
1786056253.070 -1.819031e-14 0 0 -87.82841 
1786056253.140 -1.819031e-14 0 0 -87.82841 
1786056253.224 -1.819031e-14 0 0 -87.82841 
1786056253.285 -1.819031e-14 0 0 -87.82841 
1786056253.340 -1.819031e-14 0 0 -87.82841 
1786056253.392 -1.819031e-14 0 0 -87.82841 
1786056253.444 -1.819031e-14 0 0 -87.82841 
1786056253.497 -1.819031e-14 0 0 -87.82841 
1786056253.547 -1.819031e-14 0 0 -87.82841 
1786056253.609 -1.819031e-14 0 0 -87.82841 
1786056253.662 -1.819031e-14 0 0 -87.82841 
1786056253.711 -1.819031e-14 0 0 -87.82841 
1786056253.763 -1.819031e-14 0 0 -87.82841 
1786056253.818 -1.819031e-14 0 0 -87.82841 
1786056253.898 -1.819031e-14 0 0 -87.82841 
1786056253.965 -1.819031e-14 0 0 -87.82841 
1786056254.022 -1.819031e-14 0 0 -87.82841 
1786056254.088 -1.819031e-14 0 0 -87.82841 
1786056254.158 -1.819031e-14 0 0 -87.82841 
1786056254.227 -1.819031e-14 0 0 -87.82841 
1786056254.282 -1.819031e-14 0 0 -87.82841 
1786056254.334 -1.819031e-14 0 0 -87.82841 
1786056254.400 -1.819031e-14 0 0 -87.82841 
1786056254.456 -1.819031e-14 0 0 -87.82841 
1786056254.508 -1.819031e-14 0 0 -87.82841 
1786056254.567 -1.819031e-14 0 0 -87.82841 
1786056254.620 -1.819031e-14 0 0 -87.82841 
1786056254.670 -1.819031e-14 0 0 -87.82841 
1786056254.727 -1.819031e-14 0 0 -87.82841 
1786056254.778 -1.819031e-14 0 0 -87.82841 
1786056254.828 -1.819031e-14 0 0 -87.82841 
1786056254.885 -1.819031e-14 0 0 -87.82841 
1786056254.945 -1.819031e-14 0 0 -87.82841 
1786056255.001 -1.819031e-14 0 0 -87.82841 
1786056255.056 -1.819031e-14 0 0 -87.82841 
1786056255.118 -1.819031e-14 0 0 -87.82841 
1786056255.176 -1.819031e-14 0 0 -87.82841 
1786056255.229 -1.819031e-14 0 0 -87.82841 
1786056255.285 -1.819031e-14 0 0 -87.82841 
1786056255.337 -1.819031e-14 0 0 -87.82841 
1786056255.385 -1.819031e-14 0 0 -87.82841 
1786056255.439 -1.819031e-14 0 0 -87.82841 
1786056255.489 -1.819031e-14 0 0 -87.82841 
1786056255.540 -1.819031e-14 0 0 -87.82841 
1786056255.587 -1.819031e-14 0 0 -87.82841 
1786056255.637 -1.819031e-14 0 0 -87.82841 
1786056255.686 -1.819031e-14 0 0 -87.82841 
1786056255.742 -1.819031e-14 0 0 -87.82841 
1786056255.793 -1.819031e-14 0 0 -87.82841 
1786056255.863 -1.819031e-14 0 0 -87.82841 
1786056255.915 -1.819031e-14 0 0 -87.82841 
1786056255.964 -1.819031e-14 0 0 -87.82841 
1786056256.015 -1.819031e-14 0 0 -87.82841 
1786056256.072 -1.819031e-14 0 0 -87.82841 
1786056256.130 -1.819031e-14 0 0 -87.82841 
1786056256.186 -1.819031e-14 0 0 -87.82841 
1786056256.237 -1.819031e-14 0 0 -87.82841 
1786056256.293 -1.819031e-14 0 0 -87.82841 
1786056256.347 -1.819031e-14 0 0 -87.82841 
1786056256.404 -1.819031e-14 0 0 -87.82841 
1786056256.458 -1.819031e-14 0 0 -87.82841 
1786056256.513 -1.819031e-14 0 0 -87.82841 
1786056256.566 -1.819031e-14 0 0 -87.82841 
1786056256.621 -1.819031e-14 0 0 -87.82841 
1786056256.669 -1.819031e-14 0 0 -87.82841 
1786056256.722 -1.819031e-14 0 0 -87.82841 
1786056256.777 -1.819031e-14 0 0 -87.82841 
1786056256.832 -1.819031e-14 0 0 -87.82841 
1786056256.892 -1.819031e-14 0 0 -87.82841 
1786056256.942 -1.819031e-14 0 0 -87.82841 
1786056256.995 -1.819031e-14 0 0 -87.82841 
1786056257.045 -1.819031e-14 0 0 -87.82841 
1786056257.114 -1.819031e-14 0 0 -87.82841 
1786056257.172 -1.819031e-14 0 0 -87.82841 
1786056257.228 -1.819031e-14 0 0 -87.82841 
1786056257.279 -1.819031e-14 0 0 -87.82841 
1786056257.330 -1.819031e-14 0 0 -87.82841 
1786056257.379 -1.819031e-14 0 0 -87.82841 
1786056257.439 -1.819031e-14 0 0 -87.82841 
1786056257.494 -1.819031e-14 0 0 -87.82841 
1786056257.544 -1.819031e-14 0 0 -87.82841 
1786056257.597 -1.819031e-14 0 0 -87.82841 
1786056257.651 -1.819031e-14 0 0 -87.82841 
1786056257.700 -1.819031e-14 0 0 -87.82841 
1786056257.757 -1.819031e-14 0 0 -87.82841 
1786056257.809 -1.819031e-14 0 0 -87.82841 
1786056257.859 -1.819031e-14 0 0 -87.82841 
1786056257.911 -1.819031e-14 0 0 -87.82841 
1786056257.959 -1.819031e-14 0 0 -87.82841 
1786056258.016 -1.819031e-14 0 0 -87.82841 
1786056258.067 -1.819031e-14 0 0 -87.82841 
1786056258.118 -1.819031e-14 0 0 -87.82841 
1786056258.171 -1.819031e-14 0 0 -87.82841 
1786056258.229 -1.819031e-14 0 0 -87.82841 
1786056258.278 -1.819031e-14 0 0 -87.82841 
1786056258.328 -1.819031e-14 0 0 -87.82841 
1786056258.380 -1.819031e-14 0 0 -87.82841 
1786056258.433 -1.819031e-14 0 0 -87.82841 
1786056258.485 -1.819031e-14 0 0 -87.82841 
1786056258.538 -1.819031e-14 0 0 -87.82841 
1786056258.586 -1.819031e-14 0 0 -87.82841 
1786056258.647 -1.819031e-14 0 0 -87.82841 
1786056258.715 -1.819031e-14 0 0 -87.82841 
1786056258.782 -1.819031e-14 0 0 -87.82841 
1786056258.836 -1.819031e-14 0 0 -87.82841 
1786056258.889 -1.819031e-14 0 0 -87.82841 
1786056258.939 -1.819031e-14 0 0 -87.82841 
1786056258.992 -1.819031e-14 0 0 -87.82841 
1786056259.043 -1.819031e-14 0 0 -87.82841 
1786056259.104 -1.819031e-14 0 0 -87.82841 
1786056259.158 -1.819031e-14 0 0 -87.82841 
1786056259.214 -1.819031e-14 0 0 -87.82841 
1786056259.264 -1.819031e-14 0 0 -87.82841 
1786056259.314 -1.819031e-14 0 0 -87.82841 
1786056259.364 -1.819031e-14 0 0 -87.82841 
1786056259.426 -1.819031e-14 0 0 -87.82841 
1786056259.479 -1.819031e-14 0 0 -87.82841 
1786056259.532 -1.819031e-14 0 0 -87.82841 
1786056259.585 -1.819031e-14 0 0 -87.82841 
1786056259.637 -1.819031e-14 0 0 -87.82841 
1786056259.709 -1.819031e-14 0 0 -87.82841 
1786056259.775 -1.819031e-14 0 0 -87.82841 
1786056259.837 -1.819031e-14 0 0 -87.82841 
1786056259.884 -1.819031e-14 0 0 -87.82841 
1786056259.937 -1.819031e-14 0 0 -87.82841 
1786056259.997 -1.819031e-14 0 0 -87.82841 
1786056260.050 -1.819031e-14 0 0 -87.82841 
1786056260.106 -1.819031e-14 0 0 -87.82841 
1786056260.179 -1.819031e-14 0 0 -87.82841 
1786056260.245 -1.819031e-14 0 0 -87.82841 
1786056260.298 -1.819031e-14 0 0 -87.82841 
1786056260.363 -1.819031e-14 0 0 -87.82841 
1786056260.429 -1.819031e-14 0 0 -87.82841 
1786056260.491 -1.819031e-14 0 0 -87.82841 
1786056260.546 -1.819031e-14 0 0 -87.82841 
1786056260.594 -1.819031e-14 0 0 -87.82841 
1786056260.667 -1.819031e-14 0 0 -87.82841 
1786056260.725 -1.819031e-14 0 0 -87.82841 
1786056260.783 -1.819031e-14 0 0 -87.82841 
1786056260.835 -1.819031e-14 0 0 -87.82841 
1786056260.887 -1.819031e-14 0 0 -87.82841 
1786056260.948 -1.819031e-14 0 0 -87.82841 
1786056261.002 -1.819031e-14 0 0 -87.82841 
1786056261.056 -1.819031e-14 0 0 -87.82841 
1786056261.118 -1.819031e-14 0 0 -87.82841 
1786056261.176 -1.819031e-14 0 0 -87.82841 
1786056261.233 -1.819031e-14 0 0 -87.82841 
1786056261.285 -1.819031e-14 0 0 -87.82841 
1786056261.345 -1.819031e-14 0 0 -87.82841 
1786056261.393 -1.819031e-14 0 0 -87.82841 
1786056261.450 -1.819031e-14 0 0 -87.82841 
1786056261.501 -1.819031e-14 0 0 -87.82841 
1786056261.550 -1.819031e-14 0 0 -87.82841 
1786056261.599 -1.819031e-14 0 0 -87.82841 
1786056261.652 -1.819031e-14 0 0 -87.82841 
1786056261.702 -1.819031e-14 0 0 -87.82841 
1786056261.758 -1.819031e-14 0 0 -87.82841 
1786056261.811 -1.819031e-14 0 0 -87.82841 
1786056261.863 -1.819031e-14 0 0 -87.82841 
1786056261.922 -1.819031e-14 0 0 -87.82841 
1786056261.980 -1.819031e-14 0 0 -87.82841 
1786056262.031 -1.819031e-14 0 0 -87.82841 
1786056262.083 -1.819031e-14 0 0 -87.82841 
1786056262.142 -1.819031e-14 0 0 -87.82841 
1786056262.195 -1.819031e-14 0 0 -87.82841 
1786056262.253 -1.819031e-14 0 0 -87.82841 
1786056262.307 -1.819031e-14 0 0 -87.82841 
1786056262.359 -1.819031e-14 0 0 -87.82841 
1786056262.409 -1.819031e-14 0 0 -87.82841 
1786056262.467 -1.819031e-14 0 0 -87.82841 
1786056262.518 -1.819031e-14 0 0 -87.82841 
1786056262.580 -1.819031e-14 0 0 -87.82841 
1786056262.644 -1.819031e-14 0 0 -87.82841 
1786056262.712 -1.819031e-14 0 0 -87.82841 
1786056262.772 -1.819031e-14 0 0 -87.82841 
1786056262.831 -1.819031e-14 0 0 -87.82841 
1786056262.894 -1.819031e-14 0 0 -87.82841 
1786056262.952 -1.819031e-14 0 0 -87.82841 
1786056263.009 -1.819031e-14 0 0 -87.82841 
1786056263.063 -1.819031e-14 0 0 -87.82841 
1786056263.121 -1.819031e-14 0 0 -87.82841 
1786056263.186 -1.819031e-14 0 0 -87.82841 
1786056263.247 -1.819031e-14 0 0 -87.82841 
1786056263.313 -1.819031e-14 0 0 -87.82841 
1786056263.393 -1.819031e-14 0 0 -87.82841 
1786056263.452 -1.819031e-14 0 0 -87.82841 
1786056263.519 -1.819031e-14 0 0 -87.82841 
1786056263.580 -1.819031e-14 0 0 -87.82841 
1786056263.633 -1.819031e-14 0 0 -87.82841 
1786056263.688 -1.819031e-14 0 0 -87.82841 
1786056263.740 -1.819031e-14 0 0 -87.82841 
1786056263.801 -1.819031e-14 0 0 -87.82841 
1786056263.874 -1.819031e-14 0 0 -87.82841 
1786056263.937 -1.819031e-14 0 0 -87.82841 
1786056263.995 -1.819031e-14 0 0 -87.82841 
1786056264.060 -1.819031e-14 0 0 -87.82841 
1786056264.118 -1.819031e-14 0 0 -87.82841 
1786056264.178 -1.819031e-14 0 0 -87.82841 
1786056264.245 -1.819031e-14 0 0 -87.82841 
1786056264.319 -1.819031e-14 0 0 -87.82841 
1786056264.389 -1.819031e-14 0 0 -87.82841 
1786056264.441 -1.819031e-14 0 0 -87.82841 
1786056264.512 -1.819031e-14 0 0 -87.82841 
1786056264.570 -1.819031e-14 0 0 -87.82841 
1786056264.627 -1.819031e-14 0 0 -87.82841 
1786056264.675 -1.819031e-14 0 0 -87.82841 
1786056264.737 -1.819031e-14 0 0 -87.82841 
1786056264.800 -1.819031e-14 0 0 -87.82841 
1786056264.849 -1.819031e-14 0 0 -87.82841 
1786056264.907 -1.819031e-14 0 0 -87.82841 
1786056264.965 -1.819031e-14 0 0 -87.82841 
1786056265.024 -1.819031e-14 0 0 -87.82841 
1786056265.073 -1.819031e-14 0 0 -87.82841 
1786056265.132 -1.819031e-14 0 0 -87.82841 
1786056265.209 -1.819031e-14 0 0 -87.82841 
1786056265.278 -1.819031e-14 0 0 -87.82841 
1786056265.338 -1.819031e-14 0 0 -87.82841 
1786056265.397 -1.819031e-14 0 0 -87.82841 
1786056265.457 -1.819031e-14 0 0 -87.82841 
1786056265.528 -1.819031e-14 0 0 -87.82841 
1786056265.588 -1.819031e-14 0 0 -87.82841 
1786056265.637 -1.819031e-14 0 0 -87.82841 
1786056265.695 -1.819031e-14 0 0 -87.82841 
1786056265.746 -1.819031e-14 0 0 -87.82841 
1786056265.799 -1.819031e-14 0 0 -87.82841 
1786056265.863 -1.819031e-14 0 0 -87.82841 
1786056265.925 -1.819031e-14 0 0 -87.82841 
1786056266.008 -1.819031e-14 0 0 -87.82841 
1786056266.089 -1.819031e-14 0 0 -87.82841 
1786056266.169 -1.819031e-14 0 0 -87.82841 
1786056266.228 -1.819031e-14 0 0 -87.82841 
1786056266.284 -1.819031e-14 0 0 -87.82841 
1786056266.344 -1.819031e-14 0 0 -87.82841 
1786056266.404 -1.819031e-14 0 0 -87.82841 
1786056266.462 -1.819031e-14 0 0 -87.82841 
1786056266.521 -1.819031e-14 0 0 -87.82841 
1786056266.575 -1.819031e-14 0 0 -87.82841 
1786056266.625 -1.819031e-14 0 0 -87.82841 
1786056266.673 -1.819031e-14 0 0 -87.82841 
1786056266.734 -1.819031e-14 0 0 -87.82841 
1786056266.789 -1.819031e-14 0 0 -87.82841 
1786056266.841 -1.819031e-14 0 0 -87.82841 
1786056266.896 -1.819031e-14 0 0 -87.82841 
1786056266.954 -1.819031e-14 0 0 -87.82841 
1786056267.004 -1.819031e-14 0 0 -87.82841 
1786056267.062 -1.819031e-14 0 0 -87.82841 
1786056267.124 -1.819031e-14 0 0 -87.82841 
1786056267.180 -1.819031e-14 0 0 -87.82841 
1786056267.244 -1.819031e-14 0 0 -87.82841 
1786056267.310 -1.819031e-14 0 0 -87.82841 
1786056267.384 -1.819031e-14 0 0 -87.82841 
1786056267.458 -1.819031e-14 0 0 -87.82841 
1786056267.517 -1.819031e-14 0 0 -87.82841 
1786056267.571 -1.819031e-14 0 0 -87.82841 
1786056267.627 -1.819031e-14 0 0 -87.82841 
1786056267.679 -1.819031e-14 0 0 -87.82841 
1786056267.735 -1.819031e-14 0 0 -87.82841 
1786056267.784 -1.819031e-14 0 0 -87.82841 
1786056267.852 -1.819031e-14 0 0 -87.82841 
1786056267.903 -1.819031e-14 0 0 -87.82841 
1786056267.959 -1.819031e-14 0 0 -87.82841 
1786056268.011 -1.819031e-14 0 0 -87.82841 
1786056268.064 -1.819031e-14 0 0 -87.82841 
1786056268.114 -1.819031e-14 0 0 -87.82841 
1786056268.182 -1.819031e-14 0 0 -87.82841 
1786056268.241 -1.819031e-14 0 0 -87.82841 
1786056268.298 -1.819031e-14 0 0 -87.82841 
1786056268.351 -1.819031e-14 0 0 -87.82841 
1786056268.410 -1.819031e-14 0 0 -87.82841 
1786056268.464 -1.819031e-14 0 0 -87.82841 
1786056268.514 -1.819031e-14 0 0 -87.82841 
1786056268.571 -1.819031e-14 0 0 -87.82841 
1786056268.624 -1.819031e-14 0 0 -87.82841 
1786056268.674 -1.819031e-14 0 0 -87.82841 
1786056268.728 -1.819031e-14 0 0 -87.82841 
1786056268.783 -1.819031e-14 0 0 -87.82841 
1786056268.832 -1.819031e-14 0 0 -87.82841 
1786056268.882 -1.819031e-14 0 0 -87.82841 
1786056268.930 -1.819031e-14 0 0 -87.82841 
1786056268.983 -1.819031e-14 0 0 -87.82841 
1786056269.034 -1.819031e-14 0 0 -87.82841 
1786056269.083 -1.819031e-14 0 0 -87.82841 
1786056269.138 -1.819031e-14 0 0 -87.82841 
1786056269.210 -1.819031e-14 0 0 -87.82841 
1786056269.275 -1.819031e-14 0 0 -87.82841 
1786056269.339 -1.819031e-14 0 0 -87.82841 
1786056269.398 -1.819031e-14 0 0 -87.82841 
1786056269.452 -1.819031e-14 0 0 -87.82841 
1786056269.509 -1.819031e-14 0 0 -87.82841 
1786056269.559 -1.819031e-14 0 0 -87.82841 
1786056269.613 -1.819031e-14 0 0 -87.82841 
1786056269.665 -1.819031e-14 0 0 -87.82841 
1786056269.715 -1.819031e-14 0 0 -87.82841 
1786056269.767 -1.819031e-14 0 0 -87.82841 
1786056269.823 -1.819031e-14 0 0 -87.82841 
1786056269.881 -1.819031e-14 0 0 -87.82841 
1786056269.932 -1.819031e-14 0 0 -87.82841 
1786056269.988 -1.819031e-14 0 0 -87.82841 
1786056270.042 -1.819031e-14 0 0 -87.82841 
1786056270.093 -1.819031e-14 0 0 -87.82841 
1786056270.148 -1.819031e-14 0 0 -87.82841 
1786056270.206 -1.819031e-14 0 0 -87.82841 
1786056270.261 -1.819031e-14 0 0 -87.82841 
1786056270.322 -1.819031e-14 0 0 -87.82841 
1786056270.375 -1.819031e-14 0 0 -87.82841 
1786056270.426 -1.819031e-14 0 0 -87.82841 
1786056270.478 -1.819031e-14 0 0 -87.82841 
1786056270.534 -1.819031e-14 0 0 -87.82841 
1786056270.587 -1.819031e-14 0 0 -87.82841 
1786056270.644 -1.819031e-14 0 0 -87.82841 
1786056270.698 -1.819031e-14 0 0 -87.82841 
1786056270.745 -1.819031e-14 0 0 -87.82841 
1786056270.795 -1.819031e-14 0 0 -87.82841 
1786056270.847 -1.819031e-14 0 0 -87.82841 
1786056270.896 -1.819031e-14 0 0 -87.82841 
1786056270.958 -1.819031e-14 0 0 -87.82841 
1786056271.016 -1.819031e-14 0 0 -87.82841 
1786056271.067 -1.819031e-14 0 0 -87.82841 
1786056271.121 -1.819031e-14 0 0 -87.82841 
1786056271.177 -1.819031e-14 0 0 -87.82841 
1786056271.231 -1.819031e-14 0 0 -87.82841 
1786056271.297 -1.819031e-14 0 0 -87.82841 
1786056271.349 -1.819031e-14 0 0 -87.82841 
1786056271.397 -1.819031e-14 0 0 -87.82841 
1786056271.461 -1.819031e-14 0 0 -87.82841 
1786056271.523 -1.819031e-14 0 0 -87.82841 
1786056271.578 -1.819031e-14 0 0 -87.82841 
1786056271.633 -1.819031e-14 0 0 -87.82841 
1786056271.686 -1.819031e-14 0 0 -87.82841 
1786056271.738 -1.819031e-14 0 0 -87.82841 
1786056271.788 -1.819031e-14 0 0 -87.82841 
1786056271.842 -1.819031e-14 0 0 -87.82841 
1786056271.894 -1.819031e-14 0 0 -87.82841 
1786056271.943 -1.819031e-14 0 0 -87.82841 
1786056272.003 -1.819031e-14 0 0 -87.82841 
1786056272.058 -1.819031e-14 0 0 -87.82841 
1786056272.107 -1.819031e-14 0 0 -87.82841 
1786056272.174 -1.819031e-14 0 0 -87.82841 
1786056272.239 -1.819031e-14 0 0 -87.82841 
1786056272.297 -1.819031e-14 0 0 -87.82841 
1786056272.353 -1.819031e-14 0 0 -87.82841 
1786056272.403 -1.819031e-14 0 0 -87.82841 
1786056272.457 -1.819031e-14 0 0 -87.82841 
1786056272.505 -1.819031e-14 0 0 -87.82841 
1786056272.560 -1.819031e-14 0 0 -87.82841 
1786056272.607 -1.819031e-14 0 0 -87.82841 
1786056272.660 -1.819031e-14 0 0 -87.82841 
1786056272.711 -1.819031e-14 0 0 -87.82841 
1786056272.762 -1.819031e-14 0 0 -87.82841 
1786056272.812 -1.819031e-14 0 0 -87.82841 
1786056272.861 -1.819031e-14 0 0 -87.82841 
1786056272.908 -1.819031e-14 0 0 -87.82841 
1786056272.961 -1.819031e-14 0 0 -87.82841 
1786056273.009 -1.819031e-14 0 0 -87.82841 
1786056273.059 -1.819031e-14 0 0 -87.82841 
1786056273.110 -1.819031e-14 0 0 -87.82841 
1786056273.169 -1.819031e-14 0 0 -87.82841 
1786056273.236 -1.819031e-14 0 0 -87.82841 
1786056273.295 -1.819031e-14 0 0 -87.82841 
1786056273.345 -1.819031e-14 0 0 -87.82841 
1786056273.393 -1.819031e-14 0 0 -87.82841 
1786056273.448 -1.819031e-14 0 0 -87.82841 
1786056273.500 -1.819031e-14 0 0 -87.82841 
1786056273.552 -1.819031e-14 0 0 -87.82841 
1786056273.601 -1.819031e-14 0 0 -87.82841 
1786056273.656 -1.819031e-14 0 0 -87.82841 
1786056273.708 -1.819031e-14 0 0 -87.82841 
1786056273.763 -1.819031e-14 0 0 -87.82841 
1786056273.818 -1.819031e-14 0 0 -87.82841 
1786056273.865 -1.819031e-14 0 0 -87.82841 
1786056273.917 -1.819031e-14 0 0 -87.82841 
1786056273.966 -1.819031e-14 0 0 -87.82841 
1786056274.022 -1.819031e-14 0 0 -87.82841 
1786056274.078 -1.819031e-14 0 0 -87.82841 
1786056274.132 -1.819031e-14 0 0 -87.82841 
1786056274.195 -1.819031e-14 0 0 -87.82841 
1786056274.268 -1.819031e-14 0 0 -87.82841 
1786056274.327 -1.819031e-14 0 0 -87.82841 
1786056274.380 -1.819031e-14 0 0 -87.82841 
1786056274.434 -1.819031e-14 0 0 -87.82841 
1786056274.487 -1.819031e-14 0 0 -87.82841 
1786056274.544 -1.819031e-14 0 0 -87.82841 
1786056274.595 -1.819031e-14 0 0 -87.82841 
1786056274.649 -1.819031e-14 0 0 -87.82841 
1786056274.700 -1.819031e-14 0 0 -87.82841 
1786056274.748 -1.819031e-14 0 0 -87.82841 
1786056274.805 -1.819031e-14 0 0 -87.82841 
1786056274.858 -1.819031e-14 0 0 -87.82841 
1786056274.911 -1.819031e-14 0 0 -87.82841 
1786056274.963 -1.819031e-14 0 0 -87.82841 
1786056275.017 -1.819031e-14 0 0 -87.82841 
1786056275.066 -1.819031e-14 0 0 -87.82841 
1786056275.122 -1.819031e-14 0 0 -87.82841 
1786056275.180 -1.819031e-14 0 0 -87.82841 
1786056275.237 -1.819031e-14 0 0 -87.82841 
1786056275.293 -1.819031e-14 0 0 -87.82841 
1786056275.352 -1.819031e-14 0 0 -87.82841 
1786056275.402 -1.819031e-14 0 0 -87.82841 
1786056275.452 -1.819031e-14 0 0 -87.82841 
1786056275.509 -1.819031e-14 0 0 -87.82841 
1786056275.560 -1.819031e-14 0 0 -87.82841 
1786056275.611 -1.819031e-14 0 0 -87.82841 
1786056275.662 -1.819031e-14 0 0 -87.82841 
1786056275.711 -1.819031e-14 0 0 -87.82841 
1786056275.761 -1.819031e-14 0 0 -87.82841 
1786056275.817 -1.819031e-14 0 0 -87.82841 
1786056275.867 -1.819031e-14 0 0 -87.82841 
1786056275.918 -1.819031e-14 0 0 -87.82841 
1786056275.969 -1.819031e-14 0 0 -87.82841 
1786056276.021 -1.819031e-14 0 0 -87.82841 
1786056276.071 -1.819031e-14 0 0 -87.82841 
1786056276.124 -1.819031e-14 0 0 -87.82841 
1786056276.197 -1.819031e-14 0 0 -87.82841 
1786056276.257 -1.819031e-14 0 0 -87.82841 
1786056276.308 -1.819031e-14 0 0 -87.82841 
1786056276.359 -1.819031e-14 0 0 -87.82841 
1786056276.411 -1.819031e-14 0 0 -87.82841 
1786056276.468 -1.819031e-14 0 0 -87.82841 
1786056276.518 -1.819031e-14 0 0 -87.82841 
1786056276.569 -1.819031e-14 0 0 -87.82841 
1786056276.621 -1.819031e-14 0 0 -87.82841 
1786056276.676 -1.819031e-14 0 0 -87.82841 
1786056276.728 -1.819031e-14 0 0 -87.82841 
1786056276.785 -1.819031e-14 0 0 -87.82841 
1786056276.833 -1.819031e-14 0 0 -87.82841 
1786056276.885 -1.819031e-14 0 0 -87.82841 
1786056276.936 -1.819031e-14 0 0 -87.82841 
1786056276.982 -1.819031e-14 0 0 -87.82841 
1786056277.048 -1.819031e-14 0 0 -87.82841 
1786056277.112 -1.819031e-14 0 0 -87.82841 
1786056277.167 -1.819031e-14 0 0 -87.82841 
1786056277.222 -1.819031e-14 0 0 -87.82841 
1786056277.278 -1.819031e-14 0 0 -87.82841 
1786056277.326 -1.819031e-14 0 0 -87.82841 
1786056277.376 -1.819031e-14 0 0 -87.82841 
1786056277.426 -1.819031e-14 0 0 -87.82841 
1786056277.483 -1.819031e-14 0 0 -87.82841 
1786056277.532 -1.819031e-14 0 0 -87.82841 
1786056277.587 -1.819031e-14 0 0 -87.82841 
1786056277.637 -1.819031e-14 0 0 -87.82841 
1786056277.689 -1.819031e-14 0 0 -87.82841 
1786056277.738 -1.819031e-14 0 0 -87.82841 
1786056277.788 -1.819031e-14 0 0 -87.82841 
1786056277.838 -1.819031e-14 0 0 -87.82841 
1786056277.888 -1.819031e-14 0 0 -87.82841 
1786056277.938 -1.819031e-14 0 0 -87.82841 
1786056277.986 -1.819031e-14 0 0 -87.82841 
1786056278.042 -1.819031e-14 0 0 -87.82841 
1786056278.102 -1.819031e-14 0 0 -87.82841 
1786056278.186 -1.819031e-14 0 0 -87.82841 
1786056278.253 -1.819031e-14 0 0 -87.82841 
1786056278.314 -1.819031e-14 0 0 -87.82841 
1786056278.374 -1.819031e-14 0 0 -87.82841 
1786056278.425 -1.819031e-14 0 0 -87.82841 
1786056278.484 -1.819031e-14 0 0 -87.82841 
1786056278.536 -1.819031e-14 0 0 -87.82841 
1786056278.585 -1.819031e-14 0 0 -87.82841 
1786056278.639 -1.819031e-14 0 0 -87.82841 
1786056278.694 -1.819031e-14 0 0 -87.82841 
1786056278.745 -1.819031e-14 0 0 -87.82841 
1786056278.805 -1.819031e-14 0 0 -87.82841 
1786056278.858 -1.819031e-14 0 0 -87.82841 
1786056278.910 -1.819031e-14 0 0 -87.82841 
1786056278.963 -1.819031e-14 0 0 -87.82841 
1786056279.041 -1.819031e-14 0 0 -87.82841 
1786056279.095 -1.819031e-14 0 0 -87.82841 
1786056279.149 -1.819031e-14 0 0 -87.82841 
1786056279.213 -1.819031e-14 0 0 -87.82841 
1786056279.274 -1.819031e-14 0 0 -87.82841 
1786056279.325 -1.819031e-14 0 0 -87.82841 
1786056279.376 -1.819031e-14 0 0 -87.82841 
1786056279.432 -1.819031e-14 0 0 -87.82841 
1786056279.481 -1.819031e-14 0 0 -87.82841 
1786056279.535 -1.819031e-14 0 0 -87.82841 
1786056279.585 -1.819031e-14 0 0 -87.82841 
1786056279.632 -1.819031e-14 0 0 -87.82841 
1786056279.687 -1.819031e-14 0 0 -87.82841 
1786056279.745 -1.819031e-14 0 0 -87.82841 
1786056279.793 -1.819031e-14 0 0 -87.82841 
1786056279.847 -1.819031e-14 0 0 -87.82841 
1786056279.898 -1.819031e-14 0 0 -87.82841 
1786056279.952 -1.819031e-14 0 0 -87.82841 
1786056280.016 -1.819031e-14 0 0 -87.82841 
1786056280.072 -1.819031e-14 0 0 -87.82841 
1786056280.120 -1.819031e-14 0 0 -87.82841 
1786056280.177 -1.819031e-14 0 0 -87.82841 
1786056280.231 -1.819031e-14 0 0 -87.82841 
1786056280.283 -1.819031e-14 0 0 -87.82841 
1786056280.334 -1.819031e-14 0 0 -87.82841 
1786056280.391 -1.819031e-14 0 0 -87.82841 
1786056280.439 -1.819031e-14 0 0 -87.82841 
1786056280.489 -1.819031e-14 0 0 -87.82841 
1786056280.541 -1.819031e-14 0 0 -87.82841 
1786056280.591 -1.819031e-14 0 0 -87.82841 
1786056280.643 -1.819031e-14 0 0 -87.82841 
1786056280.695 -1.819031e-14 0 0 -87.82841 
1786056280.745 -1.819031e-14 0 0 -87.82841 
1786056280.795 -1.819031e-14 0 0 -87.82841 
1786056280.842 -1.819031e-14 0 0 -87.82841 
1786056280.891 -1.819031e-14 0 0 -87.82841 
1786056280.952 -1.819031e-14 0 0 -87.82841 
1786056280.999 -1.819031e-14 0 0 -87.82841 
1786056281.050 -1.819031e-14 0 0 -87.82841 
1786056281.100 -1.819031e-14 0 0 -87.82841 
1786056281.148 -1.819031e-14 0 0 -87.82841 
1786056281.201 -1.819031e-14 0 0 -87.82841 
1786056281.253 -1.819031e-14 0 0 -87.82841 
1786056281.307 -1.819031e-14 0 0 -87.82841 
1786056281.358 -1.819031e-14 0 0 -87.82841 
1786056281.406 -1.819031e-14 0 0 -87.82841 
1786056281.457 -1.819031e-14 0 0 -87.82841 
1786056281.509 -1.819031e-14 0 0 -87.82841 
1786056281.557 -1.819031e-14 0 0 -87.82841 
1786056281.615 -1.819031e-14 0 0 -87.82841 
1786056281.671 -1.819031e-14 0 0 -87.82841 
1786056281.723 -1.819031e-14 0 0 -87.82841 
1786056281.773 -1.819031e-14 0 0 -87.82841 
1786056281.826 -1.819031e-14 0 0 -87.82841 
1786056281.880 -1.819031e-14 0 0 -87.82841 
1786056281.938 -1.819031e-14 0 0 -87.82841 
1786056281.991 -1.819031e-14 0 0 -87.82841 
1786056282.039 -1.819031e-14 0 0 -87.82841 
1786056282.094 -1.819031e-14 0 0 -87.82841 
1786056282.154 -1.819031e-14 0 0 -87.82841 
1786056282.214 -1.819031e-14 0 0 -87.82841 
1786056282.266 -1.819031e-14 0 0 -87.82841 
1786056282.326 -1.819031e-14 0 0 -87.82841 
1786056282.384 -1.819031e-14 0 0 -87.82841 
1786056282.434 -1.819031e-14 0 0 -87.82841 
1786056282.487 -1.819031e-14 0 0 -87.82841 
1786056282.547 -1.819031e-14 0 0 -87.82841 
1786056282.595 -1.819031e-14 0 0 -87.82841 
1786056282.648 -1.819031e-14 0 0 -87.82841 
1786056282.697 -1.819031e-14 0 0 -87.82841 
1786056282.747 -1.819031e-14 0 0 -87.82841 
1786056282.798 -1.819031e-14 0 0 -87.82841 
1786056282.853 -1.819031e-14 0 0 -87.82841 
1786056282.915 -1.819031e-14 0 0 -87.82841 
1786056282.973 -1.819031e-14 0 0 -87.82841 
1786056283.025 -1.819031e-14 0 0 -87.82841 
1786056283.076 -1.819031e-14 0 0 -87.82841 
1786056283.127 -1.819031e-14 0 0 -87.82841 
1786056283.188 -1.819031e-14 0 0 -87.82841 
1786056283.243 -1.819031e-14 0 0 -87.82841 
1786056283.300 -1.819031e-14 0 0 -87.82841 
1786056283.351 -1.819031e-14 0 0 -87.82841 
1786056283.407 -1.819031e-14 0 0 -87.82841 
1786056283.461 -1.819031e-14 0 0 -87.82841 
1786056283.518 -1.819031e-14 0 0 -87.82841 
1786056283.575 -1.819031e-14 0 0 -87.82841 
1786056283.625 -1.819031e-14 0 0 -87.82841 
1786056283.685 -1.819031e-14 0 0 -87.82841 
1786056283.741 -1.819031e-14 0 0 -87.82841 
1786056283.797 -1.819031e-14 0 0 -87.82841 
1786056283.848 -1.819031e-14 0 0 -87.82841 
1786056283.910 -1.819031e-14 0 0 -87.82841 
1786056283.971 -1.819031e-14 0 0 -87.82841 
1786056284.028 -1.819031e-14 0 0 -87.82841 
1786056284.088 -1.819031e-14 0 0 -87.82841 
1786056284.145 -1.819031e-14 0 0 -87.82841 
1786056284.204 -1.819031e-14 0 0 -87.82841 
1786056284.261 -1.819031e-14 0 0 -87.82841 
1786056284.314 -1.819031e-14 0 0 -87.82841 
1786056284.366 -1.819031e-14 0 0 -87.82841 
1786056284.428 -1.819031e-14 0 0 -87.82841 
1786056284.484 -1.819031e-14 0 0 -87.82841 
1786056284.539 -1.819031e-14 0 0 -87.82841 
1786056284.589 -1.819031e-14 0 0 -87.82841 
1786056284.651 -1.819031e-14 0 0 -87.82841 
1786056284.701 -1.819031e-14 0 0 -87.82841 
1786056284.748 -1.819031e-14 0 0 -87.82841 
1786056284.820 -1.819031e-14 0 0 -87.82841 
1786056284.880 -1.819031e-14 0 0 -87.82841 
1786056284.933 -1.819031e-14 0 0 -87.82841 
1786056284.986 -1.819031e-14 0 0 -87.82841 
1786056285.037 -1.819031e-14 0 0 -87.82841 
1786056285.101 -1.819031e-14 0 0 -87.82841 
1786056285.150 -1.819031e-14 0 0 -87.82841 
1786056285.207 -1.819031e-14 0 0 -87.82841 
1786056285.273 -1.819031e-14 0 0 -87.82841 
1786056285.324 -1.819031e-14 0 0 -87.82841 
1786056285.374 -1.819031e-14 0 0 -87.82841 
1786056285.426 -1.819031e-14 0 0 -87.82841 
1786056285.475 -1.819031e-14 0 0 -87.82841 
1786056285.543 -1.819031e-14 0 0 -87.82841 
1786056285.594 -1.819031e-14 0 0 -87.82841 
1786056285.644 -1.819031e-14 0 0 -87.82841 
1786056285.694 -1.819031e-14 0 0 -87.82841 
1786056285.752 -1.819031e-14 0 0 -87.82841 
1786056285.806 -1.819031e-14 0 0 -87.82841 
1786056285.857 -1.819031e-14 0 0 -87.82841 
1786056285.910 -1.819031e-14 0 0 -87.82841 
1786056285.971 -1.819031e-14 0 0 -87.82841 
1786056286.022 -1.819031e-14 0 0 -87.82841 
1786056286.073 -1.819031e-14 0 0 -87.82841 
1786056286.123 -1.819031e-14 0 0 -87.82841 
1786056286.179 -1.819031e-14 0 0 -87.82841 
1786056286.251 -1.819031e-14 0 0 -87.82841 
1786056286.311 -1.819031e-14 0 0 -87.82841 
1786056286.366 -1.819031e-14 0 0 -87.82841 
1786056286.421 -1.819031e-14 0 0 -87.82841 
1786056286.473 -1.819031e-14 0 0 -87.82841 
1786056286.524 -1.819031e-14 0 0 -87.82841 
1786056286.576 -1.819031e-14 0 0 -87.82841 
1786056286.628 -1.819031e-14 0 0 -87.82841 
1786056286.679 -1.819031e-14 0 0 -87.82841 
1786056286.733 -1.819031e-14 0 0 -87.82841 
1786056286.798 -1.819031e-14 0 0 -87.82841 
1786056286.848 -1.819031e-14 0 0 -87.82841 
1786056286.895 -1.819031e-14 0 0 -87.82841 
1786056286.945 -1.819031e-14 0 0 -87.82841 
1786056286.997 -1.819031e-14 0 0 -87.82841 
1786056287.048 -1.819031e-14 0 0 -87.82841 
1786056287.102 -1.819031e-14 0 0 -87.82841 
1786056287.150 -1.819031e-14 0 0 -87.82841 
1786056287.204 -1.819031e-14 0 0 -87.82841 
1786056287.258 -1.819031e-14 0 0 -87.82841 
1786056287.313 -1.819031e-14 0 0 -87.82841 
1786056287.371 -1.819031e-14 0 0 -87.82841 
1786056287.428 -1.819031e-14 0 0 -87.82841 
1786056287.481 -1.819031e-14 0 0 -87.82841 
1786056287.539 -1.819031e-14 0 0 -87.82841 
1786056287.600 -1.819031e-14 0 0 -87.82841 
1786056287.654 -1.819031e-14 0 0 -87.82841 
1786056287.710 -1.819031e-14 0 0 -87.82841 
1786056287.774 -1.819031e-14 0 0 -87.82841 
1786056287.828 -1.819031e-14 0 0 -87.82841 
1786056287.880 -1.819031e-14 0 0 -87.82841 
1786056287.940 -1.819031e-14 0 0 -87.82841 
1786056287.996 -1.819031e-14 0 0 -87.82841 
1786056288.048 -1.819031e-14 0 0 -87.82841 
1786056288.116 -1.819031e-14 0 0 -87.82841 
1786056288.170 -1.819031e-14 0 0 -87.82841 
1786056288.251 -1.819031e-14 0 0 -87.82841 
1786056288.333 -1.819031e-14 0 0 -87.82841 
1786056288.414 -1.819031e-14 0 0 -87.82841 
1786056288.486 -1.819031e-14 0 0 -87.82841 
1786056288.543 -1.819031e-14 0 0 -87.82841 
1786056288.601 -1.819031e-14 0 0 -87.82841 
1786056288.661 -1.819031e-14 0 0 -87.82841 
1786056288.721 -1.819031e-14 0 0 -87.82841 
1786056288.779 -1.819031e-14 0 0 -87.82841 
1786056288.832 -1.819031e-14 0 0 -87.82841 
1786056288.892 -1.819031e-14 0 0 -87.82841 
1786056288.959 -1.819031e-14 0 0 -87.82841 
1786056289.022 -1.819031e-14 0 0 -87.82841 
1786056289.076 -1.819031e-14 0 0 -87.82841 
1786056289.133 -1.819031e-14 0 0 -87.82841 
1786056289.208 -1.819031e-14 0 0 -87.82841 
1786056289.280 -1.819031e-14 0 0 -87.82841 
1786056289.348 -1.819031e-14 0 0 -87.82841 
1786056289.404 -1.819031e-14 0 0 -87.82841 
1786056289.471 -1.819031e-14 0 0 -87.82841 
1786056289.549 -1.819031e-14 0 0 -87.82841 
1786056289.622 -1.819031e-14 0 0 -87.82841 
1786056289.692 -1.819031e-14 0 0 -87.82841 
1786056289.756 -1.819031e-14 0 0 -87.82841 
1786056289.829 -1.819031e-14 0 0 -87.82841 
1786056289.886 -1.819031e-14 0 0 -87.82841 
1786056289.945 -1.819031e-14 0 0 -87.82841 
1786056290.003 -1.819031e-14 0 0 -87.82841 
1786056290.062 -1.819031e-14 0 0 -87.82841 
1786056290.117 -1.819031e-14 0 0 -87.82841 
1786056290.176 -1.819031e-14 0 0 -87.82841 
1786056290.248 -1.819031e-14 0 0 -87.82841 
1786056290.328 -1.819031e-14 0 0 -87.82841 
1786056290.402 -1.819031e-14 0 0 -87.82841 
1786056290.469 -1.819031e-14 0 0 -87.82841 
1786056290.522 -1.819031e-14 0 0 -87.82841 
1786056290.582 -1.819031e-14 0 0 -87.82841 
1786056290.655 -1.819031e-14 0 0 -87.82841 
1786056290.717 -1.819031e-14 0 0 -87.82841 
1786056290.783 -1.819031e-14 0 0 -87.82841 
1786056290.846 -1.819031e-14 0 0 -87.82841 
1786056290.909 -1.819031e-14 0 0 -87.82841 
1786056290.967 -1.819031e-14 0 0 -87.82841 
1786056291.034 -1.819031e-14 0 0 -87.82841 
1786056291.092 -1.819031e-14 0 0 -87.82841 
1786056291.147 -1.819031e-14 0 0 -87.82841 
1786056291.208 -1.819031e-14 0 0 -87.82841 
1786056291.288 -1.819031e-14 0 0 -87.82841 
1786056291.371 -1.819031e-14 0 0 -87.82841 
1786056291.444 -1.819031e-14 0 0 -87.82841 
1786056291.509 -1.819031e-14 0 0 -87.82841 
1786056291.600 -1.819031e-14 0 0 -87.82841 
1786056291.660 -1.819031e-14 0 0 -87.82841 
1786056291.736 -1.819031e-14 0 0 -87.82841 
1786056291.807 -1.819031e-14 0 0 -87.82841 
1786056291.882 -1.819031e-14 0 0 -87.82841 
1786056291.946 -1.819031e-14 0 0 -87.82841 
1786056292.012 -1.819031e-14 0 0 -87.82841 
1786056292.068 -1.819031e-14 0 0 -87.82841 
1786056292.127 -1.819031e-14 0 0 -87.82841 
1786056292.181 -1.819031e-14 0 0 -87.82841 
1786056292.243 -1.819031e-14 0 0 -87.82841 
1786056292.313 -1.819031e-14 0 0 -87.82841 
1786056292.366 -1.819031e-14 0 0 -87.82841 
1786056292.419 -1.819031e-14 0 0 -87.82841 
1786056292.484 -1.819031e-14 0 0 -87.82841 
1786056292.545 -1.819031e-14 0 0 -87.82841 
1786056292.599 -1.819031e-14 0 0 -87.82841 
1786056292.656 -1.819031e-14 0 0 -87.82841 
1786056292.706 -1.819031e-14 0 0 -87.82841 
1786056292.759 -1.819031e-14 0 0 -87.82841 
1786056292.814 -1.819031e-14 0 0 -87.82841 
1786056292.869 -1.819031e-14 0 0 -87.82841 
1786056292.921 -1.819031e-14 0 0 -87.82841 
1786056292.977 -1.819031e-14 0 0 -87.82841 
1786056293.027 -1.819031e-14 0 0 -87.82841 
1786056293.077 -1.819031e-14 0 0 -87.82841 
1786056293.130 -1.819031e-14 0 0 -87.82841 
1786056293.190 -1.819031e-14 0 0 -87.82841 
1786056293.245 -1.819031e-14 0 0 -87.82841 
1786056293.307 -1.819031e-14 0 0 -87.82841 
1786056293.373 -1.819031e-14 0 0 -87.82841 
1786056293.439 -1.819031e-14 0 0 -87.82841 
1786056293.502 -1.819031e-14 0 0 -87.82841 
1786056293.574 -1.819031e-14 0 0 -87.82841 
1786056293.625 -1.819031e-14 0 0 -87.82841 
1786056293.679 -1.819031e-14 0 0 -87.82841 
1786056293.730 -1.819031e-14 0 0 -87.82841 
1786056293.780 -1.819031e-14 0 0 -87.82841 
1786056293.835 -1.819031e-14 0 0 -87.82841 
1786056293.884 -1.819031e-14 0 0 -87.82841 
1786056293.944 -1.819031e-14 0 0 -87.82841 
1786056294.006 -1.819031e-14 0 0 -87.82841 
1786056294.062 -1.819031e-14 0 0 -87.82841 
1786056294.114 -1.819031e-14 0 0 -87.82841 
1786056294.182 -1.819031e-14 0 0 -87.82841 
1786056294.235 -1.819031e-14 0 0 -87.82841 
1786056294.290 -1.819031e-14 0 0 -87.82841 
1786056294.350 -1.819031e-14 0 0 -87.82841 
1786056294.413 -1.819031e-14 0 0 -87.82841 
1786056294.474 -1.819031e-14 0 0 -87.82841 
1786056294.532 -1.819031e-14 0 0 -87.82841 
1786056294.588 -1.819031e-14 0 0 -87.82841 
1786056294.653 -1.819031e-14 0 0 -87.82841 
1786056294.705 -1.819031e-14 0 0 -87.82841 
1786056294.756 -1.819031e-14 0 0 -87.82841 
1786056294.817 -1.819031e-14 0 0 -87.82841 
1786056294.868 -1.819031e-14 0 0 -87.82841 
1786056294.923 -1.819031e-14 0 0 -87.82841 
1786056294.980 -1.819031e-14 0 0 -87.82841 
1786056295.047 -1.819031e-14 0 0 -87.82841 
1786056295.110 -1.819031e-14 0 0 -87.82841 
1786056295.161 -1.819031e-14 0 0 -87.82841 
1786056295.212 -1.819031e-14 0 0 -87.82841 
1786056295.274 -1.819031e-14 0 0 -87.82841 
1786056295.330 -1.819031e-14 0 0 -87.82841 
1786056295.382 -1.819031e-14 0 0 -87.82841 
1786056295.447 -1.819031e-14 0 0 -87.82841 
1786056295.510 -1.819031e-14 0 0 -87.82841 
1786056295.560 -1.819031e-14 0 0 -87.82841 
1786056295.611 -1.819031e-14 0 0 -87.82841 
1786056295.663 -1.819031e-14 0 0 -87.82841 
1786056295.720 -1.819031e-14 0 0 -87.82841 
1786056295.776 -1.819031e-14 0 0 -87.82841 
1786056295.830 -1.819031e-14 0 0 -87.82841 
1786056295.882 -1.819031e-14 0 0 -87.82841 
1786056295.936 -1.819031e-14 0 0 -87.82841 
1786056295.987 -1.819031e-14 0 0 -87.82841 
1786056296.040 -1.819031e-14 0 0 -87.82841 
1786056296.093 -1.819031e-14 0 0 -87.82841 
1786056296.143 -1.819031e-14 0 0 -87.82841 
1786056296.195 -1.819031e-14 0 0 -87.82841 
1786056296.248 -1.819031e-14 0 0 -87.82841 
1786056296.311 -1.819031e-14 0 0 -87.82841 
1786056296.368 -1.819031e-14 0 0 -87.82841 
1786056296.441 -1.819031e-14 0 0 -87.82841 
1786056296.502 -1.819031e-14 0 0 -87.82841 
1786056296.564 -1.819031e-14 0 0 -87.82841 
1786056296.627 -1.819031e-14 0 0 -87.82841 
1786056296.684 -1.819031e-14 0 0 -87.82841 
1786056296.742 -1.819031e-14 0 0 -87.82841 
1786056296.804 -1.819031e-14 0 0 -87.82841 
1786056296.875 -1.819031e-14 0 0 -87.82841 
1786056296.927 -1.819031e-14 0 0 -87.82841 
1786056296.981 -1.819031e-14 0 0 -87.82841 
1786056297.043 -1.819031e-14 0 0 -87.82841 
1786056297.114 -1.819031e-14 0 0 -87.82841 
1786056297.166 -1.819031e-14 0 0 -87.82841 
1786056297.219 -1.819031e-14 0 0 -87.82841 
1786056297.278 -1.819031e-14 0 0 -87.82841 
1786056297.340 -1.819031e-14 0 0 -87.82841 
1786056297.396 -1.819031e-14 0 0 -87.82841 
1786056297.466 -1.819031e-14 0 0 -87.82841 
1786056297.528 -1.819031e-14 0 0 -87.82841 
1786056297.585 -1.819031e-14 0 0 -87.82841 
1786056297.635 -1.819031e-14 0 0 -87.82841 
1786056297.690 -1.819031e-14 0 0 -87.82841 
1786056297.754 -1.819031e-14 0 0 -87.82841 
1786056297.805 -1.819031e-14 0 0 -87.82841 
1786056297.862 -1.819031e-14 0 0 -87.82841 
1786056297.917 -1.819031e-14 0 0 -87.82841 
1786056297.978 -1.819031e-14 0 0 -87.82841 
1786056298.032 -1.819031e-14 0 0 -87.82841 
1786056298.100 -1.819031e-14 0 0 -87.82841 
1786056298.154 -1.819031e-14 0 0 -87.82841 
1786056298.212 -1.819031e-14 0 0 -87.82841 
1786056298.270 -1.819031e-14 0 0 -87.82841 
1786056298.337 -1.819031e-14 0 0 -87.82841 
1786056298.437 -1.819031e-14 0 0 -87.82841 
1786056298.511 -1.819031e-14 0 0 -87.82841 
1786056298.577 -1.819031e-14 0 0 -87.82841 
1786056298.630 -1.819031e-14 0 0 -87.82841 
1786056298.678 -1.819031e-14 0 0 -87.82841 
1786056298.733 -1.819031e-14 0 0 -87.82841 
1786056298.785 -1.819031e-14 0 0 -87.82841 
1786056298.834 -1.819031e-14 0 0 -87.82841 
1786056298.892 -1.819031e-14 0 0 -87.82841 
1786056298.957 -1.819031e-14 0 0 -87.82841 
1786056299.022 -1.819031e-14 0 0 -87.82841 
1786056299.074 -1.819031e-14 0 0 -87.82841 
1786056299.149 -1.819031e-14 0 0 -87.82841 
1786056299.215 -1.819031e-14 0 0 -87.82841 
1786056299.283 -1.819031e-14 0 0 -87.82841 
1786056299.365 -1.819031e-14 0 0 -87.82841 
1786056299.435 -1.819031e-14 0 0 -87.82841 
1786056299.489 -1.819031e-14 0 0 -87.82841 
1786056299.547 -1.819031e-14 0 0 -87.82841 
1786056299.604 -1.819031e-14 0 0 -87.82841 
1786056299.665 -1.819031e-14 0 0 -87.82841 
1786056299.718 -1.819031e-14 0 0 -87.82841 
1786056299.771 -1.819031e-14 0 0 -87.82841 
1786056299.842 -1.819031e-14 0 0 -87.82841 
1786056299.912 -1.819031e-14 0 0 -87.82841 
1786056299.966 -1.819031e-14 0 0 -87.82841 
1786056300.026 -1.819031e-14 0 0 -87.82841 
1786056300.080 -1.819031e-14 0 0 -87.82841 
1786056300.137 -1.819031e-14 0 0 -87.82841 
1786056300.188 -1.819031e-14 0 0 -87.82841 
1786056300.246 -1.819031e-14 0 0 -87.82841 
1786056300.322 -1.819031e-14 0 0 -87.82841 
1786056300.401 -1.819031e-14 0 0 -87.82841 
1786056300.461 -1.819031e-14 0 0 -87.82841 
1786056300.515 -1.819031e-14 0 0 -87.82841 
1786056300.585 -1.819031e-14 0 0 -87.82841 
1786056300.642 -1.819031e-14 0 0 -87.82841 
1786056300.705 -1.819031e-14 0 0 -87.82841 
1786056300.759 -1.819031e-14 0 0 -87.82841 
1786056300.815 -1.819031e-14 0 0 -87.82841 
1786056300.874 -1.819031e-14 0 0 -87.82841 
1786056300.927 -1.819031e-14 0 0 -87.82841 
1786056300.985 -1.819031e-14 0 0 -87.82841 
1786056301.050 -1.819031e-14 0 0 -87.82841 
1786056301.121 -1.819031e-14 0 0 -87.82841 
1786056301.187 -1.819031e-14 0 0 -87.82841 
1786056301.243 -1.819031e-14 0 0 -87.82841 
1786056301.309 -1.819031e-14 0 0 -87.82841 
1786056301.384 -1.819031e-14 0 0 -87.82841 
1786056301.450 -1.819031e-14 0 0 -87.82841 
1786056301.501 -1.819031e-14 0 0 -87.82841 
1786056301.555 -1.819031e-14 0 0 -87.82841 
1786056301.615 -1.819031e-14 0 0 -87.82841 
1786056301.668 -1.819031e-14 0 0 -87.82841 
1786056301.716 -1.819031e-14 0 0 -87.82841 
1786056301.769 -1.819031e-14 0 0 -87.82841 
1786056301.838 -1.819031e-14 0 0 -87.82841 
1786056301.889 -1.819031e-14 0 0 -87.82841 
1786056301.939 -1.819031e-14 0 0 -87.82841 
1786056302.005 -1.819031e-14 0 0 -87.82841 
1786056302.060 -1.819031e-14 0 0 -87.82841 
1786056302.112 -1.819031e-14 0 0 -87.82841 
1786056302.165 -1.819031e-14 0 0 -87.82841 
1786056302.236 -1.819031e-14 0 0 -87.82841 
1786056302.290 -1.819031e-14 0 0 -87.82841 
1786056302.350 -1.819031e-14 0 0 -87.82841 
1786056302.408 -1.819031e-14 0 0 -87.82841 
1786056302.475 -1.819031e-14 0 0 -87.82841 
1786056302.530 -1.819031e-14 0 0 -87.82841 
1786056302.591 -1.819031e-14 0 0 -87.82841 
1786056302.642 -1.819031e-14 0 0 -87.82841 
1786056302.697 -1.819031e-14 0 0 -87.82841 
1786056302.750 -1.819031e-14 0 0 -87.82841 
1786056302.811 -1.819031e-14 0 0 -87.82841 
1786056302.866 -1.819031e-14 0 0 -87.82841 
1786056302.921 -1.819031e-14 0 0 -87.82841 
1786056302.977 -1.819031e-14 0 0 -87.82841 
1786056303.029 -1.819031e-14 0 0 -87.82841 
1786056303.076 -1.819031e-14 0 0 -87.82841 
1786056303.134 -1.819031e-14 0 0 -87.82841 
1786056303.189 -1.819031e-14 0 0 -87.82841 
1786056303.244 -1.819031e-14 0 0 -87.82841 
1786056303.301 -1.819031e-14 0 0 -87.82841 
1786056303.365 -1.819031e-14 0 0 -87.82841 
1786056303.417 -1.819031e-14 0 0 -87.82841 
1786056303.467 -1.819031e-14 0 0 -87.82841 
1786056303.518 -1.819031e-14 0 0 -87.82841 
1786056303.577 -1.819031e-14 0 0 -87.82841 
1786056303.632 -1.819031e-14 0 0 -87.82841 
1786056303.690 -1.819031e-14 0 0 -87.82841 
1786056303.742 -1.819031e-14 0 0 -87.82841 
1786056303.797 -1.819031e-14 0 0 -87.82841 
1786056303.848 -1.819031e-14 0 0 -87.82841 
1786056303.903 -1.819031e-14 0 0 -87.82841 
1786056303.951 -1.819031e-14 0 0 -87.82841 
1786056304.007 -1.819031e-14 0 0 -87.82841 
1786056304.057 -1.819031e-14 0 0 -87.82841 
1786056304.106 -1.819031e-14 0 0 -87.82841 
1786056304.163 -1.819031e-14 0 0 -87.82841 
1786056304.218 -1.819031e-14 0 0 -87.82841 
1786056304.269 -1.819031e-14 0 0 -87.82841 
1786056304.332 -1.819031e-14 0 0 -87.82841 
1786056304.389 -1.819031e-14 0 0 -87.82841 
1786056304.438 -1.819031e-14 0 0 -87.82841 
1786056304.493 -1.819031e-14 0 0 -87.82841 
1786056304.549 -1.819031e-14 0 0 -87.82841 
1786056304.597 -1.819031e-14 0 0 -87.82841 
1786056304.647 -1.819031e-14 0 0 -87.82841 
1786056304.704 -1.819031e-14 0 0 -87.82841 
1786056304.753 -1.819031e-14 0 0 -87.82841 
1786056304.806 -1.819031e-14 0 0 -87.82841 
1786056304.863 -1.819031e-14 0 0 -87.82841 
1786056304.913 -1.819031e-14 0 0 -87.82841 
1786056304.966 -1.819031e-14 0 0 -87.82841 
1786056305.023 -1.819031e-14 0 0 -87.82841 
1786056305.075 -1.819031e-14 0 0 -87.82841 
1786056305.137 -1.819031e-14 0 0 -87.82841 
1786056305.187 -1.819031e-14 0 0 -87.82841 
1786056305.239 -1.819031e-14 0 0 -87.82841 
1786056305.298 -1.819031e-14 0 0 -87.82841 
1786056305.360 -1.819031e-14 0 0 -87.82841 
1786056305.409 -1.819031e-14 0 0 -87.82841 
1786056305.461 -1.819031e-14 0 0 -87.82841 
1786056305.518 -1.819031e-14 0 0 -87.82841 
1786056305.568 -1.819031e-14 0 0 -87.82841 
1786056305.625 -1.819031e-14 0 0 -87.82841 
1786056305.682 -1.819031e-14 0 0 -87.82841 
1786056305.743 -1.819031e-14 0 0 -87.82841 
1786056305.795 -1.819031e-14 0 0 -87.82841 
1786056305.853 -1.819031e-14 0 0 -87.82841 
1786056305.918 -1.819031e-14 0 0 -87.82841 
1786056305.967 -1.819031e-14 0 0 -87.82841 
1786056306.020 -1.819031e-14 0 0 -87.82841 
1786056306.089 -1.819031e-14 0 0 -87.82841 
1786056306.161 -1.819031e-14 0 0 -87.82841 
1786056306.229 -1.819031e-14 0 0 -87.82841 
1786056306.278 -1.819031e-14 0 0 -87.82841 
1786056306.337 -1.819031e-14 0 0 -87.82841 
1786056306.405 -1.819031e-14 0 0 -87.82841 
1786056306.467 -1.819031e-14 0 0 -87.82841 
1786056306.517 -1.819031e-14 0 0 -87.82841 
1786056306.571 -1.819031e-14 0 0 -87.82841 
1786056306.622 -1.819031e-14 0 0 -87.82841 
1786056306.670 -1.819031e-14 0 0 -87.82841 
1786056306.730 -1.819031e-14 0 0 -87.82841 
1786056306.784 -1.819031e-14 0 0 -87.82841 
1786056306.834 -1.819031e-14 0 0 -87.82841 
1786056306.884 -1.819031e-14 0 0 -87.82841 
1786056306.937 -1.819031e-14 0 0 -87.82841 
1786056306.984 -1.819031e-14 0 0 -87.82841 
1786056307.041 -1.819031e-14 0 0 -87.82841 
1786056307.097 -1.819031e-14 0 0 -87.82841 
1786056307.146 -1.819031e-14 0 0 -87.82841 
1786056307.197 -1.819031e-14 0 0 -87.82841 
1786056307.247 -1.819031e-14 0 0 -87.82841 
1786056307.301 -1.819031e-14 0 0 -87.82841 
1786056307.369 -1.819031e-14 0 0 -87.82841 
1786056307.432 -1.819031e-14 0 0 -87.82841 
1786056307.485 -1.819031e-14 0 0 -87.82841 
1786056307.543 -1.819031e-14 0 0 -87.82841 
1786056307.607 -1.819031e-14 0 0 -87.82841 
1786056307.668 -1.819031e-14 0 0 -87.82841 
1786056307.729 -1.819031e-14 0 0 -87.82841 
1786056307.782 -1.819031e-14 0 0 -87.82841 
1786056307.839 -1.819031e-14 0 0 -87.82841 
1786056307.890 -1.819031e-14 0 0 -87.82841 
1786056307.941 -1.819031e-14 0 0 -87.82841 
1786056308.006 -1.819031e-14 0 0 -87.82841 
1786056308.060 -1.819031e-14 0 0 -87.82841 
1786056308.109 -1.819031e-14 0 0 -87.82841 
1786056308.170 -1.819031e-14 0 0 -87.82841 
1786056308.220 -1.819031e-14 0 0 -87.82841 
1786056308.271 -1.819031e-14 0 0 -87.82841 
1786056308.337 -1.819031e-14 0 0 -87.82841 
1786056308.403 -1.819031e-14 0 0 -87.82841 
1786056308.458 -1.819031e-14 0 0 -87.82841 
1786056308.518 -1.819031e-14 0 0 -87.82841 
1786056308.568 -1.819031e-14 0 0 -87.82841 
1786056308.624 -1.819031e-14 0 0 -87.82841 
1786056308.675 -1.819031e-14 0 0 -87.82841 
1786056308.730 -1.819031e-14 0 0 -87.82841 
1786056308.785 -1.819031e-14 0 0 -87.82841 
1786056308.834 -1.819031e-14 0 0 -87.82841 
1786056308.889 -1.819031e-14 0 0 -87.82841 
1786056308.962 -1.819031e-14 0 0 -87.82841 
1786056309.018 -1.819031e-14 0 0 -87.82841 
1786056309.072 -1.819031e-14 0 0 -87.82841 
1786056309.133 -1.819031e-14 0 0 -87.82841 
1786056309.188 -1.819031e-14 0 0 -87.82841 
1786056309.239 -1.819031e-14 0 0 -87.82841 
1786056309.299 -1.819031e-14 0 0 -87.82841 
1786056309.371 -1.819031e-14 0 0 -87.82841 
1786056309.437 -1.819031e-14 0 0 -87.82841 
1786056309.488 -1.819031e-14 0 0 -87.82841 
1786056309.538 -1.819031e-14 0 0 -87.82841 
1786056309.591 -1.819031e-14 0 0 -87.82841 
1786056309.638 -1.819031e-14 0 0 -87.82841 
1786056309.690 -1.819031e-14 0 0 -87.82841 
1786056309.755 -1.819031e-14 0 0 -87.82841 
1786056309.805 -1.819031e-14 0 0 -87.82841 
1786056309.858 -1.819031e-14 0 0 -87.82841 
1786056309.915 -1.819031e-14 0 0 -87.82841 
1786056309.974 -1.819031e-14 0 0 -87.82841 
1786056310.025 -1.819031e-14 0 0 -87.82841 
1786056310.079 -1.819031e-14 0 0 -87.82841 
1786056310.128 -1.819031e-14 0 0 -87.82841 
1786056310.177 -1.819031e-14 0 0 -87.82841 
1786056310.239 -1.819031e-14 0 0 -87.82841 
1786056310.320 -1.819031e-14 0 0 -87.82841 
1786056310.401 -1.819031e-14 0 0 -87.82841 
1786056310.481 -1.819031e-14 0 0 -87.82841 
1786056310.564 -1.819031e-14 0 0 -87.82841 
1786056310.633 -1.819031e-14 0 0 -87.82841 
1786056310.690 -1.819031e-14 0 0 -87.82841 
1786056310.745 -1.819031e-14 0 0 -87.82841 
1786056310.795 -1.819031e-14 0 0 -87.82841 
1786056310.851 -1.819031e-14 0 0 -87.82841 
1786056310.905 -1.819031e-14 0 0 -87.82841 
1786056310.962 -1.819031e-14 0 0 -87.82841 
1786056311.016 -1.819031e-14 0 0 -87.82841 
1786056311.069 -1.819031e-14 0 0 -87.82841 
1786056311.119 -1.819031e-14 0 0 -87.82841 
1786056311.169 -1.819031e-14 0 0 -87.82841 
1786056311.224 -1.819031e-14 0 0 -87.82841 
1786056311.283 -1.819031e-14 0 0 -87.82841 
1786056311.336 -1.819031e-14 0 0 -87.82841 
1786056311.391 -1.819031e-14 0 0 -87.82841 
1786056311.446 -1.819031e-14 0 0 -87.82841 
1786056311.509 -1.819031e-14 0 0 -87.82841 
1786056311.559 -1.819031e-14 0 0 -87.82841 
1786056311.616 -1.819031e-14 0 0 -87.82841 
1786056311.670 -1.819031e-14 0 0 -87.82841 
1786056311.718 -1.819031e-14 0 0 -87.82841 
1786056311.772 -1.819031e-14 0 0 -87.82841 
1786056311.821 -1.819031e-14 0 0 -87.82841 
1786056311.873 -1.819031e-14 0 0 -87.82841 
1786056311.924 -1.819031e-14 0 0 -87.82841 
1786056311.974 -1.819031e-14 0 0 -87.82841 
1786056312.021 -1.819031e-14 0 0 -87.82841 
1786056312.083 -1.819031e-14 0 0 -87.82841 
1786056312.139 -1.819031e-14 0 0 -87.82841 
1786056312.191 -1.819031e-14 0 0 -87.82841 
1786056312.241 -1.819031e-14 0 0 -87.82841 
1786056312.313 -1.819031e-14 0 0 -87.82841 
1786056312.373 -1.819031e-14 0 0 -87.82841 
1786056312.430 -1.819031e-14 0 0 -87.82841 
1786056312.482 -1.819031e-14 0 0 -87.82841 
1786056312.539 -1.819031e-14 0 0 -87.82841 
1786056312.588 -1.819031e-14 0 0 -87.82841 
1786056312.646 -1.819031e-14 0 0 -87.82841 
1786056312.700 -1.819031e-14 0 0 -87.82841 
1786056312.748 -1.819031e-14 0 0 -87.82841 
1786056312.809 -1.819031e-14 0 0 -87.82841 
1786056312.868 -1.819031e-14 0 0 -87.82841 
1786056312.916 -1.819031e-14 0 0 -87.82841 
1786056312.969 -1.819031e-14 0 0 -87.82841 
1786056313.023 -1.819031e-14 0 0 -87.82841 
1786056313.079 -1.819031e-14 0 0 -87.82841 
1786056313.134 -1.819031e-14 0 0 -87.82841 
1786056313.191 -1.819031e-14 0 0 -87.82841 
1786056313.246 -1.819031e-14 0 0 -87.82841 
1786056313.302 -1.819031e-14 0 0 -87.82841 
1786056313.380 -1.819031e-14 0 0 -87.82841 
1786056313.445 -1.819031e-14 0 0 -87.82841 
1786056313.501 -1.819031e-14 0 0 -87.82841 
1786056313.557 -1.819031e-14 0 0 -87.82841 
1786056313.613 -1.819031e-14 0 0 -87.82841 
1786056313.668 -1.819031e-14 0 0 -87.82841 
1786056313.718 -1.819031e-14 0 0 -87.82841 
1786056313.792 -1.819031e-14 0 0 -87.82841 
1786056313.861 -1.819031e-14 0 0 -87.82841 
1786056313.921 -1.819031e-14 0 0 -87.82841 
1786056313.973 -1.819031e-14 0 0 -87.82841 
1786056314.024 -1.819031e-14 0 0 -87.82841 
1786056314.086 -1.819031e-14 0 0 -87.82841 
1786056314.148 -1.819031e-14 0 0 -87.82841 
1786056314.198 -1.819031e-14 0 0 -87.82841 
1786056314.259 -1.819031e-14 0 0 -87.82841 
1786056314.325 -1.819031e-14 0 0 -87.82841 
1786056314.407 -1.819031e-14 0 0 -87.82841 
1786056314.472 -1.819031e-14 0 0 -87.82841 
1786056314.522 -1.819031e-14 0 0 -87.82841 
1786056314.572 -1.819031e-14 0 0 -87.82841 
1786056314.623 -1.819031e-14 0 0 -87.82841 
1786056314.674 -1.819031e-14 0 0 -87.82841 
1786056314.731 -1.819031e-14 0 0 -87.82841 
1786056314.793 -1.819031e-14 0 0 -87.82841 
1786056314.846 -1.819031e-14 0 0 -87.82841 
1786056314.898 -1.819031e-14 0 0 -87.82841 
1786056314.947 -1.819031e-14 0 0 -87.82841 
1786056314.999 -1.819031e-14 0 0 -87.82841 
1786056315.059 -1.819031e-14 0 0 -87.82841 
1786056315.126 -1.819031e-14 0 0 -87.82841 
1786056315.181 -1.819031e-14 0 0 -87.82841 
1786056315.253 -1.819031e-14 0 0 -87.82841 
1786056315.309 -1.819031e-14 0 0 -87.82841 
1786056315.388 -1.819031e-14 0 0 -87.82841 
1786056315.452 -1.819031e-14 0 0 -87.82841 
1786056315.512 -1.819031e-14 0 0 -87.82841 
1786056315.565 -1.819031e-14 0 0 -87.82841 
1786056315.621 -1.819031e-14 0 0 -87.82841 
1786056315.699 -1.819031e-14 0 0 -87.82841 
1786056315.776 -1.819031e-14 0 0 -87.82841 
1786056315.830 -1.819031e-14 0 0 -87.82841 
1786056315.877 -1.819031e-14 0 0 -87.82841 
1786056315.930 -1.819031e-14 0 0 -87.82841 
1786056315.989 -1.819031e-14 0 0 -87.82841 
1786056316.037 -1.819031e-14 0 0 -87.82841 
1786056316.092 -1.819031e-14 0 0 -87.82841 
1786056316.143 -1.819031e-14 0 0 -87.82841 
1786056316.194 -1.819031e-14 0 0 -87.82841 
1786056316.260 -1.819031e-14 0 0 -87.82841 
1786056316.328 -1.819031e-14 0 0 -87.82841 
1786056316.397 -1.819031e-14 0 0 -87.82841 
1786056316.461 -1.819031e-14 0 0 -87.82841 
1786056316.513 -1.819031e-14 0 0 -87.82841 
1786056316.574 -1.819031e-14 0 0 -87.82841 
1786056316.630 -1.819031e-14 0 0 -87.82841 
1786056316.708 -1.819031e-14 0 0 -87.82841 
1786056316.761 -1.819031e-14 0 0 -87.82841 
1786056316.820 -1.819031e-14 0 0 -87.82841 
1786056316.872 -1.819031e-14 0 0 -87.82841 
1786056316.935 -1.819031e-14 0 0 -87.82841 
1786056316.989 -1.819031e-14 0 0 -87.82841 
1786056317.047 -1.819031e-14 0 0 -87.82841 
1786056317.101 -1.819031e-14 0 0 -87.82841 
1786056317.157 -1.819031e-14 0 0 -87.82841 
1786056317.219 -1.819031e-14 0 0 -87.82841 
1786056317.279 -1.819031e-14 0 0 -87.82841 
1786056317.347 -1.819031e-14 0 0 -87.82841 
1786056317.401 -1.819031e-14 0 0 -87.82841 
1786056317.452 -1.819031e-14 0 0 -87.82841 
1786056317.510 -1.819031e-14 0 0 -87.82841 
1786056317.570 -1.819031e-14 0 0 -87.82841 
1786056317.635 -1.819031e-14 0 0 -87.82841 
1786056317.703 -1.819031e-14 0 0 -87.82841 
1786056317.766 -1.819031e-14 0 0 -87.82841 
1786056317.837 -1.819031e-14 0 0 -87.82841 
1786056317.894 -1.819031e-14 0 0 -87.82841 
1786056317.954 -1.819031e-14 0 0 -87.82841 
1786056318.021 -1.819031e-14 0 0 -87.82841 
1786056318.074 -1.819031e-14 0 0 -87.82841 
1786056318.125 -1.819031e-14 0 0 -87.82841 
1786056318.174 -1.819031e-14 0 0 -87.82841 
1786056318.240 -1.819031e-14 0 0 -87.82841 
1786056318.297 -1.819031e-14 0 0 -87.82841 
1786056318.354 -1.819031e-14 0 0 -87.82841 
1786056318.418 -1.819031e-14 0 0 -87.82841 
1786056318.479 -1.819031e-14 0 0 -87.82841 
1786056318.527 -1.819031e-14 0 0 -87.82841 
1786056318.577 -1.819031e-14 0 0 -87.82841 
1786056318.630 -1.819031e-14 0 0 -87.82841 
1786056318.680 -1.819031e-14 0 0 -87.82841 
1786056318.734 -1.819031e-14 0 0 -87.82841 
1786056318.786 -1.819031e-14 0 0 -87.82841 
1786056318.836 -1.819031e-14 0 0 -87.82841 
1786056318.893 -1.819031e-14 0 0 -87.82841 
1786056318.947 -1.819031e-14 0 0 -87.82841 
1786056318.997 -1.819031e-14 0 0 -87.82841 
1786056319.049 -1.819031e-14 0 0 -87.82841 
1786056319.109 -1.819031e-14 0 0 -87.82841 
1786056319.176 -1.819031e-14 0 0 -87.82841 
1786056319.232 -1.819031e-14 0 0 -87.82841 
1786056319.294 -1.819031e-14 0 0 -87.82841 
1786056319.363 -1.819031e-14 0 0 -87.82841 
1786056319.423 -1.819031e-14 0 0 -87.82841 
1786056319.472 -1.819031e-14 0 0 -87.82841 
1786056319.525 -1.819031e-14 0 0 -87.82841 
1786056319.577 -1.819031e-14 0 0 -87.82841 
1786056319.628 -1.819031e-14 0 0 -87.82841 
1786056319.685 -1.819031e-14 0 0 -87.82841 
1786056319.745 -1.819031e-14 0 0 -87.82841 
1786056319.795 -1.819031e-14 0 0 -87.82841 
1786056319.849 -1.819031e-14 0 0 -87.82841 
1786056319.911 -1.819031e-14 0 0 -87.82841 
1786056319.959 -1.819031e-14 0 0 -87.82841 
1786056320.013 -1.819031e-14 0 0 -87.82841 
1786056320.066 -1.819031e-14 0 0 -87.82841 
1786056320.124 -1.819031e-14 0 0 -87.82841 
1786056320.189 -1.819031e-14 0 0 -87.82841 
1786056320.249 -1.819031e-14 0 0 -87.82841 
1786056320.301 -1.819031e-14 0 0 -87.82841 
1786056320.351 -1.819031e-14 0 0 -87.82841 
1786056320.417 -1.819031e-14 0 0 -87.82841 
1786056320.480 -1.819031e-14 0 0 -87.82841 
1786056320.549 -1.819031e-14 0 0 -87.82841 
1786056320.615 -1.819031e-14 0 0 -87.82841 
1786056320.665 -1.819031e-14 0 0 -87.82841 
1786056320.727 -1.819031e-14 0 0 -87.82841 
1786056320.779 -1.819031e-14 0 0 -87.82841 
1786056320.832 -1.819031e-14 0 0 -87.82841 
1786056320.884 -1.819031e-14 0 0 -87.82841 
1786056320.940 -1.819031e-14 0 0 -87.82841 
1786056320.988 -1.819031e-14 0 0 -87.82841 
1786056321.041 -1.819031e-14 0 0 -87.82841 
1786056321.094 -1.819031e-14 0 0 -87.82841 
1786056321.146 -1.819031e-14 0 0 -87.82841 
1786056321.196 -1.819031e-14 0 0 -87.82841 
1786056321.251 -1.819031e-14 0 0 -87.82841 
1786056321.301 -1.819031e-14 0 0 -87.82841 
1786056321.364 -1.819031e-14 0 0 -87.82841 
1786056321.430 -1.819031e-14 0 0 -87.82841 
1786056321.485 -1.819031e-14 0 0 -87.82841 
1786056321.536 -1.819031e-14 0 0 -87.82841 
1786056321.599 -1.819031e-14 0 0 -87.82841 
1786056321.653 -1.819031e-14 0 0 -87.82841 
1786056321.705 -1.819031e-14 0 0 -87.82841 
1786056321.760 -1.819031e-14 0 0 -87.82841 
1786056321.811 -1.819031e-14 0 0 -87.82841 
1786056321.860 -1.819031e-14 0 0 -87.82841 
1786056321.915 -1.819031e-14 0 0 -87.82841 
1786056321.966 -1.819031e-14 0 0 -87.82841 
1786056322.015 -1.819031e-14 0 0 -87.82841 
1786056322.067 -1.819031e-14 0 0 -87.82841 
1786056322.117 -1.819031e-14 0 0 -87.82841 
1786056322.176 -1.819031e-14 0 0 -87.82841 
1786056322.227 -1.819031e-14 0 0 -87.82841 
1786056322.280 -1.819031e-14 0 0 -87.82841 
1786056322.330 -1.819031e-14 0 0 -87.82841 
1786056322.390 -1.819031e-14 0 0 -87.82841 
1786056322.444 -1.819031e-14 0 0 -87.82841 
1786056322.513 -1.819031e-14 0 0 -87.82841 
1786056322.568 -1.819031e-14 0 0 -87.82841 
1786056322.620 -1.819031e-14 0 0 -87.82841 
1786056322.671 -1.819031e-14 0 0 -87.82841 
1786056322.730 -1.819031e-14 0 0 -87.82841 
1786056322.782 -1.819031e-14 0 0 -87.82841 
1786056322.833 -1.819031e-14 0 0 -87.82841 
1786056322.884 -1.819031e-14 0 0 -87.82841 
1786056322.945 -1.819031e-14 0 0 -87.82841 
1786056322.992 -1.819031e-14 0 0 -87.82841 
1786056323.044 -1.819031e-14 0 0 -87.82841 
1786056323.097 -1.819031e-14 0 0 -87.82841 
1786056323.149 -1.819031e-14 0 0 -87.82841 
1786056323.201 -1.819031e-14 0 0 -87.82841 
1786056323.250 -1.819031e-14 0 0 -87.82841 
1786056323.303 -1.819031e-14 0 0 -87.82841 
1786056323.357 -1.819031e-14 0 0 -87.82841 
1786056323.410 -1.819031e-14 0 0 -87.82841 
1786056323.474 -1.819031e-14 0 0 -87.82841 
1786056323.547 -1.819031e-14 0 0 -87.82841 
1786056323.603 -1.819031e-14 0 0 -87.82841 
1786056323.659 -1.819031e-14 0 0 -87.82841 
1786056323.711 -1.819031e-14 0 0 -87.82841 
1786056323.765 -1.819031e-14 0 0 -87.82841 
1786056323.825 -1.819031e-14 0 0 -87.82841 
1786056323.878 -1.819031e-14 0 0 -87.82841 
1786056323.930 -1.819031e-14 0 0 -87.82841 
1786056323.985 -1.819031e-14 0 0 -87.82841 
1786056324.035 -1.819031e-14 0 0 -87.82841 
1786056324.088 -1.819031e-14 0 0 -87.82841 
1786056324.138 -1.819031e-14 0 0 -87.82841 
1786056324.191 -1.819031e-14 0 0 -87.82841 
1786056324.242 -1.819031e-14 0 0 -87.82841 
1786056324.299 -1.819031e-14 0 0 -87.82841 
1786056324.347 -1.819031e-14 0 0 -87.82841 
1786056324.425 -1.819031e-14 0 0 -87.82841 
1786056324.498 -1.819031e-14 0 0 -87.82841 
1786056324.554 -1.819031e-14 0 0 -87.82841 
1786056324.607 -1.819031e-14 0 0 -87.82841 
1786056324.659 -1.819031e-14 0 0 -87.82841 
1786056324.714 -1.819031e-14 0 0 -87.82841 
1786056324.763 -1.819031e-14 0 0 -87.82841 
1786056324.813 -1.819031e-14 0 0 -87.82841 
1786056324.863 -1.819031e-14 0 0 -87.82841 
1786056324.911 -1.819031e-14 0 0 -87.82841 
1786056324.962 -1.819031e-14 0 0 -87.82841 
1786056325.012 -1.819031e-14 0 0 -87.82841 
1786056325.068 -1.819031e-14 0 0 -87.82841 
1786056325.119 -1.819031e-14 0 0 -87.82841 
1786056325.171 -1.819031e-14 0 0 -87.82841 
1786056325.223 -1.819031e-14 0 0 -87.82841 
1786056325.284 -1.819031e-14 0 0 -87.82841 
1786056325.348 -1.819031e-14 0 0 -87.82841 
1786056325.403 -1.819031e-14 0 0 -87.82841 
1786056325.464 -1.819031e-14 0 0 -87.82841 
1786056325.515 -1.819031e-14 0 0 -87.82841 
1786056325.565 -1.819031e-14 0 0 -87.82841 
1786056325.614 -1.819031e-14 0 0 -87.82841 
1786056325.665 -1.819031e-14 0 0 -87.82841 
1786056325.715 -1.819031e-14 0 0 -87.82841 
1786056325.766 -1.819031e-14 0 0 -87.82841 
1786056325.816 -1.819031e-14 0 0 -87.82841 
1786056325.865 -1.819031e-14 0 0 -87.82841 
1786056325.917 -1.819031e-14 0 0 -87.82841 
1786056325.967 -1.819031e-14 0 0 -87.82841 
1786056326.015 -1.819031e-14 0 0 -87.82841 
1786056326.066 -1.819031e-14 0 0 -87.82841 
1786056326.117 -1.819031e-14 0 0 -87.82841 
1786056326.171 -1.819031e-14 0 0 -87.82841 
1786056326.221 -1.819031e-14 0 0 -87.82841 
1786056326.268 -1.819031e-14 0 0 -87.82841 
1786056326.329 -1.819031e-14 0 0 -87.82841 
1786056326.391 -1.819031e-14 0 0 -87.82841 
1786056326.446 -1.819031e-14 0 0 -87.82841 
1786056326.501 -1.819031e-14 0 0 -87.82841 
1786056326.558 -1.819031e-14 0 0 -87.82841 
1786056326.607 -1.819031e-14 0 0 -87.82841 
1786056326.657 -1.819031e-14 0 0 -87.82841 
1786056326.707 -1.819031e-14 0 0 -87.82841 
1786056326.755 -1.819031e-14 0 0 -87.82841 
1786056326.806 -1.819031e-14 0 0 -87.82841 
1786056326.860 -1.819031e-14 0 0 -87.82841 
1786056326.914 -1.819031e-14 0 0 -87.82841 
1786056326.973 -1.819031e-14 0 0 -87.82841 
1786056327.042 -1.819031e-14 0 0 -87.82841 
1786056327.109 -1.819031e-14 0 0 -87.82841 
1786056327.170 -1.819031e-14 0 0 -87.82841 
1786056327.227 -1.819031e-14 0 0 -87.82841 
1786056327.290 -1.819031e-14 0 0 -87.82841 
1786056327.350 -1.819031e-14 0 0 -87.82841 
1786056327.415 -1.819031e-14 0 0 -87.82841 
1786056327.478 -1.819031e-14 0 0 -87.82841 
1786056327.534 -1.819031e-14 0 0 -87.82841 
1786056327.587 -1.819031e-14 0 0 -87.82841 
1786056327.638 -1.819031e-14 0 0 -87.82841 
1786056327.690 -1.819031e-14 0 0 -87.82841 
1786056327.749 -1.819031e-14 0 0 -87.82841 
1786056327.802 -1.819031e-14 0 0 -87.82841 
1786056327.868 -1.819031e-14 0 0 -87.82841 
1786056327.932 -1.819031e-14 0 0 -87.82841 
1786056327.987 -1.819031e-14 0 0 -87.82841 
1786056328.034 -1.819031e-14 0 0 -87.82841 
1786056328.098 -1.819031e-14 0 0 -87.82841 
1786056328.151 -1.819031e-14 0 0 -87.82841 
1786056328.202 -1.819031e-14 0 0 -87.82841 
1786056328.254 -1.819031e-14 0 0 -87.82841 
1786056328.325 -1.819031e-14 0 0 -87.82841 
1786056328.381 -1.819031e-14 0 0 -87.82841 
1786056328.434 -1.819031e-14 0 0 -87.82841 
1786056328.490 -1.819031e-14 0 0 -87.82841 
1786056328.556 -1.819031e-14 0 0 -87.82841 
1786056328.607 -1.819031e-14 0 0 -87.82841 
1786056328.663 -1.819031e-14 0 0 -87.82841 
1786056328.721 -1.819031e-14 0 0 -87.82841 
1786056328.777 -1.819031e-14 0 0 -87.82841 
1786056328.828 -1.819031e-14 0 0 -87.82841 
1786056328.885 -1.819031e-14 0 0 -87.82841 
1786056328.936 -1.819031e-14 0 0 -87.82841 
1786056328.990 -1.819031e-14 0 0 -87.82841 
1786056329.052 -1.819031e-14 0 0 -87.82841 
1786056329.119 -1.819031e-14 0 0 -87.82841 
1786056329.173 -1.819031e-14 0 0 -87.82841 
1786056329.239 -1.819031e-14 0 0 -87.82841 
1786056329.291 -1.819031e-14 0 0 -87.82841 
1786056329.352 -1.819031e-14 0 0 -87.82841 
1786056329.404 -1.819031e-14 0 0 -87.82841 
1786056329.460 -1.819031e-14 0 0 -87.82841 
1786056329.510 -1.819031e-14 0 0 -87.82841 
1786056329.561 -1.819031e-14 0 0 -87.82841 
1786056329.612 -1.819031e-14 0 0 -87.82841 
1786056329.671 -1.819031e-14 0 0 -87.82841 
1786056329.727 -1.819031e-14 0 0 -87.82841 
1786056329.789 -1.819031e-14 0 0 -87.82841 
1786056329.849 -1.819031e-14 0 0 -87.82841 
1786056329.919 -1.819031e-14 0 0 -87.82841 
1786056329.980 -1.819031e-14 0 0 -87.82841 
1786056330.031 -1.819031e-14 0 0 -87.82841 
1786056330.086 -1.819031e-14 0 0 -87.82841 
1786056330.157 -1.819031e-14 0 0 -87.82841 
1786056330.229 -1.819031e-14 0 0 -87.82841 
1786056330.306 -1.819031e-14 0 0 -87.82841 
1786056330.360 -1.819031e-14 0 0 -87.82841 
1786056330.432 -1.819031e-14 0 0 -87.82841 
1786056330.499 -1.819031e-14 0 0 -87.82841 
1786056330.561 -1.819031e-14 0 0 -87.82841 
1786056330.620 -1.819031e-14 0 0 -87.82841 
1786056330.686 -1.819031e-14 0 0 -87.82841 
1786056330.766 -1.819031e-14 0 0 -87.82841 
1786056330.834 -1.819031e-14 0 0 -87.82841 
1786056330.922 -1.819031e-14 0 0 -87.82841 
1786056330.977 -1.819031e-14 0 0 -87.82841 
1786056331.028 -1.819031e-14 0 0 -87.82841 
1786056331.079 -1.819031e-14 0 0 -87.82841 
1786056331.138 -1.819031e-14 0 0 -87.82841 
1786056331.217 -1.819031e-14 0 0 -87.82841 
1786056331.283 -1.819031e-14 0 0 -87.82841 
1786056331.341 -1.819031e-14 0 0 -87.82841 
1786056331.397 -1.819031e-14 0 0 -87.82841 
1786056331.457 -1.819031e-14 0 0 -87.82841 
1786056331.520 -1.819031e-14 0 0 -87.82841 
1786056331.574 -1.819031e-14 0 0 -87.82841 
1786056331.625 -1.819031e-14 0 0 -87.82841 
1786056331.682 -1.819031e-14 0 0 -87.82841 
1786056331.732 -1.819031e-14 0 0 -87.82841 
1786056331.782 -1.819031e-14 0 0 -87.82841 
1786056331.836 -1.819031e-14 0 0 -87.82841 
1786056331.885 -1.819031e-14 0 0 -87.82841 
1786056331.933 -1.819031e-14 0 0 -87.82841 
1786056331.984 -1.819031e-14 0 0 -87.82841 
1786056332.031 -1.819031e-14 0 0 -87.82841 
1786056332.081 -1.819031e-14 0 0 -87.82841 
1786056332.139 -1.819031e-14 0 0 -87.82841 
1786056332.192 -1.819031e-14 0 0 -87.82841 
1786056332.249 -1.819031e-14 0 0 -87.82841 
1786056332.312 -1.819031e-14 0 0 -87.82841 
1786056332.383 -1.819031e-14 0 0 -87.82841 
1786056332.439 -1.819031e-14 0 0 -87.82841 
1786056332.500 -1.819031e-14 0 0 -87.82841 
1786056332.567 -1.819031e-14 0 0 -87.82841 
1786056332.627 -1.819031e-14 0 0 -87.82841 
1786056332.679 -1.819031e-14 0 0 -87.82841 
1786056332.735 -1.819031e-14 0 0 -87.82841 
1786056332.787 -1.819031e-14 0 0 -87.82841 
1786056332.840 -1.819031e-14 0 0 -87.82841 
1786056332.896 -1.819031e-14 0 0 -87.82841 
1786056332.950 -1.819031e-14 0 0 -87.82841 
1786056333.003 -1.819031e-14 0 0 -87.82841 
1786056333.060 -1.819031e-14 0 0 -87.82841 
1786056333.139 -1.819031e-14 0 0 -87.82841 
1786056333.211 -1.819031e-14 0 0 -87.82841 
1786056333.278 -1.819031e-14 0 0 -87.82841 
1786056333.353 -1.819031e-14 0 0 -87.82841 
1786056333.416 -1.819031e-14 0 0 -87.82841 
1786056333.473 -1.819031e-14 0 0 -87.82841 
1786056333.537 -1.819031e-14 0 0 -87.82841 
1786056333.601 -1.819031e-14 0 0 -87.82841 
1786056333.663 -1.819031e-14 0 0 -87.82841 
1786056333.717 -1.819031e-14 0 0 -87.82841 
1786056333.770 -1.819031e-14 0 0 -87.82841 
1786056333.823 -1.819031e-14 0 0 -87.82841 
1786056333.870 -1.819031e-14 0 0 -87.82841 
1786056333.922 -1.819031e-14 0 0 -87.82841 
1786056333.974 -1.819031e-14 0 0 -87.82841 
1786056334.024 -1.819031e-14 0 0 -87.82841 
1786056334.087 -1.819031e-14 0 0 -87.82841 
1786056334.144 -1.819031e-14 0 0 -87.82841 
1786056334.194 -1.819031e-14 0 0 -87.82841 
1786056334.245 -1.819031e-14 0 0 -87.82841 
1786056334.297 -1.819031e-14 0 0 -87.82841 
1786056334.346 -1.819031e-14 0 0 -87.82841 
1786056334.404 -1.819031e-14 0 0 -87.82841 
1786056334.464 -1.819031e-14 0 0 -87.82841 
1786056334.530 -1.819031e-14 0 0 -87.82841 
1786056334.588 -1.819031e-14 0 0 -87.82841 
1786056334.641 -1.819031e-14 0 0 -87.82841 
1786056334.701 -1.819031e-14 0 0 -87.82841 
1786056334.763 -1.819031e-14 0 0 -87.82841 
1786056334.817 -1.819031e-14 0 0 -87.82841 
1786056334.870 -1.819031e-14 0 0 -87.82841 
1786056334.933 -1.819031e-14 0 0 -87.82841 
1786056334.984 -1.819031e-14 0 0 -87.82841 
1786056335.044 -1.819031e-14 0 0 -87.82841 
1786056335.102 -1.819031e-14 0 0 -87.82841 
1786056335.157 -1.819031e-14 0 0 -87.82841 
1786056335.210 -1.819031e-14 0 0 -87.82841 
1786056335.268 -1.819031e-14 0 0 -87.82841 
1786056335.320 -1.819031e-14 0 0 -87.82841 
1786056335.375 -1.819031e-14 0 0 -87.82841 
1786056335.431 -1.819031e-14 0 0 -87.82841 
1786056335.502 -1.819031e-14 0 0 -87.82841 
1786056335.556 -1.819031e-14 0 0 -87.82841 
1786056335.608 -1.819031e-14 0 0 -87.82841 
1786056335.664 -1.819031e-14 0 0 -87.82841 
1786056335.717 -1.819031e-14 0 0 -87.82841 
1786056335.771 -1.819031e-14 0 0 -87.82841 
1786056335.828 -1.819031e-14 0 0 -87.82841 
1786056335.875 -1.819031e-14 0 0 -87.82841 
1786056335.928 -1.819031e-14 0 0 -87.82841 
1786056335.980 -1.819031e-14 0 0 -87.82841 
1786056336.033 -1.819031e-14 0 0 -87.82841 
1786056336.084 -1.819031e-14 0 0 -87.82841 
1786056336.136 -1.819031e-14 0 0 -87.82841 
1786056336.185 -1.819031e-14 0 0 -87.82841 
1786056336.239 -1.819031e-14 0 0 -87.82841 
1786056336.290 -1.819031e-14 0 0 -87.82841 
1786056336.338 -1.819031e-14 0 0 -87.82841 
1786056336.391 -1.819031e-14 0 0 -87.82841 
1786056336.440 -1.819031e-14 0 0 -87.82841 
1786056336.498 -1.819031e-14 0 0 -87.82841 
1786056336.560 -1.819031e-14 0 0 -87.82841 
1786056336.612 -1.819031e-14 0 0 -87.82841 
1786056336.660 -1.819031e-14 0 0 -87.82841 
1786056336.724 -1.819031e-14 0 0 -87.82841 
1786056336.779 -1.819031e-14 0 0 -87.82841 
1786056336.833 -1.819031e-14 0 0 -87.82841 
1786056336.888 -1.819031e-14 0 0 -87.82841 
1786056336.946 -1.819031e-14 0 0 -87.82841 
1786056337.003 -1.819031e-14 0 0 -87.82841 
1786056337.058 -1.819031e-14 0 0 -87.82841 
1786056337.110 -1.819031e-14 0 0 -87.82841 
1786056337.160 -1.819031e-14 0 0 -87.82841 
1786056337.230 -1.819031e-14 0 0 -87.82841 
1786056337.302 -1.819031e-14 0 0 -87.82841 
1786056337.354 -1.819031e-14 0 0 -87.82841 
1786056337.403 -1.819031e-14 0 0 -87.82841 
1786056337.467 -1.819031e-14 0 0 -87.82841 
1786056337.536 -1.819031e-14 0 0 -87.82841 
1786056337.598 -1.819031e-14 0 0 -87.82841 
1786056337.656 -1.819031e-14 0 0 -87.82841 
1786056337.708 -1.819031e-14 0 0 -87.82841 
1786056337.766 -1.819031e-14 0 0 -87.82841 
1786056337.829 -1.819031e-14 0 0 -87.82841 
1786056337.895 -1.819031e-14 0 0 -87.82841 
1786056337.968 -1.819031e-14 0 0 -87.82841 
1786056338.034 -1.819031e-14 0 0 -87.82841 
1786056338.090 -1.819031e-14 0 0 -87.82841 
1786056338.141 -1.819031e-14 0 0 -87.82841 
1786056338.200 -1.819031e-14 0 0 -87.82841 
1786056338.261 -1.819031e-14 0 0 -87.82841 
1786056338.320 -1.819031e-14 0 0 -87.82841 
1786056338.378 -1.819031e-14 0 0 -87.82841 
1786056338.439 -1.819031e-14 0 0 -87.82841 
1786056338.501 -1.819031e-14 0 0 -87.82841 
1786056338.572 -1.819031e-14 0 0 -87.82841 
1786056338.638 -1.819031e-14 0 0 -87.82841 
1786056338.694 -1.819031e-14 0 0 -87.82841 
1786056338.746 -1.819031e-14 0 0 -87.82841 
1786056338.798 -1.819031e-14 0 0 -87.82841 
1786056338.856 -1.819031e-14 0 0 -87.82841 
1786056338.925 -1.819031e-14 0 0 -87.82841 
1786056338.983 -1.819031e-14 0 0 -87.82841 
1786056339.037 -1.819031e-14 0 0 -87.82841 
1786056339.095 -1.819031e-14 0 0 -87.82841 
1786056339.152 -1.819031e-14 0 0 -87.82841 
1786056339.212 -1.819031e-14 0 0 -87.82841 
1786056339.276 -1.819031e-14 0 0 -87.82841 
1786056339.339 -1.819031e-14 0 0 -87.82841 
1786056339.412 -1.819031e-14 0 0 -87.82841 
1786056339.481 -1.819031e-14 0 0 -87.82841 
1786056339.564 -1.819031e-14 0 0 -87.82841 
1786056339.633 -1.819031e-14 0 0 -87.82841 
1786056339.704 -1.819031e-14 0 0 -87.82841 
1786056339.776 -1.819031e-14 0 0 -87.82841 
1786056339.859 -1.819031e-14 0 0 -87.82841 
1786056339.919 -1.819031e-14 0 0 -87.82841 
1786056339.981 -1.819031e-14 0 0 -87.82841 
1786056340.036 -1.819031e-14 0 0 -87.82841 
1786056340.107 -1.819031e-14 0 0 -87.82841 
1786056340.164 -1.819031e-14 0 0 -87.82841 
1786056340.224 -1.819031e-14 0 0 -87.82841 
1786056340.279 -1.819031e-14 0 0 -87.82841 
1786056340.341 -1.819031e-14 0 0 -87.82841 
1786056340.407 -1.819031e-14 0 0 -87.82841 
1786056340.485 -1.819031e-14 0 0 -87.82841 
1786056340.546 -1.819031e-14 0 0 -87.82841 
1786056340.595 -1.819031e-14 0 0 -87.82841 
1786056340.662 -1.819031e-14 0 0 -87.82841 
1786056340.719 -1.819031e-14 0 0 -87.82841 
1786056340.768 -1.819031e-14 0 0 -87.82841 
1786056340.825 -1.819031e-14 0 0 -87.82841 
1786056340.893 -1.819031e-14 0 0 -87.82841 
1786056340.952 -1.819031e-14 0 0 -87.82841 
1786056341.001 -1.819031e-14 0 0 -87.82841 
1786056341.052 -1.819031e-14 0 0 -87.82841 
1786056341.103 -1.819031e-14 0 0 -87.82841 
1786056341.151 -1.819031e-14 0 0 -87.82841 
1786056341.213 -1.819031e-14 0 0 -87.82841 
1786056341.269 -1.819031e-14 0 0 -87.82841 
1786056341.319 -1.819031e-14 0 0 -87.82841 
1786056341.369 -1.819031e-14 0 0 -87.82841 
1786056341.426 -1.819031e-14 0 0 -87.82841 
1786056341.485 -1.819031e-14 0 0 -87.82841 
1786056341.552 -1.819031e-14 0 0 -87.82841 
1786056341.610 -1.819031e-14 0 0 -87.82841 
1786056341.664 -1.819031e-14 0 0 -87.82841 
1786056341.712 -1.819031e-14 0 0 -87.82841 
1786056341.771 -1.819031e-14 0 0 -87.82841 
1786056341.822 -1.819031e-14 0 0 -87.82841 
1786056341.873 -1.819031e-14 0 0 -87.82841 
1786056341.924 -1.819031e-14 0 0 -87.82841 
1786056341.982 -1.819031e-14 0 0 -87.82841 
1786056342.032 -1.819031e-14 0 0 -87.82841 
1786056342.088 -1.819031e-14 0 0 -87.82841 
1786056342.141 -1.819031e-14 0 0 -87.82841 
1786056342.188 -1.819031e-14 0 0 -87.82841 
1786056342.240 -1.819031e-14 0 0 -87.82841 
1786056342.293 -1.819031e-14 0 0 -87.82841 
1786056342.345 -1.819031e-14 0 0 -87.82841 
1786056342.401 -1.819031e-14 0 0 -87.82841 
1786056342.453 -1.819031e-14 0 0 -87.82841 
1786056342.505 -1.819031e-14 0 0 -87.82841 
1786056342.556 -1.819031e-14 0 0 -87.82841 
1786056342.603 -1.819031e-14 0 0 -87.82841 
1786056342.655 -1.819031e-14 0 0 -87.82841 
1786056342.716 -1.819031e-14 0 0 -87.82841 
1786056342.772 -1.819031e-14 0 0 -87.82841 
1786056342.824 -1.819031e-14 0 0 -87.82841 
1786056342.874 -1.819031e-14 0 0 -87.82841 
1786056342.922 -1.819031e-14 0 0 -87.82841 
1786056342.974 -1.819031e-14 0 0 -87.82841 
1786056343.023 -1.819031e-14 0 0 -87.82841 
1786056343.082 -1.819031e-14 0 0 -87.82841 
1786056343.136 -1.819031e-14 0 0 -87.82841 
1786056343.192 -1.819031e-14 0 0 -87.82841 
1786056343.241 -1.819031e-14 0 0 -87.82841 
1786056343.292 -1.819031e-14 0 0 -87.82841 
1786056343.348 -1.819031e-14 0 0 -87.82841 
1786056343.398 -1.819031e-14 0 0 -87.82841 
1786056343.450 -1.819031e-14 0 0 -87.82841 
1786056343.508 -1.819031e-14 0 0 -87.82841 
1786056343.569 -1.819031e-14 0 0 -87.82841 
1786056343.618 -1.819031e-14 0 0 -87.82841 
1786056343.667 -1.819031e-14 0 0 -87.82841 
1786056343.731 -1.819031e-14 0 0 -87.82841 
1786056343.790 -1.819031e-14 0 0 -87.82841 
1786056343.849 -1.819031e-14 0 0 -87.82841 
1786056343.903 -1.819031e-14 0 0 -87.82841 
1786056343.955 -1.819031e-14 0 0 -87.82841 
1786056344.006 -1.819031e-14 0 0 -87.82841 
1786056344.064 -1.819031e-14 0 0 -87.82841 
1786056344.114 -1.819031e-14 0 0 -87.82841 
1786056344.167 -1.819031e-14 0 0 -87.82841 
1786056344.225 -1.819031e-14 0 0 -87.82841 
1786056344.273 -1.819031e-14 0 0 -87.82841 
1786056344.329 -1.819031e-14 0 0 -87.82841 
1786056344.378 -1.819031e-14 0 0 -87.82841 
1786056344.426 -1.819031e-14 0 0 -87.82841 
1786056344.489 -1.819031e-14 0 0 -87.82841 
1786056344.558 -1.819031e-14 0 0 -87.82841 
1786056344.617 -1.819031e-14 0 0 -87.82841 
1786056344.677 -1.819031e-14 0 0 -87.82841 
1786056344.743 -1.819031e-14 0 0 -87.82841 
1786056344.803 -1.819031e-14 0 0 -87.82841 
1786056344.856 -1.819031e-14 0 0 -87.82841 
1786056344.909 -1.819031e-14 0 0 -87.82841 
1786056344.967 -1.819031e-14 0 0 -87.82841 
1786056345.022 -1.819031e-14 0 0 -87.82841 
1786056345.070 -1.819031e-14 0 0 -87.82841 
1786056345.125 -1.819031e-14 0 0 -87.82841 
1786056345.181 -1.819031e-14 0 0 -87.82841 
1786056345.231 -1.819031e-14 0 0 -87.82841 
1786056345.281 -1.819031e-14 0 0 -87.82841 
1786056345.337 -1.819031e-14 0 0 -87.82841 
1786056345.385 -1.819031e-14 0 0 -87.82841 
1786056345.442 -1.819031e-14 0 0 -87.82841 
1786056345.515 -1.819031e-14 0 0 -87.82841 
1786056345.576 -1.819031e-14 0 0 -87.82841 
1786056345.638 -1.819031e-14 0 0 -87.82841 
1786056345.705 -1.819031e-14 0 0 -87.82841 
1786056345.764 -1.819031e-14 0 0 -87.82841 
1786056345.822 -1.819031e-14 0 0 -87.82841 
1786056345.873 -1.819031e-14 0 0 -87.82841 
1786056345.927 -1.819031e-14 0 0 -87.82841 
1786056345.983 -1.819031e-14 0 0 -87.82841 
1786056346.031 -1.819031e-14 0 0 -87.82841 
1786056346.088 -1.819031e-14 0 0 -87.82841 
1786056346.147 -1.819031e-14 0 0 -87.82841 
1786056346.199 -1.819031e-14 0 0 -87.82841 
1786056346.253 -1.819031e-14 0 0 -87.82841 
1786056346.306 -1.819031e-14 0 0 -87.82841 
1786056346.355 -1.819031e-14 0 0 -87.82841 
1786056346.405 -1.819031e-14 0 0 -87.82841 
1786056346.476 -1.819031e-14 0 0 -87.82841 
1786056346.530 -1.819031e-14 0 0 -87.82841 
1786056346.582 -1.819031e-14 0 0 -87.82841 
1786056346.646 -1.819031e-14 0 0 -87.82841 
1786056346.704 -1.819031e-14 0 0 -87.82841 
1786056346.758 -1.819031e-14 0 0 -87.82841 
1786056346.811 -1.819031e-14 0 0 -87.82841 
1786056346.861 -1.819031e-14 0 0 -87.82841 
1786056346.912 -1.819031e-14 0 0 -87.82841 
1786056346.965 -1.819031e-14 0 0 -87.82841 
1786056347.020 -1.819031e-14 0 0 -87.82841 
1786056347.069 -1.819031e-14 0 0 -87.82841 
1786056347.121 -1.819031e-14 0 0 -87.82841 
1786056347.170 -1.819031e-14 0 0 -87.82841 
1786056347.220 -1.819031e-14 0 0 -87.82841 
1786056347.271 -1.819031e-14 0 0 -87.82841 
1786056347.320 -1.819031e-14 0 0 -87.82841 
1786056347.375 -1.819031e-14 0 0 -87.82841 
1786056347.427 -1.819031e-14 0 0 -87.82841 
1786056347.484 -1.819031e-14 0 0 -87.82841 
1786056347.540 -1.819031e-14 0 0 -87.82841 
1786056347.597 -1.819031e-14 0 0 -87.82841 
1786056347.654 -1.819031e-14 0 0 -87.82841 
1786056347.706 -1.819031e-14 0 0 -87.82841 
1786056347.761 -1.819031e-14 0 0 -87.82841 
1786056347.818 -1.819031e-14 0 0 -87.82841 
1786056347.874 -1.819031e-14 0 0 -87.82841 
1786056347.929 -1.819031e-14 0 0 -87.82841 
1786056347.979 -1.819031e-14 0 0 -87.82841 
1786056348.031 -1.819031e-14 0 0 -87.82841 
1786056348.084 -1.819031e-14 0 0 -87.82841 
1786056348.140 -1.819031e-14 0 0 -87.82841 
1786056348.189 -1.819031e-14 0 0 -87.82841 
1786056348.249 -1.819031e-14 0 0 -87.82841 
1786056348.301 -1.819031e-14 0 0 -87.82841 
1786056348.350 -1.819031e-14 0 0 -87.82841 
1786056348.403 -1.819031e-14 0 0 -87.82841 
1786056348.461 -1.819031e-14 0 0 -87.82841 
1786056348.523 -1.819031e-14 0 0 -87.82841 
1786056348.589 -1.819031e-14 0 0 -87.82841 
1786056348.646 -1.819031e-14 0 0 -87.82841 
1786056348.703 -1.819031e-14 0 0 -87.82841 
1786056348.753 -1.819031e-14 0 0 -87.82841 
1786056348.806 -1.819031e-14 0 0 -87.82841 
1786056348.864 -1.819031e-14 0 0 -87.82841 
1786056348.915 -1.819031e-14 0 0 -87.82841 
1786056348.966 -1.819031e-14 0 0 -87.82841 
1786056349.019 -1.819031e-14 0 0 -87.82841 
1786056349.069 -1.819031e-14 0 0 -87.82841 
1786056349.120 -1.819031e-14 0 0 -87.82841 
1786056349.170 -1.819031e-14 0 0 -87.82841 
1786056349.217 -1.819031e-14 0 0 -87.82841 
1786056349.277 -1.819031e-14 0 0 -87.82841 
1786056349.325 -1.819031e-14 0 0 -87.82841 
1786056349.375 -1.819031e-14 0 0 -87.82841 
1786056349.425 -1.819031e-14 0 0 -87.82841 
1786056349.478 -1.819031e-14 0 0 -87.82841 
1786056349.543 -1.819031e-14 0 0 -87.82841 
1786056349.613 -1.819031e-14 0 0 -87.82841 
1786056349.683 -1.819031e-14 0 0 -87.82841 
1786056349.759 -1.819031e-14 0 0 -87.82841 
1786056349.832 -1.819031e-14 0 0 -87.82841 
1786056349.887 -1.819031e-14 0 0 -87.82841 
1786056349.938 -1.819031e-14 0 0 -87.82841 
1786056349.989 -1.819031e-14 0 0 -87.82841 
1786056350.039 -1.819031e-14 0 0 -87.82841 
1786056350.089 -1.819031e-14 0 0 -87.82841 
1786056350.139 -1.819031e-14 0 0 -87.82841 
1786056350.188 -1.819031e-14 0 0 -87.82841 
1786056350.244 -1.819031e-14 0 0 -87.82841 
1786056350.296 -1.819031e-14 0 0 -87.82841 
1786056350.343 -1.819031e-14 0 0 -87.82841 
1786056350.407 -1.819031e-14 0 0 -87.82841 
1786056350.470 -1.819031e-14 0 0 -87.82841 
1786056350.526 -1.819031e-14 0 0 -87.82841 
1786056350.584 -1.819031e-14 0 0 -87.82841 
1786056350.649 -1.819031e-14 0 0 -87.82841 
1786056350.704 -1.819031e-14 0 0 -87.82841 
1786056350.755 -1.819031e-14 0 0 -87.82841 
1786056350.806 -1.819031e-14 0 0 -87.82841 
1786056350.860 -1.819031e-14 0 0 -87.82841 
1786056350.909 -1.819031e-14 0 0 -87.82841 
1786056350.966 -1.819031e-14 0 0 -87.82841 
1786056351.019 -1.819031e-14 0 0 -87.82841 
1786056351.069 -1.819031e-14 0 0 -87.82841 
1786056351.119 -1.819031e-14 0 0 -87.82841 
1786056351.173 -1.819031e-14 0 0 -87.82841 
1786056351.222 -1.819031e-14 0 0 -87.82841 
1786056351.278 -1.819031e-14 0 0 -87.82841 
1786056351.330 -1.819031e-14 0 0 -87.82841 
1786056351.382 -1.819031e-14 0 0 -87.82841 
1786056351.445 -1.819031e-14 0 0 -87.82841 
1786056351.513 -1.819031e-14 0 0 -87.82841 
1786056351.577 -1.819031e-14 0 0 -87.82841 
1786056351.632 -1.819031e-14 0 0 -87.82841 
1786056351.690 -1.819031e-14 0 0 -87.82841 
1786056351.753 -1.819031e-14 0 0 -87.82841 
1786056351.803 -1.819031e-14 0 0 -87.82841 
1786056351.853 -1.819031e-14 0 0 -87.82841 
1786056351.904 -1.819031e-14 0 0 -87.82841 
1786056351.954 -1.819031e-14 0 0 -87.82841 
1786056352.007 -1.819031e-14 0 0 -87.82841 
1786056352.061 -1.819031e-14 0 0 -87.82841 
1786056352.109 -1.819031e-14 0 0 -87.82841 
1786056352.170 -1.819031e-14 0 0 -87.82841 
1786056352.224 -1.819031e-14 0 0 -87.82841 
1786056352.273 -1.819031e-14 0 0 -87.82841 
1786056352.324 -1.819031e-14 0 0 -87.82841 
1786056352.393 -1.819031e-14 0 0 -87.82841 
1786056352.450 -1.819031e-14 0 0 -87.82841 
1786056352.506 -1.819031e-14 0 0 -87.82841 
1786056352.564 -1.819031e-14 0 0 -87.82841 
1786056352.615 -1.819031e-14 0 0 -87.82841 
1786056352.667 -1.819031e-14 0 0 -87.82841 
1786056352.721 -1.819031e-14 0 0 -87.82841 
1786056352.772 -1.819031e-14 0 0 -87.82841 
1786056352.823 -1.819031e-14 0 0 -87.82841 
1786056352.878 -1.819031e-14 0 0 -87.82841 
1786056352.939 -1.819031e-14 0 0 -87.82841 
1786056352.993 -1.819031e-14 0 0 -87.82841 
1786056353.045 -1.819031e-14 0 0 -87.82841 
1786056353.102 -1.819031e-14 0 0 -87.82841 
1786056353.154 -1.819031e-14 0 0 -87.82841 
1786056353.208 -1.819031e-14 0 0 -87.82841 
1786056353.262 -1.819031e-14 0 0 -87.82841 
1786056353.312 -1.819031e-14 0 0 -87.82841 
1786056353.371 -1.819031e-14 0 0 -87.82841 
1786056353.430 -1.819031e-14 0 0 -87.82841 
1786056353.481 -1.819031e-14 0 0 -87.82841 
1786056353.538 -1.819031e-14 0 0 -87.82841 
1786056353.594 -1.819031e-14 0 0 -87.82841 
1786056353.658 -1.819031e-14 0 0 -87.82841 
1786056353.707 -1.819031e-14 0 0 -87.82841 
1786056353.760 -1.819031e-14 0 0 -87.82841 
1786056353.808 -1.819031e-14 0 0 -87.82841 
1786056353.861 -1.819031e-14 0 0 -87.82841 
1786056353.913 -1.819031e-14 0 0 -87.82841 
1786056353.962 -1.819031e-14 0 0 -87.82841 
1786056354.011 -1.819031e-14 0 0 -87.82841 
1786056354.066 -1.819031e-14 0 0 -87.82841 
1786056354.115 -1.819031e-14 0 0 -87.82841 
1786056354.169 -1.819031e-14 0 0 -87.82841 
1786056354.220 -1.819031e-14 0 0 -87.82841 
1786056354.269 -1.819031e-14 0 0 -87.82841 
1786056354.326 -1.819031e-14 0 0 -87.82841 
1786056354.380 -1.819031e-14 0 0 -87.82841 
1786056354.429 -1.819031e-14 0 0 -87.82841 
1786056354.480 -1.819031e-14 0 0 -87.82841 
1786056354.538 -1.819031e-14 0 0 -87.82841 
1786056354.591 -1.819031e-14 0 0 -87.82841 
1786056354.649 -1.819031e-14 0 0 -87.82841 
1786056354.699 -1.819031e-14 0 0 -87.82841 
1786056354.746 -1.819031e-14 0 0 -87.82841 
1786056354.796 -1.819031e-14 0 0 -87.82841 
1786056354.849 -1.819031e-14 0 0 -87.82841 
1786056354.903 -1.819031e-14 0 0 -87.82841 
1786056354.954 -1.819031e-14 0 0 -87.82841 
1786056355.003 -1.819031e-14 0 0 -87.82841 
1786056355.050 -1.819031e-14 0 0 -87.82841 
1786056355.100 -1.819031e-14 0 0 -87.82841 
1786056355.151 -1.819031e-14 0 0 -87.82841 
1786056355.204 -1.819031e-14 0 0 -87.82841 
1786056355.255 -1.819031e-14 0 0 -87.82841 
1786056355.308 -1.819031e-14 0 0 -87.82841 
1786056355.368 -1.819031e-14 0 0 -87.82841 
1786056355.424 -1.819031e-14 0 0 -87.82841 
1786056355.475 -1.819031e-14 0 0 -87.82841 
1786056355.531 -1.819031e-14 0 0 -87.82841 
1786056355.592 -1.819031e-14 0 0 -87.82841 
1786056355.647 -1.819031e-14 0 0 -87.82841 
1786056355.697 -1.819031e-14 0 0 -87.82841 
1786056355.749 -1.819031e-14 0 0 -87.82841 
1786056355.796 -1.819031e-14 0 0 -87.82841 
1786056355.846 -1.819031e-14 0 0 -87.82841 
1786056355.896 -1.819031e-14 0 0 -87.82841 
1786056355.946 -1.819031e-14 0 0 -87.82841 
1786056355.999 -1.819031e-14 0 0 -87.82841 
1786056356.051 -1.819031e-14 0 0 -87.82841 
1786056356.103 -1.819031e-14 0 0 -87.82841 
1786056356.155 -1.819031e-14 0 0 -87.82841 
1786056356.203 -1.819031e-14 0 0 -87.82841 
1786056356.257 -1.819031e-14 0 0 -87.82841 
1786056356.312 -1.819031e-14 0 0 -87.82841 
1786056356.364 -1.819031e-14 0 0 -87.82841 
1786056356.422 -1.819031e-14 0 0 -87.82841 
1786056356.476 -1.819031e-14 0 0 -87.82841 
1786056356.532 -1.819031e-14 0 0 -87.82841 
1786056356.595 -1.819031e-14 0 0 -87.82841 
1786056356.655 -1.819031e-14 0 0 -87.82841 
1786056356.707 -1.819031e-14 0 0 -87.82841 
1786056356.756 -1.819031e-14 0 0 -87.82841 
1786056356.811 -1.819031e-14 0 0 -87.82841 
1786056356.865 -1.819031e-14 0 0 -87.82841 
1786056356.912 -1.819031e-14 0 0 -87.82841 
1786056356.965 -1.819031e-14 0 0 -87.82841 
1786056357.026 -1.819031e-14 0 0 -87.82841 
1786056357.075 -1.819031e-14 0 0 -87.82841 
1786056357.129 -1.819031e-14 0 0 -87.82841 
1786056357.189 -1.819031e-14 0 0 -87.82841 
1786056357.243 -1.819031e-14 0 0 -87.82841 
1786056357.298 -1.819031e-14 0 0 -87.82841 
1786056357.349 -1.819031e-14 0 0 -87.82841 
1786056357.397 -1.819031e-14 0 0 -87.82841 
1786056357.450 -1.819031e-14 0 0 -87.82841 
1786056357.502 -1.819031e-14 0 0 -87.82841 
1786056357.558 -1.819031e-14 0 0 -87.82841 
1786056357.620 -1.819031e-14 0 0 -87.82841 
1786056357.677 -1.819031e-14 0 0 -87.82841 
1786056357.733 -1.819031e-14 0 0 -87.82841 
1786056357.784 -1.819031e-14 0 0 -87.82841 
1786056357.837 -1.819031e-14 0 0 -87.82841 
1786056357.885 -1.819031e-14 0 0 -87.82841 
1786056357.936 -1.819031e-14 0 0 -87.82841 
1786056357.989 -1.819031e-14 0 0 -87.82841 
1786056358.037 -1.819031e-14 0 0 -87.82841 
1786056358.087 -1.819031e-14 0 0 -87.82841 
1786056358.142 -1.819031e-14 0 0 -87.82841 
1786056358.193 -1.819031e-14 0 0 -87.82841 
1786056358.260 -1.819031e-14 0 0 -87.82841 
1786056358.321 -1.819031e-14 0 0 -87.82841 
1786056358.378 -1.819031e-14 0 0 -87.82841 
1786056358.427 -1.819031e-14 0 0 -87.82841 
1786056358.477 -1.819031e-14 0 0 -87.82841 
1786056358.531 -1.819031e-14 0 0 -87.82841 
1786056358.595 -1.819031e-14 0 0 -87.82841 
1786056358.660 -1.819031e-14 0 0 -87.82841 
1786056358.712 -1.819031e-14 0 0 -87.82841 
1786056358.765 -1.819031e-14 0 0 -87.82841 
1786056358.820 -1.819031e-14 0 0 -87.82841 
1786056358.884 -1.819031e-14 0 0 -87.82841 
1786056358.937 -1.819031e-14 0 0 -87.82841 
1786056358.987 -1.819031e-14 0 0 -87.82841 
1786056359.040 -1.819031e-14 0 0 -87.82841 
1786056359.098 -1.819031e-14 0 0 -87.82841 
1786056359.147 -1.819031e-14 0 0 -87.82841 
1786056359.202 -1.819031e-14 0 0 -87.82841 
1786056359.257 -1.819031e-14 0 0 -87.82841 
1786056359.305 -1.819031e-14 0 0 -87.82841 
1786056359.358 -1.819031e-14 0 0 -87.82841 
1786056359.409 -1.819031e-14 0 0 -87.82841 
1786056359.461 -1.819031e-14 0 0 -87.82841 
1786056359.514 -1.819031e-14 0 0 -87.82841 
1786056359.573 -1.819031e-14 0 0 -87.82841 
1786056359.635 -1.819031e-14 0 0 -87.82841 
1786056359.713 -1.819031e-14 0 0 -87.82841 
1786056359.786 -1.819031e-14 0 0 -87.82841 
1786056359.841 -1.819031e-14 0 0 -87.82841 
1786056359.892 -1.819031e-14 0 0 -87.82841 
1786056359.947 -1.819031e-14 0 0 -87.82841 
1786056360.009 -1.819031e-14 0 0 -87.82841 
1786056360.065 -1.819031e-14 0 0 -87.82841 
1786056360.116 -1.819031e-14 0 0 -87.82841 
1786056360.174 -1.819031e-14 0 0 -87.82841 
1786056360.237 -1.819031e-14 0 0 -87.82841 
1786056360.294 -1.819031e-14 0 0 -87.82841 
1786056360.353 -1.819031e-14 0 0 -87.82841 
1786056360.407 -1.819031e-14 0 0 -87.82841 
1786056360.463 -1.819031e-14 0 0 -87.82841 
1786056360.516 -1.819031e-14 0 0 -87.82841 
1786056360.590 -1.819031e-14 0 0 -87.82841 
1786056360.645 -1.819031e-14 0 0 -87.82841 
1786056360.699 -1.819031e-14 0 0 -87.82841 
1786056360.750 -1.819031e-14 0 0 -87.82841 
1786056360.805 -1.819031e-14 0 0 -87.82841 
1786056360.859 -1.819031e-14 0 0 -87.82841 
1786056360.912 -1.819031e-14 0 0 -87.82841 
1786056360.965 -1.819031e-14 0 0 -87.82841 
1786056361.022 -1.819031e-14 0 0 -87.82841 
1786056361.078 -1.819031e-14 0 0 -87.82841 
1786056361.129 -1.819031e-14 0 0 -87.82841 
1786056361.179 -1.819031e-14 0 0 -87.82841 
1786056361.235 -1.819031e-14 0 0 -87.82841 
1786056361.287 -1.819031e-14 0 0 -87.82841 
1786056361.338 -1.819031e-14 0 0 -87.82841 
1786056361.392 -1.819031e-14 0 0 -87.82841 
1786056361.445 -1.819031e-14 0 0 -87.82841 
1786056361.495 -1.819031e-14 0 0 -87.82841 
1786056361.553 -1.819031e-14 0 0 -87.82841 
1786056361.636 -1.819031e-14 0 0 -87.82841 
1786056361.716 -1.819031e-14 0 0 -87.82841 
1786056361.782 -1.819031e-14 0 0 -87.82841 
1786056361.837 -1.819031e-14 0 0 -87.82841 
1786056361.891 -1.819031e-14 0 0 -87.82841 
1786056361.951 -1.819031e-14 0 0 -87.82841 
1786056362.013 -1.819031e-14 0 0 -87.82841 
1786056362.074 -1.819031e-14 0 0 -87.82841 
1786056362.135 -1.819031e-14 0 0 -87.82841 
1786056362.189 -1.819031e-14 0 0 -87.82841 
1786056362.251 -1.819031e-14 0 0 -87.82841 
1786056362.302 -1.819031e-14 0 0 -87.82841 
1786056362.354 -1.819031e-14 0 0 -87.82841 
1786056362.410 -1.819031e-14 0 0 -87.82841 
1786056362.477 -1.819031e-14 0 0 -87.82841 
1786056362.537 -1.819031e-14 0 0 -87.82841 
1786056362.596 -1.819031e-14 0 0 -87.82841 
1786056362.653 -1.819031e-14 0 0 -87.82841 
1786056362.713 -1.819031e-14 0 0 -87.82841 
1786056362.763 -1.819031e-14 0 0 -87.82841 
1786056362.829 -1.819031e-14 0 0 -87.82841 
1786056362.885 -1.819031e-14 0 0 -87.82841 
1786056362.938 -1.819031e-14 0 0 -87.82841 
1786056362.990 -1.819031e-14 0 0 -87.82841 
1786056363.068 -1.819031e-14 0 0 -87.82841 
1786056363.128 -1.819031e-14 0 0 -87.82841 
1786056363.186 -1.819031e-14 0 0 -87.82841 
1786056363.236 -1.819031e-14 0 0 -87.82841 
1786056363.293 -1.819031e-14 0 0 -87.82841 
1786056363.345 -1.819031e-14 0 0 -87.82841 
1786056363.396 -1.819031e-14 0 0 -87.82841 
1786056363.449 -1.819031e-14 0 0 -87.82841 
1786056363.516 -1.819031e-14 0 0 -87.82841 
1786056363.577 -1.819031e-14 0 0 -87.82841 
1786056363.660 -1.819031e-14 0 0 -87.82841 
1786056363.721 -1.819031e-14 0 0 -87.82841 
1786056363.794 -1.819031e-14 0 0 -87.82841 
1786056363.865 -1.819031e-14 0 0 -87.82841 
1786056363.932 -1.819031e-14 0 0 -87.82841 
1786056363.999 -1.819031e-14 0 0 -87.82841 
1786056364.066 -1.819031e-14 0 0 -87.82841 
1786056364.121 -1.819031e-14 0 0 -87.82841 
1786056364.176 -1.819031e-14 0 0 -87.82841 
1786056364.229 -1.819031e-14 0 0 -87.82841 
1786056364.283 -1.819031e-14 0 0 -87.82841 
1786056364.337 -1.819031e-14 0 0 -87.82841 
1786056364.398 -1.819031e-14 0 0 -87.82841 
1786056364.452 -1.819031e-14 0 0 -87.82841 
1786056364.507 -1.819031e-14 0 0 -87.82841 
1786056364.566 -1.819031e-14 0 0 -87.82841 
1786056364.638 -1.819031e-14 0 0 -87.82841 
1786056364.687 -1.819031e-14 0 0 -87.82841 
1786056364.743 -1.819031e-14 0 0 -87.82841 
1786056364.797 -1.819031e-14 0 0 -87.82841 
1786056364.864 -1.819031e-14 0 0 -87.82841 
1786056364.917 -1.819031e-14 0 0 -87.82841 
1786056364.988 -1.819031e-14 0 0 -87.82841 
1786056365.054 -1.819031e-14 0 0 -87.82841 
1786056365.111 -1.819031e-14 0 0 -87.82841 
1786056365.169 -1.819031e-14 0 0 -87.82841 
1786056365.222 -1.819031e-14 0 0 -87.82841 
1786056365.283 -1.819031e-14 0 0 -87.82841 
1786056365.335 -1.819031e-14 0 0 -87.82841 
1786056365.389 -1.819031e-14 0 0 -87.82841 
1786056365.441 -1.819031e-14 0 0 -87.82841 
1786056365.501 -1.819031e-14 0 0 -87.82841 
1786056365.565 -1.819031e-14 0 0 -87.82841 
1786056365.635 -1.819031e-14 0 0 -87.82841 
1786056365.695 -1.819031e-14 0 0 -87.82841 
1786056365.750 -1.819031e-14 0 0 -87.82841 
1786056365.800 -1.819031e-14 0 0 -87.82841 
1786056365.854 -1.819031e-14 0 0 -87.82841 
1786056365.909 -1.819031e-14 0 0 -87.82841 
1786056365.962 -1.819031e-14 0 0 -87.82841 
1786056366.013 -1.819031e-14 0 0 -87.82841 
1786056366.064 -1.819031e-14 0 0 -87.82841 
1786056366.111 -1.819031e-14 0 0 -87.82841 
1786056366.166 -1.819031e-14 0 0 -87.82841 
1786056366.219 -1.819031e-14 0 0 -87.82841 
1786056366.267 -1.819031e-14 0 0 -87.82841 
1786056366.318 -1.819031e-14 0 0 -87.82841 
1786056366.367 -1.819031e-14 0 0 -87.82841 
1786056366.420 -1.819031e-14 0 0 -87.82841 
1786056366.472 -1.819031e-14 0 0 -87.82841 
1786056366.524 -1.819031e-14 0 0 -87.82841 
1786056366.580 -1.819031e-14 0 0 -87.82841 
1786056366.634 -1.819031e-14 0 0 -87.82841 
1786056366.681 -1.819031e-14 0 0 -87.82841 
1786056366.735 -1.819031e-14 0 0 -87.82841 
1786056366.783 -1.819031e-14 0 0 -87.82841 
1786056366.834 -1.819031e-14 0 0 -87.82841 
1786056366.891 -1.819031e-14 0 0 -87.82841 
1786056366.947 -1.819031e-14 0 0 -87.82841 
1786056366.994 -1.819031e-14 0 0 -87.82841 
1786056367.044 -1.819031e-14 0 0 -87.82841 
1786056367.096 -1.819031e-14 0 0 -87.82841 
1786056367.143 -1.819031e-14 0 0 -87.82841 
1786056367.193 -1.819031e-14 0 0 -87.82841 
1786056367.240 -1.819031e-14 0 0 -87.82841 
1786056367.289 -1.819031e-14 0 0 -87.82841 
1786056367.340 -1.819031e-14 0 0 -87.82841 
1786056367.390 -1.819031e-14 0 0 -87.82841 
1786056367.441 -1.819031e-14 0 0 -87.82841 
1786056367.496 -1.819031e-14 0 0 -87.82841 
1786056367.552 -1.819031e-14 0 0 -87.82841 
1786056367.618 -1.819031e-14 0 0 -87.82841 
1786056367.672 -1.819031e-14 0 0 -87.82841 
1786056367.722 -1.819031e-14 0 0 -87.82841 
1786056367.783 -1.819031e-14 0 0 -87.82841 
1786056367.846 -1.819031e-14 0 0 -87.82841 
1786056367.900 -1.819031e-14 0 0 -87.82841 
1786056367.959 -1.819031e-14 0 0 -87.82841 
1786056368.012 -1.819031e-14 0 0 -87.82841 
1786056368.070 -1.819031e-14 0 0 -87.82841 
1786056368.118 -1.819031e-14 0 0 -87.82841 
1786056368.170 -1.819031e-14 0 0 -87.82841 
1786056368.222 -1.819031e-14 0 0 -87.82841 
1786056368.272 -1.819031e-14 0 0 -87.82841 
1786056368.326 -1.819031e-14 0 0 -87.82841 
1786056368.389 -1.819031e-14 0 0 -87.82841 
1786056368.438 -1.819031e-14 0 0 -87.82841 
1786056368.487 -1.819031e-14 0 0 -87.82841 
1786056368.538 -1.819031e-14 0 0 -87.82841 
1786056368.592 -1.819031e-14 0 0 -87.82841 
1786056368.652 -1.819031e-14 0 0 -87.82841 
1786056368.707 -1.819031e-14 0 0 -87.82841 
1786056368.756 -1.819031e-14 0 0 -87.82841 
1786056368.824 -1.819031e-14 0 0 -87.82841 
1786056368.886 -1.819031e-14 0 0 -87.82841 
1786056368.942 -1.819031e-14 0 0 -87.82841 
1786056368.990 -1.819031e-14 0 0 -87.82841 
1786056369.041 -1.819031e-14 0 0 -87.82841 
1786056369.098 -1.819031e-14 0 0 -87.82841 
1786056369.146 -1.819031e-14 0 0 -87.82841 
1786056369.200 -1.819031e-14 0 0 -87.82841 
1786056369.248 -1.819031e-14 0 0 -87.82841 
1786056369.300 -1.819031e-14 0 0 -87.82841 
1786056369.354 -1.819031e-14 0 0 -87.82841 
1786056369.404 -1.819031e-14 0 0 -87.82841 
1786056369.458 -1.819031e-14 0 0 -87.82841 
1786056369.507 -1.819031e-14 0 0 -87.82841 
1786056369.569 -1.819031e-14 0 0 -87.82841 
1786056369.621 -1.819031e-14 0 0 -87.82841 
1786056369.673 -1.819031e-14 0 0 -87.82841 
1786056369.721 -1.819031e-14 0 0 -87.82841 
1786056369.787 -1.819031e-14 0 0 -87.82841 
1786056369.839 -1.819031e-14 0 0 -87.82841 
1786056369.890 -1.819031e-14 0 0 -87.82841 
1786056369.938 -1.819031e-14 0 0 -87.82841 
1786056370.008 -1.819031e-14 0 0 -87.82841 
1786056370.066 -1.819031e-14 0 0 -87.82841 
1786056370.114 -1.819031e-14 0 0 -87.82841 
1786056370.165 -1.819031e-14 0 0 -87.82841 
1786056370.218 -1.819031e-14 0 0 -87.82841 
1786056370.267 -1.819031e-14 0 0 -87.82841 
1786056370.322 -1.819031e-14 0 0 -87.82841 
1786056370.373 -1.819031e-14 0 0 -87.82841 
1786056370.424 -1.819031e-14 0 0 -87.82841 
1786056370.481 -1.819031e-14 0 0 -87.82841 
1786056370.539 -1.819031e-14 0 0 -87.82841 
1786056370.599 -1.819031e-14 0 0 -87.82841 
1786056370.669 -1.819031e-14 0 0 -87.82841 
1786056370.735 -1.819031e-14 0 0 -87.82841 
1786056370.802 -1.819031e-14 0 0 -87.82841 
1786056370.858 -1.819031e-14 0 0 -87.82841 
1786056370.912 -1.819031e-14 0 0 -87.82841 
1786056370.969 -1.819031e-14 0 0 -87.82841 
1786056371.018 -1.819031e-14 0 0 -87.82841 
1786056371.066 -1.819031e-14 0 0 -87.82841 
1786056371.125 -1.819031e-14 0 0 -87.82841 
1786056371.178 -1.819031e-14 0 0 -87.82841 
1786056371.227 -1.819031e-14 0 0 -87.82841 
1786056371.281 -1.819031e-14 0 0 -87.82841 
1786056371.340 -1.819031e-14 0 0 -87.82841 
1786056371.388 -1.819031e-14 0 0 -87.82841 
1786056371.443 -1.819031e-14 0 0 -87.82841 
1786056371.494 -1.819031e-14 0 0 -87.82841 
1786056371.548 -1.819031e-14 0 0 -87.82841 
1786056371.608 -1.819031e-14 0 0 -87.82841 
1786056371.672 -1.819031e-14 0 0 -87.82841 
1786056371.736 -1.819031e-14 0 0 -87.82841 
1786056371.807 -1.819031e-14 0 0 -87.82841 
1786056371.860 -1.819031e-14 0 0 -87.82841 
1786056371.918 -1.819031e-14 0 0 -87.82841 
1786056371.970 -1.819031e-14 0 0 -87.82841 
1786056372.035 -1.819031e-14 0 0 -87.82841 
1786056372.110 -1.819031e-14 0 0 -87.82841 
1786056372.164 -1.819031e-14 0 0 -87.82841 
1786056372.229 -1.819031e-14 0 0 -87.82841 
1786056372.289 -1.819031e-14 0 0 -87.82841 
1786056372.352 -1.819031e-14 0 0 -87.82841 
1786056372.414 -1.819031e-14 0 0 -87.82841 
1786056372.470 -1.819031e-14 0 0 -87.82841 
1786056372.541 -1.819031e-14 0 0 -87.82841 
1786056372.599 -1.819031e-14 0 0 -87.82841 
1786056372.666 -1.819031e-14 0 0 -87.82841 
1786056372.747 -1.819031e-14 0 0 -87.82841 
1786056372.815 -1.819031e-14 0 0 -87.82841 
1786056372.879 -1.819031e-14 0 0 -87.82841 
1786056372.936 -1.819031e-14 0 0 -87.82841 
1786056372.987 -1.819031e-14 0 0 -87.82841 
1786056373.054 -1.819031e-14 0 0 -87.82841 
1786056373.120 -1.819031e-14 0 0 -87.82841 
1786056373.181 -1.819031e-14 0 0 -87.82841 
1786056373.238 -1.819031e-14 0 0 -87.82841 
1786056373.299 -1.819031e-14 0 0 -87.82841 
1786056373.379 -1.819031e-14 0 0 -87.82841 
1786056373.433 -1.819031e-14 0 0 -87.82841 
1786056373.491 -1.819031e-14 0 0 -87.82841 
1786056373.548 -1.819031e-14 0 0 -87.82841 
1786056373.605 -1.819031e-14 0 0 -87.82841 
1786056373.673 -1.819031e-14 0 0 -87.82841 
1786056373.738 -1.819031e-14 0 0 -87.82841 
1786056373.798 -1.819031e-14 0 0 -87.82841 
1786056373.871 -1.819031e-14 0 0 -87.82841 
1786056373.936 -1.819031e-14 0 0 -87.82841 
1786056374.011 -1.819031e-14 0 0 -87.82841 
1786056374.069 -1.819031e-14 0 0 -87.82841 
1786056374.127 -1.819031e-14 0 0 -87.82841 
1786056374.183 -1.819031e-14 0 0 -87.82841 
1786056374.236 -1.819031e-14 0 0 -87.82841 
1786056374.291 -1.819031e-14 0 0 -87.82841 
1786056374.353 -1.819031e-14 0 0 -87.82841 
1786056374.416 -1.819031e-14 0 0 -87.82841 
1786056374.475 -1.819031e-14 0 0 -87.82841 
1786056374.532 -1.819031e-14 0 0 -87.82841 
1786056374.606 -1.819031e-14 0 0 -87.82841 
1786056374.681 -1.819031e-14 0 0 -87.82841 
1786056374.759 -1.819031e-14 0 0 -87.82841 
1786056374.838 -1.819031e-14 0 0 -87.82841 
1786056374.902 -1.819031e-14 0 0 -87.82841 
1786056374.961 -1.819031e-14 0 0 -87.82841 
1786056375.014 -1.819031e-14 0 0 -87.82841 
1786056375.068 -1.819031e-14 0 0 -87.82841 
1786056375.121 -1.819031e-14 0 0 -87.82841 
1786056375.172 -1.819031e-14 0 0 -87.82841 
1786056375.221 -1.819031e-14 0 0 -87.82841 
1786056375.273 -1.819031e-14 0 0 -87.82841 
1786056375.319 -1.819031e-14 0 0 -87.82841 
1786056375.370 -1.819031e-14 0 0 -87.82841 
1786056375.421 -1.819031e-14 0 0 -87.82841 
1786056375.472 -1.819031e-14 0 0 -87.82841 
1786056375.523 -1.819031e-14 0 0 -87.82841 
1786056375.589 -1.819031e-14 0 0 -87.82841 
1786056375.648 -1.819031e-14 0 0 -87.82841 
1786056375.708 -1.819031e-14 0 0 -87.82841 
1786056375.762 -1.819031e-14 0 0 -87.82841 
1786056375.819 -1.819031e-14 0 0 -87.82841 
1786056375.868 -1.819031e-14 0 0 -87.82841 
1786056375.926 -1.819031e-14 0 0 -87.82841 
1786056375.977 -1.819031e-14 0 0 -87.82841 
1786056376.030 -1.819031e-14 0 0 -87.82841 
1786056376.082 -1.819031e-14 0 0 -87.82841 
1786056376.138 -1.819031e-14 0 0 -87.82841 
1786056376.188 -1.819031e-14 0 0 -87.82841 
1786056376.242 -1.819031e-14 0 0 -87.82841 
1786056376.294 -1.819031e-14 0 0 -87.82841 
1786056376.343 -1.819031e-14 0 0 -87.82841 
1786056376.397 -1.819031e-14 0 0 -87.82841 
1786056376.446 -1.819031e-14 0 0 -87.82841 
1786056376.499 -1.819031e-14 0 0 -87.82841 
1786056376.561 -1.819031e-14 0 0 -87.82841 
1786056376.614 -1.819031e-14 0 0 -87.82841 
1786056376.670 -1.819031e-14 0 0 -87.82841 
1786056376.731 -1.819031e-14 0 0 -87.82841 
1786056376.783 -1.819031e-14 0 0 -87.82841 
1786056376.831 -1.819031e-14 0 0 -87.82841 
1786056376.885 -1.819031e-14 0 0 -87.82841 
1786056376.952 -1.819031e-14 0 0 -87.82841 
1786056377.004 -1.819031e-14 0 0 -87.82841 
1786056377.061 -1.819031e-14 0 0 -87.82841 
1786056377.129 -1.819031e-14 0 0 -87.82841 
1786056377.188 -1.819031e-14 0 0 -87.82841 
1786056377.245 -1.819031e-14 0 0 -87.82841 
1786056377.301 -1.819031e-14 0 0 -87.82841 
1786056377.352 -1.819031e-14 0 0 -87.82841 
1786056377.402 -1.819031e-14 0 0 -87.82841 
1786056377.453 -1.819031e-14 0 0 -87.82841 
1786056377.506 -1.819031e-14 0 0 -87.82841 
1786056377.560 -1.819031e-14 0 0 -87.82841 
1786056377.609 -1.819031e-14 0 0 -87.82841 
1786056377.674 -1.819031e-14 0 0 -87.82841 
1786056377.726 -1.819031e-14 0 0 -87.82841 
1786056377.776 -1.819031e-14 0 0 -87.82841 
1786056377.831 -1.819031e-14 0 0 -87.82841 
1786056377.880 -1.819031e-14 0 0 -87.82841 
1786056377.932 -1.819031e-14 0 0 -87.82841 
1786056377.985 -1.819031e-14 0 0 -87.82841 
1786056378.032 -1.819031e-14 0 0 -87.82841 
1786056378.082 -1.819031e-14 0 0 -87.82841 
1786056378.135 -1.819031e-14 0 0 -87.82841 
1786056378.184 -1.819031e-14 0 0 -87.82841 
1786056378.239 -1.819031e-14 0 0 -87.82841 
1786056378.291 -1.819031e-14 0 0 -87.82841 
1786056378.340 -1.819031e-14 0 0 -87.82841 
1786056378.391 -1.819031e-14 0 0 -87.82841 
1786056378.444 -1.819031e-14 0 0 -87.82841 
1786056378.499 -1.819031e-14 0 0 -87.82841 
1786056378.553 -1.819031e-14 0 0 -87.82841 
1786056378.603 -1.819031e-14 0 0 -87.82841 
1786056378.663 -1.819031e-14 0 0 -87.82841 
1786056378.727 -1.819031e-14 0 0 -87.82841 
1786056378.779 -1.819031e-14 0 0 -87.82841 
1786056378.832 -1.819031e-14 0 0 -87.82841 
1786056378.883 -1.819031e-14 0 0 -87.82841 
1786056378.933 -1.819031e-14 0 0 -87.82841 
1786056378.983 -1.819031e-14 0 0 -87.82841 
1786056379.042 -1.819031e-14 0 0 -87.82841 
1786056379.091 -1.819031e-14 0 0 -87.82841 
1786056379.139 -1.819031e-14 0 0 -87.82841 
1786056379.201 -1.819031e-14 0 0 -87.82841 
1786056379.255 -1.819031e-14 0 0 -87.82841 
1786056379.305 -1.819031e-14 0 0 -87.82841 
1786056379.360 -1.819031e-14 0 0 -87.82841 
1786056379.413 -1.819031e-14 0 0 -87.82841 
1786056379.472 -1.819031e-14 0 0 -87.82841 
1786056379.527 -1.819031e-14 0 0 -87.82841 
1786056379.578 -1.819031e-14 0 0 -87.82841 
1786056379.629 -1.819031e-14 0 0 -87.82841 
1786056379.687 -1.819031e-14 0 0 -87.82841 
1786056379.743 -1.819031e-14 0 0 -87.82841 
1786056379.791 -1.819031e-14 0 0 -87.82841 
1786056379.849 -1.819031e-14 0 0 -87.82841 
1786056379.903 -1.819031e-14 0 0 -87.82841 
1786056379.953 -1.819031e-14 0 0 -87.82841 
1786056380.003 -1.819031e-14 0 0 -87.82841 
1786056380.053 -1.819031e-14 0 0 -87.82841 
1786056380.103 -1.819031e-14 0 0 -87.82841 
1786056380.157 -1.819031e-14 0 0 -87.82841 
1786056380.205 -1.819031e-14 0 0 -87.82841 
1786056380.254 -1.819031e-14 0 0 -87.82841 
1786056380.303 -1.819031e-14 0 0 -87.82841 
1786056380.351 -1.819031e-14 0 0 -87.82841 
1786056380.413 -1.819031e-14 0 0 -87.82841 
1786056380.462 -1.819031e-14 0 0 -87.82841 
1786056380.511 -1.819031e-14 0 0 -87.82841 
1786056380.562 -1.819031e-14 0 0 -87.82841 
1786056380.619 -1.819031e-14 0 0 -87.82841 
1786056380.673 -1.819031e-14 0 0 -87.82841 
1786056380.730 -1.819031e-14 0 0 -87.82841 
1786056380.781 -1.819031e-14 0 0 -87.82841 
1786056380.831 -1.819031e-14 0 0 -87.82841 
1786056380.883 -1.819031e-14 0 0 -87.82841 
1786056380.938 -1.819031e-14 0 0 -87.82841 
1786056380.987 -1.819031e-14 0 0 -87.82841 
1786056381.039 -1.819031e-14 0 0 -87.82841 
1786056381.087 -1.819031e-14 0 0 -87.82841 
1786056381.134 -1.819031e-14 0 0 -87.82841 
1786056381.190 -1.819031e-14 0 0 -87.82841 
1786056381.238 -1.819031e-14 0 0 -87.82841 
1786056381.288 -1.819031e-14 0 0 -87.82841 
1786056381.344 -1.819031e-14 0 0 -87.82841 
1786056381.402 -1.819031e-14 0 0 -87.82841 
1786056381.451 -1.819031e-14 0 0 -87.82841 
1786056381.503 -1.819031e-14 0 0 -87.82841 
1786056381.553 -1.819031e-14 0 0 -87.82841 
1786056381.603 -1.819031e-14 0 0 -87.82841 
1786056381.664 -1.819031e-14 0 0 -87.82841 
1786056381.719 -1.819031e-14 0 0 -87.82841 
1786056381.769 -1.819031e-14 0 0 -87.82841 
1786056381.819 -1.819031e-14 0 0 -87.82841 
1786056381.870 -1.819031e-14 0 0 -87.82841 
1786056381.920 -1.819031e-14 0 0 -87.82841 
1786056381.972 -1.819031e-14 0 0 -87.82841 
1786056382.020 -1.819031e-14 0 0 -87.82841 
1786056382.076 -1.819031e-14 0 0 -87.82841 
1786056382.124 -1.819031e-14 0 0 -87.82841 
1786056382.173 -1.819031e-14 0 0 -87.82841 
1786056382.225 -1.819031e-14 0 0 -87.82841 
1786056382.274 -1.819031e-14 0 0 -87.82841 
1786056382.330 -1.819031e-14 0 0 -87.82841 
1786056382.380 -1.819031e-14 0 0 -87.82841 
1786056382.430 -1.819031e-14 0 0 -87.82841 
1786056382.482 -1.819031e-14 0 0 -87.82841 
1786056382.534 -1.819031e-14 0 0 -87.82841 
1786056382.581 -1.819031e-14 0 0 -87.82841 
1786056382.636 -1.819031e-14 0 0 -87.82841 
1786056382.699 -1.819031e-14 0 0 -87.82841 
1786056382.756 -1.819031e-14 0 0 -87.82841 
1786056382.807 -1.819031e-14 0 0 -87.82841 
1786056382.862 -1.819031e-14 0 0 -87.82841 
1786056382.911 -1.819031e-14 0 0 -87.82841 
1786056382.963 -1.819031e-14 0 0 -87.82841 
1786056383.014 -1.819031e-14 0 0 -87.82841 
1786056383.063 -1.819031e-14 0 0 -87.82841 
1786056383.111 -1.819031e-14 0 0 -87.82841 
1786056383.162 -1.819031e-14 0 0 -87.82841 
1786056383.213 -1.819031e-14 0 0 -87.82841 
1786056383.270 -1.819031e-14 0 0 -87.82841 
1786056383.320 -1.819031e-14 0 0 -87.82841 
1786056383.373 -1.819031e-14 0 0 -87.82841 
1786056383.426 -1.819031e-14 0 0 -87.82841 
1786056383.475 -1.819031e-14 0 0 -87.82841 
1786056383.527 -1.819031e-14 0 0 -87.82841 
1786056383.579 -1.819031e-14 0 0 -87.82841 
1786056383.630 -1.819031e-14 0 0 -87.82841 
1786056383.688 -1.819031e-14 0 0 -87.82841 
1786056383.743 -1.819031e-14 0 0 -87.82841 
1786056383.792 -1.819031e-14 0 0 -87.82841 
1786056383.845 -1.819031e-14 0 0 -87.82841 
1786056383.896 -1.819031e-14 0 0 -87.82841 
1786056383.945 -1.819031e-14 0 0 -87.82841 
1786056384.001 -1.819031e-14 0 0 -87.82841 
1786056384.054 -1.819031e-14 0 0 -87.82841 
1786056384.104 -1.819031e-14 0 0 -87.82841 
1786056384.155 -1.819031e-14 0 0 -87.82841 
1786056384.209 -1.819031e-14 0 0 -87.82841 
1786056384.262 -1.819031e-14 0 0 -87.82841 
1786056384.325 -1.819031e-14 0 0 -87.82841 
1786056384.382 -1.819031e-14 0 0 -87.82841 
1786056384.434 -1.819031e-14 0 0 -87.82841 
1786056384.484 -1.819031e-14 0 0 -87.82841 
1786056384.541 -1.819031e-14 0 0 -87.82841 
1786056384.593 -1.819031e-14 0 0 -87.82841 
1786056384.644 -1.819031e-14 0 0 -87.82841 
1786056384.713 -1.819031e-14 0 0 -87.82841 
1786056384.765 -1.819031e-14 0 0 -87.82841 
1786056384.816 -1.819031e-14 0 0 -87.82841 
1786056384.864 -1.819031e-14 0 0 -87.82841 
1786056384.915 -1.819031e-14 0 0 -87.82841 
1786056384.968 -1.819031e-14 0 0 -87.82841 
1786056385.025 -1.819031e-14 0 0 -87.82841 
1786056385.077 -1.819031e-14 0 0 -87.82841 
1786056385.130 -1.819031e-14 0 0 -87.82841 
1786056385.186 -1.819031e-14 0 0 -87.82841 
1786056385.241 -1.819031e-14 0 0 -87.82841 
1786056385.292 -1.819031e-14 0 0 -87.82841 
1786056385.348 -1.819031e-14 0 0 -87.82841 
1786056385.397 -1.819031e-14 0 0 -87.82841 
1786056385.449 -1.819031e-14 0 0 -87.82841 
1786056385.498 -1.819031e-14 0 0 -87.82841 
1786056385.549 -1.819031e-14 0 0 -87.82841 
1786056385.601 -1.819031e-14 0 0 -87.82841 
1786056385.660 -1.819031e-14 0 0 -87.82841 
1786056385.723 -1.819031e-14 0 0 -87.82841 
1786056385.814 -1.819031e-14 0 0 -87.82841 
1786056385.896 -1.819031e-14 0 0 -87.82841 
1786056385.951 -1.819031e-14 0 0 -87.82841 
1786056386.016 -1.819031e-14 0 0 -87.82841 
1786056386.083 -1.819031e-14 0 0 -87.82841 
1786056386.149 -1.819031e-14 0 0 -87.82841 
1786056386.214 -1.819031e-14 0 0 -87.82841 
1786056386.279 -1.819031e-14 0 0 -87.82841 
1786056386.343 -1.819031e-14 0 0 -87.82841 
1786056386.406 -1.819031e-14 0 0 -87.82841 
1786056386.464 -1.819031e-14 0 0 -87.82841 
1786056386.521 -1.819031e-14 0 0 -87.82841 
1786056386.577 -1.819031e-14 0 0 -87.82841 
1786056386.636 -1.819031e-14 0 0 -87.82841 
1786056386.694 -1.819031e-14 0 0 -87.82841 
1786056386.759 -1.819031e-14 0 0 -87.82841 
1786056386.821 -1.819031e-14 0 0 -87.82841 
1786056386.886 -1.819031e-14 0 0 -87.82841 
1786056386.957 -1.819031e-14 0 0 -87.82841 
1786056387.024 -1.819031e-14 0 0 -87.82841 
1786056387.087 -1.819031e-14 0 0 -87.82841 
1786056387.162 -1.819031e-14 0 0 -87.82841 
1786056387.237 -1.819031e-14 0 0 -87.82841 
1786056387.302 -1.819031e-14 0 0 -87.82841 
1786056387.372 -1.819031e-14 0 0 -87.82841 
1786056387.426 -1.819031e-14 0 0 -87.82841 
1786056387.495 -1.819031e-14 0 0 -87.82841 
1786056387.557 -1.819031e-14 0 0 -87.82841 
1786056387.619 -1.819031e-14 0 0 -87.82841 
1786056387.681 -1.819031e-14 0 0 -87.82841 
1786056387.755 -1.819031e-14 0 0 -87.82841 
1786056387.824 -1.819031e-14 0 0 -87.82841 
1786056387.890 -1.819031e-14 0 0 -87.82841 
1786056387.954 -1.819031e-14 0 0 -87.82841 
1786056388.014 -1.819031e-14 0 0 -87.82841 
1786056388.073 -1.819031e-14 0 0 -87.82841 
1786056388.138 -1.819031e-14 0 0 -87.82841 
1786056388.212 -1.819031e-14 0 0 -87.82841 
1786056388.275 -1.819031e-14 0 0 -87.82841 
1786056388.347 -1.819031e-14 0 0 -87.82841 
1786056388.428 -1.819031e-14 0 0 -87.82841 
1786056388.509 -1.819031e-14 0 0 -87.82841 
1786056388.589 -1.819031e-14 0 0 -87.82841 
1786056388.655 -1.819031e-14 0 0 -87.82841 
1786056388.736 -1.819031e-14 0 0 -87.82841 
1786056388.814 -1.819031e-14 0 0 -87.82841 
1786056388.892 -1.819031e-14 0 0 -87.82841 
1786056388.965 -1.819031e-14 0 0 -87.82841 
1786056389.031 -1.819031e-14 0 0 -87.82841 
1786056389.096 -1.819031e-14 0 0 -87.82841 
1786056389.166 -1.819031e-14 0 0 -87.82841 
1786056389.230 -1.819031e-14 0 0 -87.82841 
1786056389.294 -1.819031e-14 0 0 -87.82841 
1786056389.353 -1.819031e-14 0 0 -87.82841 
1786056389.403 -1.819031e-14 0 0 -87.82841 
1786056389.468 -1.819031e-14 0 0 -87.82841 
1786056389.558 -1.819031e-14 0 0 -87.82841 
1786056389.620 -1.819031e-14 0 0 -87.82841 
1786056389.682 -1.819031e-14 0 0 -87.82841 
1786056389.750 -1.819031e-14 0 0 -87.82841 
1786056389.808 -1.819031e-14 0 0 -87.82841 
1786056389.880 -1.819031e-14 0 0 -87.82841 
1786056389.949 -1.819031e-14 0 0 -87.82841 
1786056390.012 -1.819031e-14 0 0 -87.82841 
1786056390.082 -1.819031e-14 0 0 -87.82841 
1786056390.144 -1.819031e-14 0 0 -87.82841 
1786056390.202 -1.819031e-14 0 0 -87.82841 
1786056390.288 -1.819031e-14 0 0 -87.82841 
1786056390.387 -1.819031e-14 0 0 -87.82841 
1786056390.453 -1.819031e-14 0 0 -87.82841 
1786056390.516 -1.819031e-14 0 0 -87.82841 
1786056390.578 -1.819031e-14 0 0 -87.82841 
1786056390.631 -1.819031e-14 0 0 -87.82841 
1786056390.697 -1.819031e-14 0 0 -87.82841 
1786056390.769 -1.819031e-14 0 0 -87.82841 
1786056390.834 -1.819031e-14 0 0 -87.82841 
1786056390.899 -1.819031e-14 0 0 -87.82841 
1786056390.964 -1.819031e-14 0 0 -87.82841 
1786056391.043 -1.819031e-14 0 0 -87.82841 
1786056391.106 -1.819031e-14 0 0 -87.82841 
1786056391.163 -1.819031e-14 0 0 -87.82841 
1786056391.222 -1.819031e-14 0 0 -87.82841 
1786056391.278 -1.819031e-14 0 0 -87.82841 
1786056391.333 -1.819031e-14 0 0 -87.82841 
1786056391.390 -1.819031e-14 0 0 -87.82841 
1786056391.451 -1.819031e-14 0 0 -87.82841 
1786056391.516 -1.819031e-14 0 0 -87.82841 
1786056391.567 -1.819031e-14 0 0 -87.82841 
1786056391.617 -1.819031e-14 0 0 -87.82841 
1786056391.670 -1.819031e-14 0 0 -87.82841 
1786056391.722 -1.819031e-14 0 0 -87.82841 
1786056391.780 -1.819031e-14 0 0 -87.82841 
1786056391.832 -1.819031e-14 0 0 -87.82841 
1786056391.880 -1.819031e-14 0 0 -87.82841 
1786056391.932 -1.819031e-14 0 0 -87.82841 
1786056391.987 -1.819031e-14 0 0 -87.82841 
1786056392.040 -1.819031e-14 0 0 -87.82841 
1786056392.094 -1.819031e-14 0 0 -87.82841 
1786056392.152 -1.819031e-14 0 0 -87.82841 
1786056392.201 -1.819031e-14 0 0 -87.82841 
1786056392.255 -1.819031e-14 0 0 -87.82841 
1786056392.304 -1.819031e-14 0 0 -87.82841 
1786056392.353 -1.819031e-14 0 0 -87.82841 
1786056392.406 -1.819031e-14 0 0 -87.82841 
1786056392.458 -1.819031e-14 0 0 -87.82841 
1786056392.513 -1.819031e-14 0 0 -87.82841 
1786056392.565 -1.819031e-14 0 0 -87.82841 
1786056392.621 -1.819031e-14 0 0 -87.82841 
1786056392.668 -1.819031e-14 0 0 -87.82841 
1786056392.730 -1.819031e-14 0 0 -87.82841 
1786056392.793 -1.819031e-14 0 0 -87.82841 
1786056392.844 -1.819031e-14 0 0 -87.82841 
1786056392.895 -1.819031e-14 0 0 -87.82841 
1786056392.954 -1.819031e-14 0 0 -87.82841 
1786056393.009 -1.819031e-14 0 0 -87.82841 
1786056393.063 -1.819031e-14 0 0 -87.82841 
1786056393.119 -1.819031e-14 0 0 -87.82841 
1786056393.182 -1.819031e-14 0 0 -87.82841 
1786056393.233 -1.819031e-14 0 0 -87.82841 
1786056393.288 -1.819031e-14 0 0 -87.82841 
1786056393.346 -1.819031e-14 0 0 -87.82841 
1786056393.405 -1.819031e-14 0 0 -87.82841 
1786056393.456 -1.819031e-14 0 0 -87.82841 
1786056393.515 -1.819031e-14 0 0 -87.82841 
1786056393.566 -1.819031e-14 0 0 -87.82841 
1786056393.623 -1.819031e-14 0 0 -87.82841 
1786056393.684 -1.819031e-14 0 0 -87.82841 
1786056393.753 -1.819031e-14 0 0 -87.82841 
1786056393.810 -1.819031e-14 0 0 -87.82841 
1786056393.871 -1.819031e-14 0 0 -87.82841 
1786056393.933 -1.819031e-14 0 0 -87.82841 
1786056394.004 -1.819031e-14 0 0 -87.82841 
1786056394.068 -1.819031e-14 0 0 -87.82841 
1786056394.119 -1.819031e-14 0 0 -87.82841 
1786056394.170 -1.819031e-14 0 0 -87.82841 
1786056394.223 -1.819031e-14 0 0 -87.82841 
1786056394.274 -1.819031e-14 0 0 -87.82841 
1786056394.327 -1.819031e-14 0 0 -87.82841 
1786056394.379 -1.819031e-14 0 0 -87.82841 
1786056394.429 -1.819031e-14 0 0 -87.82841 
1786056394.497 -1.819031e-14 0 0 -87.82841 
1786056394.557 -1.819031e-14 0 0 -87.82841 
1786056394.613 -1.819031e-14 0 0 -87.82841 
1786056394.664 -1.819031e-14 0 0 -87.82841 
1786056394.726 -1.819031e-14 0 0 -87.82841 
1786056394.789 -1.819031e-14 0 0 -87.82841 
1786056394.844 -1.819031e-14 0 0 -87.82841 
1786056394.902 -1.819031e-14 0 0 -87.82841 
1786056394.967 -1.819031e-14 0 0 -87.82841 
1786056395.031 -1.819031e-14 0 0 -87.82841 
1786056395.081 -1.819031e-14 0 0 -87.82841 
1786056395.132 -1.819031e-14 0 0 -87.82841 
1786056395.193 -1.819031e-14 0 0 -87.82841 
1786056395.248 -1.819031e-14 0 0 -87.82841 
1786056395.302 -1.819031e-14 0 0 -87.82841 
1786056395.353 -1.819031e-14 0 0 -87.82841 
1786056395.402 -1.819031e-14 0 0 -87.82841 
1786056395.451 -1.819031e-14 0 0 -87.82841 
1786056395.514 -1.819031e-14 0 0 -87.82841 
1786056395.567 -1.819031e-14 0 0 -87.82841 
1786056395.624 -1.819031e-14 0 0 -87.82841 
1786056395.679 -1.819031e-14 0 0 -87.82841 
1786056395.734 -1.819031e-14 0 0 -87.82841 
1786056395.790 -1.819031e-14 0 0 -87.82841 
1786056395.872 -1.819031e-14 0 0 -87.82841 
1786056395.929 -1.819031e-14 0 0 -87.82841 
1786056395.986 -1.819031e-14 0 0 -87.82841 
1786056396.036 -1.819031e-14 0 0 -87.82841 
1786056396.093 -1.819031e-14 0 0 -87.82841 
1786056396.144 -1.819031e-14 0 0 -87.82841 
1786056396.196 -1.819031e-14 0 0 -87.82841 
1786056396.258 -1.819031e-14 0 0 -87.82841 
1786056396.331 -1.819031e-14 0 0 -87.82841 
1786056396.391 -1.819031e-14 0 0 -87.82841 
1786056396.448 -1.819031e-14 0 0 -87.82841 
1786056396.499 -1.819031e-14 0 0 -87.82841 
1786056396.556 -1.819031e-14 0 0 -87.82841 
1786056396.608 -1.819031e-14 0 0 -87.82841 
1786056396.660 -1.819031e-14 0 0 -87.82841 
1786056396.711 -1.819031e-14 0 0 -87.82841 
1786056396.779 -1.819031e-14 0 0 -87.82841 
1786056396.836 -1.819031e-14 0 0 -87.82841 
1786056396.920 -1.819031e-14 0 0 -87.82841 
1786056396.982 -1.819031e-14 0 0 -87.82841 
DONE
