1786049718.181 0.004618724 0.002374562 0.003938559 -1.594476e-08 
1786049718.269 0.004618724 0.002374562 0.005208558 -1.594476e-08 
1786049718.365 0.004618724 0.002374562 0.003938559 -1.594476e-08 
1786049718.451 0.004618724 0.002374562 0.003938559 -1.594476e-08 
1786049718.528 -0.0003812761 0.002374562 0.003938559 -1.594476e-08 
1786049718.602 -0.0003812761 0.002374562 0.005208558 -1.594476e-08 
1786049718.684 -0.0003812761 0.002374562 0.003938559 -1.594476e-08 
1786049718.752 -0.005381276 0.002374562 0.003938559 -1.594476e-08 
1786049718.821 -0.0003812761 0.002374562 0.003938559 -1.594476e-08 
1786049718.894 -0.0003812761 0.002374562 0.003938559 -1.594476e-08 
1786049718.966 -0.0003812761 0.002374562 0.003938559 -1.594476e-08 
1786049719.054 -0.0003812761 0.002374562 0.003938559 -1.594476e-08 
1786049719.123 -0.0003812761 0.002374562 0.003938559 -1.594476e-08 
1786049719.207 -0.0003812761 0.002374562 0.003938559 -1.594476e-08 
1786049719.294 -0.0003812761 0.002374562 0.003938559 -1.594476e-08 
1786049719.364 -0.0003812761 0.002374562 0.003938559 -1.594476e-08 
1786049719.440 -0.0003812761 0.002374562 0.003938559 -1.594476e-08 
1786049719.494 -0.0003812756 0.002273555 0.003938559 1.801707e-05 
1786049719.580 -0.0003812437 0.0001907155 0.003938499 0.00110427 
1786049719.661 -0.0003811652 -0.003057672 0.002667843 0.003829938 
1786049719.738 -0.0003810471 -0.001364448 0.003935577 0.007811256 
1786049719.827 0.004619147 0.001475088 0.003928357 0.01453229 
1786049719.906 0.004619373 -0.002252489 0.002644349 0.02226123 
1786049719.980 0.004619611 0.0002836819 0.002623464 0.0303816 
1786049720.060 -0.005380106 -0.005817326 5.021563e-05 0.04004602 
1786049720.153 -0.005379646 -0.005902292 -0.00383344 0.05578175 
1786049720.229 -0.005379242 -0.006043409 -0.0051866 0.06938265 
1786049720.332 -0.01037872 -0.00555778 -0.006592536 0.08736376 
1786049720.432 -0.005378073 -0.005425813 -0.00553487 0.1099759 
1786049720.523 -0.005377358 -0.003290125 -0.00582744 0.1339019 
1786049720.603 -0.005376688 -0.001912427 -0.006148355 0.1565195 
1786049720.678 0.004623957 -0.002658382 -0.003973394 0.1788007 
1786049720.766 0.004624681 0.0007311324 -0.004428804 0.2032046 
1786049720.835 0.004625412 0.003173162 -0.003692087 0.2284834 
1786049720.909 0.004626175 0.003310955 -0.003028056 0.2541805 
1786049720.991 0.004627068 0.0008330861 -0.003829664 0.2846254 
1786049721.093 0.004627987 0.001167278 -0.004775044 0.3168158 
1786049721.180 0.004629239 -0.005842443 -0.00615776 0.3587049 
1786049721.275 -0.0003696272 -0.008895455 -0.007603975 0.3982924 
1786049721.373 -0.0003682149 -0.008141231 -0.007030955 0.4455624 
1786049721.466 0.004633017 -0.003329777 -0.005136196 0.4875774 
1786049721.539 0.009634168 -0.003193538 -0.003272608 0.5268522 
1786049721.626 0.004635457 -0.004482613 -0.004391839 0.5713688 
1786049721.724 0.004637011 -0.009316968 -0.006219472 0.6249644 
1786049721.811 0.004638497 -0.005999698 -0.006861269 0.6745438 
1786049721.884 0.004639724 -0.004357186 -0.005896111 0.7164172 
1786049721.957 0.009641078 -0.00303405 -0.004155005 0.7625997 
1786049722.048 0.009642643 0.002083524 -0.004462679 0.8160081 
1786049722.126 0.004644165 -0.0004505357 -0.004922344 0.8678975 
1786049722.185 0.004645475 -0.002661411 -0.006270392 0.9126029 
1786049722.266 -0.0003530604 -0.006310998 -0.007104175 0.9632805 
1786049722.346 -0.0003513475 -0.005571152 -0.006352382 1.021718 
1786049722.409 -0.0003498636 -0.00496515 -0.005178296 1.071637 
1786049722.477 -0.0003485851 -0.005510168 -0.006191866 1.116759 
1786049722.559 -0.005346743 -0.009195137 -0.006808074 1.178868 
1786049722.643 -0.005344782 -0.007940627 -0.007118726 1.245821 
1786049722.721 -0.005342932 -0.004767623 -0.006107993 1.308947 
1786049722.800 -0.005341183 -0.006937997 -0.006189748 1.370339 
1786049722.882 -0.0003390214 -0.004426726 -0.006270541 1.44246 
1786049722.957 -0.0003371603 -0.007124341 -0.006403301 1.50511 
1786049723.038 -0.005335077 -0.005937961 -0.007080509 1.577088 
1786049723.161 -0.005332279 -0.003450595 -0.005586796 1.671707 
1786049723.244 -0.005329563 -0.006064165 -0.007172364 1.76439 
1786049723.325 -0.005327282 -0.009746799 -0.005649451 1.842226 
1786049723.392 -0.0003252384 -0.004037023 -0.004470662 1.911983 
1786049723.469 -0.0003230694 -0.006283353 -0.004597357 1.986011 
1786049723.553 -0.0003205616 -0.005251395 -0.005054582 2.071598 
1786049723.622 -0.005318487 -0.005472858 -0.006932121 2.142421 
1786049723.698 -0.0003162234 -0.005785591 -0.005617001 2.219723 
1786049723.780 -0.00531392 -0.003731524 -0.006702971 2.299442 
1786049723.864 -0.005311032 -0.005216931 -0.006211564 2.396953 
1786049723.940 -0.0003086722 -0.002183192 -0.005346176 2.47865 
1786049724.041 0.004694158 -0.0004905446 -0.005076728 2.575301 
1786049724.121 -0.0003026868 -0.003087212 -0.005780807 2.681928 
1786049724.213 0.004700533 -0.001983358 -0.00469556 2.791954 
1786049724.302 0.004703605 -0.0007727168 -0.00590972 2.896829 
1786049724.368 0.004706125 -0.006055069 -0.005226173 2.982933 
1786049724.446 0.004708754 -0.0002013174 -0.00511698 3.072707 
1786049724.525 0.004711717 -0.002043961 -0.005513026 3.173925 
1786049724.613 -0.005285122 -0.01195087 -0.009036616 3.287078 
1786049724.683 -0.01528233 -0.0192681 -0.0109105 3.377376 
1786049724.773 -0.01527895 -0.01914217 -0.01194686 3.494035 
1786049724.840 -0.01527623 -0.01608657 -0.01065886 3.585836 
1786049724.906 -0.01027371 -0.01375972 -0.01072749 3.672049 
1786049724.981 -0.01527059 -0.01647026 -0.01134917 3.77851 
1786049725.046 -0.01026801 -0.01472897 -0.01061001 3.868376 
1786049725.139 -0.01526452 -0.01570022 -0.01112248 3.988992 
1786049725.231 -0.01026044 -0.01526199 -0.01067288 4.125603 
1786049725.318 -0.01025697 -0.01355369 -0.009603489 4.244228 
1786049725.397 -0.01525341 -0.01337473 -0.009980693 4.366005 
1786049725.492 -0.01524945 -0.0136406 -0.01020043 4.501505 
1786049725.589 -0.01024521 -0.01582877 -0.009783376 4.651212 
1786049725.668 -0.01024158 -0.01329405 -0.008948609 4.770945 
1786049725.767 -0.01023694 -0.0113822 -0.009210243 4.929813 
1786049725.862 -0.01523288 -0.01133568 -0.009778734 5.068915 
1786049725.950 -0.01022853 -0.01092699 -0.009702704 5.218092 
1786049726.024 -0.01022473 -0.008875657 -0.009001002 5.349707 
1786049726.099 -0.01522108 -0.01246763 -0.00936569 5.473117 
1786049726.180 -0.01521739 -0.01307562 -0.009082443 5.599539 
1786049726.270 -0.01521297 -0.01402918 -0.009514444 5.756193 
1786049726.353 -0.01020899 -0.009727718 -0.008621937 5.891011 
1786049726.422 -0.01020517 -0.01184673 -0.009125581 6.018733 
1786049726.492 -0.01020161 -0.01128016 -0.009103095 6.142465 
1786049726.566 -0.01019807 -0.01152697 -0.008925086 6.262275 
1786049726.640 -0.01019403 -0.01176439 -0.008252764 6.401019 
1786049726.712 -0.01019041 -0.01377505 -0.008828376 6.526886 
1786049726.789 -0.01018618 -0.009858741 -0.008435038 6.672219 
1786049726.885 -0.01018148 -0.008746531 -0.008164841 6.832102 
1786049726.969 -0.01017639 -0.008469455 -0.007981463 7.006857 
1786049727.047 -0.01017267 -0.009333953 -0.008509257 7.136643 
1786049727.129 -0.01016781 -0.01137928 -0.009229389 7.301934 
1786049727.196 -0.0101639 -0.01341682 -0.009193882 7.436248 
1786049727.267 -0.01016019 -0.01084154 -0.007507494 7.566027 
1786049727.337 -0.01015604 -0.01030035 -0.008239326 7.708652 
1786049727.412 -0.01015186 -0.01288137 -0.009175171 7.850685 
1786049727.496 -0.01014677 -0.01300415 -0.008841904 8.025953 
1786049727.568 -0.01014262 -0.008845393 -0.008471731 8.168887 
1786049727.663 -0.0101375 -0.0102128 -0.008269701 8.35179 
1786049727.756 -0.01013178 -0.01208144 -0.00842747 8.544967 
1786049727.843 -0.01012678 -0.0109122 -0.008014738 8.715314 
1786049727.914 -0.0101218 -0.0106116 -0.008048125 8.887304 
1786049727.993 -0.01011732 -0.01305738 -0.008857551 9.043968 
1786049728.070 -0.01011237 -0.01398016 -0.007631834 9.212772 
1786049728.163 -0.01010682 -0.01078331 -0.007522054 9.404798 
1786049728.247 -0.01010172 -0.009392596 -0.008176169 9.58565 
1786049728.309 -0.01009734 -0.01004316 -0.008060382 9.732806 
1786049728.394 -0.00509183 -0.009691745 -0.006974177 9.925748 
1786049728.473 -0.01008699 -0.00664758 -0.008022542 10.0913 
1786049728.550 -0.01008171 -0.009759566 -0.007029636 10.27628 
1786049728.628 -0.005077055 -0.007485859 -0.007316386 10.43559 
1786049728.705 -0.005071699 -0.0144298 -0.006934641 10.6214 
1786049728.787 -0.0100665 -0.00742455 -0.006813004 10.80199 
1786049728.870 -0.01006072 -0.01126173 -0.007335535 11.00273 
1786049728.948 -0.01005516 -0.008514901 -0.007252285 11.19589 
1786049729.021 -0.01005038 -0.01028652 -0.007938618 11.36915 
1786049729.087 -0.005045712 -0.009740186 -0.006875583 11.52728 
1786049729.155 -0.01004087 -0.006608612 -0.007501912 11.69346 
1786049729.226 -0.01003592 -0.01097023 -0.00758859 11.86577 
1786049729.297 -0.01003088 -0.0110703 -0.007231544 12.04187 
1786049729.367 -0.01002608 -0.007541075 -0.007282542 12.20925 
1786049729.441 -0.005021035 -0.01057186 -0.007658693 12.38525 
1786049729.517 -0.005015673 -0.01063151 -0.0082324 12.57259 
1786049729.602 -0.01000955 -0.007610987 -0.007076451 12.78661 
1786049729.675 -0.00500404 -0.01232211 -0.007822232 12.97949 
1786049729.741 -0.004999151 -0.01022239 -0.007378768 13.15086 
1786049729.840 -0.009992316 -0.007579764 -0.006633607 13.39025 
1786049729.914 -0.009986244 -0.007224227 -0.006841698 13.60337 
1786049729.986 -0.004980878 -0.008125265 -0.007719158 13.79171 
1786049730.086 -0.009974425 -0.008453781 -0.00673695 14.01848 
1786049730.198 -0.004965725 -0.008621058 -0.007018114 14.32996 
1786049730.265 -0.00995993 -0.00483007 -0.007450792 14.52873 
1786049730.337 -0.004954484 -0.008887866 -0.007065351 14.72073 
1786049730.435 -0.009947149 -0.009742005 -0.007659737 14.97961 
1786049730.522 -0.004940072 -0.009455364 -0.006737652 15.22977 
1786049730.609 -0.004933651 -0.01067881 -0.006977575 15.45962 
1786049730.718 -0.009925054 -0.0127201 -0.007339984 15.76408 
1786049730.792 -0.009918859 -0.008848615 -0.006745836 15.98098 
1786049730.855 -0.009913668 -0.008150463 -0.007239604 16.16818 
1786049730.943 -0.004907326 -0.007356576 -0.007234222 16.39061 
1786049731.017 -0.004900624 -0.007396775 -0.006450902 16.63203 
1786049731.103 -0.004894533 -0.006629567 -0.00621004 16.84607 
1786049731.185 -0.009887182 -0.006330771 -0.006608906 17.11121 
1786049731.277 -0.004879784 -0.003574778 -0.007178575 17.37251 
1786049731.357 -0.004873335 -0.007177593 -0.006595449 17.60317 
1786049731.426 -0.004867186 -0.00966224 -0.007072462 17.82333 
1786049731.500 -0.00486134 -0.01003419 -0.006308392 18.0331 
1786049731.594 -0.004853533 -0.005227687 -0.006864879 18.31342 
1786049731.683 -0.00984627 -0.008246232 -0.007166294 18.57443 
1786049731.773 -0.004838797 -0.007464651 -0.007106757 18.84679 
1786049731.869 -0.004830769 -0.008778482 -0.007203368 19.13329 
1786049731.935 -0.009824243 -0.007046546 -0.006839012 19.36917 
1786049732.019 -0.004816909 -0.00430608 -0.00716092 19.63766 
1786049732.102 -0.009809798 -0.001903192 -0.007567647 19.89537 
1786049732.178 -0.004802914 -0.004602926 -0.006809192 20.14212 
1786049732.253 -0.004797051 -0.002614235 -0.006732521 20.36513 
1786049732.324 -0.004790197 -0.005448637 -0.007115481 20.60507 
1786049732.395 -0.004784108 -0.008326113 -0.00628647 20.83036 
1786049732.459 -0.004778173 -0.00580916 -0.006781132 21.04395 
1786049732.531 -0.004772038 -0.009523949 -0.006835541 21.26834 
1786049732.609 -0.009764985 -0.0124712 -0.007579304 21.52661 
1786049732.684 -0.009758172 -0.006821102 -0.007730971 21.77995 
1786049732.776 -0.00475043 -0.008369853 -0.007873623 22.06471 
1786049732.862 -0.004742562 -0.008293749 -0.007361678 22.35455 
1786049732.938 -0.004736025 -0.004935796 -0.007046468 22.59596 
1786049733.026 -0.004728368 -0.005922407 -0.00651389 22.87925 
1786049733.118 -0.004719303 -0.005156425 -0.006603186 23.21187 
1786049733.243 -0.009708073 -0.003525549 -0.007356081 23.63275 
1786049733.328 -0.004699841 -0.002211201 -0.006992608 23.93961 
1786049733.396 -0.009692784 -0.009913826 -0.006730351 24.19996 
1786049733.481 -0.00968505 -0.0109701 -0.00701535 24.48962 
1786049733.564 -0.004678225 -0.00438452 -0.008025377 24.74916 
1786049733.649 -0.004669969 -0.007290651 -0.006562728 25.05615 
1786049733.724 -0.004662248 -0.005799587 -0.007046533 25.34719 
1786049733.817 -0.00965365 -0.006002564 -0.006851846 25.67578 
1786049733.884 -0.009647395 -0.006643626 -0.007782402 25.9092 
1786049733.954 -0.004640457 -0.003654869 -0.007505368 26.17622 
1786049734.029 -0.004633882 -0.003454648 -0.007068268 26.42278 
1786049734.095 -0.004626907 -0.003572126 -0.007379013 26.68878 
1786049734.176 -0.004619529 -0.004520371 -0.007143759 26.97815 
1786049734.247 -0.009612228 -0.006948709 -0.007696788 27.2506 
1786049734.330 -0.004604618 -0.008304769 -0.007282159 27.54674 
1786049734.423 -0.004596215 -0.009300106 -0.007372489 27.8667 
1786049734.501 -0.004588757 -0.009611837 -0.008121332 28.15498 
1786049734.592 -0.004579531 -0.00364821 -0.006991624 28.51254 
1786049734.676 -0.009571254 -0.007156332 -0.006774673 28.83819 
1786049734.779 -0.009562369 -0.001385822 -0.006490509 29.18093 
1786049734.880 -0.004551501 -0.00106232 -0.007376277 29.60656 
1786049734.943 -0.004544532 -0.002775083 -0.00776567 29.88412 
1786049735.024 -0.004537944 -0.002227353 -0.007430736 30.13986 
1786049735.099 -0.009529669 -0.002670804 -0.00780116 30.4668 
1786049735.163 -0.009522859 -0.007282279 -0.007203644 30.74061 
1786049735.232 -0.004516038 -0.005967187 -0.007690357 31.00777 
1786049735.303 -0.004509405 -0.008803639 -0.007292123 31.27221 
1786049735.380 -0.004501373 -0.006761959 -0.007568458 31.59323 
1786049735.457 -0.00449462 -0.004477788 -0.007815053 31.86812 
1786049735.537 -0.009486664 -0.007956539 -0.007856051 32.18425 
1786049735.637 -0.004476304 -0.002579924 -0.007186335 32.60281 
1786049735.719 -0.004468821 -0.003641702 -0.006709632 32.91443 
1786049735.821 -0.004458631 -0.001867798 -0.007741294 33.32123 
1786049735.894 -0.004450228 -0.002804432 -0.008033991 33.66508 
1786049735.960 -0.004444219 -0.009422591 -0.007686571 33.91586 
1786049736.038 -0.004436101 -0.00874026 -0.00740548 34.24605 
1786049736.112 -0.004428578 -0.005605201 -0.008327448 34.55714 
1786049736.186 -0.004420848 -0.005926564 -0.007630414 34.87793 
1786049736.253 -0.004414318 -0.004979058 -0.00751856 35.14989 
1786049736.325 -0.004407484 -0.006290692 -0.008193117 35.43553 
1786049736.415 -0.004398735 -0.001230688 -0.007704092 35.80268 
1786049736.509 -0.004389478 -0.001118798 -0.008080606 36.19304 
1786049736.620 -0.004378204 -0.002283241 -0.008620506 36.67105 
1786049736.706 -0.004369545 -7.543647e-05 -0.007532257 37.04027 
1786049736.788 -0.004360683 -0.004533777 -0.007068956 37.41994 
1786049736.862 -0.004353231 -0.007749789 -0.007573538 37.74063 
1786049736.947 -0.004345377 -0.006994098 -0.007172406 38.08477 
1786049737.037 -0.004336417 -0.005419654 -0.007664907 38.48281 
1786049737.126 -0.00432736 -0.006461411 -0.006982764 38.87856 
1786049737.194 -0.004319715 -0.00493557 -0.007649486 39.20104 
1786049737.261 -0.004312777 -0.005947115 -0.007131216 39.50725 
1786049737.329 -0.004305843 -0.002253707 -0.007782385 39.81442 
1786049737.406 -0.004298712 -0.003272037 -0.008613822 40.13624 
1786049737.483 -0.004290885 0.0009216477 -0.00710501 40.48206 
1786049737.561 -0.004282663 -0.001281987 -0.008645603 40.85172 
1786049737.657 -0.00427435 -0.008060709 -0.007927997 41.23234 
1786049737.747 -0.004265047 -0.005630608 -0.007768496 41.65111 
1786049737.871 -0.004252965 -0.009223021 -0.007655528 42.20505 
1786049737.951 -0.004243696 -0.007391664 -0.007152214 42.63342 
1786049738.023 -0.004237328 -0.006666361 -0.007376938 42.93414 
1786049738.098 -0.004229181 -0.003608082 -0.007823085 43.31017 
1786049738.189 -0.004220455 -0.002145679 -0.009321193 43.72529 
1786049738.260 -0.004213231 -0.001893703 -0.007960396 44.06265 
1786049738.345 -0.004205921 -0.0007145194 -0.007736639 44.41512 
1786049738.418 -0.004197938 -0.00263541 -0.008365558 44.79315 
1786049738.482 -0.004190959 -0.003466976 -0.008440317 45.12959 
1786049738.564 -0.004183262 -0.00553065 -0.00765431 45.50303 
1786049738.653 -0.004175455 -0.0004067594 -0.007261 45.88422 
1786049738.752 -0.004165843 -0.004231275 -0.008438713 46.37124 
1786049738.839 -0.004157577 -0.002892445 -0.007222164 46.76752 
1786049738.922 -0.004149597 -0.002987376 -0.007770908 47.16622 
1786049739.003 -0.004141896 0.004708549 -0.006188835 47.55908 
1786049739.077 -0.004135457 0.004475408 -0.007114825 47.88537 
1786049739.153 0.0008714518 0.004968202 -0.006111628 48.23784 
1786049739.241 0.0008789019 0.009264454 -0.007440904 48.62984 
1786049739.302 0.0008849541 0.006209767 -0.008225141 48.92952 
1786049739.376 0.0008907729 0.002906135 -0.006322258 49.23267 
1786049739.444 0.000897048 0.004459893 -0.007427285 49.56157 
1786049739.515 0.0009025787 0.004167795 -0.007419144 49.85318 
1786049739.601 0.0009096474 0.006137301 -0.007031871 50.22868 
1786049739.711 0.0009189352 0.004300636 -0.007048606 50.72656 
1786049739.804 0.0009263668 0.004971629 -0.00773868 51.12867 
1786049739.881 0.0009330559 0.004147981 -0.006787351 51.49824 
1786049739.957 0.005938632 0.01055972 -0.006232401 51.80047 
1786049740.034 0.005945165 0.006718156 -0.00720461 52.16219 
1786049740.114 0.0009513065 0.005851154 -0.006372685 52.50507 
1786049740.196 0.0009574485 0.008799477 -0.005751652 52.85083 
1786049740.275 0.00596374 0.007260698 -0.006814783 53.20752 
1786049740.361 0.0009698002 0.005804307 -0.007223189 53.55407 
1786049740.446 0.0009763695 0.005157825 -0.006158662 53.93728 
1786049740.536 0.000982412 0.00513744 -0.00576116 54.28886 
1786049740.620 0.0009885878 0.00402323 -0.006264304 54.6514 
1786049740.703 -0.004006096 0.002409983 -0.005358665 54.96198 
1786049740.782 -0.003999942 0.005755691 -0.005392855 55.33336 
1786049740.857 -0.003994493 0.006275868 -0.00533376 55.65734 
1786049740.932 -0.003989656 0.006512518 -0.005919587 55.95083 
1786049741.000 -0.003984809 0.004868003 -0.004157604 56.24736 
1786049741.085 -0.003979163 0.006425308 -0.005604352 56.59558 
1786049741.169 -0.003973727 0.007810524 -0.006344137 56.93803 
1786049741.263 -0.003967983 0.007188387 -0.005029406 57.29481 
1786049741.330 -0.003963146 0.007566054 -0.006674803 57.6014 
1786049741.402 -0.003958686 0.007598009 -0.006640162 57.88652 
1786049741.475 0.001045782 0.006301587 -0.006029707 58.17435 
1786049741.544 0.001050072 0.006942699 -0.004977686 58.45305 
1786049741.624 0.001054911 0.006803368 -0.00580652 58.77002 
1786049741.712 0.006059386 0.00890856 -0.005968725 59.06952 
1786049741.816 0.006065492 0.005958524 -0.00434176 59.47734 
1786049741.915 0.006071429 0.001677491 -0.005722919 59.89768 
1786049742.010 0.006076975 0.006187667 -0.004934195 60.25743 
1786049742.079 0.006081209 0.00436084 -0.006108481 60.54593 
1786049742.153 0.006085001 0.004006354 -0.005413824 60.81013 
1786049742.226 0.006089177 0.004218512 -0.006079806 61.10731 
1786049742.316 0.006093559 0.007547645 -0.005395406 61.41809 
1786049742.407 0.006098082 0.009721195 -0.005238352 61.74236 
1786049742.502 0.006103097 0.007932416 -0.004713096 62.10575 
1786049742.584 0.006107366 0.008649465 -0.004768494 62.41492 
1786049742.697 0.001112508 0.003815382 -0.005931294 62.80336 
1786049742.803 0.00611837 0.003022853 -0.004665802 63.2405 
1786049742.892 0.001122488 0.008539042 -0.004581022 63.55054 
1786049742.972 0.001126491 0.008139806 -0.004680987 63.85866 
1786049743.061 0.001130289 0.006793342 -0.005787662 64.16153 
1786049743.154 0.001134386 0.007579206 -0.004504417 64.48034 
1786049743.242 0.001138543 0.0053056 -0.004822485 64.81503 
1786049743.326 0.001142232 0.00578852 -0.005877753 65.10522 
1786049743.416 0.001145943 0.008789174 -0.004740273 65.4113 
1786049743.521 0.001150135 0.00430986 -0.004082176 65.75364 
1786049743.621 0.001154202 0.007723983 -0.00472996 66.09365 
1786049743.716 0.001158547 0.005743897 -0.003742991 66.46222 
1786049743.807 0.006162128 0.005941463 -0.002714834 66.7701 
1786049743.901 0.001165641 0.003058409 -0.005054833 67.07559 
1786049743.997 0.001169427 0.007832476 -0.001931918 67.40966 
1786049744.092 0.00617306 0.00601617 -0.00271651 67.73443 
1786049744.185 0.001176545 0.008524367 -0.003390875 68.05357 
1786049744.270 0.001179423 0.00674212 -0.001888666 68.31445 
1786049744.354 0.006182707 0.00769352 0.0002433051 68.61966 
1786049744.431 0.001185271 0.005922579 5.570443e-07 68.86085 
1786049744.532 0.006188569 0.005666145 -0.0005831519 69.17833 
1786049744.639 0.001192157 0.002856308 0.00162369 69.52204 
1786049744.722 0.001194983 0.006979847 0.003165793 69.79953 
1786049744.808 0.001197754 0.005772096 0.003180573 70.07511 
1786049744.901 0.00120047 0.007101726 0.005563977 70.34874 
1786049744.997 0.001203313 0.008165317 0.005834979 70.6423 
1786049745.079 0.001206153 0.005664507 0.004843945 70.93362 
1786049745.164 0.001208264 0.006556935 0.005924046 71.15531 
1786049745.244 0.006210852 0.006879726 0.005899652 71.43358 
1786049745.330 0.001213245 0.007238292 0.005530589 71.69175 
1786049745.402 0.001215316 0.003676611 0.004557808 71.91489 
1786049745.483 0.006217216 0.004955035 0.005767909 72.12476 
1786049745.581 0.001219768 0.007508654 0.005561381 72.41656 
1786049745.651 0.001221952 0.004449824 0.005695677 72.65883 
1786049745.746 0.006223964 0.007263946 0.005041361 72.89363 
1786049745.890 0.006227701 0.006344136 0.006815709 73.32954 
1786049746.001 0.006230193 0.005959399 0.006349432 73.63127 
1786049746.098 0.006232411 0.006368319 0.00565515 73.90188 
1786049746.190 0.006234688 0.007922957 0.006594781 74.18154 
1786049746.302 0.006236753 0.004323839 0.004902575 74.4615 
1786049746.422 0.006239745 0.002047746 0.005538241 74.83002 
1786049746.534 0.006241954 0.008470886 0.006557843 75.12876 
1786049746.689 0.006244972 0.004521062 0.006046667 75.54309 
1786049746.780 0.006246936 0.004786495 0.006411235 75.79471 
1786049746.863 0.006248602 0.006489893 0.006876506 76.0282 
1786049746.959 0.00625021 0.003940094 0.006423512 76.25985 
1786049747.060 0.006252028 0.00674678 0.004943316 76.53107 
1786049747.137 0.006253483 0.006410393 0.006305445 76.73534 
1786049747.228 0.006255022 0.00450219 0.006783891 76.96607 
1786049747.314 0.001256554 0.00789836 0.00602859 77.19988 
1786049747.425 0.006258077 0.004974588 0.006038393 77.43658 
1786049747.540 0.006260053 0.003510824 0.005932492 77.7504 
1786049747.625 0.00626142 0.006485233 0.006479761 77.97209 
1786049747.728 0.001262808 0.005349325 0.005780426 78.20159 
1786049747.809 0.001264072 0.003950091 0.005154471 78.41428 
1786049747.902 0.006265289 0.00365553 0.005766102 78.62274 
1786049747.989 0.00126658 0.006538167 0.005839319 78.85056 
1786049748.070 0.001267689 0.005141451 0.005648768 79.0457 
1786049748.159 0.00126877 0.004348965 0.006490585 79.24361 
1786049748.233 0.006269649 0.002994115 0.005709428 79.4031 
1786049748.305 0.006270616 0.002151403 0.005952184 79.5842 
1786049748.393 0.006271618 0.002766726 0.007786925 79.775 
1786049748.459 0.00627241 0.00366545 0.007250644 79.93042 
1786049748.523 0.001273138 0.008533816 0.006556023 80.07126 
1786049748.605 0.00127406 0.008478598 0.007179695 80.25536 
1786049748.683 0.001274903 0.007464537 0.006005665 80.4268 
1786049748.751 0.00127562 0.006540793 0.006854786 80.57494 
1786049748.814 0.00127628 0.004559216 0.006742749 80.71553 
1786049748.892 0.001277094 0.005064627 0.006783083 80.88715 
1786049748.975 0.001277876 0.003748757 0.006801922 81.05707 
1786049749.042 0.001278551 0.008919053 0.006392334 81.20868 
1786049749.125 0.001279201 0.008896806 0.006615536 81.35481 
1786049749.205 0.001279968 0.004127344 0.007295858 81.5286 
1786049749.287 0.001280712 0.008410078 0.00617607 81.70668 
1786049749.354 0.001281299 0.004330915 0.006802783 81.84459 
1786049749.428 0.001281879 0.007074902 0.006136669 81.98333 
1786049749.498 0.001282501 0.004426664 0.006343213 82.13674 
1786049749.566 0.006283003 0.004393819 0.008120779 82.2651 
1786049749.638 0.006283585 0.005346912 0.00771044 82.41186 
1786049749.705 0.006284076 0.003501765 0.008394993 82.53991 
1786049749.781 0.00628462 0.007729103 0.008179284 82.68405 
1786049749.852 0.00128512 0.008253236 0.006806225 82.81917 
1786049749.920 0.001285599 0.007414016 0.007132328 82.95309 
1786049749.977 0.001285973 0.005277747 0.00704273 83.05596 
1786049750.038 0.006286377 0.004049148 0.007676081 83.17099 
1786049750.110 0.006286753 0.007133718 0.007207813 83.28144 
1786049750.176 0.006287223 0.006465426 0.007433232 83.41816 
1786049750.258 0.006287691 0.005113079 0.008175274 83.56076 
1786049750.325 0.006288115 0.008078518 0.006880489 83.68927 
1786049750.382 0.001288438 0.00544604 0.007354132 83.7919 
1786049750.440 0.001288763 0.004337088 0.006048211 83.89365 
1786049750.514 0.00128915 0.002560044 0.006456664 84.01883 
1786049750.581 0.006289498 0.006960174 0.007608351 84.13585 
1786049750.648 0.006289842 0.006290295 0.00799713 84.24998 
1786049750.723 0.00129019 0.007815066 0.007587428 84.36975 
1786049750.790 0.006290513 0.006091947 0.006262716 84.48327 
1786049750.852 0.006290822 0.007098565 0.00645302 84.59399 
1786049750.911 0.006291078 0.005462168 0.006858625 84.68892 
1786049750.980 0.006291378 0.004927972 0.006983219 84.79911 
1786049751.050 0.001291644 0.006119287 0.005882373 84.90026 
1786049751.121 0.006291971 0.007727794 0.00783719 85.02724 
1786049751.181 0.001292196 0.004696072 0.00678068 85.11824 
1786049751.247 0.00629245 0.004317021 0.007083366 85.21924 
1786049751.307 0.001292677 0.004957234 0.006712942 85.3131 
1786049751.367 0.001292893 0.003552005 0.005952059 85.4045 
1786049751.423 0.001293093 0.005337611 0.006074781 85.49051 
1786049751.486 0.001293308 0.004346046 0.006606678 85.58463 
1786049751.552 0.001293523 0.003395884 0.006360202 85.68064 
1786049751.619 0.001293736 0.002582093 0.005877063 85.77998 
1786049751.691 0.001293958 0.004266465 0.005803067 85.88254 
1786049751.783 0.001294203 0.005420655 0.00721439 86.00073 
1786049751.846 0.00629441 0.001886598 0.007147264 86.1033 
1786049751.909 0.006294577 0.006018006 0.00783918 86.18797 
1786049751.964 0.006294725 0.00517751 0.007373559 86.26627 
1786049752.028 0.006294892 0.005852053 0.008090832 86.3532 
1786049752.089 0.006295038 0.001942724 0.007329974 86.43242 
1786049752.156 0.006295187 0.005143994 0.007280907 86.51609 
1786049752.224 0.006295348 0.002762731 0.007131854 86.60655 
1786049752.285 0.006295494 0.006809243 0.007206503 86.69196 
1786049752.350 0.006295627 0.005511137 0.007434697 86.77124 
1786049752.427 0.001295789 0.006589795 0.006958364 86.87087 
1786049752.486 0.001295901 0.004800657 0.007594321 86.94302 
1786049752.540 0.001296009 0.004477405 0.006250409 87.01182 
1786049752.597 0.001296116 0.004151357 0.007186417 87.08229 
1786049752.665 0.001296236 0.005234688 0.007102838 87.16387 
1786049752.735 0.001296347 0.003910555 0.006262711 87.24187 
1786049752.809 0.006296464 0.005650318 0.006948508 87.32579 
1786049752.888 0.001296589 0.005819395 0.005865017 87.41976 
1786049752.973 0.0012967 0.004315886 0.007150352 87.50535 
1786049753.039 0.001296805 0.0004125713 0.006321705 87.58959 
1786049753.105 -0.00370311 0.0002153151 0.005753538 87.65819 
1786049753.164 -0.003703031 0.001194363 0.00652328 87.7248 
1786049753.232 -0.003702949 0.001455638 0.006606039 87.79672 
1786049753.298 0.001297123 0.0037566 0.006479154 87.86237 
1786049753.372 0.001297201 0.0008075589 0.00633977 87.93411 
1786049753.436 -0.003702724 0.002621362 0.006178392 88.0056 
1786049753.493 -0.003702666 -0.0006057805 0.006619675 88.06414 
1786049753.555 -0.003702609 0.0006607222 0.005569205 88.12177 
1786049753.620 -0.003702551 -0.002441283 0.005554264 88.18331 
1786049753.686 -0.003702492 -0.001800464 0.006646013 88.24844 
1786049753.759 -0.003702434 -0.0008513516 0.006647643 88.31423 
1786049753.818 -0.003702388 0.002440191 0.006942841 88.36796 
1786049753.877 0.001297656 0.00601092 0.007128105 88.42172 
1786049753.947 0.001297705 0.00457294 0.006922568 88.48417 
1786049754.012 0.001297748 0.004302209 0.005893259 88.5411 
1786049754.089 0.001297792 0.003924294 0.006579082 88.60108 
1786049754.148 0.001297827 0.00524808 0.006372556 88.65083 
1786049754.205 0.006297862 0.01062085 0.009094604 88.70206 
1786049754.276 0.006297898 0.01179503 0.00991456 88.75706 
1786049754.342 0.00629793 0.009672006 0.01002475 88.80854 
1786049754.408 0.01129796 0.0122668 0.0111353 88.85669 
1786049754.474 0.01129799 0.0145508 0.01200641 88.90822 
1786049754.533 0.01129801 0.01403824 0.01149426 88.95213 
1786049754.594 0.01129803 0.01379317 0.01125507 88.99368 
1786049754.657 0.01129806 0.01373935 0.01175442 89.03579 
1786049754.726 0.01129808 0.01327006 0.01110276 89.08447 
1786049754.784 0.0112981 0.009757593 0.01116588 89.12462 
1786049754.849 0.01129812 0.01421271 0.01108263 89.16774 
1786049754.914 0.01129813 0.01502315 0.01212952 89.20727 
1786049754.992 0.01129815 0.01534805 0.01111554 89.2562 
1786049755.074 0.01129817 0.007932968 0.009689085 89.30477 
1786049755.153 0.01129819 0.01285221 0.009822296 89.35173 
1786049755.222 0.0112982 0.01060651 0.01007724 89.38819 
1786049755.305 0.01129821 0.01204236 0.009805339 89.4327 
1786049755.378 0.01129822 0.01386309 0.009769051 89.47399 
1786049755.448 0.01129823 0.0121554 0.01105234 89.50781 
1786049755.520 0.01129824 0.01450751 0.0114317 89.54334 
1786049755.587 0.01129825 0.01315237 0.01060137 89.57479 
1786049755.663 0.006298253 0.007851784 0.009982822 89.60736 
1786049755.716 0.01129826 0.01088245 0.009717618 89.63348 
1786049755.785 0.01129826 0.01000983 0.009410608 89.65872 
1786049755.845 0.006298268 0.009141532 0.008735529 89.68584 
1786049755.899 0.01129827 0.01249547 0.009863671 89.70764 
1786049755.958 0.01129827 0.01589712 0.01125937 89.7294 
1786049756.028 0.01129828 0.01129712 0.01174288 89.75313 
1786049756.094 0.01629828 0.01475402 0.01143553 89.77678 
1786049756.161 0.01629828 0.0143013 0.01118202 89.7986 
1786049756.223 0.01129828 0.009930846 0.009566079 89.81839 
1786049756.284 0.01129829 0.009633187 0.00865392 89.83603 
1786049756.349 0.006298287 0.009363278 0.007985281 89.85384 
1786049756.428 0.006298289 0.009096267 0.008627094 89.87391 
1786049756.494 0.00629829 0.008908842 0.009026563 89.89018 
1786049756.566 0.006298291 0.008745623 0.008425253 89.90661 
1786049756.639 0.006298291 0.008626555 0.008137979 89.92073 
1786049756.709 0.006298292 0.0085297 0.0089862 89.93442 
1786049756.771 0.01129829 0.008464709 0.009199173 89.9455 
1786049756.839 0.006298292 0.008412907 0.008449307 89.95629 
1786049756.900 0.006298293 0.008379499 0.008084958 89.96497 
1786049756.970 0.01129829 0.008354145 0.009201435 89.9734 
1786049757.035 0.01129829 0.008338785 0.008843145 89.98026 
1786049757.096 0.01129829 0.01232922 0.01007367 89.98594 
1786049757.162 0.01129829 0.01232352 0.01097909 89.991 
1786049757.230 0.01629829 0.01632087 0.01111387 89.99483 
1786049757.298 0.01129829 0.01631985 0.01100646 89.99757 
1786049757.361 0.01129829 0.01231958 0.01084821 89.99942 
1786049757.422 0.01129829 0.01231957 0.01016915 89.99999 
1786049757.484 0.01129829 0.01231957 0.01012034 90 
1786049757.554 0.01129829 0.01231957 0.01012034 90 
1786049757.606 0.01129829 0.01231957 0.01012034 90 
1786049757.667 0.01129829 0.01231957 0.01012034 90 
1786049757.720 0.01129829 0.01231957 0.008850338 90 
1786049757.781 0.01129829 0.01231957 0.008850338 90 
1786049757.839 0.01129829 0.01231957 0.008850338 90 
1786049757.892 0.01129829 0.01231957 0.01012034 90 
1786049757.945 0.01129829 0.01231957 0.008850338 90 
1786049758.011 0.01129829 0.01231957 0.008850338 90 
1786049758.070 0.01129829 0.01231957 0.008850338 90 
1786049758.121 0.01129829 0.01231957 0.008850338 90 
1786049758.176 0.01129829 0.01231957 0.008850338 90 
1786049758.241 0.01129829 0.01231957 0.008850338 90 
1786049758.291 0.01129829 0.01231957 0.008850338 90 
1786049758.351 0.01129829 0.01231957 0.008850338 90 
1786049758.410 0.006298293 0.008319566 0.008850338 90 
1786049758.473 0.006298293 0.008319566 0.008850338 90 
1786049758.526 0.01129829 0.01231957 0.008850338 90 
1786049758.586 0.01129829 0.01231957 0.008850338 90 
1786049758.657 0.01129829 0.008319566 0.008850338 90 
1786049758.725 0.01129829 0.008319566 0.007580339 90 
1786049758.790 0.01129829 0.01231957 0.008850338 90 
1786049758.841 0.01129829 0.01231957 0.007580339 90 
1786049758.900 0.006298293 0.008319566 0.007580339 90 
1786049758.960 0.01129829 0.008319566 0.007580339 90 
1786049759.011 0.006298293 0.008319566 0.007580339 90 
1786049759.065 0.01129829 0.01231957 0.007580339 90 
1786049759.123 0.006298293 0.008319566 0.007580339 90 
1786049759.173 0.006298293 0.008319566 0.007580339 90 
1786049759.228 0.006298293 0.008319566 0.007580339 90 
1786049759.289 0.01129829 0.008319566 0.007580339 90 
1786049759.349 0.006298293 0.008319566 0.007580339 90 
1786049759.402 0.006298293 0.008319566 0.007580339 90 
1786049759.458 0.006298293 0.008319566 0.007580339 90 
1786049759.526 0.01129829 0.008319566 0.007580339 90 
1786049759.591 0.006298293 0.008319566 0.007580339 90 
1786049759.645 0.006298293 0.008319566 0.00631034 90 
1786049759.704 0.006298293 0.008319566 0.00631034 90 
1786049759.761 0.01129829 0.008319566 0.007580339 90 
1786049759.821 0.006298293 0.008319566 0.007580339 90 
1786049759.873 0.006298293 0.008319566 0.007580339 90 
1786049759.928 0.01129829 0.008319566 0.007580339 90 
1786049759.982 0.006298293 0.008319566 0.006328068 90 
1786049760.039 0.006298293 0.004319579 0.007818161 89.9995 
1786049760.102 0.006298293 0.004319765 0.007437982 89.99798 
1786049760.168 0.001298293 0.004320561 0.006174104 89.99548 
1786049760.237 0.001298293 0.004322949 0.007535251 89.99161 
1786049760.299 0.001298293 0.004327571 0.008570806 89.98712 
1786049760.364 0.001298293 0.00433669 0.008252032 89.98128 
1786049760.426 0.001298293 0.00835115 0.007684819 89.97458 
1786049760.497 0.001298293 0.004373685 0.00722205 89.96672 
1786049760.568 -0.003701708 0.004411444 0.006523083 89.95664 
1786049760.631 -0.008701708 0.004459222 0.007185084 89.94654 
1786049760.696 -0.003701708 0.004522448 0.007674917 89.93556 
1786049760.752 -0.003701709 0.004597813 0.007172565 89.92453 
1786049760.811 -0.003701709 0.004688892 0.007934945 89.91305 
1786049760.880 -0.00870171 0.004831648 0.005441003 89.89762 
1786049760.939 -0.008701711 0.004976089 0.00633225 89.88408 
1786049761.011 -0.003701712 0.005182107 0.007242128 89.86713 
1786049761.079 -0.003701713 0.001429134 0.006736361 89.8493 
1786049761.146 -0.003701715 0.005735451 0.0072515 89.82948 
1786049761.209 -0.003701716 0.006072544 0.007609795 89.81058 
1786049761.266 -0.003701718 0.006440119 0.006826041 89.79166 
1786049761.324 -0.00370172 0.006847652 0.007301827 89.77253 
1786049761.384 0.001298277 0.007311281 0.007405821 89.75255 
1786049761.448 0.006298274 0.007845544 0.007919143 89.73136 
1786049761.507 0.006298271 0.004491846 0.006613249 89.70778 
1786049761.565 0.006298267 0.005174075 0.007040585 89.68478 
1786049761.627 0.006298263 0.006005257 0.007373046 89.65886 
1786049761.699 0.01129826 0.01095431 0.008220364 89.63149 
1786049761.774 0.006298251 0.00426226 0.006855126 89.5968 
1786049761.837 0.001298245 0.00543673 0.006705082 89.56802 
1786049761.901 -0.003701762 0.002715209 0.004489426 89.53824 
1786049761.962 -0.003701769 0.0001952473 0.00425693 89.50697 
1786049762.017 -0.003701776 0.001566435 0.006850672 89.4793 
1786049762.085 -0.003701786 0.003393383 0.007070377 89.44452 
1786049762.145 0.001298205 0.005153129 0.007043905 89.41301 
1786049762.211 0.001298194 0.007231598 0.005892898 89.37782 
1786049762.280 -0.00870182 0.001793671 0.004463629 89.33702 
1786049762.344 -0.003701832 0.004282047 0.005331265 89.29968 
1786049762.402 -0.003701846 0.002805621 0.005951898 89.2637 
1786049762.463 0.001298141 0.005476514 0.006859268 89.22748 
1786049762.521 0.001298125 0.008344487 0.007556574 89.19037 
1786049762.586 0.001298107 0.007743612 0.007074388 89.1485 
1786049762.652 0.00629809 0.007056896 0.006576088 89.10955 
1786049762.713 0.006298068 0.007220645 0.007284123 89.06291 
1786049762.766 0.006298051 0.006573693 0.005223863 89.02629 
1786049762.827 0.001298029 0.002682635 0.005787569 88.98472 
1786049762.905 -0.003702 0.00019681 0.005317283 88.93055 
1786049762.973 -0.003702029 0.00574066 0.00698002 88.87874 
1786049763.039 -0.003702058 0.007336151 0.007239615 88.82884 
1786049763.099 -0.003702087 0.004839821 0.005698736 88.78163 
1786049763.156 -0.008702116 0.00247895 0.005534888 88.73516 
1786049763.226 -0.003702151 0.005274576 0.005911181 88.68132 
1786049763.287 -0.003702185 0.007617355 0.007249037 88.63298 
1786049763.346 -0.003702221 0.006541899 0.005094416 88.58124 
1786049763.406 -0.00370226 0.005976186 0.006588374 88.52941 
1786049763.472 0.001297699 0.005694718 0.005833692 88.47574 
1786049763.538 -0.003702349 0.002926884 0.004749484 88.41581 
1786049763.600 -0.003702396 0.003838332 0.005083274 88.35925 
1786049763.654 0.001297562 0.008007676 0.006581038 88.30905 
1786049763.710 0.006297516 0.008710658 0.007366644 88.25717 
1786049763.788 0.001297459 0.003985892 0.005375835 88.19213 
1786049763.856 0.001297392 0.004423995 0.005967952 88.12307 
1786049763.921 0.00129733 0.008264331 0.005662169 88.05852 
1786049763.976 -0.003702731 0.003921938 0.006635545 87.999 
1786049764.035 -0.003702793 0.007716047 0.006520575 87.93956 
1786049764.104 -0.00370286 0.00446254 0.005007145 87.87615 
1786049764.168 -0.003702938 0.007354517 0.005211361 87.80654 
1786049764.239 0.001296978 0.007460746 0.007263828 87.73262 
1786049764.315 0.001296884 0.009621144 0.005795038 87.65207 
1786049764.379 0.001296791 0.007182242 0.005678431 87.5767 
1786049764.437 0.00129671 0.006596297 0.005724347 87.51241 
1786049764.504 0.001296614 0.004882772 0.006440671 87.4383 
1786049764.568 0.001296525 0.005920818 0.006405251 87.37106 
1786049764.631 0.001296423 0.005468034 0.004486202 87.29486 
1786049764.693 0.00129632 0.005211886 0.005424617 87.22229 
1786049764.754 0.00629621 0.01009581 0.008404071 87.14634 
1786049764.811 0.006296111 0.009070479 0.006159798 87.07907 
1786049764.869 0.001296002 0.005787435 0.005927354 87.00735 
1786049764.928 0.00129589 0.007267048 0.006723839 86.93471 
1786049764.991 0.001295771 0.00629629 0.006046569 86.85873 
1786049765.065 0.001295617 0.003785836 0.004532468 86.76401 
1786049765.149 -0.008704555 -0.007289138 -0.0013434 86.66145 
1786049765.228 -0.01370474 -0.01280027 -0.006244818 86.55602 
1786049765.302 -0.00870492 -0.01408238 -0.007507614 86.45553 
1786049765.375 -0.01370509 -0.01366637 -0.009088579 86.36311 
1786049765.437 -0.01370525 -0.01496344 -0.00918826 86.27766 
1786049765.502 -0.01370542 -0.01415255 -0.00869067 86.18841 
1786049765.558 -0.008705589 -0.01428967 -0.008140606 86.10376 
1786049765.622 -0.01370576 -0.01336619 -0.008792649 86.01818 
1786049765.677 -0.01370593 -0.0130571 -0.007867756 85.93593 
1786049765.736 -0.0137061 -0.01174803 -0.008643652 85.85281 
1786049765.801 -0.0137063 -0.01320541 -0.008852512 85.7587 
1786049765.860 -0.0137065 -0.01308675 -0.008075736 85.67232 
1786049765.921 -0.0137067 -0.01058524 -0.009359874 85.58056 
1786049765.977 -0.008706888 -0.009522587 -0.007356865 85.49701 
1786049766.039 -0.01370711 -0.01267367 -0.008285754 85.40501 
1786049766.105 -0.01370734 -0.01176999 -0.008008314 85.30594 
1786049766.173 -0.008707561 -0.009756982 -0.007997701 85.21514 
1786049766.234 -0.008707838 -0.01283531 -0.007956969 85.10301 
1786049766.290 -0.00870806 -0.01039363 -0.00723351 85.01513 
1786049766.347 -0.008708288 -0.01080967 -0.007283748 84.92631 
1786049766.418 -0.008708561 -0.009948864 -0.00735215 84.82065 
1786049766.484 -0.008708872 -0.0112423 -0.006915206 84.70577 
1786049766.548 -0.01370914 -0.01038447 -0.008362635 84.60437 
1786049766.602 -0.01370942 -0.01156605 -0.007206921 84.50872 
1786049766.661 -0.008709683 -0.008309663 -0.006953646 84.41388 
1786049766.733 -0.008710013 -0.009426341 -0.006838007 84.29963 
1786049766.799 -0.008710367 -0.009714647 -0.007470771 84.17911 
1786049766.861 -0.008710665 -0.008813403 -0.007095672 84.07809 
1786049766.921 -0.008710987 -0.01140034 -0.007555002 83.97436 
1786049766.985 -0.008711344 -0.01110977 -0.006846405 83.85929 
1786049767.051 -0.008711718 -0.00778813 -0.006881609 83.74124 
1786049767.112 -0.008712044 -0.009499574 -0.00636788 83.63827 
1786049767.180 -0.008712461 -0.00980154 -0.006896678 83.51278 
1786049767.243 -0.008712842 -0.009088272 -0.006776138 83.39883 
1786049767.310 -0.008713239 -0.009264736 -0.006334767 83.28207 
1786049767.369 -0.008713614 -0.009588834 -0.007274099 83.17346 
1786049767.429 -0.008714032 -0.00987956 -0.00762882 83.05476 
1786049767.487 -0.01371442 -0.007853455 -0.006672177 82.94625 
1786049767.550 -0.00871485 -0.00948621 -0.007025374 82.82745 
1786049767.634 -0.008715407 -0.008533768 -0.006062316 82.67128 
1786049767.699 -0.008715885 -0.007975873 -0.006840523 82.55014 
1786049767.770 -0.00871642 -0.009690936 -0.006657741 82.41057 
1786049767.839 -0.00871694 -0.01045993 -0.006322999 82.27757 
1786049767.918 -0.008717521 -0.007519249 -0.005809185 82.12747 
1786049767.980 -0.008718069 -0.006811442 -0.006966393 81.996 
1786049768.036 -0.008718556 -0.009782666 -0.005611235 81.87751 
1786049768.103 -0.008719097 -0.01054449 -0.006872844 81.74799 
1786049768.160 -0.008719615 -0.007527864 -0.006134189 81.62577 
1786049768.229 -0.008720154 -0.0109085 -0.005735705 81.49841 
1786049768.292 -0.00872076 -0.008929415 -0.006245908 81.35966 
1786049768.357 -0.00872138 -0.01042744 -0.005909134 81.21989 
1786049768.416 -0.00872192 -0.007361365 -0.00591253 81.09998 
1786049768.474 -0.008722519 -0.008870455 -0.006729714 80.97091 
1786049768.533 -0.008723072 -0.01129511 -0.005905473 80.8515 
1786049768.590 -0.008723666 -0.009811428 -0.005919898 80.72488 
1786049768.657 -0.01372435 -0.008086721 -0.00713035 80.58009 
1786049768.729 -0.008725072 -0.005283866 -0.005646235 80.4319 
1786049768.803 -0.008725773 -0.009426539 -0.00722409 80.28687 
1786049768.856 -0.0087265 -0.008631077 -0.006497281 80.14317 
1786049768.915 -0.008727175 -0.01168158 -0.006044075 80.00958 
1786049768.984 -0.008727945 -0.008608185 -0.005537599 79.85924 
1786049769.049 -0.008728697 -0.009043321 -0.004970075 79.71464 
1786049769.112 -0.00372944 -0.007057857 -0.005225552 79.57355 
1786049769.180 -0.003730261 -0.007996462 -0.007162654 79.4177 
1786049769.240 -0.008731061 -0.00947399 -0.005931264 79.27231 
1786049769.301 -0.008731827 -0.007258272 -0.006216581 79.13057 
1786049769.360 -0.00373262 -0.007707305 -0.004494415 78.99027 
1786049769.423 -0.008733429 -0.005197012 -0.005545437 78.84662 
1786049769.483 -0.008734213 -0.007506827 -0.005458926 78.70928 
1786049769.551 -0.008735122 -0.005832967 -0.005354166 78.55192 
1786049769.609 -0.008735994 -0.00740813 -0.005602085 78.40312 
1786049769.666 -0.00873681 -0.00756899 -0.006461646 78.26538 
1786049769.729 -0.008737714 -0.006937847 -0.005066678 78.11477 
1786049769.788 -0.00873862 -0.005878171 -0.005948642 77.96313 
1786049769.874 -0.00873988 -0.01027928 -0.004885206 77.75868 
1786049769.956 -0.008741109 -0.006514765 -0.005762725 77.5624 
1786049770.031 -0.008742367 -0.006230188 -0.005711225 77.36458 
1786049770.102 -0.008743474 -0.006866113 -0.005221265 77.19569 
1786049770.174 -0.008744737 -0.009597696 -0.004688497 77.00267 
1786049770.251 -0.003745977 -0.008776972 -0.004805285 76.81591 
1786049770.344 -0.008747436 -0.006026153 -0.006005606 76.59934 
1786049770.430 -0.00374913 -0.006593476 -0.004971332 76.35234 
1786049770.491 -0.008750315 -0.004220048 -0.005759002 76.18196 
1786049770.561 -0.003751597 -0.007338726 -0.005832465 75.99743 
1786049770.638 -0.003753019 -0.007749092 -0.004455575 75.80099 
1786049770.699 -0.008754257 -0.007477043 -0.004853623 75.62988 
1786049770.764 -0.003755516 -0.006996409 -0.00549185 75.45781 
1786049770.829 -0.003756817 -0.006542203 -0.004953209 75.27929 
1786049770.903 -0.003758348 -0.006039405 -0.004327113 75.07779 
1786049770.971 -0.008759658 -0.007829569 -0.004532977 74.90522 
1786049771.040 -0.003761119 -0.004886031 -0.005829835 74.71235 
1786049771.104 -0.008762606 -0.004756187 -0.005446025 74.52373 
1786049771.163 -0.0037639 -0.005423466 -0.004537092 74.35644 
1786049771.234 -0.008765417 -0.004029753 -0.005227357 74.16564 
1786049771.310 -0.008767167 -0.009794061 -0.004674314 73.95108 
1786049771.374 -0.008768648 -0.006845593 -0.004828605 73.76926 
1786049771.452 -0.003770487 -0.00306533 -0.0044377 73.5434 
1786049771.536 -0.008772388 -0.00399817 -0.004711053 73.31607 
1786049771.616 -0.008774451 -0.006595255 -0.004342912 73.0755 
1786049771.696 -0.008776508 -0.005776367 -0.005729749 72.83613 
1786049771.774 -0.008778504 -0.008543901 -0.005668292 72.60676 
1786049771.845 -0.008780276 -0.006088273 -0.004965631 72.40565 
1786049771.917 -0.008782239 -0.007238947 -0.00546792 72.18555 
1786049771.985 -0.008784047 -0.005913854 -0.005330065 71.98491 
1786049772.053 -0.008786023 -0.008462183 -0.00526784 71.76829 
1786049772.121 -0.003787894 -0.007245365 -0.005467079 71.56544 
1786049772.194 -0.008789909 -0.006346709 -0.00477736 71.34923 
1786049772.275 -0.003792163 -0.007879585 -0.005592696 71.10724 
1786049772.352 -0.003794489 -0.00766807 -0.00554954 70.86366 
1786049772.431 -0.003796859 -0.007081694 -0.005216642 70.62145 
1786049772.514 -0.003799334 -0.00623971 -0.005084297 70.36869 
1786049772.589 -0.003801669 -0.008389761 -0.005209721 70.12981 
1786049772.682 -0.003804556 -0.004929604 -0.004912986 69.84514 
1786049772.771 -0.003807636 -0.01054022 -0.005295368 69.53911 
1786049772.869 -0.008810548 -0.004529117 -0.003815745 69.25997 
1786049772.978 -0.00381434 -0.004366309 -0.003900629 68.89459 
1786049773.047 -0.003816933 -0.005174541 -0.004367779 68.65334 
1786049773.125 -0.003819747 -0.007786594 -0.003816681 68.39126 
1786049773.196 -0.00882207 -0.005233636 -0.003541706 68.17045 
1786049773.260 -0.003824609 -0.003165865 -0.003573999 67.94528 
1786049773.323 -0.003826891 -0.003409737 -0.002881197 67.73888 
1786049773.403 -0.003829956 -0.006006079 -0.003597522 67.46452 
1786049773.473 -0.008832577 -0.005322644 -0.002711569 67.22895 
1786049773.544 -0.003835277 -0.006336292 -0.003415654 66.9921 
1786049773.632 -0.008838451 -0.007498551 -0.004522103 66.71992 
1786049773.714 -0.008841721 -0.007075313 -0.004421253 66.43593 
1786049773.787 -0.003845006 -0.003608635 -0.003867707 66.15711 
1786049773.855 -0.008847807 -0.008588051 -0.004900832 65.92517 
1786049773.937 -0.003851196 -0.005352914 -0.004688042 65.63983 
1786049774.016 -0.008854514 -0.003788936 -0.004689127 65.3703 
1786049774.097 -0.003857884 -0.004021187 -0.005061622 65.09585 
1786049774.161 -0.003860999 -0.005074928 -0.004731599 64.84472 
1786049774.235 -0.008864025 -0.002641654 -0.0036765 64.59939 
1786049774.300 -0.003867002 -0.002709022 -0.004113466 64.3672 
1786049774.364 -0.00887011 -0.005088697 -0.004304431 64.12316 
1786049774.429 -0.003873027 -0.007003326 -0.004034533 63.89247 
1786049774.498 -0.003876265 -0.005631666 -0.004278665 63.64613 
1786049774.569 -0.003879546 -0.002908516 -0.004221879 63.39153 
1786049774.628 -0.003882581 -0.005987527 -0.004540568 63.16117 
1786049774.695 -0.00388585 -0.002931953 -0.004377145 62.91899 
1786049774.757 -0.003888913 -0.009950745 -0.003822988 62.69025 
1786049774.823 -0.003892063 -0.004337522 -0.004010223 62.45697 
1786049774.909 -0.00389617 -0.00809479 -0.003142084 62.14073 
1786049774.979 -0.008899925 -0.006875119 -0.004675154 61.8823 
1786049775.055 -0.00390389 -0.003547869 -0.003549549 61.59302 
1786049775.141 -0.003908392 -0.005703216 -0.002159491 61.27181 
1786049775.215 -0.003912479 -0.00522706 -0.003826087 60.98684 
1786049775.286 -0.003916404 -0.003608554 -0.002210821 60.71204 
1786049775.352 -0.003919992 -0.003658517 -0.002272683 60.45885 
1786049775.432 -0.003924355 -0.001000523 -0.002103215 60.16231 
1786049775.497 -0.003928324 -0.007043088 -0.003588071 59.89123 
1786049775.569 -0.003932459 -0.00133462 -0.004476915 59.61113 
1786049775.632 -0.00393618 -0.002718792 -0.002714153 59.36125 
1786049775.702 -0.003940003 -0.004609188 -0.003121845 59.10627 
1786049775.766 -0.00394387 -0.001991042 -0.0042694 58.85027 
1786049775.829 -0.003947782 0.001188828 -0.003682185 58.59314 
1786049775.887 -0.008951556 -0.002089805 -0.003695867 58.34715 
1786049775.949 -0.003955 -0.00434076 -0.003176595 58.11984 
1786049776.021 -0.003959227 -0.004950465 -0.004480977 57.85189 
1786049776.088 -0.003963822 -0.007514722 -0.004347446 57.55851 
1786049776.161 -0.003968538 -0.00669991 -0.003717316 57.25974 
1786049776.228 -0.008972601 -0.00671999 -0.004180887 57.00445 
1786049776.285 -0.003976643 -0.00686471 -0.004779938 56.74797 
1786049776.360 -0.003980926 -0.004886386 -0.005226195 56.47425 
1786049776.431 -0.003986195 -0.006562599 -0.005116284 56.16253 
1786049776.493 -0.003990108 -0.006246312 -0.003927563 55.91922 
1786049776.554 -0.008994676 -0.006797247 -0.005025306 55.64213 
1786049776.617 -0.003998879 -0.004032503 -0.004420139 55.38887 
1786049776.681 -0.004003335 -0.00367257 -0.005359474 55.12203 
1786049776.742 -0.004007696 -0.006552244 -0.004597678 54.86265 
1786049776.804 -0.004011888 -0.003493699 -0.005100534 54.61912 
1786049776.865 -0.004016409 -0.004123547 -0.0043475 54.35374 
1786049776.929 -0.004021194 -0.002142745 -0.003885315 54.07446 
1786049776.994 -0.00402581 -0.002529864 -0.003313443 53.80278 
1786049777.069 -0.004031441 -0.001232698 -0.004269146 53.48298 
1786049777.138 -0.004036311 -0.0031309 -0.005398109 53.20468 
1786049777.198 -0.004041003 -0.002989538 -0.004346554 52.93829 
1786049777.257 -0.004045741 0.001948616 -0.00319656 52.67095 
1786049777.318 -0.004050448 -0.007084786 -0.004742319 52.40687 
1786049777.379 -0.004055122 -0.002473306 -0.005242142 52.1464 
1786049777.447 -0.004060392 -0.003855428 -0.004596475 51.85427 
1786049777.521 -0.004066117 -0.007910026 -0.004225905 51.53049 
1786049777.591 -0.004071744 -0.003788584 -0.003996564 51.22696 
1786049777.650 -0.004076697 -0.00589302 -0.005337435 50.96253 
1786049777.715 -0.004082025 -0.004560825 -0.00379174 50.6705 
1786049777.771 -0.004086658 -0.003555186 -0.004431256 50.42617 
1786049777.834 -0.004092 -0.003276291 -0.004306668 50.141 
1786049777.890 -0.004096801 -0.002343246 -0.005764415 49.88605 
1786049777.954 -0.009101728 -0.001317467 -0.005080372 49.62141 
1786049778.018 -0.004107559 -0.003721888 -0.004340387 49.31978 
1786049778.079 -0.0091131 -0.001412524 -0.004897849 49.03084 
1786049778.140 -0.004118167 -0.001726823 -0.00563021 48.76318 
1786049778.197 -0.004123454 -4.361353e-05 -0.005917616 48.49485 
1786049778.270 -0.00412959 -0.002947815 -0.004428232 48.17548 
1786049778.342 -0.004135788 -0.0003027314 -0.004516534 47.86382 
1786049778.417 -0.004142321 -0.004603989 -0.004997591 47.53267 
1786049778.486 -0.00414929 -0.005665464 -0.005039935 47.18177 
1786049778.565 -0.004155961 -0.003533131 -0.004509562 46.84813 
1786049778.639 -0.004163642 -0.004679786 -0.004735833 46.46637 
1786049778.702 -0.004169507 -0.004412688 -0.005047802 46.17655 
1786049778.759 -0.004175136 -0.001379191 -0.005392216 45.89983 
1786049778.818 -0.004180521 -0.0008902877 -0.004317562 45.63653 
1786049778.879 -0.004186629 -0.002362317 -0.003930594 45.33943 
1786049778.938 -0.004192299 0.0004815045 -0.004351977 45.06484 
1786049779.001 -0.004198409 0.003463601 -0.004340102 44.76576 
1786049779.069 -0.00420517 0.001727259 -0.004529917 44.44169 
1786049779.132 -0.00421159 0.0006891938 -0.004359399 44.13571 
1786049779.193 -0.004218064 0.001232651 -0.004582727 43.8336 
1786049779.254 -0.004224184 -0.001941542 -0.005649386 43.53999 
1786049779.319 -0.004230662 -0.0006851711 -0.005598985 43.24059 
1786049779.387 -0.004237923 -0.001923303 -0.004597486 42.90164 
1786049779.460 -0.00424483 -0.002544042 -0.005309574 42.56614 
1786049779.535 -0.004252751 -0.002001614 -0.005274345 42.21492 
1786049779.603 -0.004260642 0.0009631588 -0.004419978 41.85258 
1786049779.665 -0.004266986 0.0007086536 -0.004280525 41.55281 
1786049779.724 -0.004273814 0.0006649646 -0.004737617 41.25207 
1786049779.786 -0.004280367 0.0002054279 -0.005005326 40.9555 
1786049779.851 -0.004287411 0.001608804 -0.004600029 40.63807 
1786049779.931 -0.004296296 0.002530042 -0.004951832 40.23948 
1786049779.994 -0.004303356 0.002740384 -0.00554432 39.91993 
1786049780.053 -0.00431047 0.001442666 -0.005334891 39.60915 
1786049780.113 -0.004317296 -0.002784741 -0.005324918 39.30754 
1786049780.174 -0.004324058 -0.003432307 -0.005225192 39.00517 
1786049780.246 -0.004332259 -0.001174929 -0.004384076 38.651 
1786049780.309 -0.004339361 -0.004809017 -0.005126428 38.3415 
1786049780.370 -0.004346985 -0.000594027 -0.005723649 38.01055 
1786049780.430 -0.004354076 -0.002394935 -0.004683381 37.70422 
1786049780.494 -0.004361456 -0.0009580065 -0.004715349 37.38684 
1786049780.551 -0.004368528 0.0007957997 -0.004685526 37.07866 
1786049780.605 -0.004375166 0.001409138 -0.00485189 36.80046 
1786049780.665 -0.004382332 0.002190734 -0.005063255 36.49577 
1786049780.725 -0.004389303 0.001432599 -0.005249621 36.19533 
1786049780.780 -0.004396566 0.0005620233 -0.004711936 35.89405 
1786049780.839 -0.004403878 0.001033241 -0.005593302 35.58674 
1786049780.902 -0.004411614 -0.001416004 -0.004881109 35.26293 
1786049780.971 -0.004419783 -0.001281253 -0.005983394 34.92232 
1786049781.038 -0.004428393 -0.0007112988 -0.005817333 34.5594 
1786049781.103 -0.004437067 0.003745991 -0.003825722 34.20623 
1786049781.159 -0.004444389 0.006059062 -0.004829091 33.90485 
1786049781.225 -0.004452145 0.007410873 -0.00578311 33.58649 
1786049781.315 -0.004464399 0.00367044 -0.004360564 33.08615 
1786049781.382 -0.004472813 0.002642472 -0.005555971 32.74422 
1786049781.442 -0.004481284 0.0006337775 -0.005667648 32.40132 
1786049781.503 -0.004489279 -0.004493884 -0.005309924 32.07885 
1786049781.565 -0.004497325 -0.002250653 -0.005168223 31.75025 
1786049781.629 -0.004505691 0.001993586 -0.004940841 31.42055 
1786049781.694 -0.004515203 0.002525022 -0.004565238 31.04111 
1786049781.749 -0.004522861 0.001221708 -0.004575855 30.7368 
1786049781.807 -0.004530426 -0.002011811 -0.005304462 30.43686 
1786049781.866 -0.004538727 0.003346097 -0.005731137 30.10897 
1786049781.935 -0.004548196 0.003741953 -0.006306851 29.73643 
1786049782.018 -0.004558855 0.003530989 -0.005120604 29.31842 
1786049782.089 -0.004569737 -0.002153776 -0.005033014 28.88801 
1786049782.162 -0.004579845 -0.004482941 -0.006647701 28.49486 
1786049782.219 -0.004588728 -0.003094668 -0.006526503 28.15049 
1786049782.281 -0.004597666 -0.0001978049 -0.005812996 27.81097 
1786049782.340 -0.00460622 -0.002413641 -0.004724309 27.48147 
1786049782.410 -0.009615993 9.040533e-05 -0.005532553 27.10063 
1786049782.477 -0.004626123 -0.001274383 -0.005026103 26.71347 
1786049782.538 -0.004635133 0.003524733 -0.005283413 26.37519 
1786049782.598 -0.004644194 -0.001871834 -0.005781704 26.03061 
1786049782.663 -0.004653607 -0.003640372 -0.006192813 25.66811 
1786049782.726 -0.004663375 -0.006665395 -0.005564161 25.30477 
1786049782.782 -0.004671988 -0.001586248 -0.005627653 24.98007 
1786049782.841 -0.004680799 -0.002941165 -0.004858075 24.64892 
1786049782.903 -0.004690114 -0.003813083 -0.006552321 24.29974 
1786049782.958 -0.004698711 0.001991693 -0.006120863 23.97848 
1786049783.013 -0.004707195 -0.001616327 -0.00576761 23.65634 
1786049783.080 -0.00471743 0.001164935 -0.006579809 23.28129 
1786049783.140 -0.004726942 -0.002171979 -0.004948381 22.9287 
1786049783.208 -0.009737448 -0.003820411 -0.006268841 22.54015 
1786049783.283 -0.004747539 -0.00458971 -0.006211734 22.16783 
1786049783.348 -0.004759433 -0.0008449085 -0.00638215 21.73048 
1786049783.405 -0.004769003 -0.005178928 -0.00578171 21.37946 
1786049783.467 -0.004778781 -0.001731858 -0.006597549 21.02167 
1786049783.537 -0.004789416 0.001325363 -0.006113468 20.63349 
1786049783.597 -0.004799945 0.004270349 -0.005878723 20.25028 
1786049783.653 -0.004808897 -0.001933295 -0.005443052 19.92503 
1786049783.705 -0.004817725 8.224803e-05 -0.005394384 19.60505 
1786049783.773 -0.004828402 -0.00489504 -0.006955649 19.21857 
1786049783.835 -0.004838636 -0.002295506 -0.005729735 18.84959 
1786049783.892 -0.004848254 -0.001280427 -0.005810958 18.50316 
1786049783.956 -0.004858584 -0.0005144364 -0.005491021 18.12596 
1786049784.019 -0.00486913 0.001609959 -0.006061793 17.7538 
1786049784.075 -0.004878883 0.004338581 -0.005190392 17.40487 
1786049784.132 -0.004888848 0.00345427 -0.005650753 17.04905 
1786049784.192 -0.004898516 0.0019365 -0.005961427 16.6983 
1786049784.266 -0.004910957 -0.002031568 -0.006078592 16.26165 
1786049784.330 -0.004921918 -0.0006188696 -0.006398845 15.87262 
1786049784.384 -0.004931722 -0.0001128984 -0.007153157 15.52506 
1786049784.443 -0.004941739 -0.001958107 -0.005237179 15.16476 
1786049784.508 -0.004953013 0.00220493 -0.006075191 14.77262 
1786049784.572 -0.00496364 -0.000281126 -0.006300871 14.3978 
1786049784.644 -0.004975538 9.927829e-05 -0.005816155 13.9794 
1786049784.714 -0.004988019 -0.002485663 -0.0057801 13.53448 
1786049784.775 -0.004999498 5.798737e-05 -0.005870873 13.1324 
1786049784.831 -0.005010137 -6.031242e-05 -0.00591158 12.7663 
1786049784.888 -0.005019747 0.003403057 -0.006022984 12.42389 
1786049784.947 -0.005030106 9.062141e-05 -0.00592402 12.06233 
1786049785.008 -0.005041223 0.004925986 -0.006232341 11.68121 
1786049785.069 -0.005052382 0.004184302 -0.006200164 11.29265 
1786049785.126 -0.005063041 -9.4601e-05 -0.006584656 10.92216 
1786049785.189 -0.005073375 -0.002416882 -0.006780524 10.56333 
1786049785.251 -0.005085203 -0.003458918 -0.00663713 10.15323 
1786049785.318 -0.005097442 -0.001862542 -0.007140173 9.728989 
1786049785.382 -0.005109363 -0.005283048 -0.006229433 9.317009 
1786049785.444 -0.005119852 -0.005873485 -0.006635507 8.954269 
1786049785.496 -0.01013075 -0.001329563 -0.005837609 8.578527 
1786049785.557 -0.01014186 -0.00646359 -0.00654961 8.195179 
1786049785.624 -0.01015394 -0.006752365 -0.006603995 7.778866 
1786049785.691 -0.00516607 -0.01088505 -0.006634585 7.355239 
1786049785.768 -0.005180114 -0.004900345 -0.007161425 6.872505 
1786049785.837 -0.005193648 -0.003939627 -0.005967475 6.407641 
1786049785.895 -0.005204398 -0.002845974 -0.006879267 6.045219 
1786049785.953 -0.005216316 -0.002746394 -0.006454488 5.636561 
1786049786.020 -0.005227511 -0.0006892939 -0.005867976 5.252954 
1786049786.082 -0.005240072 -0.005655738 -0.00647749 4.822757 
1786049786.138 -0.005251143 -0.007136717 -0.006564599 4.443745 
1786049786.200 -0.005262629 -0.00561808 -0.006222651 4.050871 
1786049786.276 -0.005277415 -0.00568747 -0.006712231 3.545253 
1786049786.338 -0.005288972 -0.002396641 -0.006375222 3.143976 
1786049786.395 -0.005300754 -0.00430016 -0.006779628 2.741575 
1786049786.451 -0.005311597 -0.0013859 -0.006796709 2.377554 
1786049786.511 -0.005323049 -0.006184815 -0.005987947 1.980206 
1786049786.571 -0.005333945 -0.005211747 -0.006617737 1.614808 
1786049786.626 -0.01034545 -0.007600513 -0.006808718 1.222084 
1786049786.683 -0.00535679 -0.002174675 -0.007293582 0.835407 
1786049786.748 -0.005368938 -0.001969366 -0.005986909 0.4208601 
1786049786.821 -0.005383278 -0.003215006 -0.006450113 -0.06824574 
1786049786.899 -0.005398 -0.003550386 -0.006884905 -0.5705925 
1786049786.975 -0.005412875 -0.006677937 -0.007117067 -1.077972 
1786049787.052 -0.005427705 -0.006360164 -0.006886045 -1.584086 
1786049787.133 -0.005443654 -0.008281243 -0.007815619 -2.128341 
1786049787.200 -0.005456839 -0.001223207 -0.007564576 -2.585005 
1786049787.270 -0.0004705641 -0.004875367 -0.007695857 -3.053849 
1786049787.333 -0.0004830919 -0.008243346 -0.008146247 -3.475499 
1786049787.398 -0.0004955831 -0.006596463 -0.008285639 -3.902383 
1786049787.460 -0.0005076545 -0.009137286 -0.00753076 -4.315264 
1786049787.517 -0.0005187364 -0.004651091 -0.007913242 -4.700927 
1786049787.581 -0.0005303585 -0.004660446 -0.008149185 -5.09889 
1786049787.644 -0.0005427049 -0.002786349 -0.007604648 -5.521831 
1786049787.713 -0.005554634 -0.00467944 -0.007449022 -5.931 
1786049787.781 -0.0005678435 -0.009909888 -0.00783453 -6.384043 
1786049787.848 -0.005579316 -0.006726862 -0.00870253 -6.77169 
1786049787.910 -0.005592624 -0.009126911 -0.008363976 -7.228839 
1786049787.966 -0.0006034582 -0.007981945 -0.008421408 -7.601489 
1786049788.029 -0.005614816 -0.002781731 -0.008276993 -7.992545 
1786049788.092 -0.0006266918 -0.002673521 -0.008621023 -8.401799 
1786049788.162 -0.0006388946 -0.004126836 -0.007668317 -8.82946 
1786049788.223 -0.005650684 -0.008485849 -0.008105494 -9.23035 
1786049788.283 -0.0006616976 -0.00906443 -0.007856178 -9.611059 
1786049788.350 -0.0006739506 -0.006050262 -0.007739829 -10.04157 
1786049788.406 -0.005684337 -0.006561398 -0.008530587 -10.40163 
1786049788.476 -0.0006963186 -0.004933909 -0.007897573 -10.81735 
1786049788.533 -0.00570735 -0.003588228 -0.008817451 -11.20082 
1786049788.598 -0.0007183405 -0.004736082 -0.008808149 -11.58337 
1786049788.658 -0.005730005 -0.003224462 -0.009193576 -11.98334 
1786049788.723 -0.005741444 -0.0105623 -0.008420861 -12.38273 
1786049788.791 -0.0007524812 -0.01068603 -0.008745045 -12.76858 
1786049788.847 -0.0007634737 -0.00726247 -0.008055931 -13.15331 
1786049788.913 -0.005775126 -0.005759509 -0.008184277 -13.56178 
1786049788.978 -0.0007860264 -0.004007662 -0.007171327 -13.94476 
1786049789.039 -0.0007967064 -0.004287292 -0.007664567 -14.32032 
1786049789.096 -0.0008069941 -0.003480499 -0.007857381 -14.68294 
1786049789.159 -0.005817933 -0.00625525 -0.009097311 -15.06892 
1786049789.227 -0.005829514 -0.006412902 -0.008579906 -15.47848 
1786049789.300 -0.005841384 -0.007434009 -0.009051545 -15.89915 
1786049789.376 -0.0008543909 -0.003356336 -0.008635533 -16.36095 
1786049789.442 -0.005866647 -0.006572601 -0.008294601 -16.79719 
1786049789.511 -0.0008774877 -0.003930317 -0.008259891 -17.18983 
1786049789.572 -0.005888277 -0.003614136 -0.008109107 -17.56963 
1786049789.631 -0.0008986798 -0.004802954 -0.008047697 -17.94226 
1786049789.689 -0.0009080342 -0.006245073 -0.008132729 -18.27782 
1786049789.759 -0.0009196711 -0.007759403 -0.008265689 -18.70236 
1786049789.825 -0.005930421 -0.006737469 -0.009744647 -19.08403 
1786049789.888 -0.000941116 -0.004089988 -0.009154075 -19.47062 
1786049789.951 -0.005951103 -0.004627991 -0.008314112 -19.83235 
1786049790.010 -0.0009612051 -0.003351338 -0.007535538 -20.19912 
1786049790.072 -0.0009706096 -0.003212111 -0.007703356 -20.54129 
1786049790.128 -0.005980292 -0.005992258 -0.008627834 -20.89448 
1786049790.187 -0.005989447 -0.009608138 -0.009294987 -21.23502 
1786049790.246 -0.0009988772 -0.004505329 -0.008631232 -21.57464 
1786049790.306 -0.001008262 -0.004212358 -0.00856657 -21.91932 
1786049790.365 -0.006018073 -0.002314368 -0.008747896 -22.28047 
1786049790.429 -0.001027991 -0.004231167 -0.008306579 -22.64657 
1786049790.496 -0.006038011 -0.002482133 -0.007587424 -23.01754 
1786049790.571 -0.001049373 -0.000454414 -0.008031224 -23.4394 
1786049790.639 -0.001060047 -0.005959407 -0.007434448 -23.83664 
1786049790.703 -0.001070503 -0.005055927 -0.008855799 -24.22738 
1786049790.767 -0.001080134 -0.005691012 -0.009140812 -24.58811 
1786049790.825 -0.001089104 -0.004476837 -0.00797584 -24.93084 
1786049790.883 -0.001097876 -0.005152866 -0.007552241 -25.25563 
1786049790.950 -0.001106902 -0.004667297 -0.00765711 -25.60227 
1786049791.010 -0.001116922 -0.003523855 -0.009212142 -25.97615 
1786049791.072 -0.001125844 -0.007691222 -0.008666273 -26.31529 
1786049791.129 -0.001134715 -0.00534061 -0.008307091 -26.65337 
1786049791.190 -0.001143537 -0.004491246 -0.008025353 -26.99053 
1786049791.251 -0.001152309 -0.005161353 -0.008982152 -27.32692 
1786049791.316 -0.001161756 -0.01331399 -0.008001833 -27.69581 
1786049791.381 -0.001171144 -0.004017689 -0.009478008 -28.05237 
1786049791.450 0.003819813 -0.004939418 -0.008228561 -28.41373 
1786049791.511 -0.001189601 -0.006954369 -0.008760593 -28.76807 
1786049791.565 0.003802318 -0.003496316 -0.008263405 -29.08327 
1786049791.631 0.003794141 -0.005863938 -0.007544787 -29.40306 
1786049791.700 0.003783637 -0.003843779 -0.008352683 -29.81515 
1786049791.772 0.003773767 -0.00668251 -0.008780247 -30.20409 
1786049791.842 0.003764379 -0.005838187 -0.007368384 -30.57501 
1786049791.905 0.003755604 -0.011682 -0.007939805 -30.92911 
1786049791.965 0.003747157 -0.008588092 -0.007549256 -31.26011 
1786049792.029 0.003738225 -0.006660242 -0.007760962 -31.61714 
1786049792.096 0.003730426 -0.005174531 -0.00958355 -31.93007 
1786049792.158 0.003721076 -0.003563451 -0.007815517 -32.3067 
1786049792.219 0.003712985 -0.002276325 -0.008165916 -32.63381 
1786049792.283 0.003704552 -0.003751835 -0.008686917 -32.97596 
1786049792.345 0.003696569 -0.002978283 -0.008464354 -33.30127 
1786049792.403 0.003688897 -0.001722381 -0.009020577 -33.61491 
1786049792.458 0.00368166 -0.007634904 -0.008414944 -33.91194 
1786049792.523 0.0036737 -0.007308018 -0.008123394 -34.23991 
1786049792.584 0.003665666 -0.005051095 -0.008595353 -34.57717 
1786049792.644 0.003658573 -0.01011074 -0.007887716 -34.8718 
1786049792.704 0.003650645 -0.004127419 -0.008571787 -35.19666 
1786049792.764 0.003643271 -0.003831434 -0.00809163 -35.50519 
1786049792.826 0.003635451 -0.006378614 -0.006884093 -35.83349 
1786049792.889 0.003627933 0.001512104 -0.007143119 -36.15043 
1786049792.977 0.003617787 -0.0007619989 -0.007742143 -36.5803 
1786049793.043 0.003608943 0.0002463941 -0.00745915 -36.96194 
1786049793.107 0.003601251 0.001286711 -0.006830553 -37.28597 
1786049793.165 0.003594568 -0.002287204 -0.007145459 -37.5731 
1786049793.228 0.003586866 -0.003225071 -0.007801421 -37.90531 
1786049793.292 0.003579339 -0.001808173 -0.008229124 -38.23652 
1786049793.361 0.003571522 -0.0007057887 -0.006959978 -38.57166 
1786049793.422 0.003564227 -0.003640381 -0.006665329 -38.89079 
1786049793.482 0.003557218 -0.0008486314 -0.007948872 -39.20361 
1786049793.545 0.003550032 0.003474344 -0.00825119 -39.51566 
1786049793.602 0.003543578 0.00403936 -0.007695571 -39.80151 
1786049793.665 0.003536498 0.004349663 -0.007939661 -40.11668 
1786049793.726 0.003529694 0.003742193 -0.007601825 -40.42092 
1786049793.786 0.003523273 0.006132629 -0.008432146 -40.71425 
1786049793.861 0.003515257 0.001111822 -0.006999273 -41.07584 
1786049793.933 0.003507855 -0.001358899 -0.007898564 -41.40663 
1786049793.992 0.00350084 0.00301013 -0.006614058 -41.73147 
1786049794.049 0.003494416 0.001826763 -0.008002839 -42.02584 
1786049794.111 0.003487934 0.003251602 -0.006561031 -42.32419 
1786049794.176 0.003481399 -0.0005880367 -0.006750665 -42.62156 
1786049794.260 -0.001526749 0.003499574 -0.006808754 -43.00039 
1786049794.333 -0.001535019 0.002761306 -0.007284393 -43.39236 
1786049794.401 -0.001542185 0.003734502 -0.007333692 -43.72485 
1786049794.461 -0.001548275 0.002791464 -0.007751465 -44.01286 
1786049794.528 -0.001555018 0.002615248 -0.00671801 -44.33367 
1786049794.586 -0.001560708 0.001177103 -0.006547969 -44.60562 
1786049794.651 -0.001567241 0.004936564 -0.007028345 -44.91942 
1786049794.713 -0.00157313 0.004305049 -0.006147034 -45.20873 
1786049794.771 -0.001578971 0.001197346 -0.007736782 -45.48736 
1786049794.833 -0.001584956 0.0003666502 -0.006796224 -45.77936 
1786049794.889 -0.001590319 0.0005650569 -0.007449491 -46.04223 
1786049794.953 -0.001596492 0.003468225 -0.008470773 -46.34645 
1786049795.013 -0.001601859 0.00246097 -0.007038523 -46.6171 
1786049795.074 -0.001607649 0.006321791 -0.005590153 -46.90068 
1786049795.141 -0.001614033 0.005669659 -0.007857144 -47.22041 
1786049795.206 -0.001619443 0.006916729 -0.007121459 -47.49284 
1786049795.270 -0.001624989 0.006124834 -0.006406374 -47.77373 
1786049795.333 -0.001631384 0.007409296 -0.005939076 -48.09921 
1786049795.393 -0.001636649 0.004849312 -0.0065894 -48.37342 
1786049795.465 -0.001642749 0.001885464 -0.006367457 -48.68307 
1786049795.538 -0.001649223 0.002434825 -0.006786346 -49.02774 
1786049795.615 -0.001655886 0.002992086 -0.007311967 -49.36642 
1786049795.703 -0.001663155 0.003117775 -0.006505232 -49.74878 
1786049795.791 -0.001670583 0.001928544 -0.006297202 -50.14261 
1786049795.867 -0.00167717 -0.0001469798 -0.006092993 -50.49442 
1786049795.929 -0.001682449 -0.0002856442 -0.007138864 -50.78279 
1786049795.996 -0.001687758 0.002042975 -0.006016829 -51.07015 
1786049796.054 -0.001692693 0.004579789 -0.007359516 -51.33431 
1786049796.124 -0.00169822 0.004192635 -0.005352476 -51.63719 
1786049796.190 -0.001703058 0.00414259 -0.006032665 -51.90408 
1786049796.271 -0.001709879 0.006926833 -0.007807935 -52.28262 
1786049796.356 -0.001716148 0.004117702 -0.006098823 -52.63352 
1786049796.430 -0.00172173 0.002134557 -0.0067177 -52.94837 
1786049796.512 -0.001728073 0.001700853 -0.006622843 -53.30918 
1786049796.588 -0.001733444 0.005576614 -0.005527275 -53.62962 
1786049796.655 -0.0017389 0.005402884 -0.005314484 -53.93173 
1786049796.734 -0.001744074 0.001575009 -0.006820753 -54.23258 
1786049796.811 -0.001749833 0.001506331 -0.006570564 -54.57008 
1786049796.876 -0.001754599 -0.0002463341 -0.006168726 -54.8516 
1786049796.951 -0.001759733 0.0002250324 -0.005841681 -55.15694 
1786049797.041 -0.001765012 0.004552637 -0.005262134 -55.48615 
1786049797.119 -0.001771247 0.003311453 -0.005584404 -55.85049 
1786049797.193 -0.001776382 0.004037334 -0.005815498 -56.16384 
1786049797.269 -0.001781121 0.005676351 -0.006952311 -56.45932 
1786049797.334 -0.001785934 0.00422592 -0.006735295 -56.75361 
1786049797.398 -0.00179004 0.00441454 -0.004881701 -57.01004 
1786049797.477 -0.001795127 0.003910365 -0.005665055 -57.32998 
1786049797.542 -0.001799387 0.005566591 -0.006055958 -57.60018 
1786049797.611 -0.001803661 0.005790271 -0.007442291 -57.87334 
1786049797.683 -0.001808069 0.007792731 -0.005720425 -58.15725 
1786049797.747 -0.001811997 0.00587964 -0.005370633 -58.41209 
1786049797.816 0.003183878 0.001657791 -0.005497188 -58.68176 
1786049797.874 -0.00181978 0.004333939 -0.007213431 -58.92664 
1786049797.952 -0.00182387 0.001569394 -0.006275138 -59.19417 
1786049798.027 -0.001828434 0.001187928 -0.005054161 -59.49938 
1786049798.091 -0.001832476 0.005076361 -0.00560539 -59.77226 
1786049798.161 -0.001836523 0.002077929 -0.006136569 -60.04766 
1786049798.243 0.003159425 -0.0001575721 -0.005194904 -60.32563 
1786049798.346 -0.001846498 0.003065667 -0.005630619 -60.73633 
1786049798.442 -0.001851444 -0.0002758419 -0.006399171 -61.08722 
1786049798.540 -0.001856836 -0.002354663 -0.005171256 -61.46619 
1786049798.621 -0.001861296 0.001435661 -0.006180883 -61.78629 
1786049798.730 -0.001866555 0.001700113 -0.005897851 -62.1681 
1786049798.802 -0.001870608 0.005438574 -0.003830415 -62.4696 
1786049798.888 -0.001874253 0.00395868 -0.005075376 -62.73593 
1786049798.975 -0.001879066 0.004489659 -0.006698839 -63.10385 
1786049799.055 -0.001882976 0.005882843 -0.004600519 -63.39285 
1786049799.125 -0.001886352 0.006725421 -0.005069923 -63.65108 
1786049799.194 -0.001889635 0.005726819 -0.005525937 -63.90462 
1786049799.276 -0.001892827 0.003327656 -0.00511081 -64.15691 
1786049799.349 -0.00189679 0.0001102505 -0.003102116 -64.46519 
1786049799.432 -0.001900106 0.001505362 -0.004616614 -64.7288 
1786049799.503 -0.001903373 0.002250142 -0.004947598 -64.99832 
1786049799.575 -0.001906592 0.004219963 -0.004434151 -65.25562 
1786049799.647 -0.001909847 0.001941164 -0.005018053 -65.51876 
1786049799.719 -0.001912801 0.002050774 -0.003816717 -65.76308 
1786049799.793 -0.001915753 0.001938691 -0.00502909 -66.00959 
1786049799.863 -0.001918622 -0.002208761 -0.004737752 -66.255 
1786049799.932 -0.001921288 -0.0009594036 -0.003951221 -66.47825 
1786049800.017 -0.001924668 0.0005533855 -0.004836289 -66.77229 
1786049800.099 -0.001928065 0.0007090348 -0.004278751 -67.06788 
1786049800.171 -0.001930867 0.0004727685 -0.004372731 -67.31102 
1786049800.249 -0.001933738 0.004770135 -0.003282048 -67.56629 
1786049800.320 -0.001936452 0.002050832 -0.004514044 -67.81344 
1786049800.382 -0.001938686 0.001790689 -0.005109212 -68.01283 
1786049800.461 -0.001941357 0.003937789 -0.003854551 -68.25747 
1786049800.535 -0.001943985 0.001842559 -0.00271561 -68.50407 
1786049800.609 -0.001946813 0.004479099 -0.004336794 -68.76879 
1786049800.681 -0.001949148 0.002266597 -0.005221321 -68.9898 
1786049800.753 -0.001951682 0.002116896 -0.004299864 -69.23216 
1786049800.814 -0.00195381 0.002266202 -0.003416505 -69.4347 
1786049800.882 -0.001955908 0.006946154 -0.002780395 -69.63943 
1786049800.948 -0.001958008 0.003935438 -0.002171672 -69.84627 
1786049801.009 -0.001960076 0.002981876 -0.002524909 -70.05208 
1786049801.081 -0.001962331 0.005700692 -0.001563143 -70.27877 
1786049801.150 -0.001964427 0.007762321 -0.000629936 -70.49487 
1786049801.213 -0.001966309 0.005327655 0.0005004551 -70.68493 
1786049801.290 0.003031362 0.006096313 0.001775801 -70.92655 
1786049801.366 -0.001970808 0.004529458 0.001905709 -71.15439 
1786049801.440 -0.00197294 0.003715178 0.00258047 -71.38082 
1786049801.508 0.003025162 0.00219842 0.00362121 -71.58469 
1786049801.566 0.003023461 0.004447512 0.003241459 -71.77239 
1786049801.630 0.003021675 0.008174632 0.004137095 -71.96511 
1786049801.687 0.003020133 0.006796431 0.005248883 -72.13584 
1786049801.752 0.003018453 0.00366949 0.00609045 -72.32667 
1786049801.811 0.003016851 0.005636342 0.004667257 -72.5045 
1786049801.873 0.003015247 0.003906394 0.005498831 -72.68737 
1786049801.939 0.003013592 0.003944577 0.004169674 -72.87809 
1786049801.999 0.003012039 0.004625915 0.004677543 -73.05898 
1786049802.063 0.003010534 0.00402153 0.007144393 -73.23615 
1786049802.121 0.003009101 0.005788655 0.005255874 -73.40649 
1786049802.181 0.003007641 0.004529934 0.005665033 -73.58168 
1786049802.250 0.003006204 0.002936097 0.005146228 -73.75603 
1786049802.309 0.003004652 0.003388595 0.006222733 -73.94634 
1786049802.369 0.003003285 0.004520346 0.00553227 -74.11599 
1786049802.427 0.008002028 0.004573942 0.005989667 -74.27616 
1786049802.505 0.003000417 0.0002373328 0.006846254 -74.47746 
1786049802.576 0.002998858 0.001916203 0.006021752 -74.67734 
1786049802.647 0.002997287 0.001966334 0.005577231 -74.88153 
1786049802.709 0.002995974 0.004705414 0.006875181 -75.05695 
1786049802.771 0.002994703 0.00743766 0.006279273 -75.22325 
1786049802.827 0.007993534 0.002787352 0.005708309 -75.38321 
1786049802.884 0.002992403 0.00686294 0.005885706 -75.53419 
1786049802.950 0.002991211 0.002381297 0.006463569 -75.69772 
1786049803.010 0.002989983 0.004998331 0.005784942 -75.87104 
1786049803.072 0.002988851 0.005189031 0.006097744 -76.02743 
1786049803.135 0.007987719 0.005291112 0.006118129 -76.1908 
1786049803.200 0.002986463 0.005298994 0.006143949 -76.36892 
1786049803.257 0.007985425 0.007443797 0.005849479 -76.52251 
1786049803.313 0.002984457 0.003669879 0.005055496 -76.66749 
1786049803.380 0.002983333 0.003113234 0.006437211 -76.82968 
1786049803.437 0.007982296 0.005040013 0.006278815 -76.98565 
1786049803.492 0.002981377 0.004515785 0.006094028 -77.12562 
1786049803.549 0.002980473 0.001193287 0.004532755 -77.26479 
1786049803.617 0.002979423 0.001698751 0.00551513 -77.42834 
1786049803.691 0.007978237 0.004307525 0.006379061 -77.61568 
1786049803.754 0.00297723 0.004644386 0.00589853 -77.77686 
1786049803.818 0.002976302 0.001762493 0.006036988 -77.92713 
1786049803.881 0.002975303 0.004574945 0.005512612 -78.09123 
1786049803.943 0.007974426 0.004180803 0.005822288 -78.23721 
1786049804.005 0.00297355 0.003450914 0.005046717 -78.38472 
1786049804.074 0.002972537 0.004876662 0.005465048 -78.55757 
1786049804.137 0.007971697 0.005399722 0.006012248 -78.70296 
1786049804.196 0.002970885 0.004331055 0.006455744 -78.84509 
1786049804.262 0.007970063 0.00538088 0.005993831 -78.99102 
1786049804.324 0.00296918 0.002115551 0.005944325 -79.15002 
1786049804.390 0.007968416 0.003986516 0.005640745 -79.28934 
1786049804.447 0.002967642 0.003791866 0.006223572 -79.43235 
1786049804.517 0.002966787 0.003140086 0.005181418 -79.59262 
1786049804.587 0.002965963 0.004543736 0.005126261 -79.74941 
1786049804.652 0.002965215 0.001590676 0.006137788 -79.89606 
1786049804.711 0.002964516 0.004735896 0.005563684 -80.03043 
1786049804.770 0.002963843 0.005281775 0.005838618 -80.16399 
1786049804.831 0.002963184 0.003262312 0.005702646 -80.29656 
1786049804.895 0.002962516 0.002783074 0.006413752 -80.43271 
1786049804.964 0.002961831 0.003602255 0.007346851 -80.5765 
1786049805.031 0.00296109 0.003161229 0.00654085 -80.72998 
1786049805.088 0.002960516 0.0007458007 0.006247935 -80.85225 
1786049805.153 0.007959866 0.004940837 0.006149744 -80.99293 
1786049805.217 0.002959259 0.004833477 0.006082284 -81.12607 
1786049805.286 0.002958628 0.003055458 0.005480925 -81.26876 
1786049805.354 0.002957994 0.002345323 0.008437055 -81.41051 
1786049805.414 0.007957429 0.006287868 0.007121406 -81.5403 
1786049805.473 0.002956929 0.005846803 0.007796581 -81.65719 
1786049805.535 0.002956396 0.003552067 0.006135864 -81.78533 
1786049805.603 0.002955826 0.00446073 0.006210173 -81.92052 
1786049805.663 0.002955343 0.004752186 0.006532955 -82.03868 
1786049805.729 0.002954815 0.007115065 0.006216463 -82.17183 
1786049805.785 0.002954361 0.004185491 0.006492803 -82.28417 
1786049805.859 0.002953843 0.00328893 0.006464404 -82.41712 
1786049805.915 0.002953381 0.003422523 0.007088631 -82.53737 
1786049805.969 0.007952974 0.005231083 0.006878122 -82.64514 
1786049806.031 0.002952568 0.006704479 0.006654587 -82.75407 
1786049806.104 0.002952082 0.003504147 0.006560883 -82.88668 
1786049806.174 0.002951596 0.005576989 0.006049292 -83.02373 
1786049806.242 0.007951137 0.005239006 0.006737587 -83.15385 
1786049806.314 0.002950691 0.0052558 0.006450334 -83.2809 
1786049806.379 0.002950275 0.008605461 0.007396535 -83.4031 
1786049806.441 0.002949907 0.006970464 0.00719126 -83.51343 
1786049806.505 0.002949518 0.005121634 0.005780308 -83.63354 
1786049806.564 0.007949175 0.006775152 0.006641699 -83.73837 
1786049806.621 0.007948862 0.006567666 0.007246811 -83.83709 
1786049806.685 0.002948508 0.006203042 0.006196203 -83.95062 
1786049806.747 0.002948195 0.005979548 0.006253536 -84.05281 
1786049806.805 0.007947879 0.006194173 0.005981008 -84.15757 
1786049806.861 0.002947597 0.008075485 0.007178061 -84.25459 
1786049806.918 0.007947322 0.009567979 0.007098521 -84.34905 
1786049806.990 0.007946978 0.006326858 0.007301006 -84.4678 
1786049807.059 0.002946654 0.004179876 0.007056354 -84.58357 
1786049807.129 0.002946349 0.006409286 0.006272356 -84.69498 
1786049807.203 0.002946054 0.006846932 0.006741753 -84.80509 
1786049807.269 0.007945776 0.009529781 0.008470232 -84.91413 
1786049807.328 0.002945502 0.008193484 0.007387405 -85.01726 
1786049807.391 0.007945253 0.007829972 0.006677384 -85.11616 
1786049807.461 0.002944996 0.005658322 0.007657568 -85.22187 
1786049807.530 0.002944743 0.005174365 0.007017801 -85.32492 
1786049807.596 0.002944502 0.003156354 0.007476537 -85.42681 
1786049807.661 0.00294428 0.005677491 0.007414417 -85.52304 
1786049807.720 0.002944071 0.001591036 0.005395635 -85.61532 
1786049807.778 0.002943887 0.0005819851 0.006981791 -85.69782 
1786049807.839 0.007943684 -0.0006353257 0.006473603 -85.79116 
1786049807.903 0.0029435 -0.000844473 0.006451198 -85.8792 
1786049807.963 0.002943315 -0.002175095 0.006489555 -85.96631 
1786049808.032 0.002943114 0.000258073 0.007146217 -86.06509 
1786049808.095 0.002942942 0.001119894 0.006674686 -86.15157 
1786049808.155 0.007942776 0.001403304 0.006400659 -86.23847 
1786049808.213 0.002942623 0.002158253 0.00632994 -86.31762 
1786049808.272 0.002942477 0.00200682 0.007109019 -86.39592 
1786049808.350 0.002942288 0.002515027 0.005619319 -86.50111 
1786049808.418 0.002942135 0.003353007 0.006911918 -86.58659 
1786049808.490 0.002941976 0.001647777 0.006385459 -86.67872 
1786049808.566 0.002941809 0.001518033 0.00634167 -86.77845 
1786049808.632 0.002941676 0.0029788 0.007890107 -86.86042 
1786049808.701 0.002941542 0.004575845 0.007272963 -86.94507 
1786049808.766 -0.002058579 -0.0002779838 0.006062743 -87.02364 
1786049808.826 -0.002058698 0.002316428 0.006355949 -87.10242 
1786049808.887 -0.002058801 0.002048536 0.006668273 -87.17298 
1786049808.949 -0.002058902 0.001376248 0.007797807 -87.24386 
1786049809.011 -0.002059004 0.0008887794 0.007199892 -87.31736 
1786049809.071 -0.002059098 0.003038728 0.007127918 -87.38752 
1786049809.129 -0.002059186 0.00363557 0.005764361 -87.45337 
1786049809.194 -0.00205928 0.005490753 0.007417006 -87.5262 
1786049809.249 -0.002059359 0.004517706 0.006891148 -87.58919 
1786049809.311 -0.002059439 0.00396413 0.006976413 -87.65569 
1786049809.383 -0.002059527 0.004903396 0.006823356 -87.73087 
1786049809.437 -0.002059597 0.006094023 0.007263496 -87.79118 
1786049809.500 -0.002059669 0.003845372 0.006113037 -87.85585 
1786049809.556 -0.00205973 0.003746541 0.006486623 -87.91344 
1786049809.620 -0.002059801 0.004960238 0.007552929 -87.97931 
1786049809.699 -0.002059876 0.007243383 0.006681686 -88.05301 
1786049809.768 -0.002059945 0.004568107 0.007440842 -88.12437 
1786049809.831 -0.002060002 0.007308868 0.006898858 -88.18395 
1786049809.888 -0.002060051 0.004731825 0.006219394 -88.23783 
1786049809.955 -0.002060106 0.007272611 0.00667587 -88.30017 
1786049810.020 -0.002060152 0.008091228 0.00698032 -88.3541 
1786049810.082 -0.002060201 0.005597347 0.006527378 -88.41432 
1786049810.146 -0.002060246 0.006059839 0.007784553 -88.46997 
1786049810.211 -0.002060291 0.006571785 0.006799946 -88.528 
1786049810.275 -0.002060332 0.006366764 0.007536437 -88.58322 
1786049810.334 -0.002060366 0.004951482 0.007631294 -88.63244 
1786049810.401 -0.002060405 0.004346685 0.007296543 -88.68808 
1786049810.458 -0.002060435 0.006011236 0.007092841 -88.73306 
1786049810.515 -0.002060463 0.003478028 0.006897182 -88.77801 
1786049810.579 -0.002060493 0.005094394 0.007563882 -88.826 
1786049810.635 -0.002060519 0.006131723 0.007166833 -88.87076 
1786049810.691 -0.002060543 0.006646291 0.00750396 -88.91246 
1786049810.751 -0.002060565 0.006984879 0.006907737 -88.95409 
1786049810.824 -0.002060592 0.004110485 0.007368642 -89.00552 
1786049810.885 -0.002060614 0.004284808 0.006575656 -89.05012 
1786049810.958 -0.002060635 0.004302 0.00760473 -89.09372 
1786049811.029 -0.002060658 0.004644124 0.007197643 -89.14415 
1786049811.087 -0.002060675 0.003917098 0.006366163 -89.18423 
1786049811.150 -0.002060691 0.00696026 0.007102176 -89.22335 
1786049811.206 -0.002060704 0.00556471 0.007382079 -89.25848 
1786049811.271 -0.002060718 0.004156552 0.006522794 -89.29514 
1786049811.339 -0.002060732 0.002857138 0.006600104 -89.3355 
1786049811.402 -0.002060744 0.005120038 0.006745827 -89.37133 
1786049811.463 -0.002060755 0.003263212 0.006346776 -89.40723 
1786049811.518 -0.002060764 0.004932863 0.005937459 -89.43679 
1786049811.576 -0.002060773 0.002558447 0.006165879 -89.46716 
1786049811.637 -0.002060781 0.004126507 0.006492603 -89.49818 
1786049811.698 -0.002060788 0.001490395 0.006036984 -89.5273 
1786049811.760 -0.002060795 0.00288058 0.006164536 -89.55791 
1786049811.817 -0.002060801 0.003949578 0.007023947 -89.58338 
1786049811.874 -0.002060806 0.004976929 0.007228438 -89.60988 
1786049811.948 0.002939188 0.002118985 0.006718409 -89.64062 
1786049812.012 0.002939183 0.003019133 0.006287908 -89.66722 
1786049812.080 0.002939179 0.003866238 0.006634689 -89.69437 
1786049812.133 0.002939176 0.004485672 0.005653597 -89.71588 
1786049812.200 0.002939172 0.00514138 0.007117018 -89.74057 
1786049812.265 0.002939169 0.001687891 0.006667133 -89.76311 
1786049812.331 0.002939167 0.002156355 0.006167835 -89.7843 
1786049812.405 0.002939164 -0.001367295 0.00682918 -89.80823 
1786049812.470 0.002939162 -0.001028683 0.00579798 -89.82753 
1786049812.529 0.002939161 -0.0007403451 0.00651183 -89.84525 
1786049812.590 0.00293916 -0.004518411 0.006380571 -89.86071 
1786049812.651 0.002939159 -0.004308595 0.006126911 -89.87709 
1786049812.709 0.002939158 -0.008152956 0.005488853 -89.89104 
1786049812.768 0.002939157 -0.004015133 0.005765915 -89.90459 
1786049812.838 0.002939157 -0.007901711 0.006304315 -89.91766 
1786049812.903 0.002939156 -0.007798901 0.005610746 -89.93161 
1786049812.964 0.002939156 -0.007736207 0.006027017 -89.94175 
1786049813.024 0.002939155 -0.003681529 0.006570223 -89.95232 
1786049813.088 -0.002060845 -0.007642161 0.006181092 -89.96168 
1786049813.144 -0.002060845 -0.007617257 0.006892141 -89.96904 
1786049813.218 -0.002060845 -0.003596211 0.0066151 -89.97703 
1786049813.307 0.002939155 -0.00758072 0.007024574 -89.98558 
1786049813.372 0.002939155 -0.007574722 0.00663908 -89.99064 
1786049813.434 0.002939155 -0.003571917 0.005314444 -89.99451 
1786049813.500 0.002939155 -0.003570805 0.006323202 -89.99728 
1786049813.561 0.002939155 -0.003570476 0.005893966 -89.99917 
1786049813.621 0.002939155 -0.003570442 0.006608456 -89.99995 
1786049813.681 0.002939155 -0.003570442 0.00631034 -90 
1786049813.740 0.002939155 -0.003570442 0.00631034 -90 
1786049813.797 0.002939155 -0.003570442 0.00631034 -90 
1786049813.856 0.002939155 -0.003570442 0.00631034 -90 
1786049813.914 0.002939155 -0.003570442 0.00631034 -90 
1786049813.968 0.002939155 -0.003570442 0.00631034 -90 
1786049814.022 0.002939155 -0.003570442 0.00631034 -90 
1786049814.091 0.002939155 -0.003570442 0.00631034 -90 
1786049814.155 0.002939155 -0.003570442 0.00631034 -90 
1786049814.209 0.002939155 -0.003570442 0.00631034 -90 
1786049814.264 0.002939155 -0.003570442 0.00631034 -90 
1786049814.318 0.002939155 -0.003570442 0.00504034 -90 
1786049814.367 0.002939155 -0.003570442 0.00631034 -90 
1786049814.429 0.002939155 -0.003570442 0.00631034 -90 
1786049814.484 0.002939155 -0.007570442 0.00504034 -90 
1786049814.539 0.002939155 -0.003570442 0.00631034 -90 
1786049814.597 0.002939155 -0.003570442 0.00631034 -90 
1786049814.655 0.002939155 -0.003570442 0.00631034 -90 
1786049814.715 0.002939155 -0.007570442 0.00631034 -90 
1786049814.774 0.002939155 -0.003570442 0.00631034 -90 
1786049814.829 0.002939155 -0.003570442 0.00631034 -90 
1786049814.881 0.002939155 -0.003570442 0.00631034 -90 
1786049814.935 0.002939155 -0.003570442 0.00504034 -90 
1786049814.993 -0.002060845 -0.007570442 0.00504034 -90 
1786049815.054 -0.002060845 -0.003570442 0.00504034 -90 
1786049815.111 -0.002060845 -0.007570442 0.00504034 -90 
1786049815.162 -0.002060845 -0.007570442 0.00504034 -90 
1786049815.218 -0.002060845 -0.003570442 0.00504034 -90 
1786049815.272 -0.007060845 -0.003570442 0.00504034 -90 
1786049815.322 -0.007060845 -0.003570442 0.00631034 -90 
1786049815.382 -0.007060845 -0.003570442 0.00631034 -90 
1786049815.440 -0.007060845 -0.007570442 0.00504034 -90 
1786049815.491 -0.007060845 -0.007570442 0.00504034 -90 
1786049815.549 -0.007060845 -0.003570442 0.00504034 -90 
1786049815.620 -0.007060845 -0.003570442 0.00504034 -90 
1786049815.680 -0.007060845 -0.007570442 0.00504034 -90 
1786049815.734 -0.007060845 -0.003570442 0.00504034 -90 
1786049815.790 -0.007060845 -0.003570442 0.00504034 -90 
1786049815.849 -0.007060845 -0.003570442 0.00504034 -90 
1786049815.913 -0.01206085 -0.007570442 0.00504034 -90 
1786049815.965 -0.007060845 -0.007570442 0.00504034 -90 
1786049816.026 -0.007060845 -0.007570442 0.00504034 -90 
1786049816.085 -0.007060845 -0.007570442 0.00504034 -90 
1786049816.139 -0.007060845 -0.007570442 0.003770341 -90 
1786049816.199 -0.007060845 -0.007570442 0.003770341 -90 
1786049816.256 -0.007060845 -0.007570442 0.003770341 -90 
1786049816.314 -0.002060845 -0.007570443 0.004243653 -89.99992 
1786049816.393 -0.002060845 -0.003570525 0.004701509 -89.9987 
1786049816.463 0.007939155 0.004428905 0.008994031 -89.99634 
1786049816.530 0.01293915 0.01242707 0.01072503 -89.99286 
1786049816.594 0.01793915 0.01642304 0.01256521 -89.98845 
1786049816.666 0.01293915 0.01241478 0.01096594 -89.98261 
1786049816.729 0.01793915 0.01640247 0.01112601 -89.97646 
1786049816.791 0.01293916 0.01638223 0.01165664 -89.96888 
1786049816.854 0.01793916 0.01635231 0.01302075 -89.96024 
1786049816.920 0.01793916 0.0163093 0.01228941 -89.95039 
1786049816.996 0.01793916 0.02024311 0.01307824 -89.93823 
1786049817.066 0.01293916 0.01615417 0.01116574 -89.92473 
1786049817.131 0.01293916 0.01604768 0.01106033 -89.91159 
1786049817.202 0.01793916 0.01990376 0.01307201 -89.89603 
1786049817.281 0.01293916 0.01569328 0.01160076 -89.87724 
1786049817.341 0.01293916 0.01549812 0.01098258 -89.86192 
1786049817.405 0.01293916 0.01524542 0.01049552 -89.84432 
1786049817.468 0.01293916 0.01495453 0.01007869 -89.82625 
1786049817.534 0.01293916 0.01461308 0.008866914 -89.80718 
1786049817.598 0.007939167 0.01019509 0.008536013 -89.78615 
1786049817.660 0.01293917 0.01374818 0.009783776 -89.76539 
1786049817.722 0.007939172 0.01321948 0.008815122 -89.74367 
1786049817.787 0.007939175 0.01259575 0.008699045 -89.71988 
1786049817.860 0.01293918 0.01180324 0.008243854 -89.69189 
1786049817.921 0.01293918 0.01106714 0.0081641 -89.66829 
1786049817.977 0.01293919 0.01023183 0.00896794 -89.64383 
1786049818.038 0.007939192 0.009318826 0.007190004 -89.61805 
1786049818.117 0.007939199 0.008035303 0.00790481 -89.5855 
1786049818.180 0.007939206 0.01070948 0.007920622 -89.55397 
1786049818.245 0.007939213 0.009300973 0.008736683 -89.52274 
1786049818.309 0.007939221 0.01176978 0.007560139 -89.49097 
1786049818.379 0.007939231 0.009891892 0.008417142 -89.45452 
1786049818.442 0.01293924 0.01205726 0.00869836 -89.42112 
1786049818.503 0.007939251 0.0100874 0.007624009 -89.38728 
1786049818.570 0.01293926 0.01183669 0.008790779 -89.35076 
1786049818.640 0.007939277 0.00914809 0.008907465 -89.30969 
1786049818.694 0.007939289 0.01084836 0.008590748 -89.2764 
1786049818.757 0.007939303 0.008107919 0.007960437 -89.23861 
1786049818.818 0.01293932 0.009301066 0.008442023 -89.20179 
1786049818.880 0.007939335 0.006025789 0.007776322 -89.16084 
1786049818.936 0.007939351 0.006953713 0.007290367 -89.12419 
1786049818.993 0.007939368 0.007680356 0.007381122 -89.08672 
1786049819.063 -0.002060609 -0.0007075166 0.003820539 -89.03882 
1786049819.130 -0.007060585 -0.00523039 0.001699042 -88.99109 
1786049819.194 -0.01206056 -0.00971085 0.0004426849 -88.94732 
1786049819.252 -0.01206054 -0.01040838 -0.001960002 -88.90259 
1786049819.316 -0.01206051 -0.01565883 -0.004238087 -88.85467 
1786049819.378 -0.01206048 -0.01289306 -0.006138735 -88.80804 
1786049819.457 -0.01206045 -0.01197576 -0.00577979 -88.74945 
1786049819.522 -0.01206041 -0.01096699 -0.00622404 -88.69347 
1786049819.582 -0.01206038 -0.01333208 -0.006596149 -88.64453 
1786049819.643 -0.01206034 -0.01193967 -0.006627488 -88.59551 
1786049819.702 -0.0120603 -0.01514804 -0.007485922 -88.54392 
1786049819.766 -0.01206026 -0.01088147 -0.007173332 -88.49053 
1786049819.832 -0.01206022 -0.01158134 -0.007208951 -88.43181 
1786049819.890 -0.007060172 -0.01206653 -0.007073998 -88.3782 
1786049819.953 -0.007060127 -0.01269399 -0.00699043 -88.32373 
1786049820.016 -0.00706008 -0.01374872 -0.005940317 -88.27021 
1786049820.075 -0.007060023 -0.0125669 -0.00590845 -88.20733 
1786049820.132 -0.007059973 -0.01006039 -0.005489769 -88.15393 
1786049820.190 -0.01205992 -0.0083402 -0.006292009 -88.09778 
1786049820.255 -0.01205986 -0.01222802 -0.00597606 -88.03485 
1786049820.314 -0.0120598 -0.01210715 -0.006684621 -87.97393 
1786049820.385 -0.00705972 -0.01042044 -0.006576065 -87.90286 
1786049820.449 -0.01205965 -0.01172571 -0.00556143 -87.83888 
1786049820.510 -0.01205958 -0.00986897 -0.005982981 -87.7729 
1786049820.585 -0.007059488 -0.01082661 -0.006582549 -87.6952 
1786049820.648 -0.01205941 -0.01038106 -0.005306684 -87.62817 
1786049820.718 -0.007059318 -0.007152165 -0.005187845 -87.55685 
1786049820.788 -0.007059214 -0.01116689 -0.00617131 -87.47437 
1786049820.850 -0.01205912 -0.009292495 -0.006191262 -87.40194 
1786049820.905 -0.007059029 -0.01039134 -0.006243756 -87.33543 
1786049820.971 -0.00705893 -0.009395673 -0.005938625 -87.26338 
1786049821.046 -0.0120588 -0.01040093 -0.005822293 -87.17139 
1786049821.108 -0.007058695 -0.01014996 -0.00602231 -87.10079 
1786049821.168 -0.007058581 -0.008054094 -0.005863899 -87.02442 
1786049821.229 -0.01205847 -0.01008651 -0.006379403 -86.94956 
1786049821.300 -0.01205833 -0.01124439 -0.005483586 -86.86628 
1786049821.382 -0.007058169 -0.01063484 -0.006386853 -86.76527 
1786049821.483 -0.00705797 -0.009034193 -0.006030617 -86.64594 
1786049821.562 -0.007057765 -0.007769134 -0.005348419 -86.52971 
1786049821.627 -0.007057601 -0.007180479 -0.004665628 -86.43821 
1786049821.700 -0.01205743 -0.007832732 -0.005003495 -86.34557 
1786049821.787 -0.01205722 -0.008799754 -0.00583713 -86.23252 
1786049821.866 -0.01205698 -0.009251379 -0.005529681 -86.11355 
1786049821.944 -0.007056762 -0.007384752 -0.00484843 -86.00404 
1786049822.027 -0.007056553 -0.007281769 -0.004746408 -85.90303 
1786049822.101 -0.0120563 -0.008437586 -0.005415159 -85.78195 
1786049822.175 -0.00705606 -0.01016412 -0.005535737 -85.67232 
1786049822.262 -0.007055777 -0.008790791 -0.004132204 -85.54489 
1786049822.344 -0.007055496 -0.009092435 -0.005103156 -85.42469 
1786049822.406 -0.007055252 -0.008479033 -0.003251861 -85.32129 
1786049822.472 -0.007055026 -0.007007017 -0.004326633 -85.22902 
1786049822.552 -0.007054722 -0.008920664 -0.005090984 -85.10622 
1786049822.616 -0.00705446 -0.00701312 -0.006597126 -85.00245 
1786049822.684 -0.007054173 -0.009880415 -0.005853798 -84.8912 
1786049822.753 -0.007053893 -0.007286883 -0.005200827 -84.7852 
1786049822.826 -0.007053552 -0.008545646 -0.004929027 -84.65847 
1786049822.891 -0.007053262 -0.007861583 -0.005843161 -84.55338 
1786049822.977 -0.007052883 -0.008210667 -0.005674006 -84.41876 
1786049823.048 -0.007052515 -0.006523788 -0.004245746 -84.29116 
1786049823.129 -0.007052109 -0.008114075 -0.003218778 -84.15355 
1786049823.222 -0.007051688 -0.008504178 -0.004677461 -84.01418 
1786049823.292 -0.007051241 -0.009852778 -0.004384726 -83.86978 
1786049823.372 -0.007050818 -0.006703903 -0.004010997 -83.73601 
1786049823.437 -0.007050439 -0.007055922 -0.003806691 -83.61862 
1786049823.505 -0.007050037 -0.007721235 -0.004305691 -83.49658 
1786049823.568 -0.007049649 -0.009879213 -0.004730829 -83.38067 
1786049823.640 -0.007049187 -0.01009071 -0.005458019 -83.24537 
1786049823.718 -0.007048718 -0.004998323 -0.004978616 -83.1068 
1786049823.777 -0.007048288 -0.005836866 -0.005010105 -82.98937 
1786049823.843 -0.007047854 -0.008767616 -0.00571484 -82.86897 
1786049823.908 -0.00704738 -0.007213668 -0.005584286 -82.74003 
1786049823.977 -0.007046908 -0.009337202 -0.005343176 -82.6138 
1786049824.063 -0.007046335 -0.008296103 -0.004067501 -82.46118 
1786049824.172 -0.007045527 -0.00508603 -0.004436663 -82.25593 
1786049824.241 -0.00704488 -0.008719834 -0.005257688 -82.09372 
1786049824.330 -0.007044179 -0.006540717 -0.004634657 -81.92178 
1786049824.435 -0.00704343 -0.009605669 -0.003583831 -81.74199 
1786049824.522 -0.007042612 -0.005873425 -0.002432411 -81.54983 
1786049824.599 -0.002041893 -0.01113629 -0.001906127 -81.38254 
1786049824.670 -0.007041182 -0.01103382 -0.002422363 -81.22408 
1786049824.740 -0.002040537 -0.008020191 -0.002196958 -81.07879 
1786049824.803 -0.002039906 -0.008580553 -0.002146918 -80.9411 
1786049824.866 -0.00203926 -0.005999867 0.0004873038 -80.8044 
1786049824.935 -0.002038569 -0.01000306 0.0003539135 -80.65799 
1786049824.997 -0.002037935 -0.00708218 0.002108591 -80.52569 
1786049825.073 -0.002037169 -0.005287133 0.0009095644 -80.36838 
1786049825.150 -0.007036275 -0.004209559 0.00158505 -80.18756 
1786049825.224 -0.007035491 -0.005897758 0.001600011 -80.03181 
1786049825.293 -0.007034665 -0.007553865 0.001984184 -79.86831 
1786049825.380 -0.002033653 -0.00713269 0.001656775 -79.67376 
1786049825.461 -0.007032637 -0.006989606 0.002183036 -79.48429 
1786049825.541 -0.002031718 -0.006458169 0.001181757 -79.31384 
1786049825.611 -0.002030751 -0.007073396 0.00232664 -79.13754 
1786049825.682 -0.007029866 -0.006609473 0.003041679 -78.97616 
1786049825.752 -0.007028949 -0.0059367 0.003457094 -78.81355 
1786049825.829 -0.002027914 -0.008873084 0.003295556 -78.63545 
1786049825.901 -0.002026996 -0.008230944 0.004711927 -78.47761 
1786049825.978 -0.002025829 -0.007148872 0.005334701 -78.27992 
1786049826.043 -0.002024824 -0.007124273 0.004479264 -78.11232 
1786049826.120 -0.007023722 -0.005545021 0.005683909 -77.93123 
1786049826.188 -0.002022611 -0.005785952 0.006518156 -77.7513 
1786049826.256 -0.007021648 -0.005732902 0.005078822 -77.59731 
1786049826.336 -0.007020362 -0.007225561 0.004623583 -77.3948 
1786049826.398 -0.007019325 -0.005396469 0.004884111 -77.23361 
1786049826.458 -0.002018334 -0.006594291 0.005487024 -77.08157 
1786049826.520 -0.007017241 -0.003330154 0.005266331 -76.91324 
1786049826.587 -0.002016127 -0.008035454 0.005156989 -76.74907 
1786049826.656 -0.00201494 -0.006859083 0.005488079 -76.57345 
1786049826.734 -0.002013458 -0.005757855 0.005977226 -76.35755 
1786049826.801 -0.007012366 -0.005960367 0.005042895 -76.19779 
1786049826.872 -0.007011049 -0.006007474 0.005737344 -76.01325 
1786049826.938 -0.002009724 -0.006961349 0.005927358 -75.82484 
1786049826.998 -0.002008568 -0.007731359 0.005098215 -75.66741 
1786049827.057 -0.002007413 -0.008419697 0.005365772 -75.50899 
1786049827.127 -0.002005997 -0.006776903 0.005396711 -75.31725 
1786049827.187 -0.00200482 -0.003458857 0.005786733 -75.15695 
1786049827.247 -0.002003521 -0.007743725 0.005149874 -74.98756 
1786049827.316 -0.002002157 -0.00827005 0.005385552 -74.80895 
1786049827.379 -0.002000747 -0.005486616 0.005152407 -74.6265 
1786049827.434 -0.001999553 -0.009476044 0.00455392 -74.47368 
1786049827.489 -0.00199832 -0.009046967 0.006003775 -74.31719 
1786049827.553 -0.001996978 -0.005329031 0.005628984 -74.14869 
1786049827.628 -0.001995362 -0.005841831 0.00548748 -73.94831 
1786049827.693 -0.001993764 -0.007638296 0.004601649 -73.74921 
1786049827.767 -0.001992017 -0.004735599 0.004777735 -73.53772 
1786049827.842 -0.001990189 -0.001970466 0.004952464 -73.32174 
1786049827.915 -0.001988423 -0.003848419 0.005615932 -73.11038 
1786049827.983 -0.001986676 -0.004852371 0.005436841 -72.90916 
1786049828.046 -0.001985128 -0.004504431 0.005396166 -72.73045 
1786049828.103 -0.00198353 -0.005659957 0.006123045 -72.54781 
1786049828.165 -0.001981987 -0.004451031 0.005383509 -72.37295 
1786049828.226 -0.001980394 -0.004682013 0.005233581 -72.19446 
1786049828.285 -0.001978723 -0.007805635 0.005302183 -72.00891 
1786049828.347 -0.001977081 -0.005276483 0.005314477 -71.82858 
1786049828.409 -0.001975332 -0.007381044 0.005342646 -71.6382 
1786049828.474 -0.001973584 -0.0051899 0.004786373 -71.44983 
1786049828.531 -0.001971868 -0.005004678 0.00497699 -71.26358 
1786049828.588 -0.001970214 -0.004817187 0.005516456 -71.08881 
1786049828.654 -0.001968419 -0.005230912 0.003934013 -70.90068 
1786049828.718 -0.001966358 -0.005285472 0.005372531 -70.68694 
1786049828.774 -0.00196463 -0.007384629 0.005636898 -70.51252 
1786049828.832 -0.001962909 -0.008009573 0.005233016 -70.33727 
1786049828.898 -0.001960978 -0.004877715 0.004613822 -70.13923 
1786049828.969 -0.001958572 -0.008321825 0.004807043 -69.90223 
1786049829.045 -0.001956221 -0.005259511 0.004875798 -69.67005 
1786049829.126 -0.001953666 -0.005296861 0.005554861 -69.41754 
1786049829.191 -0.001951502 -0.006651685 0.005357999 -69.21164 
1786049829.266 -0.001948965 -0.005712012 0.00532299 -68.9659 
1786049829.333 -0.001946454 -0.00671275 0.004871685 -68.73175 
1786049829.399 -0.001944219 -0.005579178 0.005261171 -68.51937 
1786049829.457 -0.001942094 -0.007304213 0.00580896 -68.32557 
1786049829.516 -0.001939942 -0.006432884 0.005114209 -68.12755 
1786049829.574 -0.001937907 -0.006049947 0.005489818 -67.93863 
1786049829.634 -0.001935699 -0.004766073 0.005233167 -67.74216 
1786049829.700 -0.001933236 -0.003026082 0.004972559 -67.52155 
1786049829.760 -0.001931005 -0.005123622 0.004844293 -67.32318 
1786049829.821 -0.00192863 -0.00674647 0.005453952 -67.11394 
1786049829.879 -0.001926302 -0.007498257 0.004829625 -66.91055 
1786049829.944 -0.001923864 -0.005076138 0.004018878 -66.69593 
1786049830.026 -0.001920952 -0.005140162 0.006072771 -66.44619 
1786049830.096 -0.001917832 -0.008995826 0.005842378 -66.18471 
1786049830.170 -0.001914745 -0.002587366 0.005214138 -65.92173 
1786049830.240 -0.00191182 -0.005364626 0.004025086 -65.6815 
1786049830.305 -0.001909022 -0.00358532 0.005120872 -65.45102 
1786049830.368 -0.001906317 -0.008318544 0.005448229 -65.22984 
1786049830.428 -0.00190362 -0.003379815 0.004839744 -65.01107 
1786049830.488 -0.001900933 -0.004502901 0.005652258 -64.79512 
1786049830.558 -0.001898079 -0.001703304 0.004891502 -64.56717 
1786049830.621 -0.00189505 -0.004023209 0.0067439 -64.32785 
1786049830.683 -0.00189212 0.0002719853 0.004435127 -64.09795 
1786049830.747 -0.001889245 -0.0007761084 0.005513103 -63.87443 
1786049830.814 -0.001886335 -0.004598554 0.005451023 -63.64987 
1786049830.876 -0.001883341 -0.001507528 0.005148799 -63.41335 
1786049830.932 -0.001880407 -0.00475927 0.005535 -63.19784 
1786049830.988 -0.001877633 -0.006449522 0.005368854 -62.98883 
1786049831.055 -0.001874582 -0.0052873 0.005169601 -62.7604 
1786049831.111 -0.001871543 -0.005566494 0.005513479 -62.53488 
1786049831.171 -0.001868469 -0.008677979 0.005635545 -62.30837 
1786049831.236 -0.001865513 -0.00708274 0.005354778 -62.08838 
1786049831.296 -0.001862161 -0.005489008 0.004498477 -61.84878 
1786049831.368 -0.00185903 -0.003461552 0.004206632 -61.62319 
1786049831.439 -0.001854747 -0.005496817 0.00529565 -61.3173 
1786049831.507 -0.001851208 -0.005261736 0.004742638 -61.06682 
1786049831.574 -0.001847408 -0.003095306 0.00503681 -60.79996 
1786049831.633 -0.001844111 -0.004755591 0.004983749 -60.57014 
1786049831.696 -0.00184061 -0.005416267 0.005833448 -60.32808 
1786049831.756 -0.001837294 -0.006648217 0.005985037 -60.10051 
1786049831.829 -0.001833314 -0.006811338 0.005036686 -59.82915 
1786049831.889 -0.001829688 -0.003242186 0.005389073 -59.58386 
1786049831.949 -0.001826373 -0.003700363 0.005979765 -59.35733 
1786049832.008 -0.001822668 -0.004050177 0.004835212 -59.11402 
1786049832.070 -0.00181922 -0.002480167 0.004635453 -58.88583 
1786049832.127 -0.001815556 -0.002316246 0.004192747 -58.64469 
1786049832.189 -0.00181173 -0.001052763 0.005040036 -58.39482 
1786049832.263 -0.001807367 -0.002139188 0.005506692 -58.10797 
1786049832.329 -0.001803638 0.001458099 0.004593783 -57.86788 
1786049832.395 -0.001798984 -0.003458367 0.004606024 -57.57055 
1786049832.452 -0.001795359 0.0002523463 0.00517605 -57.3447 
1786049832.518 -0.001791181 -0.005623579 0.005609228 -57.08155 
1786049832.586 -0.001786761 -0.006358447 0.004918485 -56.80109 
1786049832.648 -0.001782685 -0.008179871 0.005138365 -56.55203 
1786049832.718 -0.001778434 -0.004205265 0.005291372 -56.28981 
1786049832.780 -0.001773798 -0.00552227 0.005630115 -56.0059 
1786049832.840 -0.001770065 -0.006570844 0.004394216 -55.77872 
1786049832.905 -0.001765194 -0.008760787 0.005610372 -55.48443 
1786049832.971 -0.001760615 -0.007310338 0.005919698 -55.20977 
1786049833.033 -0.00175655 -0.003743565 0.005916408 -54.96734 
1786049833.091 -0.001752232 -0.005927148 0.004505357 -54.70735 
1786049833.159 -0.001747656 -0.005815348 0.00427465 -54.42969 
1786049833.224 -0.001742741 -0.0009933725 0.00443691 -54.15499 
1786049833.291 -0.001738359 -0.001799887 0.005485711 -53.90058 
1786049833.352 -0.001733194 -0.000312974 0.00479398 -53.60257 
1786049833.415 -0.001728646 -0.001023909 0.005387071 -53.34188 
1786049833.472 -0.00172428 -0.002852797 0.00563696 -53.09304 
1786049833.540 -0.001719492 -0.005263639 0.004380852 -52.82177 
1786049833.605 -0.001714116 4.846222e-05 0.005744613 -52.51957 
1786049833.664 -0.001709773 -0.001430458 0.004542026 -52.27669 
1786049833.726 -0.001704605 -0.004349635 0.005078762 -51.98951 
1786049833.791 -0.001699544 -0.003034033 0.005083863 -51.71004 
1786049833.854 -0.001694432 -0.003284923 0.006110595 -51.42508 
1786049833.923 -0.001689108 -0.004108283 0.004600166 -51.139 
1786049833.992 -0.001683648 -0.006481481 0.004235834 -50.83874 
1786049834.054 -0.001678299 -0.004596357 0.005392913 -50.5506 
1786049834.119 -0.00167323 -0.004613021 0.005239628 -50.28366 
1786049834.175 -0.001668031 -0.005600409 0.004759219 -50.00699 
1786049834.245 -0.001662698 -0.00404007 0.004961487 -49.72471 
1786049834.308 -0.001657316 -0.004423907 0.005727535 -49.43704 
1786049834.367 -0.001651623 0.0007457656 0.005659162 -49.14375 
1786049834.430 -0.001646662 -0.003414342 0.005305446 -48.88118 
1786049834.495 -0.001640954 -0.0008180335 0.004452786 -48.58588 
1786049834.555 -0.001635193 -0.001236618 0.004883394 -48.29419 
1786049834.610 -0.001630185 -0.001596839 0.005171746 -48.03807 
1786049834.671 -0.001624775 -0.006830967 0.004421254 -47.76284 
1786049834.743 -0.001618587 -0.006038703 0.003452336 -47.44515 
1786049834.820 -0.001611786 -0.00761055 0.005560747 -47.103 
1786049834.889 -0.006604819 -0.006102307 0.00536148 -46.75973 
1786049834.966 -0.001598534 -0.01055536 0.004733578 -46.43821 
1786049835.040 -0.006591047 -0.006673597 0.004098614 -46.05957 
1786049835.119 -0.006582996 -0.006120992 0.00526816 -45.6837 
1786049835.193 -0.00157641 -0.003939677 0.006114237 -45.36294 
1786049835.258 -0.006569468 -0.001760902 0.004946855 -45.02692 
1786049835.314 -0.001563958 -0.002003717 0.005561953 -44.7617 
1786049835.377 -0.006557848 -0.005017626 0.003843261 -44.46864 
1786049835.435 -0.001551825 -0.003171712 0.005808107 -44.18184 
1786049835.495 -0.001546189 -0.003591221 0.004362179 -43.91398 
1786049835.561 -0.001539752 -0.004985738 0.00470782 -43.60538 
1786049835.621 -0.006533603 -0.007436468 0.003931801 -43.31634 
1786049835.683 -0.006527445 -0.007554942 0.003765233 -43.03282 
1786049835.741 -0.001521477 -0.003241715 0.00342468 -42.75495 
1786049835.799 -0.001515901 -0.00421882 0.003166416 -42.49649 
1786049835.862 -0.00150972 -0.00465379 0.00235009 -42.21121 
1786049835.937 -0.001502434 -0.00423381 0.002504653 -41.87643 
1786049836.009 -0.001494939 -0.002832277 0.002216533 -41.52951 
1786049836.092 -0.006487134 -0.002269085 0.001982823 -41.17939 
1786049836.170 -0.001479121 -0.0007358569 8.432425e-05 -40.81719 
1786049836.245 -0.001471601 0.003870033 -0.0001517377 -40.4745 
1786049836.303 -0.001465781 0.003486742 -0.0005878995 -40.21842 
1786049836.371 -0.001458551 0.002712843 -0.001672299 -39.89622 
1786049836.428 -0.001452824 0.001751921 -0.001304924 -39.63768 
1786049836.487 -0.001446893 0.0002610071 -0.002608007 -39.3799 
1786049836.557 -0.001439954 -0.001012344 -0.002738294 -39.07438 
1786049836.618 -0.001433817 0.002902896 -0.003063385 -38.80517 
1786049836.679 -0.001427779 -0.002321307 -0.003331808 -38.54124 
1786049836.742 -0.001421437 -0.001509756 -0.004633779 -38.26525 
1786049836.809 -0.00141449 0.003685218 -0.005139279 -37.96411 
1786049836.875 -0.001408045 0.0008634943 -0.005871135 -37.68139 
1786049836.936 -0.006402305 0.004598552 -0.004796087 -37.43866 
1786049837.002 -0.001395055 0.003846879 -0.005908656 -37.12778 
1786049837.067 -0.00638861 0.001814325 -0.005421122 -36.84824 
1786049837.138 -0.001381764 0.005498705 -0.006364195 -36.55705 
1786049837.222 -0.001373309 0.00668911 -0.006592364 -36.20288 
1786049837.298 -0.001365561 0.002967661 -0.005640956 -35.87613 
1786049837.366 -0.001358621 0.001518096 -0.005916095 -35.58452 
1786049837.429 -0.001352287 0.003849037 -0.005660698 -35.31919 
1786049837.488 -0.001346358 0.003502724 -0.005842359 -35.07176 
1786049837.550 -0.00133993 0.003830101 -0.006715982 -34.8043 
1786049837.619 -0.001333707 0.003219481 -0.006135584 -34.54614 
1786049837.688 -0.001326384 0.004695712 -0.005046306 -34.23916 
1786049837.758 -0.001319568 0.003857757 -0.006092179 -33.95841 
1786049837.820 -0.001312959 0.004608294 -0.006150698 -33.69113 
1786049837.884 -0.001306554 0.005523419 -0.006294346 -33.4248 
1786049837.949 -0.001300556 0.003878258 -0.006669428 -33.18402 
1786049838.006 -0.001294263 0.006052211 -0.005572316 -32.92789 
1786049838.066 -0.001288376 0.001612092 -0.005854201 -32.68898 
1786049838.130 -0.001281896 0.00409524 -0.005650274 -32.42673 
1786049838.192 -0.001275722 0.005000158 -0.005684762 -32.17752 
1786049838.258 -0.001269257 -0.001712839 -0.006156676 -31.91741 
1786049838.319 -0.001263396 0.002875847 -0.005518609 -31.68214 
1786049838.387 -0.001256649 0.002342627 -0.005656655 -31.41207 
1786049838.443 -0.001250704 0.002914468 -0.005094648 -31.17467 
1786049838.511 -0.001244075 0.004762503 -0.005027371 -30.91081 
1786049838.576 -0.001237653 0.006228868 -0.005871977 -30.65575 
1786049838.641 -0.001231339 0.008382455 -0.005902549 -30.40575 
1786049838.707 -0.001225035 0.004400844 -0.006462486 -30.15668 
1786049838.761 -0.00121933 0.006953856 -0.006266828 -29.93195 
1786049838.824 -0.001213635 0.00839155 -0.005801483 -29.70394 
1786049838.882 -0.001207556 0.002136732 -0.006229486 -29.46943 
1786049838.940 -0.001201878 0.001818413 -0.005885739 -29.24714 
1786049838.993 -0.001196698 0.0005133209 -0.005383169 -29.04495 
1786049839.056 -0.001190941 0.002359569 -0.00583442 -28.81666 
1786049839.119 -0.001184707 0.002420995 -0.005636216 -28.57807 
1786049839.174 -0.001178971 0.002909997 -0.006004618 -28.35546 
1786049839.237 -0.001172955 0.00584793 -0.006095747 -28.12253 
1786049839.308 -0.001166273 0.007233171 -0.006321184 -27.86074 
1786049839.367 -0.001160668 -0.0007800232 -0.006445623 -27.6483 
1786049839.429 -0.001154592 0.006787152 -0.006073403 -27.41452 
1786049839.490 -0.001148625 0.007198461 -0.005897324 -27.18549 
1786049839.544 -0.001143247 0.003999843 -0.00516015 -26.97946 
1786049839.613 -0.001137017 0.006271483 -0.005862311 -26.74115 
1786049839.686 -0.001130134 0.003686075 -0.006412912 -26.47856 
1786049839.750 -0.001124031 0.006105487 -0.006616611 -26.24619 
1786049839.811 -0.001117848 0.005198482 -0.005211098 -26.01124 
1786049839.878 -0.001111585 0.001152372 -0.005024468 -25.77378 
1786049839.935 -0.001106001 0.002586695 -0.005531518 -25.56246 
1786049839.994 -0.001100524 0.000553833 -0.006628352 -25.35555 
1786049840.054 -0.001094871 0.001050761 -0.005526481 -25.14227 
1786049840.115 -0.001089139 -0.00169392 -0.006047726 -24.92652 
1786049840.180 -0.001083235 0.0007461756 -0.005979897 -24.70107 
1786049840.242 -0.001077253 0.0001548144 -0.005674194 -24.48008 
1786049840.301 -0.006071846 0.003546446 -0.006350082 -24.27768 
1786049840.363 -0.001066082 0.006656528 -0.00631521 -24.06216 
1786049840.425 -0.001060241 0.00315536 -0.006054982 -23.84414 
1786049840.482 -0.001054971 0.004658865 -0.006501469 -23.64756 
1786049840.540 -0.001049623 0.003235013 -0.005851453 -23.44868 
1786049840.603 -0.00104383 0.0009149753 -0.004703935 -23.23355 
1786049840.662 -0.001038421 0.003853931 -0.005319426 -23.0329 
1786049840.719 -0.001033302 0.0006142775 -0.005810322 -22.8398 
1786049840.773 -0.001028105 0.001545586 -0.005962759 -22.65097 
1786049840.838 -0.001022469 0.001172333 -0.004852686 -22.4428 
1786049840.902 -0.001016941 0.001442428 -0.005327038 -22.23889 
1786049840.970 -0.001010529 0.0007882443 -0.005367688 -22.00286 
1786049841.039 -0.001004679 0.002422231 -0.005432892 -21.78443 
1786049841.102 -0.000998939 0.00329394 -0.005676732 -21.57697 
1786049841.161 -0.0009933969 0.004835747 -0.005823847 -21.37382 
1786049841.233 -0.0009871621 0.002067336 -0.004807099 -21.14561 
1786049841.304 -0.0009806855 0.005134981 -0.005568292 -20.90892 
1786049841.371 -0.0009748526 0.003136139 -0.00652494 -20.69609 
1786049841.440 -0.00096869 0.006154419 -0.00519738 -20.47148 
1786049841.502 -0.0009630771 0.00217834 -0.005965665 -20.26726 
1786049841.566 -0.0009575723 0.002832095 -0.005908737 -20.0672 
1786049841.633 -0.0009518271 0.001586745 -0.004858161 -19.85871 
1786049841.698 -0.0009464506 0.002756103 -0.006801382 -19.66371 
1786049841.773 -0.005940146 0.002192081 -0.006493564 -19.43237 
1786049841.831 -0.005934642 0.003001134 -0.005993307 -19.23339 
1786049841.888 -0.005929672 -0.001727039 -0.006031788 -19.05704 
1786049841.954 -0.0009242091 -0.001054419 -0.005769164 -18.86004 
1786049842.018 -0.0009187683 -0.0001767456 -0.005851344 -18.66407 
1786049842.094 -0.0009127584 -0.0001243195 -0.006331409 -18.44479 
1786049842.167 -0.0009064397 0.001178343 -0.005305582 -18.21769 
1786049842.244 -0.000900152 0.004365453 -0.006524099 -17.99508 
1786049842.310 -0.005894645 0.004633045 -0.005932942 -17.79462 
1786049842.379 -0.0008884158 0.002914277 -0.005079714 -17.57457 
1786049842.439 -0.005883455 0.003570051 -0.005090534 -17.39718 
1786049842.500 -0.005878598 0.003811283 -0.005501973 -17.22357 
1786049842.562 -0.0008734326 0.001334197 -0.004960633 -17.03918 
1786049842.626 -0.0008682901 -0.000354052 -0.00576397 -16.85281 
1786049842.685 -0.005863252 -0.003079206 -0.005049223 -16.67631 
1786049842.752 -0.005858155 -0.004520471 -0.005950731 -16.49485 
1786049842.811 -0.005853242 -0.002848899 -0.005242193 -16.31723 
1786049842.871 -0.00584851 -0.006450795 -0.00499426 -16.15206 
1786049842.927 -0.005843959 -0.007703546 -0.004759814 -15.99047 
1786049842.987 -0.0008391095 -0.005888215 -0.005011387 -15.81848 
1786049843.055 -0.005833809 -0.006301219 -0.005717576 -15.63061 
1786049843.117 -0.005829241 -0.00657926 -0.004298195 -15.46882 
1786049843.172 -0.0008244596 -0.007810455 -0.00448226 -15.29972 
1786049843.240 -0.005819311 -0.003064708 -0.005148181 -15.11768 
1786049843.314 -0.0008137251 -0.0007244957 -0.004521076 -14.91765 
1786049843.377 -0.0008087862 7.656278e-05 -0.004969993 -14.74342 
1786049843.447 -0.00580326 -0.0006754623 -0.004736943 -14.55124 
1786049843.509 -0.0007988313 0.001531281 -0.004861872 -14.39517 
1786049843.578 -0.0007935141 0.003572949 -0.005213661 -14.20535 
1786049843.631 -0.000789207 0.003429317 -0.004958377 -14.05653 
1786049843.692 -0.00078462 -0.0006197085 -0.004096763 -13.89523 
1786049843.761 -0.0007798325 0.001029777 -0.005382094 -13.72707 
1786049843.820 -0.0007751449 0.001768533 -0.00522481 -13.56241 
1786049843.882 -0.005770482 -0.0007092053 -0.005116862 -13.39896 
1786049843.942 -0.000766359 -0.0002143516 -0.005261512 -13.25438 
1786049844.004 -0.0007615979 -0.005508397 -0.004564253 -13.08757 
1786049844.066 -0.0007571544 -0.002163591 -0.005333941 -12.93202 
1786049844.127 -0.0007528069 -0.002268977 -0.004480536 -12.77733 
1786049844.192 -0.000748267 -0.001257455 -0.004708244 -12.61859 
1786049844.263 -0.0007428956 -0.001382964 -0.004633122 -12.43345 
1786049844.334 -0.005738412 -0.001724374 -0.005017122 -12.27685 
1786049844.417 -0.0007327553 0.001953321 -0.005554616 -12.07945 
1786049844.485 -0.0007272104 0.002955012 -0.005580788 -11.88608 
1786049844.555 -0.0007229568 -0.001416537 -0.004600779 -11.73782 
1786049844.610 -0.0007184512 0.002075891 -0.004834779 -11.58085 
1786049844.678 -0.0007139048 0.001766238 -0.004677623 -11.42261 
1786049844.742 -0.0007095918 0.001016219 -0.004413812 -11.27019 
1786049844.805 -0.000705373 0.003355714 -0.004955153 -11.12343 
1786049844.866 -0.000701382 0.002087415 -0.004611604 -10.98707 
1786049844.930 -0.0006969449 0.002676046 -0.005101926 -10.83297 
1786049844.994 -0.0006928033 0.003682732 -0.00476873 -10.68687 
1786049845.054 -0.0006884889 0.0030582 -0.005340521 -10.53715 
1786049845.119 -0.0006842028 0.001118441 -0.00508333 -10.39076 
1786049845.174 -0.0006805984 0.0007190322 -0.005359533 -10.26576 
1786049845.242 -0.0006761702 0.002993701 -0.005757189 -10.11226 
1786049845.309 -0.0006718377 0.003544653 -0.00535146 -9.962152 
1786049845.379 -0.0006675996 0.002126338 -0.005644633 -9.813224 
1786049845.435 -0.0006637088 0.003052764 -0.004560987 -9.680637 
1786049845.494 -0.0006599698 0.000944762 -0.005492879 -9.551412 
1786049845.555 -0.0006562545 0.003371813 -0.005025114 -9.422876 
1786049845.619 -0.005652376 0.002615524 -0.004900496 -9.28879 
1786049845.694 -0.0006477192 0.009260321 -0.004877027 -9.125717 
1786049845.770 -0.00564304 0.003862075 -0.004868428 -8.964085 
1786049845.837 -0.0006391302 0.004876928 -0.005373768 -8.831194 
1786049845.904 -0.0006348863 0.006356909 -0.004967459 -8.684729 
1786049845.968 -0.0006311557 0.00241664 -0.005721927 -8.553918 
1786049846.026 -0.0006274518 0.006457957 -0.005546564 -8.426249 
1786049846.091 -0.0006236562 0.00556861 -0.006079085 -8.297409 
1786049846.156 -0.0006199478 0.005312213 -0.005195423 -8.169561 
1786049846.224 -0.0006159761 0.006763342 -0.005172675 -8.032692 
1786049846.286 -0.000612152 0.004410592 -0.005829308 -7.900984 
1786049846.349 -0.0006086446 0.003611956 -0.006072065 -7.778194 
1786049846.408 -0.0006051632 0.005661787 -0.006330338 -7.660394 
1786049846.469 -0.0006018208 0.003305193 -0.004943231 -7.545317 
1786049846.528 -0.0005984467 0.006909664 -0.005217623 -7.427263 
1786049846.588 -0.000595098 0.003341575 -0.005149121 -7.314018 
1786049846.650 -0.0005919401 0.004229215 -0.005789345 -7.205427 
1786049846.717 -0.0005879292 0.006202205 -0.005105447 -7.065707 
1786049846.774 -0.0005847692 0.002692888 -0.005816875 -6.958936 
1786049846.835 -0.0005815253 0.003145366 -0.005738244 -6.847462 
1786049846.901 -0.0005780397 0.005452494 -0.005312642 -6.725846 
1786049846.983 -0.0005736324 0.003715728 -0.006138217 -6.57637 
1786049847.077 -0.0005692739 0.003304105 -0.005254319 -6.426691 
1786049847.162 -0.0005644999 0.003544903 -0.005473805 -6.262863 
1786049847.238 -0.0005603976 0.008052533 -0.005553507 -6.122075 
1786049847.306 -0.000557199 0.005176729 -0.005393171 -6.012345 
1786049847.387 -0.0005529284 0.005541995 -0.005632632 -5.865881 
1786049847.450 -0.0005497963 0.003366383 -0.005703631 -5.758497 
1786049847.511 -0.0005468398 0.006709686 -0.005145689 -5.657147 
1786049847.575 -0.0005436173 0.007265553 -0.005740266 -5.546654 
1786049847.649 -0.0005400894 0.005482194 -0.005795863 -5.425799 
1786049847.719 -0.0005370279 0.004766399 -0.005408674 -5.320887 
1786049847.786 -0.0005338071 0.005652292 -0.005867664 -5.210558 
1786049847.868 -0.0005302468 0.001672742 -0.005548245 -5.088581 
1786049847.949 -0.0005260383 0.001913022 -0.006114805 -4.944483 
1786049848.022 -0.0005227053 0.0006915153 -0.005561467 -4.828789 
1786049848.095 -0.0005194556 0.004134375 -0.005814318 -4.717586 
1786049848.176 -0.0005157999 0.002533887 -0.005534656 -4.593985 
1786049848.245 -0.0005126739 0.005500171 -0.005112449 -4.487028 
1786049848.318 -0.0005096707 0.003940956 -0.005070648 -4.384258 
1786049848.399 -0.00050636 0.003634631 -0.005480725 -4.271003 
1786049848.482 -0.0005026287 0.003019507 -0.005129809 -4.143321 
1786049848.559 -0.0004994929 0.004187448 -0.006198353 -4.034655 
1786049848.628 -0.0004965208 0.004491975 -0.005311928 -3.934482 
1786049848.690 -0.0004939105 0.005952836 -0.005703634 -3.84523 
1786049848.761 -0.0004912496 0.005771266 -0.00624255 -3.754269 
1786049848.828 -0.0004885808 0.008498641 -0.005739837 -3.661661 
1786049848.889 -0.0004860227 0.003505503 -0.005801324 -3.575591 
1786049848.968 -0.000483225 0.001174306 -0.004610246 -3.479978 
1786049849.033 -0.005480503 0.005304133 -0.004739383 -3.385656 
1786049849.097 -0.005478081 0.002682317 -0.004796052 -3.304178 
1786049849.166 -0.005475465 0.004113369 -0.00389249 -3.213507 
1786049849.244 -0.005472703 0.004608173 -0.003921114 -3.119184 
1786049849.316 -0.01047002 0.002674606 -0.004691691 -3.028672 
1786049849.389 -0.005467336 -0.001406372 -0.004678134 -2.937083 
1786049849.459 -0.00546494 0.001067145 -0.004391531 -2.855278 
1786049849.544 -0.005462028 0.002203975 -0.003484436 -2.754536 
1786049849.622 -0.005459538 0.001290653 -0.004127116 -2.670755 
1786049849.683 -0.005457254 0.001054134 -0.004395529 -2.592744 
1786049849.773 -0.005454774 -0.0006218536 -0.003616923 -2.508064 
1786049849.860 -0.0004516269 -0.001622565 -0.00452662 -2.400624 
1786049849.951 -0.005448643 0.0004737469 -0.005272102 -2.298737 
1786049850.026 -0.0004462466 -0.001185 -0.005008077 -2.216897 
1786049850.122 -0.0004435609 -0.003866597 -0.00566924 -2.124193 
1786049850.203 -0.005440991 -0.002568484 -0.005624524 -2.036507 
1786049850.275 -0.000438881 9.330132e-05 -0.005712289 -1.965497 
1786049850.358 -0.0004364103 0.0002317042 -0.006376775 -1.881162 
1786049850.425 -0.0004345509 0.001106906 -0.005069902 -1.817681 
1786049850.503 -0.005432422 -0.001518953 -0.005123616 -1.745029 
1786049850.577 -0.0004303897 0.002376332 -0.00496479 -1.675682 
1786049850.658 -0.0004282937 0.002068529 -0.004934159 -1.604145 
1786049850.733 -0.0004262433 0.002478761 -0.00563705 -1.534158 
1786049850.806 -0.0004244647 0.00278648 -0.005609232 -1.472611 
1786049850.878 0.009577327 0.01253184 0.0004716833 -1.41232 
1786049850.954 0.01957906 0.01752192 0.00855613 -1.352458 
1786049851.028 0.01958094 0.01877102 0.01038524 -1.289088 
1786049851.096 0.01958257 0.01964576 0.01088535 -1.233491 
1786049851.162 0.01958409 0.02027063 0.01194678 -1.181439 
1786049851.230 0.01958561 0.02296415 0.01270259 -1.129741 
1786049851.292 0.01958698 0.02070018 0.01141729 -1.082905 
1786049851.357 0.01958835 0.01995636 0.009889961 -1.036331 
1786049851.427 0.01958968 0.01694078 0.01059156 -0.9907638 
1786049851.510 0.01959139 0.02292655 0.01098384 -0.932528 
1786049851.576 0.01959271 0.01796674 0.009921495 -0.887324 
1786049851.656 0.01959425 0.02015016 0.01052756 -0.8348559 
1786049851.728 0.0145956 0.01585466 0.0104049 -0.7883409 
1786049851.804 0.01459699 0.0167831 0.01015098 -0.7407448 
1786049851.869 0.01459819 0.01625304 0.01044262 -0.7005448 
1786049851.947 0.01459944 0.02211987 0.01072591 -0.6574203 
1786049852.023 0.01960071 0.01901857 0.01088572 -0.6145695 
1786049852.098 0.01960194 0.02021335 0.01077845 -0.5726093 
1786049852.171 0.01460305 0.01616101 0.01031472 -0.5342241 
1786049852.253 0.01460428 0.01671303 0.00985884 -0.4926885 
1786049852.326 0.01460527 0.01631751 0.008883586 -0.4590429 
1786049852.391 0.01960622 0.01599978 0.01030737 -0.4261156 
1786049852.460 0.01960708 0.01748153 0.0102049 -0.3970903 
1786049852.527 0.01460798 0.01429073 0.01007567 -0.3665081 
1786049852.592 0.0146088 0.01685968 0.009774106 -0.3383933 
1786049852.669 0.01460969 0.01608332 0.00945651 -0.3082424 
1786049852.730 0.01461042 0.01617838 0.008908676 -0.2832563 
1786049852.795 0.01461109 0.01422121 0.009524824 -0.2600192 
1786049852.857 0.01461172 0.01368284 0.008779251 -0.2385093 
1786049852.915 0.01461233 0.01220098 0.00796158 -0.2182357 
1786049852.990 0.01461301 0.01517919 0.008440682 -0.1944813 
1786049853.053 0.01461359 0.01431395 0.007521732 -0.1750426 
1786049853.118 0.01461414 0.01361554 0.007824493 -0.1563403 
1786049853.182 0.009614651 0.01230549 0.006805248 -0.1389532 
1786049853.239 0.01461506 0.01325993 0.008257207 -0.1248359 
1786049853.306 0.01461555 0.01608127 0.009716686 -0.1079579 
1786049853.367 0.01461595 0.01525545 0.009852554 -0.09446617 
1786049853.433 0.009616359 0.0139983 0.008700631 -0.0806711 
1786049853.490 0.01461667 0.01427461 0.01004916 -0.06999467 
1786049853.554 0.01461701 0.01410778 0.008851134 -0.05854296 
1786049853.622 0.01461733 0.01621209 0.008908401 -0.04748448 
1786049853.684 0.01461761 0.01509703 0.008948022 -0.03799893 
1786049853.745 0.01461784 0.01600477 0.0102437 -0.03017655 
1786049853.802 0.01461803 0.01439188 0.008991389 -0.0235818 
1786049853.863 0.009618213 0.01191348 0.007733727 -0.01742255 
1786049853.930 0.01461838 0.01247488 0.009011745 -0.01180765 
1786049854.009 0.009618528 0.01182531 0.00774637 -0.006690297 
1786049854.069 0.00961862 0.006204655 0.005207945 -0.003543141 
1786049854.127 0.00461868 0.006740079 0.005208449 -0.001494419 
1786049854.192 0.004618716 0.007812915 0.005208555 -0.0002570427 
1786049854.262 0.004618724 0.006374562 0.003938559 1.019762e-08 
1786049854.337 0.004618724 0.006374562 0.003938559 1.019762e-08 
1786049854.401 0.004618724 0.002374562 0.002668559 1.019762e-08 
1786049854.452 0.004618724 0.002374562 0.00139856 1.019762e-08 
1786049854.504 0.004618724 0.002374562 0.00139856 1.019762e-08 
1786049854.564 0.004618724 0.002374562 0.0001285608 1.019762e-08 
1786049854.625 0.004618724 0.002374562 -0.001141438 1.019762e-08 
1786049854.679 0.004618724 0.002374562 -0.001141438 1.019762e-08 
1786049854.737 0.004618724 0.002374562 -0.001141438 1.019762e-08 
1786049854.793 0.004618724 0.002374562 -0.002411438 1.019762e-08 
1786049854.846 -0.0003812761 0.002374562 -0.002411438 1.019762e-08 
1786049854.900 -0.0003812761 0.002374562 -0.003681437 1.019762e-08 
1786049854.954 -0.0003812761 0.002374562 -0.003681437 1.019762e-08 
1786049855.006 -0.0003812761 0.002374562 -0.004951436 1.019762e-08 
1786049855.065 -0.0003812761 0.002374562 -0.004951436 1.019762e-08 
1786049855.131 -0.0003812761 0.002374562 -0.004951436 1.019762e-08 
1786049855.189 -0.0003812761 -0.001625438 -0.006221436 1.019762e-08 
1786049855.239 -0.0003812761 -0.001625438 -0.006221436 1.019762e-08 
1786049855.300 -0.0003812761 -0.001625438 -0.006221436 1.019762e-08 
1786049855.362 -0.0003812761 -0.001625438 -0.004951436 1.019762e-08 
1786049855.419 -0.0003812761 -0.001625438 -0.006221436 1.019762e-08 
1786049855.472 -0.0003812761 -0.001625438 -0.006221436 1.019762e-08 
1786049855.526 -0.0003812761 -0.001625438 -0.006221436 1.019762e-08 
1786049855.588 -0.0003812761 -0.001625438 -0.004951436 1.019762e-08 
1786049855.641 -0.0003812761 -0.001625438 -0.006221436 1.019762e-08 
1786049855.699 -0.0003812761 -0.001625438 -0.006221436 1.019762e-08 
1786049855.752 -0.0003812761 -0.001625438 -0.006221436 1.019762e-08 
1786049855.810 -0.0003812761 -0.001625438 -0.006221436 1.019762e-08 
1786049855.872 -0.0003812761 -0.001625438 -0.004951436 1.019762e-08 
1786049855.939 -0.0003812761 -0.001625438 -0.004951436 1.019762e-08 
1786049855.994 -0.0003812761 -0.001625438 -0.004951436 1.019762e-08 
1786049856.045 -0.0003812761 -0.001625438 -0.004951436 1.019762e-08 
1786049856.104 -0.0003812761 -0.001625438 -0.006221436 1.019762e-08 
1786049856.162 -0.0003812761 -0.001625438 -0.004951436 1.019762e-08 
1786049856.215 -0.0003812761 -0.001625438 -0.006221436 1.019762e-08 
1786049856.272 -0.0003812761 -0.001625438 -0.006221436 1.019762e-08 
1786049856.340 -0.005381276 -0.001625438 -0.006221436 1.019762e-08 
1786049856.405 -0.0003812761 -0.001625438 -0.004951436 1.019762e-08 
1786049856.467 -0.0003812761 -0.001625438 -0.006221436 1.019762e-08 
1786049856.522 -0.005381276 -0.001625438 -0.006221436 1.019762e-08 
1786049856.586 -0.005381276 -0.001625438 -0.006221436 1.019762e-08 
1786049856.648 -0.0003812761 -0.001625438 -0.004951436 1.019762e-08 
1786049856.703 -0.0003812761 -0.001625438 -0.004951436 1.019762e-08 
1786049856.755 -0.0003812761 -0.001625438 -0.006221436 1.019762e-08 
1786049856.809 -0.0003812761 -0.001625438 -0.006221436 1.019762e-08 
1786049856.860 -0.0003812761 -0.001625438 -0.004951436 1.019762e-08 
1786049856.911 -0.0003812761 -0.001625438 -0.004951436 1.019762e-08 
1786049856.971 -0.0003812761 -0.001625438 -0.004951436 1.019762e-08 
1786049857.031 -0.0003812761 -0.005625438 -0.004951436 1.019762e-08 
1786049857.084 -0.005381276 -0.005625438 -0.006221436 1.019762e-08 
1786049857.150 -0.0003812761 -0.005625438 -0.004951436 1.019762e-08 
1786049857.208 -0.0003812761 -0.001625438 -0.004951436 1.019762e-08 
1786049857.264 -0.0003812761 -0.005625438 -0.004951436 1.019762e-08 
1786049857.320 -0.0003812761 -0.001625438 -0.004951436 1.019762e-08 
1786049857.379 -0.0003812761 -0.001625438 -0.004951436 1.019762e-08 
1786049857.444 -0.005381276 -0.005625438 -0.004951436 1.019762e-08 
1786049857.497 -0.0003812761 -0.001625438 -0.004951436 1.019762e-08 
1786049857.550 -0.005381276 -0.005625438 -0.006221436 1.019762e-08 
1786049857.608 -0.0003812761 -0.001625438 -0.004951436 1.019762e-08 
1786049857.664 -0.0003812761 -0.001625438 -0.004951436 1.019762e-08 
1786049857.719 -0.0003812761 -0.001625438 -0.004951436 1.019762e-08 
1786049857.781 -0.0003812761 -0.001625438 -0.004951436 1.019762e-08 
1786049857.838 -0.0003812761 -0.001625438 -0.004951436 1.019762e-08 
1786049857.891 -0.0003812761 -0.001625438 -0.006221436 1.019762e-08 
1786049857.945 -0.0003812761 -0.001625438 -0.004951436 1.019762e-08 
1786049858.006 -0.0003812761 -0.005625438 -0.006221436 1.019762e-08 
1786049858.061 -0.0003812761 -0.005625438 -0.004951436 1.019762e-08 
1786049858.118 -0.0003812761 -0.005625438 -0.006221436 1.019762e-08 
1786049858.174 -0.0003812761 -0.005625438 -0.006221436 1.019762e-08 
1786049858.235 -0.0003812761 -0.005625438 -0.006221436 1.019762e-08 
1786049858.293 -0.0003812761 -0.005625438 -0.006221436 1.019762e-08 
1786049858.350 -0.0003812761 -0.005625438 -0.006221436 1.019762e-08 
1786049858.405 -0.0003812761 -0.005625438 -0.004951436 1.019762e-08 
1786049858.457 -0.0003812761 -0.005625438 -0.006221436 1.019762e-08 
1786049858.519 -0.0003812761 -0.001625438 -0.006221436 1.019762e-08 
1786049858.578 -0.0003812761 -0.005625438 -0.006221436 1.019762e-08 
1786049858.636 -0.0003812761 -0.005625438 -0.006221436 1.019762e-08 
1786049858.687 0.004618724 -0.001625438 -0.006221436 1.019762e-08 
1786049858.749 0.004618724 -0.001625438 -0.006221436 1.019762e-08 
1786049858.804 0.004618724 -0.001625438 -0.006221436 1.019762e-08 
1786049858.866 0.004618724 -0.005625438 -0.004951436 1.019762e-08 
1786049858.920 0.004618724 -0.001625438 -0.006221436 1.019762e-08 
1786049858.981 0.004618724 -0.005625438 -0.006221436 1.019762e-08 
1786049859.039 0.004618724 -0.001625438 -0.006221436 1.019762e-08 
1786049859.096 0.009618724 -0.005625438 -0.004951436 1.019762e-08 
1786049859.154 0.004618724 -0.001625438 -0.006221436 1.019762e-08 
1786049859.214 0.004618724 -0.001625438 -0.006221436 1.019762e-08 
1786049859.280 0.004618724 -0.001625438 -0.004951436 1.019762e-08 
1786049859.341 0.004618724 -0.001625438 -0.006221436 1.019762e-08 
1786049859.398 0.004618724 -0.001625438 -0.004951436 1.019762e-08 
1786049859.475 0.004618724 -0.005625438 -0.006221436 1.019762e-08 
1786049859.534 0.004618724 -0.005625438 -0.006221436 1.019762e-08 
1786049859.597 0.004618724 -0.001625438 -0.004951436 1.019762e-08 
1786049859.648 0.004618724 -0.005625438 -0.006221436 1.019762e-08 
1786049859.705 0.004618724 -0.001625438 -0.004951436 1.019762e-08 
1786049859.770 0.004618724 -0.001625438 -0.004951436 1.019762e-08 
1786049859.834 0.004618724 -0.005625438 -0.006221436 1.019762e-08 
1786049859.885 0.004618724 -0.001625438 -0.004951436 1.019762e-08 
1786049859.947 0.004618724 -0.001625438 -0.004951436 1.019762e-08 
1786049860.003 0.004618724 -0.001625438 -0.004951436 1.019762e-08 
1786049860.056 0.004618724 -0.001625438 -0.004951436 1.019762e-08 
1786049860.110 0.004618724 -0.001625438 -0.004951436 1.019762e-08 
1786049860.162 0.004618724 -0.001625438 -0.004951436 1.019762e-08 
1786049860.215 -0.0003812761 -0.001625438 -0.004951436 1.019762e-08 
1786049860.271 -0.0003812761 -0.001625438 -0.004951436 1.019762e-08 
1786049860.333 -0.0003812761 -0.001625438 -0.003681437 1.019762e-08 
1786049860.390 -0.0003812761 -0.001625438 -0.003681437 1.019762e-08 
1786049860.442 -0.0003812761 -0.005625438 -0.003681437 1.019762e-08 
1786049860.503 -0.0003812761 -0.005625438 -0.003681437 1.019762e-08 
1786049860.558 -0.0003812761 -0.001625438 -0.003681437 1.019762e-08 
1786049860.611 -0.0003812761 -0.001625438 -0.003681437 1.019762e-08 
1786049860.667 -0.0003812761 -0.005625438 -0.003681437 1.019762e-08 
1786049860.727 -0.0003812761 -0.001625438 -0.003681437 1.019762e-08 
1786049860.783 -0.005381276 -0.005625438 -0.003681437 1.019762e-08 
1786049860.839 -0.005381276 -0.005625438 -0.003681437 1.019762e-08 
1786049860.902 -0.0003812761 -0.005625438 -0.002411438 1.019762e-08 
1786049860.958 -0.0003812761 -0.001625438 -0.002411438 1.019762e-08 
1786049861.011 -0.0003812761 -0.001625438 -0.002411438 1.019762e-08 
1786049861.067 -0.0003812761 -0.005625438 -0.003681437 1.019762e-08 
1786049861.135 -0.0003812761 -0.005625438 -0.003681437 1.019762e-08 
1786049861.198 -0.0003812761 -0.001625438 -0.003681437 1.019762e-08 
1786049861.252 -0.0003812761 -0.001625438 -0.003681437 1.019762e-08 
1786049861.309 -0.0003812761 -0.001625438 -0.004951436 1.019762e-08 
1786049861.363 0.004618724 -0.001625438 -0.004951436 1.019762e-08 
1786049861.415 -0.0003812761 -0.001625438 -0.004951436 1.019762e-08 
1786049861.468 0.004618724 -0.001625438 -0.004951436 1.019762e-08 
1786049861.525 0.004618724 -0.001625438 -0.004951436 1.019762e-08 
1786049861.580 0.004618724 -0.001625438 -0.004951436 1.019762e-08 
1786049861.633 0.004618724 -0.001625438 -0.006221436 1.019762e-08 
1786049861.692 0.004618724 -0.001625438 -0.006221436 1.019762e-08 
1786049861.750 0.004618724 -0.001625438 -0.004951436 1.019762e-08 
1786049861.802 0.004618724 -0.001625438 -0.004951436 1.019762e-08 
1786049861.859 0.004618724 -0.001625438 -0.004951436 1.019762e-08 
1786049861.914 0.004618724 -0.001625438 -0.006221436 1.019762e-08 
1786049861.966 0.004618724 -0.001625438 -0.004951436 1.019762e-08 
1786049862.023 0.004618724 -0.001625438 -0.004951436 1.019762e-08 
1786049862.084 0.004618724 -0.001625438 -0.006221436 1.019762e-08 
1786049862.145 0.004618724 -0.001625438 -0.004951436 1.019762e-08 
1786049862.199 0.004618724 -0.001625438 -0.006221436 1.019762e-08 
1786049862.257 0.004618724 -0.001625438 -0.004951436 1.019762e-08 
1786049862.315 0.004618724 -0.001625438 -0.004951436 1.019762e-08 
1786049862.371 0.004618724 -0.001625438 -0.004951436 1.019762e-08 
1786049862.427 0.004618724 -0.001625438 -0.004951436 1.019762e-08 
1786049862.490 0.004618724 0.002374562 -0.004951436 1.019762e-08 
1786049862.548 0.004618724 0.002374562 -0.003681437 1.019762e-08 
1786049862.598 0.004618724 0.002374562 -0.003681437 1.019762e-08 
1786049862.658 -0.0003812761 0.002374562 -0.002411438 1.019762e-08 
1786049862.716 -0.0003812761 0.002374562 -0.002411438 1.019762e-08 
1786049862.768 -0.0003812761 0.002374562 -0.002411438 1.019762e-08 
1786049862.825 -0.0003812761 0.002374562 -0.001141438 1.019762e-08 
1786049862.883 -0.0003812761 -0.001625438 -0.001141438 1.019762e-08 
1786049862.935 -0.0003812761 -0.001625438 0.0001285608 1.019762e-08 
1786049862.991 -0.0003812761 0.002374562 0.0001285608 1.019762e-08 
1786049863.051 -0.0003812761 0.002374562 0.00139856 1.019762e-08 
1786049863.108 -0.0003812761 0.002374562 0.00139856 1.019762e-08 
1786049863.161 -0.0003812761 0.002374562 0.002668559 1.019762e-08 
1786049863.217 -0.0003812761 0.002374562 0.002668559 1.019762e-08 
1786049863.281 -0.0003812761 0.002374562 0.002668559 1.019762e-08 
1786049863.335 -0.0003812761 0.002374562 0.002668559 1.019762e-08 
1786049863.390 -0.0003812761 0.002374562 0.003938559 1.019762e-08 
1786049863.450 0.004618724 0.002374562 0.003938559 1.019762e-08 
1786049863.510 0.004618724 0.002374562 0.003938559 1.019762e-08 
1786049863.562 0.004618724 0.002374562 0.003938559 1.019762e-08 
1786049863.617 0.004618724 0.002374562 0.003938559 1.019762e-08 
1786049863.678 0.004618724 0.002374562 0.003938559 1.019762e-08 
1786049863.732 0.004618724 0.002374562 0.002668559 1.019762e-08 
1786049863.785 0.004618724 0.002374562 0.002668559 1.019762e-08 
1786049863.840 0.004618724 0.002374562 0.002668559 1.019762e-08 
1786049863.891 0.004618724 0.002374562 0.002668559 1.019762e-08 
1786049863.945 0.004618724 0.002374562 0.002668559 1.019762e-08 
1786049864.002 0.004618724 0.002374562 0.00139856 1.019762e-08 
1786049864.055 0.004618724 0.002374562 0.00139856 1.019762e-08 
1786049864.109 0.004618724 -0.001625438 0.00139856 1.019762e-08 
1786049864.175 0.004618724 0.002374562 0.00139856 1.019762e-08 
1786049864.237 0.004618724 -0.001625438 0.00139856 1.019762e-08 
1786049864.290 0.004618724 -0.001625438 0.00139856 1.019762e-08 
1786049864.348 0.004618724 -0.001625438 0.002668559 1.019762e-08 
1786049864.406 -0.0003812761 0.002374562 0.002668559 1.019762e-08 
1786049864.469 -0.0003812761 -0.001625438 0.002668559 1.019762e-08 
1786049864.523 -0.0003812761 -0.001625438 0.002668559 1.019762e-08 
1786049864.581 -0.0003812761 -0.001625438 0.002668559 1.019762e-08 
1786049864.635 -0.0003812761 -0.001625438 0.003938559 1.019762e-08 
1786049864.688 -0.0003812761 -0.001625438 0.003938559 1.019762e-08 
1786049864.747 -0.0003812761 -0.001625438 0.003938559 1.019762e-08 
1786049864.802 -0.0003812761 -0.001625438 0.003938559 1.019762e-08 
1786049864.852 -0.0003812761 -0.001625438 0.005208558 1.019762e-08 
1786049864.908 -0.0003812761 -0.001625438 0.005208558 1.019762e-08 
1786049864.971 -0.0003812761 -0.001625438 0.003938559 1.019762e-08 
1786049865.032 -0.0003812761 -0.001625438 0.003938559 1.019762e-08 
1786049865.085 -0.0003812761 -0.001625438 0.003938559 1.019762e-08 
1786049865.138 -0.0003812761 -0.001625438 0.003938559 1.019762e-08 
1786049865.205 -0.0003812761 -0.001625438 0.003938559 1.019762e-08 
1786049865.261 -0.0003812761 -0.001625438 0.003938559 1.019762e-08 
1786049865.313 -0.0003812761 -0.001625438 0.002668559 1.019762e-08 
1786049865.370 -0.0003812761 -0.001625438 0.002668559 1.019762e-08 
1786049865.437 -0.0003812506 -0.006498054 0.002668522 0.0008688943 
1786049865.493 -0.0003811775 -0.008459472 0.002668006 0.003363302 
1786049865.561 0.009618969 -0.0004984768 0.006475133 0.008372607 
1786049865.625 0.009619175 0.004290586 0.007737006 0.0153751 
1786049865.684 0.009619415 0.006459348 0.006451433 0.02355851 
1786049865.746 0.009619695 0.007906953 0.007694359 0.0333067 
1786049865.811 0.009620092 0.007956861 0.006371218 0.04687103 
1786049865.876 0.009620549 0.008463952 0.007557709 0.06249718 
1786049865.932 0.009620981 0.007249851 0.007458837 0.07700253 
1786049865.997 0.009621532 0.01008656 0.007300257 0.09578613 
1786049866.054 0.009622083 0.00887853 0.00710711 0.1145822 
1786049866.113 0.009622704 0.01013328 0.008117659 0.1357867 
1786049866.178 0.009623402 0.00884313 0.007774064 0.1595935 
1786049866.243 0.009624169 0.006381179 0.007332648 0.1857594 
1786049866.304 0.004624994 0.008809172 0.006783073 0.2143684 
1786049866.370 0.004625936 0.005042151 0.006049618 0.2465084 
1786049866.427 0.004626804 0.007276006 0.006576956 0.2756164 
1786049866.500 0.009627851 0.007191576 0.006822024 0.3113614 
1786049866.568 0.009629067 0.00701186 0.006746238 0.3528346 
1786049866.634 0.009630248 0.009433729 0.006547753 0.3931273 
1786049866.697 0.004631454 0.007047658 0.006154216 0.4342918 
1786049866.756 0.00963266 0.008790204 0.0068342 0.4760988 
1786049866.821 0.009634005 0.007972827 0.008442459 0.5212766 
1786049866.882 0.009635323 0.007990067 0.007281278 0.5669899 
1786049866.944 0.004636673 0.002403976 0.007211411 0.6123033 
1786049867.013 0.00463829 0.00947913 0.006301093 0.6674893 
1786049867.075 0.009639778 0.008530444 0.006614551 0.7190951 
1786049867.140 0.004641398 0.007903474 0.006456373 0.7735103 
1786049867.197 0.009643025 0.00526958 0.005921959 0.8290079 
1786049867.256 0.004644515 0.004705261 0.005488057 0.8798365 
1786049867.316 0.004646276 0.004351013 0.005226122 0.9399284 
1786049867.387 0.00964833 0.00397795 0.004898628 1.010014 
1786049867.451 0.009650185 0.005809801 0.006078993 1.073305 
1786049867.513 0.009652158 0.004940092 0.006416922 1.140599 
1786049867.571 0.009653998 0.003366176 0.005448101 1.204477 
1786049867.636 0.004656086 0.002804244 0.004573833 1.274644 
1786049867.697 0.004658097 0.006619154 0.00468533 1.343266 
1786049867.769 0.004660581 0.004313278 0.004642374 1.428057 
1786049867.839 0.009663068 0.001291734 0.004966617 1.51411 
1786049867.901 0.009665294 0.004179271 0.004873003 1.590129 
1786049867.956 0.004667498 0.003114503 0.004542623 1.664107 
1786049868.023 -0.005330091 -0.009231924 -0.0004978119 1.747698 
1786049868.093 -0.01032727 -0.01691488 -0.00575138 1.842783 
1786049868.161 -0.01532457 -0.01212106 -0.007502112 1.934885 
1786049868.224 -0.01532214 -0.01218546 -0.007285998 2.019265 
1786049868.302 -0.01531889 -0.01244001 -0.009139587 2.12868 
1786049868.366 -0.01031582 -0.01501983 -0.008946256 2.234984 
1786049868.427 -0.01531317 -0.01368066 -0.008461987 2.324102 
1786049868.485 -0.01531046 -0.01037745 -0.008259579 2.416502 
1786049868.549 -0.01030761 -0.01083723 -0.00756934 2.515404 
1786049868.607 -0.01030494 -0.01283712 -0.00750622 2.605017 
1786049868.668 -0.01530188 -0.01225123 -0.007912134 2.709292 
1786049868.733 -0.01029897 -0.009557162 -0.006830643 2.808974 
1786049868.798 -0.0102959 -0.01196318 -0.006930776 2.913843 
1786049868.863 -0.01529236 -0.01088329 -0.007707198 3.036308 
1786049868.934 -0.01028886 -0.01142369 -0.008120792 3.157745 
1786049869.011 -0.01028482 -0.01225085 -0.007360827 3.292406 
1786049869.069 -0.01028139 -0.01501221 -0.007598777 3.409565 
1786049869.133 -0.0152779 -0.01313794 -0.007340945 3.528708 
1786049869.194 -0.0102748 -0.009314625 -0.007578226 3.634736 
1786049869.254 -0.0102712 -0.01272881 -0.007536303 3.757758 
1786049869.312 -0.01026789 -0.009495538 -0.007814597 3.871091 
1786049869.366 -0.0102647 -0.0101326 -0.007669915 3.98012 
1786049869.425 -0.01026141 -0.01043102 -0.007554619 4.092555 
1786049869.485 -0.01025765 -0.01162578 -0.007607869 4.220934 
1786049869.545 -0.01025415 -0.009590021 -0.006959007 4.340983 
1786049869.603 -0.01025053 -0.01262849 -0.007747605 4.466881 
1786049869.661 -0.01024698 -0.009356046 -0.007047843 4.585993 
1786049869.721 -0.01024327 -0.01525417 -0.006363888 4.713231 
1786049869.786 -0.01023905 -0.01302522 -0.007530484 4.859815 
1786049869.855 -0.01023464 -0.01113642 -0.006805793 5.008652 
1786049869.913 -0.01023076 -0.01233668 -0.007861524 5.141418 
1786049869.971 -0.01022676 -0.007892052 -0.007635339 5.278486 
1786049870.034 -0.01022271 -0.009311246 -0.007645259 5.417251 
1786049870.105 -0.0102184 -0.006922699 -0.008071238 5.58385 
1786049870.171 -0.01021327 -0.01219776 -0.007223957 5.740808 
1786049870.241 -0.005208344 -0.006701497 -0.006835083 5.91224 
1786049870.310 -0.005203491 -0.01202783 -0.007486267 6.07622 
1786049870.376 -0.005198864 -0.009762652 -0.007807766 6.237535 
1786049870.437 -0.01019403 -0.01097458 -0.006894211 6.400884 
1786049870.497 -0.01018966 -0.01018058 -0.007719154 6.551059 
1786049870.559 -0.01018501 -0.01001198 -0.00678952 6.710656 
1786049870.622 -0.01018038 -0.01366566 -0.007865076 6.872382 
1786049870.683 -0.01017547 -0.01157293 -0.007961812 7.038361 
1786049870.744 -0.01017074 -0.0117866 -0.007874828 7.201167 
1786049870.803 -0.005166028 -0.0109382 -0.007203799 7.363056 
1786049870.866 -0.01016111 -0.00944612 -0.007543882 7.534991 
1786049870.929 -0.01015614 -0.01178268 -0.008069965 7.703411 
1786049870.996 -0.0101507 -0.009482695 -0.007920818 7.890537 
1786049871.061 -0.01014529 -0.007399881 -0.008148964 8.076909 
1786049871.117 -0.01014057 -0.009656146 -0.007957 8.239697 
1786049871.171 -0.01013605 -0.008382522 -0.007086491 8.395459 
1786049871.240 -0.01013039 -0.009766792 -0.007156013 8.593603 
1786049871.301 -0.0101251 -0.01258237 -0.007962303 8.773436 
1786049871.370 -0.01011923 -0.00911639 -0.007667057 8.97899 
1786049871.456 -0.005112244 -0.01094755 -0.006602473 9.217223 
1786049871.524 -0.01010588 -0.01069496 -0.007014233 9.440281 
1786049871.590 -0.01009999 -0.01116389 -0.006626787 9.640968 
1786049871.654 -0.005093948 -0.009245019 -0.006723139 9.850127 
1786049871.715 -0.005088393 -0.01010101 -0.007337122 10.04261 
1786049871.779 -0.005082881 -0.01257674 -0.007012984 10.23677 
1786049871.843 -0.01007648 -0.006998629 -0.006698002 10.45871 
1786049871.916 -0.01007039 -0.007766385 -0.006805483 10.66673 
1786049871.975 -0.005064345 -0.007011566 -0.006880766 10.87676 
1786049872.035 -0.01005834 -0.0064012 -0.007269892 11.08556 
1786049872.097 -0.005053146 -0.005899435 -0.00630734 11.2661 
1786049872.154 -0.005046943 -0.01056068 -0.007095082 11.48535 
1786049872.219 -0.01004078 -0.01079269 -0.007042078 11.69639 
1786049872.275 -0.01003497 -0.005375589 -0.006599045 11.899 
1786049872.352 -0.01002821 -0.008159489 -0.007042009 12.13472 
1786049872.423 -0.005020283 -0.01018623 -0.007480268 12.41139 
1786049872.488 -0.0100139 -0.00864149 -0.007608643 12.6344 
1786049872.556 -0.01000706 -0.01117744 -0.007436164 12.8737 
1786049872.611 -0.005000991 -0.006812538 -0.006763377 13.0863 
1786049872.672 -0.004994666 -0.006676371 -0.006791056 13.30795 
1786049872.747 -0.009987351 -0.00786435 -0.006571278 13.5645 
1786049872.820 -0.009979126 -0.006639956 -0.006203423 13.8534 
1786049872.895 -0.00497168 -0.004712741 -0.007288801 14.115 
1786049872.975 -0.004962988 -0.008794061 -0.006757914 14.42485 
1786049873.049 -0.004954867 -0.007715667 -0.006900012 14.70722 
1786049873.124 -0.004946568 -0.008758039 -0.00690549 15.00025 
1786049873.188 -0.009939745 -0.008857175 -0.007866033 15.24513 
1786049873.251 -0.004932543 -0.008596122 -0.007638725 15.49994 
1786049873.316 -0.004925402 -0.00724947 -0.007212952 15.74895 
1786049873.383 -0.004917873 -0.006600083 -0.007203325 16.02008 
1786049873.468 -0.009909042 -0.007703814 -0.007568257 16.32969 
1786049873.550 -0.004899796 -0.005622972 -0.007221906 16.65859 
1786049873.615 -0.004891282 -0.005695015 -0.007353735 16.96613 
1786049873.677 -0.004884565 -0.006488816 -0.007488404 17.20164 
1786049873.748 -0.004876641 -0.00784111 -0.007661771 17.48499 
1786049873.822 -0.004867959 -0.006051911 -0.006642845 17.79575 
1786049873.885 -0.009859571 -0.008023545 -0.00733055 18.09645 
1786049873.958 -0.009851723 -0.009506745 -0.008354155 18.38262 
1786049874.033 -0.004842988 -0.006988769 -0.007677771 18.69281 
1786049874.103 -0.004833954 -0.008420571 -0.008918209 19.01825 
1786049874.176 -0.004824981 -0.006098449 -0.008662464 19.34681 
1786049874.248 -0.004815951 -0.006811733 -0.006936152 19.66921 
1786049874.320 -0.00980711 -0.003366531 -0.00750698 19.98969 
1786049874.390 -0.009798958 -0.008150609 -0.008148216 20.28605 
1786049874.461 -0.00479014 -0.004297041 -0.007384611 20.60705 
1786049874.523 -0.004781772 -0.01040089 -0.007621464 20.91696 
1786049874.593 -0.00477336 -0.008968596 -0.007712499 21.21985 
1786049874.655 -0.009765284 -0.01155513 -0.008567913 21.52028 
1786049874.723 -0.004756406 -0.007017088 -0.008870513 21.8415 
1786049874.802 -0.009747482 -0.007480228 -0.008108977 22.16982 
1786049874.870 -0.009737869 -0.00733738 -0.008438296 22.52451 
1786049874.928 -0.0097304 -0.00579745 -0.008415177 22.80059 
1786049875.000 -0.004721346 -0.007071956 -0.008532408 23.13604 
1786049875.071 -0.009711987 -0.006370692 -0.007741702 23.48376 
1786049875.150 -0.004701668 -0.006300707 -0.007965087 23.87292 
1786049875.214 -0.004693795 -0.008937639 -0.008980357 24.16209 
1786049875.294 -0.00468259 -0.008867857 -0.009423458 24.58163 
1786049875.404 -0.004669333 -0.008713199 -0.008749025 25.07993 
1786049875.485 -0.004657335 -0.004183087 -0.007657432 25.53313 
1786049875.571 -0.00464729 -0.006731993 -0.008167953 25.92331 
1786049875.654 -0.004634776 -0.0007322605 -0.008743982 26.39385 
1786049875.757 -0.004621658 -0.006067159 -0.008077169 26.88943 
1786049875.852 -0.004608067 -0.007788002 -0.007786084 27.41562 
1786049875.945 -0.004596599 -0.003852644 -0.007920863 27.85228 
1786049876.020 -0.004584813 -0.006877755 -0.008690506 28.30773 
1786049876.103 -0.004573533 -0.005149709 -0.008725623 28.74566 
1786049876.173 -0.004563873 -0.006045377 -0.007509964 29.12248 
1786049876.261 -0.004552107 -0.005241045 -0.008700059 29.58825 
1786049876.345 -0.004540581 0.00141304 -0.01026324 30.03592 
1786049876.419 -0.004529578 -0.003955611 -0.00908023 30.47064 
1786049876.489 -0.004520224 -0.006557499 -0.008847511 30.84116 
1786049876.571 -0.004508887 -0.007605707 -0.008903753 31.29272 
1786049876.642 -0.004498507 -0.006169607 -0.009724868 31.70815 
1786049876.721 -0.004487401 -0.006111386 -0.008631175 32.16017 
1786049876.795 -0.004476695 0.0001351867 -0.0089437 32.58683 
1786049876.857 -0.004468229 -0.0006886964 -0.009136544 32.93034 
1786049876.922 -0.004459046 -0.002681478 -0.009040368 33.30435 
1786049877.006 -0.009447159 -0.004808568 -0.01064522 33.79086 
1786049877.072 -0.004437382 -0.004161936 -0.008707681 34.19324 
1786049877.148 -0.00442731 -0.007814207 -0.008943227 34.60977 
1786049877.237 -0.004415096 -0.004431424 -0.009704746 35.12927 
1786049877.310 -0.009403581 -0.007575411 -0.0105507 35.59903 
1786049877.383 -0.004393623 -0.001413191 -0.008492214 36.01821 
1786049877.464 -0.004382664 -0.00252477 -0.01032479 36.48162 
1786049877.530 -0.00437227 0.0003723064 -0.01069237 36.92986 
1786049877.591 -0.004363725 -0.002713343 -0.009739309 37.29543 
1786049877.668 -0.004353471 -0.005854457 -0.008886532 37.73034 
1786049877.731 -0.004343646 -0.002396129 -0.0102187 38.15527 
1786049877.790 -0.004335246 -0.006600373 -0.01014137 38.52071 
1786049877.853 -0.009326138 -0.006141639 -0.01030285 38.91877 
1786049877.915 -0.004317603 -0.004180486 -0.009426695 39.29402 
1786049877.986 -0.004307936 0.001607164 -0.01028968 39.7216 
1786049878.054 -0.004298278 -0.002206667 -0.01038579 40.1575 
1786049878.126 -0.004288061 0.0016712 -0.009938228 40.60868 
1786049878.195 -0.00427814 -0.00109352 -0.01029722 41.05615 
1786049878.267 -0.004267808 -0.00232183 -0.01096786 41.52495 
1786049878.332 -0.004259046 -0.003742084 -0.00974199 41.92558 
1786049878.415 -0.004247337 -0.003985405 -0.01018328 42.46484 
1786049878.494 -0.004236077 -0.00260526 -0.01026309 42.98764 
1786049878.566 -0.004225685 0.0007121241 -0.01039479 43.47416 
1786049878.632 -0.004216718 0.004151412 -0.01037933 43.89729 
1786049878.690 -0.00420819 0.003511735 -0.01002044 44.30235 
1786049878.758 -0.004198569 0.003273055 -0.01042175 44.76961 
1786049878.824 -0.004189538 0.001234819 -0.01078605 45.19825 
1786049878.883 -0.004181291 0.002011529 -0.007867633 45.60572 
1786049878.938 -0.004173814 0.002055494 -0.009774181 45.96472 
1786049878.997 -0.004166283 0.002257859 -0.01099835 46.3422 
1786049879.057 -0.004158042 0.005798353 -0.00944226 46.74413 
1786049879.112 -0.004150554 0.003681968 -0.009024154 47.11824 
1786049879.175 -0.004142892 0.007757865 -0.009383808 47.51043 
1786049879.235 -0.004135193 0.01001798 -0.009585536 47.8941 
1786049879.300 -0.004126957 0.005115688 -0.008072756 48.32124 
1786049879.364 -0.004118582 0.00949845 -0.009249332 48.74629 
1786049879.425 -0.004111056 0.004170849 -0.008311806 49.13719 
1786049879.484 -0.004103746 0.004015988 -0.008793326 49.51975 
1786049879.548 -0.004096407 0.006401192 -0.01003277 49.90698 
1786049879.625 -0.004087512 0.002638639 -0.00883124 50.39289 
1786049879.701 -0.004078641 0.005446256 -0.009252553 50.8573 
1786049879.765 -0.004071054 0.008418794 -0.008189646 51.26933 
1786049879.829 -0.004063687 0.005372719 -0.007408743 51.67264 
1786049879.884 -0.004057423 0.008988289 -0.008775998 52.01851 
1786049879.944 -0.004050796 0.01132052 -0.008692565 52.38748 
1786049880.007 -0.004043823 0.007603753 -0.007536442 52.78494 
1786049880.071 -0.004037695 0.009373908 -0.007874053 53.12595 
1786049880.131 0.0009691971 0.004882305 -0.008086044 53.52552 
1786049880.190 0.0009752628 0.006524503 -0.008218451 53.86898 
1786049880.251 0.0009816591 0.005353374 -0.009486134 54.24642 
1786049880.318 0.0009883693 0.003376976 -0.009531032 54.63419 
1786049880.377 0.0009941824 0.001141042 -0.007690639 54.97833 
1786049880.436 0.001000409 0.003996447 -0.00822263 55.35006 
1786049880.507 0.001006641 0.001763137 -0.00894031 55.72586 
1786049880.577 0.00101316 0.004632509 -0.006908241 56.12278 
1786049880.635 0.001019388 0.00717762 -0.008311705 56.50578 
1786049880.690 0.001024596 0.008549512 -0.009322753 56.82914 
1786049880.749 0.001029917 0.004430527 -0.007849922 57.16239 
1786049880.816 0.001035881 0.008276843 -0.007802712 57.54522 
1786049880.889 0.001042102 0.005213215 -0.007724907 57.93708 
1786049880.963 0.001048823 0.005642916 -0.006678712 58.37166 
1786049881.027 0.001054397 0.005038358 -0.006461105 58.73607 
1786049881.084 0.001059295 0.005584494 -0.007652306 59.05964 
1786049881.149 0.0060647 0.005345063 -0.007173724 59.42005 
1786049881.219 0.001070097 0.002501427 -0.007863035 59.78956 
1786049881.284 0.006075325 0.004137624 -0.007181929 60.14555 
1786049881.346 0.001080387 0.005332522 -0.006595281 60.4889 
1786049881.418 0.001085905 0.003412002 -0.007424787 60.87333 
1786049881.479 0.001090716 0.00449467 -0.006967129 61.21231 
1786049881.539 0.001095225 0.003408496 -0.005926579 61.5334 
1786049881.601 0.001099883 0.005909575 -0.006974748 61.86853 
1786049881.661 0.001104101 0.00414659 -0.006147151 62.1754 
1786049881.720 0.001108397 0.007734613 -0.005091315 62.49087 
1786049881.789 0.001113252 0.004617926 -0.006458452 62.85695 
1786049881.853 0.001117468 0.007422896 -0.00572619 63.1685 
1786049881.914 0.001121613 0.007634716 -0.005739151 63.48336 
1786049881.975 0.001125954 0.002534643 -0.007058764 63.81712 
1786049882.037 0.001129827 0.006887573 -0.006288016 64.11828 
1786049882.108 0.001134403 0.004933041 -0.005990754 64.47817 
1786049882.175 0.001138513 0.004116862 -0.005853845 64.80549 
1786049882.250 0.00114316 0.00450083 -0.006292575 65.18552 
1786049882.331 0.001147948 0.006078103 -0.004972836 65.57258 
1786049882.393 0.001151865 0.00207997 -0.006970128 65.89764 
1786049882.456 0.001155475 0.005464889 -0.005809556 66.20598 
1786049882.511 0.00115885 0.003885439 -0.004571197 66.48818 
1786049882.578 0.001162445 0.005343092 -0.004290762 66.79746 
1786049882.635 -0.003834247 0.001567012 -0.005084542 67.08547 
1786049882.694 -0.003831106 0.005638555 -0.003907716 67.36239 
1786049882.754 -0.003828072 0.006276968 -0.004168932 67.6327 
1786049882.813 -0.003824832 0.003476389 -0.005054369 67.9249 
1786049882.875 -0.003821654 0.00440359 -0.004164498 68.21536 
1786049882.932 -0.003818785 0.004518607 -0.003808138 68.48054 
1786049882.990 -0.003816016 0.006325367 -0.002577017 68.74416 
1786049883.059 -0.003812575 0.006490421 -0.00423822 69.06557 
1786049883.128 -0.003809304 0.005869549 -0.002086911 69.38026 
1786049883.191 -0.003806657 0.004198368 -0.002676467 69.63821 
1786049883.251 -0.003803606 0.005599602 -0.002757996 69.93934 
1786049883.309 -0.003801107 0.008306753 -0.002990455 70.18937 
1786049883.371 -0.003798393 0.006003609 -0.00236136 70.46441 
1786049883.445 -0.003795226 0.005135296 -0.001741442 70.79007 
1786049883.507 -0.003792591 0.005812937 -0.002104954 71.06519 
1786049883.575 0.001210111 0.005837343 -0.002160746 71.35563 
1786049883.630 0.001212436 0.001837098 -0.001379688 71.60092 
1786049883.696 0.001214948 0.002010804 -0.002572317 71.87431 
1786049883.764 0.001217444 0.005394457 -0.001130949 72.14998 
1786049883.826 0.001219846 0.00650683 -6.408966e-05 72.41947 
1786049883.892 0.001222341 0.002079758 -0.0003936697 72.70344 
1786049883.955 0.001224635 0.004012609 -0.00139995 72.96858 
1786049884.015 0.001226564 0.003444361 0.001006717 73.19481 
1786049884.079 0.001228864 0.004184723 0.0007858636 73.46829 
1786049884.134 0.001230778 0.002780212 0.001326762 73.69928 
1786049884.193 0.001232619 0.0008954222 0.001524346 73.92862 
1786049884.258 0.001234741 0.001831441 0.003987533 74.18812 
1786049884.325 0.001236688 0.004117055 0.003989085 74.43766 
1786049884.410 0.001239314 0.00441618 0.004670474 74.77504 
1786049884.487 0.001241565 0.004919548 0.006304159 75.07022 
1786049884.566 0.006243752 0.0008820998 0.008179071 75.36258 
1786049884.641 0.00124604 0.003844927 0.006002726 75.67079 
1786049884.711 0.00124791 0.002782287 0.007072852 75.93065 
1786049884.777 0.001249651 0.006218896 0.007823982 76.18086 
1786049884.839 0.001251271 0.003972984 0.006833642 76.41407 
1786049884.904 0.00125295 0.00426218 0.00649728 76.65618 
1786049884.963 0.001254342 0.005709536 0.007061073 76.8672 
1786049885.027 -0.003744086 0.002037472 0.008098693 77.10181 
1786049885.083 -0.003742762 0.005204676 0.00616421 77.30567 
1786049885.146 -0.003741447 0.006022841 0.006868677 77.51152 
1786049885.203 -0.003740098 0.004368419 0.00663099 77.72627 
1786049885.274 -0.003738634 0.004892232 0.007099487 77.96657 
1786049885.333 -0.003737337 0.005067927 0.006259507 78.1773 
1786049885.391 -0.003736154 0.003165357 0.006041547 78.37588 
1786049885.468 -0.003734746 0.00629789 0.006816889 78.62342 
1786049885.540 -0.003733249 0.004463084 0.006716208 78.87832 
1786049885.607 -0.003731986 0.003255204 0.007615532 79.10396 
1786049885.694 -0.003730497 0.003329363 0.005943088 79.38265 
1786049885.762 -0.003729283 0.002938362 0.006742884 79.60319 
1786049885.827 -0.003728191 0.002341808 0.007409572 79.81168 
1786049885.881 -0.003727292 0.00270948 0.006616062 79.98646 
1786049885.943 0.001273646 0.003470157 0.006682176 80.17546 
1786049886.009 0.001274681 0.005932975 0.006402998 80.38752 
1786049886.071 0.001275623 0.005901616 0.006813658 80.57573 
1786049886.138 0.001276552 0.004566877 0.006539038 80.77115 
1786049886.206 0.001277507 0.002155924 0.006410592 80.9765 
1786049886.265 0.001278363 0.002565619 0.006632186 81.16481 
1786049886.326 0.001279193 0.00406772 0.007145939 81.35103 
1786049886.386 0.001279909 0.003370556 0.007791626 81.51496 
1786049886.448 0.001280702 0.003876002 0.007080961 81.70034 
1786049886.518 0.001281505 0.002573453 0.006708347 81.89229 
1786049886.597 0.001282438 0.004293909 0.007094621 82.12405 
1786049886.663 0.001283159 0.002679629 0.008032787 82.30259 
1786049886.733 0.001283855 0.00179868 0.007588202 82.48469 
1786049886.812 0.001284678 0.002668432 0.008159698 82.7051 
1786049886.878 0.00128535 0.002470799 0.007492086 82.88499 
1786049886.959 0.001285987 0.003066563 0.006810253 83.06518 
1786049887.031 0.001286734 0.002159412 0.007483175 83.27681 
1786049887.094 0.001287345 -0.0007924492 0.008496765 83.45708 
1786049887.153 0.001287857 -0.002627954 0.007834692 83.60966 
1786049887.218 0.001288367 -3.125297e-05 0.007252528 83.76796 
1786049887.284 0.001288866 -0.0007452125 0.007793211 83.92916 
1786049887.343 0.001289324 -0.002695117 0.007553502 84.07605 
1786049887.403 0.001289765 -0.002886844 0.00754361 84.22368 
1786049887.461 0.001290162 -0.00272016 0.008360521 84.35984 
1786049887.522 0.001290578 -0.002169414 0.007316854 84.50606 
1786049887.583 0.001290939 -0.003276704 0.007831292 84.63656 
1786049887.644 0.001291356 -0.002735455 0.006326593 84.79055 
1786049887.707 0.001291719 -0.004104533 0.00733769 84.92889 
1786049887.769 0.001292068 -0.003785682 0.007441906 85.06754 
1786049887.835 0.00129244 -0.005811991 0.007854649 85.21526 
1786049887.902 0.00129277 -0.005769468 0.007154722 85.35423 
1786049887.963 0.001293085 -0.00507444 0.008420351 85.48695 
1786049888.028 0.00129341 -0.003204506 0.007364386 85.63017 
1786049888.091 0.001293685 -0.00356805 0.008135286 85.75471 
1786049888.164 0.001293977 -0.003401918 0.006857352 85.89161 
1786049888.231 0.001294267 -0.003626847 0.009032494 86.03438 
1786049888.291 0.00129452 -0.007064289 0.00850551 86.15877 
1786049888.355 0.001294753 -0.003570443 0.008149062 86.2793 
1786049888.421 0.001295003 -0.003307326 0.008621775 86.41317 
1786049888.485 0.001295213 -0.003437433 0.00808176 86.52954 
1786049888.550 0.001295416 -0.00621507 0.007966439 86.64778 
1786049888.621 0.001295635 -0.004150121 0.007171582 86.77652 
1786049888.683 0.001295823 -0.003904232 0.008411992 86.89211 
1786049888.745 0.001295984 -0.003200096 0.007570027 86.99703 
1786049888.806 0.001296142 -0.00491305 0.007846283 87.10007 
1786049888.870 0.001296294 -0.002011087 0.00832156 87.20471 
1786049888.928 0.001296441 -0.001966959 0.009048057 87.30907 
1786049888.990 0.001296575 0.0004557314 0.007075983 87.40822 
1786049889.066 0.001296731 -0.001440969 0.007729579 87.52908 
1786049889.137 0.001296868 -0.003480051 0.007723706 87.63943 
1786049889.207 -0.00370301 -0.002783639 0.007600986 87.74276 
1786049889.265 -0.003702909 -0.002385298 0.00809636 87.83352 
1786049889.328 -0.003702808 -0.001390459 0.007927181 87.92521 
1786049889.387 -0.003702722 -0.002093953 0.008476775 88.00934 
1786049889.450 -0.003702639 -0.001782194 0.007311262 88.0917 
1786049889.526 -0.00870254 -0.004562275 0.007043271 88.19527 
1786049889.593 -0.008702461 -0.003629005 0.007195266 88.2828 
1786049889.658 -0.003702387 -0.001803191 0.007286189 88.36948 
1786049889.712 -0.003702328 -0.001015246 0.008365019 88.44271 
1786049889.783 -0.003702263 -0.001598092 0.007913923 88.52641 
1786049889.842 -0.003702209 0.0001360714 0.007625984 88.59954 
1786049889.899 -0.003702163 -0.0006149972 0.008128027 88.66505 
1786049889.955 -0.00370212 -0.0008924439 0.008547786 88.73006 
1786049890.019 -0.003702077 -0.0009528517 0.008509385 88.79678 
1786049890.079 -0.003702037 -0.0007336462 0.008253942 88.86491 
1786049890.139 -0.003702002 0.0004705489 0.008532713 88.92794 
1786049890.202 -0.003701967 0.001943185 0.008358763 88.99216 
1786049890.267 -0.003701935 -8.76331e-05 0.007494616 89.05537 
1786049890.334 -0.003701906 0.00228668 0.008841106 89.11845 
1786049890.404 -0.003701879 0.001151306 0.008414184 89.18024 
1786049890.470 -0.003701855 0.0005553788 0.007846804 89.23977 
1786049890.526 -0.003701835 0.0008070999 0.008681409 89.29204 
1786049890.589 -0.003701817 0.001392944 0.007769943 89.34324 
1786049890.653 0.001298199 0.00230267 0.008173459 89.3933 
1786049890.723 0.001298214 0.003322107 0.008599304 89.44585 
1786049890.793 0.01129823 0.01676336 0.01235512 89.49532 
1786049890.869 0.01629824 0.01839641 0.01396333 89.54585 
1786049890.931 0.01629825 0.01651161 0.01280396 89.59054 
1786049890.990 0.01129826 0.01512453 0.01292822 89.62679 
1786049891.050 0.01129826 0.01388312 0.01214828 89.66255 
1786049891.113 0.01629827 0.01280353 0.01147199 89.69762 
1786049891.169 0.01629827 0.01588925 0.0134012 89.7297 
1786049891.231 0.01629828 0.01915699 0.01311838 89.759 
1786049891.289 0.01629828 0.01451487 0.01323651 89.78802 
1786049891.361 0.01629828 0.0179272 0.01349516 89.8186 
1786049891.427 0.01129829 0.01347801 0.01114908 89.84602 
1786049891.487 0.01129829 0.01314848 0.01164861 89.86974 
1786049891.550 0.01629829 0.01690184 0.01298237 89.89083 
1786049891.623 0.01129829 0.01269163 0.01227406 89.91274 
1786049891.693 0.01629829 0.0125408 0.01221194 89.93271 
1786049891.767 0.01629829 0.01644237 0.01267342 89.94987 
1786049891.839 0.01629829 0.01637919 0.01266421 89.96506 
1786049891.903 0.01629829 0.01634807 0.01325518 89.97585 
1786049891.958 0.01129829 0.01633185 0.01251371 89.98414 
1786049892.028 0.01629829 0.02032345 0.01429997 89.99109 
1786049892.092 0.02629829 0.0283202 0.01751379 89.99641 
1786049892.156 0.02129829 0.02831959 0.01671435 89.99928 
1786049892.227 0.02129829 0.02431957 0.01520033 90 
1786049892.286 0.02129829 0.02431957 0.01520033 90 
1786049892.348 0.01629829 0.02031957 0.01393034 90 
1786049892.405 0.01629829 0.02031957 0.01266034 90 
1786049892.466 0.01629829 0.02031957 0.01266034 90 
1786049892.517 0.02129829 0.02031957 0.01266034 90 
1786049892.574 0.01629829 0.01631957 0.01266034 90 
1786049892.628 0.01629829 0.01631957 0.01266034 90 
1786049892.680 0.01629829 0.01631957 0.01139034 90 
1786049892.736 0.01629829 0.01631957 0.01139034 90 
1786049892.792 0.01629829 0.01631957 0.01266034 90 
1786049892.845 0.01629829 0.01631957 0.01139034 90 
1786049892.901 0.01629829 0.01631957 0.01139034 90 
1786049892.964 0.01129829 0.01631957 0.01139034 90 
1786049893.032 0.01629829 0.01631957 0.01139034 90 
1786049893.102 0.01629829 0.01231957 0.01139034 90 
1786049893.157 0.01629829 0.01631957 0.01139034 90 
1786049893.213 0.01129829 0.01631957 0.01012034 90 
1786049893.271 0.01129829 0.01231957 0.01012034 90 
1786049893.326 0.01129829 0.01631957 0.01012034 90 
1786049893.379 0.01129829 0.01231957 0.01012034 90 
1786049893.439 0.01129829 0.01231957 0.01012034 90 
1786049893.493 0.01629829 0.01631957 0.01012034 90 
1786049893.558 0.01629829 0.01631957 0.01012034 90 
1786049893.616 0.01629829 0.01231957 0.01012034 90 
1786049893.672 0.01129829 0.01231957 0.01012034 90 
1786049893.730 0.01129829 0.01231957 0.01012034 90 
1786049893.783 0.01629829 0.01631957 0.01012034 90 
1786049893.848 0.01629829 0.01631957 0.01012034 90 
1786049893.911 0.01629829 0.01231957 0.01012034 90 
1786049893.966 0.01629829 0.01231957 0.01012034 90 
1786049894.021 0.01129829 0.01231957 0.01012034 90 
1786049894.087 0.01629829 0.01631957 0.01012034 90 
1786049894.141 0.01629829 0.01231957 0.01012034 90 
1786049894.193 0.01629829 0.01631957 0.008850338 90 
1786049894.254 0.01129829 0.01631957 0.008850338 90 
1786049894.321 0.01129829 0.01231957 0.008850338 90 
1786049894.382 0.01629829 0.01631957 0.01012034 90 
1786049894.440 0.01629829 0.01231957 0.01012034 90 
1786049894.498 0.01129829 0.01231957 0.008850338 90 
1786049894.561 0.01629829 0.01631957 0.01012034 90 
1786049894.619 0.01629829 0.01631957 0.01012034 90 
1786049894.670 0.01129829 0.01631957 0.008850338 90 
1786049894.728 0.01629829 0.01631957 0.01012034 90 
1786049894.787 0.01629829 0.01631957 0.01012034 90 
1786049894.848 0.01129829 0.01231958 0.01094134 89.9994 
1786049894.914 0.01129829 0.0123201 0.009581065 89.99669 
1786049894.980 0.01129829 0.008322632 0.008747049 89.99208 
1786049895.049 0.01129829 0.01233112 0.01111436 89.98462 
1786049895.106 0.006298293 0.01234669 0.009955622 89.97629 
1786049895.168 0.01129829 0.008376796 0.009961729 89.96578 
1786049895.228 0.01129829 0.01242299 0.009902218 89.95399 
1786049895.303 0.01129829 0.008515036 0.009912656 89.9365 
1786049895.360 0.006298291 0.00462202 0.007387274 89.92132 
1786049895.423 0.001298291 0.00477077 0.005852789 89.90391 
1786049895.482 -0.003701711 0.004980174 0.007077263 89.88372 
1786049895.545 0.001298288 0.005265282 0.00799299 89.86088 
1786049895.613 0.001298286 0.00964705 0.009674829 89.83517 
1786049895.689 0.006298283 0.01022683 0.01011477 89.80241 
1786049895.751 0.01129828 0.01081719 0.00976479 89.7739 
1786049895.816 0.01129828 0.01156049 0.01061172 89.74244 
1786049895.876 0.01129827 0.01241267 0.01053877 89.71 
1786049895.940 0.01129827 0.01349499 0.01109782 89.67454 
1786049896.004 0.01129826 0.01073623 0.01086015 89.63761 
1786049896.065 0.01129825 0.01216357 0.009296507 89.59932 
1786049896.131 0.006298243 0.005902855 0.006796602 89.55711 
1786049896.193 0.006298233 0.007817143 0.006951518 89.51489 
1786049896.255 0.006298221 0.01000483 0.007704945 89.47074 
1786049896.320 0.01129821 0.01661909 0.01037801 89.4224 
1786049896.390 0.01129819 0.01168859 0.009623822 89.37037 
1786049896.448 0.006298175 0.01084266 0.007674082 89.32103 
1786049896.513 0.006298155 0.00661182 0.007353543 89.26557 
1786049896.574 0.006298135 0.006425517 0.008095572 89.21411 
1786049896.636 0.00629811 0.01124351 0.008866371 89.15456 
1786049896.692 0.01129809 0.01152966 0.008960769 89.10413 
1786049896.751 0.006298061 0.008651173 0.007665146 89.04744 
1786049896.828 0.006298029 0.006857374 0.008018329 88.98293 
1786049896.892 0.006297988 0.01069191 0.008749647 88.90591 
1786049896.958 0.006297947 0.01429531 0.009154646 88.83684 
1786049897.023 0.01129791 0.01435109 0.00908131 88.76899 
1786049897.084 0.006297858 0.007413593 0.007169133 88.69583 
1786049897.147 0.006297809 0.008809679 0.007520343 88.6241 
1786049897.210 0.01129775 0.01132238 0.007969097 88.54797 
1786049897.285 0.00629769 0.003634145 0.00625501 88.46364 
1786049897.358 0.01129761 0.01003096 0.007807816 88.37054 
1786049897.427 -0.00870247 -0.01004311 0.0002602646 88.2734 
1786049897.492 -0.01870255 -0.01509236 -0.003563662 88.18697 
1786049897.568 -0.01870265 -0.01618417 -0.008333465 88.08316 
1786049897.635 -0.01870274 -0.01845095 -0.009120295 87.99071 
1786049897.698 -0.01870283 -0.01781058 -0.009243645 87.9076 
1786049897.758 -0.01870293 -0.01793453 -0.009440219 87.81255 
1786049897.817 -0.01870303 -0.01838704 -0.009615611 87.72293 
1786049897.882 -0.01870315 -0.01621161 -0.008475753 87.62532 
1786049897.952 -0.01870328 -0.0143237 -0.009119121 87.51466 
1786049898.017 -0.01870341 -0.01750266 -0.008312498 87.41432 
1786049898.088 -0.01870357 -0.01572636 -0.008125205 87.30054 
1786049898.160 -0.01870374 -0.01549501 -0.007377817 87.18102 
1786049898.226 -0.01370389 -0.01354017 -0.007274189 87.07423 
1786049898.287 -0.01870407 -0.01581619 -0.007954285 86.9585 
1786049898.350 -0.01870425 -0.01373646 -0.008173396 86.84581 
1786049898.414 -0.01870444 -0.01776524 -0.008443502 86.73115 
1786049898.501 -0.01870467 -0.01711203 -0.008515941 86.59411 
1786049898.593 -0.01370502 -0.01586126 -0.007599148 86.40329 
1786049898.665 -0.01870524 -0.01614192 -0.0082608 86.27896 
1786049898.738 -0.01870556 -0.01611234 -0.007443025 86.11909 
1786049898.803 -0.01870582 -0.01437818 -0.007706313 85.99002 
1786049898.874 -0.01370607 -0.01427161 -0.007349538 85.86891 
1786049898.939 -0.0187064 -0.01593723 -0.008282445 85.71715 
1786049899.006 -0.01870671 -0.01563564 -0.007449037 85.57531 
1786049899.082 -0.01370708 -0.01269458 -0.007565195 85.41395 
1786049899.154 -0.01370744 -0.01492423 -0.006817918 85.26067 
1786049899.236 -0.01870788 -0.01611933 -0.008014518 85.08269 
1786049899.303 -0.01370828 -0.01301335 -0.006715641 84.93073 
1786049899.377 -0.01370866 -0.01503721 -0.007712985 84.78102 
1786049899.454 -0.01370913 -0.01367291 -0.006369982 84.61069 
1786049899.523 -0.01370963 -0.01059929 -0.006927252 84.43273 
1786049899.603 -0.01371018 -0.01344563 -0.006834929 84.24238 
1786049899.674 -0.01371063 -0.01345771 -0.006885751 84.08781 
1786049899.760 -0.01371129 -0.01364094 -0.007082152 83.87687 
1786049899.832 -0.01371193 -0.01498348 -0.006372687 83.67477 
1786049899.920 -0.01371263 -0.01338606 -0.007430733 83.46179 
1786049899.987 -0.01371327 -0.01182728 -0.005921866 83.27378 
1786049900.051 -0.01371384 -0.01072477 -0.00650438 83.10678 
1786049900.125 -0.01371453 -0.01531275 -0.00739357 82.9164 
1786049900.192 -0.01371517 -0.01177171 -0.007310737 82.73968 
1786049900.270 -0.01371598 -0.01383016 -0.005465807 82.52521 
1786049900.345 -0.00871681 -0.01117396 -0.006088707 82.31048 
1786049900.423 -0.01371763 -0.01036256 -0.005808323 82.10391 
1786049900.503 -0.01371856 -0.009754981 -0.006687721 81.87746 
1786049900.588 -0.01371957 -0.008176742 -0.00699488 81.63339 
1786049900.657 -0.0137205 -0.01054428 -0.00511906 81.42098 
1786049900.732 -0.01372147 -0.0100859 -0.005770604 81.20292 
1786049900.799 -0.00872233 -0.0142957 -0.006709352 81.00897 
1786049900.857 -0.01372318 -0.01181721 -0.005111989 80.82522 
1786049900.936 -0.01372428 -0.01044252 -0.006658792 80.59343 
1786049901.012 -0.008725429 -0.009187529 -0.005822193 80.35899 
1786049901.086 -0.008726561 -0.01291 -0.006842381 80.12783 
1786049901.167 -0.008727701 -0.01213197 -0.008119983 79.9032 
1786049901.253 -0.008729286 -0.01246137 -0.005248114 79.59613 
1786049901.337 -0.008730676 -0.01096586 -0.005272016 79.34308 
1786049901.447 -0.008732635 -0.007093624 -0.005318102 78.97106 
1786049901.547 -0.008734672 -0.008193116 -0.004473741 78.62623 
1786049901.637 -0.00873644 -0.01011335 -0.005372418 78.32753 
1786049901.731 -0.008738405 -0.01078411 -0.005311408 77.99728 
1786049901.813 -0.008740233 -0.00981162 -0.00433584 77.7045 
1786049901.876 -0.01374163 -0.01090192 -0.006405917 77.48248 
1786049901.949 -0.008743227 -0.009947659 -0.004417922 77.23371 
1786049902.024 -0.008744823 -0.009097177 -0.005629519 76.98953 
1786049902.105 -0.008746981 -0.009020412 -0.005073481 76.66663 
1786049902.175 -0.01374878 -0.008581754 -0.005483186 76.40237 
1786049902.249 -0.008750615 -0.01003653 -0.004837691 76.13561 
1786049902.323 -0.01375269 -0.01147212 -0.005273614 75.84739 
1786049902.399 -0.008754738 -0.007509451 -0.004886306 75.56386 
1786049902.471 -0.008756594 -0.007544439 -0.004964853 75.30818 
1786049902.531 -0.008758528 -0.007741916 -0.004682861 75.05019 
1786049902.607 -0.008760691 -0.01052638 -0.005415322 74.77053 
1786049902.683 -0.00876307 -0.01221696 -0.005080594 74.46453 
1786049902.753 -0.008765297 -0.006983346 -0.004934401 74.18343 
1786049902.843 -0.008768008 -0.009227819 -0.004663496 73.84763 
1786049902.916 -0.008770533 -0.008402256 -0.006447589 73.53658 
1786049902.976 -0.008772681 -0.004747931 -0.005334453 73.2841 
1786049903.048 -0.008775124 -0.01005544 -0.004599168 72.99678 
1786049903.122 -0.008777702 -0.009720309 -0.004545043 72.69858 
1786049903.194 -0.008780309 -0.008701965 -0.004672661 72.3978 
1786049903.251 -0.008782715 -0.008246291 -0.004694608 72.13249 
1786049903.322 -0.008785253 -0.007512708 -0.004487171 71.85243 
1786049903.398 -0.008788408 -0.009009202 -0.004597119 71.51005 
1786049903.478 -0.008791199 -0.007988754 -0.005462158 71.21215 
1786049903.545 -0.008794349 -0.01034255 -0.006118636 70.8813 
1786049903.627 -0.008797494 -0.005646293 -0.004764723 70.55628 
1786049903.695 -0.008800762 -0.009614518 -0.004552183 70.22424 
1786049903.765 -0.008803885 -0.008534643 -0.006208624 69.90704 
1786049903.834 -0.00880708 -0.01095042 -0.004781244 69.59679 
1786049903.900 -0.008809971 -0.005855124 -0.005063664 69.31109 
1786049903.972 -0.008813593 -0.005752141 -0.00515073 68.96395 
1786049904.039 -0.00881686 -0.007025495 -0.00425518 68.66021 
1786049904.111 -0.008820348 -0.008945293 -0.003860777 68.33564 
1786049904.183 -0.003823913 -0.008161273 -0.004708355 68.00863 
1786049904.252 -0.008827608 -0.006430342 -0.004061217 67.67442 
1786049904.322 -0.008831438 -0.01089575 -0.004233292 67.33289 
1786049904.391 -0.008835133 -0.006654749 -0.004820248 67.00318 
1786049904.457 -0.003838737 -0.004861277 -0.004609947 66.69533 
1786049904.515 -0.008842184 -0.00664592 -0.003756074 66.39988 
1786049904.579 -0.008845751 -0.005308651 -0.004789609 66.09762 
1786049904.643 -0.008849562 -0.009506296 -0.004257147 65.77886 
1786049904.699 -0.008853024 -0.004292017 -0.003430521 65.49249 
1786049904.762 -0.008856606 -0.00814836 -0.005088481 65.19955 
1786049904.826 -0.008860686 -0.00891176 -0.005222411 64.86984 
1786049904.884 -0.008864463 -0.003622169 -0.004551724 64.56818 
1786049904.942 -0.008868046 -0.007227331 -0.003158115 64.28508 
1786049905.001 -0.003871884 -0.006365909 -0.005384194 63.98489 
1786049905.062 -0.003875918 -0.01180551 -0.005854004 63.67282 
1786049905.132 -0.008880226 -0.009157809 -0.005020263 63.34337 
1786049905.217 -0.008885857 -0.004402017 -0.00517403 62.91325 
1786049905.290 -0.008891616 -0.005766336 -0.004102634 62.49006 
1786049905.362 -0.003896345 -0.0127261 -0.007711723 62.13698 
1786049905.436 -0.008902044 -0.006206838 -0.006702109 61.72919 
1786049905.508 -0.00890741 -0.005304757 -0.003340378 61.34537 
1786049905.572 -0.008912267 -0.009752474 -0.004529277 61.00173 
1786049905.631 -0.003916972 -0.007059174 -0.004420454 60.67237 
1786049905.702 -0.003922623 -0.003769446 -0.003585902 60.28118 
1786049905.768 -0.003927655 -0.006772101 -0.004346533 59.93669 
1786049905.830 -0.003932605 -0.00136513 -0.003782612 59.6013 
1786049905.888 -0.003937716 -0.00528907 -0.002358543 59.25842 
1786049905.952 -0.003942992 -0.00566935 -0.003876079 58.90819 
1786049906.011 -0.003948095 -0.003099376 -0.003714256 58.5727 
1786049906.073 -0.008953362 -0.009228847 -0.005640037 58.22957 
1786049906.132 -0.00895862 -0.004918198 -0.002454452 57.89079 
1786049906.192 -0.008963957 -0.00568383 -0.003086791 57.54985 
1786049906.260 -0.008969918 -0.007150717 -0.004723696 57.17269 
1786049906.331 -0.008976161 -0.005241995 -0.003985978 56.77631 
1786049906.406 -0.003983071 -0.01116502 -0.004195078 56.35432 
1786049906.480 -0.008990296 -0.0072974 -0.004302782 55.91175 
1786049906.538 -0.003996287 -0.004521995 -0.003587644 55.54313 
1786049906.596 -0.004001872 -0.004420475 -0.002705586 55.20778 
1786049906.657 -0.009007932 -0.007074536 -0.003059998 54.85294 
1786049906.726 -0.00901489 -0.002701634 -0.003760241 54.43668 
1786049906.791 -0.004021444 -0.002507237 -0.002929096 54.06008 
1786049906.852 -0.004027779 -0.004464333 -0.002314171 53.69343 
1786049906.910 -0.004034203 -0.001616084 -0.003661779 53.32491 
1786049906.973 -0.004040715 -0.001851672 -0.003350038 52.95463 
1786049907.039 -0.004047535 -0.00661421 -0.003791089 52.5638 
1786049907.100 -0.004054561 -0.001626041 -0.003493677 52.17129 
1786049907.166 -0.009062022 -0.004573666 -0.003866186 51.76442 
1786049907.222 -0.009068343 -0.009417576 -0.002775849 51.41732 
1786049907.291 -0.009076122 -0.007767816 -0.004055041 50.98116 
1786049907.357 -0.004083664 -0.003294042 -0.003475432 50.58694 
1786049907.420 -0.004091075 -0.005338676 -0.003552282 50.18387 
1786049907.479 -0.004098345 -0.003473206 -0.004253821 49.80446 
1786049907.543 -0.004106073 -0.00347465 -0.004718643 49.39764 
1786049907.612 -0.009114028 -0.0006122009 -0.005016921 48.96939 
1786049907.687 -0.004122716 -0.000975013 -0.005269734 48.53261 
1786049907.762 -0.004132925 0.0008363781 -0.004730185 48.00968 
1786049907.827 -0.009141368 -0.002560038 -0.004573691 47.58104 
1786049907.880 -0.004148751 -0.004515397 -0.004329902 47.2089 
1786049907.937 -0.004156219 -0.006323364 -0.004100801 46.8351 
1786049907.999 -0.004164171 -0.007547638 -0.005019765 46.44019 
1786049908.060 -0.009172083 -0.004485755 -0.005436276 46.04969 
1786049908.125 -0.009181179 -0.003279251 -0.004226534 45.59779 
1786049908.190 -0.004189979 -0.0002318577 -0.003679337 45.17044 
1786049908.250 -0.004198467 0.002552466 -0.005740916 44.76762 
1786049908.315 -0.009206489 0.001628534 -0.005204203 44.37663 
1786049908.382 -0.00921603 0.0006981872 -0.005166529 43.92301 
1786049908.440 -0.009225546 -0.001846195 -0.005097969 43.48093 
1786049908.504 -0.004235033 -0.00196394 -0.004476608 43.03654 
1786049908.577 -0.004243892 -0.002042275 -0.004523532 42.62436 
1786049908.640 -0.004254953 -0.005578034 -0.005535499 42.11355 
1786049908.700 -0.004264031 -0.003812479 -0.004880599 41.69058 
1786049908.759 -0.004273053 -0.004584523 -0.005205269 41.28663 
1786049908.831 -0.009283104 -0.0009773475 -0.005618953 40.83188 
1786049908.898 -0.004294216 0.001218223 -0.005183316 40.33274 
1786049908.977 -0.004306424 0.000812992 -0.005410718 39.78866 
1786049909.049 -0.004318797 -0.004223463 -0.00594004 39.24133 
1786049909.117 -0.004330024 -0.008780567 -0.005052615 38.74185 
1786049909.181 -0.00434039 -0.0002013432 -0.004689107 38.29682 
1786049909.240 -0.004350199 -0.002891168 -0.006051915 37.87154 
1786049909.308 -0.009361793 -0.0005022557 -0.005002298 37.37224 
1786049909.370 -0.004372154 0.002341241 -0.005540214 36.92892 
1786049909.436 -0.004383482 0.001821693 -0.00527573 36.43972 
1786049909.498 -0.00439441 -0.003256271 -0.006071421 35.98472 
1786049909.559 -0.004405096 -0.006290861 -0.005622731 35.53568 
1786049909.641 -0.004418913 -0.003413643 -0.006483538 34.95845 
1786049909.739 -0.00443543 -0.000851751 -0.005766803 34.27383 
1786049909.822 -0.004450901 -0.002106738 -0.006181954 33.62992 
1786049909.901 -0.004466333 0.00108966 -0.005327549 33.00748 
1786049909.972 -0.004479833 -0.0004858578 -0.005211947 32.46 
1786049910.046 -0.004493603 -0.002696861 -0.006346076 31.90509 
1786049910.118 -0.004506893 -0.004564911 -0.005878792 31.37255 
1786049910.192 -0.004520824 -0.003839877 -0.006422638 30.81718 
1786049910.265 -0.004533508 -0.001497798 -0.005798014 30.30765 
1786049910.328 -0.004546828 -0.001392862 -0.005777693 29.79006 
1786049910.407 -0.004561754 -0.002781074 -0.006042463 29.20509 
1786049910.467 -0.004573487 -0.006071638 -0.006000186 28.74765 
1786049910.532 -0.004586239 -0.006623118 -0.006998816 28.24504 
1786049910.587 -0.004596911 -0.004417661 -0.007003846 27.83991 
1786049910.652 -0.00460938 -0.005627078 -0.006341575 27.35234 
1786049910.713 -0.004621708 -0.0005280842 -0.005780671 26.88767 
1786049910.771 -0.004633102 -0.000266241 -0.006131755 26.45242 
1786049910.832 -0.004644738 -0.002032797 -0.00589084 26.01009 
1786049910.895 -0.004657013 -0.005765814 -0.006278684 25.53737 
1786049910.965 -0.004670928 -0.004070755 -0.006068408 25.02007 
1786049911.031 -0.004683703 -0.004204685 -0.006214745 24.54006 
1786049911.094 -0.004696527 -0.002988315 -0.006520553 24.05985 
1786049911.155 -0.004708997 0.0009243331 -0.006082888 23.58764 
1786049911.224 -0.004722521 -0.002569226 -0.006688182 23.09241 
1786049911.306 -0.004737924 -0.004910957 -0.007083827 22.51506 
1786049911.374 -0.00475339 -0.003092192 -0.007552891 21.94497 
1786049911.442 -0.009767485 -0.007049066 -0.007663005 21.43489 
1786049911.506 -0.004780399 -0.000739263 -0.006145863 20.96249 
1786049911.564 -0.004792735 -0.0006144521 -0.005617304 20.51262 
1786049911.630 -0.004805935 -0.003775913 -0.00668554 20.0325 
1786049911.685 -0.004817724 -0.004155846 -0.006749552 19.60507 
1786049911.747 -0.004830375 -0.007893291 -0.00660435 19.14758 
1786049911.814 -0.004844312 -0.006240956 -0.0061012 18.64499 
1786049911.881 -0.004857663 -0.004398042 -0.005993754 18.16498 
1786049911.948 -0.004871679 0.0004854977 -0.006813983 17.66261 
1786049912.016 -0.004886154 -0.002901561 -0.006702195 17.13743 
1786049912.080 -0.00490046 0.001192817 -0.00740426 16.63509 
1786049912.135 -0.004912058 -0.007692635 -0.007032278 16.2224 
1786049912.198 -0.00492495 -0.005090986 -0.006175093 15.75756 
1786049912.266 -0.004939144 -0.002221243 -0.007175508 15.25488 
1786049912.348 -0.004954434 -0.002428269 -0.007032902 14.72255 
1786049912.430 -0.004973814 -0.001164217 -0.006690279 14.04027 
1786049912.497 -0.004988547 -0.007322611 -0.006130422 13.52259 
1786049912.560 -0.005001599 -0.01062032 -0.007717349 13.06495 
1786049912.626 -0.005015319 -0.006358976 -0.006835818 12.58521 
1786049912.680 -0.0100282 -0.0003539099 -0.007376534 12.1276 
1786049912.745 -0.005041542 -0.002052146 -0.007592734 11.67024 
1786049912.805 -0.005054902 -0.002425181 -0.006976046 11.2052 
1786049912.869 -0.005067636 -0.009197978 -0.007184996 10.75498 
1786049912.932 -0.005082336 -0.003070898 -0.006136105 10.25266 
1786049912.993 -0.005095109 -0.003584382 -0.006416547 9.809838 
1786049913.054 -0.005108767 -0.007113706 -0.007145678 9.3374 
1786049913.126 -0.005124181 -0.003175469 -0.007017911 8.804939 
1786049913.192 -0.005137225 -2.364077e-05 -0.007327263 8.347213 
1786049913.249 -0.005151372 -0.002036122 -0.006794561 7.867533 
1786049913.316 -0.005165318 -0.01051094 -0.006972989 7.387418 
1786049913.388 -0.005181026 -0.002594355 -0.0070329 6.847582 
1786049913.470 -0.005198937 -0.001900082 -0.007304516 6.232497 
1786049913.550 -0.00521665 -0.001193606 -0.007485001 5.617544 
1786049913.626 -0.005231753 -0.002432177 -0.006071878 5.107587 
1786049913.688 -0.005247088 -0.009699059 -0.006742557 4.582263 
1786049913.754 -0.00526046 -0.003754212 -0.006610766 4.125059 
1786049913.809 -0.00527384 -0.004338205 -0.006557914 3.667557 
1786049913.874 -0.005287886 -0.00184255 -0.007186133 3.18747 
1786049913.934 -0.00530084 0.0001964077 -0.007258463 2.745056 
1786049914.001 -0.005315556 -0.00519874 -0.006771912 2.242495 
1786049914.064 -0.005328739 -0.007413377 -0.006978901 1.792352 
1786049914.126 -0.005343244 -0.005140592 -0.007189411 1.297621 
1786049914.183 -0.005355774 -0.0001884264 -0.007006476 0.8625075 
1786049914.248 -0.005370283 -0.005071724 -0.006742802 0.3747778 
1786049914.319 -0.005385453 -0.003830976 -0.007214447 -0.1425288 
1786049914.374 -0.005397765 -0.0004841141 -0.006440796 -0.5623665 
1786049914.442 -0.005412494 -0.007498756 -0.007025256 -1.072391 
1786049914.508 -0.005426561 -0.008893201 -0.007132334 -1.552659 
1786049914.576 -0.005440405 -0.004857743 -0.008213571 -2.017201 
1786049914.657 -0.005457759 -0.002428052 -0.008156412 -2.617468 
1786049914.722 -0.005474008 0.0008175075 -0.007826558 -3.164894 
1786049914.780 -0.005486737 -0.004055931 -0.008007015 -3.600048 
1786049914.839 -0.005499899 -0.006320834 -0.008430901 -4.049965 
1786049914.909 -0.0005145878 -0.004975321 -0.008607552 -4.552539 
1786049914.970 -0.0005283903 -0.004895687 -0.008464229 -5.025097 
1786049915.041 -0.0005432769 4.020501e-05 -0.00856655 -5.542363 
1786049915.114 -0.0005588066 -0.003797027 -0.00867015 -6.067626 
1786049915.178 -0.0005734474 -0.005905409 -0.00941454 -6.577306 
1786049915.237 -0.0005869824 -0.006620252 -0.008164477 -7.034896 
1786049915.303 -0.0006015937 -0.00406857 -0.008091931 -7.537386 
1786049915.365 -0.0006150995 -0.00464547 -0.008263307 -8.002524 
1786049915.434 0.00437141 -0.004163727 -0.007766907 -8.46774 
1786049915.490 -0.0006420641 -0.002793042 -0.009118169 -8.932446 
1786049915.553 0.004344479 -0.00470291 -0.008481159 -9.397338 
1786049915.611 0.00433169 -0.006172927 -0.008406634 -9.840047 
1786049915.679 0.004318485 -0.004284928 -0.007894566 -10.2974 
1786049915.737 0.004304652 -0.002302574 -0.009126106 -10.77755 
1786049915.799 0.004290841 -0.0005300553 -0.009613573 -11.25736 
1786049915.866 0.004277052 -0.003152501 -0.009320923 -11.73742 
1786049915.936 0.004262214 -0.005178163 -0.009527228 -12.25482 
1786049916.025 0.004244403 -0.007574573 -0.009582578 -12.88501 
1786049916.099 0.004227491 -0.005736165 -0.008653762 -13.47031 
1786049916.167 0.004212542 -0.002519822 -0.009166908 -14.00235 
1786049916.242 0.004197413 -0.004523216 -0.009888253 -14.53453 
1786049916.316 0.004181047 -0.007512114 -0.009525939 -15.10508 
1786049916.382 0.004167266 -0.007124357 -0.01045152 -15.60016 
1786049916.443 0.004153941 -0.006560833 -0.009506617 -16.06492 
1786049916.500 0.004141279 -0.00409863 -0.01057056 -16.52236 
1786049916.571 0.004126544 -0.002233976 -0.008859739 -17.04055 
1786049916.632 0.004114576 -0.0005545109 -0.008816485 -17.46747 
1786049916.694 0.004101382 -0.0005186779 -0.009334682 -17.94001 
1786049916.756 0.009088222 -0.007363511 -0.01015278 -18.42742 
1786049916.822 0.009074266 -0.005874794 -0.01014221 -18.91499 
1786049916.889 0.004061182 -0.003356421 -0.009263396 -19.39544 
1786049916.949 0.004047929 -0.0003141473 -0.009300045 -19.87503 
1786049917.009 0.00403554 -0.001785634 -0.009616379 -20.32515 
1786049917.071 0.004022571 0.003135983 -0.009979312 -20.78993 
1786049917.144 0.004009438 -0.001427551 -0.01040115 -21.27744 
1786049917.213 0.003994101 -0.00856085 -0.01061365 -21.83998 
1786049917.280 0.003980249 -0.005824883 -0.00945623 -22.34237 
1786049917.340 0.003968473 -0.0008142938 -0.009067861 -22.77772 
1786049917.404 0.003954714 0.002831219 -0.009867272 -23.28742 
1786049917.466 0.003942216 0.001873985 -0.009914486 -23.75246 
1786049917.526 0.003929962 -0.001888392 -0.01080845 -24.20982 
1786049917.596 0.003917553 -0.00388138 -0.009782337 -24.67502 
1786049917.659 0.003903797 -0.0006700969 -0.00943539 -25.19246 
1786049917.716 0.003892279 -0.003040126 -0.009608934 -25.63503 
1786049917.779 0.008879618 0.001151898 -0.01073312 -26.10731 
1786049917.846 0.003867796 -0.0009211905 -0.01066477 -26.55736 
1786049917.910 0.00385504 0.003178781 -0.009394793 -27.04484 
1786049917.969 0.003842535 -0.004515249 -0.009400371 -27.52506 
1786049918.036 0.003830279 -0.007687207 -0.009657155 -27.99734 
1786049918.099 0.003817689 -0.007282414 -0.009527984 -28.4851 
1786049918.160 0.003805543 -0.002688586 -0.009472902 -28.96485 
1786049918.218 0.003794409 -0.00502117 -0.01047229 -29.39238 
1786049918.276 0.003783322 0.0003100428 -0.01108332 -29.82742 
1786049918.350 0.003769248 -0.003635646 -0.01131817 -30.38253 
1786049918.419 0.003756573 -0.01098068 -0.01098555 -30.88497 
1786049918.494 0.003742652 -0.00432481 -0.01134935 -31.44738 
1786049918.562 0.003729558 -0.003481206 -0.01131007 -31.96494 
1786049918.626 0.003718209 -0.007947357 -0.009429534 -32.43002 
1786049918.680 0.003707287 -0.00191083 -0.0109817 -32.86499 
1786049918.749 0.003695133 -0.0006877123 -0.01105055 -33.35989 
1786049918.819 0.003683049 -0.008370411 -0.01091715 -33.87762 
1786049918.881 0.008670891 -0.006827155 -0.009567246 -34.35581 
1786049918.944 0.00366011 -0.007891257 -0.01023957 -34.80261 
1786049919.007 0.003648015 -0.005829992 -0.01179289 -35.30642 
1786049919.067 0.003637275 -0.006710049 -0.009704967 -35.75688 
1786049919.131 0.008626467 -0.002436162 -0.008771504 -36.21247 
1786049919.194 0.008616453 -0.002006593 -0.0103104 -36.63696 
1786049919.258 0.003605343 -0.003716381 -0.009765329 -37.11812 
1786049919.321 0.003593847 -0.004623436 -0.01024781 -37.60403 
1786049919.392 0.003583146 -0.006288547 -0.01084027 -38.10941 
1786049919.466 0.00357075 -0.005441405 -0.01017228 -38.60535 
1786049919.541 0.008558512 -0.008034262 -0.00976373 -39.14163 
1786049919.622 0.00354643 -0.004484412 -0.0109366 -39.68235 
1786049919.687 0.003534503 -0.002712691 -0.009376732 -40.20595 
1786049919.760 0.003524293 -0.002838317 -0.0100959 -40.67036 
1786049919.816 0.003514508 -0.006351181 -0.01014838 -41.11199 
1786049919.882 0.003504221 -0.007236847 -0.009641342 -41.57232 
1786049919.947 0.008494208 -0.006922422 -0.01011405 -42.03043 
1786049920.010 0.003485209 -0.004178708 -0.009816911 -42.44524 
1786049920.079 0.003475275 -0.006903439 -0.008379015 -42.91296 
1786049920.136 0.003466337 -0.004036302 -0.009455647 -43.32369 
1786049920.198 0.003457356 -0.0007429142 -0.009796703 -43.74634 
1786049920.264 0.003448052 0.0003042211 -0.009389418 -44.18736 
1786049920.335 0.003438018 -0.008558864 -0.009273129 -44.67364 
1786049920.405 0.003427842 -0.003883448 -0.01020215 -45.15684 
1786049920.467 0.003419721 -0.004914631 -0.008196374 -45.55109 
1786049920.530 0.003411016 -0.006424649 -0.01001208 -45.97662 
1786049920.591 0.003402553 -0.002067876 -0.009377722 -46.39373 
1786049920.664 0.003393272 -0.0003155783 -0.007282609 -46.86148 
1786049920.735 0.003383988 -0.0005092496 -0.009201379 -47.31968 
1786049920.800 0.00337522 -0.001930055 -0.008001526 -47.76306 
1786049920.858 0.003368216 0.003803096 -0.008560228 -48.11963 
1786049920.921 0.003359913 0.001460886 -0.008500933 -48.54581 
1786049920.993 0.003351476 0.0008957287 -0.007940305 -48.98241 
1786049921.064 0.00334267 -0.0013765 -0.008907071 -49.44216 
1786049921.124 0.003335193 -0.0012959 -0.007741915 -49.83608 
1786049921.185 0.003328286 0.001928507 -0.007488095 -50.20281 
1786049921.251 0.003320411 -0.002148372 -0.007658753 -50.62452 
1786049921.311 0.003313224 0.0005346962 -0.008333319 -51.01874 
1786049921.378 0.003305791 -0.0018333 -0.007855847 -51.41718 
1786049921.447 0.003297902 0.0008217736 -0.008645435 -51.85068 
1786049921.513 0.003291014 0.0002115427 -0.008244947 -52.23903 
1786049921.576 0.003283894 0.004134007 -0.008344828 -52.63114 
1786049921.642 0.003276768 0.001556342 -0.008192992 -53.03952 
1786049921.705 0.003269641 0.006307005 -0.008497562 -53.43976 
1786049921.770 0.003263244 0.003795102 -0.008771961 -53.81366 
1786049921.838 0.003256012 0.001089206 -0.006797732 -54.22757 
1786049921.898 0.003250107 -0.003112972 -0.0078119 -54.57962 
1786049921.956 0.003243981 0.002893938 -0.008333303 -54.93572 
1786049922.026 0.003237057 -0.002699746 -0.00830745 -55.34894 
1786049922.100 0.003230149 -0.003309543 -0.006843436 -55.76583 
1786049922.175 0.00322307 0.002652814 -0.005983139 -56.20347 
1786049922.251 0.003215743 0.003977678 -0.008126891 -56.64935 
1786049922.331 0.003208551 0.005484812 -0.007322326 -57.0983 
1786049922.397 0.003202302 0.007101488 -0.005708396 -57.49271 
1786049922.462 0.003196686 0.003527862 -0.008645942 -57.85109 
1786049922.527 0.003190983 0.004740157 -0.006592246 -58.21868 
1786049922.596 0.003184943 0.006302905 -0.007014698 -58.61198 
1786049922.665 0.008179092 0.003838222 -0.007316369 -58.99738 
1786049922.731 0.003173754 0.003201247 -0.004932189 -59.35301 
1786049922.795 0.003168259 0.0007809082 -0.006362604 -59.72264 
1786049922.855 0.003163417 0.001586436 -0.007060365 -60.05169 
1786049922.918 0.003158333 0.0004422677 -0.006090461 -60.40104 
1786049922.994 0.00315256 0.003103567 -0.006055733 -60.80224 
1786049923.074 0.003146897 0.004649063 -0.006611563 -61.20063 
1786049923.141 0.003141417 0.007111189 -0.004122257 -61.5911 
1786049923.209 0.003136554 0.003912937 -0.005427899 -61.9417 
1786049923.289 0.003130631 0.004869047 -0.006810814 -62.37963 
1786049923.352 0.003126028 0.00635647 -0.005249949 -62.7151 
1786049923.408 0.003122058 0.0085803 -0.006346047 -63.01198 
1786049923.470 0.003117877 0.002986324 -0.00669141 -63.33305 
1786049923.535 0.003113566 0.006318757 -0.006077895 -63.6574 
1786049923.601 0.0031092 0.008157328 -0.007175796 -63.99494 
1786049923.667 0.003104979 0.00641266 -0.005811382 -64.32547 
1786049923.724 0.00310134 0.005444463 -0.005455043 -64.61857 
1786049923.790 0.003097076 0.007787788 -0.00643069 -64.95491 
1786049923.848 0.003093687 0.003005906 -0.005788235 -65.22948 
1786049923.909 0.003089931 0.000377028 -0.005349968 -65.54199 
1786049923.967 0.00308636 0.002399775 -0.006246986 -65.83775 
1786049924.031 0.003082619 0.004797364 -0.00602842 -66.1465 
1786049924.100 0.003079005 -0.002173316 -0.004264342 -66.45816 
1786049924.158 0.003075403 0.002992101 -0.003974579 -66.76278 
1786049924.218 0.003072307 0.004749035 -0.005058192 -67.03672 
1786049924.289 0.003068456 0.005721966 -0.005365459 -67.37092 
1786049924.375 0.003064425 0.005553435 -0.004526049 -67.73574 
1786049924.451 0.003059874 0.004746007 -0.005085409 -68.14433 
1786049924.521 0.003056292 0.00494642 -0.004404309 -68.475 
1786049924.599 0.00305269 0.00473991 -0.004446698 -68.81233 
1786049924.667 0.003049362 0.004429044 -0.005667851 -69.12882 
1786049924.731 0.003046106 0.00629757 -0.002975549 -69.44282 
1786049924.792 0.003043424 0.007219573 -0.003641569 -69.70945 
1786049924.873 0.003039851 0.001317502 -0.004395622 -70.0638 
1786049924.936 0.00303698 0.005487525 -0.00369453 -70.35287 
1786049925.020 0.00303336 0.00470955 -0.002722931 -70.72365 
1786049925.088 0.003030502 0.00635677 -0.003333715 -71.02085 
1786049925.150 0.003027912 0.004990846 -0.00209988 -71.29008 
1786049925.228 0.003024781 0.002950291 -0.001787487 -71.62584 
1786049925.301 0.003021965 0.008941042 -0.002913525 -71.93327 
1786049925.378 0.003019066 0.002502988 -0.0003965408 -72.25486 
1786049925.468 0.003016024 0.00354929 9.47891e-05 -72.59859 
1786049925.546 0.003012961 0.004399428 -0.0003843972 -72.95138 
1786049925.626 0.003010059 0.00265964 0.002894989 -73.29231 
1786049925.701 0.003007511 0.001455742 0.003580497 -73.59752 
1786049925.785 0.003004835 0.00270885 0.00422814 -73.92794 
1786049925.859 0.003002332 0.002434769 0.005055002 -74.23503 
1786049925.942 0.002999932 0.002728814 0.007046985 -74.54357 
1786049926.015 0.00299769 0.001120589 0.006287911 -74.82903 
1786049926.088 0.002995509 0.00553308 0.007143014 -75.11583 
1786049926.165 0.002993305 0.002478572 0.005663234 -75.41142 
1786049926.237 0.00299133 0.003665005 0.006614855 -75.68139 
1786049926.304 0.002989383 0.003621787 0.006757705 -75.95246 
1786049926.371 0.002987619 0.008379774 0.005899755 -76.20246 
1786049926.446 0.002985726 0.006014007 0.005157674 -76.47968 
1786049926.518 0.002983961 0.003001345 0.006034123 -76.73582 
1786049926.591 0.0029822 0.007476656 0.007744574 -77.00041 
1786049926.672 0.002980352 0.004795378 0.007180925 -77.29442 
1786049926.739 0.002978764 0.007577666 0.006329396 -77.532 
1786049926.825 0.00297692 0.003918606 0.006523517 -77.83028 
1786049926.923 0.002975037 0.007463503 0.006327369 -78.13883 
1786049927.034 0.002972807 0.005390601 0.006577284 -78.51135 
1786049927.123 0.002970947 0.004664112 0.007173034 -78.8344 
1786049927.213 0.002969255 0.007707287 0.007410069 -79.13644 
1786049927.320 0.002967405 0.00499872 0.00595727 -79.47636 
1786049927.422 0.002965791 0.005314338 0.007763974 -79.78236 
1786049927.496 0.002964358 0.006993269 0.005873783 -80.0617 
1786049927.569 0.002963183 0.007430492 0.005988628 -80.29678 
1786049927.643 0.002962198 0.005231896 0.006906449 -80.50434 
1786049927.718 0.00296097 0.002023107 0.007246256 -80.75526 
1786049927.795 0.002959916 0.003380347 0.006736352 -80.98196 
1786049927.875 0.0029589 0.003911605 0.007134654 -81.20875 
1786049927.944 0.002957909 0.002626332 0.007208662 -81.42976 
1786049928.024 0.002956968 0.006336459 0.00741377 -81.65081 
1786049928.108 0.002955992 0.004757925 0.006727753 -81.88034 
1786049928.178 0.002955113 0.004622881 0.006662113 -82.09543 
1786049928.252 0.002954313 0.00552259 0.007213555 -82.29938 
1786049928.342 0.002953417 0.004569949 0.007299116 -82.52795 
1786049928.415 0.002952611 0.002426759 0.006936214 -82.74234 
1786049928.490 0.002951869 0.004211973 0.007913955 -82.94579 
1786049928.573 0.002951112 0.004793308 0.007601111 -83.15913 
1786049928.646 0.002950433 0.006497155 0.007734299 -83.35661 
1786049928.724 0.002949816 0.004210694 0.007635724 -83.54337 
1786049928.803 0.002949162 0.005281575 0.007920451 -83.74243 
1786049928.869 0.002948614 0.005919311 0.007822114 -83.91638 
1786049928.928 0.002948162 0.004141758 0.006735537 -84.06346 
1786049928.995 0.002947663 0.007445868 0.006689121 -84.23038 
1786049929.065 0.002947199 0.008148756 0.00792061 -84.39022 
1786049929.131 0.002946747 0.006416008 0.007135164 -84.55013 
1786049929.227 0.002946167 0.00646086 0.006582486 -84.76508 
1786049929.305 0.002945707 0.005100512 0.007699096 -84.93747 
1786049929.374 0.002945309 0.005116521 0.007311937 -85.09375 
1786049929.449 0.002944897 0.007673358 0.008422074 -85.26062 
1786049929.529 0.002944472 0.004898903 0.00797179 -85.43965 
1786049929.609 0.002944094 0.001041226 0.006240424 -85.6047 
1786049929.684 0.002943751 0.002719132 0.007504765 -85.76051 
1786049929.749 0.002943472 0.004001237 0.007672876 -85.89127 
1786049929.826 0.002943157 0.004082477 0.007572208 -86.04384 
1786049929.895 0.002942867 0.003369176 0.008420508 -86.18967 
1786049929.961 0.002942619 0.006789346 0.007951243 -86.31937 
1786049930.016 0.002942432 0.006583832 0.00890219 -86.42032 
1786049930.083 0.002942209 0.00510545 0.008080731 -86.54409 
1786049930.140 0.002942023 0.004651347 0.008366302 -86.6511 
1786049930.201 0.002941834 0.004826399 0.006953012 -86.76361 
1786049930.268 0.002941642 0.005873175 0.008741385 -86.88299 
1786049930.333 0.002941472 0.005818701 0.008763395 -86.9898 
1786049930.406 -0.002058719 0.002376163 0.007228314 -87.11678 
1786049930.486 -0.00205891 0.002854593 0.007537646 -87.24935 
1786049930.547 -0.002059053 0.006137349 0.007886575 -87.35285 
1786049930.606 -0.002059188 0.003881355 0.007856567 -87.45442 
1786049930.673 -0.002059317 0.004519053 0.008865293 -87.55544 
1786049930.737 -0.002059431 0.002283758 0.007318084 -87.64838 
1786049930.802 -0.002059554 0.001783068 0.00753073 -87.75297 
1786049930.867 -0.002059657 0.001559544 0.007321343 -87.84494 
1786049930.931 -0.002059765 0.006144242 0.007343287 -87.94505 
1786049930.992 -0.002059853 0.006876421 0.008663208 -88.03018 
1786049931.057 -0.00205994 0.007579977 0.008361245 -88.11898 
1786049931.126 -0.002060022 0.007154637 0.008064239 -88.20576 
1786049931.191 -0.0020601 0.006088681 0.007116826 -88.29306 
1786049931.251 -0.002060171 0.007731268 0.006414336 -88.3769 
1786049931.320 -0.002060236 0.004368956 0.007355077 -88.45867 
1786049931.389 -0.002060306 0.005426749 0.007969097 -88.54797 
1786049931.459 -0.002060361 0.007939445 0.008790342 -88.62405 
1786049931.530 -0.007060418 0.002924697 0.008147298 -88.70835 
1786049931.597 -0.007060465 0.003855055 0.008248538 -88.7812 
1786049931.650 -0.007060505 0.003427573 0.007006614 -88.84653 
1786049931.715 -0.002060541 0.006280213 0.00821189 -88.91008 
1786049931.782 -0.00206058 0.005791455 0.007314992 -88.98193 
1786049931.854 -0.002060613 0.008188723 0.008553099 -89.0484 
1786049931.936 -0.00206065 0.007250075 0.008038079 -89.12856 
1786049932.003 -0.002060678 0.004588361 0.008506537 -89.1927 
1786049932.071 -0.002060701 0.004824134 0.007060889 -89.2483 
1786049932.134 -0.002060722 0.004906218 0.007339511 -89.30611 
1786049932.202 -0.002060741 0.004468034 0.007251641 -89.3608 
1786049932.265 -0.002060756 0.003477046 0.006717987 -89.4117 
1786049932.335 -0.00206077 0.006132329 0.007187709 -89.45903 
1786049932.405 -0.002060784 0.004732607 0.007432811 -89.51138 
1786049932.470 -0.002060795 0.002875037 0.006882267 -89.55777 
1786049932.535 -0.002060804 0.004610312 0.008294101 -89.59993 
1786049932.596 -0.002060812 0.006012897 0.008320147 -89.6376 
1786049932.665 -0.002060819 0.007362137 0.007224623 -89.67795 
1786049932.736 -0.002060825 0.004501279 0.007582829 -89.71643 
1786049932.817 -0.00206083 0.005519966 0.008578433 -89.75597 
1786049932.895 -0.007060834 0.002381232 0.007109835 -89.79524 
1786049932.967 -0.002060837 0.002952256 0.007225238 -89.82653 
1786049933.032 -0.00206084 0.003356142 0.00811739 -89.85177 
1786049933.088 -0.002060841 0.0036404 0.007914627 -89.87291 
1786049933.148 -0.002060842 0.003881117 0.007659981 -89.89405 
1786049933.213 -0.002060843 0.004069479 0.008151955 -89.91415 
1786049933.282 -0.002060844 0.0002062927 0.007583809 -89.93239 
1786049933.345 -0.002060844 0.0002986836 0.00778157 -89.94825 
1786049933.409 -0.002060845 0.0003574546 0.008025317 -89.96158 
1786049933.473 -0.002060845 0.0003942144 0.008299842 -89.97311 
1786049933.543 -0.002060845 -0.003584397 0.008216576 -89.9831 
1786049933.614 -0.002060845 -0.003574176 0.008264872 -89.99126 
1786049933.677 -0.002060845 -0.003571119 0.008093071 -89.99628 
1786049933.737 -0.002060845 -0.00357049 0.008055983 -89.99901 
1786049933.792 -0.002060845 -0.007570442 0.007631192 -89.99999 
1786049933.861 -0.002060845 -0.003570442 0.007580339 -90 
1786049933.925 -0.002060845 -0.007570442 0.007580339 -90 
1786049933.986 -0.002060845 -0.007570442 0.007580339 -90 
1786049934.045 -0.002060845 -0.007570442 0.00631034 -90 
1786049934.101 -0.002060845 -0.003570442 0.00631034 -90 
1786049934.160 -0.007060845 -0.007570442 0.00631034 -90 
1786049934.215 -0.007060845 -0.007570442 0.00631034 -90 
1786049934.269 -0.007060845 -0.007570442 0.00631034 -90 
1786049934.336 -0.007060845 -0.007570442 0.00631034 -90 
1786049934.402 -0.007060845 -0.007570442 0.00631034 -90 
1786049934.457 -0.007060845 -0.007570442 0.00631034 -90 
1786049934.509 -0.007060845 -0.007570442 0.00631034 -90 
1786049934.569 -0.007060845 -0.007570442 0.00631034 -90 
1786049934.630 -0.007060845 -0.007570442 0.00631034 -90 
1786049934.680 -0.007060845 -0.003570442 0.00631034 -90 
1786049934.738 -0.007060845 -0.003570442 0.00631034 -90 
1786049934.796 -0.007060845 -0.007570442 0.00631034 -90 
1786049934.849 -0.007060845 -0.003570442 0.00631034 -90 
1786049934.903 -0.007060845 -0.003570442 0.00631034 -90 
1786049934.959 -0.007060845 -0.003570442 0.00631034 -90 
1786049935.009 -0.007060845 -0.007570442 0.00631034 -90 
1786049935.068 -0.007060845 -0.003570442 0.00631034 -90 
1786049935.136 -0.007060845 -0.007570442 0.00631034 -90 
1786049935.200 -0.007060845 -0.003570442 0.00631034 -90 
1786049935.252 -0.007060845 -0.007570442 0.00631034 -90 
1786049935.310 -0.007060845 -0.007570442 0.00631034 -90 
1786049935.376 -0.007060845 -0.007570442 0.00631034 -90 
1786049935.439 -0.002060845 -0.007570442 0.00631034 -90 
1786049935.501 -0.007060845 -0.007570442 0.00631034 -90 
1786049935.554 -0.002060845 -0.007570442 0.00631034 -90 
1786049935.607 -0.007060845 -0.007570442 0.00631034 -90 
1786049935.663 -0.007060845 -0.007570442 0.00631034 -90 
1786049935.716 -0.002060845 -0.007570442 0.00631034 -90 
1786049935.773 -0.007060845 -0.007570442 0.00631034 -90 
1786049935.836 -0.007060845 -0.007570442 0.00631034 -90 
1786049935.891 -0.007060845 -0.007570442 0.00631034 -90 
1786049935.955 -0.002060845 -0.007570442 0.00631034 -90 
1786049936.015 -0.007060845 -0.007570442 0.00631034 -90 
1786049936.073 -0.002060845 -0.003570442 0.00631034 -90 
1786049936.129 -0.002060845 -0.007570442 0.00631034 -90 
1786049936.183 -0.002060845 -0.003570442 0.00504034 -90 
1786049936.236 -0.007060845 -0.007570442 0.00631034 -90 
1786049936.286 -0.002060845 -0.003570442 0.006312206 -90 
1786049936.357 -0.002060845 -0.007570508 0.006432749 -89.99884 
1786049936.424 0.002939155 0.0004285731 0.009852769 -89.99551 
1786049936.485 0.01293915 0.008424864 0.01220801 -89.9901 
1786049936.555 0.01293915 0.0124145 0.01316063 -89.98244 
1786049936.617 0.01293916 0.01239378 0.0117594 -89.97294 
1786049936.679 0.01293916 0.01235819 0.0120094 -89.96178 
1786049936.741 0.01293916 0.01230323 0.01286314 -89.94892 
1786049936.799 0.01293916 0.01221972 0.01380837 -89.93447 
1786049936.865 0.01293916 0.0160911 0.0128985 -89.91648 
1786049936.923 0.01293916 0.01193308 0.01238994 -89.89888 
1786049936.988 0.01293916 0.01170058 0.01199657 -89.87785 
1786049937.053 0.01293916 0.01538921 0.01301513 -89.85407 
1786049937.113 0.01293916 0.011015 0.01152047 -89.82985 
1786049937.178 0.007939165 0.01452229 0.01138477 -89.80197 
1786049937.246 0.01293917 0.01384683 0.01210114 -89.77008 
1786049937.304 0.007939172 0.009163018 0.01121981 -89.74143 
1786049937.374 0.01293918 0.01216649 0.01034661 -89.7046 
1786049937.446 0.007939183 0.01093873 0.009919106 -89.66477 
1786049937.513 0.01293919 0.01362049 0.01101844 -89.62605 
1786049937.572 0.007939198 0.01215568 0.01025565 -89.58848 
1786049937.629 0.01293921 0.01049597 0.01106693 -89.5491 
1786049937.698 0.007939218 0.0124287 0.009875305 -89.5044 
1786049937.760 0.00793923 0.01005442 0.00907843 -89.45756 
1786049937.824 0.01293924 0.01143283 0.01023133 -89.41018 
1786049937.894 0.01293926 0.008166737 0.01002666 -89.35598 
1786049937.957 0.007939279 0.008736326 0.009911893 -89.30359 
1786049938.017 0.007939298 0.009141156 0.009498167 -89.25264 
1786049938.080 0.00793932 0.008800454 0.009939689 -89.19541 
1786049938.146 0.007939343 0.008429948 0.008813049 -89.14158 
1786049938.203 0.00793937 0.007278883 0.008373814 -89.08225 
1786049938.263 0.002939399 0.001782918 0.00669545 -89.02288 
1786049938.325 -0.002060571 -0.003936519 0.004676218 -88.9647 
1786049938.378 -0.00706054 -0.005942788 0.004166015 -88.90692 
1786049938.434 -0.007060505 -0.01245147 0.003536372 -88.8476 
1786049938.507 -0.01206046 -0.01240824 0.002832971 -88.77896 
1786049938.572 -0.007060412 -0.01022878 0.003245996 -88.69928 
1786049938.644 -0.01206035 -0.009647573 0.002192356 -88.61231 
1786049938.718 -0.01206029 -0.01264002 0.001469599 -88.53347 
1786049938.783 -0.007060228 -0.009701276 0.001403288 -88.44499 
1786049938.842 -0.007060165 -0.009485167 0.002252896 -88.36928 
1786049938.902 -0.007060098 -0.01034758 0.001424978 -88.29046 
1786049938.962 -0.007060028 -0.007674609 0.002371133 -88.21238 
1786049939.021 -0.007059953 -0.009913403 0.004147873 -88.13268 
1786049939.084 -0.007059868 -0.01017002 0.003933316 -88.0442 
1786049939.148 -0.007059777 -0.01156317 0.002959509 -87.95654 
1786049939.205 -0.007059688 -0.008625228 0.002910072 -87.87277 
1786049939.270 -0.007059588 -0.008347336 0.004358119 -87.7799 
1786049939.329 -0.007059476 -0.009016393 0.004554936 -87.68659 
1786049939.390 -0.007059361 -0.006988142 0.005308333 -87.59131 
1786049939.464 -0.01205922 -0.009427816 0.005146219 -87.48145 
1786049939.536 -0.007059064 -0.007764043 0.005605642 -87.36103 
1786049939.593 -0.007058936 -0.008268253 0.006016261 -87.2676 
1786049939.647 -0.007058805 -0.009144646 0.00556055 -87.17593 
1786049939.714 -0.007058651 -0.006689168 0.006189913 -87.06905 
1786049939.778 -0.007058476 -0.007952982 0.005607244 -86.95673 
1786049939.841 -0.007058298 -0.01006175 0.005565977 -86.8441 
1786049939.915 -0.007058094 -0.009537657 0.005214686 -86.71846 
1786049939.986 -0.007057859 -0.0104478 0.005329363 -86.58121 
1786049940.044 -0.007057667 -0.006456034 0.005745111 -86.47496 
1786049940.113 -0.007057427 -0.008292432 0.006002317 -86.34428 
1786049940.182 -0.00705717 -0.009396368 0.004926485 -86.20918 
1786049940.246 -0.01205693 -0.007911051 0.004762844 -86.08551 
1786049940.312 -0.007056667 -0.009492011 0.006486504 -85.95793 
1786049940.378 -0.007056377 -0.008827432 0.005484626 -85.82 
1786049940.441 -0.007056091 -0.007488781 0.003882343 -85.68811 
1786049940.502 -0.007055806 -0.00690438 0.005291077 -85.55847 
1786049940.570 -0.007055473 -0.009598015 0.003345231 -85.41614 
1786049940.631 -0.00705515 -0.007291569 0.004625852 -85.28027 
1786049940.687 -0.01205485 -0.008426812 0.004491414 -85.15782 
1786049940.745 -0.01205453 -0.008862044 0.003819863 -85.03155 
1786049940.816 -0.007054141 -0.008051271 0.003395175 -84.87882 
1786049940.886 -0.007053704 -0.007437074 0.003399699 -84.7146 
1786049940.951 -0.007053292 -0.007387381 0.003075503 -84.56181 
1786049941.013 -0.007052876 -0.009642263 0.003892255 -84.4162 
1786049941.078 -0.007052428 -0.007050715 0.00570447 -84.26163 
1786049941.141 -0.007051999 -0.00502896 0.006084378 -84.11701 
1786049941.202 -0.007051531 -0.01043478 0.004943166 -83.9607 
1786049941.266 -0.007051052 -0.009834971 0.005143531 -83.80987 
1786049941.324 -0.007050556 -0.008707056 0.005341601 -83.65464 
1786049941.394 -0.007050006 -0.009611838 0.005420418 -83.48728 
1786049941.459 -0.007049462 -0.007287832 0.005067188 -83.32295 
1786049941.521 -0.007048861 -0.008443655 0.006779673 -83.15137 
1786049941.580 -0.007048331 -0.009664582 0.00594615 -83.00132 
1786049941.643 -0.007047725 -0.007268532 0.006153874 -82.83103 
1786049941.712 -0.007047036 -0.008912285 0.005191017 -82.64781 
1786049941.780 -0.00704631 -0.009561165 0.006486603 -82.45402 
1786049941.838 -0.00704572 -0.008233753 0.005637074 -82.30213 
1786049941.894 -0.007045067 -0.008889483 0.005200465 -82.14044 
1786049941.957 -0.002044359 -0.00817474 0.005299131 -81.9656 
1786049942.021 -0.007043603 -0.00853705 0.005482545 -81.7832 
1786049942.098 -0.007042672 -0.00633209 0.004904453 -81.56389 
1786049942.177 -0.002041678 -0.00817161 0.005208779 -81.3358 
1786049942.247 -0.002040739 -0.007626791 0.005219717 -81.12561 
1786049942.311 -0.007039849 -0.009608779 0.006185318 -80.93094 
1786049942.384 -0.002038843 -0.009640942 0.007444882 -80.7128 
1786049942.450 -0.002037847 -0.00792269 0.006402155 -80.50437 
1786049942.509 -0.00203694 -0.005099735 0.005711467 -80.32177 
1786049942.565 -0.007036086 -0.004279592 0.005259555 -80.14984 
1786049942.629 -0.007035112 -0.006313475 0.005666122 -79.95745 
1786049942.687 -0.002034076 -0.00812894 0.005232534 -79.75682 
1786049942.749 -0.002033078 -0.009994306 0.006103219 -79.56393 
1786049942.822 -0.002031947 -0.009528408 0.004530522 -79.34957 
1786049942.890 -0.002030617 -0.00816576 0.005149015 -79.10995 
1786049942.950 -0.00702945 -0.007204813 0.005100186 -78.89761 
1786049943.005 -0.007028404 -0.007440952 0.00527635 -78.72042 
1786049943.068 -0.002027193 -0.006609399 0.005307285 -78.51127 
1786049943.145 -0.002025643 -0.006589433 0.0057561 -78.24876 
1786049943.221 -0.002024062 -0.004575399 0.005896363 -77.98688 
1786049943.303 -0.002022319 -0.009439256 0.005824155 -77.70451 
1786049943.372 -0.007020809 -0.005836786 0.005219417 -77.46139 
1786049943.441 -0.002019233 -0.006999177 0.005058405 -77.21577 
1786049943.507 -0.007017705 -0.007249945 0.005786614 -76.98234 
1786049943.571 -0.007016088 -0.007645872 0.005716925 -76.74316 
1786049943.632 -0.002014526 -0.005935599 0.005759897 -76.50914 
1786049943.704 -0.002012769 -0.005447865 0.005492496 -76.25806 
1786049943.770 -0.00701099 -0.005269889 0.00521849 -76.00478 
1786049943.827 -0.002009407 -0.00761736 0.005702637 -75.78334 
1786049943.887 -0.007007759 -0.006351721 0.005838637 -75.55625 
1786049943.949 -0.007006157 -0.008233326 0.005578843 -75.33878 
1786049944.017 -0.007004112 -0.002772049 0.00565913 -75.06568 
1786049944.076 -0.00200231 -0.006879411 0.005017912 -74.82886 
1786049944.133 -0.002000619 -0.005865476 0.006139295 -74.61013 
1786049944.196 -0.001998674 -0.009449058 0.00617691 -74.36199 
1786049944.264 -0.001996554 -0.006322877 0.005900267 -74.09577 
1786049944.331 -0.001994414 -0.007079449 0.004334226 -73.83154 
1786049944.390 -0.001992422 -0.007354536 0.005177745 -73.58947 
1786049944.449 -0.001990387 -0.004014281 0.006437135 -73.34543 
1786049944.510 -0.001988308 -0.009175041 0.005512025 -73.09966 
1786049944.578 -0.001986004 -0.004010019 0.005758465 -72.82728 
1786049944.647 -0.00198361 -0.006418484 0.005888439 -72.55685 
1786049944.715 -0.001981009 -0.00712601 0.005483985 -72.26319 
1786049944.775 -0.001978575 -0.007989036 0.005685739 -71.99272 
1786049944.830 -0.001976401 -0.007269409 0.005520971 -71.75438 
1786049944.898 -0.001973864 -0.007748695 0.005411705 -71.47995 
1786049944.960 -0.001971312 -0.003078999 0.006082842 -71.20787 
1786049945.018 -0.001968915 -0.008966846 0.00507026 -70.95115 
1786049945.084 -0.001965958 -0.005631038 0.005930164 -70.64883 
1786049945.145 -0.0019635 -0.007213442 0.005265874 -70.39721 
1786049945.203 -0.001960772 -0.008111849 0.005236446 -70.1217 
1786049945.276 -0.001957535 -0.01043849 0.006269996 -69.79962 
1786049945.335 -0.001954917 -0.006301004 0.006733421 -69.54261 
1786049945.391 -0.001952204 -0.008442726 0.00680332 -69.27935 
1786049945.459 -0.001948911 -0.005498735 0.006279264 -68.96407 
1786049945.524 -0.001945987 -0.005205702 0.006130889 -68.68342 
1786049945.582 -0.001942958 -0.007919498 0.006518382 -68.4007 
1786049945.641 -0.001939871 -0.005769474 0.006079555 -68.11643 
1786049945.705 -0.001936672 -0.006885178 0.005990496 -67.83008 
1786049945.778 -0.001932933 -0.004904123 0.005057138 -67.4898 
1786049945.846 -0.001929167 -0.004179354 0.007307969 -67.16134 
1786049945.911 -0.001925764 -0.01010748 0.00521492 -66.86394 
1786049945.974 -0.001922128 -0.004606505 0.005470561 -66.55019 
1786049946.038 -0.00191842 -0.008693451 0.006373664 -66.23447 
1786049946.101 -0.001914758 -0.003315997 0.004304175 -65.92135 
1786049946.157 -0.001911326 -0.003555693 0.006519202 -65.64094 
1786049946.217 -0.001907957 -0.007005995 0.005079964 -65.36365 
1786049946.283 -0.001903916 -0.002681553 0.005413703 -65.03002 
1786049946.350 -0.001899986 -0.005463925 0.005932948 -64.71421 
1786049946.415 0.003104464 -0.007373462 0.006867245 -64.36608 
1786049946.478 -0.001891324 -0.003813893 0.004763897 -64.036 
1786049946.534 0.003112367 -0.004744531 0.00688042 -63.74978 
1786049946.592 0.003116319 -0.007445857 0.006905228 -63.44667 
1786049946.666 0.003121092 -0.00814247 0.0060891 -63.07948 
1786049946.733 0.003125397 -0.005137699 0.005998282 -62.76205 
1786049946.806 0.003130845 -0.005724086 0.006039713 -62.35882 
1786049946.884 0.003136335 -0.00625672 0.003696847 -61.95787 
1786049946.955 0.003141343 -0.006693831 0.006461483 -61.59652 
1786049947.021 0.003146594 -0.007946614 0.005847726 -61.21679 
1786049947.081 0.003151557 -0.00937271 0.006328399 -60.87247 
1786049947.150 0.00315684 -0.006414626 0.005241963 -60.50428 
1786049947.215 -0.001838022 -0.007738367 0.006736127 -60.15026 
1786049947.280 -0.001832797 -0.005636966 0.00465672 -59.78849 
1786049947.340 -0.001827978 -0.005900239 0.005538411 -59.46323 
1786049947.398 -0.001823087 -0.004058684 0.005649978 -59.14198 
1786049947.459 -0.001817783 -0.001017641 0.005246883 -58.79102 
1786049947.521 -0.001812653 -0.00471497 0.006417636 -58.45498 
1786049947.582 -0.001807359 -0.004543818 0.005638407 -58.10575 
1786049947.646 -0.001801718 -0.006161783 0.005563251 -57.74336 
1786049947.709 -0.001796258 -0.003899157 0.006500956 -57.3845 
1786049947.767 -0.001790992 -0.005787721 0.004307766 -57.0694 
1786049947.822 -0.00178565 -0.005880701 0.00465409 -56.73585 
1786049947.881 -0.00178014 -0.006241893 0.005967229 -56.39489 
1786049947.954 -0.001773693 -0.00389599 0.006640465 -55.9936 
1786049948.035 -0.001765681 -0.007752146 0.004906053 -55.51383 
1786049948.102 -0.001758901 -0.01063871 0.006256468 -55.10751 
1786049948.170 -0.001752414 -0.004815867 0.00528139 -54.71641 
1786049948.249 -0.001745318 -0.0008238086 0.004528613 -54.30529 
1786049948.316 -0.001737068 -0.0004459425 0.005444921 -53.82605 
1786049948.378 -0.001730571 -0.005373402 0.005701095 -53.45197 
1786049948.442 -0.001724089 -0.003736921 0.006426659 -53.07617 
1786049948.504 -0.00171741 -0.002932897 0.005623205 -52.7044 
1786049948.563 -0.001710638 -0.004228028 0.00541805 -52.32499 
1786049948.621 -0.00170433 -0.004906829 0.004994648 -51.97423 
1786049948.683 -0.001697831 -0.006232936 0.006087992 -51.61585 
1786049948.760 -0.001689189 -0.004633253 0.00571294 -51.14354 
1786049948.830 -0.001681104 -0.008816538 0.006315089 -50.70602 
1786049948.897 -0.001673133 -0.007138701 0.005948437 -50.27855 
1786049948.970 -0.001665166 -0.004664497 0.004892509 -49.85516 
1786049949.028 -0.001657087 -0.00375226 0.005899022 -49.42312 
1786049949.086 -0.001649509 -0.003004008 0.006754021 -49.03368 
1786049949.147 -0.00164258 -0.00224668 0.004779932 -48.67446 
1786049949.218 -0.001633681 -0.001944047 0.004564113 -48.21028 
1786049949.291 -0.001624139 -0.008281769 0.004761913 -47.73042 
1786049949.360 -0.001615752 -0.01010843 0.003933951 -47.30697 
1786049949.428 -0.00160686 -0.008315578 0.004147385 -46.86131 
1786049949.487 -0.001598648 -0.008787039 0.005033454 -46.44666 
1786049949.553 -0.001589254 -0.006804856 0.005144989 -45.99017 
1786049949.617 -0.001580963 -0.01028731 0.005881309 -45.58449 
1786049949.681 -0.006572435 -0.007019018 0.005210658 -45.17033 
1786049949.747 -0.001562983 -0.0002170946 0.004660601 -44.71489 
1786049949.810 -0.001554057 -0.001015855 0.003636753 -44.28787 
1786049949.869 -0.001546088 -0.00287103 0.002602634 -43.90927 
1786049949.935 -0.001536841 -0.004898754 0.0006347531 -43.47305 
1786049950.013 -0.001526731 -0.002742105 -0.0002015778 -42.99298 
1786049950.095 -0.001514343 -0.005717935 -0.001463295 -42.418 
1786049950.170 -0.001503621 -0.005507485 -0.002832249 -41.93075 
1786049950.248 -0.001493304 -0.003049189 -0.004126689 -41.44684 
1786049950.323 -0.001481694 0.002803659 -0.004958497 -40.93309 
1786049950.391 -0.001472479 0.002853912 -0.006161582 -40.51836 
1786049950.449 -0.001463964 0.0006128841 -0.004865895 -40.13741 
1786049950.520 -0.001453879 -0.001561769 -0.00648367 -39.68882 
1786049950.583 -0.001444923 -7.466079e-05 -0.006601692 -39.28638 
1786049950.655 -0.001435107 -0.001868795 -0.006798559 -38.8552 
1786049950.723 -0.001425571 -0.003901155 -0.005894405 -38.44506 
1786049950.791 -0.001415463 -0.00253519 -0.006698564 -38.00607 
1786049950.859 -0.001406491 1.496337e-05 -0.006706301 -37.61876 
1786049950.926 -0.001395952 0.003272819 -0.007508632 -37.16601 
1786049951.005 -0.001386554 0.004283366 -0.006587574 -36.76501 
1786049951.084 -0.001375165 0.007547775 -0.00587783 -36.26339 
1786049951.156 -0.001364207 0.001270195 -0.006261321 -35.81327 
1786049951.229 -0.001352973 -0.001207351 -0.005779473 -35.34787 
1786049951.303 -0.001343452 0.0004445684 -0.006915178 -34.95064 
1786049951.374 -0.00133252 0.001488876 -0.006890644 -34.49106 
1786049951.435 -0.001323868 0.004231114 -0.006287885 -34.13966 
1786049951.493 -0.00131565 0.002668645 -0.006687496 -33.80156 
1786049951.564 -0.001306733 0.003608944 -0.005778106 -33.41315 
1786049951.632 -0.006296697 0.002967319 -0.006242178 -33.02705 
1786049951.705 -0.006286113 0.001509799 -0.005914495 -32.59735 
1786049951.781 -0.006275407 0.0007863381 -0.005908611 -32.16496 
1786049951.860 -0.006264581 0.001262166 -0.006940159 -31.72936 
1786049951.946 -0.001253219 -0.000858954 -0.005385661 -31.27505 
1786049952.015 -0.001242303 -0.001611961 -0.005910691 -30.8404 
1786049952.094 -0.001231275 0.004232856 -0.00639344 -30.40321 
1786049952.173 -0.001220416 0.006313317 -0.006380694 -29.96904 
1786049952.252 -0.001209311 0.005295435 -0.006653122 -29.53826 
1786049952.326 -0.001199344 0.001910142 -0.005974011 -29.14839 
1786049952.398 -0.006189545 0.004006737 -0.006208073 -28.76066 
1786049952.465 -0.001179774 0.0002962794 -0.00629039 -28.38662 
1786049952.523 -0.001171678 -0.0001447741 -0.006742549 -28.06781 
1786049952.608 -0.001161144 0.002208772 -0.005869939 -27.66667 
1786049952.688 -0.006149288 0.005859068 -0.004947269 -27.21102 
1786049952.765 -0.006139514 0.007188343 -0.005354896 -26.83669 
1786049952.855 -0.006127482 0.005211716 -0.006147711 -26.3777 
1786049952.931 -0.006116983 0.004116594 -0.00599376 -25.9734 
1786049953.027 -0.001105059 0.00270313 -0.005919577 -25.52689 
1786049953.092 -0.001095057 0.003029657 -0.006400365 -25.14419 
1786049953.163 -0.001086026 -0.0002886975 -0.00603997 -24.80939 
1786049953.243 -0.001076504 0.001206746 -0.006671185 -24.45217 
1786049953.313 -0.001065581 0.002915707 -0.006763135 -24.04335 
1786049953.393 -0.001056543 0.007945498 -0.006548319 -23.70145 
1786049953.457 -0.001046766 0.009619381 -0.006012361 -23.3423 
1786049953.551 -0.006036262 0.003486432 -0.005601028 -22.95285 
1786049953.625 -0.006026074 0.001648417 -0.005680378 -22.57595 
1786049953.692 -0.001016838 0.005667751 -0.00486244 -22.23514 
1786049953.758 -0.001008286 0.004103361 -0.00572635 -21.91562 
1786049953.817 -0.001000537 0.0004453311 -0.00588368 -21.6356 
1786049953.882 -0.0009923186 0.006889384 -0.006584928 -21.33432 
1786049953.950 -0.0009840158 0.005180225 -0.00549788 -21.03062 
1786049954.024 -0.0009752566 0.008296488 -0.006476828 -20.71068 
1786049954.101 -0.005965926 0.006582863 -0.005602684 -20.36634 
1786049954.169 -0.005956652 0.003107273 -0.006544962 -20.03374 
1786049954.231 -0.005949029 0.003260061 -0.005445272 -19.7572 
1786049954.296 -0.005941568 0.002328789 -0.005430352 -19.48257 
1786049954.355 -0.005933904 0.002505781 -0.00576681 -19.20992 
1786049954.438 -0.005924834 0.002349842 -0.006961802 -18.87825 
1786049954.505 -0.0009158252 0.001733369 -0.005796677 -18.55824 
1786049954.573 -0.0009075908 0.005079193 -0.005577804 -18.26206 
1786049954.650 -0.0008994088 0.006418689 -0.006173134 -17.96824 
1786049954.725 -0.0008899885 0.007286858 -0.006399197 -17.63088 
1786049954.785 -0.0008826207 0.004129143 -0.005979267 -17.36731 
1786049954.851 -0.005875414 0.003696558 -0.00560615 -17.1099 
1786049954.923 -0.0008667543 0.00588131 -0.005579333 -16.801 
1786049955.000 -0.005857932 0.004870357 -0.006036829 -16.48693 
1786049955.075 -0.005849744 0.005218563 -0.006036508 -16.19587 
1786049955.167 -0.0008390351 0.003905502 -0.006066962 -15.81586 
1786049955.256 -0.005830434 0.005160558 -0.006453187 -15.51096 
1786049955.355 -0.0008196996 0.006063009 -0.005535737 -15.12752 
1786049955.441 -0.0008090795 0.006802068 -0.005810444 -14.75641 
1786049955.555 -0.0007972832 0.005875283 -0.005326772 -14.34064 
1786049955.656 -0.0007866966 0.003980235 -0.005958573 -13.96445 
1786049955.751 -0.0007765477 0.001694805 -0.005209363 -13.61178 
1786049955.860 -0.005765892 0.002582473 -0.005853301 -13.23792 
1786049955.958 -0.005754754 0.003738756 -0.006428654 -12.84444 
1786049956.030 -0.005747309 0.001589915 -0.006258532 -12.58764 
1786049956.098 -0.005740035 0.004213985 -0.006584026 -12.33347 
1786049956.173 -0.005732528 0.006604076 -0.00517085 -12.07162 
1786049956.249 -0.0007247995 0.006512616 -0.005539956 -11.80206 
1786049956.317 -0.005718615 0.005403539 -0.006176252 -11.58313 
1786049956.379 -0.0007121925 0.006757468 -0.00609384 -11.3631 
1786049956.437 -0.0007065959 0.005876382 -0.005452708 -11.16502 
1786049956.493 -0.00070133 0.004158885 -0.005224264 -10.98188 
1786049956.550 -0.0006957259 0.005852518 -0.006358877 -10.79066 
1786049956.606 -0.0006904497 0.002186636 -0.006475915 -10.60747 
1786049956.662 -0.0006852157 0.002550898 -0.006323836 -10.42579 
1786049956.720 -0.0006796545 0.004452315 -0.005784108 -10.23307 
1786049956.783 -0.0006742334 0.005102128 -0.006051384 -10.04521 
1786049956.849 -0.0006683156 0.0055788 -0.00558805 -9.837102 
1786049956.912 -0.0006626346 0.005894185 -0.005192143 -9.643596 
1786049956.982 -0.0006562083 0.002555727 -0.006102209 -9.421309 
1786049957.061 -0.0006502041 0.007829405 -0.005738807 -9.210669 
1786049957.126 -0.0006433949 0.003381608 -0.005992295 -8.978502 
1786049957.187 -0.000638472 0.0071627 -0.006187664 -8.808508 
1786049957.244 -0.0006332532 0.006445428 -0.00574043 -8.628415 
1786049957.309 -0.0006280858 0.003555676 -0.006147642 -8.450137 
1786049957.373 -0.0006226364 0.002794094 -0.00567474 -8.262178 
1786049957.432 -0.0006175757 0.00427893 -0.005257869 -8.087813 
1786049957.490 -0.0006130573 0.001700729 -0.006107601 -7.929317 
1786049957.553 -0.0006076909 0.004406115 -0.006863093 -7.747294 
1786049957.620 -0.0006023055 -0.0001293594 -0.005787967 -7.562092 
1786049957.695 -0.0005966672 0.003978623 -0.006252351 -7.365018 
1786049957.760 -0.0005916456 0.003985338 -0.006303772 -7.195345 
1786049957.816 -0.000586913 0.004130294 -0.005258905 -7.029976 
1786049957.872 -0.0005826146 0.004604249 -0.006169054 -6.882282 
1786049957.925 -0.0005785116 0.003577487 -0.005729782 -6.741358 
1786049957.980 -0.0005743751 0.005557474 -0.006012598 -6.601889 
1786049958.042 -0.0005702814 0.003724756 -0.005397464 -6.461308 
1786049958.127 -0.0005636025 0.004157946 -0.00576164 -6.232118 
1786049958.190 -0.0005591196 0.007972311 -0.006138207 -6.075846 
1786049958.263 -0.0005543366 0.004955804 -0.006576741 -5.911736 
1786049958.348 -0.0005487095 0.007804065 -0.005095834 -5.718899 
1786049958.423 -0.0005432426 0.002580333 -0.006417762 -5.531476 
1786049958.495 -0.0005379324 0.004634665 -0.006368332 -5.349559 
1786049958.559 -0.0005339071 0.004011884 -0.005177718 -5.211659 
1786049958.616 -0.0005299334 0.001823254 -0.006574533 -5.077835 
1786049958.672 -0.0005260114 0.004784818 -0.005671235 -4.943597 
1786049958.729 -0.0005224618 -0.001145868 -0.004907317 -4.822033 
1786049958.791 -0.0005185759 0.0006963333 -0.005396971 -4.688967 
1786049958.851 -0.0005146812 0.004867156 -0.004947896 -4.55571 
1786049958.908 -0.0005111495 0.002367793 -0.005259611 -4.434886 
1786049958.976 -0.0005070582 0.004989926 -0.00530785 -4.29482 
1786049959.035 -0.0005034495 0.003763751 -0.005093249 -4.171446 
1786049959.101 -0.0004997751 0.002010134 -0.005960867 -4.043755 
1786049959.167 -0.0004958091 0.004563854 -0.006152129 -3.910144 
1786049959.234 -0.0004919101 0.003910803 -0.005654577 -3.776831 
1786049959.297 -0.0004884695 0.006807102 -0.004863967 -3.659267 
1786049959.359 -0.0004848627 0.005961006 -0.006004685 -3.535964 
1786049959.414 -0.0004818587 0.004240623 -0.006008211 -3.431418 
1786049959.472 -0.0004786318 0.007934853 -0.00580993 -3.32302 
1786049959.534 -0.0004755096 0.007645078 -0.004764931 -3.216324 
1786049959.594 -0.0004723864 0.00316345 -0.004823214 -3.109626 
1786049959.667 -0.0004688595 0.00391152 -0.005265492 -2.987439 
1786049959.739 -0.0004650551 0.006973723 -0.005484892 -2.859232 
1786049959.817 -0.0004613831 0.005683848 -0.005519463 -2.733748 
1786049959.898 -0.0004576985 0.005981131 -0.004442563 -2.607952 
1786049959.991 -0.0004533636 0.006068893 -0.005904093 -2.459892 
1786049960.063 -0.0004498251 0.002272679 -0.005525778 -2.339053 
1786049960.160 -0.0004455053 0.001236619 -0.005908653 -2.19162 
1786049960.242 -0.0004419984 -0.0005171429 -0.005108222 -2.071925 
1786049960.320 -0.0004390825 0.00658504 -0.004495564 -1.972358 
1786049960.412 -0.0004352795 0.005078826 -0.005218196 -1.839836 
1786049960.503 -0.0004315289 -4.632945e-05 -0.005053763 -1.71454 
1786049960.599 -0.0004281722 0.002867139 -0.005555261 -1.60001 
1786049960.700 -0.0004243255 0.004200478 -0.004926486 -1.468721 
1786049960.775 -0.0004215999 0.007650799 -0.004702548 -1.375716 
1786049960.842 -0.0004193632 0.004468553 -0.004888297 -1.299406 
1786049960.927 -0.0004166087 0.006395072 -0.004817316 -1.205434 
1786049960.988 -0.0004145793 0.002819715 -0.005786501 -1.136125 
1786049961.047 -0.0004127617 0.005870876 -0.005330986 -1.073114 
1786049961.109 -0.0004110245 0.003895476 -0.005740718 -1.014881 
1786049961.175 -0.0004089935 0.008007931 -0.005454033 -0.9455993 
1786049961.241 -0.0004072822 0.009168501 -0.005306141 -0.887142 
1786049961.313 -0.0004051998 0.003464453 -0.004474064 -0.8161517 
1786049961.394 -0.0004033567 0.003450252 -0.004732683 -0.7532783 
1786049961.466 0.004598583 0.004990047 -0.005155954 -0.6870719 
1786049961.529 0.004600178 0.0083668 -0.005457421 -0.6326817 
1786049961.588 0.009601506 0.01480737 -0.0002176751 -0.5873872 
1786049961.648 0.01460287 0.01417168 0.006158483 -0.5408387 
1786049961.713 0.01460422 0.01641257 0.008488015 -0.4947757 
1786049961.790 0.01460569 0.01666909 0.009542862 -0.444094 
1786049961.854 0.01460696 0.0165313 0.01131431 -0.4012215 
1786049961.924 0.01960821 0.01851421 0.01162271 -0.3587019 
1786049961.985 0.01960925 0.02001055 0.01282655 -0.3225194 
1786049962.050 0.01961031 0.02226031 0.01260874 -0.2871979 
1786049962.112 0.01461127 0.01879774 0.0109359 -0.2544328 
1786049962.178 0.01461217 0.01444497 0.01038495 -0.2236479 
1786049962.246 0.01461312 0.01752181 0.009770128 -0.1913351 
1786049962.305 0.009613858 0.01562987 0.008942563 -0.1659827 
1786049962.358 0.01461448 0.01254312 0.009265443 -0.14471 
1786049962.414 0.01461507 0.01564178 0.009530727 -0.1245372 
1786049962.476 0.01461565 0.01775532 0.01102077 -0.1049201 
1786049962.535 0.01961621 0.01870372 0.01119893 -0.08579591 
1786049962.594 0.01461669 0.01882402 0.01132335 -0.06938542 
1786049962.672 0.01961715 0.01817584 0.01141845 -0.05354594 
1786049962.744 0.01461764 0.01763825 0.01022159 -0.03702683 
1786049962.809 0.01461801 0.01846079 0.01025969 -0.02430091 
1786049962.880 0.01461828 0.01426215 0.009007587 -0.01498657 
1786049962.970 0.009618548 0.0119215 0.007746802 -0.00599319 
1786049963.034 0.009618666 0.009415727 0.007748367 -0.001972522 
1786049963.116 0.004618723 0.01053876 0.006478557 -2.923268e-05 
1786049963.202 0.009618724 0.006374562 0.006478557 1.54261e-08 
1786049963.285 0.004618724 0.006374562 0.006478557 1.54261e-08 
1786049963.358 0.004618724 0.01037456 0.006478557 1.54261e-08 
1786049963.422 0.009618724 0.006374562 0.006478557 1.54261e-08 
1786049963.478 0.004618724 0.006374562 0.006478557 1.54261e-08 
1786049963.529 0.004618724 0.01037456 0.006478557 1.54261e-08 
1786049963.587 0.004618724 0.006374562 0.005208558 1.54261e-08 
1786049963.638 0.009618724 0.01037456 0.006478557 1.54261e-08 
1786049963.705 0.009618724 0.006374562 0.005208558 1.54261e-08 
1786049963.761 0.004618724 0.006374562 0.005208558 1.54261e-08 
1786049963.812 0.004618724 0.01037456 0.006478557 1.54261e-08 
1786049963.874 0.004618724 0.006374562 0.006478557 1.54261e-08 
1786049963.932 0.009618724 0.01037456 0.006478557 1.54261e-08 
1786049963.986 0.004618724 0.006374562 0.005208558 1.54261e-08 
1786049964.041 0.004618724 0.006374562 0.006478557 1.54261e-08 
1786049964.097 0.004618724 0.01037456 0.006478557 1.54261e-08 
1786049964.152 0.004618724 0.006374562 0.006478557 1.54261e-08 
1786049964.202 0.004618724 0.006374562 0.005208558 1.54261e-08 
1786049964.262 0.004618724 0.006374562 0.005208558 1.54261e-08 
1786049964.318 0.004618724 0.006374562 0.005208558 1.54261e-08 
1786049964.373 0.004618724 0.006374562 0.006478557 1.54261e-08 
1786049964.423 0.009618724 0.006374562 0.006478557 1.54261e-08 
1786049964.483 0.009618724 0.006374562 0.006478557 1.54261e-08 
1786049964.538 0.004618724 0.006374562 0.006478557 1.54261e-08 
1786049964.590 0.004618724 0.006374562 0.006478557 1.54261e-08 
1786049964.644 0.004618724 0.006374562 0.006478557 1.54261e-08 
1786049964.698 0.009618724 0.006374562 0.006478557 1.54261e-08 
1786049964.749 0.004618724 0.006374562 0.005208558 1.54261e-08 
1786049964.811 0.004618724 0.006374562 0.005208558 1.54261e-08 
1786049964.867 0.004618724 0.006374562 0.005208558 1.54261e-08 
1786049964.921 0.004618724 0.006374562 0.006478557 1.54261e-08 
1786049964.975 0.004618724 0.006374562 0.005208558 1.54261e-08 
1786049965.029 0.004618724 0.006374562 0.005208558 1.54261e-08 
1786049965.081 0.009618724 0.006374562 0.006478557 1.54261e-08 
1786049965.145 0.004618724 0.006374562 0.005208558 1.54261e-08 
1786049965.204 0.004618724 0.006374562 0.005208558 1.54261e-08 
1786049965.266 0.009618724 0.006374562 0.006478557 1.54261e-08 
1786049965.320 0.004618724 0.006374562 0.005208558 1.54261e-08 
1786049965.379 0.004618724 0.006374562 0.005208558 1.54261e-08 
1786049965.442 0.004618724 0.006374562 0.005208558 1.54261e-08 
1786049965.499 0.009618724 0.006374562 0.005208558 1.54261e-08 
1786049965.552 0.004618724 0.006374562 0.005208558 1.54261e-08 
1786049965.603 0.004618724 0.006374562 0.005208558 1.54261e-08 
1786049965.656 0.004618724 0.006374562 0.005208558 1.54261e-08 
1786049965.715 0.009618724 0.006374562 0.005208558 1.54261e-08 
1786049965.781 0.009618724 0.006374562 0.005208558 1.54261e-08 
1786049965.840 0.009618724 0.006374562 0.005208558 1.54261e-08 
1786049965.890 0.004618724 0.006374562 0.005208558 1.54261e-08 
1786049965.941 0.004618724 0.006374562 0.005208558 1.54261e-08 
1786049965.993 0.004618724 0.006374562 0.005208558 1.54261e-08 
1786049966.042 0.004618724 0.006374562 0.005208558 1.54261e-08 
1786049966.096 0.004618724 0.006374562 0.005208558 1.54261e-08 
1786049966.155 0.004618724 0.006374562 0.005208558 1.54261e-08 
1786049966.215 0.009618724 0.006374562 0.005208558 1.54261e-08 
1786049966.275 0.004618724 0.006374562 0.005208558 1.54261e-08 
1786049966.331 0.009618724 0.006374562 0.005208558 1.54261e-08 
1786049966.384 0.004618724 0.006374562 0.005208558 1.54261e-08 
1786049966.433 0.004618724 0.006374562 0.005208558 1.54261e-08 
1786049966.490 0.004618724 0.006374562 0.005208558 1.54261e-08 
1786049966.545 0.004618724 0.006374562 0.005208558 1.54261e-08 
1786049966.597 0.009618724 0.006374562 0.005208558 1.54261e-08 
1786049966.652 0.004618724 0.006374562 0.005208558 1.54261e-08 
1786049966.713 0.009618724 0.006374562 0.005208558 1.54261e-08 
1786049966.770 0.004618724 0.006374562 0.005208558 1.54261e-08 
1786049966.827 0.004618724 0.006374562 0.005208558 1.54261e-08 
1786049966.884 0.009618724 0.006374562 0.005208558 1.54261e-08 
1786049966.936 0.004618724 0.006374562 0.005208558 1.54261e-08 
1786049966.986 0.004618724 0.006374562 0.005208558 1.54261e-08 
1786049967.044 0.004618724 0.006374562 0.005208558 1.54261e-08 
1786049967.094 0.004618724 0.006374562 0.005208558 1.54261e-08 
1786049967.148 0.009618724 0.006374562 0.005208558 1.54261e-08 
1786049967.222 0.004618724 0.006374562 0.005208558 1.54261e-08 
1786049967.287 0.004618724 0.006374562 0.005208558 1.54261e-08 
1786049967.338 0.004618724 0.006374562 0.005208558 1.54261e-08 
1786049967.388 0.004618724 0.006374562 0.005208558 1.54261e-08 
1786049967.448 0.009618724 0.006374562 0.005208558 1.54261e-08 
1786049967.502 0.004618724 0.006374562 0.005208558 1.54261e-08 
1786049967.557 0.004618724 0.006374562 0.005208558 1.54261e-08 
1786049967.614 0.004618724 0.006374562 0.005208558 1.54261e-08 
1786049967.676 0.004618724 0.002374562 0.005208558 1.54261e-08 
1786049967.755 0.004618724 0.002374562 0.005208558 1.54261e-08 
1786049967.811 0.004618724 0.002374562 0.005208558 1.54261e-08 
1786049967.865 0.009618724 0.006374562 0.005208558 1.54261e-08 
1786049967.921 0.004618724 0.002374562 0.005208558 1.54261e-08 
1786049967.974 0.004618724 0.002374562 0.005208558 1.54261e-08 
1786049968.023 0.004618724 0.002374562 0.005208558 1.54261e-08 
1786049968.079 0.004618724 0.002374562 0.003938559 1.54261e-08 
1786049968.129 0.004618724 0.002374562 0.005208558 1.54261e-08 
1786049968.193 0.004618724 0.002374562 0.005208558 1.54261e-08 
1786049968.248 0.004618724 0.002374562 0.003938559 1.54261e-08 
1786049968.300 0.004618724 0.002374562 0.003938559 1.54261e-08 
1786049968.355 0.004618724 0.002374562 0.005208558 1.54261e-08 
1786049968.421 0.004618724 0.002374562 0.003938559 1.54261e-08 
1786049968.478 0.004618724 0.002374562 0.005208558 1.54261e-08 
1786049968.535 0.004618724 0.002374562 0.005208558 1.54261e-08 
1786049968.586 -0.0003812761 0.002374562 0.005208558 1.54261e-08 
1786049968.651 -0.0003812761 0.002374562 0.005208558 1.54261e-08 
1786049968.706 -0.0003812761 0.002374562 0.005208558 1.54261e-08 
1786049968.760 -0.0003812761 0.002374562 0.003938559 1.54261e-08 
1786049968.815 -0.0003812761 0.002374562 0.003938559 1.54261e-08 
1786049968.867 -0.0003812761 0.002374562 0.003938559 1.54261e-08 
1786049968.921 -0.0003812761 0.002374562 0.003938559 1.54261e-08 
1786049968.977 -0.005381276 0.002374562 0.003938559 1.54261e-08 
1786049969.037 -0.0003812761 0.002374562 0.003938559 1.54261e-08 
1786049969.090 -0.0003812761 0.002374562 0.003938559 1.54261e-08 
1786049969.141 -0.0003812761 0.002374562 0.003938559 1.54261e-08 
1786049969.193 -0.0003812761 0.002374562 0.003938559 1.54261e-08 
1786049969.244 -0.0003812761 0.002374562 0.003938559 1.54261e-08 
1786049969.298 -0.0003812761 0.002374562 0.002668559 1.54261e-08 
1786049969.354 -0.0003812761 -0.001625438 0.002668559 1.54261e-08 
1786049969.409 -0.0003812761 -0.001625438 0.00139856 1.54261e-08 
1786049969.468 -0.0003812761 -0.001625438 0.00139856 1.54261e-08 
1786049969.525 -0.0003812761 -0.001625438 0.00139856 1.54261e-08 
1786049969.575 -0.0003812761 -0.001625438 0.0001285608 1.54261e-08 
1786049969.638 -0.0003812761 -0.001625438 0.0001285608 1.54261e-08 
1786049969.693 -0.0003812761 -0.001625438 0.0001285608 1.54261e-08 
1786049969.752 -0.0003812761 -0.001625438 0.0001285608 1.54261e-08 
1786049969.804 -0.0003812761 -0.001625438 -0.001141438 1.54261e-08 
1786049969.863 -0.0003812761 -0.005625438 -0.001141438 1.54261e-08 
1786049969.925 -0.0003812761 -0.001625438 -0.001141438 1.54261e-08 
1786049969.976 -0.0003812761 -0.001625438 -0.002411438 1.54261e-08 
1786049970.026 -0.0003812761 -0.001625438 -0.002411438 1.54261e-08 
1786049970.083 -0.0003812761 -0.001625438 -0.002411438 1.54261e-08 
1786049970.135 -0.0003812761 -0.001625438 -0.003681437 1.54261e-08 
1786049970.190 -0.0003812761 -0.001625438 -0.003681437 1.54261e-08 
1786049970.253 -0.0003812761 -0.001625438 -0.004951436 1.54261e-08 
1786049970.307 -0.0003812761 -0.001625438 -0.004951436 1.54261e-08 
1786049970.357 -0.0003812761 -0.001625438 -0.006221436 1.54261e-08 
1786049970.418 -0.0003812761 -0.001625438 -0.006221436 1.54261e-08 
1786049970.475 -0.0003812761 -0.001625438 -0.004951436 1.54261e-08 
1786049970.531 -0.0003812761 -0.001625438 -0.004951436 1.54261e-08 
1786049970.602 -0.0003812761 -0.001625438 -0.004951436 1.54261e-08 
1786049970.666 -0.0003812761 -0.001625438 -0.004951436 1.54261e-08 
1786049970.726 -0.0003812761 -0.001625438 -0.004951436 1.54261e-08 
1786049970.778 -0.0003812761 -0.001625438 -0.004951436 1.54261e-08 
1786049970.827 -0.0003812761 -0.001625438 -0.004951436 1.54261e-08 
1786049970.883 -0.0003812761 -0.001625438 -0.004951436 1.54261e-08 
1786049970.931 -0.0003812761 -0.001625438 -0.004951436 1.54261e-08 
1786049970.985 -0.0003812761 -0.001625438 -0.004951436 1.54261e-08 
1786049971.041 -0.0003812761 -0.001625438 -0.003681437 1.54261e-08 
1786049971.090 -0.0003812761 -0.001625438 -0.003681437 1.54261e-08 
1786049971.142 -0.0003812761 -0.001625438 -0.003681437 1.54261e-08 
1786049971.201 -0.0003812761 -0.001625438 -0.003681437 1.54261e-08 
1786049971.252 -0.0003812761 -0.001625438 -0.003681437 1.54261e-08 
1786049971.306 -0.0003812761 -0.001625438 -0.003681437 1.54261e-08 
1786049971.361 -0.0003812761 -0.001625438 -0.003681437 1.54261e-08 
1786049971.419 -0.0003812761 -0.001625438 -0.003681437 1.54261e-08 
1786049971.469 -0.0003812761 -0.001625438 -0.003681437 1.54261e-08 
1786049971.535 -0.0003812761 -0.001625438 -0.002411438 1.54261e-08 
1786049971.589 -0.0003812761 -0.001625438 -0.002411438 1.54261e-08 
1786049971.657 -0.0003812761 -0.001625438 -0.001141438 1.54261e-08 
1786049971.725 -0.0003812761 -0.001625438 -0.001141438 1.54261e-08 
1786049971.790 -0.0003812761 -0.001625438 -0.001141438 1.54261e-08 
1786049971.873 -0.0003812761 -0.001625438 0.0001285608 1.54261e-08 
1786049971.929 -0.0003812761 -0.001625438 0.0001285608 1.54261e-08 
1786049971.980 -0.0003812761 -0.001625438 0.00139856 1.54261e-08 
1786049972.033 -0.0003812761 -0.001625438 0.00139856 1.54261e-08 
1786049972.085 -0.0003812761 -0.001625438 0.00139856 1.54261e-08 
1786049972.134 -0.0003812761 -0.001625438 0.00139856 1.54261e-08 
1786049972.194 -0.0003812761 -0.001625438 0.002668559 1.54261e-08 
1786049972.254 -0.0003812761 -0.001625438 0.002668559 1.54261e-08 
1786049972.305 -0.0003812761 -0.001625438 0.002668559 1.54261e-08 
1786049972.355 -0.0003812761 -0.001625438 0.002668559 1.54261e-08 
1786049972.410 -0.0003812761 -0.001625438 0.003938559 1.54261e-08 
1786049972.460 -0.0003812761 -0.001625438 0.003938559 1.54261e-08 
1786049972.509 -0.0003812761 -0.001625438 0.003938559 1.54261e-08 
1786049972.566 -0.0003812437 -0.004075916 0.003938494 0.001151284 
1786049972.625 0.004618885 -0.004488452 0.005207073 0.005512948 
1786049972.680 0.009619109 -0.003090719 0.006470144 0.01312036 
1786049972.739 0.009619414 -0.001441744 0.006451473 0.02354416 
1786049972.793 0.004619832 -0.001322035 0.006408701 0.03781065 
1786049972.847 0.00962031 -0.0006233772 0.007605451 0.05411919 
1786049972.906 0.009620908 0.001291969 0.007477401 0.07449314 
1786049972.959 0.004621574 0.001966785 0.007286577 0.09723369 
1786049973.010 0.009622286 0.006011519 0.007027026 0.1215209 
1786049973.067 0.009623158 0.007591896 0.006630877 0.1512413 
1786049973.131 0.009624196 0.009344831 0.008586276 0.1866675 
1786049973.183 0.009625206 0.008464349 0.007899908 0.221106 
1786049973.237 0.0146263 0.01125907 0.008294327 0.258478 
1786049973.295 0.009627573 0.008373902 0.008376622 0.3026285 
1786049973.368 0.009628968 0.007912843 0.00801747 0.3528084 
1786049973.430 0.009630835 0.005400384 0.007029462 0.4131395 
1786049973.483 0.009632373 0.007641213 0.006046703 0.4656073 
1786049973.537 0.009633943 0.007748453 0.007279374 0.5191939 
1786049973.597 0.009635756 0.009428903 0.007764166 0.5810427 
1786049973.652 0.009637539 0.00504165 0.006671514 0.6418398 
1786049973.703 0.009639305 0.007650652 0.006524325 0.7032884 
1786049973.757 0.00964126 0.01032723 0.006812027 0.7687647 
1786049973.816 0.009643341 0.008823636 0.007581596 0.8398013 
1786049973.876 0.004645594 -0.0009576696 0.003405553 0.918002 
1786049973.931 -0.0003520139 -0.01030268 -0.001569481 0.9982678 
1786049973.980 -0.005349907 -0.01277378 -0.0050252 1.070166 
1786049974.042 -0.01034733 -0.01367602 -0.008434144 1.159745 
1786049974.101 -0.01034464 -0.01404691 -0.008870269 1.249801 
1786049974.155 -0.010342 -0.014371 -0.008839487 1.339843 
1786049974.205 -0.01033952 -0.01292102 -0.008860383 1.424661 
1786049974.268 -0.0103365 -0.01382932 -0.00848759 1.527753 
1786049974.331 -0.01033316 -0.01137363 -0.008345585 1.641615 
1786049974.382 -0.01033036 -0.01422926 -0.008881266 1.73723 
1786049974.435 -0.01032742 -0.01364245 -0.008941914 1.839328 
1786049974.497 -0.010324 -0.01257879 -0.008644528 1.954222 
1786049974.561 -0.01032029 -0.01255652 -0.008184579 2.080761 
1786049974.619 -0.01031672 -0.0116662 -0.008332738 2.204974 
1786049974.673 -0.01031323 -0.01400233 -0.007988268 2.321972 
1786049974.726 -0.01030984 -0.01274704 -0.008196762 2.437603 
1786049974.782 -0.01030624 -0.01244958 -0.009001802 2.56055 
1786049974.836 -0.01030262 -0.01204276 -0.008928006 2.684222 
1786049974.893 -0.01029863 -0.01294917 -0.008677318 2.820331 
1786049974.953 -0.01029455 -0.01018096 -0.008803848 2.964713 
1786049975.008 -0.01029045 -0.01298601 -0.008275171 3.100032 
1786049975.060 -0.01028662 -0.01233952 -0.008082035 3.230877 
1786049975.114 -0.005282556 -0.01571759 -0.008343411 3.369529 
1786049975.168 -0.01027841 -0.01127992 -0.008941448 3.511167 
1786049975.220 -0.005274262 -0.01190947 -0.009031975 3.653087 
1786049975.274 -0.01026995 -0.01150412 -0.008068555 3.800487 
1786049975.327 -0.01026572 -0.0118554 -0.008182103 3.945215 
1786049975.384 -0.01026107 -0.01511661 -0.008379504 4.104081 
1786049975.442 -0.00525642 -0.01140446 -0.008586581 4.263202 
1786049975.494 -0.005251507 -0.01361684 -0.007519016 4.431263 
1786049975.555 -0.005246324 -0.008565684 -0.007137415 4.611692 
1786049975.614 -0.00524104 -0.01279801 -0.007444249 4.789478 
1786049975.679 -0.01023547 -0.01231749 -0.008166634 4.980114 
1786049975.733 -0.01022989 -0.006341618 -0.007602012 5.171329 
1786049975.790 -0.01022459 -0.01111221 -0.008169377 5.35295 
1786049975.865 -0.005217441 -0.007753892 -0.006898792 5.59782 
1786049975.933 -0.005211036 -0.01111636 -0.007251845 5.817399 
1786049976.002 -0.005204307 -0.01160593 -0.006963818 6.051691 
1786049976.061 -0.01019797 -0.01122546 -0.007277459 6.26572 
1786049976.125 -0.005191411 -0.01112913 -0.007521005 6.490829 
1786049976.184 -0.005184957 -0.01178587 -0.007939798 6.712408 
1786049976.250 -0.01017764 -0.01360709 -0.007924771 6.963929 
1786049976.301 -0.01017206 -0.01033943 -0.007704358 7.155526 
1786049976.362 -0.01016575 -0.01289486 -0.007830974 7.376634 
1786049976.421 -0.005158884 -0.0114367 -0.008704277 7.608878 
1786049976.478 -0.005152263 -0.007997392 -0.007473719 7.836824 
1786049976.537 -0.005145314 -0.007057359 -0.007532875 8.076162 
1786049976.594 -0.00513862 -0.009508935 -0.008687856 8.306886 
1786049976.659 -0.005131356 -0.008768541 -0.008595779 8.557322 
1786049976.727 -0.005123138 -0.01040897 -0.008732189 8.841004 
1786049976.779 -0.00511615 -0.008902732 -0.008360242 9.082291 
1786049976.839 -0.005109199 -0.01258976 -0.007664273 9.326904 
1786049976.906 -0.0101009 -0.01041279 -0.007809561 9.609782 
1786049976.965 -0.005093115 -0.01226708 -0.007705868 9.878993 
1786049977.027 -0.01008497 -0.01108655 -0.00810292 10.16101 
1786049977.080 -0.005077779 -0.009217365 -0.008552133 10.41043 
1786049977.137 -0.005070503 -0.01089277 -0.007954804 10.66752 
1786049977.192 -0.01006301 -0.005735866 -0.007673009 10.92308 
1786049977.253 -0.005054891 -0.008502119 -0.008656924 11.2054 
1786049977.310 -0.01004709 -0.006624848 -0.007805002 11.47686 
1786049977.369 -0.005039062 -0.007698874 -0.008003573 11.75636 
1786049977.427 -0.01003095 -0.008506739 -0.007558391 12.04425 
1786049977.486 -0.005022459 -0.009832737 -0.008625747 12.34046 
1786049977.565 -0.005011718 -0.0095551 -0.008612164 12.71597 
1786049977.628 -0.01000258 -0.006525791 -0.008576612 13.0306 
1786049977.709 -0.004992021 -0.004156992 -0.007730092 13.40586 
1786049977.801 -0.004976681 -0.005568508 -0.008694354 13.93916 
1786049977.867 -0.004966712 -0.005478553 -0.008647063 14.28979 
1786049977.948 -0.004954484 -0.004888452 -0.008335876 14.72064 
1786049978.026 -0.004942566 -0.009034451 -0.0082359 15.14149 
1786049978.090 -0.004932079 -0.009979133 -0.009262165 15.51801 
1786049978.161 -0.004921643 -0.00904813 -0.009628488 15.88785 
1786049978.215 -0.009911745 -0.01137244 -0.009162158 16.23354 
1786049978.272 -0.00490289 -0.006720094 -0.00882616 16.54842 
1786049978.328 -0.0048938 -0.006635093 -0.009268481 16.87208 
1786049978.385 -0.004884639 -0.008349944 -0.009461864 17.19903 
1786049978.440 -0.004875737 -0.004508712 -0.008767668 17.51722 
1786049978.496 -0.004865769 -0.008302919 -0.00913067 17.87412 
1786049978.555 -0.004856393 -0.007005104 -0.00950139 18.21052 
1786049978.616 -0.00484627 -0.01224675 -0.009706946 18.57453 
1786049978.675 -0.009835899 -0.009025446 -0.009428342 18.94814 
1786049978.731 -0.004826307 -0.00885804 -0.009521078 19.29438 
1786049978.782 -0.009817169 -0.006223599 -0.01025971 19.62504 
1786049978.843 -0.009807101 -0.006337769 -0.0100711 19.99647 
1786049978.906 -0.004795911 -0.006146617 -0.009284333 20.39693 
1786049978.959 -0.009786405 -0.009609408 -0.009869919 20.74323 
1786049979.013 -0.004776841 -0.008152295 -0.01078228 21.09242 
1786049979.075 -0.004766327 -0.008280294 -0.01079294 21.47739 
1786049979.140 -0.004755026 -0.006661572 -0.01053887 21.89227 
1786049979.220 -0.004741112 -0.008054043 -0.0101803 22.40477 
1786049979.284 -0.004728368 -0.001922835 -0.009313431 22.8756 
1786049979.338 -0.004718661 -0.003880554 -0.009733858 23.23578 
1786049979.399 -0.004707058 -0.003157411 -0.01115164 23.67396 
1786049979.459 -0.004696315 -0.007486461 -0.01063555 24.06833 
1786049979.522 -0.004685144 -0.00514254 -0.01032612 24.48607 
1786049979.589 -0.004672787 -0.009090459 -0.01083112 24.95003 
1786049979.649 -0.004660173 -0.006244587 -0.009757859 25.42539 
1786049979.705 -0.004649956 -0.005520354 -0.01072239 25.81205 
1786049979.764 -0.004638362 -0.003700294 -0.0114208 26.25196 
1786049979.819 -0.004627863 -0.00487949 -0.01086246 26.65217 
1786049979.877 -0.004616746 -0.004167087 -0.01074194 27.07744 
1786049979.932 -0.004606161 -0.009639404 -0.01056417 27.48355 
1786049979.985 -0.004595731 -0.009681028 -0.0117873 27.88552 
1786049980.044 -0.004584496 -0.007401144 -0.01208841 28.31994 
1786049980.102 -0.004573294 -0.006884275 -0.01095734 28.75495 
1786049980.156 -0.004562906 -0.006823618 -0.01020048 29.15991 
1786049980.206 -0.004553324 -0.0008436087 -0.0117262 29.5349 
1786049980.265 -0.004542253 -0.003175555 -0.01190748 29.9773 
1786049980.330 -0.004530094 0.002492509 -0.01087239 30.45007 
1786049980.380 -0.004520069 -0.004059313 -0.01122563 30.84744 
1786049980.434 -0.004510086 -0.002592143 -0.01105615 31.25244 
1786049980.495 -0.004498835 -0.003480015 -0.01037505 31.69502 
1786049980.553 -0.004488011 -0.002758723 -0.01125924 32.1298 
1786049980.607 -0.004477794 -0.002027299 -0.01081929 32.54246 
1786049980.662 -0.004467439 0.000416335 -0.01040897 32.96242 
1786049980.721 -0.004456767 0.006120912 -0.0109869 33.39732 
1786049980.776 -0.004446878 0.001544083 -0.01226502 33.80238 
1786049980.828 -0.004437218 0.0006107177 -0.01087752 34.20002 
1786049980.882 -0.004427423 0.001793166 -0.01054363 34.60487 
1786049980.938 -0.004417315 -0.000698599 -0.01190076 35.02494 
1786049980.993 -0.004407796 0.001339034 -0.01149173 35.42238 
1786049981.045 -0.004398146 0.002279523 -0.01141021 35.82736 
1786049981.097 -0.004388722 0.002472774 -0.01093732 36.22489 
1786049981.155 -0.004378817 0.006705181 -0.011724 36.64492 
1786049981.209 -0.004369141 0.006732372 -0.01119482 37.05749 
1786049981.259 -0.004360215 0.002108373 -0.01069304 37.43997 
1786049981.315 -0.004350814 0.006686864 -0.0111773 37.85227 
1786049981.377 -0.004340775 0.005226415 -0.01022365 38.28012 
1786049981.428 -0.004331138 0.004752906 -0.01063877 38.69999 
1786049981.480 -0.004322069 0.004801058 -0.01108611 39.09742 
1786049981.539 -0.004312543 0.00539484 -0.009671401 39.51758 
1786049981.611 -0.004300884 0.006719377 -0.01164529 40.03496 
1786049981.668 -0.004291152 0.008035166 -0.0104777 40.46997 
1786049981.721 -0.004281649 0.005088808 -0.01112333 40.89753 
1786049981.777 -0.004272538 0.004907057 -0.01046203 41.30995 
1786049981.843 -0.009261843 0.002486095 -0.009843043 41.79736 
1786049981.902 -0.004252044 -0.001091487 -0.01106127 42.24745 
1786049981.954 -0.004243284 0.001859811 -0.011095 42.65247 
1786049982.007 -0.009234902 0.001038402 -0.01130971 43.04242 
1786049982.060 -0.004226414 -0.0001290371 -0.01061598 43.43994 
1786049982.113 -0.004218139 0.003608504 -0.0111022 43.82999 
1786049982.164 -0.004209761 0.007548009 -0.009685864 44.22765 
1786049982.220 -0.004201283 0.004373914 -0.01073081 44.63247 
1786049982.277 -0.004192398 0.003463177 -0.01072968 45.06 
1786049982.333 -0.00918358 0.003192919 -0.01064259 45.48743 
1786049982.384 -0.004175899 0.0002442124 -0.01142996 45.86247 
1786049982.441 -0.009167205 -4.477587e-05 -0.01190566 46.28995 
1786049982.502 -0.004157977 0.001456002 -0.009860995 46.74736 
1786049982.557 -0.004149723 0.001084479 -0.009749991 47.1598 
1786049982.608 -0.009141978 0.005907598 -0.01053013 47.55008 
1786049982.670 -0.004133113 0.008796125 -0.007966434 48.00041 
1786049982.730 -0.004124325 0.006389151 -0.008482734 48.45005 
1786049982.783 -0.004116337 0.008855358 -0.01128051 48.86243 
1786049982.839 -0.004108272 0.004450595 -0.01111965 49.2824 
1786049982.897 -0.004100132 0.005955318 -0.01104955 49.70998 
1786049982.960 -0.00409136 0.006569842 -0.009732802 50.17475 
1786049983.016 -0.004083649 0.005919104 -0.009407077 50.58754 
1786049983.070 -0.004075729 0.005273086 -0.01124795 51.01489 
1786049983.125 -0.004068156 0.006860347 -0.01073048 51.42735 
1786049983.180 -0.00406065 0.00944651 -0.01041968 51.84006 
1786049983.233 -0.004053483 0.008524725 -0.01240528 52.2374 
1786049983.285 -0.004046512 0.005293584 -0.01206495 52.62739 
1786049983.339 -0.00403934 0.007363256 -0.01036612 53.03248 
1786049983.396 0.0009677664 0.01023842 -0.009415549 53.43761 
1786049983.452 0.0009755827 0.005423181 -0.01066308 53.88743 
1786049983.503 0.0009820325 0.005617393 -0.0115147 54.26247 
1786049983.563 0.0009893139 0.006966818 -0.01124752 54.68996 
1786049983.625 0.0009971474 0.006877894 -0.01068582 55.16253 
1786049983.676 0.00100402 0.006212835 -0.01083263 55.56746 
1786049983.729 0.001010576 0.006254732 -0.01174184 55.96489 
1786049983.784 0.001017064 0.007091081 -0.009862398 56.36252 
1786049983.837 0.001023605 0.005767542 -0.009745883 56.76758 
1786049983.887 0.001029719 0.006159472 -0.01163487 57.14993 
1786049983.945 0.001036359 0.01140066 -0.0103687 57.57748 
1786049984.011 0.001043855 0.006312975 -0.01014451 58.04992 
1786049984.068 0.001050217 0.007287494 -0.0106636 58.46252 
1786049984.121 -0.003943041 0.003652283 -0.01128018 58.90506 
1786049984.177 -0.003936945 0.007496625 -0.01011155 59.31733 
1786049984.238 -0.003930368 0.007306737 -0.009222185 59.75273 
1786049984.300 -0.003923222 0.006506328 -0.01183985 60.23996 
1786049984.353 -0.003917365 0.003998595 -0.01059563 60.64494 
1786049984.404 -0.003912008 0.004797671 -0.01113319 61.02741 
1786049984.460 -0.003906082 0.009085294 -0.009884049 61.43998 
1786049984.515 -0.003900443 0.008128329 -0.01004153 61.845 
1786049984.569 -0.003894794 0.009143682 -0.01037814 62.25615 
1786049984.619 0.00111034 0.00863156 -0.008688888 62.63483 
1786049984.680 0.001116155 0.01006235 -0.009122225 63.06963 
1786049984.734 0.001121362 0.007669475 -0.00729666 63.46449 
1786049984.785 -0.003873727 0.009788563 -0.008753047 63.84185 
1786049984.841 -0.003868642 0.009095446 -0.01033619 64.24525 
1786049984.903 0.001136869 0.010015 -0.007350664 64.67427 
1786049984.959 0.001141898 0.009597093 -0.009437255 65.07809 
1786049985.010 0.00114647 0.004335281 -0.008848733 65.45089 
1786049985.074 0.001151444 0.006306369 -0.008128941 65.86258 
1786049985.135 0.001156623 0.009201344 -0.006735003 66.29843 
1786049985.194 0.001161351 0.006268096 -0.005682301 66.7028 
1786049985.247 -0.003834269 0.005846748 -0.008931566 67.08346 
1786049985.301 -0.00383022 0.004450477 -0.006529813 67.44084 
1786049985.365 -0.003825746 0.007924036 -0.006419284 67.84879 
1786049985.423 -0.003821459 0.007239033 -0.007027701 68.23311 
1786049985.476 -0.003817492 0.005542292 -0.005997833 68.60105 
1786049985.540 -0.003813485 0.008406895 -0.006574441 68.97898 
1786049985.601 -0.003808986 0.004990902 -0.005265255 69.41089 
1786049985.659 -0.003805263 0.01013392 -0.005921552 69.77513 
1786049985.711 -0.003801889 0.009620807 -0.005944963 70.11081 
1786049985.768 -0.003798412 0.005589122 -0.004957615 70.46238 
1786049985.820 -0.003795144 0.005523766 -0.005918408 70.79852 
1786049985.880 -0.003791726 0.004715137 -0.005823979 71.15621 
1786049985.935 -0.003788515 0.00731728 -0.004793509 71.49851 
1786049985.984 -0.003785719 0.005443288 -0.005277604 71.80142 
1786049986.039 -0.003782776 0.007250441 -0.005869006 72.12577 
1786049986.098 -0.003779752 0.007786247 -0.004953258 72.47087 
1786049986.153 -0.003776863 0.006103942 -0.00467447 72.79516 
1786049986.209 -0.003774005 0.004259157 -0.005219724 73.12777 
1786049986.268 0.001228819 0.008778787 -0.00328565 73.46293 
1786049986.330 0.001231701 0.002417192 -0.004530535 73.81195 
1786049986.381 0.001234132 0.002140003 -0.00544829 74.11205 
1786049986.440 0.00123676 0.008223926 -0.002768902 74.44305 
1786049986.530 0.001240111 0.004295242 -0.002402569 74.87527 
1786049986.609 0.001243766 0.002141898 -0.001905751 75.36049 
1786049986.677 0.001246403 0.007105644 -0.001654131 75.72609 
1786049986.756 0.001249279 0.005343976 0.001570112 76.12402 
1786049986.863 0.001252914 0.006993809 0.004390625 76.65109 
1786049986.951 0.001255981 0.005238235 0.005522323 77.11192 
1786049987.027 0.00125848 0.005889125 0.005544458 77.50495 
1786049987.109 0.00126114 0.00404738 0.00822453 77.93132 
1786049987.197 0.001263722 0.002961629 0.006042695 78.355 
1786049987.271 0.006265841 0.004881803 0.006465983 78.72352 
1786049987.334 0.001267524 0.007748476 0.007063338 79.02065 
1786049987.394 0.00126909 0.005619393 0.007655371 79.30013 
1786049987.463 0.006270765 0.001724123 0.007299176 79.61225 
1786049987.528 0.001272252 0.005352111 0.007832983 79.90203 
1786049987.599 0.006273833 0.007649472 0.007446187 80.21409 
1786049987.653 0.00127513 0.008168095 0.007732396 80.4733 
1786049987.708 0.001276252 0.005756146 0.006763678 80.70755 
1786049987.771 0.00127751 0.005532283 0.007562386 80.97727 
1786049987.834 0.00627862 0.005994293 0.007578653 81.22607 
1786049987.891 0.001279721 0.007328093 0.008164817 81.4716 
1786049987.945 0.001280723 0.007864374 0.008781712 81.70543 
1786049988.001 0.001281668 0.003391776 0.008262278 81.93177 
1786049988.059 0.001282591 0.003253589 0.007546295 82.15918 
1786049988.118 0.001283459 0.005426384 0.009001743 82.37938 
1786049988.172 0.001284334 0.002238483 0.008892825 82.60797 
1786049988.228 0.006285073 0.005107309 0.009709147 82.80657 
1786049988.287 0.006285902 0.006761625 0.008372988 83.03604 
1786049988.346 0.006286667 0.004795519 0.009512787 83.2546 
1786049988.399 0.006287347 0.006895744 0.009588196 83.45497 
1786049988.451 0.006287962 0.005394958 0.008078391 83.6418 
1786049988.508 0.001288573 0.004681908 0.01007418 83.83297 
1786049988.572 0.00128922 0.007143717 0.008844978 84.0453 
1786049988.624 0.001289814 0.003687972 0.009485016 84.24036 
1786049988.677 0.00129034 0.003141669 0.008733263 84.42217 
1786049988.751 0.006291004 0.004443414 0.00882261 84.66006 
1786049988.811 0.006291516 0.002666355 0.007834596 84.85113 
1786049988.869 0.001291968 0.004239285 0.009903674 85.02614 
1786049988.922 0.001292428 0.004411776 0.009007376 85.21047 
1786049988.980 0.001292841 0.005561815 0.009531126 85.38216 
1786049989.040 0.001293265 0.004485016 0.008914995 85.56575 
1786049989.098 0.001293646 0.003874234 0.01039224 85.73676 
1786049989.151 0.00129398 0.004045751 0.008055431 85.89299 
1786049989.202 0.006294273 0.004072306 0.008501493 86.03501 
1786049989.257 0.001294572 0.002875698 0.01054623 86.18566 
1786049989.310 0.00629485 0.001904239 0.009578216 86.33064 
1786049989.362 0.006295116 0.003035296 0.01060651 86.47545 
1786049989.417 0.006295367 0.003174866 0.0100258 86.61739 
1786049989.478 0.006295627 0.005378279 0.008888023 86.77168 
1786049989.534 0.001295851 0.006724728 0.01080462 86.90987 
1786049989.591 0.001296074 0.004008974 0.01077014 87.05492 
1786049989.646 0.001296269 0.006896223 0.01071617 87.18676 
1786049989.705 0.001296463 0.005852248 0.01126973 87.32502 
1786049989.762 0.001296631 0.005779014 0.009287321 87.45071 
1786049989.817 0.001296795 0.006401426 0.01007406 87.57998 
1786049989.873 0.001296939 0.006851986 0.010973 87.6995 
1786049989.942 -0.003702904 0.004914149 0.009883189 87.83681 
1786049990.014 -0.003702745 0.002476361 0.01092932 87.98595 
1786049990.079 -0.003702619 0.002386442 0.009800813 88.11234 
1786049990.129 -0.00370252 0.003500073 0.009560378 88.21773 
1786049990.185 -0.003702427 0.001893157 0.009609641 88.32186 
1786049990.245 -0.003702342 0.005555212 0.01089183 88.42475 
1786049990.302 -0.003702262 0.006222871 0.009840244 88.52767 
1786049990.354 -0.003702196 0.005733619 0.01033066 88.61719 
1786049990.407 -0.003702139 0.006791439 0.01153848 88.70071 
1786049990.463 -0.003702083 0.004099424 0.01143462 88.78786 
1786049990.523 -0.003702028 0.005658713 0.01041029 88.87951 
1786049990.576 -0.003701984 0.005129245 0.01012059 88.9603 
1786049990.629 0.001298053 0.006045506 0.009593821 89.03256 
1786049990.686 0.00129809 0.003115015 0.01046229 89.11024 
1786049990.740 0.001298121 0.005003876 0.010798 89.18206 
1786049990.797 0.001298151 0.00346652 0.01006974 89.25458 
1786049990.848 0.001298173 0.003129158 0.01018187 89.31669 
1786049990.912 0.001298197 0.002728116 0.01001476 89.38617 
1786049990.979 0.001298218 0.002663375 0.01084609 89.45816 
1786049991.033 0.001298233 0.003817167 0.01076338 89.51487 
1786049991.083 0.001298244 0.001574844 0.01098308 89.56475 
1786049991.149 0.001298256 0.003317029 0.01052333 89.62154 
1786049991.215 0.006298266 0.005525631 0.01013262 89.67357 
1786049991.282 0.006298274 0.003982184 0.01138293 89.7262 
1786049991.336 0.01129828 0.01097752 0.01547249 89.76675 
1786049991.390 0.01629828 0.01420728 0.01712852 89.80343 
1786049991.447 0.01129829 0.01363626 0.0154107 89.83641 
1786049991.506 0.01129829 0.01317877 0.0146905 89.86739 
1786049991.560 0.01129829 0.01286172 0.01440672 89.89466 
1786049991.616 0.01129829 0.01263539 0.01574866 89.91959 
1786049991.677 0.01129829 0.01248863 0.01560408 89.94153 
1786049991.735 0.01129829 0.01239903 0.01492024 89.95967 
1786049991.791 0.01129829 0.01235316 0.01467847 89.97378 
1786049991.853 0.01129829 0.01232884 0.01613831 89.98622 
1786049991.914 0.01629829 0.01632094 0.01695886 89.99469 
1786049991.973 0.01629829 0.01631962 0.01731455 89.99894 
1786049992.031 0.01129829 0.01631957 0.01647033 90 
1786049992.085 0.01629829 0.01631957 0.01647033 90 
1786049992.136 0.01129829 0.01631957 0.01520033 90 
1786049992.189 0.01129829 0.01631957 0.01520033 90 
1786049992.246 0.01129829 0.01231957 0.01393034 90 
1786049992.296 0.01129829 0.01231957 0.01393034 90 
1786049992.347 0.01129829 0.01231957 0.01393034 90 
1786049992.398 0.01629829 0.01631957 0.01393034 90 
1786049992.448 0.01629829 0.01231957 0.01393034 90 
1786049992.498 0.01629829 0.01231957 0.01393034 90 
1786049992.551 0.01629829 0.01631957 0.01393034 90 
1786049992.600 0.01629829 0.01631957 0.01393034 90 
1786049992.656 0.01129829 0.01231957 0.01393034 90 
1786049992.708 0.01129829 0.01631957 0.01393034 90 
1786049992.759 0.01129829 0.01631957 0.01266034 90 
1786049992.812 0.01129829 0.01231957 0.01266034 90 
1786049992.861 0.01129829 0.01231957 0.01266034 90 
1786049992.913 0.01129829 0.01231957 0.01393034 90 
1786049992.965 0.01129829 0.01231957 0.01266034 90 
1786049993.014 0.01129829 0.01231957 0.01266034 90 
1786049993.066 0.01129829 0.01631957 0.01393034 90 
1786049993.118 0.01629829 0.01631957 0.01393034 90 
1786049993.167 0.01629829 0.01631957 0.01266034 90 
1786049993.222 0.01129829 0.01231957 0.01266034 90 
1786049993.275 0.01129829 0.01631957 0.01266034 90 
1786049993.324 0.01129829 0.01231957 0.01266034 90 
1786049993.378 0.01129829 0.01231957 0.01266034 90 
1786049993.430 0.01129829 0.01231957 0.01139034 90 
1786049993.484 0.01129829 0.01231957 0.01266034 90 
1786049993.540 0.01129829 0.01231957 0.01139034 90 
1786049993.595 0.01129829 0.01231957 0.01139034 90 
1786049993.644 0.01129829 0.01231957 0.01139034 90 
1786049993.703 0.01129829 0.01231957 0.01139034 90 
1786049993.757 0.01129829 0.01231957 0.01266034 90 
1786049993.806 0.01129829 0.01231957 0.01139034 90 
1786049993.857 0.01129829 0.01231957 0.01139034 90 
1786049993.911 0.01129829 0.01231957 0.01139034 90 
1786049993.963 0.01129829 0.01231957 0.01139034 90 
1786049994.016 0.01129829 0.01231957 0.01139034 90 
1786049994.073 0.01129829 0.01231957 0.01139034 90 
1786049994.127 0.01129829 0.01231957 0.01139034 90 
1786049994.178 0.006298293 0.01231957 0.01139034 90 
1786049994.227 0.01129829 0.008319566 0.01139034 90 
1786049994.277 0.01129829 0.008319566 0.01139407 90 
1786049994.333 0.01129829 0.00831967 0.01066398 89.99854 
1786049994.402 0.006298293 0.008321935 0.009790949 89.99281 
1786049994.458 0.006298293 0.008332677 0.01165859 89.98362 
1786049994.514 0.006298293 0.008357457 0.01109014 89.97216 
1786049994.578 0.006298292 0.008418503 0.0110091 89.95471 
1786049994.632 0.006298292 0.004513559 0.009840867 89.93699 
1786049994.682 0.006298291 0.004651441 0.01053376 89.91758 
1786049994.745 0.00129829 0.004900512 0.00974378 89.89095 
1786049994.807 0.006298288 0.005276077 0.009884707 89.86009 
1786049994.859 0.006298286 0.009720954 0.0108843 89.83063 
1786049994.915 0.006298282 0.006343277 0.01163031 89.79649 
1786049994.985 0.01129828 0.01133689 0.01078065 89.75151 
1786049995.044 0.006298271 0.008524698 0.01050032 89.70664 
1786049995.101 0.01129826 0.009923118 0.01130593 89.66134 
1786049995.153 0.006298255 0.01151207 0.01063797 89.61633 
1786049995.204 0.006298245 0.005378037 0.0103365 89.56941 
1786049995.260 0.006298233 0.007677734 0.009485401 89.51784 
1786049995.314 0.006298219 0.006389778 0.009169483 89.46232 
1786049995.370 0.0112982 0.009687628 0.01054549 89.40377 
1786049995.422 0.006298183 0.009312922 0.009671492 89.34452 
1786049995.479 0.00629816 0.0097311 0.009103564 89.27879 
1786049995.536 0.006298133 0.01090962 0.008995297 89.20869 
1786049995.592 0.006298102 0.008841962 0.009288082 89.13535 
1786049995.646 -0.003701932 0.003220679 0.006014823 89.06294 
1786049995.704 -0.00870197 -0.001458546 0.005434361 88.98611 
1786049995.760 -0.008702015 -0.004921845 0.005325015 88.90337 
1786049995.813 -0.01370206 -0.007518102 0.004622763 88.81883 
1786049995.871 -0.01370212 -0.00902845 0.004948937 88.7312 
1786049995.940 -0.008702189 -0.007607166 0.005385061 88.62718 
1786049996.002 -0.008702271 -0.008038598 0.003544963 88.51567 
1786049996.053 -0.01370234 -0.009897484 0.004100411 88.42115 
1786049996.109 -0.008702427 -0.006106843 0.004529644 88.32191 
1786049996.168 -0.008702525 -0.007511337 0.004450453 88.21207 
1786049996.228 -0.008702628 -0.007815062 0.004541165 88.10259 
1786049996.280 -0.008702738 -0.006705658 0.00520629 87.99201 
1786049996.335 -0.01370285 -0.008603714 0.005415455 87.88236 
1786049996.390 -0.008702979 -0.008692339 0.005384258 87.76976 
1786049996.451 -0.008703133 -0.00738421 0.004967534 87.63903 
1786049996.504 -0.01370328 -0.007296132 0.005273752 87.51796 
1786049996.557 -0.008703438 -0.009089698 0.005318915 87.39856 
1786049996.614 -0.008703614 -0.007415993 0.005822188 87.26924 
1786049996.672 -0.0137038 -0.007233892 0.005416263 87.13438 
1786049996.724 -0.008704003 -0.00913883 0.006131624 87.00367 
1786049996.778 -0.008704209 -0.009919041 0.006536837 86.87251 
1786049996.838 -0.01370446 -0.0104089 0.005776385 86.72066 
1786049996.895 -0.008704706 -0.01007507 0.005218218 86.5731 
1786049996.951 -0.008704966 -0.009280661 0.005811141 86.43023 
1786049997.002 -0.008705237 -0.009439206 0.006061079 86.28449 
1786049997.063 -0.008705547 -0.01022211 0.005883648 86.12473 
1786049997.127 -0.008705901 -0.01069826 0.005305154 85.95017 
1786049997.180 -0.008706247 -0.008605808 0.005826253 85.78634 
1786049997.236 -0.008706607 -0.007773548 0.005230666 85.61916 
1786049997.297 -0.008707003 -0.008247811 0.004800276 85.44889 
1786049997.362 -0.008707467 -0.007706224 0.005297708 85.25375 
1786049997.425 -0.00870796 -0.009480577 0.0054737 85.05448 
1786049997.477 -0.008708409 -0.00778361 0.0058337 84.87682 
1786049997.529 -0.008708863 -0.008922296 0.005428194 84.70906 
1786049997.587 -0.008709341 -0.005718462 0.005240802 84.53522 
1786049997.643 -0.0087099 -0.006908933 0.005807849 84.33839 
1786049997.696 -0.008710428 -0.008111426 0.005040223 84.15519 
1786049997.748 -0.008710981 -0.006379796 0.005920373 83.97263 
1786049997.807 -0.008711605 -0.009290782 0.004773996 83.77657 
1786049997.862 -0.008712248 -0.006506683 0.006697661 83.57746 
1786049997.918 -0.008712934 -0.007495028 0.006503236 83.37156 
1786049997.972 -0.008713627 -0.007128699 0.005649316 83.16981 
1786049998.032 -0.008714379 -0.009013646 0.006211143 82.95385 
1786049998.090 -0.008715179 -0.006688718 0.004998206 82.73807 
1786049998.140 -0.008715943 -0.008750404 0.006525234 82.53477 
1786049998.196 -0.00871677 -0.006846007 0.006900089 82.32076 
1786049998.268 -0.00871789 -0.008979595 0.005898384 82.04004 
1786049998.330 -0.008718918 -0.008688205 0.005999246 81.79065 
1786049998.380 -0.008719817 -0.004991977 0.005977047 81.57862 
1786049998.435 -0.008720787 -0.00818348 0.006763528 81.35138 
1786049998.497 -0.008721948 -0.009878616 0.005996713 81.09584 
1786049998.562 -0.008723122 -0.009767573 0.004959662 80.8409 
1786049998.621 -0.008724366 -0.008109111 0.006127393 80.57786 
1786049998.673 -0.003725534 -0.008983969 0.005652597 80.33324 
1786049998.726 -0.008726678 -0.01021733 0.004579686 80.10319 
1786049998.778 -0.00872791 -0.007263315 0.006769944 79.86605 
1786049998.831 -0.008729139 -0.008656389 0.007270195 79.63059 
1786049998.884 -0.008730434 -0.005185931 0.006384148 79.3878 
1786049998.939 -0.008731801 -0.008177088 0.006137275 79.13752 
1786049998.999 -0.008733349 -0.003419836 0.0060801 78.85616 
1786049999.053 -0.008734873 -0.009552962 0.006195263 78.59494 
1786049999.102 -0.008736278 -0.009038371 0.006042695 78.35489 
1786049999.161 -0.008737935 -0.004678732 0.004904368 78.07818 
1786049999.215 -0.008739589 -0.008838769 0.005315132 77.80812 
1786049999.265 -0.00374114 -0.008500413 0.006265421 77.55994 
1786049999.320 -0.008742869 -0.00639682 0.006489491 77.28919 
1786049999.379 -0.008744821 -0.009536109 0.006439866 76.98995 
1786049999.435 -0.008746702 -0.006242351 0.004955437 76.70778 
1786049999.484 -0.008748536 -0.007936195 0.006751241 76.43843 
1786049999.545 -0.008750684 -0.005727101 0.005959944 76.12934 
1786049999.610 -0.003753058 -0.008428313 0.005420669 75.79558 
1786049999.668 -0.008755397 -0.005721022 0.005912603 75.47397 
1786049999.725 -0.003757691 -0.007508066 0.007283703 75.16511 
1786049999.800 -0.008760735 -0.0101509 0.006292007 74.76483 
1786049999.869 -0.003763724 -0.007377356 0.007129633 74.3816 
1786049999.939 -0.008766869 -0.006694981 0.006835564 73.9878 
1786050000.011 -0.008769989 -0.006870858 0.004977422 73.60637 
1786050000.069 -0.00877312 -0.004872728 0.006795478 73.23212 
1786050000.133 -0.008776305 -0.008457271 0.006101113 72.8595 
1786050000.191 -0.008779178 -0.00780829 0.005554226 72.52992 
1786050000.250 -0.0087824 -0.004544548 0.006178378 72.1676 
1786050000.304 -0.008785388 -0.005756386 0.005478158 71.8377 
1786050000.365 -0.008788684 -0.004238405 0.005752949 71.48032 
1786050000.426 -0.003792134 -0.005448595 0.006069174 71.11351 
1786050000.482 -0.008795623 -0.007018973 0.002324899 70.74851 
1786050000.534 -0.008798842 -0.008350849 0.007571718 70.41881 
1786050000.591 -0.00380233 -0.006155059 0.006869582 70.06675 
1786050000.662 -0.003806493 -0.006965941 0.004757064 69.65416 
1786050000.719 -0.008810716 -0.008587868 0.005568911 69.24387 
1786050000.772 -0.008814237 -0.006912246 0.006617814 68.90106 
1786050000.834 -0.003818404 -0.008233384 0.005825559 68.51599 
1786050000.897 -0.008823045 -0.005939228 0.006889862 68.08797 
1786050000.961 -0.008827224 -0.005481765 0.004439445 67.70183 
1786050001.029 -0.003832501 -0.007939114 0.006905158 67.239 
1786050001.083 -0.003836994 -0.005725094 0.005987905 66.84611 
1786050001.140 -0.00384168 -0.006754587 0.007175755 66.4429 
1786050001.207 -0.003846897 -0.006511341 0.005182327 66.00149 
1786050001.276 -0.003852678 -0.006316442 0.005315664 65.52092 
1786050001.338 -0.008857928 -0.00770024 0.005238035 65.09234 
1786050001.400 -0.008863399 -0.002821153 0.005459014 64.65268 
1786050001.456 -0.003868734 -0.007971933 0.006168415 64.23112 
1786050001.511 -0.008873634 -0.004059881 0.002676947 63.84143 
1786050001.574 -0.003879594 -0.005762222 0.004668451 63.39139 
1786050001.642 -0.003886194 -0.005235101 0.005927516 62.89326 
1786050001.726 -0.00889388 -0.009281308 0.004246095 62.32312 
1786050001.820 -0.003903358 -0.003259156 0.005829721 61.62748 
1786050001.898 -0.003912434 -0.005788028 0.00486546 60.98993 
1786050001.962 -0.008919634 -0.006683065 0.00552288 60.48759 
1786050002.030 -0.008926837 -0.003108153 0.003386373 59.99262 
1786050002.099 -0.003934371 -0.0001654549 0.004476992 59.48264 
1786050002.168 -0.003942247 -3.226113e-05 0.003658975 58.95738 
1786050002.228 -0.003948864 -0.004264468 0.001395626 58.52235 
1786050002.286 -0.003955679 -0.002528977 0.003528997 58.08012 
1786050002.350 -0.003963405 -0.004599336 0.001061298 57.57764 
1786050002.416 -0.003970878 -0.007899318 -0.0003976746 57.11227 
1786050002.471 -0.008977601 -0.007885834 -0.001576028 56.69244 
1786050002.531 -0.00398501 -0.008838753 -0.0008628401 56.22756 
1786050002.588 -0.003992014 -0.007614298 -0.001348447 55.80005 
1786050002.643 -0.008999095 -0.006817164 -0.003244534 55.3726 
1786050002.696 -0.009005622 -0.00423155 -0.002613518 54.98999 
1786050002.755 -0.004013105 -0.002741192 -0.004768316 54.54 
1786050002.812 -0.004020412 -0.003607442 -0.004602907 54.12005 
1786050002.864 -0.004027404 -0.004215322 -0.002216826 53.71502 
1786050002.920 -0.004034463 9.619042e-05 -0.004235779 53.31006 
1786050002.981 -0.004042519 -0.001355692 -0.003716988 52.85259 
1786050003.052 -0.004051734 -0.001386981 -0.004585686 52.32751 
1786050003.105 -0.004059293 -0.001771795 -0.004195991 51.91492 
1786050003.164 -0.004067334 -0.002145095 -0.004560305 51.47259 
1786050003.231 -0.004076144 -0.005028212 -0.005180859 50.98497 
1786050003.291 -0.004084767 -0.0006736817 -0.003993305 50.52774 
1786050003.360 -0.004093898 -0.0006946558 -0.006421098 50.03963 
1786050003.425 -0.004103408 -0.004426619 -0.005582761 49.53745 
1786050003.478 -0.004111576 -0.004459419 -0.005261208 49.11015 
1786050003.535 -0.004119234 -0.001849756 -0.005845413 48.7051 
1786050003.591 -0.004127831 -0.004019245 -0.005932815 48.26254 
1786050003.649 -0.004136207 -0.0002821688 -0.005002272 47.84272 
1786050003.699 -0.004143909 -0.005323602 -0.005581761 47.45254 
1786050003.752 -0.009151668 -0.00741584 -0.007321056 47.06244 
1786050003.810 -0.004159786 -0.008174617 -0.006307011 46.64993 
1786050003.863 -0.004168269 -0.008843059 -0.006546262 46.23754 
1786050003.917 -0.009176664 -0.005503648 -0.00558556 45.82517 
1786050003.969 -0.004184813 -0.005184339 -0.004906512 45.42758 
1786050004.032 -0.004194108 -0.006044221 -0.006603144 44.97754 
1786050004.092 -0.004203162 -0.0007798793 -0.006264581 44.54251 
1786050004.144 -0.004212127 -0.00469397 -0.006420987 44.11495 
1786050004.197 -0.004220362 -0.003945667 -0.00571291 43.7251 
1786050004.267 -0.004231372 -0.009182762 -0.006517087 43.20739 
1786050004.331 -0.004241506 -0.005617767 -0.006787506 42.73503 
1786050004.387 -0.009250255 -0.006774391 -0.006886348 42.32998 
1786050004.439 -0.004259551 -0.003399187 -0.005806029 41.90259 
1786050004.496 -0.004268744 -0.003555874 -0.0064581 41.48256 
1786050004.563 -0.004279324 -0.002902906 -0.006509926 41.0028 
1786050004.619 -0.009288979 -0.006923897 -0.006981332 40.5674 
1786050004.671 -0.004298025 -0.003304313 -0.005329824 40.16266 
1786050004.723 -0.004306787 -0.005899841 -0.006142756 39.77264 
1786050004.777 -0.009315769 -0.00653108 -0.00697878 39.37517 
1786050004.829 -0.009324631 -0.006008159 -0.00679353 38.98507 
1786050004.879 -0.00433337 -0.004951221 -0.00625631 38.60243 
1786050004.935 -0.009342847 -0.006993776 -0.00699381 38.19001 
1786050004.992 -0.00435203 -0.005126131 -0.006212775 37.79244 
1786050005.044 -0.004361962 -0.004334233 -0.005835958 37.36491 
1786050005.095 -0.009370896 -0.002015015 -0.006030199 36.98263 
1786050005.153 -0.009380935 -0.0007786532 -0.007213621 36.55513 
1786050005.210 -0.004390496 -0.00663677 -0.006860394 36.15008 
1786050005.260 -0.009400107 -0.007040324 -0.005478879 35.74509 
1786050005.314 -0.004409588 -0.008331475 -0.00710555 35.3475 
1786050005.376 -0.004420558 -0.00525727 -0.00683744 34.89013 
1786050005.429 -0.004429958 -0.002050312 -0.006068299 34.50009 
1786050005.481 -0.009439948 -0.002114966 -0.005347295 34.08757 
1786050005.550 -0.004451634 -0.002248379 -0.006782261 33.60007 
1786050005.610 -0.004462833 -0.003399749 -0.006417339 33.15003 
1786050005.665 -0.00447298 -0.001338015 -0.006558041 32.73752 
1786050005.719 -0.004483733 -0.003825325 -0.005417511 32.3026 
1786050005.779 -0.00449435 -0.008431927 -0.007205213 31.86738 
1786050005.838 -0.009505204 -0.007276756 -0.006915715 31.43217 
1786050005.901 -0.004517239 -0.004480268 -0.005779123 30.96009 
1786050005.953 -0.00452782 -0.003679455 -0.006218327 30.54009 
1786050006.003 -0.004537116 -0.000290246 -0.006554575 30.17262 
1786050006.057 -0.004547019 -0.0009510558 -0.006508874 29.78254 
1786050006.112 -0.004557536 -0.0004646964 -0.005820171 29.37004 
1786050006.164 -0.00456771 -0.005297992 -0.005679663 28.97273 
1786050006.221 -0.004578503 -0.004017064 -0.006059559 28.54499 
1786050006.280 -0.004589921 -0.003400227 -0.007420047 28.11004 
1786050006.333 -0.009600412 -0.003677046 -0.006616821 27.70504 
1786050006.383 -0.009610161 -0.004428133 -0.006680509 27.3225 
1786050006.439 -0.004620923 -0.002308317 -0.006846778 26.91741 
1786050006.503 -0.009633496 -0.005075105 -0.006832895 26.43749 
1786050006.558 -0.004644343 -0.005500881 -0.007167641 26.02515 
1786050006.609 -0.004654831 -0.006353402 -0.006685329 25.62754 
1786050006.669 -0.009666548 -0.008584282 -0.006804699 25.1849 
1786050006.730 -0.004678108 -0.004806728 -0.00752479 24.74992 
1786050006.783 -0.004689308 -0.005812929 -0.006284617 24.33007 
1786050006.835 -0.004699942 0.001134677 -0.007057674 23.93258 
1786050006.892 -0.004711214 -0.00215553 -0.005955193 23.5126 
1786050006.955 -0.009723128 -0.002685283 -0.006834281 23.06995 
1786050007.008 -0.004734879 -0.006473823 -0.007183472 22.63491 
1786050007.064 -0.004745852 -0.006636156 -0.00681994 22.23008 
1786050007.122 -0.004757878 -0.006820611 -0.006461571 21.78022 
1786050007.178 -0.004769327 -0.007203281 -0.006927221 21.36753 
1786050007.231 -0.004780194 -0.000739263 -0.006145863 20.96252 
1786050007.282 -0.004790883 -0.002478744 -0.006167486 20.5801 
1786050007.337 -0.004801805 -0.0009627402 -0.006584736 20.17494 
1786050007.391 -0.004812342 3.861451e-05 -0.006257244 19.79253 
1786050007.447 -0.004824564 -0.001839625 -0.006919509 19.35747 
1786050007.498 -0.004835571 -0.003674962 -0.006814486 18.96012 
1786050007.557 -0.004847646 -0.005448011 -0.006612159 18.52499 
1786050007.614 -0.004859334 -0.001170511 -0.005578177 18.10522 
1786050007.670 -0.004870841 0.0004634115 -0.006957357 17.68505 
1786050007.725 -0.004882794 -0.0006664809 -0.006978526 17.26498 
1786050007.781 -0.004894144 -0.001052641 -0.005895734 16.86004 
1786050007.839 -0.00490615 -0.003974958 -0.007353223 16.43258 
1786050007.893 -0.004918183 -0.005845605 -0.006888948 16.00506 
1786050007.950 -0.00493003 -0.003238663 -0.006928629 15.58497 
1786050008.019 -0.004944236 -0.00211684 -0.007204042 15.08231 
1786050008.083 -0.004956986 0.0009997395 -0.006363054 14.63261 
1786050008.137 -0.00496955 -0.003593891 -0.007017669 14.19011 
1786050008.193 -0.004981924 -0.004283027 -0.006992451 13.75509 
1786050008.251 -0.004994321 -0.00457585 -0.007146704 13.32015 
1786050008.314 -0.005006312 -0.01047022 -0.007200783 12.89998 
1786050008.370 -0.005019182 -0.004518708 -0.008124027 12.45011 
1786050008.426 -0.005031644 -0.004442426 -0.006621585 12.00755 
1786050008.477 -0.005043049 -0.002176127 -0.006691127 11.61747 
1786050008.532 -0.005054687 -0.003613482 -0.00751809 11.21251 
1786050008.583 -0.005065908 -0.008421181 -0.006804109 10.82259 
1786050008.636 -0.005077145 -0.006438259 -0.006717936 10.4327 
1786050008.690 -0.005088828 -0.007070438 -0.006614999 10.02767 
1786050008.753 -0.005102044 -0.005694923 -0.006958013 9.56249 
1786050008.806 -0.005113975 -0.004469936 -0.007762117 9.157575 
1786050008.858 -0.005125485 -0.006194049 -0.006651396 8.760031 
1786050008.913 -0.005137225 -0.004023641 -0.007075834 8.355024 
1786050008.975 -0.005149412 -0.008351494 -0.007943462 7.934906 
1786050009.030 -0.005162484 -0.007779842 -0.007769839 7.48508 
1786050009.080 -0.005173824 -0.005993905 -0.007570307 7.095052 
1786050009.138 -0.005186266 -0.005854071 -0.007834583 6.667544 
1786050009.200 -0.005199592 -0.00467425 -0.007623636 6.210159 
1786050009.252 -0.005211399 -0.001712966 -0.006539089 5.805078 
1786050009.310 -0.005223652 -0.005523839 -0.007157596 5.384918 
1786050009.368 -0.005236352 -0.006219948 -0.007709088 4.942573 
1786050009.427 -0.005248841 -0.00684507 -0.006750214 4.522509 
1786050009.479 -0.005261118 -0.00611108 -0.006464242 4.102597 
1786050009.533 -0.005272743 -0.005849966 -0.00735595 3.705091 
1786050009.589 -0.005285032 -0.006831904 -0.00752168 3.284983 
1786050009.650 -0.0002982048 -0.003076982 -0.007654604 2.835022 
1786050009.700 -0.005309625 -0.005958846 -0.007414659 2.445095 
1786050009.753 -0.005321268 -0.006244366 -0.007820398 2.047755 
1786050009.809 -0.005333134 -0.008006378 -0.007209259 1.642538 
1786050009.862 -0.005344563 -0.009267621 -0.007933566 1.252595 
1786050009.917 -0.005357093 -0.00428064 -0.007724874 0.8250414 
1786050009.970 -0.0003689643 -0.001001007 -0.007220636 0.4200549 
1786050010.029 -0.000381496 -0.003636213 -0.007495099 -0.007324308 
1786050010.082 -0.0003931482 -0.006226143 -0.00691559 -0.4124519 
1786050010.134 -0.0004050197 -0.01094014 -0.007796704 -0.8100081 
1786050010.192 -0.0004173296 -0.003921372 -0.007744827 -1.229971 
1786050010.260 -0.0004311759 -0.007473814 -0.008123407 -1.702572 
1786050010.326 -0.0004458976 -0.007840153 -0.007863857 -2.212402 
1786050010.376 0.004541802 -0.002537219 -0.007536727 -2.624968 
1786050010.430 0.004529944 -0.001884166 -0.008896381 -3.02997 
1786050010.489 0.004517652 -0.006251384 -0.008443647 -3.457315 
1786050010.558 0.004502952 -0.002850181 -0.008441741 -3.952245 
1786050010.613 0.004490454 -0.007794519 -0.008332631 -4.380023 
1786050010.667 0.004477962 -0.006102662 -0.009519023 -4.807417 
1786050010.725 0.004465916 -0.005536591 -0.009418916 -5.220305 
1786050010.780 0.00445366 -0.0006969719 -0.008410203 -5.639906 
1786050010.833 0.004441631 -0.003306197 -0.008694551 -6.052571 
1786050010.886 0.004430485 -0.006562289 -0.009185059 -6.434942 
1786050010.941 0.004418037 -0.005278399 -0.008166328 -6.862424 
1786050011.001 0.004405601 -0.006128267 -0.008367315 -7.289881 
1786050011.054 0.004393612 -0.004463386 -0.008665124 -7.702375 
1786050011.104 0.004382724 -0.0008805063 -0.008571315 -8.077505 
1786050011.163 0.004369888 -0.001462929 -0.009270037 -8.519938 
1786050011.220 0.004357284 -0.002356951 -0.00965171 -8.955067 
1786050011.273 0.004345997 -0.006704759 -0.008881131 -9.344747 
1786050011.325 0.004334506 -0.008081733 -0.008288196 -9.742454 
1786050011.394 0.004319783 -0.004179978 -0.008676104 -10.25226 
1786050011.453 0.004307244 -0.005359181 -0.009273269 -10.68735 
1786050011.504 0.004296017 -0.003983289 -0.009196685 -11.08501 
1786050011.556 0.004284805 0.0001243156 -0.008834609 -11.46747 
1786050011.619 0.004271242 -0.005559274 -0.008230449 -11.94013 
1786050011.683 0.004258777 -0.008809583 -0.009308816 -12.37507 
1786050011.733 -0.0007534536 -0.00896716 -0.0102502 -12.80249 
1786050011.788 -0.0007652352 -0.006833943 -0.00939663 -13.21485 
1786050011.854 -0.0007791333 -0.004495038 -0.009415686 -13.71007 
1786050011.914 -0.0007908708 -0.002804802 -0.008492451 -14.11499 
1786050011.974 -0.005804502 -0.007404699 -0.009273284 -14.59492 
1786050012.025 -0.005815556 -0.004310866 -0.009124477 -14.985 
1786050012.077 -0.005826801 -0.00857413 -0.009067902 -15.38253 
1786050012.133 -0.0008384486 -0.008122274 -0.009915561 -15.79496 
1786050012.183 -0.0008492275 -0.005490163 -0.01040452 -16.17749 
1786050012.236 -0.0008604071 -0.006349084 -0.01046945 -16.57493 
1786050012.291 -0.005871774 -0.003452784 -0.009651934 -16.97997 
1786050012.354 -0.005884375 -0.008840078 -0.009363561 -17.43005 
1786050012.409 -0.0008965263 -0.004080138 -0.009800523 -17.86504 
1786050012.459 -0.0009071867 -0.008094114 -0.009333394 -18.24748 
1786050012.517 -0.0009190735 -0.005881863 -0.01030931 -18.67494 
1786050012.584 -0.0009325921 -0.004028655 -0.01002978 -19.16249 
1786050012.641 -0.0009442069 -0.005768426 -0.01022642 -19.58239 
1786050012.692 -0.0009555848 -0.004742548 -0.009762353 -19.99492 
1786050012.748 -0.005966727 -0.00475668 -0.01028371 -20.39998 
1786050012.812 -0.0009794836 -0.004409596 -0.009414427 -20.8649 
1786050012.874 -0.0009924057 -0.008475596 -0.009273276 -21.33749 
1786050012.925 -0.001003449 -0.007414951 -0.01117614 -21.74245 
1786050012.977 -0.001013646 -0.003872426 -0.01040841 -22.11734 
1786050013.040 -0.001025644 -0.004432886 -0.01053942 -22.56745 
1786050013.101 -0.001038615 -0.003107667 -0.009565889 -23.04743 
1786050013.154 -0.001049927 -0.002669951 -0.01073767 -23.45999 
1786050013.209 -0.001060198 -0.005095817 -0.01002911 -23.84237 
1786050013.264 -0.001071842 -0.009313845 -0.01104284 -24.27735 
1786050013.325 -0.001083446 -0.009134041 -0.00986115 -24.7124 
1786050013.378 -0.001094611 -0.004707525 -0.01017501 -25.13996 
1786050013.430 -0.001104746 -0.005042608 -0.01041609 -25.51497 
1786050013.486 -0.001116035 -0.004943692 -0.01054978 -25.9423 
1786050013.542 -0.001126299 -0.004787511 -0.01102223 -26.33262 
1786050013.597 -0.001137902 -0.004752539 -0.009783998 -26.77506 
1786050013.649 -0.001148091 -0.006778499 -0.01069474 -27.16493 
1786050013.706 -0.001159024 -0.00670511 -0.009854129 -27.58531 
1786050013.759 -0.001169333 -0.005842658 -0.01026844 -27.99028 
1786050013.810 -0.001179604 -0.008224335 -0.01030931 -28.3799 
1786050013.864 -0.001189837 -0.005944558 -0.01061773 -28.77753 
1786050013.926 -0.001201374 -0.006527271 -0.009108225 -29.22758 
1786050013.976 -0.001211523 -0.004207439 -0.0115362 -29.625 
1786050014.031 -0.001221822 -0.001165447 -0.0115665 -30.02989 
1786050014.087 -0.001232459 -0.005743385 -0.01087239 -30.44992 
1786050014.146 -0.001243238 -0.01101722 -0.009754135 -30.87741 
1786050014.196 -0.001253218 -0.008983157 -0.01166069 -31.28244 
1786050014.252 -0.00126353 -0.007770861 -0.01164504 -31.6949 
1786050014.308 -0.00127361 -0.006748754 -0.01086989 -32.10001 
1786050014.361 -0.001283461 -0.005072243 -0.01030335 -32.49 
1786050014.415 -0.001293821 -0.002351059 -0.01062046 -32.90993 
1786050014.466 -0.001303398 -0.005350327 -0.01062914 -33.30001 
1786050014.525 -0.00131348 -0.00371145 -0.01040449 -33.7125 
1786050014.577 -0.001323697 -0.008542898 -0.01073856 -34.13254 
1786050014.627 -0.001332776 -0.0065977 -0.01080353 -34.50749 
1786050014.685 -0.001342535 -0.006682553 -0.01160162 -34.91248 
1786050014.743 -0.001353143 -0.004672133 -0.01108 -35.35527 
1786050014.797 -0.001363158 -0.003918231 -0.01092148 -35.77501 
1786050014.851 -0.001372766 -0.001018983 -0.01072393 -36.17987 
1786050014.911 -0.00138303 -0.004742339 -0.01057328 -36.61495 
1786050014.972 -0.001393236 -0.003493614 -0.01129361 -37.04985 
1786050015.023 -0.00140321 -0.006705819 -0.01138026 -37.47757 
1786050015.077 -0.001412432 -0.005333627 -0.01265825 -37.87488 
1786050015.137 -0.001422295 -0.008659601 -0.01143836 -38.31012 
1786050015.202 -0.001433129 -0.00847902 -0.01049787 -38.77497 
1786050015.254 -0.00144304 -0.007641055 -0.01125845 -39.20992 
1786050015.309 -0.001452212 -0.003848578 -0.01192795 -39.61499 
1786050015.369 -0.001462173 -0.005538807 -0.01141366 -40.05743 
1786050015.432 -0.001472069 -0.003542061 -0.0103036 -40.49996 
1786050015.483 -0.001481568 -0.005412873 -0.01062932 -40.92757 
1786050015.539 -0.001490675 -0.006026318 -0.01214897 -41.33991 
1786050015.594 -0.001499397 -0.0082796 -0.009607555 -41.73748 
1786050015.649 -0.001508554 -0.007414317 -0.01167451 -42.15739 
1786050015.700 -0.001517165 -0.006892361 -0.01242907 -42.56244 
1786050015.755 -0.001525882 -0.00735402 -0.01066695 -42.96736 
1786050015.812 -0.001534861 -0.003148003 -0.01091109 -43.37998 
1786050015.870 -0.001543461 -0.004673466 -0.01069298 -43.78528 
1786050015.924 -0.001552948 -0.004712334 -0.009765716 -44.23479 
1786050015.975 -0.001560956 -0.0033939 -0.01142897 -44.62494 
1786050016.034 -0.001569843 -0.006041349 -0.01098353 -45.04503 
1786050016.092 -0.001578664 -0.009325974 -0.01045544 -45.47254 
1786050016.145 -0.001587266 -0.006564376 -0.01134838 -45.89248 
1786050016.197 -0.001595195 -0.008223002 -0.01203578 -46.28246 
1786050016.263 -0.001604726 -0.003937243 -0.01123537 -46.75495 
1786050016.330 -0.001614472 -0.00652142 -0.008293228 -47.24997 
1786050016.385 -0.001623094 4.330722e-05 -0.01198765 -47.67745 
1786050016.437 -0.001631056 0.0007648082 -0.01107384 -48.08243 
1786050016.495 -0.001639248 -0.002788482 -0.01136859 -48.50244 
1786050016.560 -0.00164766 -0.00407948 -0.01019609 -48.93771 
1786050016.621 -0.00165743 -0.006112221 -0.009829139 -49.44758 
1786050016.673 -0.001665117 -0.006063845 -0.01190405 -49.85244 
1786050016.724 -0.001672177 -0.005681678 -0.01076443 -50.22735 
1786050016.780 -0.00167974 -0.0106616 -0.01051735 -50.63994 
1786050016.832 -0.001687238 -0.005294794 -0.01138959 -51.03745 
1786050016.883 -0.001694396 -0.006111223 -0.01073048 -51.42752 
1786050016.938 -0.001701766 -0.004697386 -0.01041968 -51.83988 
1786050016.995 -0.001709069 -0.003775601 -0.00986528 -52.23741 
1786050017.051 -0.001716973 -0.002240905 -0.01078042 -52.67986 
1786050017.100 -0.001723609 -0.002881732 -0.01069629 -53.05493 
1786050017.155 -0.001730711 -0.002470309 -0.01154852 -53.45999 
1786050017.210 -0.001737487 -0.004466051 -0.01127613 -53.84986 
1786050017.262 -0.001744713 -0.008345744 -0.01130904 -54.26997 
1786050017.317 -0.001751612 -0.006766214 -0.01003434 -54.67506 
1786050017.381 -0.001759323 -0.01012175 -0.00891814 -55.14003 
1786050017.440 -0.001766573 -0.001463711 -0.009562626 -55.56752 
1786050017.495 -0.001773989 -0.005107864 -0.01155138 -56.01747 
1786050017.551 -0.001780711 -0.005193025 -0.01092232 -56.42991 
1786050017.618 -0.001788323 -0.003553319 -0.0112403 -56.91022 
1786050017.686 -0.001796549 -0.0004442982 -0.009648439 -57.42013 
1786050017.744 -0.001803608 -0.004181721 -0.01188424 -57.86991 
1786050017.797 -0.001809887 -0.005069749 -0.009846529 -58.28242 
1786050017.851 -0.001816094 -0.003590363 -0.01084323 -58.67995 
1786050017.909 -0.001822455 -0.004666966 -0.009831335 -59.09996 
1786050017.961 -0.001828405 -0.008450508 -0.009453882 -59.4975 
1786050018.019 -0.001834945 -0.007254922 -0.01139395 -59.93988 
1786050018.070 -0.001840421 -0.009574748 -0.009459939 -60.31492 
1786050018.129 -0.001846801 -0.003029652 -0.009955261 -60.75752 
1786050018.180 -0.001852458 -0.00663653 -0.01116202 -61.15497 
1786050018.231 -0.001857834 -0.003780167 -0.009484148 -61.53746 
1786050018.288 -0.001863455 -0.006327286 -0.01127048 -61.94996 
1786050018.347 -0.00186938 -0.006719607 -0.01006592 -62.37507 
1786050018.398 -0.001874879 -0.00457891 -0.008519568 -62.78245 
1786050018.449 -0.001879874 -0.006524565 -0.01037018 -63.15751 
1786050018.509 -0.001885341 -0.002406266 -0.006959099 -63.57362 
1786050018.574 -0.001891335 -0.005603011 -0.007397349 -64.03671 
1786050018.627 -0.001896457 -0.003477782 -0.008505818 -64.43875 
1786050018.681 -0.001901376 -0.003950331 -0.007766418 -64.83044 
1786050018.749 -0.001907136 -0.00733428 -0.008122837 -65.3036 
1786050018.812 -0.001912156 -0.005103679 -0.007459549 -65.70954 
1786050018.874 -0.001917628 -0.008021643 -0.00737584 -66.16739 
1786050018.927 -0.001922074 -0.006843624 -0.006492693 -66.5456 
1786050018.986 -0.001926497 -0.006218848 -0.007722929 -66.92749 
1786050019.045 -0.00193112 -0.00332758 -0.006694667 -67.33334 
1786050019.105 -0.001935625 -0.002918511 -0.005914239 -67.73564 
1786050019.157 -0.001939508 -0.003483501 -0.008443327 -68.09452 
1786050019.213 -0.001943302 -0.004733454 -0.005765072 -68.43743 
1786050019.268 -0.001947284 -0.004200092 -0.006944192 -68.81002 
1786050019.327 -0.0019513 -0.005115458 -0.006406268 -69.19223 
1786050019.378 -0.001954818 -0.005233604 -0.006028385 -69.53272 
1786050019.431 -0.00195806 -0.002077329 -0.006529213 -69.8513 
1786050019.487 -0.001961666 -0.001381476 -0.007232513 -70.21789 
1786050019.548 -0.00196536 0.0001420225 -0.00592902 -70.58732 
1786050019.602 -0.001968656 -0.002336984 -0.005658532 -70.93483 
1786050019.654 -0.001971752 0.0009723318 -0.00630746 -71.25436 
1786050019.710 -0.001974827 0.0002198918 -0.005678009 -71.58359 
1786050019.769 -0.001977987 -0.0003006041 -0.005068406 -71.92805 
1786050019.821 -0.00198106 -0.001372531 -0.004696399 -72.26889 
1786050019.877 -0.001983945 -0.002458799 -0.006138067 -72.59498 
1786050019.938 -0.001986802 -0.000819354 -0.005455406 -72.92376 
1786050020.000 -0.001990018 -0.002479597 -0.00344994 -73.30157 
1786050020.051 -0.001992611 -0.003334687 -0.005454463 -73.61218 
1786050020.105 -0.00199504 -0.003352479 -0.005798337 -73.90843 
1786050020.164 -0.001997718 -0.003874844 -0.003878677 -74.24152 
1786050020.221 0.002999902 -0.005432324 -0.003801199 -74.54337 
1786050020.275 0.002997421 -0.003623652 -0.005172418 -74.86395 
1786050020.333 0.002995016 -0.0003382414 -0.003661993 -75.18139 
1786050020.392 0.002992805 -0.001963116 -0.004246687 -75.47931 
1786050020.454 0.002990276 -0.002961856 -0.004232043 -75.82741 
1786050020.507 0.00298828 -0.001831942 -0.002680683 -76.10828 
1786050020.560 0.002986307 -0.001006578 -0.002559522 -76.39663 
1786050020.617 0.002984289 0.0004136572 -0.003284186 -76.68712 
1786050020.680 0.002982269 0.000712483 -0.001062895 -76.99497 
1786050020.743 0.002980219 -0.00223738 0.0001030656 -77.30426 
1786050020.797 0.002978337 -0.002739354 -0.0009163961 -77.59975 
1786050020.848 0.002976732 -0.0002033028 0.00077177 -77.85739 
1786050020.908 0.002975029 0.0009492178 0.004326679 -78.1366 
1786050020.967 0.002973442 0.0001568364 0.004558538 -78.40306 
1786050021.021 0.002971743 0.0006144272 0.005522941 -78.69496 
1786050021.074 0.007970345 0.00359988 0.006207688 -78.94082 
1786050021.147 0.00296861 0.002889367 0.008397579 -79.2538 
1786050021.223 0.00296661 0.0008148901 0.006952228 -79.62619 
1786050021.285 0.00296515 0.003806912 0.005925356 -79.90645 
1786050021.342 0.002963925 0.005633701 0.00711525 -80.14765 
1786050021.396 0.002962659 0.003513225 0.006660929 -80.40335 
1786050021.449 0.002961544 0.004350007 0.008577251 -80.63416 
1786050021.505 0.00296043 0.005151072 0.008403683 -80.87071 
1786050021.558 0.002959377 0.006283337 0.006788121 -81.10003 
1786050021.613 0.002958345 0.003394228 0.006357893 -81.33052 
1786050021.669 0.00295737 0.009507175 0.009095043 -81.55396 
1786050021.728 0.002956332 0.003911069 0.008094004 -81.7987 
1786050021.779 0.002955451 0.008017683 0.008490267 -82.01196 
1786050021.837 0.002954574 0.007567945 0.006776247 -82.23037 
1786050021.892 0.002953718 0.005994931 0.008566521 -82.45341 
1786050021.953 -0.00204716 0.006744558 0.009387607 -82.68082 
1786050022.008 -0.002047915 0.007022008 0.008520293 -82.88982 
1786050022.060 -0.002048665 0.00626053 0.007427988 -83.09563 
1786050022.118 -0.002049382 0.007187572 0.008654131 -83.30219 
1786050022.180 -0.002050139 0.007648836 0.009519686 -83.52717 
1786050022.235 -0.002050778 0.005717169 0.007815302 -83.72349 
1786050022.286 -0.002051366 0.006103347 0.009315874 -83.90992 
1786050022.347 -0.00205197 0.009403351 0.00920682 -84.11069 
1786050022.412 -0.002052623 0.006074989 0.01000426 -84.32824 
1786050022.470 -0.002053184 0.005172354 0.007199627 -84.52523 
1786050022.520 -0.002053662 0.008626206 0.009056463 -84.69921 
1786050022.583 -0.002054185 0.008508082 0.009325966 -84.89603 
1786050022.643 -0.002054671 0.005336695 0.00939903 -85.08578 
1786050022.700 0.002944892 0.00473088 0.009632367 -85.26292 
1786050022.753 -0.0020555 0.00358237 0.009768584 -85.42767 
1786050022.803 0.002944149 0.002693087 0.008420806 -85.58058 
1786050022.858 0.002943802 0.002089534 0.01060242 -85.73975 
1786050022.912 0.002943462 0.001851933 0.007293907 -85.89583 
1786050022.963 0.002943158 0.003941969 0.009602897 -86.04348 
1786050023.017 0.002942865 0.007928526 0.01017933 -86.19117 
1786050023.078 0.002942557 0.006575635 0.01059214 -86.35226 
1786050023.131 0.002942294 0.004991155 0.008935339 -86.49667 
1786050023.180 0.002942059 0.005857881 0.009802672 -86.63037 
1786050023.237 0.00294182 0.003370845 0.007618024 -86.77166 
1786050023.297 0.002941589 0.004271134 0.009776234 -86.9173 
1786050023.352 0.002941366 0.002134705 0.009041714 -87.05966 
1786050023.404 0.002941182 0.00520072 0.01001275 -87.18443 
1786050023.467 0.002940979 0.004104023 0.01081012 -87.32958 
1786050023.532 0.002940788 0.004555684 0.01027535 -87.47324 
1786050023.584 0.002940634 0.005970866 0.009159589 -87.5954 
1786050023.637 0.002940493 0.004777311 0.01019789 -87.71232 
1786050023.705 0.002940343 0.005588122 0.01037094 -87.8451 
1786050023.788 0.002940164 0.004130064 0.0107565 -88.01599 
1786050023.849 0.002940038 0.003675489 0.009907285 -88.14137 
1786050023.905 0.002939944 0.005800561 0.009518004 -88.24406 
1786050023.964 0.002939852 0.007306307 0.01139552 -88.34925 
1786050024.025 0.002939762 0.004829904 0.01052633 -88.46171 
1786050024.087 0.002939677 0.004799904 0.009676325 -88.57197 
1786050024.141 0.002939614 0.004721553 0.01024995 -88.66177 
1786050024.202 0.002939549 0.005272528 0.01046087 -88.75965 
1786050024.263 0.002939492 0.004086696 0.0110165 -88.85238 
1786050024.323 0.002939441 0.005839984 0.010865 -88.94293 
1786050024.377 0.002939401 0.005374496 0.01026851 -89.01859 
1786050024.436 0.002939362 0.004931962 0.01080248 -89.10088 
1786050024.500 0.002939325 0.007847345 0.01126096 -89.18336 
1786050024.563 -0.002060704 0.005548419 0.009909105 -89.25824 
1786050024.618 -0.00206073 0.006466444 0.009653621 -89.3295 
1786050024.676 -0.00206075 0.006351046 0.01082045 -89.3917 
1786050024.743 -0.002060771 0.006250381 0.01116774 -89.46127 
1786050024.814 -0.002060789 0.005793737 0.01114033 -89.53344 
1786050024.878 -0.002060803 0.008415854 0.0105718 -89.595 
1786050024.933 -0.002060813 0.006231814 0.01023864 -89.64382 
1786050024.990 -0.002060821 0.007767748 0.01102887 -89.69109 
1786050025.048 -0.002060827 0.004960941 0.01087392 -89.73353 
1786050025.105 -0.002060832 0.005923878 0.01180452 -89.77353 
1786050025.157 -0.002060836 0.006624743 0.01081543 -89.80842 
1786050025.218 -0.002060839 0.007184871 0.0109113 -89.84039 
1786050025.289 -0.002060841 0.007708027 0.01208646 -89.87897 
1786050025.345 0.002939157 0.007996219 0.01160282 -89.90582 
1786050025.406 0.002939156 0.004195651 0.01141718 -89.93082 
1786050025.463 0.002939155 0.004310819 0.01052936 -89.9507 
1786050025.528 0.002939155 0.004381845 0.01108646 -89.96875 
1786050025.603 0.002939155 0.004417295 0.01118376 -89.98418 
1786050025.684 0.002939155 0.004428336 0.0114441 -89.995 
1786050025.753 0.002939155 0.004429551 0.01089195 -89.99966 
1786050025.815 0.002939155 0.004429558 0.01139034 -90 
1786050025.879 0.002939155 0.004429558 0.01012034 -90 
1786050025.938 0.002939155 0.004429558 0.01012034 -90 
1786050025.992 0.002939155 0.004429558 0.01012034 -90 
1786050026.044 0.002939155 0.004429558 0.01012034 -90 
1786050026.100 0.002939155 0.004429558 0.01012034 -90 
1786050026.158 0.002939155 0.004429558 0.01012034 -90 
1786050026.210 0.002939155 0.004429558 0.01012034 -90 
1786050026.264 0.002939155 0.004429558 0.01012034 -90 
1786050026.324 0.002939155 0.004429558 0.01012034 -90 
1786050026.379 0.002939155 0.004429558 0.01012034 -90 
1786050026.431 0.002939155 0.004429558 0.008850338 -90 
1786050026.485 0.002939155 0.004429558 0.01012034 -90 
1786050026.537 0.002939155 0.004429558 0.01012034 -90 
1786050026.588 0.002939155 0.004429558 0.01012034 -90 
1786050026.640 0.002939155 0.004429558 0.008850338 -90 
1786050026.692 0.002939155 0.004429558 0.008850338 -90 
1786050026.748 0.002939155 0.004429558 0.01012034 -90 
1786050026.802 0.002939155 0.004429558 0.01012034 -90 
1786050026.853 0.002939155 0.004429558 0.01012034 -90 
1786050026.911 0.002939155 0.004429558 0.008850338 -90 
1786050026.965 0.002939155 0.004429558 0.008850338 -90 
1786050027.015 -0.002060845 0.004429558 0.008850338 -90 
1786050027.066 -0.002060845 0.004429558 0.008850338 -90 
1786050027.119 -0.002060845 0.004429558 0.008850338 -90 
1786050027.169 -0.002060845 0.004429558 0.01012034 -90 
1786050027.221 -0.002060845 0.004429558 0.008850338 -90 
1786050027.277 -0.007060845 0.004429558 0.008850338 -90 
1786050027.333 -0.002060845 0.004429558 0.008850338 -90 
1786050027.383 -0.002060845 0.004429558 0.008850338 -90 
1786050027.436 -0.002060845 0.004429558 0.008850338 -90 
1786050027.487 -0.002060845 0.004429558 0.008850338 -90 
1786050027.538 -0.002060845 0.004429558 0.008850338 -90 
1786050027.591 -0.002060845 0.004429558 0.008850338 -90 
1786050027.640 -0.002060845 0.004429558 0.007580339 -90 
1786050027.695 -0.002060845 0.008429558 0.008850338 -90 
1786050027.745 -0.002060845 0.004429558 0.008850338 -90 
1786050027.799 -0.002060845 0.004429558 0.007580339 -90 
1786050027.853 -0.002060845 0.004429558 0.008850338 -90 
1786050027.903 -0.002060845 0.004429558 0.008850338 -90 
1786050027.952 -0.002060845 0.004429558 0.008850338 -90 
1786050028.007 -0.002060845 0.004429558 0.007580339 -90 
1786050028.058 -0.002060845 0.004429558 0.007580339 -90 
1786050028.109 -0.002060845 0.004429558 0.007580339 -90 
1786050028.168 -0.002060845 0.004429558 0.007580339 -90 
1786050028.219 -0.002060845 0.004429558 0.007580339 -90 
1786050028.268 -0.002060845 0.004429558 0.007580339 -90 
1786050028.327 -0.002060845 0.008429541 0.008277243 -89.99942 
1786050028.384 0.002939155 0.008428756 0.009935465 -89.99595 
1786050028.437 0.01793915 0.02442431 0.0160972 -89.98963 
1786050028.490 0.02293915 0.02441078 0.01826436 -89.9804 
1786050028.548 0.02293916 0.02837872 0.01926981 -89.96774 
1786050028.600 0.02793916 0.03231964 0.02167244 -89.95257 
1786050028.653 0.02793916 0.03222667 0.02164561 -89.93556 
1786050028.713 0.02293916 0.02806376 0.01830384 -89.91347 
1786050028.768 0.02293916 0.02781299 0.01802262 -89.88767 
1786050028.821 0.01793916 0.02347305 0.0162347 -89.86009 
1786050028.878 0.02293916 0.02700881 0.0161422 -89.82947 
1786050028.933 0.01793917 0.02238035 0.01624523 -89.7952 
1786050028.982 0.02293917 0.02566095 0.01697617 -89.76196 
1786050029.036 0.02293917 0.02470718 0.01656928 -89.72321 
1786050029.092 0.02293918 0.0234516 0.01790723 -89.68081 
1786050029.151 0.01793919 0.02187175 0.01527288 -89.63363 
1786050029.206 0.0129392 0.01601683 0.01172489 -89.58505 
1786050029.257 0.01293921 0.01383771 0.01208509 -89.53439 
1786050029.312 0.01793922 0.015312 0.01417611 -89.48183 
1786050029.375 0.01293924 0.01587389 0.01536549 -89.41788 
1786050029.428 0.01793926 0.02016003 0.01570194 -89.35589 
1786050029.481 0.01293928 0.01601851 0.01422534 -89.29195 
1786050029.543 0.01793931 0.01508448 0.01443793 -89.22499 
1786050029.615 0.01293935 0.01134852 0.01164646 -89.12747 
1786050029.676 0.002939388 0.003875573 0.008321941 -89.04505 
1786050029.729 -0.002060572 0.0003485087 0.0066615 -88.96752 
1786050029.783 -0.00706053 -0.007770355 0.00650117 -88.88995 
1786050029.846 -0.01206048 -0.01025029 0.004965186 -88.7972 
1786050029.905 -0.01206041 -0.01383787 0.005058708 -88.70234 
1786050029.960 -0.01206035 -0.01343466 0.005258931 -88.61223 
1786050030.013 -0.01206029 -0.01446459 0.005120834 -88.52076 
1786050030.070 -0.00706021 -0.008806088 0.005811835 -88.42469 
1786050030.129 -0.007060122 -0.01004732 0.006101307 -88.31642 
1786050030.180 -0.01206003 -0.01075095 0.00575038 -88.21773 
1786050030.233 -0.007059939 -0.01256486 0.005149605 -88.11813 
1786050030.288 -0.01205983 -0.01303087 0.0061186 -88.00997 
1786050030.347 -0.007059714 -0.01168203 0.006234288 -87.89671 
1786050030.398 -0.007059587 -0.0118094 0.006983359 -87.78243 
1786050030.452 -0.007059458 -0.01242665 0.006144357 -87.67151 
1786050030.509 -0.01205931 -0.01300307 0.005102317 -87.5491 
1786050030.565 -0.01205915 -0.01126029 0.005033923 -87.42584 
1786050030.617 -0.007058977 -0.01241201 0.005605108 -87.29721 
1786050030.678 -0.007058783 -0.01002784 0.00518237 -87.15826 
1786050030.739 -0.007058568 -0.01125343 0.006039892 -87.0134 
1786050030.815 -0.007058307 -0.01224432 0.005592323 -86.84997 
1786050030.882 -0.00705799 -0.008804821 0.00548221 -86.65886 
1786050030.938 -0.007057725 -0.01139482 0.005692864 -86.50726 
1786050030.989 -0.01205746 -0.009584638 0.006152105 -86.36313 
1786050031.047 -0.007057173 -0.008913692 0.00525959 -86.21046 
1786050031.103 -0.007056865 -0.0077207 0.006492219 -86.05478 
1786050031.158 -0.007056538 -0.01014807 0.006023908 -85.89591 
1786050031.215 -0.007056198 -0.01112511 0.005312238 -85.73675 
1786050031.271 -0.007055824 -0.01044751 0.006265128 -85.56876 
1786050031.335 -0.007055386 -0.01018313 0.006172697 -85.37921 
1786050031.388 -0.007054995 -0.008771907 0.006234263 -85.2167 
1786050031.440 -0.007054568 -0.01033054 0.006054247 -85.04511 
1786050031.492 -0.007054144 -0.007467266 0.005767027 -84.88004 
1786050031.554 -0.007053627 -0.01012243 0.005504197 -84.68617 
1786050031.609 -0.01205316 -0.009910349 0.006077989 -84.51207 
1786050031.660 -0.007052633 -0.01206233 0.006483326 -84.33166 
1786050031.721 -0.007052032 -0.01078815 0.006420629 -84.12782 
1786050031.792 -0.00705129 -0.008450686 0.005750246 -83.8855 
1786050031.859 -0.00705056 -0.01002137 0.005727752 -83.65253 
1786050031.922 -0.007049814 -0.01035499 0.005806098 -83.42957 
1786050031.975 -0.007049105 -0.009864476 0.005562363 -83.22138 
1786050032.037 -0.01204829 -0.008558021 0.006177688 -82.99127 
1786050032.095 -0.0070475 -0.008374894 0.005230934 -82.77231 
1786050032.157 -0.007046697 -0.0124744 0.006024772 -82.55412 
1786050032.210 -0.01204583 -0.01161923 0.006462132 -82.32852 
1786050032.264 -0.007044968 -0.007912231 0.005622704 -82.11563 
1786050032.319 -0.007044071 -0.01032428 0.005136699 -81.89156 
1786050032.375 -0.007043137 -0.009509693 0.006586881 -81.67276 
1786050032.428 -0.007042165 -0.007197709 0.007028439 -81.44679 
1786050032.480 -0.00704121 -0.01366913 0.005993333 -81.23039 
1786050032.536 -0.00704016 -0.01016707 0.005755922 -80.99853 
1786050032.591 -0.007039129 -0.01099612 0.005672 -80.77222 
1786050032.645 -0.007037956 -0.01107238 0.006013716 -80.53011 
1786050032.695 -0.007036867 -0.007119142 0.005300374 -80.30686 
1786050032.757 -0.007035559 -0.008929856 0.005233229 -80.04532 
1786050032.820 -0.007034175 -0.009272119 0.005709765 -79.77114 
1786050032.877 -0.007032686 -0.009624437 0.00631631 -79.49352 
1786050032.927 -0.007031415 -0.008272635 0.005760363 -79.25844 
1786050032.987 -0.007029919 -0.01005296 0.005860721 -78.98795 
1786050033.052 -0.007028339 -0.007744456 0.004701701 -78.70922 
1786050033.108 -0.007026615 -0.009009485 0.006354035 -78.41268 
1786050033.159 -0.007025088 -0.008653212 0.006834148 -78.15621 
1786050033.222 -0.007023329 -0.008603556 0.006526767 -77.86722 
1786050033.288 -0.007021254 -0.008873714 0.005517238 -77.53517 
1786050033.347 -0.007019357 -0.009396927 0.006154724 -77.23357 
1786050033.400 -0.007017529 -0.008356809 0.007108974 -76.95931 
1786050033.452 -0.007015746 -0.01158634 0.005605808 -76.68718 
1786050033.508 -0.007013837 -0.005548998 0.006293373 -76.40724 
1786050033.564 -0.007011831 -0.008594852 0.006650109 -76.12412 
1786050033.619 -0.007009609 -0.008873937 0.006287943 -75.81155 
1786050033.675 -0.007007472 -0.009112092 0.004780108 -75.51716 
1786050033.733 -0.002005147 -0.005191385 0.006785804 -75.20322 
1786050033.783 -0.007003041 -0.0114106 0.005846188 -74.92439 
1786050033.839 -0.007000704 -0.00971945 0.005878517 -74.62102 
1786050033.892 -0.001998386 -0.01233922 0.005178191 -74.32547 
1786050033.952 -0.001995775 -0.007086456 0.006898365 -73.99923 
1786050034.005 -0.006993271 -0.00918783 0.006448509 -73.69234 
1786050034.055 -0.006990794 -0.006341571 0.006740885 -73.39397 
1786050034.111 -0.001988151 -0.007176377 0.007678117 -73.08131 
1786050034.175 -0.006985026 -0.008050344 0.004744343 -72.71873 
1786050034.229 -0.001982118 -0.007301896 0.006205601 -72.38792 
1786050034.284 -0.001979129 -0.01015362 0.007164785 -72.05399 
1786050034.345 -0.00197589 -0.008763373 0.006133021 -71.69876 
1786050034.410 -0.00197227 -0.007064651 0.007181481 -71.3035 
1786050034.474 -0.001968419 -0.007571271 0.005366426 -70.90379 
1786050034.528 -0.001965056 -0.009899029 0.00749841 -70.5562 
1786050034.589 -0.001961479 -0.009177776 0.005966489 -70.19266 
1786050034.653 -0.001957482 -0.01248184 0.00689148 -69.79434 
1786050034.712 -0.001953699 -0.006985711 0.006219765 -69.42387 
1786050034.766 -0.001949883 -0.007818299 0.006173628 -69.05666 
1786050034.823 -0.001945898 -0.008861242 0.006696602 -68.67953 
1786050034.879 -0.00694188 -0.008173948 0.006990108 -68.30579 
1786050034.935 -0.001937907 -0.007067479 0.006037907 -67.94199 
1786050034.985 -0.006934211 -0.008970181 0.006466326 -67.60859 
1786050035.040 -0.001930052 -0.007311762 0.006905158 -67.2391 
1786050035.093 -0.00192595 -0.01070339 0.006142648 -66.88007 
1786050035.153 -0.001921274 -0.007784231 0.007617084 -66.47721 
1786050035.203 -0.001917055 -0.009508603 0.006519623 -66.11913 
1786050035.254 -0.001912827 -0.008898253 0.007821671 -65.76535 
1786050035.311 -0.006908167 -0.00690687 0.006506779 -65.38091 
1786050035.369 -0.001903226 -0.006688943 0.005013817 -64.97925 
1786050035.420 -0.001898437 -0.005169204 0.00672738 -64.59588 
1786050035.478 -0.001893361 -0.006732482 0.006839851 -64.19512 
1786050035.541 -0.001887513 -0.007659325 0.006346111 -63.74071 
1786050035.606 -0.001881517 -0.008683517 0.005337497 -63.28183 
1786050035.663 -0.001875964 -0.009205856 0.00667531 -62.86368 
1786050035.720 -0.001870086 -0.007078875 0.007516718 -62.41993 
1786050035.781 -0.001863868 -0.007481964 0.005808324 -61.97246 
1786050035.843 -0.00185731 -0.007897415 0.004872963 -61.50014 
1786050035.902 -0.001851183 -0.006071347 0.005821583 -61.06506 
1786050035.954 -0.001845402 -0.00609119 0.005103394 -60.66011 
1786050036.004 -0.001839985 -0.00879045 0.005622787 -60.2851 
1786050036.062 -0.001833843 -0.00581953 0.004658587 -59.8575 
1786050036.119 -0.001827846 -0.007073303 0.005032378 -59.46015 
1786050036.176 -0.001820986 -0.005386946 0.005354762 -58.99506 
1786050036.226 -0.006815293 -0.004492473 0.003959993 -58.62754 
1786050036.284 -0.006808614 -0.004229577 0.00454337 -58.19255 
1786050036.341 -0.001802203 -0.004496373 0.004356739 -57.77253 
1786050036.396 -0.001795364 -0.006777995 0.004931842 -57.3451 
1786050036.449 -0.001789162 -0.007164108 0.00534293 -56.95513 
1786050036.509 -0.001782168 -0.006904868 0.004638236 -56.52004 
1786050036.573 -0.001775462 -0.007802808 0.00475358 -56.10757 
1786050036.626 -0.001767566 -0.00767141 0.004108496 -55.62751 
1786050036.678 -0.001760955 -0.006445448 0.003961185 -55.23004 
1786050036.744 -0.001753136 -0.007744278 0.004086042 -54.76511 
1786050036.813 -0.001744199 -0.00646261 0.004359041 -54.24027 
1786050036.878 -0.001736059 -0.005198924 0.004615705 -53.76763 
1786050036.931 -0.001728614 -0.003030567 0.004566608 -53.34004 
1786050036.985 -0.001721625 -0.005938846 0.003843989 -52.93505 
1786050037.045 -0.001713634 -0.005589718 0.00412527 -52.48499 
1786050037.104 -0.001705696 -0.007976626 0.003612671 -52.05006 
1786050037.157 -0.001698362 -0.008686441 0.003557973 -51.64505 
1786050037.213 -0.0016911 -0.007679001 0.002723878 -51.24755 
1786050037.265 -0.001683358 -0.006261203 0.002267288 -50.8275 
1786050037.326 -0.001675126 -0.006507179 0.002887652 -50.38521 
1786050037.377 -0.001667665 -0.003433251 0.004153633 -49.9876 
1786050037.427 -0.001660712 -0.003339269 0.003467683 -49.62005 
1786050037.485 -0.001652558 -0.004691224 0.003493547 -49.19252 
1786050037.545 0.003355377 -0.0002137583 0.002348966 -48.77989 
1786050037.598 0.003364109 0.0002284183 0.003610984 -48.33005 
1786050037.652 0.003371886 -0.005078852 0.003481377 -47.93254 
1786050037.708 0.00338002 -0.006552846 0.002880038 -47.52001 
1786050037.767 0.003388068 -0.004289078 0.002480294 -47.10728 
1786050037.818 0.003396781 -0.007813687 0.003608849 -46.68007 
1786050037.874 0.003405109 -0.006268722 0.002932588 -46.26758 
1786050037.940 0.003414725 -0.0068199 0.001815019 -45.79501 
1786050038.009 0.003425506 -0.00576781 0.002625431 -45.27014 
1786050038.067 0.003434203 -0.002710517 0.0008113565 -44.84986 
1786050038.119 0.00344312 -0.001796055 0.002199397 -44.42255 
1786050038.174 0.00345147 -0.004583223 0.001139725 -44.02512 
1786050038.232 0.003460673 -0.006115211 0.000434899 -43.59018 
1786050038.285 0.0034693 -0.005900241 -0.0003022459 -43.18507 
1786050038.341 0.003478308 -0.006298577 -0.0001468399 -42.76514 
1786050038.394 0.00348689 -0.005314081 -0.0009948669 -42.36761 
1786050038.453 0.003496181 -0.007638376 -2.291092e-05 -41.94015 
1786050038.504 0.003504875 -0.004159015 -0.0004963163 -41.54247 
1786050038.556 0.003513458 -0.003300545 0.0004849361 -41.15266 
1786050038.612 0.003522591 -0.003649245 -0.001155673 -40.74007 
1786050038.668 0.008531614 0.001160198 -0.0006594923 -40.33497 
1786050038.724 0.003541534 -0.005441065 -0.0008689907 -39.89256 
1786050038.774 0.00355016 -0.005039224 -0.002005184 -39.51006 
1786050038.834 0.008559858 -0.005827758 -0.002784768 -39.07502 
1786050038.901 0.00357099 -0.003115665 -0.002920792 -38.58751 
1786050038.957 0.003581332 -0.006330571 -0.002437124 -38.14507 
1786050039.007 0.003590173 -0.002877146 -0.002382877 -37.76253 
1786050039.064 0.003599934 -0.007048933 -0.003066998 -37.34249 
1786050039.126 0.003610101 -0.0008191195 -0.005114634 -36.89989 
1786050039.177 0.003619973 -0.002168758 -0.00456553 -36.48752 
1786050039.230 0.003629365 -0.007959945 -0.004426378 -36.09002 
1786050039.289 0.00363934 -0.005166035 -0.006789696 -35.66987 
1786050039.349 0.003649907 -0.003307749 -0.007624336 -35.22742 
1786050039.402 0.003660171 -0.007520614 -0.005966594 -34.80004 
1786050039.452 0.003669218 -0.007400328 -0.005955132 -34.42498 
1786050039.508 0.003679035 -0.006233321 -0.007092685 -34.02004 
1786050039.561 0.003688898 -0.002033342 -0.007544407 -33.61508 
1786050039.615 0.003698624 -0.003576701 -0.007513547 -33.21738 
1786050039.666 0.00370821 -0.002292668 -0.006329684 -32.82755 
1786050039.724 0.003718395 -0.007392668 -0.00723897 -32.415 
1786050039.782 0.003729745 -0.007105129 -0.006863245 -31.95751 
1786050039.836 0.00373984 -0.007101078 -0.006079816 -31.55264 
1786050039.889 0.00374979 -0.003549244 -0.00638529 -31.1551 
1786050039.947 0.00376035 -0.004246633 -0.007573888 -30.73493 
1786050039.999 0.003770766 -0.001506702 -0.006674612 -30.32263 
1786050040.051 0.003780654 -0.001983248 -0.006761138 -29.93256 
1786050040.109 0.003790963 -0.003478534 -0.007168138 -29.51995 
1786050040.165 0.003801506 -0.005166135 -0.00680323 -29.10757 
1786050040.218 0.00381267 -0.00461185 -0.00605264 -28.68003 
1786050040.272 0.003822912 -0.004700368 -0.006531349 -28.28241 
1786050040.338 0.00383492 -0.002069709 -0.007544622 -27.81845 
1786050040.401 0.003847078 -2.578689e-05 -0.00858084 -27.35016 
1786050040.453 0.003858032 -0.000246465 -0.006683008 -26.93053 
1786050040.508 0.00386837 0.005460168 -0.006699592 -26.53566 
1786050040.570 0.003879998 0.0006942497 -0.006985936 -26.09319 
1786050040.627 0.003890814 -0.001088582 -0.006459016 -25.68293 
1786050040.681 0.003901205 -0.001551038 -0.006637735 -25.2904 
1786050040.737 0.003911361 -0.001250697 -0.006107741 -24.90776 
1786050040.797 0.003922591 0.001891664 -0.00651612 -24.48618 
1786050040.855 0.003933206 0.006647769 -0.00738776 -24.08879 
1786050040.910 0.003943766 0.00576642 -0.006786545 -23.69466 
1786050040.960 0.003953352 0.007052979 -0.006435316 -23.33812 
1786050041.015 0.003963256 0.003470587 -0.006473905 -22.97068 
1786050041.074 0.003973654 0.001568364 -0.00695267 -22.5859 
1786050041.129 0.003983993 0.002952527 -0.00606845 -22.20447 
1786050041.179 0.003993193 0.001942771 -0.006135288 -21.86597 
1786050041.238 0.004003596 0.00317634 -0.006450521 -21.48408 
1786050041.299 0.004014112 0.00682968 -0.006091236 -21.09896 
1786050041.355 0.004024383 0.005207216 -0.005870237 -20.72409 
1786050041.405 -0.0009666413 0.006895741 -0.005474335 -20.39695 
1786050041.464 -0.0009566714 0.006782632 -0.00534551 -20.03445 
1786050041.540 -0.0009441733 0.003807887 -0.005401039 -19.5814 
1786050041.600 -0.0009333262 0.004168554 -0.006714826 -19.18914 
1786050041.652 -0.0009239254 0.004743831 -0.00630987 -18.84985 
1786050041.710 -0.0009144205 0.001443716 -0.006027672 -18.50762 
1786050041.772 -0.0009043125 0.006916551 -0.00635335 -18.13832 
1786050041.836 -0.0008939511 0.008079804 -0.006648902 -17.77269 
1786050041.895 -0.0008835106 0.006097346 -0.005849654 -17.39907 
1786050041.952 -0.0008739782 0.005540704 -0.0064375 -17.05879 
1786050042.007 -0.0008651724 0.004741039 -0.006789064 -16.73897 
1786050042.068 -0.0008554674 0.006239095 -0.006838042 -16.39922 
1786050042.130 -0.0008455273 0.003821916 -0.006931252 -16.04606 
1786050042.181 -0.0008369438 0.004491908 -0.006234653 -15.74173 
1786050042.234 0.004171256 0.004431707 -0.006566417 -15.4458 
1786050042.290 0.004179858 0.007525213 -0.006125466 -15.14711 
1786050042.353 0.004189622 0.006874311 -0.006488499 -14.80228 
1786050042.408 0.00419776 0.008559527 -0.006317051 -14.51538 
1786050042.458 0.004205981 0.0065224 -0.006650616 -14.22584 
1786050042.515 0.004214279 0.001630105 -0.006655476 -13.93386 
1786050042.577 -0.000776457 0.004359272 -0.006092434 -13.60865 
1786050042.627 0.004231091 0.00672213 -0.005770264 -13.33857 
1786050042.681 0.00423901 0.002307473 -0.005516992 -13.06635 
1786050042.744 0.004247867 0.006790091 -0.006376877 -12.75633 
1786050042.814 -0.0007428006 0.004462232 -0.006981286 -12.43014 
1786050042.874 -0.0007332957 0.005158932 -0.006069298 -12.09833 
1786050042.925 -0.0007259994 0.007662818 -0.006517893 -11.84388 
1786050042.982 -0.0007183592 0.008499108 -0.006313695 -11.57777 
1786050043.046 -0.0007094327 0.007657847 -0.006035442 -11.26703 
1786050043.102 -0.0007019669 0.005794129 -0.00599995 -11.0074 
1786050043.155 -0.0006945816 0.003311816 -0.006695771 -10.75089 
1786050043.211 -0.0006876736 0.00797505 -0.005429591 -10.51086 
1786050043.267 -0.0006800541 0.0007738361 -0.006871623 -10.2468 
1786050043.328 -0.0006721386 0.009007709 -0.005290258 -9.972566 
1786050043.379 -0.0006653429 0.003140862 -0.00588795 -9.737323 
1786050043.435 -0.0006584977 0.003797574 -0.006574522 -9.500568 
1786050043.492 -0.0006513586 0.008323706 -0.00620453 -9.249346 
1786050043.551 -0.0006440627 0.01092304 -0.005850198 -9.001391 
1786050043.606 -0.0006374691 0.007636454 -0.00577819 -8.77397 
1786050043.657 -0.0006310759 0.006616898 -0.006420629 -8.553269 
1786050043.711 -0.0006247604 0.008450328 -0.006425314 -8.335431 
1786050043.765 -0.0006185229 0.005180514 -0.005617432 -8.120564 
1786050043.818 -0.0006121328 0.006712366 -0.006074192 -7.896371 
1786050043.874 -0.0006058271 0.008457835 -0.005630433 -7.683231 
1786050043.939 -0.0005988205 0.006286553 -0.007038149 -7.441869 
1786050044.004 -0.0005915907 0.005501681 -0.006250542 -7.193551 
1786050044.063 -0.0005850227 0.00635621 -0.006654772 -6.963905 
1786050044.118 -0.005578663 0.004530544 -0.00534494 -6.749175 
1786050044.176 -0.005572929 0.00538069 -0.005920147 -6.55225 
1786050044.239 -0.00556624 0.007878029 -0.006561089 -6.322658 
1786050044.298 -0.005559973 0.006953305 -0.005755461 -6.107575 
1786050044.351 -0.005554513 0.008269717 -0.005129607 -5.920262 
1786050044.403 -0.005549434 0.006103123 -0.006346556 -5.745997 
1786050044.458 -0.005544039 0.007755662 -0.005947138 -5.561126 
1786050044.511 -0.005539018 0.004817341 -0.005472773 -5.389101 
1786050044.568 -0.005533697 0.004671156 -0.005225166 -5.206847 
1786050044.618 -0.005528745 0.006798859 -0.005532975 -5.037174 
1786050044.678 -0.005523417 0.005367903 -0.005116609 -4.854718 
1786050044.733 -0.01051854 0.002730499 -0.006177776 -4.687955 
1786050044.784 -0.005513756 0.00414547 -0.004885938 -4.524029 
1786050044.841 -0.005508792 0.008185697 -0.004953316 -4.354227 
1786050044.900 -0.01050401 0.006314909 -0.005262373 -4.190516 
1786050044.955 -0.005499147 0.00606754 -0.00591425 -4.024343 
1786050045.008 -0.005494791 0.01010616 -0.005620161 -3.875351 
1786050045.065 -0.005490356 0.00718782 -0.005254932 -3.723729 
1786050045.134 -0.01048507 0.006128448 -0.0062988 -3.540448 
1786050045.210 -0.005479389 0.008574377 -0.005350867 -3.349067 
1786050045.268 -0.005474897 0.006707988 -0.0045652 -3.195307 
1786050045.319 -0.005470799 0.004075123 -0.005011421 -3.05541 
1786050045.378 -0.005466864 0.004385889 -0.00641268 -2.921035 
1786050045.444 -0.005462739 0.00755114 -0.004654062 -2.777581 
1786050045.501 -0.005458313 0.007412224 -0.004732967 -2.62892 
1786050045.552 -0.005454861 0.008095101 -0.005070339 -2.50882 
1786050045.604 -0.005451424 0.003602028 -0.005443446 -2.393716 
1786050045.660 -0.005448006 0.006825988 -0.005492112 -2.274846 
1786050045.716 -0.005444551 0.003048606 -0.005338303 -2.159054 
1786050045.769 -0.005441366 0.002730346 -0.005842542 -2.050325 
1786050045.824 -0.005438148 0.008031224 -0.004746372 -1.940493 
1786050045.880 -0.005434905 0.004798815 -0.005955323 -1.829818 
1786050045.934 -0.005431921 0.002893579 -0.00476577 -1.727947 
1786050045.985 -0.005429181 0.007605717 -0.004646913 -1.634441 
1786050046.043 -0.005426209 0.003952028 -0.005462351 -1.533005 
1786050046.103 -0.005423233 0.003504679 -0.005993577 -1.431456 
1786050046.157 -0.0104205 0.005960581 -0.00608538 -1.338258 
1786050046.208 -0.005418095 0.006237661 -0.005835434 -1.256116 
1786050046.270 -0.005415405 0.008546973 -0.005143422 -1.164346 
1786050046.334 -0.005412603 0.009155555 -0.004719868 -1.067283 
1786050046.391 -0.005410249 0.003821877 -0.004421847 -0.9884099 
1786050046.444 -0.005407948 0.004297025 -0.006030024 -0.9099069 
1786050046.505 -0.005405704 0.003720639 -0.005859732 -0.8333124 
1786050046.566 -0.005403414 0.002402923 -0.006146884 -0.7552245 
1786050046.629 -0.005401203 0.008066451 -0.004667799 -0.6797896 
1786050046.680 -0.005399432 0.009971357 -0.005847263 -0.6182837 
1786050046.737 -0.0003976514 0.005820634 -0.004957633 -0.5586265 
1786050046.803 -0.0003956413 0.009918046 -0.005254279 -0.4900455 
1786050046.859 -0.00539409 0.005553807 -0.005396334 -0.4371235 
1786050046.917 -0.005392652 0.007052171 -0.005959563 -0.3880849 
1786050046.971 -0.005391204 0.006399134 -0.00674499 -0.3386475 
1786050047.024 -0.0003899211 0.009451738 -0.004120661 -0.2949061 
1786050047.082 0.009611294 0.01744993 0.0007996047 -0.2534794 
1786050047.147 0.01461247 0.01601165 0.006797711 -0.2132064 
1786050047.200 0.01461357 0.01873856 0.00877818 -0.1758385 
1786050047.252 0.01961443 0.01767117 0.007979972 -0.1458061 
1786050047.309 0.01961526 0.01955417 0.009607139 -0.1180989 
1786050047.385 0.01461621 0.018161 0.009929741 -0.08569468 
1786050047.472 0.01461715 0.01953337 0.01014718 -0.0537982 
1786050047.543 0.01461779 0.01614107 0.0102393 -0.03175174 
1786050047.616 0.01461824 0.0190989 0.01027515 -0.01656093 
1786050047.686 0.01461855 0.01963376 0.01028683 -0.005944319 
1786050047.746 0.01461869 0.01309657 0.007748486 -0.001200595 
1786050047.802 0.009618724 0.01437456 0.006478557 1.54261e-08 
1786050047.862 0.009618724 0.01037456 0.006478557 1.54261e-08 
1786050047.920 0.009618724 0.01037456 0.006478557 1.54261e-08 
1786050047.970 0.009618724 0.01037456 0.006478557 1.54261e-08 
1786050048.025 0.009618724 0.01037456 0.006478557 1.54261e-08 
1786050048.077 0.009618724 0.01037456 0.006478557 1.54261e-08 
1786050048.129 0.009618724 0.01037456 0.006478557 1.54261e-08 
1786050048.185 0.009618724 0.01037456 0.006478557 1.54261e-08 
1786050048.239 0.009618724 0.01037456 0.006478557 1.54261e-08 
1786050048.288 0.009618724 0.01037456 0.006478557 1.54261e-08 
1786050048.344 0.009618724 0.01037456 0.006478557 1.54261e-08 
1786050048.401 0.009618724 0.01037456 0.006478557 1.54261e-08 
1786050048.453 0.009618724 0.01037456 0.005208558 1.54261e-08 
1786050048.506 0.009618724 0.006374562 0.006478557 1.54261e-08 
1786050048.561 0.009618724 0.006374562 0.006478557 1.54261e-08 
1786050048.611 0.009618724 0.006374562 0.005208558 1.54261e-08 
1786050048.666 0.009618724 0.01037456 0.006478557 1.54261e-08 
1786050048.724 0.009618724 0.006374562 0.005208558 1.54261e-08 
1786050048.773 0.009618724 0.006374562 0.006478557 1.54261e-08 
1786050048.827 0.009618724 0.006374562 0.006478557 1.54261e-08 
1786050048.884 0.009618724 0.01037456 0.006478557 1.54261e-08 
1786050048.936 0.009618724 0.01037456 0.006478557 1.54261e-08 
1786050048.996 0.004618724 0.006374562 0.006478557 1.54261e-08 
1786050049.053 0.009618724 0.01037456 0.006478557 1.54261e-08 
1786050049.120 0.009618724 0.01037456 0.005208558 1.54261e-08 
1786050049.180 0.009618724 0.01037456 0.006478557 1.54261e-08 
1786050049.248 0.009618724 0.01037456 0.006478557 1.54261e-08 
1786050049.301 0.009618724 0.01037456 0.006478557 1.54261e-08 
1786050049.359 0.009618724 0.01037456 0.006478557 1.54261e-08 
1786050049.409 0.004618724 0.006374562 0.006478557 1.54261e-08 
1786050049.466 0.009618724 0.01037456 0.005208558 1.54261e-08 
1786050049.523 0.009618724 0.006374562 0.005208558 1.54261e-08 
1786050049.574 0.009618724 0.006374562 0.005208558 1.54261e-08 
1786050049.630 0.004618724 0.006374562 0.005208558 1.54261e-08 
1786050049.683 0.009618724 0.01037456 0.005208558 1.54261e-08 
1786050049.732 0.009618724 0.01037456 0.006478557 1.54261e-08 
1786050049.786 0.009618724 0.01037456 0.005208558 1.54261e-08 
1786050049.843 0.009618724 0.006374562 0.006478557 1.54261e-08 
1786050049.894 0.009618724 0.006374562 0.005208558 1.54261e-08 
1786050049.952 0.009618724 0.006374562 0.005208558 1.54261e-08 
1786050050.007 0.009618724 0.006374562 0.005208558 1.54261e-08 
1786050050.058 0.009618724 0.01037456 0.006478557 1.54261e-08 
1786050050.111 0.004618724 0.006374562 0.005208558 1.54261e-08 
1786050050.172 0.009618724 0.01037456 0.005208558 1.54261e-08 
1786050050.222 0.009618724 0.006374562 0.005208558 1.54261e-08 
1786050050.273 0.009618724 0.01037456 0.006478557 1.54261e-08 
1786050050.324 0.009618724 0.01037456 0.006478557 1.54261e-08 
1786050050.377 0.004618724 0.006374562 0.005208558 1.54261e-08 
1786050050.425 0.009618724 0.006374562 0.005208558 1.54261e-08 
1786050050.477 0.004618724 0.006374562 0.005208558 1.54261e-08 
1786050050.528 0.004618724 0.006374562 0.005208558 1.54261e-08 
1786050050.581 0.009618724 0.01037456 0.005208558 1.54261e-08 
1786050050.647 0.004618724 0.006374562 0.005208558 1.54261e-08 
1786050050.700 0.009618724 0.01037456 0.005208558 1.54261e-08 
1786050050.752 0.009618724 0.01037456 0.005208558 1.54261e-08 
1786050050.812 0.004618724 0.006374562 0.005208558 1.54261e-08 
1786050050.866 0.009618724 0.006374562 0.005208558 1.54261e-08 
1786050050.915 0.009618724 0.01037456 0.005208558 1.54261e-08 
1786050050.967 0.009618724 0.01037456 0.006478557 1.54261e-08 
1786050051.019 0.009618724 0.006374562 0.005208558 1.54261e-08 
1786050051.069 0.004618724 0.006374562 0.005208558 1.54261e-08 
1786050051.122 0.009618724 0.006374562 0.006478557 1.54261e-08 
1786050051.173 0.009618724 0.006374562 0.006478557 1.54261e-08 
1786050051.225 0.009618724 0.006374562 0.006478557 1.54261e-08 
1786050051.280 0.009618724 0.006374562 0.006478557 1.54261e-08 
1786050051.330 0.009618724 0.01037456 0.006478557 1.54261e-08 
1786050051.382 0.009618724 0.01037456 0.006478557 1.54261e-08 
1786050051.436 0.004618724 0.006374562 0.005208558 1.54261e-08 
1786050051.488 0.004618724 0.006374562 0.005208558 1.54261e-08 
1786050051.541 0.009618724 0.006374562 0.006478557 1.54261e-08 
1786050051.600 0.009618724 0.01037456 0.006478557 1.54261e-08 
1786050051.649 0.009618724 0.01037456 0.005208558 1.54261e-08 
1786050051.702 0.004618724 0.006374562 0.005208558 1.54261e-08 
1786050051.763 0.004618724 0.006374562 0.005208558 1.54261e-08 
1786050051.813 0.009618724 0.01037456 0.006478557 1.54261e-08 
1786050051.867 0.004618724 0.006374562 0.005208558 1.54261e-08 
1786050051.920 0.004618724 0.006374562 0.005208558 1.54261e-08 
1786050051.970 0.004618724 0.006374562 0.005208558 1.54261e-08 
1786050052.024 0.009618724 0.006374562 0.006478557 1.54261e-08 
1786050052.087 0.004618724 0.006374562 0.005208558 1.54261e-08 
1786050052.140 0.009618724 0.006374562 0.006478557 1.54261e-08 
1786050052.190 0.009618724 0.006374562 0.006478557 1.54261e-08 
1786050052.247 0.004618724 0.006374562 0.005208558 1.54261e-08 
1786050052.301 0.004618724 0.006374562 0.005208558 1.54261e-08 
1786050052.350 0.004618724 0.006374562 0.005208558 1.54261e-08 
1786050052.401 0.004618724 0.006374562 0.005208558 1.54261e-08 
1786050052.451 0.004618724 0.006374562 0.005208558 1.54261e-08 
1786050052.503 0.004618724 0.006374562 0.005208558 1.54261e-08 
1786050052.563 0.004618724 0.006374562 0.005208558 1.54261e-08 
1786050052.616 0.004618724 0.006374562 0.005208558 1.54261e-08 
1786050052.668 0.004618724 0.006374562 0.005208558 1.54261e-08 
1786050052.725 0.004618724 0.006374562 0.006478557 1.54261e-08 
1786050052.777 0.004618724 0.006374562 0.005208558 1.54261e-08 
1786050052.834 0.004618724 0.006374562 0.005208558 1.54261e-08 
1786050052.890 0.009618724 0.006374562 0.006478557 1.54261e-08 
1786050052.940 0.004618724 0.006374562 0.006478557 1.54261e-08 
1786050052.990 0.004618724 0.006374562 0.005208558 1.54261e-08 
1786050053.050 0.009618724 0.006374562 0.005208558 1.54261e-08 
1786050053.101 0.004618724 0.006374562 0.005208558 1.54261e-08 
1786050053.152 0.004618724 0.006374562 0.005208558 1.54261e-08 
1786050053.207 0.004618724 0.006374562 0.005208558 1.54261e-08 
1786050053.260 0.004618724 0.006374562 0.005208558 1.54261e-08 
1786050053.309 0.004618724 0.006374562 0.005208558 1.54261e-08 
1786050053.361 0.004618724 0.006374562 0.005208558 1.54261e-08 
1786050053.412 0.009618724 0.006374562 0.005208558 1.54261e-08 
1786050053.463 0.009618724 0.006374562 0.005208558 1.54261e-08 
1786050053.520 0.004618724 0.006374562 0.005208558 1.54261e-08 
1786050053.573 0.004618724 0.006374562 0.005208558 1.54261e-08 
1786050053.623 0.004618724 0.006374562 0.005208558 1.54261e-08 
1786050053.678 0.004618724 0.006374562 0.005208558 1.54261e-08 
1786050053.727 0.004618724 0.006374562 0.003938559 1.54261e-08 
1786050053.783 0.009618724 0.006374562 0.005208558 1.54261e-08 
1786050053.839 0.009618724 0.006374562 0.005208558 1.54261e-08 
1786050053.889 0.009618724 0.006374562 0.005208558 1.54261e-08 
1786050053.945 0.009618724 0.006374562 0.005208558 1.54261e-08 
1786050054.001 0.004618724 0.006374562 0.005208558 1.54261e-08 
1786050054.051 0.004618724 0.006374562 0.005208558 1.54261e-08 
1786050054.104 0.009618724 0.006374562 0.005208558 1.54261e-08 
1786050054.159 0.004618724 0.006374562 0.005208558 1.54261e-08 
1786050054.211 0.004618724 0.006374562 0.005208558 1.54261e-08 
1786050054.265 0.009618724 0.006374562 0.005208558 1.54261e-08 
1786050054.322 0.009618724 0.006374562 0.005208558 1.54261e-08 
1786050054.370 0.009618724 0.006374562 0.005208558 1.54261e-08 
1786050054.424 0.004618724 0.006374562 0.005208558 1.54261e-08 
1786050054.480 0.009618724 0.006374562 0.005208558 1.54261e-08 
1786050054.529 0.009618724 0.006374562 0.005208558 1.54261e-08 
1786050054.584 0.004618724 0.006374562 0.005208558 1.54261e-08 
1786050054.643 0.004618724 0.006374562 0.005208558 1.54261e-08 
1786050054.694 0.009618724 0.006374562 0.005208558 1.54261e-08 
1786050054.745 0.004618724 0.006374562 0.005208558 1.54261e-08 
1786050054.799 0.004618724 0.006374562 0.005208558 1.54261e-08 
1786050054.848 0.009618724 0.006374562 0.005208558 1.54261e-08 
1786050054.900 0.004618724 0.006374562 0.005208558 1.54261e-08 
1786050054.958 0.009618724 0.006374562 0.005208558 1.54261e-08 
1786050055.008 0.004618724 0.006374562 0.005208558 1.54261e-08 
1786050055.061 0.004618724 0.006374562 0.005208558 1.54261e-08 
1786050055.120 0.004618724 0.006374562 0.005208558 1.54261e-08 
1786050055.170 0.004618724 0.006374562 0.005208558 1.54261e-08 
1786050055.221 0.009618724 0.006374562 0.005208558 1.54261e-08 
1786050055.282 0.004618724 0.006374562 0.005208558 1.54261e-08 
1786050055.332 0.004618724 0.006374562 0.005208558 1.54261e-08 
1786050055.384 0.004618724 0.006374562 0.005208558 1.54261e-08 
1786050055.442 0.004618724 0.006374562 0.005208558 1.54261e-08 
1786050055.492 0.004618724 0.006374562 0.005208558 1.54261e-08 
1786050055.541 0.004618724 0.006374562 0.005208558 1.54261e-08 
1786050055.601 0.004618724 0.006374562 0.005208558 1.54261e-08 
1786050055.649 0.004618724 0.006374562 0.003938559 1.54261e-08 
1786050055.706 0.004618724 0.006374562 0.005208558 1.54261e-08 
1786050055.761 0.009618724 0.006374562 0.005208558 1.54261e-08 
1786050055.813 0.009618724 0.006374562 0.005208558 1.54261e-08 
1786050055.864 0.004618724 0.006374562 0.005208558 1.54261e-08 
1786050055.920 0.004618724 0.006374562 0.003938559 1.54261e-08 
1786050055.972 0.004618724 0.006374562 0.005208558 1.54261e-08 
1786050056.023 0.004618724 0.006374562 0.005208558 1.54261e-08 
1786050056.078 0.004618724 0.006374562 0.005208558 1.54261e-08 
1786050056.128 0.004618724 0.006374562 0.005208558 1.54261e-08 
1786050056.181 0.004618724 0.006374562 0.005208558 1.54261e-08 
1786050056.237 0.004618724 0.006374562 0.005208558 1.54261e-08 
1786050056.288 0.009618724 0.006374562 0.005208558 1.54261e-08 
1786050056.345 0.004618724 0.006374562 0.005208558 1.54261e-08 
1786050056.399 0.004618724 0.006374562 0.005208558 1.54261e-08 
1786050056.447 0.004618724 0.006374562 0.003938559 1.54261e-08 
1786050056.502 0.004618724 0.006374562 0.005208558 1.54261e-08 
1786050056.563 0.004618724 0.006374562 0.005208558 1.54261e-08 
1786050056.613 0.004618724 0.006374562 0.005208558 1.54261e-08 
1786050056.664 0.004618724 0.006374562 0.005208558 1.54261e-08 
1786050056.719 0.009618724 0.006374562 0.005208558 1.54261e-08 
1786050056.769 0.004618724 0.002374562 0.005208558 1.54261e-08 
1786050056.824 0.004618724 0.002374562 0.003938559 1.54261e-08 
1786050056.885 0.004618724 0.002374562 0.005208558 1.54261e-08 
1786050056.936 0.004618724 0.002374562 0.005208558 1.54261e-08 
1786050056.989 0.004618724 0.002374562 0.005208558 1.54261e-08 
1786050057.041 0.004618724 0.002374562 0.003938559 1.54261e-08 
1786050057.094 0.009618724 0.002374562 0.005208558 1.54261e-08 
1786050057.146 0.009618724 0.002374562 0.005208558 1.54261e-08 
1786050057.209 0.004618724 0.002374562 0.003938559 1.54261e-08 
1786050057.259 0.004618724 0.002374562 0.005208558 1.54261e-08 
1786050057.311 0.009618724 0.006374562 0.005208558 1.54261e-08 
1786050057.368 0.004618724 0.002374562 0.005208558 1.54261e-08 
1786050057.420 0.009618724 0.006374562 0.005208558 1.54261e-08 
1786050057.470 0.004618724 0.002374562 0.005208558 1.54261e-08 
1786050057.522 0.004618724 0.002374562 0.005208558 1.54261e-08 
1786050057.571 0.004618724 0.002374562 0.003938559 1.54261e-08 
1786050057.626 0.004618724 0.002374562 0.003938559 1.54261e-08 
1786050057.679 0.004618724 0.002374562 0.003938559 1.54261e-08 
1786050057.728 0.009618724 0.006374562 0.003938559 1.54261e-08 
1786050057.779 0.004618724 0.006374562 0.003938559 1.54261e-08 
1786050057.844 0.004618724 0.002374562 0.003938559 1.54261e-08 
1786050057.895 0.009618724 0.006374562 0.003938559 1.54261e-08 
1786050057.945 0.009618724 0.006374562 0.003938559 1.54261e-08 
1786050058.001 0.004618724 0.002374562 0.003938559 1.54261e-08 
1786050058.049 0.004618724 0.006374562 0.003938559 1.54261e-08 
1786050058.101 0.009618724 0.006374562 0.003938559 1.54261e-08 
1786050058.161 0.004618724 0.006374562 0.002668559 1.54261e-08 
1786050058.212 0.009618724 0.006374562 0.003938559 1.54261e-08 
1786050058.262 0.004618724 0.006374562 0.003938559 1.54261e-08 
1786050058.319 0.004618724 0.006374562 0.003938559 1.54261e-08 
1786050058.370 0.004618724 0.006374562 0.003938559 1.54261e-08 
1786050058.420 0.004618724 0.006374562 0.003938559 1.54261e-08 
1786050058.479 0.004618724 0.006374562 0.003938559 1.54261e-08 
1786050058.530 0.004618724 0.006374562 0.002668559 1.54261e-08 
1786050058.582 0.004618724 0.006374562 0.003938559 1.54261e-08 
1786050058.637 0.004618724 0.006374562 0.003938559 1.54261e-08 
1786050058.687 0.004618724 0.002374562 0.003938559 1.54261e-08 
1786050058.743 0.004618751 0.001229482 0.003938517 0.0009177544 
1786050058.802 0.00461891 -0.001166518 0.00266659 0.006356856 
1786050058.857 0.004619205 -0.002847116 0.005195011 0.01664729 
1786050058.914 0.009619657 0.0001876938 0.006429065 0.03182286 
1786050058.969 0.00462021 -0.001473966 0.006352968 0.05068956 
1786050059.021 0.004620892 -0.003623691 0.006211396 0.07394332 
1786050059.079 0.009621734 0.003540972 0.007233495 0.1026712 
1786050059.134 0.009622695 0.003943482 0.00685194 0.1354627 
1786050059.184 0.009623726 0.002997924 0.007595823 0.1706388 
1786050059.241 0.004624946 0.001980022 0.006817173 0.2122617 
1786050059.297 0.009626325 0.002625837 0.005733388 0.2593034 
1786050059.350 0.009627757 0.00112398 0.006918964 0.3081502 
1786050059.401 0.009629313 3.429338e-05 0.006453487 0.3612086 
1786050059.462 0.009631157 -0.0001126558 0.005309999 0.4241207 
1786050059.523 0.009633184 0.0006877353 0.00602001 0.4932886 
1786050059.577 0.009635364 0.0002606733 0.00724433 0.5676643 
1786050059.632 -0.0003625058 -0.01049152 0.002956245 0.6403198 
1786050059.691 -0.01036012 -0.01464111 -0.001297141 0.7232664 
1786050059.760 -0.01535727 -0.01879909 -0.005973613 0.8190047 
1786050059.816 -0.01535443 -0.01639797 -0.007823449 0.9174474 
1786050059.871 -0.01535149 -0.01843197 -0.008409895 1.016166 
1786050059.926 -0.01534861 -0.01666856 -0.008481836 1.114443 
1786050059.981 -0.01534571 -0.01890846 -0.008312934 1.213476 
1786050060.032 -0.01534274 -0.01759139 -0.009387635 1.316707 
1786050060.083 -0.01033965 -0.01895216 -0.009485603 1.420035 
1786050060.140 -0.01533632 -0.01897825 -0.009373433 1.535806 
1786050060.201 -0.01033241 -0.01485442 -0.008679966 1.667286 
1786050060.256 -0.0153286 -0.01387182 -0.007807189 1.797184 
1786050060.308 -0.01532507 -0.01543209 -0.008060336 1.917581 
1786050060.365 -0.015321 -0.01401048 -0.008404449 2.056748 
1786050060.428 -0.01031648 -0.01335202 -0.008823424 2.211061 
1786050060.479 -0.01031226 -0.01446448 -0.007901231 2.35494 
1786050060.531 -0.01530823 -0.01562703 -0.008708013 2.492463 
1786050060.588 -0.01530368 -0.01723809 -0.008374229 2.647974 
1786050060.645 -0.01029916 -0.01260014 -0.008829565 2.802341 
1786050060.702 -0.01529381 -0.01388463 -0.008382934 2.985003 
1786050060.757 -0.01528902 -0.01751492 -0.009181394 3.148801 
1786050060.824 -0.01028317 -0.01989408 -0.0088316 3.351702 
1786050060.895 -0.01527638 -0.01518158 -0.008848936 3.580679 
1786050060.963 -0.01527006 -0.01511752 -0.009255003 3.796799 
1786050061.026 -0.01026365 -0.01475571 -0.008991902 4.016048 
1786050061.076 -0.010258 -0.01346596 -0.009082062 4.209115 
1786050061.131 -0.01525233 -0.01694499 -0.009386441 4.403133 
1786050061.189 -0.01024653 -0.01403605 -0.008909715 4.612814 
1786050061.251 -0.01023938 -0.01373183 -0.008757836 4.846369 
1786050061.303 -0.01023342 -0.01267309 -0.008309281 5.050468 
1786050061.357 -0.01522722 -0.01105022 -0.009271482 5.266822 
1786050061.413 -0.01022065 -0.01429462 -0.008326752 5.487748 
1786050061.471 -0.01021396 -0.009427476 -0.008074493 5.71728 
1786050061.524 -0.01020725 -0.01071597 -0.00814443 5.947367 
1786050061.577 -0.01020053 -0.01275857 -0.008417488 6.177661 
1786050061.632 -0.0101937 -0.01057857 -0.007686192 6.412315 
1786050061.689 -0.010187 -0.01445638 -0.008431928 6.646843 
1786050061.744 -0.01017925 -0.01319886 -0.00850583 6.908374 
1786050061.797 -0.01017204 -0.0153185 -0.008329594 7.156427 
1786050061.866 -0.01016291 -0.01391586 -0.0084542 7.470234 
1786050061.933 -0.01015374 -0.01380003 -0.00940038 7.785898 
1786050061.988 -0.01014581 -0.01161852 -0.009245146 8.058945 
1786050062.043 -0.01013747 -0.01389461 -0.01046401 8.346566 
1786050062.103 -0.01012883 -0.01110941 -0.009161357 8.644473 
1786050062.167 -0.0101199 -0.01255581 -0.008977238 8.9528 
1786050062.232 -0.0101096 -0.01171222 -0.008916284 9.308659 
1786050062.282 -0.0101016 -0.01249731 -0.00802537 9.585462 
1786050062.332 -0.0100938 -0.01440615 -0.009248161 9.855413 
1786050062.391 -0.01008478 -0.01262033 -0.008482436 10.16782 
1786050062.452 -0.01007531 -0.009746437 -0.008102965 10.49638 
1786050062.504 -0.01006618 -0.01166865 -0.009423729 10.8129 
1786050062.554 -0.01005793 -0.007243444 -0.009635759 11.09951 
1786050062.613 -0.01004841 -0.0106125 -0.008813906 11.43082 
1786050062.669 -0.01003927 -0.01290616 -0.008822846 11.74925 
1786050062.730 -0.01002845 -0.0139553 -0.009811314 12.12628 
1786050062.780 -0.01001941 -0.01276642 -0.00989731 12.44192 
1786050062.840 -0.01000903 -0.01230476 -0.01089638 12.80492 
1786050062.904 -0.009997967 -0.0122927 -0.010755 13.19217 
1786050062.959 -0.004987671 -0.01070065 -0.01087113 13.55328 
1786050063.015 -0.009977436 -0.00949569 -0.01107091 13.91266 
1786050063.073 -0.009966711 -0.01380854 -0.01127135 14.28981 
1786050063.138 -0.009954919 -0.009768811 -0.01063982 14.70527 
1786050063.203 -0.009943173 -0.01321964 -0.009940123 15.11994 
1786050063.256 -0.009932057 -0.01212619 -0.01097517 15.5132 
1786050063.311 -0.004921405 -0.01459661 -0.01141473 15.89076 
1786050063.370 -0.009910251 -0.008754497 -0.01111862 16.28695 
1786050063.429 -0.009898586 -0.008653102 -0.01040777 16.70175 
1786050063.479 -0.009888004 -0.009691011 -0.01066477 17.07893 
1786050063.536 -0.009876718 -0.01313433 -0.01064997 17.48218 
1786050063.598 -0.009865326 -0.008868168 -0.009745742 17.89029 
1786050063.656 -0.009852591 -0.0130443 -0.01093803 18.35461 
1786050063.709 -0.004841396 -0.01106653 -0.01166928 18.74994 
1786050063.762 -0.00982996 -0.007222221 -0.01129978 19.16243 
1786050063.815 -0.004818967 -0.006792474 -0.01120989 19.56006 
1786050063.873 -0.009807174 -0.00704917 -0.01064721 19.98737 
1786050063.927 -0.004796237 -0.003778876 -0.01023146 20.38487 
1786050063.980 -0.009784918 -0.005641091 -0.0109157 20.79749 
1786050064.037 -0.009773424 -0.008743719 -0.01058681 21.21737 
1786050064.095 -0.009761759 -0.008637732 -0.01133144 21.64491 
1786050064.147 -0.004750944 -0.01028116 -0.01132049 22.04247 
1786050064.200 -0.004740158 -0.01013033 -0.01038029 22.44748 
1786050064.260 -0.004728188 -0.004233632 -0.009822378 22.88236 
1786050064.321 -0.004716661 -0.005777738 -0.01016072 23.30988 
1786050064.374 -0.004704969 -0.006691272 -0.01078429 23.7449 
1786050064.429 -0.009693718 -0.007544661 -0.01172443 24.1649 
1786050064.490 -0.009681904 -0.007879783 -0.01097115 24.60737 
1786050064.551 -0.004669932 -0.006286511 -0.009834186 25.05766 
1786050064.603 -0.009658997 -0.006800936 -0.01120483 25.4699 
1786050064.654 -0.009649088 -0.00324869 -0.01093065 25.84488 
1786050064.711 -0.004638027 -0.005327706 -0.01076529 26.27245 
1786050064.768 -0.009627203 -0.00295517 -0.01067526 26.67755 
1786050064.823 -0.004615831 -0.004281498 -0.01133048 27.1199 
1786050064.874 -0.004605867 -0.005769575 -0.01089813 27.50236 
1786050064.932 -0.004594773 -0.004683309 -0.01090846 27.92247 
1786050064.983 -0.004584496 -0.007401144 -0.01081841 28.31999 
1786050065.039 -0.004573679 -0.005256358 -0.01120784 28.73993 
1786050065.093 -0.004563482 -0.008808727 -0.01107428 29.13735 
1786050065.152 -0.009552176 -0.003992361 -0.01154516 29.57994 
1786050065.204 -0.009542253 -0.003175555 -0.01124952 29.9699 
1786050065.258 -0.00453199 -0.003391072 -0.01167362 30.37495 
1786050065.313 -0.00952158 -0.007575389 -0.01058516 30.78747 
1786050065.373 -0.009510838 -0.003075827 -0.01014257 31.21498 
1786050065.439 -0.009498274 -0.006647492 -0.01053921 31.71767 
1786050065.497 -0.00448708 -0.008513697 -0.01121566 32.1673 
1786050065.549 -0.004477238 -0.004203819 -0.01129135 32.56497 
1786050065.613 -0.004466149 -0.002120977 -0.01044395 33.02254 
1786050065.674 -0.004454749 -0.003307776 -0.0115046 33.47995 
1786050065.725 -0.004445052 -0.007216677 -0.01114289 33.87742 
1786050065.782 -0.004434493 -0.003968479 -0.01108059 34.31237 
1786050065.849 -0.004423084 -0.006765151 -0.01138795 34.78499 
1786050065.909 -0.00441228 -0.006241202 -0.011527 35.23503 
1786050065.969 -0.004401357 -0.004405165 -0.01041358 35.69256 
1786050066.021 -0.004391562 -0.003146828 -0.01199324 36.10496 
1786050066.082 -0.004380935 -0.0007786532 -0.00975362 36.55525 
1786050066.137 -0.009371247 -0.002924797 -0.01139994 36.9674 
1786050066.189 -0.009362486 -0.004201942 -0.01068699 37.34247 
1786050066.243 -0.004352725 -0.004373729 -0.01127287 37.76242 
1786050066.297 -0.004343365 -0.003972325 -0.01168102 38.1674 
1786050066.357 -0.00933337 -0.004951221 -0.01086612 38.60998 
1786050066.413 -0.009323777 -0.005158293 -0.01065765 39.02243 
1786050066.464 -0.004314749 -0.005216958 -0.01194142 39.41989 
1786050066.520 -0.004305098 -0.004449204 -0.01208628 39.84742 
1786050066.584 -0.004294836 -0.0003732982 -0.01058502 40.31245 
1786050066.651 -0.004284144 0.001576855 -0.009440646 40.78515 
1786050066.704 -0.004274521 -0.004349917 -0.01214768 41.21996 
1786050066.759 -0.004265454 -0.003958349 -0.01109721 41.63249 
1786050066.817 -0.004256282 -0.003701141 -0.01141348 42.05984 
1786050066.880 -0.004246522 -0.00375426 -0.01186769 42.50251 
1786050066.939 -0.009236832 -0.002438936 -0.009316648 42.96008 
1786050066.995 -0.004227052 -0.006146173 -0.01200159 43.40999 
1786050067.050 -0.004218615 -0.001501575 -0.01278474 43.80736 
1786050067.108 -0.004209604 0.001461458 -0.009765716 44.23521 
1786050067.161 -0.009200971 0.0006202499 -0.0100483 44.64751 
1786050067.217 -0.004192243 -0.002194635 -0.01124358 45.06741 
1786050067.274 -0.00418358 -0.002242291 -0.01010694 45.4949 
1786050067.330 -0.00417498 -0.003128178 -0.01069555 45.90768 
1786050067.382 -0.004166902 -0.002066659 -0.01292682 46.30488 
1786050067.435 -0.004158731 -0.00663578 -0.01066561 46.70997 
1786050067.493 -0.004150321 -0.004680421 -0.01108453 47.12999 
1786050067.552 -0.009141681 0.0009044015 -0.01078421 47.57261 
1786050067.610 -0.00413326 0.0008944436 -0.009784179 47.9925 
1786050067.661 -0.0041252 -0.002434812 -0.0105056 48.40497 
1786050067.718 -0.009117061 0.003023996 -0.01068828 48.82498 
1786050067.775 -0.004108989 0.001456802 -0.00951885 49.24492 
1786050067.827 -0.004101555 -0.00230901 -0.01098127 49.63494 
1786050067.877 -0.009094181 -0.001724858 -0.0123384 50.03244 
1786050067.936 -0.004086026 -0.004266002 -0.01087012 50.45984 
1786050067.997 -0.004078639 0.002449599 -0.01067644 50.8733 
1786050068.051 -0.004070215 5.054313e-05 -0.01145593 51.32245 
1786050068.105 -0.004062691 -0.004915846 -0.01086715 51.72745 
1786050068.166 -0.004054561 0.00237391 -0.01111422 52.18478 
1786050068.223 -0.004047314 0.002295561 -0.01130037 52.58243 
1786050068.277 -0.004039472 0.004616173 -0.01110934 53.02497 
1786050068.331 -0.004032496 0.004273156 -0.01181994 53.42234 
1786050068.388 -0.009025455 0.003543633 -0.01078205 53.8349 
1786050068.452 -0.004017069 0.00205343 -0.01014245 54.31511 
1786050068.505 -0.004010051 0.001674018 -0.01115329 54.73495 
1786050068.559 -0.00400323 0.002870871 -0.01145814 55.13244 
1786050068.614 -0.003996228 0.001706251 -0.01142397 55.55258 
1786050068.675 -0.003989055 0.004285827 -0.008711702 55.99508 
1786050068.733 -0.003981719 0.002726272 -0.01034974 56.4376 
1786050068.785 -0.003975311 0.006848652 -0.01100632 56.83499 
1786050068.841 -0.003968733 0.006452691 -0.009450242 57.24747 
1786050068.904 -0.003961757 0.006229745 -0.01149773 57.68989 
1786050068.957 -0.003955099 0.006523554 -0.01087699 58.11735 
1786050069.008 -0.003949208 0.005532371 -0.01056629 58.49991 
1786050069.065 -0.0039427 0.002616374 -0.01121066 58.92754 
1786050069.125 -0.003936497 0.005810441 -0.008517151 59.34013 
1786050069.180 -0.003929814 0.005608614 -0.01155041 59.79 
1786050069.234 -0.003923768 0.002776509 -0.01122707 60.20241 
1786050069.294 -0.003917365 0.003998595 -0.01059563 60.64496 
1786050069.360 -0.003910944 0.005598538 -0.01038045 61.09504 
1786050069.414 -0.003904823 0.004543078 -0.009401483 61.52993 
1786050069.466 -0.003899097 0.006969323 -0.0114714 61.94247 
1786050069.525 -0.003893448 0.0045878 -0.005218711 62.36317 
1786050069.583 -0.003887373 0.003884364 -0.00977314 62.80513 
1786050069.633 -0.003882183 0.008625386 -0.01085947 63.19499 
1786050069.686 -0.003877062 0.006631563 -0.009757979 63.58491 
1786050069.746 -0.003871529 0.005893301 -0.01091659 64.01243 
1786050069.802 -0.003865985 0.007093067 -0.0107911 64.44743 
1786050069.855 -0.003860809 0.006466731 -0.01127529 64.85998 
1786050069.905 -0.003856263 0.006367064 -0.01100945 65.22746 
1786050069.963 -0.003851055 0.003615788 -0.009825153 65.655 
1786050070.024 -0.003845842 0.0001134586 -0.009937069 66.09743 
1786050070.076 -0.003840894 0.002976928 -0.01036934 66.5174 
1786050070.128 -0.003836459 0.003980296 -0.01048423 66.90002 
1786050070.192 -0.003831075 0.00384826 -0.009560697 67.37253 
1786050070.255 -0.003825715 0.008013678 -0.009410233 67.84493 
1786050070.312 -0.003821113 0.00526019 -0.009838066 68.26501 
1786050070.363 -0.003816756 0.005053855 -0.0108088 68.6699 
1786050070.419 -0.003812398 0.008783328 -0.01111031 69.08247 
1786050070.481 -0.00380766 0.003885971 -0.009515751 69.53983 
1786050070.540 -0.003803399 0.006029312 -0.01085195 69.96753 
1786050070.590 -0.003799296 0.00646735 -0.01029426 70.37243 
1786050070.647 -0.003795203 0.008749155 -0.009252409 70.79244 
1786050070.707 -0.003791266 0.003308019 -0.01045415 71.22001 
1786050070.778 -0.003786267 0.006033543 -0.007736063 71.74184 
1786050070.852 -0.003781607 0.007173353 -0.005816785 72.27827 
1786050070.906 -0.003777578 0.006581105 -0.008270949 72.71278 
1786050070.964 -0.003774064 0.003492418 -0.007561172 73.12064 
1786050071.019 -0.003770789 0.006050031 -0.006082873 73.51703 
1786050071.082 -0.003767343 -5.168925e-05 -0.006845123 73.92906 
1786050071.149 -0.003763702 0.004502779 -0.006340031 74.38425 
1786050071.203 -0.003760628 0.005362936 -0.005464004 74.77891 
1786050071.262 -0.003757618 0.006567424 -0.004667732 75.17479 
1786050071.320 -0.003754869 0.004255781 -0.004632281 75.55261 
1786050071.390 -0.003751575 0.004347259 -0.004492481 76.00325 
1786050071.467 -0.003748217 0.002644572 -0.003492451 76.49149 
1786050071.543 -0.00374503 0.002407464 -0.002768526 76.96445 
1786050071.622 -0.003741891 0.006812004 -0.003842475 77.44154 
1786050071.691 -0.003739109 0.003639023 -0.003117045 77.88576 
1786050071.759 -0.003736756 0.007438838 0.0005790259 78.28074 
1786050071.815 -0.003734751 0.0007905829 -0.001295702 78.62174 
1786050071.871 -0.0037328 0.002716045 -0.0005495154 78.95793 
1786050071.935 -0.003730875 0.003066723 0.00217472 79.30635 
1786050071.996 -0.003729011 0.003074845 0.00402315 79.65468 
1786050072.063 -0.003727099 0.001767478 0.005267206 80.02446 
1786050072.120 -0.003725605 0.004463028 0.006473001 80.3232 
1786050072.174 -0.003724102 0.009378824 0.006895908 80.63316 
1786050072.236 -0.003722622 0.006819405 0.008204337 80.95373 
1786050072.296 -0.003721194 0.002094616 0.007455763 81.26355 
1786050072.355 -0.003719884 0.003793561 0.007165382 81.56299 
1786050072.409 -0.003718722 0.006003982 0.008269463 81.83746 
1786050072.463 -0.003717618 0.002986487 0.006821646 82.10728 
1786050072.522 -0.003716549 0.00328781 0.009523735 82.38231 
1786050072.609 -0.003715099 0.00192553 0.01107174 82.76009 
1786050072.691 -0.003713694 0.005643107 0.007987079 83.15057 
1786050072.770 -0.003712461 0.002141136 0.009106844 83.51283 
1786050072.848 -0.003711433 0.001882731 0.008484681 83.83536 
1786050072.921 -0.008710431 0.002452457 0.008786992 84.15788 
1786050072.987 -0.0037096 -0.0001758534 0.009466687 84.44312 
1786050073.053 -0.003708874 0.00500535 0.009724805 84.7052 
1786050073.111 -0.003708268 0.00142837 0.01000035 84.9339 
1786050073.163 -0.00370775 0.002356351 0.008501407 85.13835 
1786050073.225 -0.003707191 0.003727176 0.009549258 85.36857 
1786050073.283 -0.003706697 0.00535837 0.009551103 85.58225 
1786050073.345 -0.003706207 0.007683704 0.01015647 85.80506 
1786050073.402 -0.003705774 0.005118309 0.007818913 86.01175 
1786050073.457 -0.003705407 0.002898546 0.01049787 86.19631 
1786050073.515 -0.003705046 0.006055403 0.01010788 86.3865 
1786050073.573 -0.003704702 0.004222853 0.01106286 86.57818 
1786050073.638 0.001295636 0.006716895 0.008631505 86.78012 
1786050073.708 0.001295973 0.003456111 0.01113515 86.98801 
1786050073.773 0.001296251 0.002316193 0.01157967 87.1744 
1786050073.826 0.001296488 0.005024441 0.01171671 87.34357 
1786050073.882 0.001296693 0.00579825 0.01065147 87.49934 
1786050073.948 0.001296903 0.001777751 0.01077939 87.66883 
1786050074.012 0.001297091 0.001823795 0.0098103 87.83247 
1786050074.075 -0.003702735 0.004688842 0.01205198 87.99506 
1786050074.128 -0.003702604 0.00357192 0.01041223 88.1277 
1786050074.190 -0.003702473 0.002619779 0.008254166 88.27173 
1786050074.254 -0.003702352 0.003141752 0.01251289 88.41455 
1786050074.316 -0.003702254 0.0006870153 0.009556136 88.53839 
1786050074.379 -0.003702157 0.002306835 0.01251618 88.6733 
1786050074.430 -0.00370209 0.001398825 0.01161023 88.77693 
1786050074.487 -0.003702028 0.001399134 0.0123637 88.88182 
1786050074.546 -0.003701972 0.00294158 0.0114877 88.98207 
1786050074.606 -0.003701922 0.001291558 0.01244563 89.08427 
1786050074.659 -0.003701881 0.001469674 0.01282881 89.17628 
1786050074.712 -0.00370185 -0.0004180774 0.01309304 89.25468 
1786050074.769 -0.003701819 0.001684672 0.01153974 89.33871 
1786050074.834 -0.003701792 0.0005766387 0.01251203 89.42316 
1786050074.890 -0.003701772 0.0007446809 0.01277234 89.49692 
1786050074.943 -0.003701756 -0.002268224 0.01250348 89.56107 
1786050074.997 -0.008701744 -0.0006573952 0.01312092 89.62085 
1786050075.065 -0.008701732 -0.002953375 0.01292847 89.68895 
1786050075.129 -0.003701724 -0.004461798 0.01453398 89.74331 
1786050075.188 -0.003701718 -0.005608507 0.01369324 89.79407 
1786050075.241 0.001298286 0.001615533 0.01643223 89.83713 
1786050075.301 0.01129829 0.0130886 0.01783152 89.87454 
1786050075.363 0.01629829 0.01671801 0.01913986 89.90969 
1786050075.421 0.01629829 0.01651395 0.01908124 89.93692 
1786050075.470 0.01629829 0.01640482 0.01919503 89.95822 
1786050075.529 0.01629829 0.01634778 0.01892948 89.97596 
1786050075.585 0.01629829 0.01632628 0.01857993 89.98828 
1786050075.642 0.02129829 0.02032015 0.02064756 89.99653 
1786050075.697 0.02129829 0.02031957 0.0195198 89.99991 
1786050075.755 0.01629829 0.02031957 0.01901033 90 
1786050075.809 0.02129829 0.02031957 0.01774033 90 
1786050075.863 0.02129829 0.02031957 0.01774033 90 
1786050075.916 0.01629829 0.01631957 0.01647033 90 
1786050075.964 0.01629829 0.01631957 0.01647033 90 
1786050076.018 0.01629829 0.02031957 0.01647033 90 
1786050076.073 0.01629829 0.01631957 0.01647033 90 
1786050076.124 0.01629829 0.01631957 0.01647033 90 
1786050076.177 0.01629829 0.01631957 0.01520033 90 
1786050076.230 0.01629829 0.01631957 0.01520033 90 
1786050076.280 0.01629829 0.01631957 0.01520033 90 
1786050076.335 0.01629829 0.02031957 0.01520033 90 
1786050076.385 0.01629829 0.02031957 0.01520033 90 
1786050076.433 0.01629829 0.01631957 0.01520033 90 
1786050076.483 0.01629829 0.01631957 0.01520033 90 
1786050076.535 0.01629829 0.01631957 0.01520033 90 
1786050076.586 0.01629829 0.01631957 0.01393034 90 
1786050076.637 0.01629829 0.01631957 0.01393034 90 
1786050076.688 0.01129829 0.01631957 0.01393034 90 
1786050076.741 0.01629829 0.01631957 0.01393034 90 
1786050076.793 0.01629829 0.01631957 0.01393034 90 
1786050076.845 0.01629829 0.01631957 0.01393034 90 
1786050076.897 0.01129829 0.01631957 0.01393034 90 
1786050076.946 0.01129829 0.01631957 0.01393034 90 
1786050076.997 0.01129829 0.01631957 0.01393034 90 
1786050077.050 0.01629829 0.01231957 0.01393034 90 
1786050077.103 0.01629829 0.01631957 0.01266034 90 
1786050077.152 0.01129829 0.01631957 0.01393034 90 
1786050077.204 0.01129829 0.01231957 0.01266034 90 
1786050077.256 0.01129829 0.01231957 0.01393034 90 
1786050077.306 0.01129829 0.01231957 0.01266034 90 
1786050077.358 0.01629829 0.01231957 0.01266034 90 
1786050077.408 0.01629829 0.01631957 0.01393034 90 
1786050077.461 0.01129829 0.01631957 0.01266034 90 
1786050077.513 0.01129829 0.01231957 0.01266034 90 
1786050077.561 0.01129829 0.01231957 0.01266034 90 
1786050077.621 0.01629829 0.01631957 0.01266034 90 
1786050077.676 0.01629829 0.01631957 0.01266034 90 
1786050077.725 0.01629829 0.01631957 0.01266034 90 
1786050077.777 0.01129829 0.01231957 0.01139034 90 
1786050077.836 0.01129829 0.01231957 0.01139034 90 
1786050077.888 0.01129829 0.01231957 0.01139034 90 
1786050077.941 0.01129829 0.01231957 0.01266034 90 
1786050078.001 0.01129829 0.01231957 0.01139034 90 
1786050078.054 0.01129829 0.01231957 0.01139034 90 
1786050078.104 0.01129829 0.01231957 0.01139034 90 
1786050078.157 0.01129829 0.01231957 0.01139034 90 
1786050078.208 0.01129829 0.01231957 0.01139034 90 
1786050078.258 0.01129829 0.01631957 0.01139034 90 
1786050078.310 0.01129829 0.01631957 0.01054163 89.99992 
1786050078.366 0.01129829 0.01232012 0.01119071 89.99663 
1786050078.426 0.01129829 0.01232649 0.01328387 89.9881 
1786050078.481 0.01129829 0.008349721 0.01331692 89.97515 
1786050078.532 0.01129829 0.01240197 0.01397804 89.95893 
1786050078.587 0.01129829 0.01250864 0.01295729 89.93779 
1786050078.643 0.01129829 0.01269116 0.01323672 89.91277 
1786050078.697 0.01129829 0.009016102 0.01311428 89.8806 
1786050078.754 0.01129829 0.009497433 0.01326308 89.84474 
1786050078.820 0.01129828 0.01431354 0.01338598 89.79798 
1786050078.886 0.01129828 0.01145107 0.01273039 89.7468 
1786050078.947 0.01129827 0.01310562 0.01233153 89.68702 
1786050078.997 0.01129826 0.01088035 0.01319662 89.63356 
1786050079.051 0.01129825 0.01310812 0.01224884 89.57588 
1786050079.111 0.01129823 0.01203317 0.01202523 89.51035 
1786050079.168 0.01129821 0.01177623 0.01329002 89.43754 
1786050079.223 0.001298188 0.00435187 0.008508355 89.35967 
1786050079.275 -0.008701837 -0.002845656 0.006201642 89.28704 
1786050079.335 -0.01370187 -0.008266496 0.006020863 89.19811 
1786050079.392 -0.01370191 -0.01288823 0.005023225 89.10892 
1786050079.444 -0.01370196 -0.01228081 0.004945277 89.01504 
1786050079.496 -0.018702 -0.01126331 0.00622631 88.92543 
1786050079.562 -0.01370207 -0.01463509 0.004544977 88.80929 
1786050079.619 -0.01370214 -0.01250264 0.005765971 88.69519 
1786050079.674 -0.01370222 -0.01345237 0.005441352 88.57999 
1786050079.726 -0.01370231 -0.01340998 0.005335306 88.47064 
1786050079.788 -0.01370241 -0.01368442 0.00606965 88.34384 
1786050079.851 -0.01370253 -0.01029208 0.005332869 88.20507 
1786050079.903 -0.01370266 -0.01333041 0.006747369 88.06797 
1786050079.958 -0.0137028 -0.01102386 0.005930086 87.93331 
1786050080.027 -0.01370298 -0.0129406 0.006627189 87.77085 
1786050080.088 -0.01370318 -0.010844 0.00603157 87.60235 
1786050080.150 -0.01370339 -0.01052009 0.005808959 87.43589 
1786050080.201 -0.01370359 -0.01133372 0.006011495 87.28396 
1786050080.257 -0.01370382 -0.01184323 0.00634264 87.12475 
1786050080.312 -0.01370407 -0.01253145 0.005247274 86.96087 
1786050080.370 -0.01370434 -0.01318118 0.00651666 86.79248 
1786050080.423 -0.00870464 -0.01146383 0.006372347 86.61329 
1786050080.477 -0.01370494 -0.009466717 0.005906678 86.44227 
1786050080.533 -0.008705283 -0.01263848 0.006521495 86.2603 
1786050080.586 -0.01370564 -0.00947153 0.006647483 86.08065 
1786050080.637 -0.01370601 -0.009471998 0.00595712 85.89686 
1786050080.692 -0.008706424 -0.01091008 0.006679423 85.70525 
1786050080.753 -0.0137069 -0.01078312 0.005811579 85.49081 
1786050080.805 -0.01370738 -0.01243636 0.006221239 85.29004 
1786050080.857 -0.008707874 -0.009906784 0.006750231 85.08869 
1786050080.914 -0.01370841 -0.01137039 0.006567627 84.8792 
1786050080.979 -0.01370912 -0.01101966 0.00601938 84.6132 
1786050081.041 -0.01370979 -0.00844618 0.00624048 84.37752 
1786050081.096 -0.01371052 -0.008784187 0.007103981 84.12842 
1786050081.152 -0.008711232 -0.008638123 0.007088906 83.89529 
1786050081.224 -0.01371219 -0.01036596 0.005325702 83.5963 
1786050081.287 -0.01371315 -0.01046741 0.006866442 83.3039 
1786050081.347 -0.01371406 -0.01194893 0.005450839 83.04136 
1786050081.397 -0.008714961 -0.008279949 0.007457163 82.79721 
1786050081.452 -0.008715872 -0.01086614 0.00672297 82.5487 
1786050081.508 -0.008716943 -0.009849495 0.007065974 82.27678 
1786050081.558 -0.008717933 -0.00871693 0.0065283 82.02931 
1786050081.611 -0.008719013 -0.006576539 0.006904323 81.76808 
1786050081.664 -0.01372012 -0.01052463 0.006783106 81.50766 
1786050081.716 -0.008721286 -0.008461201 0.006536298 81.2431 
1786050081.769 -0.00872255 -0.01093209 0.006494177 80.96419 
1786050081.821 -0.0087238 -0.008291394 0.006593048 80.69665 
1786050081.886 -0.01372542 -0.00692735 0.005523079 80.36079 
1786050081.950 -0.008727182 -0.01429683 0.006893964 80.00818 
1786050082.003 -0.008728719 -0.008711526 0.007463398 79.7104 
1786050082.058 -0.008730355 -0.008294225 0.006970826 79.40243 
1786050082.112 -0.013732 -0.01008218 0.006204016 79.10156 
1786050082.170 -0.008733814 -0.007656261 0.005615744 78.77892 
1786050082.223 -0.008735708 -0.01138741 0.006531686 78.44577 
1786050082.276 -0.008737576 -0.005262949 0.006885873 78.13772 
1786050082.340 -0.008739781 -0.008015766 0.006609909 77.77704 
1786050082.403 -0.008742244 -0.005721204 0.00555563 77.38024 
1786050082.456 -0.008744535 -0.01211768 0.007291696 77.03332 
1786050082.510 -0.008746794 -0.008804583 0.006337589 76.69432 
1786050082.567 -0.008749228 -0.007867539 0.006067537 76.33811 
1786050082.633 -0.01375208 -0.01076732 0.00596745 75.93186 
1786050082.685 -0.008754628 -0.008478018 0.006431804 75.57224 
1786050082.741 -0.008757418 -0.007595407 0.007731995 75.19488 
1786050082.802 -0.008760524 -0.006489587 0.006629613 74.79226 
1786050082.861 -0.008763648 -0.005808854 0.007558419 74.39126 
1786050082.912 -0.01376645 -0.007354905 0.007219958 74.04025 
1786050082.965 -0.008769453 -0.00917593 0.007020214 73.67142 
1786050083.014 -0.008772383 -0.005596673 0.00581474 73.31954 
1786050083.066 -0.008775406 -0.008281156 0.005971174 72.96384 
1786050083.121 -0.008778904 -0.008196808 0.006575386 72.56137 
1786050083.171 -0.00878213 -0.008114321 0.007013168 72.19782 
1786050083.222 -0.008785589 -0.007397349 0.006760108 71.81579 
1786050083.275 -0.008789157 -0.005899712 0.007071955 71.42978 
1786050083.326 -0.008792831 -0.008286781 0.005866145 71.03998 
1786050083.388 -0.008797093 -0.008380468 0.004046084 70.59008 
1786050083.459 -0.008802272 -0.009220199 0.003022271 70.07251 
1786050083.519 -0.00880674 -0.01187289 0.002131096 69.63021 
1786050083.577 -0.008811537 -0.007808459 0.00309948 69.16507 
1786050083.628 -0.008815639 -0.008267949 0.002753255 68.77508 
1786050083.695 -0.008820707 -0.008895798 0.000499305 68.29497 
1786050083.760 -0.008825798 -0.008306734 -0.002756267 67.8224 
1786050083.811 -0.008830653 -0.008888021 0.0004937729 67.40255 
1786050083.867 -0.008835339 -0.005819253 -0.0004006665 66.99007 
1786050083.931 -0.008840543 -0.007928516 -0.001865208 66.54011 
1786050083.987 -0.008845753 -0.00890231 -0.002604053 66.09742 
1786050084.042 -0.008850692 -0.009581029 -0.001575499 65.6851 
1786050084.095 -0.008855711 -0.007108122 -0.001042945 65.27252 
1786050084.151 -0.008860715 -0.007369128 -0.003568172 64.86757 
1786050084.208 -0.00886608 -0.006792907 -0.003389987 64.43988 
1786050084.261 -0.008871144 -0.007661694 -0.004778533 64.03503 
1786050084.318 -0.008876671 -0.01204798 -0.007799032 63.61468 
1786050084.371 -0.008882084 -0.01030743 -0.005158072 63.20262 
1786050084.430 -0.008887574 -0.009726001 -0.006202967 62.79006 
1786050084.480 -0.008892938 -0.009823663 -0.005065026 62.38508 
1786050084.532 -0.00889827 -0.01087499 -0.007000106 62.00237 
1786050084.585 -0.008903776 -0.007377309 -0.005265939 61.60508 
1786050084.647 -0.008909882 -0.00911943 -0.007256449 61.16989 
1786050084.697 -0.003915751 -0.008221225 -0.004875264 60.75756 
1786050084.751 -0.008921588 -0.005588314 -0.005197101 60.35254 
1786050084.809 -0.008927717 -0.01096089 -0.006803579 59.93261 
1786050084.863 -0.003933813 -0.00271722 -0.004971128 59.52007 
1786050084.913 -0.008939533 -0.006340947 -0.004594109 59.13757 
1786050084.970 -0.008945773 -0.00873545 -0.008621272 58.71695 
1786050085.035 -0.008952665 -0.008099056 -0.005725956 58.2676 
1786050085.093 -0.008959646 -0.00499557 -0.005596934 57.82501 
1786050085.144 -0.00396624 -0.009576878 -0.006200687 57.40499 
1786050085.205 -0.00897339 -0.004086768 -0.006087064 56.95497 
1786050085.262 -0.008980141 -0.0106632 -0.005722475 56.53499 
1786050085.320 -0.008986968 -0.007448068 -0.004136415 56.10767 
1786050085.374 -0.008993994 -0.009409562 -0.006158433 55.68004 
1786050085.425 -0.009000345 -0.00803725 -0.005835242 55.30511 
1786050085.481 -0.004007264 -0.01068087 -0.005372324 54.89256 
1786050085.539 -0.004014637 -0.006517071 -0.005939115 54.4574 
1786050085.591 -0.004021185 -0.003870614 -0.005001122 54.07511 
1786050085.646 -0.009028445 -0.005279064 -0.004596328 53.65509 
1786050085.703 -0.004035778 -0.004804101 -0.005516718 53.23517 
1786050085.757 -0.004043183 -0.002520979 -0.005323787 52.81504 
1786050085.808 -0.00904999 -0.01056338 -0.005387442 52.43251 
1786050085.868 -0.009058074 -0.006698395 -0.005869555 51.98271 
1786050085.932 -0.004066376 -0.009122459 -0.004714202 51.52498 
1786050085.989 -0.004074347 -0.006674538 -0.005067671 51.09008 
1786050086.040 -0.004081837 -0.008287871 -0.004710676 50.68508 
1786050086.105 -0.009090656 -0.007836302 -0.004646379 50.21261 
1786050086.169 -0.009099564 -0.006621586 -0.007112422 49.73995 
1786050086.225 -0.004107412 -0.003819374 -0.005284929 49.32753 
1786050086.276 -0.009115325 -0.004406863 -0.005403483 48.91503 
1786050086.333 -0.00412345 -0.004638805 -0.005321111 48.49522 
1786050086.387 -0.004131202 -0.004110136 -0.006260215 48.09739 
1786050086.443 -0.004139163 -0.007828991 -0.00620496 47.68515 
1786050086.497 -0.004147632 -0.01023035 -0.005549775 47.26513 
1786050086.552 -0.00415572 -0.009667919 -0.005471811 46.86002 
1786050086.609 -0.009164171 -0.006610463 -0.006344499 46.43251 
1786050086.663 -0.004172383 -0.003244505 -0.005763705 46.035 
1786050086.720 -0.004181424 -0.004543128 -0.006033981 45.59268 
1786050086.772 -0.004189606 -0.00178169 -0.005333389 45.19509 
1786050086.829 -0.004198002 -0.002268401 -0.006248978 44.78987 
1786050086.882 -0.009206772 -0.007440288 -0.006795987 44.36987 
1786050086.936 -0.004215288 -0.005011132 -0.005565908 43.96509 
1786050086.991 -0.009223862 -0.007455477 -0.005711756 43.56003 
1786050087.056 -0.004233296 -0.00965119 -0.006004178 43.11772 
1786050087.111 -0.009242637 -0.005638755 -0.005546625 42.68264 
1786050087.162 -0.004251556 -0.006322108 -0.006872043 42.27007 
1786050087.222 -0.00426086 -0.001267032 -0.005111774 41.84253 
1786050087.281 -0.004270392 -0.005313489 -0.006830902 41.39978 
1786050087.335 -0.004279822 -0.003821275 -0.00643217 40.98001 
1786050087.393 -0.009289481 -0.007217687 -0.006357828 40.54511 
1786050087.452 -0.00429937 -0.002479441 -0.005983983 40.10272 
1786050087.509 -0.004308985 -0.006060072 -0.006540792 39.67503 
1786050087.562 -0.004317639 -0.009281035 -0.006321264 39.29254 
1786050087.618 -0.00932771 -0.009952399 -0.005705466 38.85007 
1786050087.675 -0.004336982 -0.007095715 -0.005693127 38.44498 
1786050087.737 -0.009347692 -0.004507552 -0.006520583 37.97252 
1786050087.793 -0.00935725 -0.002888207 -0.006925923 37.55991 
1786050087.851 -0.004367562 -0.006711802 -0.007963027 37.12486 
1786050087.901 -0.004376877 -0.003686341 -0.005727235 36.72758 
1786050087.956 -0.004386241 -0.00342805 -0.005705841 36.33 
1786050088.012 -0.004396364 -0.006001003 -0.005955716 35.90259 
1786050088.061 -0.004405289 -0.009386924 -0.005938757 35.5276 
1786050088.117 -0.004414976 -0.007437447 -0.006773299 35.11501 
1786050088.184 -0.009427061 -0.007322146 -0.006175376 34.62023 
1786050088.247 -0.009437764 -0.004450682 -0.005408063 34.17009 
1786050088.301 -0.004448706 -0.005389376 -0.00622388 33.72758 
1786050088.354 -0.004458236 -0.001337335 -0.00657183 33.33756 
1786050088.416 -0.0044691 -0.002391832 -0.005642415 32.89498 
1786050088.484 -0.004481504 -0.0055046 -0.007045117 32.39265 
1786050088.538 -0.004492297 -0.004145747 -0.006863245 31.95755 
1786050088.589 -0.009502017 -0.007707209 -0.005583419 31.56758 
1786050088.647 -0.004512719 -0.003829635 -0.006127999 31.14027 
1786050088.707 -0.004523091 -0.002815768 -0.00530461 30.72009 
1786050088.759 -0.009533887 -0.0009967242 -0.005329052 30.30003 
1786050088.811 -0.004543777 -0.004089956 -0.006157266 29.91006 
1786050088.867 -0.004554281 -0.002145132 -0.006081912 29.49755 
1786050088.925 -0.009565595 -0.005214852 -0.006181289 29.0551 
1786050088.980 -0.004576186 -0.002417444 -0.005686093 28.64262 
1786050089.033 -0.004586626 -0.008643811 -0.006626598 28.23766 
1786050089.087 -0.004596911 -0.004417661 -0.007003846 27.83994 
1786050089.145 -0.004607818 -0.005176908 -0.00618203 27.42003 
1786050089.199 -0.004618768 -0.001998553 -0.005420337 27.00011 
1786050089.251 -0.004628972 -0.001180899 -0.006307701 26.60995 
1786050089.307 -0.004639605 -0.0006892083 -0.006760205 26.19754 
1786050089.369 -0.004650671 -0.003047819 -0.006408621 25.7773 
1786050089.420 -0.004662572 -0.004068953 -0.005753171 25.33507 
1786050089.473 -0.00467312 -0.005391642 -0.005334039 24.93764 
1786050089.542 -0.004686504 -0.005231623 -0.006394282 24.42761 
1786050089.616 -0.004700746 0.002669146 -0.006274415 23.89497 
1786050089.680 -0.004713634 -0.005431631 -0.007050718 23.4148 
1786050089.740 -0.004725961 -0.005637537 -0.00684796 22.96501 
1786050089.792 -0.004737111 -0.004040798 -0.006261015 22.5526 
1786050089.850 -0.004748703 -0.006276808 -0.006598414 22.11763 
1786050089.906 -0.00475992 -0.007811523 -0.007419698 21.71249 
1786050089.957 -0.004770761 -0.005433278 -0.006641574 21.31501 
1786050090.011 -0.004781836 -0.002220011 -0.006528039 20.90992 
1786050090.073 0.0002062349 4.426234e-05 -0.005774034 20.47511 
1786050090.131 0.0001938589 -0.004326159 -0.006274574 20.02507 
1786050090.182 0.0001828973 -0.006812645 -0.007129284 19.62752 
1786050090.235 0.0001719085 -0.008113025 -0.007429155 19.22244 
1786050090.290 0.0001602689 -0.009096172 -0.006781598 18.81004 
1786050090.348 0.0001483914 -0.00467597 -0.006808724 18.3825 
1786050090.400 0.0001375302 -0.002324527 -0.006017741 17.99253 
1786050090.452 0.0001266448 -0.003382279 -0.006662107 17.60254 
1786050090.508 0.000115316 -0.003724918 -0.006792624 17.1976 
1786050090.562 0.0001037518 -0.007129317 -0.00629562 16.78508 
1786050090.620 9.110765e-05 -0.008280271 -0.007052792 16.33509 
1786050090.673 7.991442e-05 -0.006529697 -0.007046998 15.93757 
1786050090.737 6.679231e-05 -0.00439185 -0.007217052 15.47256 
1786050090.804 5.300359e-05 -0.00694001 -0.006584479 14.98506 
1786050090.858 -0.004959114 -0.0006574689 -0.007236493 14.55755 
1786050090.913 2.917137e-05 -0.003321325 -0.006314584 14.14505 
1786050090.973 1.679469e-05 -0.007549348 -0.006875688 13.7101 
1786050091.035 4.181079e-06 -0.006527296 -0.006870601 13.2674 
1786050091.092 -8.455522e-06 -0.009114312 -0.006437647 12.82501 
1786050091.145 -0.00502047 -0.002486433 -0.007246486 12.40494 
1786050091.203 -3.293433e-05 -0.002005617 -0.006191631 11.97034 
1786050091.260 -0.005044772 -0.005108566 -0.006528034 11.5576 
1786050091.313 -5.641213e-05 -0.002077207 -0.007142707 11.15252 
1786050091.368 -6.828413e-05 -0.005438423 -0.006562485 10.73245 
1786050091.420 -7.973977e-05 -0.006825626 -0.006037712 10.34257 
1786050091.482 -9.207617e-05 -0.006746013 -0.007168629 9.9077 
1786050091.538 -0.0001046455 -0.004759976 -0.007463539 9.472414 
1786050091.590 -0.0001163624 -0.0004225616 -0.006972456 9.075068 
1786050091.643 -0.0001283098 -0.002631131 -0.006528196 8.662488 
1786050091.705 -0.0001411407 -0.004110442 -0.007353676 8.219956 
1786050091.760 -0.0001533324 -0.003659809 -0.007356675 7.800124 
1786050091.811 -0.0001648823 -0.009790895 -0.007621782 7.402439 
1786050091.873 -0.0001779703 -0.00618584 -0.007805267 6.952535 
1786050091.938 -0.0001915076 -0.004746202 -0.006700768 6.487611 
1786050092.011 -0.0002074627 -0.00555241 -0.006399486 5.940086 
1786050092.071 -0.0002212449 -0.00133547 -0.00638517 5.4677 
1786050092.124 -0.000233286 -0.005662702 -0.006709453 5.055061 
1786050092.181 -0.0002451156 -0.01037618 -0.006676822 4.650172 
1786050092.245 -0.0002589253 -0.004907648 -0.006297862 4.177671 
1786050092.302 0.004728134 -0.003552766 -0.006630592 3.727418 
1786050092.352 0.004716724 -0.002183612 -0.006626037 3.345068 
1786050092.407 0.004704869 -0.002179707 -0.006787548 2.940135 
1786050092.461 0.00469323 -0.001353755 -0.006445342 2.535048 
1786050092.511 0.004681807 -0.005698638 -0.00650138 2.152573 
1786050092.562 0.004670601 -0.00550657 -0.006873362 1.770103 
1786050092.615 0.004659173 -0.006895955 -0.007820569 1.380127 
1786050092.671 0.004647084 -0.00399483 -0.006797641 0.9599234 
1786050092.722 0.004635652 -0.006741057 -0.007276231 0.5775326 
1786050092.775 0.004624 -0.001365192 -0.006535308 0.1801148 
1786050092.835 0.004611029 -0.004007687 -0.007048878 -0.2623406 
1786050092.898 0.009598058 -0.006737839 -0.006375051 -0.704831 
1786050092.953 0.004585088 -0.003722655 -0.006626215 -1.154891 
1786050093.004 0.004573439 -0.004893201 -0.00726747 -1.544975 
1786050093.071 0.004558936 -0.002969026 -0.007592952 -2.039809 
1786050093.140 0.004544876 -0.001793875 -0.007821982 -2.52021 
1786050093.207 0.004530383 -0.001745795 -0.008278353 -3.014934 
1786050093.264 0.004517432 -0.002425791 -0.008428234 -3.464972 
1786050093.318 0.004504707 -0.001977089 -0.008322849 -3.892465 
1786050093.372 0.004492865 -0.008352298 -0.00894984 -4.29751 
1786050093.433 0.004480372 -0.002386906 -0.009240882 -4.72487 
1786050093.488 0.004468106 -0.003712311 -0.008320703 -5.144914 
1786050093.542 0.00445541 0.0009981479 -0.008592396 -5.579779 
1786050093.601 0.004442724 -8.925077e-05 -0.008216207 -6.014989 
1786050093.657 0.004430703 -0.006562289 -0.009185059 -6.434858 
1786050093.710 0.004419347 -0.007420622 -0.008548684 -6.825026 
1786050093.767 0.004406473 -0.008733079 -0.008688619 -7.259968 
1786050093.818 0.004395355 -0.005369871 -0.008267071 -7.642444 
1786050093.872 0.004384247 -0.003907914 -0.008044564 -8.025168 
1786050093.932 -0.0006283725 -0.005695656 -0.007936776 -8.460003 
1786050093.982 -0.0006405437 -0.001173757 -0.009333285 -8.879972 
1786050094.036 -0.00065205 -0.003628503 -0.008697304 -9.277422 
1786050094.093 -0.0006633265 -0.00596478 -0.007354659 -9.667364 
1786050094.150 -0.0006767545 -0.005405206 -0.007902197 -10.13257 
1786050094.201 -0.0006880018 -0.005343303 -0.008176555 -10.52259 
1786050094.259 -0.0006998824 -0.004310378 -0.008834331 -10.93512 
1786050094.313 -0.0007117465 -0.006431414 -0.008036698 -11.34782 
1786050094.363 -0.0007229477 -0.003152501 -0.009320923 -11.73742 
1786050094.420 -0.000734563 -0.004795013 -0.008465006 -12.15011 
1786050094.485 -0.0007480919 -0.004979946 -0.009467579 -12.6227 
1786050094.546 -0.0007615957 -0.005929246 -0.009547243 -13.08749 
1786050094.597 -0.0007729361 -0.004070353 -0.009176084 -13.48498 
1786050094.666 -0.0007872451 -0.003263339 -0.009175011 -13.98731 
1786050094.730 -0.0008010971 -0.001730017 -0.008303733 -14.47498 
1786050094.789 -0.0008136441 -0.001420229 -0.008146547 -14.91751 
1786050094.853 -0.0008270133 -0.004089836 -0.008778688 -15.39006 
1786050094.908 -0.0008390832 -0.006917652 -0.009937311 -15.81741 
1786050094.963 -0.0008509165 -0.006926544 -0.01018375 -16.2376 
1786050095.020 -0.0008623032 -0.004212593 -0.009865628 -16.65012 
1786050095.078 -0.000874927 -0.001252067 -0.01002996 -17.09246 
1786050095.138 -0.0008873107 -0.004144486 -0.009432035 -17.53497 
1786050095.193 -0.0008988276 -0.00862668 -0.00854227 -17.95519 
1786050095.252 -0.000910735 -0.01042239 -0.01007963 -18.37511 
1786050095.312 -0.0009234454 -0.01092256 -0.009320903 -18.83281 
1786050095.377 -0.0009365362 -0.002764512 -0.009951867 -19.30474 
1786050095.432 -0.0009485547 -0.00340385 -0.009726709 -19.73995 
1786050095.488 -0.0009601277 -0.001117762 -0.01065182 -20.15994 
1786050095.554 0.004026684 -0.00235746 -0.01011089 -20.63964 
1786050095.618 0.004013743 -0.006702597 -0.01043086 -21.11242 
1786050095.690 0.00399982 -0.007707592 -0.01061064 -21.62245 
1786050095.762 0.003984929 -0.007627416 -0.00943794 -22.17027 
1786050095.822 0.00397192 -0.003271249 -0.01030351 -22.64999 
1786050095.875 0.003960373 -0.001935457 -0.01059052 -23.07744 
1786050095.932 0.003949266 -0.002105708 -0.01056212 -23.49734 
1786050095.989 0.003937993 -0.003533063 -0.01059019 -23.90986 
1786050096.048 0.003926155 -0.006667945 -0.009944792 -24.35248 
1786050096.110 0.00391356 -0.009237028 -0.009576389 -24.83261 
1786050096.164 0.003902604 -0.004740271 -0.008813977 -25.2376 
1786050096.217 0.003892081 -0.003040126 -0.009608934 -25.63497 
1786050096.277 0.003880606 0.0005963577 -0.009846572 -26.06996 
1786050096.335 0.003868976 0.001681922 -0.009874006 -26.51242 
1786050096.407 0.00385504 -0.0008212185 -0.009439338 -27.05237 
1786050096.475 0.00384195 -0.004817379 -0.009216483 -27.54753 
1786050096.553 0.003827174 -0.002815573 -0.01069637 -28.11738 
1786050096.625 0.003812863 -0.001450893 -0.01130368 -28.67232 
1786050096.695 0.003799202 -0.0004698023 -0.00985246 -29.20487 
1786050096.757 0.003787331 0.002745826 -0.01169925 -29.67 
1786050096.823 0.003774564 0.00103937 -0.01036457 -30.17248 
1786050096.898 0.003760728 -0.0004351083 -0.009114608 -30.72011 
1786050096.969 0.003747346 -0.0006587326 -0.009786153 -31.25252 
1786050097.031 0.003735722 -0.0006033845 -0.01053921 -31.7175 
1786050097.092 0.003724156 0.0003443315 -0.01021479 -32.18258 
1786050097.146 0.003713574 0.001226087 -0.009820519 -32.60994 
1786050097.215 0.003701201 0.004335635 -0.01104938 -33.1124 
1786050097.272 0.003691097 0.002136146 -0.01086628 -33.525 
1786050097.333 0.003679946 -0.0002839846 -0.01160844 -33.98247 
1786050097.392 0.003668856 -0.002135498 -0.01025951 -34.43997 
1786050097.447 0.003658727 -0.003785689 -0.01113165 -34.86001 
1786050097.500 0.00364901 0.0001509102 -0.01067257 -35.26499 
1786050097.558 0.003639162 -0.0009492796 -0.01041358 -35.69243 
1786050097.617 0.008628654 0.003738894 -0.009417864 -36.11999 
1786050097.674 0.003618736 0.002062559 -0.01054535 -36.53983 
1786050097.728 0.003608695 0.003673921 -0.01012994 -36.9675 
1786050097.788 0.003598187 -0.001391408 -0.01033307 -37.41749 
1786050097.849 0.003588089 -0.0007816524 -0.01027103 -37.85251 
1786050097.902 0.003578395 0.002559772 -0.01215325 -38.2799 
1786050097.959 0.003568414 0.0007641681 -0.01022439 -38.7074 
1786050098.027 0.003557812 -0.002357909 -0.009256071 -39.18011 
1786050098.086 0.00354728 0.005174387 -0.01098727 -39.63723 
1786050098.158 0.003535641 0.007962729 -0.01000063 -40.15496 
1786050098.213 0.003525592 0.007111873 -0.01022067 -40.60493 
1786050098.277 0.003514948 0.004006895 -0.01134766 -41.08491 
1786050098.337 0.008505533 0.002102135 -0.01106428 -41.51241 
1786050098.393 0.008496344 0.0003616233 -0.01018291 -41.93988 
1786050098.451 0.008486403 0.003738918 -0.01097071 -42.38994 
1786050098.503 0.003477986 0.003346299 -0.01145571 -42.77995 
1786050098.555 0.003469621 0.003481526 -0.009668641 -43.17737 
1786050098.610 0.003460832 0.007470425 -0.01125579 -43.58246 
1786050098.663 0.003452577 0.007980682 -0.01058761 -43.97242 
1786050098.718 0.003443748 0.006218712 -0.00981154 -44.39249 
1786050098.773 0.003435138 0.006608758 -0.0108105 -44.80495 
1786050098.831 0.00342628 0.00643028 -0.01083059 -45.23242 
1786050098.886 0.003417949 0.001515047 -0.00955114 -45.63741 
1786050098.938 0.003409525 0.002285138 -0.01160603 -46.04996 
1786050098.995 0.008401165 0.003085073 -0.0111911 -46.46996 
1786050099.062 0.008391065 0.003985247 -0.009334878 -46.96499 
1786050099.129 0.008381952 0.004875012 -0.009315908 -47.43 
1786050099.181 0.003373065 0.005726477 -0.01142874 -47.87244 
1786050099.233 0.003365425 0.0088174 -0.0101585 -48.26249 
1786050099.292 0.008357263 0.00374154 -0.01027943 -48.68249 
1786050099.352 0.008348305 0.002589195 -0.01034875 -49.14738 
1786050099.402 0.003340999 0.005175743 -0.01066276 -49.53749 
1786050099.457 0.003333325 -0.0005165571 -0.01084478 -49.93493 
1786050099.516 0.003325435 0.001153542 -0.009309323 -50.36247 
1786050099.579 0.003316503 -0.001224125 -0.01077379 -50.84235 
1786050099.630 0.003309038 0.002035385 -0.01152222 -51.24 
1786050099.681 0.003302184 0.003056437 -0.009435851 -51.6224 
1786050099.736 0.003294709 0.00253708 -0.01010096 -52.02749 
1786050099.788 0.00328784 0.006490959 -0.010966 -52.40995 
1786050099.842 0.003280498 0.004645805 -0.009567783 -52.82238 
1786050099.895 0.003273489 0.007280432 -0.01063836 -53.21995 
1786050099.952 0.003266154 0.004249844 -0.01062126 -53.6399 
1786050100.005 0.003259278 0.002039497 -0.009987751 -54.04496 
1786050100.058 0.00325234 -0.001559984 -0.01114471 -54.44996 
1786050100.114 0.003245344 -0.005368815 -0.01019019 -54.85498 
1786050100.178 0.003237668 -0.003315292 -0.0086101 -55.31251 
1786050100.231 0.003230822 0.0001217355 -0.0110881 -55.72493 
1786050100.283 0.003224048 -0.002180421 -0.01022955 -56.13743 
1786050100.343 0.003216862 -0.00174614 -0.01147734 -56.57994 
1786050100.409 0.003209162 0.0009369067 -0.01019095 -57.06009 
1786050100.482 0.003200735 -0.001635075 -0.0101423 -57.5926 
1786050100.543 0.003193476 0.0006536338 -0.01021427 -58.05748 
1786050100.594 0.003187116 -0.002622265 -0.009854056 -58.47747 
1786050100.647 0.003181057 0.0006095323 -0.01060616 -58.86737 
1786050100.708 0.003174505 -0.004180864 -0.00956466 -59.30248 
1786050100.761 0.003168591 -0.006734396 -0.01065097 -59.69996 
1786050100.815 0.003162528 -0.004762242 -0.01105115 -60.1124 
1786050100.869 0.003156541 -0.005205326 -0.009576291 -60.52491 
1786050100.927 0.003150415 -0.003338875 -0.01095251 -60.95237 
1786050100.979 0.003144688 -0.001443902 -0.01076461 -61.35741 
1786050101.032 0.003139242 -0.005357187 -0.009049975 -61.7475 
1786050101.087 0.003133556 -0.003512804 -0.01017653 -62.16007 
1786050101.147 0.003127745 -0.001697572 -0.00852163 -62.58764 
1786050101.200 0.003122117 -0.002790202 -0.01069184 -63.00745 
1786050101.252 0.003116963 -0.002413207 -0.008919415 -63.39754 
1786050101.309 0.00811149 -0.001177593 -0.008296288 -63.81762 
1786050101.371 0.003106003 -0.001162155 -0.008645339 -64.24513 
1786050101.422 0.0031006 -0.00327023 -0.01025827 -64.67998 
1786050101.474 0.003095744 -0.004195496 -0.01098609 -65.07 
1786050101.547 0.003089138 -0.004153877 -0.008932628 -65.61011 
1786050101.611 0.003083468 -0.005410946 -0.01063979 -66.08241 
1786050101.669 0.003078517 -0.007710773 -0.007014559 -66.49518 
1786050101.719 0.003073734 -0.002283309 -0.01100792 -66.90743 
1786050101.780 0.003068777 -0.003601784 -0.009489007 -67.34234 
1786050101.840 0.00306366 -0.006364396 -0.008523217 -67.79985 
1786050101.901 0.003058643 -0.004062828 -0.010205 -68.25752 
1786050101.951 0.003054444 -0.002861209 -0.01005676 -68.65492 
1786050102.008 0.003050003 -0.002026737 -0.0114103 -69.0753 
1786050102.061 0.003045878 -0.002169042 -0.009907752 -69.46491 
1786050102.116 0.003041904 -0.003227957 -0.008689521 -69.85505 
1786050102.169 0.003037706 -0.001511958 -0.009386767 -70.27507 
1786050102.220 0.003033957 -0.001493481 -0.009802878 -70.66496 
1786050102.279 0.003029851 -0.001201864 -0.01018285 -71.08498 
1786050102.333 0.00302598 -0.001894962 -0.007735751 -71.50411 
1786050102.383 0.00302243 -0.004022882 -0.008736447 -71.882 
1786050102.441 0.003018664 -0.004749673 -0.006872086 -72.2998 
1786050102.503 0.003014775 -0.005966714 -0.007266015 -72.7415 
1786050102.557 0.003011391 -0.007622588 -0.00632415 -73.13511 
1786050102.607 0.008008354 -0.00366945 -0.007099203 -73.49588 
1786050102.674 0.003004622 -0.004209388 -0.007618946 -73.95693 
1786050102.739 0.003000988 -0.00883875 -0.005264085 -74.40472 
1786050102.806 0.002997557 -0.005611172 -0.00567841 -74.84611 
1786050102.862 0.002994667 -0.001594065 -0.003634892 -75.22817 
1786050102.916 0.002991932 -0.007287468 -0.006656954 -75.59851 
1786050102.972 0.002989345 -0.005168098 -0.005556247 -75.95771 
1786050103.032 0.002986853 -0.005292672 -0.003153048 -76.31263 
1786050103.086 0.002984327 -0.006739124 -0.004813413 -76.68164 
1786050103.143 0.002981901 -0.003474101 -0.004869359 -77.04566 
1786050103.201 0.002979574 -0.002991853 -0.004388304 -77.40449 
1786050103.257 0.002977417 -0.003189518 -0.004159054 -77.74664 
1786050103.309 0.002975493 -0.003672543 -0.003185407 -78.05991 
1786050103.360 0.002973677 -0.004783161 -0.002898282 -78.36319 
1786050103.414 0.007971828 -0.003756059 -0.00154434 -78.68004 
1786050103.472 0.002970055 -0.001024008 0.0003315827 -78.99242 
1786050103.528 0.0029682 -0.002818384 0.0007877673 -79.32908 
1786050103.579 0.002966606 0.001612813 0.001322449 -79.62673 
1786050103.634 0.002965078 0.001394117 0.00320275 -79.9203 
1786050103.687 0.002963642 0.003713208 0.005958963 -80.20424 
1786050103.739 0.007962214 0.0003994055 0.006343099 -80.50014 
1786050103.792 0.007960874 0.0003088363 0.007803514 -80.77569 
1786050103.865 0.007959172 0.00151435 0.007071357 -81.14541 
1786050103.934 0.002957702 0.006167764 0.009466912 -81.48243 
1786050103.995 0.002956377 0.003231358 0.008586413 -81.78792 
1786050104.047 0.002955223 0.007725119 0.00705408 -82.06835 
1786050104.105 0.002954108 0.004544331 0.007454593 -82.34864 
1786050104.171 0.002952964 0.00698813 0.008500936 -82.6476 
1786050104.234 0.002951887 0.004681781 0.008489042 -82.94045 
1786050104.293 0.002950921 0.005185801 0.009080389 -83.21395 
1786050104.345 0.007950085 0.004918525 0.009531339 -83.45983 
1786050104.403 0.002949266 0.005330281 0.009055809 -83.7098 
1786050104.458 0.00294852 0.00777069 0.01008814 -83.94648 
1786050104.507 0.002947879 0.006296668 0.01005699 -84.15771 
1786050104.558 0.002947259 0.008684911 0.01011225 -84.36924 
1786050104.613 0.007946639 0.007049062 0.009798239 -84.58899 
1786050104.668 0.002946077 0.00649125 0.008887965 -84.79661 
1786050104.721 0.007945497 0.009187896 0.009946954 -85.01926 
1786050104.770 0.007945028 0.004438083 0.01034416 -85.21067 
1786050104.826 0.00294456 0.004105324 0.01063921 -85.4021 
1786050104.879 0.002944088 0.002333005 0.009746623 -85.60777 
1786050104.931 0.00294367 0.006156096 0.009148451 -85.79797 
1786050104.988 0.002943265 0.00887443 0.009265338 -85.99446 
1786050105.049 0.002942861 0.00859518 0.01286233 -86.19652 
1786050105.103 0.0029425 0.005531153 0.009458665 -86.38314 
1786050105.155 0.002942194 0.003912779 0.009795788 -86.55243 
1786050105.224 0.002941853 0.005178702 0.009114794 -86.75206 
1786050105.290 0.002941517 0.005280571 0.01123034 -86.96392 
1786050105.353 0.002941231 0.003964786 0.01001002 -87.151 
1786050105.405 0.002941006 0.006850251 0.01127131 -87.30957 
1786050105.456 0.002940815 0.007416938 0.009406899 -87.45247 
1786050105.511 0.002940625 0.007593124 0.01111157 -87.60227 
1786050105.570 0.002940447 0.005723743 0.01158071 -87.75273 
1786050105.623 0.002940287 0.004129198 0.00883217 -87.89577 
1786050105.677 0.002940151 0.006699529 0.01253338 -88.02928 
1786050105.737 0.002940014 0.004428836 0.0109667 -88.16774 
1786050105.795 0.002939895 0.007073355 0.01084548 -88.29899 
1786050105.849 0.002939791 0.006953271 0.01201675 -88.42309 
1786050105.900 0.002939704 0.007462761 0.01142207 -88.53418 
1786050105.958 0.002939623 0.007030929 0.01106473 -88.64726 
1786050106.015 0.002939547 0.005501818 0.01256153 -88.76159 
1786050106.068 0.002939486 0.005119076 0.01261132 -88.86165 
1786050106.121 0.002939432 0.007509983 0.01236211 -88.95925 
1786050106.181 0.00793938 0.005495225 0.0105845 -89.06254 
1786050106.252 0.002939332 0.006642284 0.01248391 -89.16995 
1786050106.304 0.002939296 0.005493525 0.01160593 -89.25746 
1786050106.358 0.002939267 0.006973296 0.01053899 -89.33729 
1786050106.421 0.002939241 0.003948898 0.01178344 -89.41918 
1786050106.485 0.002939219 0.004245114 0.01196563 -89.50057 
1786050106.542 0.002939203 0.003261015 0.01350761 -89.56682 
1786050106.594 0.00293919 0.005679036 0.01344146 -89.62829 
1786050106.650 0.002939181 0.0034936 0.01162115 -89.68215 
1786050106.710 0.002939173 0.005031217 0.01346424 -89.73628 
1786050106.767 0.002939167 0.006194884 0.01239756 -89.78614 
1786050106.820 0.002939162 0.006982813 0.0134058 -89.82791 
1786050106.878 0.002939159 0.007566222 0.0139327 -89.86705 
1786050106.935 0.002939157 0.003941777 0.01326321 -89.90008 
1786050106.987 0.002939156 0.004165783 0.01381609 -89.92652 
1786050107.040 0.002939155 0.004307788 0.01402893 -89.95007 
1786050107.091 0.002939155 0.004379098 0.01478146 -89.96786 
1786050107.149 0.002939155 0.004415269 0.01442142 -89.9829 
1786050107.201 -0.002060845 0.004427022 0.01361821 -89.99279 
1786050107.253 -0.002060845 0.008429445 0.01354456 -89.99848 
1786050107.308 -0.002060845 0.004429558 0.01393034 -90 
1786050107.360 -0.002060845 0.004429558 0.01266034 -90 
1786050107.412 -0.002060845 0.004429558 0.01266034 -90 
1786050107.465 -0.002060845 0.004429558 0.01139034 -90 
1786050107.521 -0.002060845 0.008429558 0.01139034 -90 
1786050107.574 -0.002060845 0.004429558 0.01139034 -90 
1786050107.625 -0.002060845 0.004429558 0.01139034 -90 
1786050107.677 -0.002060845 0.004429558 0.01139034 -90 
1786050107.727 -0.002060845 0.004429558 0.01139034 -90 
1786050107.778 -0.002060845 0.004429558 0.01139034 -90 
1786050107.830 -0.002060845 0.004429558 0.01139034 -90 
1786050107.878 -0.002060845 0.004429558 0.01139034 -90 
1786050107.931 -0.002060845 0.004429558 0.01012034 -90 
1786050107.983 -0.002060845 0.004429558 0.01012034 -90 
1786050108.033 -0.002060845 0.004429558 0.01012034 -90 
1786050108.086 -0.002060845 0.004429558 0.01139034 -90 
1786050108.138 -0.002060845 0.008429558 0.01012034 -90 
1786050108.189 -0.002060845 0.004429558 0.01012034 -90 
1786050108.243 -0.002060845 0.004429558 0.01012034 -90 
1786050108.296 -0.002060845 0.004429558 0.01012034 -90 
1786050108.349 -0.002060845 0.004429558 0.01012034 -90 
1786050108.400 0.002939155 0.004429558 0.01012034 -90 
1786050108.451 0.002939155 0.004429558 0.01012034 -90 
1786050108.501 0.002939155 0.004429558 0.01012034 -90 
1786050108.553 0.002939155 0.008429558 0.01012034 -90 
1786050108.602 0.002939155 0.004429558 0.01012034 -90 
1786050108.655 0.002939155 0.004429558 0.01012034 -90 
1786050108.710 0.002939155 0.004429558 0.008850338 -90 
1786050108.761 0.002939155 0.008429558 0.01012034 -90 
1786050108.815 0.002939155 0.004429558 0.008850338 -90 
1786050108.868 0.002939155 0.004429558 0.01012034 -90 
1786050108.918 0.002939155 0.008429558 0.01012034 -90 
1786050108.969 0.002939155 0.004429558 0.01012034 -90 
1786050109.023 0.002939155 0.004429558 0.01012034 -90 
1786050109.072 0.002939155 0.004429558 0.008850338 -90 
1786050109.122 0.002939155 0.004429558 0.008850338 -90 
1786050109.174 0.002939155 0.004429558 0.008850338 -90 
1786050109.225 0.002939155 0.004429558 0.01012034 -90 
1786050109.278 0.002939155 0.004429558 0.01012034 -90 
1786050109.328 -0.002060845 0.004429558 0.01012034 -90 
1786050109.380 -0.002060845 0.004429558 0.01012034 -90 
1786050109.432 -0.002060845 0.004429558 0.008850338 -90 
1786050109.482 -0.002060845 0.004429558 0.008850338 -90 
1786050109.536 -0.002060845 0.004429558 0.008850338 -90 
1786050109.588 -0.002060845 0.008429558 0.008850338 -90 
1786050109.645 -0.002060845 0.004429558 0.008850338 -90 
1786050109.698 -0.002060845 0.004429558 0.008850338 -90 
1786050109.748 -0.002060845 0.004429558 0.008850338 -90 
1786050109.798 -0.002060845 0.004429558 0.008850338 -90 
1786050109.851 -0.002060845 0.004429558 0.008850338 -90 
1786050109.900 -0.002060845 0.004429558 0.008850338 -90 
1786050109.951 -0.002060845 0.004429516 0.01018542 -89.99908 
1786050110.007 0.002939155 0.008427588 0.01137144 -89.99365 
1786050110.057 0.007939155 0.01241806 0.01216555 -89.98467 
1786050110.110 0.01293916 0.01239063 0.01321246 -89.97177 
1786050110.167 0.01293916 0.0163256 0.01437238 -89.95388 
1786050110.226 0.01793916 0.01617575 0.0148583 -89.92793 
1786050110.278 0.01793916 0.01595238 0.0152822 -89.90063 
1786050110.343 0.01793916 0.0155744 0.01548142 -89.86769 
1786050110.409 0.01293916 0.0148323 0.01402105 -89.81919 
1786050110.469 0.01293917 0.01395116 0.01250241 -89.77477 
1786050110.521 0.01293917 0.01269875 0.01288539 -89.72367 
1786050110.576 0.01293918 0.01521493 0.01290348 -89.67332 
1786050110.638 0.01293919 0.01308506 0.01162555 -89.61229 
1786050110.696 0.01293921 0.01025714 0.0120206 -89.54371 
1786050110.745 0.01293922 0.0113242 0.01155598 -89.48208 
1786050110.799 0.007939243 0.007571137 0.01073702 -89.4126 
1786050110.859 0.007939268 0.006881848 0.00954664 -89.33591 
1786050110.921 0.0029393 0.004616751 0.008865819 -89.24547 
1786050110.978 0.002939339 0.001340443 0.009883621 -89.15255 
1786050111.027 0.002939376 -0.001741874 0.009471703 -89.07094 
1786050111.087 -0.002060575 -0.003243368 0.009370446 -88.97154 
1786050111.143 -0.002060521 -0.005454313 0.008988104 -88.87451 
1786050111.197 -0.002060456 -0.005800941 0.009443134 -88.76738 
1786050111.251 -0.007060387 -0.00711982 0.008544013 -88.66136 
1786050111.309 -0.007060305 -0.0107469 0.008464875 -88.54677 
1786050111.373 -0.007060211 -0.00871199 0.007468671 -88.42518 
1786050111.425 -0.007060097 -0.006434319 0.008118164 -88.28762 
1786050111.477 -0.007059986 -0.007571164 0.008426705 -88.16777 
1786050111.537 -0.007059857 -0.008365935 0.007822706 -88.03172 
1786050111.600 -0.007059691 -0.008032328 0.008525294 -87.8756 
1786050111.652 -0.007059532 -0.006290624 0.009324146 -87.73456 
1786050111.707 -0.007059365 -0.006296155 0.009165821 -87.59427 
1786050111.769 -0.007059149 -0.007518454 0.008234114 -87.42481 
1786050111.827 -0.007058926 -0.006013739 0.008253949 -87.2611 
1786050111.884 -0.007058683 -0.008557438 0.008422664 -87.09229 
1786050111.944 -0.007058407 -0.009231366 0.009712089 -86.9124 
1786050111.997 -0.007058142 -0.007812137 0.008786813 -86.74901 
1786050112.054 -0.007057839 -0.005618059 0.007521155 -86.57171 
1786050112.106 -0.007057524 -0.005828084 0.008295394 -86.39636 
1786050112.158 -0.007057211 -0.006925789 0.008641568 -86.22676 
1786050112.213 -0.007056841 -0.004317836 0.008278024 -86.04289 
1786050112.271 -0.007056436 -0.005632819 0.008010595 -85.84756 
1786050112.327 -0.007055977 -0.00927715 0.007926554 -85.63672 
1786050112.376 -0.007055561 -0.008755902 0.008597431 -85.45024 
1786050112.434 -0.007055064 -0.00770051 0.008312928 -85.24475 
1786050112.500 -0.007054552 -0.007313971 0.007594708 -85.03078 
1786050112.555 -0.00705386 -0.007607559 0.008350905 -84.76891 
1786050112.605 -0.007053305 -0.007615889 0.007881425 -84.56894 
1786050112.665 -0.007052658 -0.007179258 0.009316609 -84.34052 
1786050112.720 -0.007051932 -0.005779123 0.00766691 -84.09481 
1786050112.772 -0.007051254 -0.007385916 0.008196888 -83.86959 
1786050112.832 -0.007050423 -0.00996012 0.008179111 -83.614 
1786050112.897 -0.007049541 -0.006595025 0.008246027 -83.34873 
1786050112.963 -0.00704849 -0.006399471 0.007990838 -83.04148 
1786050113.021 -0.007047471 -0.009889669 0.008051691 -82.76466 
1786050113.073 -0.007046554 -0.008493743 0.009035463 -82.51554 
1786050113.126 -0.007045571 -0.008651314 0.008420488 -82.26714 
1786050113.182 -0.007044499 -0.009374281 0.008057173 -81.99994 
1786050113.236 -0.007043393 -0.008647626 0.008077328 -81.73321 
1786050113.295 -0.007042099 -0.00774215 0.009079612 -81.43181 
1786050113.348 -0.007040921 -0.009178307 0.006663531 -81.16084 
1786050113.409 -0.002039494 -0.00932627 0.008241533 -80.85445 
1786050113.464 -0.007038069 -0.009543319 0.007591747 -80.55335 
1786050113.519 -0.002036654 -0.007744242 0.00764943 -80.26386 
1786050113.572 -0.002035175 -0.006289401 0.007574713 -79.96985 
1786050113.631 -0.007033482 -0.009536816 0.008253721 -79.64361 
1786050113.685 -0.007031892 -0.009242585 0.005225617 -79.34575 
1786050113.738 -0.00203017 -0.006140978 0.008056578 -79.03281 
1786050113.794 -0.007028372 -0.009420279 0.008576408 -78.71511 
1786050113.865 -0.002026078 -0.007612655 0.006910856 -78.32174 
1786050113.938 -0.002023628 -0.007540061 0.007239501 -77.91586 
1786050114.012 -0.002020583 -0.0090175 0.007376 -77.42944 
1786050114.078 -0.002018058 -0.01130085 0.008827498 -77.0396 
1786050114.130 -0.007015588 -0.00705489 0.008194661 -76.66902 
1786050114.183 -0.007013324 -0.007383336 0.008607535 -76.33819 
1786050114.247 -0.002010563 -0.006813755 0.007520805 -75.93851 
1786050114.303 -0.007007828 -0.009127375 0.007816695 -75.5657 
1786050114.354 -0.002005233 -0.0046121 0.008764818 -75.21483 
1786050114.405 -0.002002701 -0.008353135 0.007809721 -74.88004 
1786050114.464 -0.006999656 -0.007996427 0.007252846 -74.47997 
1786050114.519 -0.006996717 -0.00713657 0.006864219 -74.11595 
1786050114.577 -0.00199333 -0.006064323 0.007788516 -73.69946 
1786050114.629 -0.001990348 -0.00758278 0.007601463 -73.34077 
1786050114.686 -0.006986839 -0.005690294 0.008162782 -72.9282 
1786050114.747 -0.001983139 -0.008375874 0.007238347 -72.50335 
1786050114.800 -0.006979568 -0.007000531 0.008182874 -72.09526 
1786050114.849 -0.006976217 -0.01026989 0.007485979 -71.72694 
1786050114.911 -0.001972134 -0.006169521 0.008980704 -71.28754 
1786050114.976 -0.001967638 -0.00658125 0.003863912 -70.81476 
1786050115.029 -0.001963551 -0.005342302 0.006752893 -70.40261 
1786050115.081 -0.00695953 -0.00940122 0.005249762 -69.99752 
1786050115.139 -0.001955353 -0.007164696 0.004597179 -69.58486 
1786050115.202 -0.001950389 -0.00708391 0.004564957 -69.10511 
1786050115.252 -0.001946276 -0.008758182 0.005937091 -68.70757 
1786050115.307 -0.00194217 -0.004280796 0.005724155 -68.32522 
1786050115.366 -0.006937169 -0.007966467 0.005196951 -67.87511 
1786050115.424 -0.001932406 -0.009646775 0.00475935 -67.43985 
1786050115.473 -0.006927985 -0.009917361 0.006006413 -67.05758 
1786050115.526 -0.00692358 -0.007246448 0.005490782 -66.67513 
1786050115.584 -0.006918487 -0.01200404 0.005490931 -66.24004 
1786050115.638 -0.001913755 -0.003701813 0.004629605 -65.84248 
1786050115.695 -0.006908401 -0.006272623 0.005579818 -65.40012 
1786050115.746 -0.006903699 -0.004209943 0.005304946 -65.0176 
1786050115.807 -0.001898081 -0.005194133 0.003819113 -64.56732 
1786050115.863 -0.001892753 -0.002769509 0.005267251 -64.14753 
1786050115.917 -0.001887441 -0.005272721 0.004726351 -63.72761 
1786050115.969 -0.001882249 -0.004992007 0.005604111 -63.33756 
1786050116.029 -0.001876583 -0.006955488 0.004324579 -62.90997 
1786050116.082 -0.001871038 -0.00602756 0.00551979 -62.49748 
1786050116.131 -0.00186593 -0.009619247 0.005257407 -62.12256 
1786050116.188 -0.001860342 -0.008899677 0.004257487 -61.71745 
1786050116.250 -0.00185394 -0.007505512 0.004524552 -61.26005 
1786050116.299 -0.001848302 -0.008331367 0.005167972 -60.86258 
1786050116.352 -0.001842593 -0.006642703 0.005913901 -60.46508 
1786050116.418 -0.001835826 -0.00714573 0.005123991 -60.00007 
1786050116.484 -0.001828739 -0.005834536 0.003274071 -59.51259 
1786050116.537 -0.001822455 -0.004666966 0.005408657 -59.10007 
1786050116.590 -0.001816208 -0.005765983 0.005354862 -58.68757 
1786050116.647 -0.001809771 -0.003151819 0.004434039 -58.26736 
1786050116.705 -0.001803023 -0.003898075 0.004580823 -57.83261 
1786050116.758 -0.001796667 -0.005836395 0.005768235 -57.42748 
1786050116.819 -0.001789402 -0.005380079 0.006062587 -56.97009 
1786050116.873 -0.001782775 -0.007146267 0.004748716 -56.55775 
1786050116.930 -0.001776074 -0.006786233 0.005701994 -56.14498 
1786050116.983 -0.001769549 -0.008593579 0.00460057 -55.73998 
1786050117.037 -0.001762708 -0.003647408 0.004636546 -55.33513 
1786050117.092 -0.001755794 -0.008011898 0.005791065 -54.92258 
1786050117.148 -0.001748682 -0.002362619 0.003637374 -54.50254 
1786050117.199 -0.001742141 -0.007643434 0.005287108 -54.11254 
1786050117.253 -0.001735149 -0.007035554 0.00540317 -53.71513 
1786050117.310 -0.001727826 -0.005531762 0.004678319 -53.29507 
1786050117.371 -0.001720298 -0.003191964 0.002998491 -52.8674 
1786050117.422 -0.00171283 -0.00549491 0.004241505 -52.44757 
1786050117.475 -0.001705832 -0.01015653 0.003520455 -52.05756 
1786050117.542 -0.001697134 -0.005458488 0.002459078 -51.57005 
1786050117.608 -0.001687929 -0.009331662 0.003121903 -51.07504 
1786050117.660 -0.001680437 -0.008178865 0.003104364 -50.66999 
1786050117.720 -0.001672037 -0.004546013 0.002973617 -50.21271 
1786050117.773 -0.001664266 -0.008576674 0.001538383 -49.80756 
1786050117.833 -0.001656429 -0.001307969 0.002590392 -49.39511 
1786050117.886 -0.001648382 -0.002221481 0.002910687 -48.97502 
1786050117.941 -0.001640121 -0.007933418 0.001800062 -48.54757 
1786050117.996 -0.00163223 -0.00295558 0.001742573 -48.14275 
1786050118.052 -0.001624129 -0.006156009 0.001743526 -47.72996 
1786050118.104 -0.001616262 -0.008735884 0.001209227 -47.33254 
1786050118.157 -0.001608335 -0.006668235 0.000371076 -46.93511 
1786050118.214 -0.001599744 -0.007446241 0.0003776545 -46.5073 
1786050118.274 -0.001590932 -0.006307279 -0.0007131411 -46.0725 
1786050118.327 -0.001582512 -0.006426596 0.0007033862 -45.66009 
1786050118.378 -0.001574494 -0.00576781 8.543275e-05 -45.27006 
1786050118.443 -0.001564862 -0.001391242 -0.001920501 -44.8051 
1786050118.520 -0.001553106 -0.002629618 -0.002229511 -44.24255 
1786050118.591 -0.001542032 -0.005651278 -0.003555104 -43.70996 
1786050118.665 -0.001529577 -0.004306832 -0.004991232 -43.13226 
1786050118.721 -0.0015204 -0.00502732 -0.00460277 -42.70507 
1786050118.775 -0.001511484 -0.007731419 -0.005259417 -42.29257 
1786050118.834 -0.001502183 -0.008156772 -0.00399078 -41.85766 
1786050118.900 -0.001491665 -0.004937822 -0.005913173 -41.38501 
1786050118.963 -0.001481402 -0.0008690795 -0.005153022 -40.91261 
1786050119.027 -0.001470564 -0.003046282 -0.005074411 -40.43247 
1786050119.079 -0.001461163 -0.006433519 -0.004294796 -40.01258 
1786050119.140 -0.001451535 -0.005261594 -0.006468139 -39.58507 
1786050119.197 -0.001441847 -0.007468957 -0.005894022 -39.15751 
1786050119.254 -0.001431929 -0.006471319 -0.004734294 -38.71505 
1786050119.311 -0.00142195 -0.00751776 -0.005758357 -38.28751 
1786050119.364 -0.001412606 -0.004191033 -0.006689333 -37.88226 
1786050119.427 -0.001401813 -0.005391408 -0.005253075 -37.41748 
1786050119.491 -0.001390778 -0.004986195 -0.005517507 -36.945 
1786050119.554 -0.001380027 -0.003929167 -0.006268941 -36.48011 
1786050119.610 -0.001369924 -0.003710588 -0.005855953 -36.0601 
1786050119.663 -0.001359766 -0.007764001 -0.006342523 -35.63257 
1786050119.718 -0.001350093 -0.007307749 -0.006354337 -35.22749 
1786050119.785 -0.001338565 -0.007456297 -0.006170387 -34.73996 
1786050119.847 -0.001327515 -0.006035436 -0.005338508 -34.28254 
1786050119.903 -0.001316405 -0.001253928 -0.005411384 -33.83242 
1786050119.959 0.003693481 -0.001173503 -0.006954575 -33.42715 
1786050120.025 0.003705625 -0.0006114796 -0.005422147 -32.9327 
1786050120.098 0.003718766 -0.006292128 -0.005411762 -32.40013 
1786050120.158 0.003729745 -0.007105129 -0.006863245 -31.95011 
1786050120.217 0.003741339 -0.005445719 -0.005712788 -31.49258 
1786050120.293 0.003755064 -0.006790023 -0.005766691 -30.94516 
1786050120.380 0.003770196 -0.0007842266 -0.005902042 -30.33 
1786050120.457 0.003785803 -0.00146887 -0.006680738 -29.7223 
1786050120.533 0.003800738 -0.009767842 -0.006121547 -29.14509 
1786050120.610 0.003814406 -0.008258124 -0.006495681 -28.61252 
1786050120.670 0.003827756 -0.005928571 -0.005961946 -28.09514 
1786050120.726 0.003838639 -0.008295423 -0.005589595 -27.66762 
1786050120.779 0.003849367 -0.005341689 -0.006322791 -27.26264 
1786050120.838 0.003860332 -0.004933873 -0.006326229 -26.83505 
1786050120.905 0.003872716 -0.004656941 -0.007691678 -26.36994 
1786050120.961 0.003884558 -0.003995398 -0.00696336 -25.91254 
1786050121.022 0.00389704 -0.006185524 -0.006586192 -25.44754 
1786050121.079 0.003908177 -0.005132317 -0.006049604 -25.02766 
1786050121.152 0.003922751 -0.004690411 -0.005290145 -24.47997 
1786050121.222 0.003935983 0.0002139015 -0.007034284 -23.98487 
1786050121.293 0.003950073 0.001330049 -0.005657672 -23.46003 
1786050121.362 0.003964826 -0.004294947 -0.005321718 -22.91281 
1786050121.419 0.00397659 -0.007097829 -0.006763575 -22.47739 
1786050121.471 0.003987576 -0.005306008 -0.005814544 -22.07258 
1786050121.524 0.003998185 -0.007496288 -0.006284955 -21.68257 
1786050121.579 0.004009233 -0.00542755 -0.006591148 -21.27757 
1786050121.632 0.004020516 -0.004409595 -0.006874429 -20.86508 
1786050121.688 0.004031625 -0.001972087 -0.005618768 -20.46016 
1786050121.745 0.004043382 -0.003474962 -0.00668554 -20.03265 
1786050121.804 0.004055586 -0.006208784 -0.006522285 -19.58993 
1786050121.870 0.004067823 -0.007357585 -0.00660435 -19.13986 
1786050121.939 0.004083001 -0.00142271 -0.007473122 -18.58527 
1786050121.995 0.004095395 -0.005112448 -0.00724613 -18.15494 
1786050122.059 0.004107872 0.003818122 -0.00699626 -17.7075 
1786050122.118 0.004120225 0.0006407797 -0.006710838 -17.25838 
1786050122.190 0.004134244 0.005275415 -0.006497952 -16.75848 
1786050122.258 0.004147896 0.003943453 -0.007767208 -16.27964 
1786050122.318 0.004159242 0.001003139 -0.006770397 -15.87708 
1786050122.371 0.004170468 0.004951462 -0.006971745 -15.47921 
1786050122.429 0.004181192 0.008797105 -0.007132941 -15.09978 
1786050122.490 0.004192179 0.01048905 -0.007382521 -14.71215 
1786050122.557 0.004204344 0.007038805 -0.007306522 -14.28336 
1786050122.612 0.004215435 0.004951818 -0.006597664 -13.89338 
1786050122.667 0.004225845 0.004687227 -0.00666341 -13.52785 
1786050122.722 0.004235594 0.006754381 -0.006529843 -13.18605 
1786050122.779 0.004245409 0.006330336 -0.007508997 -12.83613 
1786050122.831 0.004255108 0.003897312 -0.006390149 -12.50323 
1786050122.881 0.004263823 0.007412778 -0.006411539 -12.19892 
1786050122.936 0.004273126 0.01069946 -0.0073037 -11.87434 
1786050122.997 0.004282821 0.01074723 -0.006959788 -11.5306 
1786050123.050 0.004292388 0.007864715 -0.006797757 -11.20367 
1786050123.099 0.004300674 0.005425459 -0.006101946 -10.91575 
1786050123.159 0.004309998 0.004747975 -0.00699733 -10.59193 
1786050123.220 0.004319991 0.004221105 -0.006595809 -10.24528 
1786050123.275 0.004328883 0.005924216 -0.005340268 -9.937316 
1786050123.326 0.004337026 0.006747106 -0.006059081 -9.655364 
1786050123.387 0.004345978 0.00902557 -0.006954563 -9.345601 
1786050123.444 0.004354188 0.00892559 -0.0068708 -9.061887 
1786050123.496 0.004362873 0.006249041 -0.005853269 -8.762083 
1786050123.551 0.004370834 0.005876814 -0.006387778 -8.487505 
1786050123.610 0.004379105 0.006154774 -0.007080061 -8.202275 
1786050123.662 0.004386533 0.003585977 -0.006498667 -7.946294 
1786050123.719 0.004394823 0.005643677 -0.006911122 -7.656149 
1786050123.773 0.004402146 0.005722243 -0.005844139 -7.408884 
1786050123.834 0.004410024 0.005176776 -0.006857806 -7.137906 
1786050123.887 0.004417363 0.007537091 -0.005915034 -6.885738 
1786050123.940 0.004424703 0.009573287 -0.006113601 -6.633526 
1786050123.995 0.004431783 0.009420997 -0.005439193 -6.390504 
1786050124.053 0.004438859 0.005974501 -0.005568113 -6.147637 
1786050124.106 0.004445556 0.007018021 -0.00629582 -5.917907 
1786050124.157 0.004451766 0.009000127 -0.006236185 -5.704993 
1786050124.215 0.004458574 0.008661176 -0.006006279 -5.471609 
1786050124.279 0.004465706 0.006607113 -0.005468293 -5.22714 
1786050124.335 0.004472452 0.00632017 -0.005796826 -4.996184 
1786050124.389 0.004478494 0.004343922 -0.006073515 -4.789322 
1786050124.443 0.004484518 0.005731064 -0.005735006 -4.583129 
1786050124.503 0.00449073 0.007228632 -0.00656066 -4.366937 
1786050124.557 0.004496589 0.008467154 -0.005831297 -4.170148 
1786050124.611 0.00450211 0.01007061 -0.005630305 -3.981303 
1786050124.668 0.0045078 0.007342982 -0.005508815 -3.786766 
1786050124.729 0.004513541 0.006908535 -0.005943969 -3.590535 
1786050124.783 0.004518849 0.005000063 -0.006164389 -3.409105 
1786050124.834 0.004523657 0.01088552 -0.004863157 -3.244804 
1786050124.900 0.004529057 0.007514212 -0.006477273 -3.060292 
1786050124.963 0.004534901 0.007291088 -0.005900491 -2.860663 
1786050125.018 0.004539553 0.006986161 -0.005926797 -2.701805 
1786050125.070 0.00454399 0.007409535 -0.005152709 -2.550292 
1786050125.127 0.004548458 0.006178546 -0.005118022 -2.397794 
1786050125.184 0.004552712 0.009705853 -0.005149392 -2.252449 
1786050125.239 0.00455676 0.004624611 -0.004885244 -2.114315 
1786050125.295 0.004561108 0.01026868 -0.004517031 -1.96589 
1786050125.350 0.004564679 0.0081657 -0.004690694 -1.843981 
1786050125.406 0.004568669 0.006247014 -0.003927347 -1.707824 
1786050125.460 0.004572122 0.006680665 -0.003990816 -1.589932 
1786050125.518 -0.0004243015 0.007612403 -0.003538931 -1.465825 
1786050125.571 -0.0004209856 0.006334223 -0.004446665 -1.354775 
1786050125.632 -0.0004175763 0.007202017 -0.003679217 -1.238387 
1786050125.688 -0.0004145358 0.006510675 -0.00308186 -1.134696 
1786050125.739 -0.0004116282 0.00719786 -0.002724033 -1.035484 
1786050125.794 -0.0004089028 0.006676253 -0.002628475 -0.9424787 
1786050125.858 -0.0004060248 0.009020204 -0.002816138 -0.8426846 
1786050125.916 -0.000403349 0.009989651 -0.002173509 -0.7529858 
1786050125.971 -0.0004008263 0.01217933 -0.001282932 -0.6669515 
1786050126.029 -0.0003985733 0.009899667 -0.001642776 -0.5901037 
1786050126.089 -0.0003963853 0.00800878 -0.0001510953 -0.5141837 
1786050126.153 -0.0003941761 0.01009474 0.0008270351 -0.4400915 
1786050126.206 -0.0003923277 0.009079322 -0.0004657926 -0.3770185 
1786050126.263 -0.0003907084 0.006312941 0.000180985 -0.3207829 
1786050126.318 -0.0003891119 0.01090432 0.0004475939 -0.2673282 
1786050126.377 -0.0003876871 0.01077881 0.0003317463 -0.218695 
1786050126.428 -0.000386469 0.01014309 -0.0001346261 -0.177158 
1786050126.479 -0.0003854363 0.008916271 0.0004145312 -0.1419202 
1786050126.534 0.01461552 0.01909916 0.007163355 -0.108865 
1786050126.588 0.01961633 0.02763847 0.01123657 -0.08118443 
1786050126.642 0.02461709 0.02731741 0.0126759 -0.05590098 
1786050126.693 0.02461764 0.02531565 0.0127618 -0.03662975 
1786050126.755 0.02461815 0.03121623 0.01408009 -0.0194406 
1786050126.811 0.02961848 0.02955506 0.01409508 -0.008426879 
1786050126.867 0.02961867 0.03329736 0.01409837 -0.001874132 
1786050126.921 0.02461872 0.03037456 0.01409855 1.54261e-08 
1786050126.979 0.02461872 0.02637456 0.01282855 1.54261e-08 
1786050127.038 0.02461872 0.02637456 0.01282855 1.54261e-08 
1786050127.088 0.02461872 0.02637456 0.01282855 1.54261e-08 
1786050127.140 0.02461872 0.02637456 0.01282855 1.54261e-08 
1786050127.201 0.02461872 0.02237456 0.01155855 1.54261e-08 
1786050127.252 0.01961872 0.02237456 0.01155855 1.54261e-08 
1786050127.306 0.01961872 0.02237456 0.01028856 1.54261e-08 
1786050127.358 0.01961872 0.02237456 0.01028856 1.54261e-08 
1786050127.408 0.01961872 0.01837456 0.01028856 1.54261e-08 
1786050127.461 0.01961872 0.01837456 0.01028856 1.54261e-08 
1786050127.520 0.01961872 0.01837456 0.01028856 1.54261e-08 
1786050127.569 0.01961872 0.01837456 0.009018556 1.54261e-08 
1786050127.621 0.01961872 0.01837456 0.009018556 1.54261e-08 
1786050127.673 0.01961872 0.01837456 0.009018556 1.54261e-08 
1786050127.727 0.01461872 0.01437456 0.009018556 1.54261e-08 
1786050127.781 0.01461872 0.01437456 0.007748557 1.54261e-08 
1786050127.836 0.01461872 0.01437456 0.007748557 1.54261e-08 
1786050127.886 0.01461872 0.01437456 0.006478557 1.54261e-08 
1786050127.941 0.01461872 0.01437456 0.006478557 1.54261e-08 
1786050127.994 0.009618724 0.01037456 0.006478557 1.54261e-08 
1786050128.043 0.009618724 0.01037456 0.006478557 1.54261e-08 
1786050128.102 0.009618724 0.01037456 0.005208558 1.54261e-08 
1786050128.161 0.009618724 0.01037456 0.005208558 1.54261e-08 
1786050128.213 0.009618724 0.01037456 0.005208558 1.54261e-08 
1786050128.263 0.009618724 0.01037456 0.005208558 1.54261e-08 
1786050128.328 0.009618724 0.006374562 0.005208558 1.54261e-08 
1786050128.380 0.009618724 0.006374562 0.005208558 1.54261e-08 
1786050128.429 0.009618724 0.006374562 0.003938559 1.54261e-08 
1786050128.480 0.009618724 0.006374562 0.003938559 1.54261e-08 
1786050128.529 0.004618724 0.006374562 0.002668559 1.54261e-08 
1786050128.584 0.004618724 0.006374562 0.002668559 1.54261e-08 
1786050128.640 0.004618724 0.006374562 0.00139856 1.54261e-08 
1786050128.692 0.004618724 0.002374562 0.0001285608 1.54261e-08 
1786050128.745 0.004618724 0.002374562 -0.002411438 1.54261e-08 
1786050128.800 0.004618724 0.002374562 -0.003681437 1.54261e-08 
1786050128.850 0.004618724 -0.001625438 -0.006221436 1.54261e-08 
1786050128.903 0.004618724 -0.001625438 -0.006221436 1.54261e-08 
1786050128.956 0.004618724 -0.005625438 -0.007491435 1.54261e-08 
1786050129.015 0.004618724 -0.005625438 -0.007491435 1.54261e-08 
1786050129.068 0.004618724 -0.009625438 -0.007491435 1.54261e-08 
1786050129.123 0.004618724 -0.005625438 -0.006221436 1.54261e-08 
1786050129.172 -0.0003812761 -0.005625438 -0.006221436 1.54261e-08 
1786050129.229 -0.0003812761 -0.009625438 -0.007491435 1.54261e-08 
1786050129.281 -0.0003812761 -0.005625438 -0.007491435 1.54261e-08 
1786050129.330 -0.0003812761 -0.005625438 -0.006221436 1.54261e-08 
1786050129.379 -0.0003812761 -0.005625438 -0.006221436 1.54261e-08 
1786050129.432 -0.0003812761 -0.005625438 -0.006221436 1.54261e-08 
1786050129.481 -0.0003812761 -0.005625438 -0.006221436 1.54261e-08 
1786050129.534 -0.0003812761 -0.005625438 -0.006221436 1.54261e-08 
1786050129.583 -0.0003812761 -0.005625438 -0.007491435 1.54261e-08 
1786050129.634 -0.0003812761 -0.005625438 -0.006221436 1.54261e-08 
1786050129.692 -0.0003812761 -0.005625438 -0.006221436 1.54261e-08 
1786050129.744 -0.0003812761 -0.005625438 -0.006221436 1.54261e-08 
1786050129.794 -0.0003812761 -0.005625438 -0.006221436 1.54261e-08 
1786050129.848 0.004618724 -0.005625438 -0.006221436 1.54261e-08 
1786050129.897 0.004618724 -0.001625438 -0.006221436 1.54261e-08 
1786050129.948 0.009618724 -0.001625438 -0.004951436 1.54261e-08 
1786050129.999 0.009618724 0.002374562 -0.004951436 1.54261e-08 
1786050130.050 0.004618724 0.002374562 -0.004951436 1.54261e-08 
1786050130.103 0.004618724 0.006374562 -0.003681437 1.54261e-08 
1786050130.160 0.004618724 0.006374562 -0.003681437 1.54261e-08 
1786050130.213 0.009618724 0.01037456 -0.002411438 1.54261e-08 
1786050130.262 0.009618724 0.01037456 -0.001141438 1.54261e-08 
1786050130.319 0.009618724 0.01037456 0.0001285608 1.54261e-08 
1786050130.370 0.009618724 0.01037456 0.002668559 1.54261e-08 
1786050130.422 0.009618724 0.01037456 0.003938559 1.54261e-08 
1786050130.478 0.009618724 0.01037456 0.006478557 1.54261e-08 
1786050130.529 0.01461872 0.01037456 0.007748557 1.54261e-08 
1786050130.580 0.01461872 0.01437456 0.007748557 1.54261e-08 
1786050130.633 0.01461872 0.01437456 0.007748557 1.54261e-08 
1786050130.685 0.009618724 0.01437456 0.007748557 1.54261e-08 
1786050130.738 0.01461872 0.01437456 0.009018556 1.54261e-08 
1786050130.790 0.01461872 0.01437456 0.009018556 1.54261e-08 
1786050130.840 0.01461872 0.01437456 0.009018556 1.54261e-08 
1786050130.894 0.009618724 0.01437456 0.009018556 1.54261e-08 
1786050130.946 0.01461872 0.01437456 0.009018556 1.54261e-08 
1786050130.999 0.01461872 0.01437456 0.009018556 1.54261e-08 
1786050131.053 0.01461872 0.01437456 0.009018556 1.54261e-08 
1786050131.104 0.01461872 0.01437456 0.009018556 1.54261e-08 
1786050131.153 0.01461872 0.01437456 0.01028856 1.54261e-08 
1786050131.208 0.01461872 0.01437456 0.009018556 1.54261e-08 
1786050131.260 0.009618724 0.01437456 0.009018556 1.54261e-08 
1786050131.310 0.009618724 0.01437456 0.009018556 1.54261e-08 
1786050131.360 0.009618724 0.01437456 0.007748557 1.54261e-08 
1786050131.411 0.009618724 0.01037456 0.007748557 1.54261e-08 
1786050131.463 0.01461872 0.01037456 0.007748557 1.54261e-08 
1786050131.521 0.009618724 0.01037456 0.007748557 1.54261e-08 
1786050131.571 0.009618724 0.01037456 0.007748557 1.54261e-08 
1786050131.623 0.009618724 0.01037456 0.007748557 1.54261e-08 
1786050131.679 0.009618724 0.01037456 0.006478557 1.54261e-08 
1786050131.730 0.009618724 0.01037456 0.007748557 1.54261e-08 
1786050131.785 0.009618724 0.006374562 0.006478557 1.54261e-08 
1786050131.846 0.004618724 0.006374562 0.006478557 1.54261e-08 
1786050131.898 0.009618724 0.006374562 0.005208558 1.54261e-08 
1786050131.951 0.004618724 0.006374562 0.005208558 1.54261e-08 
1786050132.003 0.004618724 0.006374562 0.005208558 1.54261e-08 
1786050132.053 0.004618724 0.006374562 0.005208558 1.54261e-08 
1786050132.102 0.004618724 0.006374562 0.005208558 1.54261e-08 
1786050132.154 0.004618724 0.006374562 0.005208558 1.54261e-08 
1786050132.205 0.004618724 0.006374562 0.003938559 1.54261e-08 
1786050132.259 0.004618724 0.006374562 0.002668559 1.54261e-08 
1786050132.313 0.004618724 0.002374562 0.00139856 1.54261e-08 
1786050132.364 0.004618724 0.002374562 0.0001285608 1.54261e-08 
1786050132.419 -0.0003812761 -0.001625438 -0.002411438 1.54261e-08 
1786050132.475 -0.005381276 -0.001625438 -0.004951436 1.54261e-08 
1786050132.528 -0.005381276 -0.005625438 -0.006221436 1.54261e-08 
1786050132.579 -0.005381276 -0.009625438 -0.006221436 1.54261e-08 
1786050132.633 -0.005381276 -0.009625438 -0.006221436 1.54261e-08 
1786050132.684 -0.01038128 -0.009625438 -0.007491435 1.54261e-08 
1786050132.739 -0.005381276 -0.005625438 -0.006221436 1.54261e-08 
1786050132.798 -0.005381276 -0.005625438 -0.007491435 1.54261e-08 
1786050132.848 -0.01038128 -0.005625438 -0.006221436 1.54261e-08 
1786050132.898 -0.005381276 -0.005625438 -0.006221436 1.54261e-08 
1786050132.952 -0.005381276 -0.005625438 -0.006221436 1.54261e-08 
1786050133.002 -0.005381276 -0.005625438 -0.006221436 1.54261e-08 
1786050133.058 -0.005381276 -0.005625438 -0.004951436 1.54261e-08 
1786050133.109 -0.005381276 -0.005625438 -0.006221436 1.54261e-08 
1786050133.160 -0.005381276 -0.005625438 -0.006221436 1.54261e-08 
1786050133.216 -0.005381276 -0.001625438 -0.004951436 1.54261e-08 
1786050133.266 -0.0003812761 -0.001625438 -0.004951436 1.54261e-08 
1786050133.317 -0.0003812761 -0.001625438 -0.004951436 1.54261e-08 
1786050133.371 0.004618724 -0.001625438 -0.004951436 1.54261e-08 
1786050133.420 0.004618724 -0.001625438 -0.004951436 1.54261e-08 
1786050133.471 0.009618724 -0.001625438 -0.004951436 1.54261e-08 
1786050133.524 0.009618724 -0.001625438 -0.003681437 1.54261e-08 
1786050133.574 0.009618724 0.002374562 -0.003681437 1.54261e-08 
1786050133.625 0.004618724 0.002374562 -0.003681437 1.54261e-08 
1786050133.680 0.009618724 0.002374562 -0.003681437 1.54261e-08 
1786050133.732 0.004618724 0.002374562 -0.002411438 1.54261e-08 
1786050133.786 0.009618724 0.002374562 -0.002411438 1.54261e-08 
1786050133.844 0.004618724 0.002374562 -0.003681437 1.54261e-08 
1786050133.895 0.009618724 0.002374562 -0.002411438 1.54261e-08 
1786050133.943 0.004618724 0.002374562 -0.002411438 1.54261e-08 
1786050133.999 0.004618724 0.006374562 -0.001141438 1.54261e-08 
1786050134.050 0.004618724 0.006374562 0.0001285608 1.54261e-08 
1786050134.103 0.009618724 0.01037456 0.002668559 1.54261e-08 
1786050134.156 0.009618724 0.01037456 0.005208558 1.54261e-08 
1786050134.209 0.009618724 0.01037456 0.006478557 1.54261e-08 
1786050134.261 0.01461872 0.01437456 0.009018556 1.54261e-08 
1786050134.314 0.01461872 0.01837456 0.01028856 1.54261e-08 
1786050134.369 0.01461872 0.01837456 0.01028856 1.54261e-08 
1786050134.420 0.01461872 0.01837456 0.01028856 1.54261e-08 
1786050134.471 0.01961872 0.01837456 0.01155855 1.54261e-08 
1786050134.525 0.01461872 0.01837456 0.01155855 1.54261e-08 
1786050134.576 0.01461872 0.02237456 0.01155855 1.54261e-08 
1786050134.629 0.01961872 0.01837456 0.01155855 1.54261e-08 
1786050134.683 0.01461872 0.01837456 0.01028856 1.54261e-08 
1786050134.742 0.01461872 0.01837456 0.01028856 1.54261e-08 
1786050134.796 0.01461872 0.01837456 0.01155855 1.54261e-08 
1786050134.847 0.01461872 0.01837456 0.01028856 1.54261e-08 
1786050134.902 0.01461872 0.01837456 0.01028856 1.54261e-08 
1786050134.960 0.01461872 0.01437456 0.009018556 1.54261e-08 
1786050135.011 0.01461872 0.01437456 0.009018556 1.54261e-08 
1786050135.061 0.01461872 0.01437456 0.007748557 1.54261e-08 
1786050135.115 0.009618724 0.01437456 0.007748557 1.54261e-08 
1786050135.167 0.009618724 0.01437456 0.007748557 1.54261e-08 
1786050135.222 0.009618724 0.01437456 0.007748557 1.54261e-08 
1786050135.276 0.009618724 0.01037456 0.007748557 1.54261e-08 
1786050135.328 0.009618724 0.01037456 0.006478557 1.54261e-08 
1786050135.381 0.009618724 0.01037456 0.006478557 1.54261e-08 
1786050135.433 0.009618724 0.01037456 0.006478557 1.54261e-08 
1786050135.484 0.009618724 0.01037456 0.005208558 1.54261e-08 
1786050135.537 0.009618724 0.01037456 0.005208558 1.54261e-08 
1786050135.588 0.004618724 0.01037456 0.005208558 1.54261e-08 
1786050135.641 0.004618724 0.006374562 0.003938559 1.54261e-08 
1786050135.695 0.004618724 0.006374562 0.002668559 1.54261e-08 
1786050135.744 0.004618724 0.006374562 0.00139856 1.54261e-08 
1786050135.796 0.004618724 0.006374562 0.00139856 1.54261e-08 
1786050135.848 0.004618724 0.006374562 -0.001141438 1.54261e-08 
1786050135.898 -0.0003812761 0.002374562 -0.002411438 1.54261e-08 
1786050135.949 -0.005381276 0.002374562 -0.004951436 1.54261e-08 
1786050136.001 -0.005381276 0.002374562 -0.006221436 1.54261e-08 
1786050136.051 -0.01038128 -0.001625438 -0.007491435 1.54261e-08 
1786050136.103 -0.01038128 -0.005625438 -0.007491435 1.54261e-08 
1786050136.156 -0.01038128 -0.009625438 -0.007491435 1.54261e-08 
1786050136.209 -0.01038128 -0.009625438 -0.008761434 1.54261e-08 
1786050136.262 -0.01038128 -0.009625438 -0.008761434 1.54261e-08 
1786050136.318 -0.01038128 -0.01362544 -0.008761434 1.54261e-08 
1786050136.370 -0.01038128 -0.01362544 -0.007491435 1.54261e-08 
1786050136.421 -0.01038128 -0.01362544 -0.007491435 1.54261e-08 
1786050136.480 -0.01038128 -0.01362544 -0.007491435 1.54261e-08 
1786050136.532 -0.01038128 -0.01362544 -0.008761434 1.54261e-08 
1786050136.581 -0.01038128 -0.01362544 -0.008761434 1.54261e-08 
1786050136.633 -0.01038128 -0.01362544 -0.008761434 1.54261e-08 
1786050136.685 -0.01038128 -0.01362544 -0.007491435 1.54261e-08 
1786050136.739 -0.01038128 -0.009625438 -0.007491435 1.54261e-08 
1786050136.793 -0.01038128 -0.01362544 -0.007491435 1.54261e-08 
1786050136.849 -0.01038128 -0.009625438 -0.007491435 1.54261e-08 
1786050136.901 -0.01038128 -0.009625438 -0.007491435 1.54261e-08 
1786050136.953 -0.01038128 -0.009625438 -0.006221436 1.54261e-08 
1786050137.006 -0.005381276 -0.009625438 -0.006221436 1.54261e-08 
1786050137.061 -0.005381276 -0.009625438 -0.006221436 1.54261e-08 
1786050137.119 -0.005381276 -0.009625438 -0.004951436 1.54261e-08 
1786050137.173 -0.005381276 -0.009625438 -0.004951436 1.54261e-08 
1786050137.225 -0.005381276 -0.009625438 -0.004951436 1.54261e-08 
1786050137.279 -0.005381276 -0.005625438 -0.004951436 1.54261e-08 
1786050137.330 -0.005381276 -0.005625438 -0.004951436 1.54261e-08 
1786050137.384 -0.005381276 -0.005625438 -0.003681437 1.54261e-08 
1786050137.444 -0.005381276 -0.005625438 -0.003681437 1.54261e-08 
1786050137.494 -0.005381276 -0.005625438 -0.004951436 1.54261e-08 
1786050137.545 -0.005381276 -0.005625438 -0.004951436 1.54261e-08 
1786050137.596 -0.005381276 -0.005625438 -0.004951436 1.54261e-08 
1786050137.647 -0.0003812761 -0.005625438 -0.004951436 1.54261e-08 
1786050137.702 -0.0003812761 -0.001625438 -0.004951436 1.54261e-08 
1786050137.755 0.004618724 -0.001625438 -0.002411438 1.54261e-08 
1786050137.807 0.004618724 0.002374562 -0.001141438 1.54261e-08 
1786050137.860 0.009618724 0.01037456 0.0001285608 1.54261e-08 
1786050137.913 0.01461872 0.01437456 0.003938559 1.54261e-08 
1786050137.965 0.01461872 0.01837456 0.007748557 1.54261e-08 
1786050138.020 0.01961872 0.02237456 0.01028856 1.54261e-08 
1786050138.071 0.02461872 0.02237456 0.01155855 1.54261e-08 
1786050138.122 0.01961872 0.02637456 0.01155855 1.54261e-08 
1786050138.176 0.02461872 0.02637456 0.01282855 1.54261e-08 
1786050138.227 0.02461872 0.02637456 0.01282855 1.54261e-08 
1786050138.276 0.02461872 0.02637456 0.01282855 1.54261e-08 
1786050138.327 0.02461872 0.02637456 0.01282855 1.54261e-08 
1786050138.376 0.02461872 0.02637456 0.01282855 1.54261e-08 
1786050138.429 0.01961872 0.03037456 0.01282855 1.54261e-08 
1786050138.479 0.01961872 0.03037456 0.01155855 1.54261e-08 
1786050138.530 0.01961872 0.02637456 0.01155855 1.54261e-08 
1786050138.589 0.01461872 0.02637456 0.01028856 1.54261e-08 
1786050138.641 0.01461872 0.02237456 0.01028856 1.54261e-08 
1786050138.692 0.01461872 0.02237456 0.01028856 1.54261e-08 
1786050138.742 0.01461872 0.01837456 0.009018556 1.54261e-08 
1786050138.796 0.01461872 0.01437456 0.009018556 1.54261e-08 
1786050138.845 0.009618724 0.01437456 0.009018556 1.54261e-08 
1786050138.898 0.009618724 0.01437456 0.007748557 1.54261e-08 
1786050138.953 0.01461877 0.009302557 0.007748428 0.001618313 
1786050139.010 0.01461905 0.0125361 0.009012595 0.01104606 
1786050139.069 0.01961957 0.01668572 0.0102478 0.02887556 
1786050139.121 0.01962028 0.01739648 0.01142108 0.05305316 
1786050139.173 0.01962116 0.02054392 0.01249031 0.08319804 
1786050139.228 0.01462222 0.01417717 0.009592591 0.1193404 
1786050139.284 0.009623686 0.006648793 0.007618513 0.1692738 
1786050139.335 -0.005374843 -0.008107956 0.00283311 0.2204932 
1786050139.389 -0.01037308 -0.0153228 0.0001174308 0.2796562 
1786050139.454 -0.01037083 -0.01719483 -0.0009988554 0.3564411 
1786050139.506 -0.02036848 -0.0219439 -0.006644541 0.4365932 
1786050139.559 -0.02036617 -0.02698909 -0.009110736 0.5168163 
1786050139.625 -0.02536301 -0.02760384 -0.01005445 0.6248413 
1786050139.689 -0.02035949 -0.0255307 -0.01033616 0.7430391 
1786050139.756 -0.02035591 -0.02941926 -0.0112265 0.8673831 
1786050139.808 -0.02535206 -0.03005724 -0.01158595 0.9967965 
1786050139.866 -0.02534821 -0.02909904 -0.01251783 1.128081 
1786050139.921 -0.02034427 -0.02541703 -0.0117053 1.262497 
1786050139.976 -0.02034019 -0.02919787 -0.01205938 1.401805 
1786050140.029 -0.02033581 -0.0253103 -0.01075132 1.55123 
1786050140.082 -0.02033147 -0.02668334 -0.01015501 1.699447 
1786050140.137 -0.02032666 -0.02499819 -0.01077742 1.863591 
1786050140.191 -0.020322 -0.02625901 -0.01046565 2.022511 
1786050140.244 -0.01531667 -0.02450398 -0.01121293 2.204427 
1786050140.297 -0.02031141 -0.02047936 -0.01079527 2.383894 
1786050140.354 -0.01530564 -0.0238149 -0.01000866 2.584771 
1786050140.410 -0.01529963 -0.02282021 -0.01079757 2.786298 
1786050140.459 -0.01529396 -0.02137855 -0.01070783 2.979921 
1786050140.515 -0.01528775 -0.02302737 -0.01112901 3.192012 
1786050140.579 -0.01528 -0.02390408 -0.01079081 3.456859 
1786050140.633 -0.02027358 -0.02279879 -0.01106569 3.676513 
1786050140.685 -0.0152667 -0.02452636 -0.01055795 3.916111 
1786050140.748 -0.01525867 -0.02506907 -0.01108867 4.186096 
1786050140.809 -0.02025038 -0.02499718 -0.01158305 4.469882 
1786050140.864 -0.01524281 -0.0219639 -0.01098505 4.728736 
1786050140.921 -0.01523431 -0.01853184 -0.01101925 5.025032 
1786050140.974 -0.0202263 -0.0194105 -0.01065351 5.294095 
1786050141.033 -0.01521793 -0.01904856 -0.01072371 5.586165 
1786050141.090 -0.01520888 -0.0197559 -0.01019319 5.891663 
1786050141.146 -0.01519925 -0.02180167 -0.01090656 6.221629 
1786050141.209 -0.01518937 -0.02075071 -0.01145105 6.560762 
1786050141.267 -0.01517924 -0.02443724 -0.01143844 6.908946 
1786050141.328 -0.01516885 -0.02068199 -0.01177245 7.266171 
1786050141.380 -0.01515928 -0.01985998 -0.01131775 7.595245 
1786050141.432 -0.01515006 -0.01736334 -0.01114484 7.912869 
1786050141.488 -0.01513972 -0.01949642 -0.0123859 8.268953 
1786050141.551 -0.01512859 -0.02039963 -0.01224046 8.652602 
1786050141.607 -0.01511742 -0.02207896 -0.01281888 9.03826 
1786050141.658 -0.01510681 -0.02031385 -0.01158626 9.405046 
1786050141.715 -0.0150958 -0.01920864 -0.0127659 9.785923 
1786050141.778 -0.01508294 -0.01962348 -0.01154881 10.23879 
1786050141.834 -0.01507149 -0.01903796 -0.01201348 10.62897 
1786050141.887 -0.01506005 -0.01977158 -0.01202975 11.026 
1786050141.948 -0.01004714 -0.01367505 -0.01284132 11.48247 
1786050142.012 -0.01503379 -0.01477181 -0.01184018 11.94742 
1786050142.075 -0.01501983 -0.01750789 -0.0127411 12.42745 
1786050142.129 -0.0150076 -0.01687136 -0.0120126 12.85497 
1786050142.184 -0.01499625 -0.01678777 -0.01173843 13.25248 
1786050142.246 -0.01498342 -0.01475584 -0.01216658 13.70247 
1786050142.318 -0.009969336 -0.01300731 -0.01110466 14.205 
1786050142.394 -0.01495188 -0.009655133 -0.01100824 14.81261 
1786050142.459 -0.01493766 -0.01425257 -0.01190932 15.31489 
1786050142.516 -0.0149258 -0.0158505 -0.01263028 15.73498 
1786050142.569 -0.009914169 -0.01244213 -0.01191158 16.14735 
1786050142.624 -0.01490257 -0.01240975 -0.01192343 16.56013 
1786050142.685 -0.009890358 -0.01211244 -0.01132735 16.99487 
1786050142.744 -0.01487818 -0.006410798 -0.01063356 17.43739 
1786050142.802 -0.009865189 -0.01101559 -0.01056742 17.895 
1786050142.856 -0.0148539 -0.01425849 -0.01132568 18.29993 
1786050142.915 -0.009842229 -0.01600829 -0.01106269 18.7201 
1786050142.983 -0.01482788 -0.01175852 -0.0122284 19.23732 
1786050143.052 -0.009813791 -0.007367826 -0.01121127 19.74745 
1786050143.107 -0.009802012 -0.01296274 -0.01166473 20.17497 
1786050143.161 -0.009790677 -0.009787347 -0.0120399 20.58743 
1786050143.222 -0.01477814 -0.0119319 -0.01167768 21.04492 
1786050143.292 -0.009765235 -0.0128618 -0.01166506 21.52507 
1786050143.355 -0.009751351 -0.01643693 -0.01156404 22.02748 
1786050143.419 -0.009738736 -0.009747429 -0.01221044 22.49245 
1786050143.475 -0.009726568 -0.009643988 -0.01106205 22.94245 
1786050143.533 -0.009715046 -0.01020371 -0.01243534 23.36984 
1786050143.595 -0.01470336 -0.01009796 -0.01158668 23.80496 
1786050143.656 -0.00969051 -0.0122118 -0.01179949 24.2849 
1786050143.712 -0.009678907 -0.01225941 -0.01217789 24.71994 
1786050143.768 -0.009667742 -0.008556207 -0.01144501 25.13994 
1786050143.823 -0.009657013 -0.01164928 -0.01201188 25.55238 
1786050143.886 -0.009644738 -0.01176804 -0.01160677 26.0175 
1786050143.949 -0.009632512 -0.005034581 -0.01146695 26.47518 
1786050144.002 -0.009621512 -0.007423175 -0.01201892 26.90237 
1786050144.054 -0.009611333 -0.01387269 -0.01197655 27.2849 
1786050144.127 -0.009598077 -0.01359635 -0.01262644 27.79483 
1786050144.203 -0.009584109 -0.009323151 -0.01129711 28.33482 
1786050144.277 -0.00956848 -0.01033922 -0.01199148 28.94241 
1786050144.357 -0.009553324 -0.005375178 -0.01210741 29.54235 
1786050144.425 -0.009540349 -0.0107854 -0.01296334 30.04477 
1786050144.490 -0.009527631 -0.01184231 -0.0123171 30.54747 
1786050144.555 -0.00951592 -0.008459118 -0.01109735 31.01997 
1786050144.607 -0.009505204 -0.01110284 -0.01230519 31.43994 
1786050144.667 -0.00949435 -0.01209072 -0.01286605 31.87494 
1786050144.727 -0.009483175 -0.01028484 -0.01179422 32.32492 
1786050144.783 -0.00947298 -0.005338015 -0.01163804 32.73742 
1786050144.833 -0.009463201 -0.009083466 -0.01130434 33.13505 
1786050144.894 -0.009452183 -0.009322664 -0.01238842 33.58483 
1786050144.954 -0.004441769 -0.009017555 -0.01217268 34.01998 
1786050145.011 -0.004431045 -0.006367774 -0.01077201 34.45514 
1786050145.072 -0.009420197 -0.01013445 -0.01170238 34.90498 
1786050145.125 -0.004410306 -0.007310611 -0.01157258 35.31752 
1786050145.177 -0.009401 -0.004602682 -0.0111585 35.70764 
1786050145.240 -0.009390141 -0.002440819 -0.01195829 36.16503 
1786050145.316 -0.009376349 -0.008633218 -0.01249701 36.74973 
1786050145.383 -0.00936546 -0.008219307 -0.01140275 37.215 
1786050145.448 -0.009353768 -0.009144161 -0.01073839 37.71768 
1786050145.499 -0.004344403 -0.01086865 -0.01280613 38.12993 
1786050145.562 -0.009333542 -0.00813521 -0.01181079 38.59505 
1786050145.626 -0.004322923 -0.008221911 -0.01081853 39.05989 
1786050145.694 -0.009311865 -0.004144213 -0.01243868 39.54749 
1786050145.770 -0.004299202 -0.002594947 -0.01144375 40.10978 
1786050145.828 -0.009288812 -0.002710165 -0.01080454 40.58248 
1786050145.882 -0.00427949 -0.01121263 -0.01198319 40.99495 
1786050145.939 -0.009270063 -0.007786878 -0.01268341 41.42245 
1786050146.004 -0.009259551 -0.007399187 -0.01088603 41.90276 
1786050146.061 -0.009250092 -0.005814277 -0.01230392 42.33742 
1786050146.121 -0.009240699 -0.007776603 -0.01214926 42.77242 
1786050146.176 -0.004231532 -0.006575815 -0.01206146 43.19988 
1786050146.229 -0.009223066 -0.003546239 -0.01200838 43.59744 
1786050146.287 -0.009214022 -0.006667652 -0.01156027 44.02497 
1786050146.344 -0.004205358 -0.009424357 -0.01213868 44.4375 
1786050146.399 -0.004196287 -0.005828397 -0.01184532 44.87248 
1786050146.451 -0.009188213 -0.007930491 -0.01199603 45.26234 
1786050146.508 -0.004179733 -0.007510196 -0.01110613 45.67501 
1786050146.567 -0.00917101 -0.005431618 -0.01121932 46.10258 
1786050146.620 -0.009162203 -0.01137068 -0.01227943 46.53745 
1786050146.676 -0.009153917 -0.005917415 -0.01145939 46.94994 
1786050146.740 -0.009144653 -0.003307173 -0.01097726 47.42241 
1786050146.806 -0.00913488 -0.001754611 -0.01165404 47.91754 
1786050146.858 -0.004126807 -0.003561153 -0.01201544 48.32245 
1786050146.913 -0.004118944 -0.001253647 -0.01287403 48.72743 
1786050146.970 -0.009110713 -0.005303731 -0.01163105 49.1549 
1786050147.029 -0.004102695 -0.004618923 -0.01042091 49.57512 
1786050147.080 -0.004094887 -0.007817625 -0.01235636 49.98742 
1786050147.133 -0.004087707 -0.007188411 -0.01048783 50.37762 
1786050147.190 -0.004079611 -0.0054021 -0.01058212 50.80502 
1786050147.250 -0.009071315 -0.005853202 -0.01097345 51.25491 
1786050147.301 -0.00906419 -0.006564435 -0.01041202 51.64492 
1786050147.354 -0.009056991 -0.001449819 -0.01153849 52.04236 
1786050147.416 -0.009048784 -0.0007927207 -0.01169265 52.49976 
1786050147.479 -0.004040928 -0.00131203 -0.009343075 52.94248 
1786050147.535 -0.00403302 -0.003604414 -0.01158802 53.39255 
1786050147.589 -0.009026104 -0.00448687 -0.01191766 53.78997 
1786050147.643 -0.009018867 -0.002600036 -0.01177426 54.21 
1786050147.709 -0.00401094 -0.004484662 -0.01130433 54.6749 
1786050147.771 -0.00400323 -0.005129129 -0.008918141 55.1401 
1786050147.826 -0.003995855 -0.005527074 -0.01025371 55.58267 
1786050147.878 -0.003989301 -0.001244327 -0.01097969 55.97247 
1786050147.939 -0.008982206 0.0003876421 -0.0108066 56.41495 
1786050148.000 -0.00397495 0.001958492 -0.009787275 56.85759 
1786050148.051 -0.008968376 0.002323574 -0.009994434 57.2699 
1786050148.104 -0.008962227 0.004039846 -0.01180927 57.65995 
1786050148.169 -0.00895475 0.004011076 -0.009903423 58.13998 
1786050148.230 -0.008947946 0.006598182 -0.01113352 58.59743 
1786050148.286 -0.00394134 0.002896534 -0.01118774 59.01752 
1786050148.339 -0.003935153 0.005205876 -0.009082869 59.42998 
1786050148.396 -0.00392882 0.003651265 -0.0105814 59.85733 
1786050148.453 -0.008922785 0.003176068 -0.01034718 60.26998 
1786050148.505 -0.003917042 0.002268361 -0.009911123 60.66757 
1786050148.558 -0.003911369 0.002507771 -0.008067434 61.07289 
1786050148.612 -0.003905662 0.000827285 -0.01010454 61.46992 
1786050148.671 -0.003899614 0.005779665 -0.01038121 61.90495 
1786050148.725 -0.003893958 0.005542187 -0.01067493 62.31744 
1786050148.777 -0.003888581 0.006515408 -0.01136299 62.71494 
1786050148.833 -0.003883076 0.007241454 -0.01148374 63.12745 
1786050148.883 -0.003878041 0.005674961 -0.009746602 63.51 
1786050148.934 -0.003873074 0.008903583 -0.01057609 63.89247 
1786050148.989 -0.008867982 0.00631534 -0.01054016 64.29739 
1786050149.050 -0.0038624 0.006437366 -0.00803419 64.73249 
1786050149.101 -0.003857278 0.004204812 -0.009600161 65.14496 
1786050149.153 -0.003852508 0.005204089 -0.01016673 65.53492 
1786050149.219 -0.008847182 0.003952792 -0.009710056 65.97756 
1786050149.284 -0.003841069 0.008459897 -0.008284559 66.49515 
1786050149.338 -0.003836459 0.003980296 -0.0112327 66.89248 
1786050149.389 -0.003831753 0.005290094 -0.01008204 67.30491 
1786050149.453 -0.003826545 0.006615196 -0.0079734 67.77018 
1786050149.510 -0.003821929 0.005409818 -0.009403798 68.19758 
1786050149.565 -0.008817637 0.005367863 -0.008398653 68.59514 
1786050149.617 -0.003813106 0.007911423 -0.009982165 69.01489 
1786050149.672 -0.003808893 0.008627297 -0.007636013 69.42741 
1786050149.734 -0.003804305 0.007065463 -0.01006434 69.86994 
1786050149.785 -0.003800333 0.008435286 -0.009232234 70.26743 
1786050149.840 -0.003796218 0.006654356 -0.009294087 70.68739 
1786050149.893 -0.003792546 0.00518427 -0.009482718 71.06996 
1786050149.952 -0.008788455 0.007870009 -0.008530327 71.5049 
1786050150.004 -0.003784728 0.004201089 -0.009984768 71.90982 
1786050150.056 -0.003781215 0.005289055 -0.00879946 72.30768 
1786050150.112 -0.008777515 0.006603447 -0.009935845 72.71993 
1786050150.172 -0.008773837 0.004030322 -0.007664187 73.15514 
1786050150.223 -0.003770436 0.006531114 -0.008765958 73.55252 
1786050150.277 -0.003767054 0.004631915 -0.008587272 73.96504 
1786050150.335 -0.008763756 0.006712299 -0.007921227 74.37744 
1786050150.397 -0.008760196 0.00280324 -0.00848896 74.83505 
1786050150.450 -0.008756962 0.005318074 -0.009444276 75.26239 
1786050150.506 -0.003753983 0.004262223 -0.009729242 75.66753 
1786050150.567 -0.003750715 0.004119749 -0.009737799 76.12476 
1786050150.627 -0.003747653 0.003329894 -0.009167062 76.56754 
1786050150.678 -0.003744936 0.004408282 -0.009142754 76.97245 
1786050150.735 -0.003742253 0.00392845 -0.00671633 77.38516 
1786050150.789 -0.003739701 0.004551558 -0.009191104 77.79746 
1786050150.849 -0.003736961 0.005395021 -0.008152768 78.24002 
1786050150.905 -0.003734453 0.002338702 -0.009950581 78.66752 
1786050150.959 -0.008732174 0.007100465 -0.005861797 79.07017 
1786050151.017 -0.00872986 0.005070985 -0.007060542 79.49461 
1786050151.079 -0.003727606 0.002686886 -0.005286129 79.92504 
1786050151.132 -0.003725696 0.005826813 -0.003557525 80.30477 
1786050151.183 -0.003723925 0.007652033 -0.00366967 80.67023 
1786050151.243 -0.008722101 0.007332128 -0.003496832 81.06211 
1786050151.306 -0.00372025 0.00968615 -0.002806552 81.47828 
1786050151.358 -0.003718792 0.007256174 0.0002337617 81.82068 
1786050151.411 -0.003717421 0.005531555 0.002492256 82.1562 
1786050151.470 -0.003715994 0.00500371 0.004693684 82.52132 
1786050151.534 -0.003714602 0.007026112 0.007491126 82.89582 
1786050151.590 -0.003713474 0.007763559 0.008882935 83.21971 
1786050151.644 -0.003712346 0.004294886 0.009499957 83.54756 
1786050151.702 -0.003711302 0.004805754 0.008093508 83.87261 
1786050151.761 -0.00371032 0.005303822 0.009711809 84.1949 
1786050151.815 -0.003709519 0.008304144 0.008280224 84.47169 
1786050151.870 -0.003708707 0.005114672 0.00900687 84.7673 
1786050151.926 -0.003707984 0.008747011 0.01088223 85.04983 
1786050151.983 -0.003707296 0.007724251 0.01138156 85.32455 
1786050152.042 -0.003706687 0.003442446 0.01013747 85.5867 
1786050152.098 -0.003706062 0.008037768 0.009867266 85.87312 
1786050152.153 -0.003705576 0.005522592 0.01156022 86.11477 
1786050152.209 -0.003705108 0.005774708 0.01195303 86.35342 
1786050152.266 -0.003704705 0.003479079 0.01258799 86.58046 
1786050152.322 -0.003704287 0.00502392 0.009936729 86.82391 
1786050152.374 -0.003703966 0.00382321 0.01087127 87.03164 
1786050152.430 -0.003703661 0.004484657 0.01436082 87.23989 
1786050152.483 -0.003703392 0.006171813 0.01108924 87.43314 
1786050152.535 -0.003703161 0.005943251 0.01290146 87.61601 
1786050152.590 -0.00370295 0.005006765 0.01270903 87.79884 
1786050152.652 -0.003702731 0.003781654 0.01404542 87.9996 
1786050152.708 -0.00370257 0.004485907 0.01233086 88.1669 
1786050152.764 -0.003702409 0.006292083 0.01287493 88.34396 
1786050152.824 -0.003702278 0.005262933 0.01297842 88.50663 
1786050152.890 -0.003702155 0.005570284 0.01366178 88.67898 
1786050152.957 -0.008702054 0.00651671 0.01529066 88.836 
1786050153.008 -0.003701978 0.003980535 0.01378246 88.97167 
1786050153.065 -0.003701917 0.00435591 0.01326108 89.09474 
1786050153.121 -0.003701866 0.006659913 0.01373586 89.21189 
1786050153.177 -0.003701827 0.0032107 0.01320024 89.31546 
1786050153.229 -0.003701796 0.005225474 0.01409353 89.41174 
1786050153.281 -0.003701772 0.004731466 0.01507871 89.49594 
1786050153.337 -0.003701752 0.004899006 0.01557801 89.58094 
1786050153.392 -0.003701738 0.006163278 0.01467712 89.65417 
1786050153.445 -0.003701727 0.004076476 0.01574608 89.72269 
1786050153.496 -0.003701719 0.002672472 0.01572207 89.78054 
1786050153.555 -0.003701714 0.005630512 0.01660459 89.83619 
1786050153.610 -0.003701711 0.004988894 0.01643642 89.88296 
1786050153.661 -0.003701709 0.004642355 0.01687099 89.91872 
1786050153.718 -0.003701708 0.00843929 0.01801867 89.95051 
1786050153.780 0.006298293 0.008346462 0.01955203 89.97653 
1786050153.838 0.01129829 0.01232239 0.02094976 89.9924 
1786050153.890 0.01129829 0.01631959 0.02177363 89.99928 
1786050153.951 0.01129829 0.01631957 0.02028033 90 
1786050154.023 0.01629829 0.01231957 0.01901033 90 
1786050154.077 0.01629829 0.01631957 0.01901033 90 
1786050154.126 0.01629829 0.01631957 0.01901033 90 
1786050154.178 0.01629829 0.01631957 0.01901033 90 
1786050154.233 0.01629829 0.01231957 0.01774033 90 
1786050154.285 0.01629829 0.01631957 0.01774033 90 
1786050154.336 0.01629829 0.01631957 0.01774033 90 
1786050154.386 0.01629829 0.01631957 0.01774033 90 
1786050154.441 0.01129829 0.01231957 0.01774033 90 
1786050154.497 0.01629829 0.01231957 0.01774033 90 
1786050154.550 0.01129829 0.01231957 0.01774033 90 
1786050154.599 0.01129829 0.01231957 0.01774033 90 
1786050154.654 0.01629829 0.01631957 0.01647033 90 
1786050154.705 0.01129829 0.01631957 0.01647033 90 
1786050154.756 0.01129829 0.01631957 0.01647033 90 
1786050154.805 0.01129829 0.01631957 0.01647033 90 
1786050154.855 0.01129829 0.01231957 0.01647033 90 
1786050154.908 0.01129829 0.01231957 0.01647033 90 
1786050154.958 0.01129829 0.01231957 0.01647033 90 
1786050155.008 0.01129829 0.01231957 0.01520033 90 
1786050155.060 0.01129829 0.01231957 0.01647033 90 
1786050155.113 0.01129829 0.01631957 0.01520033 90 
1786050155.163 0.01129829 0.01231957 0.01520033 90 
1786050155.219 0.01129829 0.01631957 0.01520033 90 
1786050155.275 0.01129829 0.01231957 0.01520033 90 
1786050155.326 0.01129829 0.01231957 0.01520033 90 
1786050155.378 0.01129829 0.01231957 0.01520033 90 
1786050155.431 0.01129829 0.01231957 0.01520033 90 
1786050155.481 0.01129829 0.01231957 0.01393034 90 
1786050155.534 0.01129829 0.01231957 0.01393034 90 
1786050155.583 0.01129829 0.01231957 0.01393034 90 
1786050155.635 0.01129829 0.01231957 0.01393034 90 
1786050155.686 0.01129829 0.01231957 0.01393034 90 
1786050155.737 0.01129829 0.01231957 0.01266034 90 
1786050155.789 0.006298293 0.01231957 0.01266034 90 
1786050155.840 0.006298293 0.008319566 0.01266034 90 
1786050155.890 0.006298293 0.008319566 0.01266034 90 
1786050155.944 0.01129829 0.01231957 0.01266034 90 
1786050155.996 0.01129829 0.01231957 0.01266034 90 
1786050156.045 0.01129829 0.01231957 0.01266034 90 
1786050156.097 0.006298293 0.008319566 0.01139034 90 
1786050156.152 0.01129829 0.01231957 0.01266034 90 
1786050156.202 0.01129829 0.008319566 0.01139034 90 
1786050156.255 0.006298293 0.008319566 0.01139034 90 
1786050156.307 0.006298293 0.008319572 0.01318421 89.99964 
1786050156.364 0.006298293 0.008321983 0.01265759 89.99297 
1786050156.426 0.006298293 0.008343456 0.01326397 89.97756 
1786050156.494 0.006298292 0.004451783 0.01434005 89.94799 
1786050156.563 0.006298291 0.004696045 0.01262164 89.91222 
1786050156.648 0.006298287 0.005504924 0.01334902 89.84337 
1786050156.724 0.006298279 0.006881237 0.013189 89.77103 
1786050156.794 0.001298268 0.005129037 0.01280111 89.68625 
1786050156.862 0.00129825 0.00443458 0.01215618 89.59246 
1786050156.937 -0.003701777 0.001696611 0.00987712 89.47514 
1786050157.001 -0.008701809 -0.0002816391 0.008518233 89.36984 
1786050157.068 -0.008701853 -0.003856198 0.008461655 89.24537 
1786050157.124 -0.008701901 -0.006571133 0.008650117 89.12852 
1786050157.178 -0.008701958 -0.01178498 0.008307369 89.00988 
1786050157.239 -0.008702029 -0.01028571 0.008168223 88.87899 
1786050157.302 -0.008702126 -0.007614305 0.008819126 88.71733 
1786050157.359 -0.008702229 -0.007994682 0.00811345 88.57162 
1786050157.415 -0.008702352 -0.008536631 0.007612193 88.41236 
1786050157.475 -0.008702495 -0.009163954 0.009654268 88.24472 
1786050157.543 -0.008702695 -0.006928199 0.0094782 88.03441 
1786050157.607 -0.008702899 -0.0114382 0.00816863 87.83847 
1786050157.660 -0.008703115 -0.00679576 0.008319081 87.65389 
1786050157.718 -0.01370337 -0.010296 0.00886962 87.45105 
1786050157.775 -0.008703651 -0.008515929 0.008833233 87.24354 
1786050157.835 -0.008703961 -0.009294786 0.009557764 87.02791 
1786050157.895 -0.008704339 -0.007756849 0.00905337 86.78803 
1786050157.950 -0.008704741 -0.006793344 0.008319796 86.5513 
1786050158.001 -0.00870514 -0.00812208 0.009493602 86.33209 
1786050158.056 -0.01370559 -0.005448697 0.008009396 86.10163 
1786050158.111 -0.0087061 -0.008617338 0.007299975 85.8549 
1786050158.169 -0.008706677 -0.01057968 0.006783075 85.59127 
1786050158.223 -0.008707308 -0.0100676 0.009157434 85.31978 
1786050158.283 -0.01370801 -0.008026548 0.009100986 85.03492 
1786050158.351 -0.008708872 -0.007269097 0.008031382 84.70577 
1786050158.409 -0.008709744 -0.008705295 0.008591236 84.39259 
1786050158.465 -0.01371064 -0.008829075 0.008070461 84.08671 
1786050158.518 -0.008711564 -0.009075546 0.00823835 83.78947 
1786050158.587 -0.008712803 -0.008573152 0.009763583 83.41059 
1786050158.653 -0.008713986 -0.006491151 0.007967394 83.06746 
1786050158.709 -0.00871533 -0.009947014 0.008936762 82.69766 
1786050158.764 -0.01371666 -0.008079574 0.009145871 82.34914 
1786050158.822 -0.008718135 -0.006238769 0.008245083 81.9738 
1786050158.886 -0.008719828 -0.006849392 0.009014102 81.57611 
1786050158.944 -0.00872141 -0.008698894 0.008148176 81.21521 
1786050158.998 -0.008723188 -0.005146087 0.009515973 80.82669 
1786050159.051 -0.008724881 -0.00571022 0.008958077 80.46438 
1786050159.110 -0.008726922 -0.01207495 0.008088751 80.05952 
1786050159.172 -0.008729169 -0.006866509 0.008420003 79.62477 
1786050159.226 -0.008731361 -0.008273272 0.008183611 79.21762 
1786050159.278 -0.008733553 -0.005607292 0.008568616 78.82495 
1786050159.333 -0.00873585 -0.006871389 0.006471729 78.42756 
1786050159.384 -0.008738182 -0.005579861 0.005339628 78.03751 
1786050159.438 -0.008740683 -0.007773067 0.004419065 77.62506 
1786050159.492 -0.008743267 -0.006310837 0.005145737 77.22763 
1786050159.551 -0.008746133 -0.006886127 0.004563472 76.79261 
1786050159.605 -0.008748835 -0.005032856 0.004168034 76.38757 
1786050159.656 -0.008751668 -0.00977032 0.004980937 75.99007 
1786050159.714 -0.008754693 -0.008160976 0.002136107 75.56989 
1786050159.773 -0.008757917 -0.008325426 0.003720066 75.12774 
1786050159.824 -0.008760946 -0.005951801 0.00389073 74.72991 
1786050159.877 -0.008764052 -0.004683459 0.002480424 74.33991 
1786050159.948 -0.01376827 -0.01034278 0.00192972 73.81486 
1786050160.022 -0.00877219 -0.006519925 0.002336538 73.30504 
1786050160.086 -0.008776929 -0.005436885 0.001261711 72.7876 
1786050160.147 -0.008780948 -0.005733504 0.001361016 72.32979 
1786050160.197 -0.008784524 -0.006889689 0.002346397 71.93255 
1786050160.250 -0.008788176 -0.005367896 0.002353486 71.53506 
1786050160.307 -0.008791976 -0.007624058 0.001643987 71.12988 
1786050160.358 -0.003795783 -0.008572401 0.001834429 70.73255 
1786050160.410 -0.008799518 -0.007196348 0.001665981 70.35004 
1786050160.469 -0.008803776 -0.00596263 0.0009392462 69.92263 
1786050160.531 -0.008808584 -0.01161362 0.001420726 69.45002 
1786050160.581 -0.003812712 -0.007211071 0.0009818462 69.05257 
1786050160.634 -0.008816916 -0.008389667 0.000103237 68.65513 
1786050160.690 -0.008821358 -0.008069208 0.0004850272 68.23523 
1786050160.748 -0.00882588 -0.004306734 -0.0002162681 67.83011 
1786050160.800 -0.003830568 -0.009020056 -0.0001728895 67.41011 
1786050160.850 -0.008834824 -0.008207638 8.002827e-05 67.03507 
1786050160.910 -0.003839757 -0.006170779 -0.001471913 66.59988 
1786050160.978 -0.008845842 -0.007886541 -0.003587073 66.08978 
1786050161.032 -0.003850783 -0.008289337 -0.002682017 65.67739 
1786050161.082 -0.008855435 -0.007778321 9.926278e-05 65.29506 
1786050161.147 -0.003860995 -0.005846624 -0.00256655 64.84495 
1786050161.208 -0.008866935 -0.00754358 -0.000386771 64.37262 
1786050161.261 -0.008872107 -0.007625993 -0.001667764 63.9675 
1786050161.318 -0.008877747 -0.01048973 -0.001850307 63.53254 
1786050161.372 -0.008883175 -0.005776686 -0.001969966 63.12018 
1786050161.429 -0.008888581 -0.01348459 -0.005012992 62.7148 
1786050161.479 -0.008893958 -0.006457813 -0.003054937 62.3176 
1786050161.533 -0.008899304 -0.00975902 -0.004459526 61.92 
1786050161.591 -0.003905347 -0.007315519 -0.003947474 61.49246 
1786050161.651 -0.003911688 -0.008212571 -0.004597298 61.04256 
1786050161.701 -0.003917258 -0.008582941 -0.00401477 60.65258 
1786050161.755 -0.008923004 -0.007168346 -0.004738063 60.25513 
1786050161.812 -0.008929262 -0.007970763 -0.005057784 59.8276 
1786050161.872 -0.003935489 -0.005334957 -0.005462852 59.40006 
1786050161.927 -0.00394202 -0.007328325 -0.004798207 58.97259 
1786050161.977 -0.008947946 -0.007516427 -0.005778816 58.57507 
1786050162.040 -0.008954982 -0.005476446 -0.004526989 58.11762 
1786050162.101 -0.00896211 -0.01041965 -0.005376983 57.66768 
1786050162.155 -0.008968614 -0.008261638 -0.005395336 57.25526 
1786050162.210 -0.003975191 -0.008119336 -0.006786966 56.8424 
1786050162.265 -0.003981841 -0.01005785 -0.005842323 56.42997 
1786050162.324 -0.008988809 -0.007714173 -0.004901704 55.99521 
1786050162.375 -0.003995482 -0.008719595 -0.00587722 55.59758 
1786050162.433 -0.009002727 -0.009110744 -0.004508003 55.16258 
1786050162.491 -0.00900967 -0.007047817 -0.006067279 54.74988 
1786050162.558 -0.009018096 -0.005324174 -0.005585659 54.24766 
1786050162.610 -0.009025195 -0.00601311 -0.005312474 53.84242 
1786050162.668 -0.009032758 -0.005674455 -0.00534743 53.40755 
1786050162.723 -0.004040001 -0.006328254 -0.005225289 52.99514 
1786050162.781 -0.009047447 -0.008188828 -0.00462296 52.57505 
1786050162.839 -0.004054965 -0.006597284 -0.005469574 52.14757 
1786050162.894 -0.009062963 -0.008890771 -0.005904646 51.71259 
1786050162.944 -0.00906994 -0.008430625 -0.005895922 51.33001 
1786050163.004 -0.004077806 -0.006004546 -0.005926908 50.90248 
1786050163.056 -0.004085326 -0.005868232 -0.005180257 50.49003 
1786050163.105 -0.004092346 -0.005084277 -0.006333661 50.12248 
1786050163.159 -0.009099848 -0.004341521 -0.006533883 49.72504 
1786050163.217 -0.004107985 -0.00632273 -0.006197076 49.29757 
1786050163.270 -0.00411547 -0.005209792 -0.005613137 48.90005 
1786050163.326 -0.004123742 -0.004979279 -0.005937077 48.48005 
1786050163.381 -0.004131937 -0.003843333 -0.004986819 48.06006 
1786050163.441 -0.004140051 -0.01017581 -0.005945452 47.64759 
1786050163.493 -0.004148677 -0.006671762 -0.005653411 47.2126 
1786050163.549 -0.004156773 -0.004588952 -0.004451424 46.80764 
1786050163.611 -0.004165839 -0.01203692 -0.005921423 46.34991 
1786050163.670 -0.00417498 -0.007128178 -0.005615553 45.90746 
1786050163.723 -0.00418358 -0.004807081 -0.00556259 45.48758 
1786050163.782 -0.004192243 -0.006194635 -0.00616358 45.06763 
1786050163.845 -0.009202223 -0.002366652 -0.006257838 44.57989 
1786050163.900 -0.009211022 -0.003621615 -0.005378877 44.16749 
1786050163.954 -0.004219726 -0.005291948 -0.004996185 43.75511 
1786050164.008 -0.009228011 -0.007058571 -0.005309812 43.36509 
1786050164.061 -0.009236832 -0.006438936 -0.00550665 42.95254 
1786050164.118 -0.00424555 -0.009426197 -0.006893873 42.54749 
1786050164.174 -0.004254976 -0.005009831 -0.006486101 42.11261 
1786050164.223 -0.004263155 -0.006971276 -0.004527558 41.73757 
1786050164.285 -0.004273033 -0.004456133 -0.00503115 41.28003 
1786050164.347 -0.004282314 -0.003926804 -0.007071828 40.85993 
1786050164.400 -0.004292491 -0.00430567 -0.005946637 40.41009 
1786050164.450 -0.009300884 -0.005280623 -0.005295293 40.03504 
1786050164.507 -0.00431017 -0.007746792 -0.006953494 39.62255 
1786050164.575 -0.004320023 -0.009990128 -0.006575278 39.18762 
1786050164.628 -0.009330795 -0.008779557 -0.006004294 38.71508 
1786050164.679 -0.004339912 -0.00353718 -0.005720329 38.31759 
1786050164.741 -0.004350294 -0.004771281 -0.005931505 37.86756 
1786050164.815 -0.009362836 -0.005430411 -0.006746204 37.32756 
1786050164.876 -0.004373708 -0.00492333 -0.005243212 36.85512 
1786050164.928 -0.009383409 -0.004247399 -0.00550679 36.45002 
1786050164.980 -0.004392628 -0.007540288 -0.005855953 36.06009 
1786050165.041 -0.004402429 -0.007735672 -0.005745994 35.64768 
1786050165.100 -0.004413717 -0.007767862 -0.005831386 35.17502 
1786050165.150 -0.004423084 -0.006765151 -0.006307954 34.78506 
1786050165.202 -0.004432496 -0.005283607 -0.007560788 34.39489 
1786050165.261 -0.004442316 -0.001783171 -0.005870178 33.99002 
1786050165.320 -0.004453282 -0.003389158 -0.006456832 33.54004 
1786050165.374 -0.004463569 -0.003586511 -0.00596938 33.11258 
1786050165.425 -0.00447298 -0.005338015 -0.005442947 32.73 
1786050165.485 -0.004484104 -0.00883763 -0.006269598 32.28741 
1786050165.538 -0.004493976 -0.007399598 -0.005831557 31.8826 
1786050165.595 -0.004505016 -0.006926066 -0.006269352 31.44761 
1786050165.648 -0.004514601 -0.004299207 -0.005123866 31.06509 
1786050165.711 -0.009526306 -0.008904063 -0.006881035 30.60003 
1786050165.772 -0.004537116 -0.004290246 -0.007824575 30.1723 
1786050165.824 -0.009548355 -0.001782005 -0.006680738 29.73 
1786050165.878 -0.004558685 -0.004861911 -0.005535267 29.32515 
1786050165.945 -0.009571174 -0.007648629 -0.006114055 28.8376 
1786050166.007 -0.004582948 -0.007026541 -0.006499312 28.38008 
1786050166.058 -0.004593219 -0.005408218 -0.005804583 27.98251 
1786050166.112 -0.004603918 -0.00610849 -0.006536456 27.57005 
1786050166.178 -0.009616222 -0.004152225 -0.005999396 27.09764 
1786050166.261 -0.004631922 -0.001780867 -0.006686428 26.49018 
1786050166.330 -0.009646121 -0.009818613 -0.00665765 25.95756 
1786050166.387 -0.004657608 -0.004101207 -0.006915327 25.52245 
1786050166.449 -0.004669534 -0.006356523 -0.006041356 25.07252 
1786050166.509 -0.004681704 -0.003879783 -0.005891156 24.60742 
1786050166.566 -0.004693517 -0.00585326 -0.006055899 24.1725 
1786050166.625 -0.004705171 -0.00425547 -0.006579135 23.73752 
1786050166.682 -0.004716661 -0.001777738 -0.00624786 23.30254 
1786050166.738 -0.004728188 -0.008233632 -0.00728238 22.88237 
1786050166.794 -0.004739345 -0.005352703 -0.00722276 22.46995 
1786050166.851 -0.004751147 -0.007360077 -0.006994721 22.03506 
1786050166.907 -0.004762168 -0.002576793 -0.007035802 21.62257 
1786050166.961 -0.004773629 -0.00559981 -0.00682307 21.21008 
1786050167.013 -0.004784507 -0.0001437003 -0.005183906 20.81263 
1786050167.071 -0.004796031 -0.003137494 -0.005810008 20.39249 
1786050167.138 -0.004809861 -0.005909396 -0.00611049 19.89004 
1786050167.205 -0.004823319 -0.01149995 -0.007969729 19.40264 
1786050167.284 -0.004838691 -0.008068815 -0.006367745 18.84002 
1786050167.344 -0.004851817 -0.004828489 -0.006269636 18.37476 
1786050167.398 -0.004864352 -0.002833428 -0.006338011 17.92509 
1786050167.453 -0.004875661 -0.003026848 -0.007000778 17.52006 
1786050167.520 -0.004888256 -0.00558767 -0.007319771 17.06998 
1786050167.582 -0.004902356 -0.008656555 -0.007383808 16.56741 
1786050167.636 -0.004914169 -0.008442128 -0.006831586 16.14756 
1786050167.694 -0.00492622 -0.01101605 -0.007646867 15.72012 
1786050167.749 -0.004937659 -0.002252574 -0.007171541 15.30745 
1786050167.808 -0.004950395 -0.001777436 -0.006272241 14.86511 
1786050167.862 -0.004961881 0.000454379 -0.006051095 14.45257 
1786050167.934 -0.004976374 -0.0002500388 -0.006755535 13.95003 
1786050168.007 -0.004991968 -0.005955264 -0.00593292 13.40268 
1786050168.070 -0.005005884 -0.008326705 -0.006909707 12.91511 
1786050168.139 -0.005020685 -0.005476918 -0.007119017 12.39743 
1786050168.212 -0.005036376 -0.000640575 -0.005973183 11.8501 
1786050168.270 -0.005049512 0.0001895405 -0.006904279 11.39259 
1786050168.346 -0.005065477 -0.006903892 -0.0060733 10.83746 
1786050168.411 -0.005079091 -0.006742154 -0.00708728 10.36519 
1786050168.467 -0.00509121 -0.00682801 -0.006900296 9.937398 
1786050168.520 -0.005103561 -0.005243808 -0.00652304 9.510096 
1786050168.579 -0.005115928 -0.003348096 -0.006259006 9.089996 
1786050168.641 -0.005129614 -0.001554811 -0.006781039 8.617635 
1786050168.702 -0.005143099 -0.002058103 -0.006883508 8.152539 
1786050168.762 -0.005155511 -0.007615286 -0.006523019 7.724923 
1786050168.820 -0.005168589 -0.008170044 -0.006377616 7.26753 
1786050168.884 -0.005182554 -0.005055713 -0.006527477 6.787544 
1786050168.942 -0.00519544 -0.001680015 -0.007279671 6.352531 
1786050169.008 -0.005208556 -0.004726428 -0.006331129 5.902486 
1786050169.063 -0.005221683 -0.005738041 -0.006014548 5.45259 
1786050169.118 -0.005233943 -0.008182791 -0.007064823 5.032682 
1786050169.174 -0.005245992 -0.006968553 -0.007074585 4.620145 
1786050169.239 -0.000260241 -0.005634466 -0.007093905 4.132582 
1786050169.304 -0.0002742792 -0.004531034 -0.006277095 3.652571 
1786050169.371 -0.0002874469 -0.005690467 -0.006786622 3.194964 
1786050169.426 -0.0003012791 -0.003920975 -0.007057632 2.730067 
1786050169.484 -0.0003142381 -0.004937256 -0.007838757 2.287594 
1786050169.554 -0.0003289591 -0.005444612 -0.006938228 1.77752 
1786050169.615 -0.000342585 -0.007075406 -0.007526515 1.320044 
1786050169.689 -0.005357752 -0.006325669 -0.007205863 0.8023756 
1786050169.751 -0.005371603 -0.0071526 -0.007493741 0.3224592 
1786050169.808 -0.005385234 -0.001820079 -0.007112764 -0.1349047 
1786050169.866 -0.005398205 -0.004509819 -0.007276231 -0.577618 
1786050169.928 -0.005411834 -0.009445128 -0.007248663 -1.042277 
1786050169.988 -0.005424363 -0.008640097 -0.007460941 -1.477523 
1786050170.049 -0.005438208 -0.004499271 -0.007676018 -1.942521 
1786050170.100 -0.005449852 -0.004628678 -0.008274963 -2.33991 
1786050170.153 -0.005461273 -0.003329901 -0.008327632 -2.729808 
1786050170.208 -0.005473349 -0.00495939 -0.008516376 -3.142534 
1786050170.263 -0.0004847623 -0.007317868 -0.007410342 -3.540006 
1786050170.320 -0.0004977059 -0.007295797 -0.008632788 -3.982423 
1786050170.373 -0.005509766 -0.005928134 -0.007732132 -4.387452 
1786050170.433 -0.000522257 -0.00826139 -0.007960809 -4.815153 
1786050170.493 -0.0005347405 -0.004093594 -0.008204119 -5.242584 
1786050170.545 -0.0005472154 -0.005557473 -0.008450384 -5.669953 
1786050170.600 -0.005559244 -0.004290181 -0.008667611 -6.082401 
1786050170.662 -0.005572137 -0.009910708 -0.008594362 -6.532477 
1786050170.721 -0.0005850185 -0.008026617 -0.009107766 -6.974996 
1786050170.772 -0.0005970158 -0.006380969 -0.009196767 -7.379926 
1786050170.831 -0.0006096554 -0.00439109 -0.008604755 -7.814892 
1786050170.888 -0.0006218467 -0.004026318 -0.009211331 -8.234872 
1786050170.948 -0.0006346771 -0.00160092 -0.009015129 -8.685153 
1786050171.000 -0.0006466241 -0.00790278 -0.008799004 -9.090045 
1786050171.050 -0.000657473 -0.01190804 -0.008175902 -9.465008 
1786050171.107 -0.0006689599 -0.006062613 -0.008368563 -9.862496 
1786050171.159 -0.0006806494 -0.005544374 -0.008393958 -10.27506 
1786050171.218 -0.0006934041 -0.005581221 -0.008528574 -10.70985 
1786050171.269 -0.0007044143 -0.006777984 -0.008382448 -11.09243 
1786050171.333 -0.0007179953 -0.005005004 -0.009863323 -11.56498 
1786050171.388 -0.0007296179 -0.005245259 -0.008731629 -11.97736 
1786050171.439 -0.0007412231 -0.007796529 -0.009420181 -12.38243 
1786050171.492 -0.00575281 -0.007808719 -0.010301 -12.77997 
1786050171.548 -0.0007643791 -0.01035324 -0.009143505 -13.18493 
1786050171.602 -0.0007761423 -0.003740568 -0.009329874 -13.59748 
1786050171.652 -0.005787032 -0.004008184 -0.009188448 -13.97993 
1786050171.713 -0.005799181 -0.00369275 -0.009309527 -14.40734 
1786050171.778 -0.0008134317 -0.00599502 -0.008146547 -14.9176 
1786050171.835 -0.0008246812 -0.009497145 -0.00844154 -15.30779 
1786050171.887 -0.0008369675 -0.00698539 -0.01004993 -15.74242 
1786050171.948 -0.0008496498 -0.004840056 -0.009682658 -16.19245 
1786050172.010 -0.0008620926 -0.004443693 -0.009944259 -16.63479 
1786050172.071 -0.0008747168 -0.005387499 -0.008759964 -17.09238 
1786050172.128 -0.0008877299 -0.004071568 -0.009344259 -17.5499 
1786050172.182 -0.0008988276 -0.004571832 -0.009570861 -17.94747 
1786050172.250 -0.0009121953 -0.01152644 -0.008882776 -18.4347 
1786050172.306 -0.0009242777 -0.007971214 -0.008969474 -18.86256 
1786050172.357 -0.0009352911 -0.0005667538 -0.01057619 -19.25992 
1786050172.412 -0.0009464848 -0.006713835 -0.01040571 -19.66473 
1786050172.467 -0.0009580633 -0.00337944 -0.009706872 -20.08509 
1786050172.526 -0.0009698168 -0.002636424 -0.008903401 -20.51981 
1786050172.577 -0.0009809214 -0.001807939 -0.009840319 -20.92497 
1786050172.630 -0.0009913816 -0.00805559 -0.01041604 -21.29993 
1786050172.688 -0.001003244 -0.007414951 -0.01117614 -21.74244 
1786050172.746 -0.001014868 -0.006513343 -0.01010559 -22.16258 
1786050172.799 -0.001026253 -0.008113965 -0.009758133 -22.58246 
1786050172.850 -0.001036591 -0.005613339 -0.009387958 -22.96494 
1786050172.915 -0.001048717 -0.001819245 -0.01086072 -23.42252 
1786050172.979 -0.001062007 -0.005148331 -0.009830994 -23.91749 
1786050173.033 -0.001073244 -0.009437947 -0.01009461 -24.33738 
1786050173.084 -0.001083645 -0.006991464 -0.01090789 -24.71997 
1786050173.146 -0.006095606 -0.002666603 -0.009178235 -25.16995 
1786050173.210 -0.001107523 -0.0067572 -0.01011668 -25.61998 
1786050173.270 -0.001119987 -0.006263066 -0.009347695 -26.09291 
1786050173.320 -0.001130434 -0.003049653 -0.01081501 -26.48995 
1786050173.375 -0.006141041 -0.005274004 -0.01080234 -26.89483 
1786050173.431 -0.00115161 -0.005437356 -0.01005427 -27.30735 
1786050173.480 -0.001161751 -0.009929519 -0.01076333 -27.68991 
1786050173.531 -0.001171662 -0.005064865 -0.01016116 -28.07237 
1786050173.593 -0.006183084 -0.006784725 -0.01065775 -28.52234 
1786050173.651 -0.00119465 -0.006688586 -0.0107429 -28.96482 
1786050173.701 -0.001204442 -0.00457545 -0.01010116 -29.3474 
1786050173.755 -0.001214579 -0.0005497897 -0.01150634 -29.74484 
1786050173.810 -0.001225246 -0.003262374 -0.01085294 -30.16501 
1786050173.869 -0.001235111 -0.007248499 -0.009530606 -30.55517 
1786050173.922 -0.001246444 -0.006780246 -0.009739522 -31.00484 
1786050173.974 -0.006256035 -0.002990823 -0.01023737 -31.38743 
1786050174.029 -0.001266148 -0.00356638 -0.01181363 -31.79247 
1786050174.089 -0.001276775 -0.006003134 -0.01033404 -32.22008 
1786050174.140 -0.001287166 -0.001317717 -0.01020257 -32.63995 
1786050174.193 -0.001296772 0.001282389 -0.01046907 -33.02989 
1786050174.257 -0.001307987 -0.0009223091 -0.01054009 -33.48764 
1786050174.312 -0.001318595 -0.002924766 -0.01068867 -33.92219 
1786050174.366 -0.001328423 -0.005924466 -0.01016887 -34.32738 
1786050174.423 -0.001338203 -0.009962358 -0.01145493 -34.73244 
1786050174.482 -0.001348835 -0.003483014 -0.01091138 -35.18265 
1786050174.531 -0.001358336 -0.004887226 -0.01144736 -35.57243 
1786050174.585 -0.001367612 -0.005257489 -0.01131069 -35.97005 
1786050174.645 -0.001378259 -0.003919834 -0.01036858 -36.41259 
1786050174.703 -0.001388316 -0.00312628 -0.01203238 -36.83995 
1786050174.754 -0.001397792 -0.001302061 -0.01014944 -37.24495 
1786050174.809 -0.001406696 -0.00492888 -0.01013908 -37.62741 
1786050174.864 -0.001416765 -0.009782599 -0.009515758 -38.06264 
1786050174.926 -0.001426775 -0.006035614 -0.009480122 -38.49747 
1786050174.980 -0.001436896 -0.001136982 -0.01093357 -38.93993 
1786050175.032 -0.001445763 -0.003531201 -0.01105909 -39.32989 
1786050175.089 -0.001455258 -0.002184436 -0.01066505 -39.75 
1786050175.150 -0.001465367 0.0004537899 -0.00997875 -40.19987 
1786050175.202 -0.001474241 -0.0007687454 -0.009564454 -40.59744 
1786050175.253 -0.00148273 -0.003429601 -0.01151217 -40.97987 
1786050175.311 -0.001491995 -0.001937387 -0.0119109 -41.39989 
1786050175.371 -0.001501528 -0.005266869 -0.01012341 -41.83499 
1786050175.424 -0.001510834 -0.004001946 -0.01038105 -42.26252 
1786050175.477 -0.00151943 -0.006230458 -0.01160684 -42.66002 
1786050175.539 -0.001528935 -0.006907567 -0.01084317 -43.10252 
1786050175.605 -0.001539646 -0.001297854 -0.01048565 -43.60494 
1786050175.658 -0.001548372 -0.002776925 -0.01159088 -44.01752 
1786050175.713 -0.00155688 0.0001906366 -0.01068267 -44.42989 
1786050175.774 -0.001566577 -0.001916509 -0.01141258 -44.88746 
1786050175.836 -0.001575577 -0.007009153 -0.01070257 -45.32246 
1786050175.895 -0.001585121 -0.0068199 -0.01088497 -45.79492 
1786050175.949 -0.001593522 -0.003670998 -0.01117787 -46.19988 
1786050176.000 0.003398744 -0.006650812 -0.01105848 -46.58256 
1786050176.056 -0.001609685 -0.0007882994 -0.01043922 -47.00244 
1786050176.108 0.003382696 -0.005629693 -0.01095719 -47.39249 
1786050176.160 0.003374836 -0.00055462 -0.01137643 -47.78235 
1786050176.216 0.003366743 0.001074167 -0.01107573 -48.20242 
1786050176.276 0.003357989 -0.002923014 -0.01139205 -48.64483 
1786050176.333 0.003349744 -0.0007707722 -0.01166993 -49.07986 
1786050176.383 0.003342284 -0.003522443 -0.01014403 -49.46246 
1786050176.438 0.003334741 -0.006993075 -0.01098186 -49.85997 
1786050176.499 0.003326277 -0.006452897 -0.01037503 -50.31005 
1786050176.552 0.003318727 -0.004582317 -0.01022255 -50.71495 
1786050176.604 0.003311243 -0.003117016 -0.01132825 -51.12011 
1786050176.667 0.003302866 -0.0073619 -0.01138566 -51.57743 
1786050176.725 0.003295386 -0.002693393 -0.009741327 -51.99762 
1786050176.779 0.003287438 -0.0006874934 -0.01173744 -52.4324 
1786050176.834 0.003280233 -0.003253367 -0.0108897 -52.84489 
1786050176.891 0.003272831 -0.00307061 -0.009282895 -53.26524 
1786050176.953 0.003264982 0.000112916 -0.01155162 -53.70738 
1786050177.005 0.00325773 -0.007036214 -0.01068615 -54.1274 
1786050177.059 0.003251063 -0.005608017 -0.01139932 -54.51736 
1786050177.115 0.003244079 -0.003883614 -0.01079348 -54.92984 
1786050177.174 0.003236543 -0.004433712 -0.01086453 -55.37985 
1786050177.226 0.003230079 -0.002078724 -0.01147687 -55.77746 
1786050177.277 0.003223681 -0.004631058 -0.0100217 -56.16739 
1786050177.335 0.003216862 -0.00574614 -0.01147734 -56.58005 
1786050177.388 0.003210358 -0.003614482 -0.01100973 -56.98494 
1786050177.442 0.003203806 0.003704206 -0.01019625 -57.39751 
1786050177.496 0.003197328 -0.002983723 -0.01199124 -57.80997 
1786050177.556 0.003190807 -0.001632288 -0.01008011 -58.22991 
1786050177.611 0.003184135 0.0007467911 -0.01022801 -58.66499 
1786050177.662 0.008178223 -0.002131042 -0.01087516 -59.05494 
1786050177.719 0.003172042 -0.005739275 -0.01081328 -59.46741 
1786050177.778 0.003165495 -0.0034237 -0.01082898 -59.90993 
1786050177.832 0.003159688 -0.006371512 -0.009812671 -60.30761 
1786050177.882 0.008153952 -0.002731354 -0.01136412 -60.70491 
1786050177.949 0.0031468 -0.004953008 -0.01087387 -61.2074 
1786050178.015 0.003140492 -0.004216965 -0.01001972 -61.6651 
1786050178.075 0.003133864 -0.002740803 -0.01085325 -62.14488 
1786050178.126 0.003128454 -0.001138049 -0.01055227 -62.53499 
1786050178.178 0.003123316 -0.0007223684 -0.01202583 -62.92497 
1786050178.242 0.003117357 -0.001663301 -0.008622937 -63.36761 
1786050178.302 0.003111199 0.002381152 -0.01085979 -63.83988 
1786050178.356 0.003105812 0.003318584 -0.01062621 -64.25995 
1786050178.408 0.003100976 -0.001120707 -0.008470267 -64.64267 
1786050178.465 0.003095744 -0.001896896 -0.01101041 -65.06243 
1786050178.526 0.003090138 -0.003243579 -0.009932845 -65.51976 
1786050178.578 0.003085257 -0.002981981 -0.01053827 -65.92492 
1786050178.631 0.003080629 -0.006213425 -0.00843607 -66.3223 
1786050178.687 0.003075724 -0.002404183 -0.009669774 -66.73493 
1786050178.748 0.003070988 -0.005869475 -0.009850676 -67.14749 
1786050178.800 0.003065997 -0.0005850366 -0.009184669 -67.58989 
1786050178.852 0.003061674 -0.003064826 -0.01124842 -67.97995 
1786050178.907 0.003057262 -0.004377422 -0.00932353 -68.38507 
1786050178.961 0.003053007 -0.004590343 -0.00822261 -68.79035 
1786050179.011 0.003048906 -0.004510344 -0.010745 -69.17249 
1786050179.070 0.003044571 -0.001881853 -0.009340513 -69.60001 
1786050179.138 0.00303957 -0.005418568 -0.009891722 -70.08746 
1786050179.205 0.003034468 -0.002972575 -0.009123111 -70.60481 
1786050179.255 0.003030636 -0.003242239 -0.01150044 -71.00243 
1786050179.311 0.003026741 0.0006650591 -0.009599342 -71.41497 
1786050179.370 0.003022723 7.60916e-05 -0.009499703 -71.84985 
1786050179.434 0.003018596 -0.003018178 -0.008795879 -72.31502 
1786050179.496 0.003014311 -0.001391314 -0.009637806 -72.79502 
1786050179.550 0.003010776 -0.002235575 -0.009616241 -73.20742 
1786050179.603 0.003007448 -0.002690329 -0.01003126 -73.60491 
1786050179.660 0.003003956 -0.00371068 -0.009898881 -74.0325 
1786050179.715 0.003000672 -0.008409036 -0.008703401 -74.44502 
1786050179.769 0.002997528 -0.004095994 -0.009535903 -74.84995 
1786050179.820 0.002994578 -0.004637908 -0.009546981 -75.23994 
1786050179.878 0.002991431 -0.003513099 -0.01099924 -75.66734 
1786050179.935 0.002988427 -0.00578334 -0.009134025 -76.08752 
1786050179.988 0.002985716 -0.004014627 -0.009391975 -76.47747 
1786050180.043 0.002982831 -0.005062419 -0.009316264 -76.90489 
1786050180.106 0.002979796 -0.00553084 -0.009857506 -77.37001 
1786050180.166 0.002977148 -0.003802434 -0.009191104 -77.79751 
1786050180.217 0.002974544 -0.002343913 -0.009294141 -78.21749 
1786050180.272 0.002972161 -0.003192468 -0.01059645 -78.62246 
1786050180.339 0.002969499 -0.002844923 -0.005794432 -79.09254 
1786050180.406 0.002966769 -0.001492577 -0.006809717 -79.59575 
1786050180.461 0.002964728 -0.003671783 -0.005080559 -79.9889 
1786050180.517 0.0029627 -0.004330426 -0.005391249 -80.39498 
1786050180.571 0.002960922 -0.004777146 -0.00232126 -80.76556 
1786050180.629 0.002959186 -0.007538743 -0.004230902 -81.14879 
1786050180.679 0.002957612 -0.0007189734 -0.001950596 -81.49792 
1786050180.734 0.002956186 -0.004331626 -0.0007669515 -81.83342 
1786050180.787 0.002954794 -0.00245349 0.001223346 -82.17496 
1786050180.846 0.002953396 -0.003353585 0.002872471 -82.53355 
1786050180.897 0.002952201 -0.003291362 0.004649806 -82.85383 
1786050180.951 0.002951125 -0.001648528 0.009404867 -83.16196 
1786050181.008 0.002949983 -0.003518105 0.007391682 -83.49058 
1786050181.060 0.00294903 0.00182467 0.008238351 -83.7895 
1786050181.121 0.002947994 0.0003181568 0.008244398 -84.11934 
1786050181.172 0.002947162 0.003239435 0.009303452 -84.40311 
1786050181.232 0.00794632 0.004018221 0.009301382 -84.70574 
1786050181.287 0.002945597 0.005998618 0.009553821 -84.97995 
1786050181.338 0.002944931 0.005282041 0.009196878 -85.24685 
1786050181.394 0.002944318 0.002434 0.01085148 -85.50648 
1786050181.461 0.007943616 0.008396058 0.009054015 -85.82291 
1786050181.521 0.002943103 0.006364198 0.01144127 -86.07505 
1786050181.574 0.002942603 0.005803527 0.01056728 -86.32772 
1786050181.631 0.002942174 0.003726512 0.01115437 -86.56372 
1786050181.690 0.00294178 0.007015518 0.008729127 -86.7959 
1786050181.757 0.002941397 0.008273386 0.01227 -87.0432 
1786050181.809 -0.002058928 0.006237762 0.01315404 -87.26199 
1786050181.865 -0.002059206 0.007466269 0.01080818 -87.46878 
1786050181.920 -0.002059445 0.00511136 0.01193892 -87.66062 
1786050181.976 -0.002059657 0.005572544 0.01205214 -87.84494 
1786050182.031 -0.002059841 0.008649172 0.01353853 -88.01859 
1786050182.084 -0.002060005 0.00802587 0.012196 -88.18799 
1786050182.139 -0.007060144 0.006921988 0.01328876 -88.34691 
1786050182.198 -0.002060279 0.00828135 0.01417059 -88.51215 
1786050182.252 -0.002060383 0.008154113 0.0128783 -88.65572 
1786050182.301 -0.002060466 0.007986436 0.01476678 -88.78225 
1786050182.358 -0.002060542 0.006585531 0.0141603 -88.91423 
1786050182.412 -0.002060609 0.007271702 0.01140484 -89.03857 
1786050182.466 -0.002060661 0.005237377 0.01430421 -89.15129 
1786050182.523 -0.002060708 0.006147787 0.01415108 -89.2665 
1786050182.585 -0.002060746 0.005571457 0.01361886 -89.37872 
1786050182.650 -0.002060776 0.007135023 0.01462651 -89.47834 
1786050182.702 -0.002060798 0.007427642 0.01549684 -89.57075 
1786050182.755 -0.002060812 0.006175516 0.01546175 -89.6422 
1786050182.819 -0.002060825 0.004543391 0.01428698 -89.71798 
1786050182.885 -0.002060834 0.006355347 0.0155968 -89.79392 
1786050182.945 -0.002060839 0.007335462 0.01606919 -89.85036 
1786050182.997 -0.002060842 0.003882131 0.01599759 -89.89414 
1786050183.050 -0.002060844 0.004180471 0.01616721 -89.92859 
1786050183.116 -0.002060845 0.004349416 0.01588459 -89.9595 
1786050183.176 -0.002060845 0.008416662 0.01598138 -89.98376 
1786050183.229 -0.002060845 0.004428568 0.01626622 -89.9955 
1786050183.282 -0.002060845 0.004429558 0.0167246 -89.99995 
1786050183.340 -0.002060845 0.008429558 0.01520033 -90 
1786050183.393 -0.002060845 0.004429558 0.01393034 -90 
1786050183.445 -0.002060845 0.004429558 0.01393034 -90 
1786050183.494 -0.002060845 0.004429558 0.01393034 -90 
1786050183.548 -0.002060845 0.008429558 0.01393034 -90 
1786050183.603 -0.002060845 0.004429558 0.01266034 -90 
1786050183.653 -0.002060845 0.004429558 0.01266034 -90 
1786050183.704 -0.002060845 0.004429558 0.01266034 -90 
1786050183.759 -0.002060845 0.008429558 0.01266034 -90 
1786050183.809 -0.002060845 0.008429558 0.01266034 -90 
1786050183.861 -0.002060845 0.004429558 0.01266034 -90 
1786050183.916 -0.002060845 0.004429558 0.01266034 -90 
1786050183.970 -0.002060845 0.004429558 0.01266034 -90 
1786050184.020 -0.002060845 0.004429558 0.01266034 -90 
1786050184.076 -0.002060845 0.004429558 0.01266034 -90 
1786050184.125 -0.002060845 0.004429558 0.01266034 -90 
1786050184.178 -0.002060845 0.004429558 0.01266034 -90 
1786050184.230 -0.002060845 0.004429558 0.01139034 -90 
1786050184.279 -0.002060845 0.004429558 0.01266034 -90 
1786050184.333 -0.002060845 0.008429558 0.01266034 -90 
1786050184.385 -0.002060845 0.004429558 0.01139034 -90 
1786050184.439 -0.002060845 0.004429558 0.01266034 -90 
1786050184.493 -0.002060845 0.004429558 0.01139034 -90 
1786050184.542 -0.002060845 0.004429558 0.01139034 -90 
1786050184.598 -0.002060845 0.004429558 0.01139034 -90 
1786050184.653 -0.002060845 0.004429558 0.01139034 -90 
1786050184.703 -0.002060845 0.004429558 0.01139034 -90 
1786050184.753 -0.002060845 0.004429558 0.01139034 -90 
1786050184.809 -0.002060845 0.004429558 0.01139034 -90 
1786050184.861 -0.002060845 0.004429558 0.01012034 -90 
1786050184.914 -0.002060845 0.004429558 0.01012034 -90 
1786050184.965 -0.002060845 0.004429558 0.01012034 -90 
1786050185.017 -0.002060845 0.004429558 0.01012034 -90 
1786050185.067 -0.002060845 0.004429558 0.01012034 -90 
1786050185.130 -0.002060845 0.004429558 0.01012034 -90 
1786050185.180 -0.002060845 0.004429558 0.01139034 -90 
1786050185.233 -0.002060845 0.004429558 0.01139034 -90 
1786050185.283 -0.002060845 0.004429558 0.01012034 -90 
1786050185.334 -0.002060845 0.004429558 0.01012034 -90 
1786050185.384 -0.002060845 0.004429558 0.01012034 -90 
1786050185.437 -0.002060845 0.004429558 0.01012034 -90 
1786050185.487 -0.007060845 0.004429558 0.01012034 -90 
1786050185.541 -0.002060845 0.004429558 0.01012034 -90 
1786050185.598 -0.007060845 0.004429558 0.01012034 -90 
1786050185.650 -0.007060845 0.004429558 0.008850338 -90 
1786050185.700 -0.002060845 0.004429558 0.008850338 -90 
1786050185.751 -0.002060845 0.004429558 0.008850338 -90 
1786050185.806 -0.007060845 0.004429455 0.0105926 -89.99856 
1786050185.863 0.002939155 0.01242409 0.0147455 -89.98942 
1786050185.928 0.01293916 0.01638549 0.01660105 -89.96958 
1786050185.983 0.01293916 0.01627535 0.01731008 -89.94382 
1786050186.038 0.01293916 0.01604159 0.01879772 -89.91089 
1786050186.097 0.01293916 0.01557786 0.01905774 -89.86797 
1786050186.154 0.01293916 0.01478691 0.01687105 -89.81664 
1786050186.204 0.01293917 0.01772119 0.01763343 -89.76455 
1786050186.261 0.01293918 0.01602876 0.01703988 -89.69866 
1786050186.328 0.01293919 0.01339314 0.01641009 -89.6205 
1786050186.382 0.007939211 0.009790363 0.01282181 -89.53336 
1786050186.435 0.007939233 0.005500611 0.01240721 -89.44723 
1786050186.492 0.002939262 0.003914581 0.01079638 -89.35204 
1786050186.559 0.002939304 -0.0001178049 0.009667893 -89.23554 
1786050186.616 0.002939356 -0.001939836 0.01114298 -89.11172 
1786050186.670 -0.002060583 -0.005654996 0.01036616 -88.98751 
1786050186.728 -0.00206051 -0.007599668 0.01057805 -88.85516 
1786050186.788 -0.007060423 -0.008271356 0.009228759 -88.71473 
1786050186.848 -0.007060307 -0.01027374 0.008840785 -88.55009 
1786050186.899 -0.007060196 -0.007590652 0.009965942 -88.40671 
1786050186.951 -0.007060075 -0.007061796 0.01076779 -88.26242 
1786050187.007 -0.007059915 -0.009141559 0.01018489 -88.09346 
1786050187.059 -0.007059745 -0.009638765 0.0106935 -87.92631 
1786050187.117 -0.007059537 -0.005361705 0.01121965 -87.73878 
1786050187.171 -0.007059314 -0.007951555 0.009720688 -87.55349 
1786050187.229 -0.007059049 -0.007528103 0.009571288 -87.34646 
1786050187.291 -0.007058734 -0.006705154 0.01139798 -87.12726 
1786050187.343 -0.007058405 -0.009638481 0.01090591 -86.91103 
1786050187.401 -0.007058024 -0.0103029 0.01061132 -86.67895 
1786050187.464 -0.007057578 -0.007560802 0.009698199 -86.42576 
1786050187.525 -0.007057081 -0.006553051 0.009558666 -86.16314 
1786050187.576 -0.007056604 -0.009542873 0.01000549 -85.92747 
1786050187.634 -0.007056032 -0.006724172 0.01019218 -85.66152 
1786050187.691 -0.007055428 -0.01026108 0.009565329 -85.39664 
1786050187.757 -0.007054656 -0.00964257 0.009735599 -85.07966 
1786050187.808 -0.007053968 -0.009014936 0.009446048 -84.81326 
1786050187.862 -0.007053239 -0.008250216 0.008394471 -84.54496 
1786050187.919 -0.007052343 -0.007303233 0.009542778 -84.23271 
1786050187.975 -0.007051439 -0.007942951 0.01035484 -83.93366 
1786050188.028 -0.007050465 -0.009974073 0.0104107 -83.62685 
1786050188.080 -0.007049477 -0.01077899 0.009708246 -83.32993 
1786050188.137 -0.007048335 -0.008829513 0.009299404 -83.00264 
1786050188.190 -0.007047245 -0.009006627 0.009678522 -82.7037 
1786050188.243 -0.007045917 -0.01056397 0.01039368 -82.35544 
1786050188.294 -0.007044649 -0.008730059 0.0107761 -82.03684 
1786050188.355 -0.007043056 -0.008965526 0.01045572 -81.65374 
1786050188.411 -0.007041467 -0.008603156 0.00944413 -81.28806 
1786050188.464 -0.007039866 -0.01023841 0.01046226 -80.93474 
1786050188.519 -0.007038103 -0.01095721 0.009900697 -80.56071 
1786050188.578 -0.007036162 -0.009780566 0.009315921 -80.16504 
1786050188.636 -0.007033987 -0.009149364 0.009166671 -79.73967 
1786050188.687 -0.007032028 -0.01118952 0.01007481 -79.37119 
1786050188.748 -0.007029632 -0.008887272 0.009070219 -78.92928 
1786050188.810 -0.00702701 -0.009547874 0.006785023 -78.47993 
1786050188.866 -0.007024462 -0.008275433 0.007002574 -78.05256 
1786050188.921 -0.007021822 -0.0084738 0.007333317 -77.6251 
1786050188.976 -0.007019285 -0.008940039 0.005145737 -77.22742 
1786050189.038 -0.007016369 -0.009961051 0.006071434 -76.78504 
1786050189.098 -0.007013095 -0.007246899 0.005956939 -76.30501 
1786050189.151 -0.007010243 -0.006079028 0.006171032 -75.89252 
1786050189.201 -0.00700753 -0.008465427 0.006084747 -75.51762 
1786050189.258 -0.007004409 -0.01005602 0.00608146 -75.10503 
1786050189.312 -0.007001317 -0.008631927 0.005754048 -74.69996 
1786050189.367 -0.006998084 -0.01003563 0.00605841 -74.28758 
1786050189.419 -0.006994829 -0.003785323 0.007242074 -73.88259 
1786050189.482 -0.006991117 -0.004675623 0.004180851 -73.43243 
1786050189.538 -0.001987435 -0.007964378 0.006612757 -72.99756 
1786050189.592 -0.006983989 -0.006086694 0.00467642 -72.59234 
1786050189.646 -0.001980264 -0.009467817 0.006170796 -72.18002 
1786050189.710 -0.006976178 -0.005870478 0.005111334 -71.73004 
1786050189.774 -0.001972064 -0.007588962 0.005069956 -71.28743 
1786050189.838 -0.006967204 -0.007638504 0.003014981 -70.76992 
1786050189.890 -0.001963034 -0.008054528 0.006745978 -70.35006 
1786050189.952 -0.006958625 -0.01012761 0.00488052 -69.90744 
1786050190.028 -0.001953117 -0.004878776 0.005729378 -69.36009 
1786050190.094 -0.006947787 -0.008077387 0.006422605 -68.85758 
1786050190.161 -0.001942495 -0.00680287 0.007447049 -68.35488 
1786050190.214 -0.001937748 -0.009390855 0.004644864 -67.92748 
1786050190.270 -0.00193308 -0.008976271 0.006208599 -67.50767 
1786050190.329 -0.006928071 -0.005552192 0.00543759 -67.06542 
1786050190.387 -0.006923232 -0.005788721 0.003493856 -66.64467 
1786050190.452 -0.001917866 -0.01055137 0.005208659 -66.18767 
1786050190.508 -0.001912493 -0.004768268 0.006106794 -65.73752 
1786050190.563 -0.001907301 -0.004384054 0.003812579 -65.30975 
1786050190.620 -0.006902024 -0.004224959 0.005489068 -64.88262 
1786050190.680 -0.001896472 -0.004457969 0.004230009 -64.43978 
1786050190.738 -0.00189112 -0.006748017 0.004678495 -64.01995 
1786050190.796 -0.001885099 -0.008640746 0.006023941 -63.55503 
1786050190.850 -0.006879774 -0.00957617 0.005680009 -63.15007 
1786050190.911 -0.006873871 -0.008273194 0.004846782 -62.70005 
1786050190.982 -0.006867162 -0.01036792 0.005446142 -62.21273 
1786050191.041 -0.00186055 -0.00511875 0.005228958 -61.73265 
1786050191.094 -0.001854891 -0.009991451 0.007077996 -61.32772 
1786050191.154 -0.00684873 -0.01059036 0.004493907 -60.89245 
1786050191.222 -0.006841399 -0.006618793 0.005022224 -60.3825 
1786050191.285 -0.001834725 -0.005329798 0.005404034 -59.92501 
1786050191.348 -0.001827399 -0.008456752 0.006157123 -59.43016 
1786050191.402 -0.006821099 -0.007764822 0.005759253 -59.01005 
1786050191.466 -0.001814148 -0.005231756 0.004441716 -58.54486 
1786050191.531 -0.006806524 -0.007346366 0.005025722 -58.05761 
1786050191.590 -0.001799854 -0.005175124 0.004342134 -57.62988 
1786050191.654 -0.006792152 -0.008189356 0.004588526 -57.14237 
1786050191.706 -0.001785796 -0.01007415 0.005436722 -56.74503 
1786050191.767 -0.006778275 -0.01047177 0.004926991 -56.28022 
1786050191.843 -0.006769797 -0.005700622 0.005885377 -55.76261 
1786050191.935 -0.001757939 -0.01044315 0.005364624 -55.05033 
1786050192.011 -0.006748043 -0.004327424 0.004343279 -54.46488 
1786050192.084 -0.001739041 -0.00355177 0.005807154 -53.94002 
1786050192.146 -0.00173045 -0.004478553 0.005116726 -53.44511 
1786050192.203 -0.006722816 -0.002386055 0.00644429 -53.01012 
1786050192.261 -0.001715239 -0.001546437 0.005209623 -52.58246 
1786050192.327 -0.001706777 -0.005537245 0.004050348 -52.11004 
1786050192.382 -0.001698772 -0.006538855 0.005091107 -51.66751 
1786050192.445 -0.001690549 -0.00484717 0.005408812 -51.21763 
1786050192.503 -0.006682247 -0.006579918 0.004762703 -50.76768 
1786050192.567 -0.001673161 -0.005749636 0.005811634 -50.28012 
1786050192.630 -0.001664692 -0.007301359 0.004358117 -49.82997 
1786050192.688 -0.001656429 -0.005307969 0.005130391 -49.39506 
1786050192.749 -0.001647371 -0.003251692 0.00485592 -48.92257 
1786050192.810 -0.001638373 -0.005791748 0.004541641 -48.4575 
1786050192.876 -0.006629733 -0.003862619 0.004548019 -48.01503 
1786050192.933 -0.001620277 -0.005847551 0.004437372 -47.53497 
1786050192.994 -0.001611632 -0.008870007 0.004031089 -47.09999 
1786050193.048 -0.001602917 -0.005436978 0.00373846 -46.66501 
1786050193.104 -0.001594587 -0.004330328 0.003915761 -46.2526 
1786050193.164 -0.001585888 -0.007009484 0.004207827 -45.81759 
1786050193.219 -0.001576967 -0.005458018 0.003633184 -45.38999 
1786050193.274 -0.001568444 -0.005206655 0.002286851 -44.97763 
1786050193.332 -0.00155939 -0.006470997 0.002625414 -44.54254 
1786050193.391 -0.00155011 -0.002856389 0.002498612 -44.10008 
1786050193.464 -0.001539805 -0.00689486 -7.690875e-05 -43.61243 
1786050193.543 -0.001527168 -0.008369334 -0.0002796891 -43.01254 
1786050193.611 -0.00151522 -0.006325356 -0.001747404 -42.4575 
1786050193.672 -0.001505617 -0.004292453 -0.001629742 -42.02237 
1786050193.724 0.003503559 -0.004856311 -0.001147815 -41.60259 
1786050193.783 0.003512961 -0.00446811 -0.002418705 -41.17511 
1786050193.843 0.003523257 -0.002935337 -0.003335637 -40.71008 
1786050193.900 0.003532619 -0.002947357 -0.002768281 -40.29009 
1786050193.954 0.00354204 -0.006105513 -0.002648656 -39.87013 
1786050194.005 0.0035505 -0.00583673 -0.004465463 -39.49503 
1786050194.062 0.0035602 -0.00642663 -0.004259519 -39.06003 
1786050194.120 0.003569444 -0.003895069 -0.003885061 -38.66245 
1786050194.175 0.003579604 -0.008276077 -0.003615482 -38.21259 
1786050194.226 0.003588609 -0.004260032 -0.004112876 -37.83002 
1786050194.282 0.003598012 -0.005391408 -0.003983075 -37.41755 
1786050194.339 0.003607641 -0.003095106 -0.004358506 -37.00501 
1786050194.394 0.003617853 -0.001298948 -0.004789141 -36.57751 
1786050194.449 0.003627589 -0.004810057 -0.00433829 -36.16503 
1786050194.507 0.003637555 -0.008210552 -0.00420888 -35.74497 
1786050194.570 0.003647574 -0.005680281 -0.0053691 -35.32491 
1786050194.623 0.003658727 -0.007785689 -0.004781656 -34.86004 
1786050194.677 0.003668493 -0.004883102 -0.004422017 -34.45505 
1786050194.740 0.003679399 -0.003844365 -0.00456732 -34.00495 
1786050194.807 -0.00130817 -0.00190455 -0.004500162 -33.49519 
1786050194.861 -0.001298246 -0.005188344 -0.004485846 -33.09005 
1786050194.917 -0.001287537 -0.006607404 -0.00343637 -32.65512 
1786050194.973 -0.001277147 -0.006962629 -0.004318293 -32.23507 
1786050195.035 -0.001266522 -0.004193708 -0.005266585 -31.80762 
1786050195.093 -0.001255472 -0.006537829 -0.004341541 -31.36501 
1786050195.145 -0.001244747 -0.00680397 -0.004497547 -30.93758 
1786050195.199 -0.001234732 -0.003571421 -0.004948327 -30.54013 
1786050195.258 -0.001223915 -0.00145188 -0.005514591 -30.11242 
1786050195.317 -0.001213051 -0.0007714813 -0.005816475 -29.67741 
1786050195.372 -0.001201566 -0.009885127 -0.005483076 -29.2351 
1786050195.421 -0.001192148 -0.008494696 -0.005882781 -28.86757 
1786050195.483 -0.001180958 -0.005689259 -0.006625231 -28.43257 
1786050195.540 -0.001169721 -0.008763642 -0.006458443 -27.99002 
1786050195.596 -0.001158245 -0.007589838 -0.005778269 -27.55493 
1786050195.649 -0.001148091 -0.002778499 -0.00561474 -27.16503 
1786050195.708 -0.001136724 -0.00172055 -0.005598416 -26.73007 
1786050195.766 -0.001126102 -0.002420942 -0.006369121 -26.32505 
1786050195.819 0.003885547 -0.007085535 -0.005996039 -25.88253 
1786050195.873 0.003896048 -0.008638034 -0.00541874 -25.48511 
1786050195.941 0.003909173 -0.007394572 -0.006193433 -24.98987 
1786050196.009 0.003922351 -0.008265677 -0.005808787 -24.49513 
1786050196.075 0.003935381 -0.0007055475 -0.00619245 -24.00762 
1786050196.126 0.003946847 0.001342664 -0.005793446 -23.58005 
1786050196.181 0.003957341 -0.002742326 -0.006580809 -23.18998 
1786050196.244 0.003970095 -0.002599984 -0.006179765 -22.71763 
1786050196.302 0.003982079 -0.007442515 -0.005705137 -22.27503 
1786050196.354 0.003993081 -0.004675195 -0.005827141 -21.87006 
1786050196.407 0.004003501 -0.006656435 -0.005981801 -21.48752 
1786050196.462 0.004014973 -0.001762394 -0.004865914 -21.06754 
1786050196.520 0.004026478 -0.00235746 -0.006300888 -20.63996 
1786050196.578 0.004038634 -0.0006516371 -0.006132471 -20.20503 
1786050196.630 0.004049376 -0.004279505 -0.005755053 -19.81503 
1786050196.686 -0.0009390254 -0.003356421 -0.006723398 -19.39505 
1786050196.745 -0.0009276052 -0.004450573 -0.007125802 -18.98255 
1786050196.797 -0.0009157399 -0.002562608 -0.005406878 -18.55497 
1786050196.849 -0.0009046805 -0.002750285 -0.005606026 -18.15756 
1786050196.908 -0.0008929678 0.0002787754 -0.00620517 -17.7376 
1786050196.963 -0.0008814374 -0.001858362 -0.006512912 -17.31755 
1786050197.015 -0.0008698811 -0.0009467184 -0.006182804 -16.91255 
1786050197.072 -0.0008580887 -0.005132775 -0.006027124 -16.49256 
1786050197.133 -0.0008456368 -0.00326283 -0.006598007 -16.05009 
1786050197.186 -0.005834428 -0.004063458 -0.005803401 -15.65236 
1786050197.240 -0.0008223481 -0.003080029 -0.004935861 -15.22512 
1786050197.301 -0.0008100315 0.0006164645 -0.00549766 -14.79007 
1786050197.362 -0.0007968381 0.00486908 -0.005197767 -14.32521 
1786050197.420 -0.0007844711 0.0029503 -0.005955763 -13.88989 
1786050197.474 -0.0007725085 0.002263836 -0.006113763 -13.47009 
1786050197.527 -0.0007613816 -0.00282844 -0.006391926 -13.08001 
1786050197.583 -0.0007495935 0.001819731 -0.006198691 -12.66742 
1786050197.639 -0.0007377864 0.002821837 -0.005717231 -12.25501 
1786050197.694 -0.0007255304 0.006101499 -0.005529889 -11.82768 
1786050197.745 -0.0007145483 0.004666338 -0.00596583 -11.43754 
1786050197.804 -0.0007020776 0.00694219 -0.00630485 -11.01137 
1786050197.856 -0.0006908555 0.007586133 -0.007133076 -10.6143 
1786050197.910 -0.0006802346 0.003238015 -0.006754269 -10.25313 
1786050197.968 -0.0006677616 0.009080602 -0.006766211 -9.821038 
1786050198.028 -0.0006561365 0.008841224 -0.006367484 -9.418741 
1786050198.082 -0.000645325 0.01200367 -0.007304699 -9.045201 
1786050198.137 -0.0006345306 0.01398602 -0.006823163 -8.665935 
1786050198.193 -0.0006239529 0.01023144 -0.006728434 -8.307654 
1786050198.258 -0.0006126786 0.008998798 -0.006299811 -7.906683 
1786050198.316 -0.0006021996 0.01165934 -0.006915996 -7.558321 
1786050198.369 -0.0005919565 0.007359584 -0.006185652 -7.206085 
1786050198.427 -0.0005822912 0.009429525 -0.00682909 -6.87386 
1786050198.490 -0.0005720151 0.01084115 -0.006241514 -6.520871 
1786050198.550 -0.000561841 0.01172247 -0.007302568 -6.171495 
1786050198.601 -0.0005533606 0.01208087 -0.006503748 -5.880741 
1786050198.651 -0.0005456985 0.0112079 -0.006126052 -5.612716 
1786050198.710 -0.0005370015 0.01173948 -0.006210925 -5.319969 
1786050198.762 -0.0005291239 0.00722725 -0.005575471 -5.050173 
1786050198.820 -0.000520592 0.005742762 -0.005462856 -4.758017 
1786050198.875 -0.0005128642 0.00985213 -0.005427527 -4.493724 
1786050198.935 -0.0005049514 0.006620836 -0.005824496 -4.222707 
1786050198.994 -0.0004975422 0.01156983 -0.006451679 -3.960504 
1786050199.049 -0.0004899818 0.01162669 -0.005685741 -3.710854 
1786050199.099 -0.0004835276 0.01096638 -0.005590165 -3.490314 
1786050199.158 -0.0004766784 0.01085892 -0.005956524 -3.256297 
1786050199.214 -0.0004701793 0.009627201 -0.005061102 -3.03425 
1786050199.267 -0.0004640184 0.01298432 -0.005818138 -2.82374 
1786050199.321 -0.0004581839 0.01067579 -0.004868263 -2.624525 
1786050199.388 -0.0004515442 0.01058921 -0.005135296 -2.39782 
1786050199.450 -0.000445397 0.008560048 -0.005118183 -2.18797 
1786050199.502 -0.0004401788 0.007950394 -0.005424231 -2.009818 
1786050199.555 -0.0004354484 0.008518931 -0.005475718 -1.848348 
1786050199.625 -0.0004295608 0.008067587 -0.005452813 -1.647383 
1786050199.688 -0.0004244874 0.01112031 -0.005720847 -1.474276 
1786050199.746 -0.0004198454 0.008571004 -0.005720733 -1.315845 
1786050199.798 -0.0004158929 0.009700149 -0.005780292 -1.181004 
1786050199.854 0.00458798 0.005934248 -0.005353586 -1.048805 
1786050199.911 0.004591561 0.01006652 -0.004993038 -0.926672 
1786050199.969 0.004595156 0.01150215 -0.004783168 -0.803994 
1786050200.024 0.004598223 0.005802941 -0.004718624 -0.6993937 
1786050200.077 0.004601076 0.01290198 -0.004879861 -0.6020728 
1786050200.131 0.004603715 0.008803213 -0.003788907 -0.5120118 
1786050200.182 0.004606012 0.01017774 -0.003979117 -0.4336694 
1786050200.235 0.004608197 0.008919824 -0.004855481 -0.3577944 
1786050200.290 0.009610246 0.009481557 -0.005227709 -0.2891992 
1786050200.348 0.009612074 0.01237969 -0.004925561 -0.2268284 
1786050200.401 0.004613735 0.007257985 -0.00509676 -0.170188 
1786050200.453 0.009615018 0.01361888 -0.004452322 -0.1256201 
1786050200.509 0.009616189 0.0104355 -0.004046678 -0.08646015 
1786050200.563 0.01461712 0.02006541 0.003792896 -0.05460853 
1786050200.618 0.01961788 0.0200634 0.008977803 -0.02888509 
1786050200.674 0.01461838 0.020223 0.0102818 -0.0117635 
1786050200.741 0.01461869 0.01754306 0.009018476 -0.001281479 
1786050200.810 0.009618724 0.01437456 0.007748557 -1.594476e-08 
1786050200.861 0.009618724 0.01437456 0.007748557 -1.594476e-08 
1786050200.915 0.009618724 0.01037456 0.007748557 -1.594476e-08 
1786050200.966 0.009618724 0.01037456 0.007748557 -1.594476e-08 
1786050201.015 0.009618724 0.01037456 0.006478557 -1.594476e-08 
1786050201.064 0.009618724 0.01037456 0.006478557 -1.594476e-08 
1786050201.118 0.009618724 0.01037456 0.006478557 -1.594476e-08 
1786050201.168 0.009618724 0.01037456 0.006478557 -1.594476e-08 
1786050201.226 0.009618724 0.01037456 0.006478557 -1.594476e-08 
1786050201.280 0.009618724 0.01037456 0.007748557 -1.594476e-08 
1786050201.330 0.009618724 0.01037456 0.006478557 -1.594476e-08 
1786050201.379 0.009618724 0.01037456 0.006478557 -1.594476e-08 
1786050201.433 0.009618724 0.01037456 0.006478557 -1.594476e-08 
1786050201.483 0.004618724 0.01037456 0.006478557 -1.594476e-08 
1786050201.540 0.009618724 0.01037456 0.006478557 -1.594476e-08 
1786050201.596 0.009618724 0.01037456 0.006478557 -1.594476e-08 
1786050201.645 0.009618724 0.006374562 0.006478557 -1.594476e-08 
1786050201.696 0.009618724 0.006374562 0.006478557 -1.594476e-08 
1786050201.746 0.009618724 0.01037456 0.006478557 -1.594476e-08 
1786050201.800 0.004618724 0.006374562 0.006478557 -1.594476e-08 
1786050201.857 0.004618724 0.01037456 0.006478557 -1.594476e-08 
1786050201.914 0.009618724 0.01037456 0.006478557 -1.594476e-08 
1786050201.964 0.004618724 0.006374562 0.006478557 -1.594476e-08 
1786050202.016 0.004618724 0.006374562 0.006478557 -1.594476e-08 
1786050202.072 0.009618724 0.01037456 0.006478557 -1.594476e-08 
1786050202.123 0.009618724 0.01037456 0.006478557 -1.594476e-08 
1786050202.178 0.009618724 0.01037456 0.006478557 -1.594476e-08 
1786050202.234 0.004618724 0.01037456 0.006478557 -1.594476e-08 
1786050202.284 0.004618724 0.006374562 0.006478557 -1.594476e-08 
1786050202.336 0.009618724 0.01037456 0.006478557 -1.594476e-08 
1786050202.385 0.009618724 0.01037456 0.006478557 -1.594476e-08 
1786050202.439 0.009618724 0.01037456 0.006478557 -1.594476e-08 
1786050202.492 0.009618724 0.01037456 0.006478557 -1.594476e-08 
1786050202.542 0.009618724 0.006374562 0.006478557 -1.594476e-08 
1786050202.594 0.009618724 0.01037456 0.006478557 -1.594476e-08 
1786050202.647 0.009618724 0.01037456 0.006478557 -1.594476e-08 
1786050202.699 0.004618724 0.006374562 0.006478557 -1.594476e-08 
1786050202.752 0.009618724 0.006374562 0.006478557 -1.594476e-08 
1786050202.804 0.009618724 0.006374562 0.006478557 -1.594476e-08 
1786050202.855 0.009618724 0.006374562 0.005208558 -1.594476e-08 
1786050202.906 0.004618724 0.006374562 0.005208558 -1.594476e-08 
1786050202.960 0.004618724 0.006374562 0.006478557 -1.594476e-08 
1786050203.010 0.009618724 0.01037456 0.006478557 -1.594476e-08 
1786050203.067 0.004618724 0.006374562 0.005208558 -1.594476e-08 
1786050203.123 0.009618724 0.006374562 0.005208558 -1.594476e-08 
1786050203.173 0.004618724 0.006374562 0.005208558 -1.594476e-08 
1786050203.224 0.004618724 0.01037456 0.005208558 -1.594476e-08 
1786050203.275 0.009618724 0.006374562 0.006478557 -1.594476e-08 
1786050203.324 0.004618724 0.006374562 0.006478557 -1.594476e-08 
1786050203.377 0.009618724 0.01037456 0.006478557 -1.594476e-08 
1786050203.426 0.009618724 0.01037456 0.006478557 -1.594476e-08 
1786050203.475 0.009618724 0.006374562 0.006478557 -1.594476e-08 
1786050203.524 0.004618724 0.006374562 0.006478557 -1.594476e-08 
1786050203.573 0.004618724 0.006374562 0.006478557 -1.594476e-08 
1786050203.622 0.004618724 0.006374562 0.005208558 -1.594476e-08 
1786050203.673 0.004618724 0.006374562 0.006478557 -1.594476e-08 
1786050203.722 0.004618724 0.006374562 0.005208558 -1.594476e-08 
1786050203.781 0.009618724 0.01037456 0.006478557 -1.594476e-08 
1786050203.833 0.004618724 0.006374562 0.006478557 -1.594476e-08 
1786050203.881 0.004618724 0.006374562 0.005208558 -1.594476e-08 
1786050203.939 0.004618724 0.01037456 0.006478557 -1.594476e-08 
1786050203.992 0.004618724 0.006374562 0.005208558 -1.594476e-08 
1786050204.041 0.004618724 0.006374562 0.006478557 -1.594476e-08 
1786050204.091 0.004618724 0.006374562 0.006478557 -1.594476e-08 
1786050204.145 0.009618724 0.006374562 0.006478557 -1.594476e-08 
1786050204.198 0.004618724 0.006374562 0.006478557 -1.594476e-08 
1786050204.250 0.004618724 0.006374562 0.006478557 -1.594476e-08 
1786050204.302 0.009618724 0.006374562 0.006478557 -1.594476e-08 
1786050204.352 0.009618724 0.01037456 0.006478557 -1.594476e-08 
1786050204.403 0.009618724 0.01037456 0.006478557 -1.594476e-08 
1786050204.453 0.009618724 0.01037456 0.006478557 -1.594476e-08 
1786050204.506 0.004618724 0.006374562 0.005208558 -1.594476e-08 
1786050204.558 0.004618724 0.006374562 0.005208558 -1.594476e-08 
1786050204.608 0.009618724 0.006374562 0.006478557 -1.594476e-08 
1786050204.661 0.004618724 0.006374562 0.006478557 -1.594476e-08 
1786050204.718 0.004618724 0.006374562 0.005208558 -1.594476e-08 
1786050204.769 0.009618724 0.01037456 0.005208558 -1.594476e-08 
1786050204.819 0.009618724 0.006374562 0.005208558 -1.594476e-08 
1786050204.879 0.009618724 0.01037456 0.006478557 -1.594476e-08 
1786050204.933 0.004618724 0.006374562 0.005208558 -1.594476e-08 
1786050204.983 0.009618724 0.006374562 0.005208558 -1.594476e-08 
1786050205.036 0.009618724 0.006374562 0.005208558 -1.594476e-08 
1786050205.085 0.009618724 0.01037456 0.005208558 -1.594476e-08 
1786050205.137 0.004618724 0.006374562 0.005208558 -1.594476e-08 
1786050205.191 0.004618724 0.006374562 0.005208558 -1.594476e-08 
1786050205.243 0.009618724 0.006374562 0.006478557 -1.594476e-08 
1786050205.295 0.004618724 0.006374562 0.006478557 -1.594476e-08 
1786050205.349 0.004618724 0.006374562 0.005208558 -1.594476e-08 
1786050205.400 0.004618724 0.006374562 0.005208558 -1.594476e-08 
1786050205.453 0.009618724 0.006374562 0.005208558 -1.594476e-08 
1786050205.504 0.004618724 0.006374562 0.005208558 -1.594476e-08 
1786050205.554 0.004618724 0.006374562 0.005208558 -1.594476e-08 
1786050205.604 0.004618724 0.006374562 0.005208558 -1.594476e-08 
1786050205.654 0.004618724 0.006374562 0.005208558 -1.594476e-08 
1786050205.704 0.004618724 0.006374562 0.005208558 -1.594476e-08 
1786050205.756 0.004618724 0.006374562 0.005208558 -1.594476e-08 
1786050205.805 0.004618724 0.006374562 0.005208558 -1.594476e-08 
1786050205.860 0.004618724 0.006374562 0.006478557 -1.594476e-08 
1786050205.914 0.004618724 0.006374562 0.005208558 -1.594476e-08 
1786050205.966 0.009618724 0.006374562 0.005208558 -1.594476e-08 
1786050206.022 0.004618724 0.006374562 0.005208558 -1.594476e-08 
1786050206.078 0.009618724 0.006374562 0.006478557 -1.594476e-08 
1786050206.128 0.004618724 0.006374562 0.005208558 -1.594476e-08 
1786050206.179 0.004618724 0.006374562 0.005208558 -1.594476e-08 
1786050206.229 0.004618724 0.006374562 0.005208558 -1.594476e-08 
1786050206.282 0.004618724 0.006374562 0.006478557 -1.594476e-08 
1786050206.342 0.004618724 0.006374562 0.005208558 -1.594476e-08 
1786050206.396 0.004618724 0.006374562 0.005208558 -1.594476e-08 
1786050206.445 0.004618724 0.006374562 0.005208558 -1.594476e-08 
1786050206.500 0.004618724 0.006374562 0.005208558 -1.594476e-08 
1786050206.554 0.009618724 0.006374562 0.005208558 -1.594476e-08 
1786050206.603 0.004618724 0.006374562 0.005208558 -1.594476e-08 
1786050206.656 0.004618724 0.006374562 0.005208558 -1.594476e-08 
1786050206.711 0.009618724 0.006374562 0.006478557 -1.594476e-08 
1786050206.761 0.004618724 0.006374562 0.006478557 -1.594476e-08 
1786050206.818 0.009618724 0.006374562 0.006478557 -1.594476e-08 
1786050206.871 0.004618724 0.006374562 0.005208558 -1.594476e-08 
1786050206.921 0.004618724 0.006374562 0.005208558 -1.594476e-08 
1786050206.976 0.004618724 0.006374562 0.006478557 -1.594476e-08 
1786050207.032 0.004618724 0.002374562 0.005208558 -1.594476e-08 
1786050207.083 0.009618724 0.006374562 0.006478557 -1.594476e-08 
1786050207.138 0.004618724 0.006374562 0.005208558 -1.594476e-08 
1786050207.192 0.004618724 0.006374562 0.006478557 -1.594476e-08 
1786050207.241 0.009618724 0.006374562 0.006478557 -1.594476e-08 
1786050207.295 0.009618724 0.006374562 0.006478557 -1.594476e-08 
1786050207.352 0.004618724 0.006374562 0.005208558 -1.594476e-08 
1786050207.402 0.004618724 0.006374562 0.005208558 -1.594476e-08 
1786050207.457 0.004618724 0.006374562 0.005208558 -1.594476e-08 
1786050207.511 0.004618724 0.006374562 0.006478557 -1.594476e-08 
1786050207.561 0.004618724 0.006374562 0.006478557 -1.594476e-08 
1786050207.615 0.004618724 0.006374562 0.006478557 -1.594476e-08 
1786050207.668 0.004618724 0.006374562 0.005208558 -1.594476e-08 
1786050207.725 0.004618724 0.006374562 0.006478557 -1.594476e-08 
1786050207.776 0.004618724 0.006374562 0.006478557 -1.594476e-08 
1786050207.829 0.004618724 0.006374562 0.006478557 -1.594476e-08 
1786050207.879 0.004618724 0.006374562 0.006478557 -1.594476e-08 
1786050207.935 0.004618724 0.006374562 0.005208558 -1.594476e-08 
1786050207.987 0.004618724 0.006374562 0.005208558 -1.594476e-08 
1786050208.036 0.004618724 0.006374562 0.005208558 -1.594476e-08 
1786050208.086 0.004618724 0.006374562 0.005208558 -1.594476e-08 
1786050208.138 0.004618724 0.006374562 0.005208558 -1.594476e-08 
1786050208.188 0.004618724 0.006374562 0.005208558 -1.594476e-08 
1786050208.241 0.004618724 0.006374562 0.005208558 -1.594476e-08 
1786050208.291 0.004618724 0.006374562 0.006478557 -1.594476e-08 
1786050208.344 0.004618724 0.006374562 0.006478557 -1.594476e-08 
1786050208.398 0.004618724 0.006374562 0.005208558 -1.594476e-08 
1786050208.448 0.004618724 0.006374562 0.005208558 -1.594476e-08 
1786050208.498 0.004618724 0.006374562 0.005208558 -1.594476e-08 
1786050208.556 0.004618724 0.006374562 0.005208558 -1.594476e-08 
1786050208.607 0.004618724 0.006374562 0.006478557 -1.594476e-08 
1786050208.658 0.004618724 0.006374562 0.005208558 -1.594476e-08 
1786050208.714 0.004618724 0.006374562 0.005208558 -1.594476e-08 
1786050208.767 0.004618724 0.006374562 0.005208558 -1.594476e-08 
1786050208.818 0.004618724 0.006374562 0.005208558 -1.594476e-08 
1786050208.870 0.004618724 0.006374562 0.005208558 -1.594476e-08 
1786050208.920 0.004618724 0.002374562 0.003938559 -1.594476e-08 
1786050208.975 0.004618724 0.006374562 0.003938559 -1.594476e-08 
1786050209.028 0.004618724 0.002374562 0.003938559 -1.594476e-08 
1786050209.079 0.004618724 0.002374562 0.003938559 -1.594476e-08 
1786050209.134 0.004618724 0.006374562 0.003938559 -1.594476e-08 
1786050209.190 0.004618724 0.006374562 0.003938559 -1.594476e-08 
1786050209.241 0.004618724 0.006374562 0.003938559 -1.594476e-08 
1786050209.297 0.004618724 0.002374562 0.003938559 -1.594476e-08 
1786050209.351 0.004618724 0.006374562 0.003938559 -1.594476e-08 
1786050209.400 0.004618724 0.006374562 0.003938559 -1.594476e-08 
1786050209.455 0.004618724 0.002374562 0.003938559 -1.594476e-08 
1786050209.509 0.004618724 0.006374562 0.005208558 -1.594476e-08 
1786050209.559 0.004618724 0.006374562 0.005208558 -1.594476e-08 
1786050209.613 0.004618724 0.002374562 0.003938559 -1.594476e-08 
1786050209.668 0.009618724 0.006374562 0.003938559 -1.594476e-08 
1786050209.720 0.004618724 0.002374562 0.003938559 -1.594476e-08 
1786050209.774 0.004618724 0.006374562 0.003938559 -1.594476e-08 
1786050209.830 0.004618724 0.002374562 0.005208558 -1.594476e-08 
1786050209.880 0.004618724 0.002374562 0.003938559 -1.594476e-08 
1786050209.933 0.009618724 0.006374562 0.003938559 -1.594476e-08 
1786050209.990 0.004618724 0.002374562 0.003938559 -1.594476e-08 
1786050210.045 0.004618724 0.002374562 0.003938559 -1.594476e-08 
1786050210.099 0.004618724 0.006374562 0.003938559 -1.594476e-08 
1786050210.154 0.004618724 0.002374562 0.003938559 -1.594476e-08 
1786050210.205 0.004618724 0.002374562 0.003938559 -1.594476e-08 
1786050210.263 0.004618724 0.002374562 0.003938559 -1.594476e-08 
1786050210.319 0.004618724 0.002374562 0.003938559 -1.594476e-08 
1786050210.369 0.004618724 0.002374562 0.003938559 -1.594476e-08 
1786050210.419 0.004618724 0.002374562 0.003938559 -1.594476e-08 
1786050210.472 0.004618724 0.002374562 0.003938559 -1.594476e-08 
1786050210.521 0.004618724 0.002374562 0.003938559 -1.594476e-08 
1786050210.574 0.004618724 0.002374562 0.003938559 -1.594476e-08 
1786050210.626 0.004618724 0.002374562 0.005208558 -1.594476e-08 
1786050210.674 0.004618724 0.002374562 0.003938559 -1.594476e-08 
1786050210.725 0.004618724 0.006374562 0.003938559 -1.594476e-08 
1786050210.777 0.004618724 0.002374562 0.003938559 -1.594476e-08 
1786050210.826 0.004618724 0.002374562 0.003938559 -1.594476e-08 
1786050210.884 0.004618724 0.002374562 0.003938559 -1.594476e-08 
1786050210.934 0.004618724 0.002374562 0.003938559 -1.594476e-08 
1786050210.985 0.004618724 0.002374562 0.003938559 -1.594476e-08 
1786050211.040 0.004618724 0.002374562 0.003938559 -1.594476e-08 
1786050211.089 0.004618724 0.002374562 0.003938559 -1.594476e-08 
1786050211.140 0.004618724 0.002374562 0.003938559 -1.594476e-08 
1786050211.191 0.004618724 0.002374562 0.003938559 -1.594476e-08 
1786050211.240 0.004618724 0.002374562 0.005208558 -1.594476e-08 
1786050211.297 0.004618724 0.002374562 0.003938559 -1.594476e-08 
1786050211.351 0.009618724 0.002374562 0.005208558 -1.594476e-08 
1786050211.400 0.004618724 0.002374562 0.005208558 -1.594476e-08 
1786050211.453 0.004618724 0.002374562 0.003938559 -1.594476e-08 
1786050211.505 0.004618724 0.002374562 0.005208558 -1.594476e-08 
1786050211.558 0.004618724 0.002374562 0.005208558 -1.594476e-08 
1786050211.614 0.004618724 0.002374562 0.003938559 -1.594476e-08 
1786050211.666 0.009618724 0.002374562 0.005208558 -1.594476e-08 
1786050211.716 0.004618724 0.002374562 0.003938559 -1.594476e-08 
1786050211.769 0.004618724 0.002374562 0.003938559 -1.594476e-08 
1786050211.821 0.004618724 0.002374562 0.003938559 -1.594476e-08 
1786050211.872 0.004618724 0.002374562 0.005208558 -1.594476e-08 
1786050211.925 0.004618724 0.002374562 0.005208558 -1.594476e-08 
1786050211.974 0.004618724 0.002374562 0.005208558 -1.594476e-08 
1786050212.025 0.004618724 0.002374562 0.005208558 -1.594476e-08 
1786050212.079 0.004618724 0.002374562 0.003938559 -1.594476e-08 
1786050212.128 0.004618724 0.002374562 0.003938559 -1.594476e-08 
1786050212.182 0.004618724 0.002374562 0.005208558 -1.594476e-08 
1786050212.237 0.004618724 0.002374562 0.003938559 -1.594476e-08 
1786050212.288 0.004618724 0.002374562 0.005208558 -1.594476e-08 
1786050212.340 0.009618724 0.002374562 0.005208558 -1.594476e-08 
1786050212.392 0.009618724 0.002374562 0.005208558 -1.594476e-08 
1786050212.443 0.004618724 0.002374562 0.003938559 -1.594476e-08 
1786050212.497 0.004618724 0.002374562 0.003938559 -1.594476e-08 
1786050212.549 0.004618724 0.002374562 0.005208558 -1.594476e-08 
1786050212.602 0.004618724 0.002374562 0.005208558 -1.594476e-08 
1786050212.657 0.004618724 0.002374562 0.003938559 -1.594476e-08 
1786050212.710 0.004618724 0.002374562 0.005208558 -1.594476e-08 
1786050212.760 0.004618724 0.002374562 0.003938559 -1.594476e-08 
1786050212.817 0.009618724 0.002374562 0.005208558 -1.594476e-08 
1786050212.869 0.004618724 0.002374562 0.003938559 -1.594476e-08 
1786050212.919 0.004618724 0.002374562 0.003938559 -1.594476e-08 
1786050212.976 0.004618813 -0.00666 0.003938106 0.003049813 
1786050213.033 0.009619287 -0.005166374 0.006460528 0.01920511 
1786050213.094 0.009620151 -0.006122416 0.006362808 0.04866387 
1786050213.148 0.009621409 -0.01041257 0.007338676 0.09158002 
1786050213.224 0.009623519 -0.005508112 0.007711006 0.1635828 
1786050213.290 0.009626071 -0.008803841 0.00721951 0.2520393 
1786050213.351 0.004628772 -0.01276047 0.004547535 0.3427898 
1786050213.402 -0.0003683803 -0.01653618 0.002103215 0.4399121 
1786050213.462 -0.005365055 -0.0193473 -0.0009753648 0.5554647 
1786050213.520 -0.005361213 -0.02147476 -0.003709289 0.6843867 
1786050213.577 -0.01035711 -0.01652254 -0.006399971 0.8242932 
1786050213.630 -0.005352795 -0.01703344 -0.006623283 0.9716538 
1786050213.684 -0.01034839 -0.01482705 -0.008034837 1.122056 
1786050213.741 -0.005343098 -0.01711876 -0.007823577 1.302436 
1786050213.804 -0.01033701 -0.01628345 -0.008440974 1.510267 
1786050213.873 -0.005330467 -0.01738137 -0.008249797 1.73359 
1786050213.942 -0.00532219 -0.01818329 -0.007923818 2.016023 
1786050214.006 -0.005314045 -0.0137613 -0.008041219 2.293983 
1786050214.065 -0.005306571 -0.0172375 -0.008721426 2.549247 
1786050214.125 -0.005298287 -0.01542393 -0.008149292 2.832183 
1786050214.186 -0.01028972 -0.01246689 -0.008240078 3.124935 
1786050214.251 -0.005279803 -0.01763107 -0.007992255 3.463724 
1786050214.306 -0.005270995 -0.01575797 -0.008832553 3.764673 
1786050214.366 -0.005261155 -0.01512338 -0.008502744 4.101319 
1786050214.432 -0.005250199 -0.01690714 -0.009279204 4.481907 
1786050214.501 -0.01023859 -0.01301572 -0.009353814 4.879702 
1786050214.578 -0.00522363 -0.009774849 -0.008828124 5.385716 
1786050214.649 -0.01021014 -0.01032511 -0.009502301 5.848228 
1786050214.711 -0.005197553 -0.01352906 -0.008859664 6.286991 
1786050214.769 -0.005184744 -0.01654443 -0.01020011 6.719742 
1786050214.830 -0.005171316 -0.01312741 -0.01042336 7.181243 
1786050214.888 -0.01015867 -0.008219686 -0.01034568 7.616318 
1786050214.940 -0.005147126 -0.004975046 -0.009417812 8.013635 
1786050215.012 -0.005132766 -0.003498269 -0.0101048 8.508434 
1786050215.076 -0.005118425 -0.002479013 -0.009070344 9.003845 
1786050215.138 -0.01010432 -0.008298872 -0.009516347 9.491264 
1786050215.192 -0.005092618 -0.007337842 -0.009037837 9.896298 
1786050215.257 -0.005078767 -0.004697081 -0.009535312 10.37633 
1786050215.317 -0.0050658 -0.009042246 -0.009476881 10.82615 
1786050215.384 -0.005051345 -0.001895047 -0.01025913 11.32874 
1786050215.447 -0.01003821 -0.003297689 -0.009076268 11.7862 
1786050215.497 -0.005026377 -0.006296952 -0.01014259 12.19864 
1786050215.554 -0.01001435 -0.006758574 -0.01123037 12.6187 
1786050215.625 -0.004999351 -0.004025865 -0.009887768 13.14373 
1786050215.709 -0.004983099 -0.00473717 -0.01037936 13.72142 
1786050215.798 -0.004963904 -0.00188213 -0.0098771 14.38862 
1786050215.876 -0.004946678 -0.003780392 -0.01017595 15.0035 
1786050215.955 -0.004929713 -0.007905109 -0.01115631 15.59619 
1786050216.044 -0.004911108 -0.005105308 -0.01034278 16.25609 
1786050216.108 -0.004897617 -0.005793997 -0.01013972 16.73618 
1786050216.171 -0.004883739 -0.008212185 -0.01064242 17.23125 
1786050216.229 -0.004871155 -0.00353395 -0.009470187 17.68116 
1786050216.286 -0.004859648 -0.009215157 -0.01048455 18.10113 
1786050216.354 -0.004846083 -0.008000537 -0.01156439 18.58129 
1786050216.421 -0.004831518 -0.005701564 -0.01094401 19.10625 
1786050216.475 -0.004819899 -0.008726463 -0.0115025 19.52602 
1786050216.529 -0.009808931 -0.003570541 -0.01075707 19.92364 
1786050216.590 -0.004796547 -0.004737359 -0.00988829 20.37374 
1786050216.660 -0.009781939 -0.006607812 -0.01046568 20.9061 
1786050216.733 -0.00976902 -0.008051499 -0.0109741 21.39367 
1786050216.809 -0.004752472 -0.006322791 -0.01011638 21.98615 
1786050216.873 -0.009739447 -0.004753137 -0.01016753 22.47373 
1786050216.927 -0.009727277 -0.0009679655 -0.0107986 22.92367 
1786050216.992 -0.00471434 -0.00509621 -0.0110714 23.39604 
1786050217.067 -0.004699239 -0.005178721 -0.01082521 23.95864 
1786050217.126 -0.004687806 -0.004699683 -0.01126882 24.39372 
1786050217.181 -0.004676212 -0.006958967 -0.01092246 24.8212 
1786050217.235 -0.004665454 -0.005536053 -0.009905047 25.22624 
1786050217.312 -0.00465176 -0.004874751 -0.01064793 25.74369 
1786050217.374 -0.004638323 0.000809135 -0.0113053 26.25373 
1786050217.436 -0.00962573 -0.0002810612 -0.00996213 26.73384 
1786050217.493 -0.009614755 -0.0004331214 -0.009884667 27.15389 
1786050217.553 -0.004603041 -0.005578045 -0.01021863 27.60366 
1786050217.617 -0.004592152 -0.005310871 -0.01009587 28.0236 
1786050217.672 -0.004579952 -0.004225503 -0.01007777 28.50385 
1786050217.729 -0.004568961 -0.00246837 -0.0107367 28.93128 
1786050217.798 -0.004555908 0.0005975116 -0.01085811 29.43364 
1786050217.864 -0.004543492 0.005318124 -0.01089884 29.92121 
1786050217.930 -0.004531136 0.001410465 -0.01041229 30.41621 
1786050217.986 -0.004520163 -0.002034349 -0.01062113 30.8438 
1786050218.039 -0.004509616 -0.0004331403 -0.010922 31.2712 
1786050218.100 -0.004498928 0.002383759 -0.01077511 31.69141 
1786050218.163 -0.004487173 0.001258509 -0.01019878 32.16398 
1786050218.219 -0.004476775 0.003336087 -0.01065824 32.58362 
1786050218.273 -0.004466241 0.003483967 -0.01168492 33.01116 
1786050218.329 -0.004456125 0.007444764 -0.0106296 33.42374 
1786050218.385 -0.004446056 0.001687786 -0.01127385 33.84373 
1786050218.437 -0.0044364 0.00436388 -0.01045011 34.23374 
1786050218.496 -0.004425704 0.001606718 -0.01122802 34.67601 
1786050218.545 -0.004416505 0.004600634 -0.01117204 35.05867 
1786050218.605 -0.004406095 0.004421084 -0.01175547 35.49381 
1786050218.659 -0.004396275 0.004993427 -0.01064768 35.90638 
1786050218.717 -0.004385975 0.009834688 -0.01000468 36.34132 
1786050218.769 -0.004376613 0.005836521 -0.01164717 36.73869 
1786050218.827 -0.004366598 0.005204567 -0.01152503 37.16621 
1786050218.885 -0.004357337 0.003187304 -0.008495281 37.57165 
1786050218.936 -0.004347432 0.0007521055 -0.01143232 37.99117 
1786050218.992 -0.004337929 0.001829986 -0.01202774 38.40377 
1786050219.063 -0.004326426 0.0008884237 -0.010033 38.91387 
1786050219.136 -0.004314325 0.005701003 -0.01003856 39.44634 
1786050219.211 -0.004301473 0.007262947 -0.009846727 40.00887 
1786050219.270 -0.004290901 0.008124483 -0.01072207 40.48134 
1786050219.322 -0.004281898 0.004701208 -0.01180197 40.88617 
1786050219.382 -0.00427229 0.005600896 -0.01140439 41.32119 
1786050219.441 -0.004262417 0.004069662 -0.01097773 41.77101 
1786050219.498 -0.004253102 0.001022269 -0.01179691 42.19863 
1786050219.550 -0.004244497 0.001580196 -0.01246506 42.59619 
1786050219.603 -0.004236268 0.002019537 -0.01042024 42.97864 
1786050219.659 -0.004227132 0.005105936 -0.01154429 43.40623 
1786050219.708 -0.004219171 0.01257995 -0.01140616 43.7813 
1786050219.760 -0.004211101 0.007438424 -0.009801188 44.1639 
1786050219.815 -0.004202301 0.006679974 -0.01083455 44.58365 
1786050219.871 -0.004193875 0.005406365 -0.01175635 44.98862 
1786050219.926 -0.004185508 0.003463591 -0.01004344 45.39374 
1786050219.978 -0.004177048 0.003659383 -0.01158926 45.80614 
1786050220.033 -0.004168954 0.00188934 -0.01109143 46.2037 
1786050220.088 -0.004160617 0.005572214 -0.009914517 46.6162 
1786050220.139 -0.004152642 0.006589082 -0.0107888 47.01368 
1786050220.192 -0.009144876 0.007317487 -0.01032804 47.40383 
1786050220.262 -0.004134806 0.004173271 -0.0119963 47.92113 
1786050220.325 -0.004126149 0.006839548 -0.01094028 48.35616 
1786050220.374 -0.004118002 0.006797843 -0.01106964 48.77618 
1786050220.432 -0.004109635 0.000851386 -0.01120282 49.21117 
1786050220.493 -0.009101199 0.001717792 -0.009694988 49.65398 
1786050220.556 -0.00409284 0.002232206 -0.01214652 50.10368 
1786050220.611 -0.004084557 -0.0007082251 -0.00943636 50.54638 
1786050220.663 -0.004077044 0.0004190662 -0.0112165 50.94371 
1786050220.719 -0.004069459 -0.0002313635 -0.01143895 51.35599 
1786050220.775 -0.009061806 0.002121883 -0.01057931 51.77613 
1786050220.826 -0.004054763 0.009001573 -0.01089616 52.16612 
1786050220.879 -0.004047915 0.00515018 -0.01112332 52.54867 
1786050220.935 -0.004040332 0.004867144 -0.01030588 52.97624 
1786050220.988 -0.00403361 0.005117702 -0.01107231 53.35868 
1786050221.046 -0.004026039 0.00311119 -0.009400302 53.80131 
1786050221.097 -0.00901906 0.002238943 -0.0102175 54.19877 
1786050221.149 -0.004012531 0.003349852 -0.01004265 54.58127 
1786050221.209 -0.004005055 -0.0005911115 -0.008816619 55.02373 
1786050221.258 -0.008998658 0.001716705 -0.009904585 55.40626 
1786050221.312 -0.003992075 0.000585547 -0.01109307 55.8037 
1786050221.371 -0.003985193 0.002172042 -0.008811408 56.2237 
1786050221.422 -0.003978628 0.004269978 -0.01074393 56.62872 
1786050221.476 -0.008972132 0.003752753 -0.0100625 57.03366 
1786050221.539 -0.003964644 0.00148226 -0.01033512 57.50607 
1786050221.600 -0.003957951 0.008990394 -0.009460147 57.94114 
1786050221.653 -0.003951222 0.006187571 -0.009316498 58.36871 
1786050221.713 -0.003944576 0.004837927 -0.0112744 58.80372 
1786050221.777 -0.00893745 0.003983975 -0.01021265 59.27625 
1786050221.839 -0.003930534 0.003039323 -0.01069621 59.7411 
1786050221.903 -0.003923713 0.0003441245 -0.009126279 60.2062 
1786050221.954 -0.003917635 -0.0005266082 -0.01054957 60.62617 
1786050222.012 -0.003911742 0.001623264 -0.01026748 61.04621 
1786050222.065 -0.003905925 -0.001020512 -0.009326808 61.45114 
1786050222.121 -0.003900391 0.002222449 -0.008232281 61.84881 
1786050222.178 -0.003894111 0.002808165 -0.01078335 62.30616 
1786050222.231 -0.003888933 0.005915322 -0.009037492 62.68872 
1786050222.286 -0.003883325 0.006705295 -0.01183395 63.10866 
1786050222.342 -0.008877992 0.004311105 -0.008217355 63.51378 
1786050222.396 -0.003872542 0.007351218 -0.01098062 63.9336 
1786050222.448 -0.003867458 0.008417519 -0.01191067 64.33114 
1786050222.506 -0.003862166 0.005645675 -0.01026132 64.75121 
1786050222.568 -0.003856955 0.006463688 -0.0096142 65.17116 
1786050222.625 -0.003851009 0.006961804 -0.009903214 65.65877 
1786050222.678 -0.003846244 0.004746595 -0.01121323 66.05614 
1786050222.743 -0.003840762 0.005877934 -0.009716187 66.52126 
1786050222.818 -0.003834267 0.005410539 -0.00996383 67.0837 
1786050222.890 -0.00382834 0.009330977 -0.009716714 67.60848 
1786050222.953 -0.003823116 0.007747483 -0.01116044 68.08119 
1786050223.004 -0.003818562 0.005994514 -0.008843128 68.50123 
1786050223.061 -0.003814013 0.009179989 -0.01011329 68.92871 
1786050223.117 -0.003809706 0.006646459 -0.01034139 69.341 
1786050223.173 -0.003805405 0.005142257 -0.01011117 69.76108 
1786050223.225 -0.003801412 0.0105425 -0.01037539 70.15873 
1786050223.279 -0.003797568 0.008445488 -0.00930629 70.54872 
1786050223.334 -0.003793583 0.007247384 -0.01033536 70.96119 
1786050223.393 -0.00378982 0.008598838 -0.00960175 71.35874 
1786050223.449 -0.003785447 0.005389071 -0.01008495 71.83118 
1786050223.498 -0.003782053 0.00927447 -0.009290994 72.20617 
1786050223.560 -0.003778071 0.00880966 -0.009555518 72.65624 
1786050223.618 -0.003774316 0.003646538 -0.00902735 73.09118 
1786050223.671 -0.003770903 0.007844528 -0.007767049 73.49651 
1786050223.726 -0.00376751 0.00376887 -0.01076318 73.90872 
1786050223.783 -0.003764141 0.004323615 -0.009265301 74.32856 
1786050223.858 -0.003760685 0.004361974 -0.009501179 74.77137 
1786050223.915 -0.0037566 0.007999456 -0.007994894 75.31116 
1786050223.969 -0.003753467 0.005755989 -0.01019289 75.73868 
1786050224.028 -0.003750425 0.00481984 -0.007900005 76.16619 
1786050224.095 -0.003747017 0.005821573 -0.009234103 76.66124 
1786050224.156 -0.003744024 0.00621942 -0.006993752 77.119 
1786050224.212 -0.003741132 0.009905592 -0.009853146 77.56125 
1786050224.265 -0.003738707 0.006099778 -0.009180734 77.95878 
1786050224.320 -0.003736226 0.008921705 -0.008404922 78.36361 
1786050224.376 -0.00373383 0.003266085 -0.01013744 78.77622 
1786050224.425 -0.003731684 0.005466511 -0.008888585 79.15872 
1786050224.479 -0.003729532 0.006474211 -0.009093904 79.55614 
1786050224.537 -0.003727306 0.002109401 -0.009287062 79.99136 
1786050224.595 -0.008725209 0.004927877 -0.007864518 80.40364 
1786050224.651 -0.008723166 0.006747955 -0.008297454 80.83116 
1786050224.700 -0.003721383 0.006171447 -0.008548675 81.22116 
1786050224.761 -0.003719485 0.003626314 -0.006322588 81.65626 
1786050224.828 -0.008717441 0.005329082 -0.009322642 82.15112 
1786050224.885 -0.008715776 0.003340113 -0.009125866 82.57872 
1786050224.936 -0.003714231 0.00419687 -0.008747631 82.99866 
1786050224.995 -0.003712824 0.007407338 -0.005327961 83.41149 
1786050225.060 -0.008711317 0.003649957 -0.002255007 83.86776 
1786050225.120 -0.003710106 0.004487343 0.003197528 84.26745 
1786050225.172 -0.003709032 0.003267535 0.004266014 84.64699 
1786050225.228 -0.003708096 0.004534284 0.007303276 85.00076 
1786050225.287 -0.003707209 0.003183974 0.01154052 85.36086 
1786050225.345 -0.003706431 0.0065481 0.00830346 85.70772 
1786050225.397 -0.003705761 0.006634535 0.007720799 86.01809 
1786050225.453 -0.003705165 0.004821506 0.0118322 86.32256 
1786050225.510 -0.00370462 0.004602222 0.01216405 86.62524 
1786050225.563 0.001295803 0.003793765 0.01034114 86.87994 
1786050225.623 0.001296262 0.004201822 0.01185767 87.18205 
1786050225.675 0.001296607 0.00630158 0.01144079 87.43256 
1786050225.737 0.001296937 0.003334707 0.01281782 87.69733 
1786050225.797 0.001297203 0.002900392 0.01048974 87.94354 
1786050225.853 0.006297438 0.003541925 0.01327111 88.17217 
1786050225.903 0.001297607 0.003403589 0.01274658 88.36194 
1786050225.960 0.001297761 0.005849247 0.0131371 88.55841 
1786050226.019 0.001297892 0.004821784 0.0164304 88.74864 
1786050226.075 0.001297996 0.005042282 0.016141 88.92237 
1786050226.127 0.001298072 0.006597504 0.01349049 89.06975 
1786050226.185 0.001298137 0.005948626 0.01505464 89.22122 
1786050226.250 0.001298186 0.004660712 0.0169815 89.35479 
1786050226.304 -0.003701773 0.004929323 0.0171577 89.49199 
1786050226.355 -0.00370175 0.004549174 0.01804686 89.58957 
1786050226.418 -0.003701732 0.004981421 0.01738166 89.6911 
1786050226.493 -0.003701717 0.00229303 0.01771044 89.79902 
1786050226.558 -0.003701711 0.001158943 0.019397 89.87 
1786050226.616 -0.003701709 0.0006079901 0.01863299 89.92317 
1786050226.669 -0.003701707 0.0003946493 0.02003785 89.96079 
1786050226.725 0.006298293 0.008329299 0.02249111 89.98622 
1786050226.780 0.01129829 0.01631971 0.02462085 89.99832 
1786050226.829 0.01629829 0.01631957 0.02536033 90 
1786050226.881 0.01629829 0.01631957 0.02282033 90 
1786050226.934 0.01629829 0.01631957 0.02155033 90 
1786050226.984 0.01629829 0.01631957 0.02155033 90 
1786050227.039 0.01629829 0.01631957 0.02028033 90 
1786050227.090 0.01129829 0.01631957 0.02028033 90 
1786050227.146 0.01629829 0.01631957 0.02028033 90 
1786050227.199 0.01629829 0.01631957 0.01901033 90 
1786050227.250 0.01629829 0.01631957 0.01901033 90 
1786050227.301 0.01629829 0.01631957 0.01901033 90 
1786050227.354 0.01629829 0.01631957 0.01901033 90 
1786050227.404 0.01629829 0.01631957 0.01774033 90 
1786050227.458 0.01129829 0.01231957 0.01774033 90 
1786050227.512 0.01629829 0.01631957 0.01774033 90 
1786050227.565 0.01129829 0.01231957 0.01774033 90 
1786050227.617 0.01129829 0.01631957 0.01774033 90 
1786050227.669 0.01629829 0.01631957 0.01774033 90 
1786050227.717 0.01629829 0.01631957 0.01647033 90 
1786050227.770 0.01629829 0.01631957 0.01647033 90 
1786050227.820 0.01129829 0.01231957 0.01647033 90 
1786050227.869 0.01129829 0.01631957 0.01647033 90 
1786050227.922 0.01129829 0.01231957 0.01647033 90 
1786050227.972 0.01129829 0.01231957 0.01647033 90 
1786050228.025 0.01129829 0.01231957 0.01520033 90 
1786050228.077 0.01129829 0.01231957 0.01520033 90 
1786050228.128 0.01129829 0.01231957 0.01520033 90 
1786050228.182 0.01129829 0.01231957 0.01520033 90 
1786050228.235 0.01629829 0.01231957 0.01520033 90 
1786050228.285 0.01129829 0.01231957 0.01520033 90 
1786050228.340 0.01129829 0.01231957 0.01520033 90 
1786050228.396 0.01129829 0.01231957 0.01520033 90 
1786050228.446 0.01129829 0.01231957 0.01520033 90 
1786050228.498 0.01129829 0.01231957 0.01520033 90 
1786050228.551 0.01129829 0.01231957 0.01393034 90 
1786050228.603 0.01129829 0.01231957 0.01520033 90 
1786050228.659 0.01129829 0.01231957 0.01393034 90 
1786050228.714 0.01129829 0.01231957 0.01393034 90 
1786050228.763 0.01129829 0.01231957 0.01393034 90 
1786050228.817 0.01129829 0.01231957 0.01393034 90 
1786050228.874 0.01129829 0.01231957 0.01393034 90 
1786050228.928 0.01129829 0.01231957 0.01393034 90 
1786050228.980 0.01129829 0.01231957 0.01393034 90 
1786050229.033 0.01129829 0.01231957 0.01393034 90 
1786050229.084 0.01129829 0.01231957 0.01393034 90 
1786050229.145 0.01129829 0.01631957 0.01393034 90 
1786050229.199 0.01129829 0.01231957 0.01393034 90 
1786050229.249 0.01129829 0.01231957 0.01393034 90 
1786050229.301 0.01129829 0.0123196 0.01460292 89.9992 
1786050229.366 0.01129829 0.0123284 0.01556359 89.98656 
1786050229.428 0.006298292 0.008403604 0.01751779 89.95853 
1786050229.485 0.006298291 0.008658041 0.01763378 89.91678 
1786050229.543 0.006298288 0.009240443 0.01673932 89.86272 
1786050229.611 0.01129828 0.01063721 0.0179089 89.78219 
1786050229.682 0.006298268 0.005029051 0.01349368 89.68956 
1786050229.738 -0.003701751 0.0007693505 0.01302065 89.58412 
1786050229.792 -0.008701777 -0.002355413 0.01162012 89.47778 
1786050229.852 -0.008701814 -0.00705128 0.01071455 89.35023 
1786050229.909 -0.008701865 -0.009477472 0.01135356 89.21374 
1786050229.964 -0.01370193 -0.009896236 0.0109335 89.07523 
1786050230.019 -0.008702011 -0.009711151 0.01093794 88.91072 
1786050230.077 -0.008702118 -0.009225564 0.0112782 88.73278 
1786050230.133 -0.008702246 -0.00870816 0.01056786 88.54819 
1786050230.182 -0.008702384 -0.0103258 0.01176156 88.37283 
1786050230.240 -0.01370257 -0.01039977 0.0115257 88.1607 
1786050230.291 -0.01370278 -0.01153326 0.0123607 87.95578 
1786050230.344 -0.008703009 -0.01018564 0.01132662 87.74012 
1786050230.400 -0.008703311 -0.009317752 0.0118233 87.49577 
1786050230.451 -0.008703631 -0.008288802 0.01154951 87.25757 
1786050230.510 -0.008704033 -0.007378988 0.01166475 86.98408 
1786050230.564 -0.008704462 -0.009587747 0.01247638 86.71819 
1786050230.616 -0.008704966 -0.009280139 0.01216391 86.43022 
1786050230.671 -0.008705525 -0.01042615 0.01230761 86.13587 
1786050230.726 -0.01370614 -0.008729015 0.01047915 85.8355 
1786050230.780 -0.008706885 -0.0108402 0.01145989 85.49997 
1786050230.832 -0.00870764 -0.01050976 0.01223642 85.18271 
1786050230.890 -0.01370854 -0.006009806 0.01130487 84.82884 
1786050230.957 -0.008709679 -0.009219233 0.01167827 84.4156 
1786050231.007 -0.008710801 -0.006834491 0.01191142 84.03494 
1786050231.061 -0.008711969 -0.007836386 0.01104867 83.66319 
1786050231.120 -0.008713321 -0.005617881 0.010687 83.25824 
1786050231.184 -0.008714992 -0.01038019 0.00838794 82.78883 
1786050231.237 -0.008716553 -0.008239848 0.007385999 82.37631 
1786050231.293 -0.008718262 -0.005868969 0.006050544 81.94888 
1786050231.343 -0.00871987 -0.01086461 0.005747415 81.56634 
1786050231.402 -0.008721754 -0.007007909 0.004641219 81.13883 
1786050231.459 -0.008723731 -0.005506708 0.005392408 80.70377 
1786050231.515 -0.008725799 -0.01038202 0.002934758 80.28348 
1786050231.568 -0.008727883 -0.01243518 0.005763743 79.87128 
1786050231.630 -0.008730294 -0.007933824 0.004414349 79.41382 
1786050231.682 -0.008732433 -0.007500701 0.005550146 79.02383 
1786050231.733 -0.01373465 -0.008477317 0.006396158 78.62628 
1786050231.791 -0.008737074 -0.005193328 0.004443448 78.22118 
1786050231.858 -0.008740097 -0.00776991 0.004721791 77.72632 
1786050231.935 -0.008743828 -0.01120197 0.004823066 77.14143 
1786050231.999 -0.008746814 -0.008884618 0.005129724 76.68381 
1786050232.048 -0.008749692 -0.007215005 0.005373435 76.27135 
1786050232.103 -0.008752497 -0.007568849 0.005103987 75.87376 
1786050232.169 -0.008755822 -0.008539166 0.004891715 75.41653 
1786050232.229 -0.008759479 -0.006086824 0.005510994 74.92886 
1786050232.281 -0.01376261 -0.008779577 0.00589653 74.52381 
1786050232.336 -0.01376575 -0.007513573 0.006068029 74.12645 
1786050232.397 -0.008769227 -0.008507341 0.002874394 73.69109 
1786050232.452 -0.008772979 -0.003655984 0.005486824 73.24879 
1786050232.503 -0.008776247 -0.007613103 0.004210724 72.86622 
1786050232.559 -0.008779917 -0.005987758 0.005266814 72.43888 
1786050232.612 -0.008783538 -0.007165372 0.005004449 72.04133 
1786050232.671 -0.008787377 -0.005962176 0.003961966 71.62135 
1786050232.724 -0.008791231 -0.009929824 0.00345457 71.2088 
1786050232.775 -0.00879495 -0.007568214 0.004355052 70.81883 
1786050232.832 -0.00879889 -0.007028187 0.004565472 70.41381 
1786050232.885 -0.00880291 -0.007388169 0.004483107 70.00885 
1786050232.939 -0.008807161 -0.01140882 0.005240972 69.58883 
1786050232.994 -0.008811419 -0.01020464 0.005192013 69.17636 
1786050233.064 -0.008816237 -0.01011325 0.004154339 68.71879 
1786050233.134 -0.008822133 -0.007975906 0.003843781 68.17137 
1786050233.189 -0.008826836 -0.009754058 0.004862893 67.74382 
1786050233.241 -0.008831541 -0.01119535 0.004826091 67.32378 
1786050233.300 -0.008836071 -0.009665193 0.003442492 66.91875 
1786050233.367 -0.008841991 -0.0074238 0.003469086 66.41629 
1786050233.429 -0.008847675 -0.00995638 0.003074151 65.93613 
1786050233.479 -0.008852463 -0.007489938 0.005013367 65.5388 
1786050233.533 -0.008857324 -0.00697004 0.004369527 65.1413 
1786050233.592 -0.008862729 -0.002802078 0.004203146 64.70626 
1786050233.653 -0.008868507 -0.007210762 0.005465329 64.24878 
1786050233.702 -0.008873509 -0.007897066 0.004132285 63.85876 
1786050233.759 -0.003878876 -0.006951356 0.004802328 63.44637 
1786050233.813 -0.00888432 -0.007133016 0.003119719 63.03369 
1786050233.874 -0.008890146 -0.01054516 0.004143791 62.59874 
1786050233.926 -0.003895647 -0.007929986 0.005596037 62.19385 
1786050233.977 -0.003901014 -0.006827046 0.005573842 61.80376 
1786050234.037 -0.003906977 -0.01211 0.005049834 61.37613 
1786050234.099 -0.008913341 -0.008120869 0.003075258 60.91848 
1786050234.158 -0.003920122 -0.005554587 0.004830269 60.45385 
1786050234.209 -0.003925793 -0.006387362 0.005812854 60.06383 
1786050234.270 -0.00393231 -0.004578445 0.00475879 59.6137 
1786050234.334 -0.008939025 -0.007221431 0.004631122 59.17136 
1786050234.394 -0.008946058 -0.004025297 0.004562628 58.70626 
1786050234.447 -0.008952608 -0.00522041 0.00547219 58.27877 
1786050234.507 -0.008959236 -0.007225521 0.003342428 57.84394 
1786050234.575 -0.008966892 -0.009099704 0.002700191 57.35608 
1786050234.640 -0.008975011 -0.006562691 0.003981422 56.85399 
1786050234.701 -0.00398251 -0.01028868 0.003654128 56.38886 
1786050234.754 -0.00898924 -0.008992149 0.004640221 55.9763 
1786050234.808 -0.008995793 -0.009395328 0.004525219 55.57128 
1786050234.861 -0.004002413 -0.009062601 0.004572816 55.17385 
1786050234.913 -0.009008846 -0.008266253 0.004678845 54.79143 
1786050234.966 -0.004015724 -0.006882305 0.003686418 54.39385 
1786050235.017 -0.004022541 -0.004945663 0.005135068 53.99643 
1786050235.075 -0.004029815 -0.003745275 0.004902271 53.57643 
1786050235.127 -0.004036634 -0.005353146 0.003507289 53.17867 
1786050235.175 -0.004043117 -0.003209377 0.00632196 52.81131 
1786050235.236 -0.004050862 -0.008067155 0.002595862 52.38338 
1786050235.293 -0.009058141 -0.009767227 0.004320057 51.97887 
1786050235.347 -0.004066034 -0.006420427 0.004533782 51.54381 
1786050235.401 -0.004073588 -0.003663457 0.004407292 51.13127 
1786050235.473 -0.004083021 -0.006003037 0.004594502 50.6213 
1786050235.541 -0.004091994 -0.004374398 0.004537166 50.14135 
1786050235.610 -0.004102481 -0.00545622 0.003858255 49.58664 
1786050235.662 -0.004110354 -0.005944689 0.004197474 49.17373 
1786050235.718 -0.004118582 -0.002485275 0.003468846 48.74627 
1786050235.785 -0.004127904 -0.006091253 0.004237283 48.25888 
1786050235.846 -0.004137019 -0.009219851 0.002308989 47.80089 
1786050235.903 -0.004145471 -0.00697225 0.004062275 47.37375 
1786050235.953 -0.004153242 -0.006861908 0.004094661 46.98384 
1786050236.009 -0.004161372 -0.006169771 0.004190799 46.57877 
1786050236.063 -0.009169715 -0.008758218 0.003241358 46.16629 
1786050236.123 -0.004178581 -0.006130781 0.003111851 45.72378 
1786050236.177 -0.004187207 -0.003952412 0.00486937 45.31135 
1786050236.232 -0.004195119 -0.003166066 0.002521616 44.92117 
1786050236.287 -0.004204495 -0.002261198 0.002643154 44.47877 
1786050236.349 -0.004213469 -0.004315521 0.003120764 44.05138 
1786050236.402 -0.004222508 -0.005953396 0.002193754 43.62388 
1786050236.452 -0.004230651 -0.008277438 0.002061688 43.2338 
1786050236.508 -0.004239328 -0.005632437 0.001872303 42.83629 
1786050236.565 -0.004248062 -0.009500333 0.0009136921 42.43132 
1786050236.618 -0.004257507 -0.005760251 0.001475143 41.9963 
1786050236.675 -0.004266687 -0.004478355 -0.0001160288 41.57632 
1786050236.736 -0.004276424 -0.004898436 -0.001568812 41.13387 
1786050236.801 -0.004286727 -0.005203514 -0.002631941 40.66866 
1786050236.853 -0.00929643 -0.003989154 -0.001171527 40.23384 
1786050236.908 -0.00430552 -0.003844858 -0.001988327 39.82884 
1786050236.971 -0.004315854 -0.01030159 -0.005090463 39.37109 
1786050237.034 -0.004326084 -0.0117848 -0.003682999 38.91387 
1786050237.092 -0.004336724 -0.00442115 -0.004219018 38.4563 
1786050237.144 -0.004346047 -0.003874852 -0.004979769 38.05136 
1786050237.200 -0.004355421 -0.005449828 -0.005661434 37.64621 
1786050237.256 -0.009365197 -0.006374107 -0.005050808 37.22637 
1786050237.306 -0.009374324 -0.007321923 -0.005794922 36.8363 
1786050237.362 -0.004383851 -0.007799421 -0.006653865 36.43138 
1786050237.415 -0.004393606 -0.008798639 -0.005873956 36.01885 
1786050237.465 -0.004402339 -0.008795869 -0.005282153 35.65141 
1786050237.520 -0.00941237 -0.009092561 -0.00703511 35.2311 
1786050237.571 -0.00942155 -0.007780195 -0.005616839 34.84881 
1786050237.627 -0.004431136 -0.005055841 -0.00524469 34.45137 
1786050237.684 -0.004441678 -0.003615947 -0.006777135 34.01635 
1786050237.733 -0.004450993 -0.0006271063 -0.005982836 33.63383 
1786050237.787 -0.004460717 -0.003484917 -0.006614162 33.23626 
1786050237.848 -0.004471779 -0.002852151 -0.005663832 32.78647 
1786050237.900 -0.004481411 -0.007232042 -0.00559286 32.39628 
1786050237.973 -0.00449407 -0.005573467 -0.00676106 31.88612 
1786050238.035 -0.004506236 -0.0100239 -0.006216126 31.39855 
1786050238.097 -0.004518088 -0.006420688 -0.006412668 30.91878 
1786050238.163 -0.004530567 -0.003004476 -0.005948263 30.43162 
1786050238.215 -0.004541016 0.0004467721 -0.006721365 30.01876 
1786050238.274 -0.00455189 -0.002764293 -0.005811796 29.59135 
1786050238.329 -0.004562618 -0.005822026 -0.006604779 29.17132 
1786050238.391 -0.009573776 -0.01084773 -0.007463481 28.7362 
1786050238.455 -0.009586529 -0.007139613 -0.00685407 28.23374 
1786050238.508 -0.004597202 -0.00472099 -0.006805589 27.82884 
1786050238.569 -0.004608892 -0.004143011 -0.006585333 27.37858 
1786050238.626 -0.004620237 -0.001333364 -0.006097698 26.94366 
1786050238.684 -0.004631627 -0.002145736 -0.005582769 26.50885 
1786050238.747 -0.004643454 -0.003268793 -0.007572674 26.05864 
1786050238.802 -0.004655129 -0.005562922 -0.006119212 25.61639 
1786050238.855 -0.009665454 -0.005536053 -0.006095049 25.22635 
1786050238.914 -0.00467701 -0.006499162 -0.00649592 24.79119 
1786050238.984 -0.00469061 -0.005074699 -0.006975539 24.28128 
1786050239.051 -0.004704064 -0.003624984 -0.006909776 23.77884 
1786050239.102 -0.004714945 -0.0014757 -0.005523851 23.37385 
1786050239.158 -0.00972586 -0.00496792 -0.006150039 22.96883 
1786050239.219 -0.004738431 -0.003937697 -0.005831422 22.50383 
1786050239.283 -0.004751249 -0.007898761 -0.006738744 22.03113 
1786050239.343 -0.009762883 -0.005950653 -0.007505104 21.60364 
1786050239.397 -0.004775167 -0.003957153 -0.006063382 21.15367 
1786050239.463 -0.004788311 -0.001697201 -0.006917473 20.67379 
1786050239.533 -0.004802734 0.0009940777 -0.005460682 20.14133 
1786050239.589 -0.004813687 -0.003607658 -0.006658343 19.74371 
1786050239.651 -0.004827157 -0.006503471 -0.007342034 19.26395 
1786050239.708 -0.004839003 -0.008198787 -0.005938674 18.83628 
1786050239.770 -0.004851504 -0.004599061 -0.005810224 18.38629 
1786050239.850 -0.004867177 0.0006346735 -0.00619284 17.81626 
1786050239.918 -0.00488143 -0.001264352 -0.005542758 17.30628 
1786050240.021 -0.004901197 -0.005985945 -0.00614162 16.59402 
1786050240.097 -0.004918712 -0.004936811 -0.00717214 15.98634 
1786050240.170 -0.004934585 -0.001322302 -0.006907805 15.42387 
1786050240.232 -0.004948802 -0.002117512 -0.007201814 14.92119 
1786050240.289 -0.004961774 -0.0005347845 -0.006536427 14.46386 
1786050240.351 -0.004974134 -0.00406042 -0.006656439 14.02129 
1786050240.411 -0.004987158 -0.008659277 -0.006561789 13.57122 
1786050240.474 -0.004999993 -0.009352591 -0.007937426 13.12125 
1786050240.527 -0.005012637 -0.006520005 -0.007316634 12.67882 
1786050240.586 -0.005024873 -0.005556367 -0.006341521 12.2514 
1786050240.667 -0.00504165 -0.001491377 -0.007156729 11.65878 
1786050240.727 -0.005055442 -0.003449757 -0.006914523 11.18599 
1786050240.787 -0.005067528 -0.007074295 -0.007514477 10.76637 
1786050240.853 -0.005082444 -0.006411386 -0.006210022 10.24886 
1786050240.910 -0.005094784 -0.005646228 -0.006993925 9.821231 
1786050240.969 -0.00510779 -0.005552523 -0.00737793 9.371432 
1786050241.023 -0.005119511 -0.003109084 -0.006761806 8.966281 
1786050241.082 -0.005131897 -0.001600003 -0.007059278 8.538826 
1786050241.144 -0.005145602 -0.004010531 -0.00734742 8.066167 
1786050241.201 -0.005158452 -0.009838117 -0.007023552 7.623893 
1786050241.256 -0.005170225 -0.005418044 -0.007526605 7.218806 
1786050241.320 -0.0051831 -0.006512578 -0.006709722 6.776268 
1786050241.391 -0.005199046 -0.001029482 -0.007565955 6.228713 
1786050241.464 -0.005214352 -0.001714952 -0.006853941 5.70374 
1786050241.545 -0.005231206 -0.005165382 -0.006605155 5.118871 
1786050241.614 -0.0002478549 -0.007203875 -0.007734634 4.548909 
1786050241.684 -0.0002627629 -0.003987809 -0.0069488 4.046299 
1786050241.739 -0.0002752666 -0.003959788 -0.006995474 3.618799 
1786050241.798 -0.0002890933 -0.003254491 -0.007127977 3.146283 
1786050241.860 -0.0003022674 -0.005238396 -0.007571082 2.688847 
1786050241.925 -0.0003156661 -0.006262896 -0.006853593 2.231266 
1786050241.980 -0.0003288492 -0.006429016 -0.006322878 1.788796 
1786050242.030 -0.0003400574 -0.005814803 -0.006313552 1.406292 
1786050242.085 -0.000351927 -0.002901741 -0.006940032 0.9938829 
1786050242.139 -0.000363798 -0.007708614 -0.007081442 0.5963081 
1786050242.197 -0.0003765492 -0.0003925943 -0.007492701 0.1613186 
1786050242.252 -0.0003886412 -0.002990892 -0.006766503 -0.2512304 
1786050242.301 -0.0003996337 0.0004050799 -0.007603227 -0.6261718 
1786050242.360 -0.0004119442 -0.006471829 -0.007130777 -1.053712 
1786050242.417 -0.0004244729 -0.009677146 -0.006732962 -1.481091 
1786050242.475 0.004563001 -0.003310098 -0.007551011 -1.901222 
1786050242.526 0.004550917 -0.00346979 -0.008658222 -2.313665 
1786050242.584 0.004538617 -0.002359148 -0.008058281 -2.733727 
1786050242.650 0.004525882 -0.002219941 -0.00898639 -3.1686 
1786050242.703 0.004512275 -0.007480774 -0.008496925 -3.633675 
1786050242.756 0.004500649 -0.007032969 -0.008654099 -4.03121 
1786050242.816 0.004487714 -0.008495112 -0.008205268 -4.473588 
1786050242.881 0.00447369 -0.01028182 -0.009331683 -4.953718 
1786050242.934 0.004461647 -0.00223842 -0.008753213 -5.366238 
1786050242.988 0.004449613 -0.00374996 -0.009488348 -5.778715 
1786050243.050 0.004436931 -0.009705282 -0.008625367 -6.213666 
1786050243.110 0.004424259 -0.009661893 -0.008363492 -6.648724 
1786050243.164 0.004411818 -0.009428346 -0.009861609 -7.076199 
1786050243.221 0.004398951 -0.004136835 -0.008309104 -7.518681 
1786050243.279 0.004386316 -0.006933775 -0.008481969 -7.953748 
1786050243.338 0.004373476 -0.002749624 -0.008965176 -8.396218 
1786050243.395 0.004361737 -0.004822704 -0.008884898 -8.801234 
1786050243.447 0.004349795 -0.003900175 -0.0085038 -9.213737 
1786050243.496 0.004338949 -0.008641306 -0.008545094 -9.588688 
1786050243.556 0.004326384 -0.004854463 -0.007731276 -10.03118 
1786050243.612 0.004314268 -0.00687109 -0.007968949 -10.44367 
1786050243.664 -0.0006971837 0.000273048 -0.008751471 -10.84128 
1786050243.721 -0.0007090516 -0.00112086 -0.009325703 -11.25372 
1786050243.784 -0.0007230554 -0.006597028 -0.009782493 -11.74123 
1786050243.845 -0.0007353153 -0.005127727 -0.008985674 -12.16883 
1786050243.895 -0.0007473409 -0.004401857 -0.01014096 -12.58868 
1786050243.955 -0.0007589184 -0.004344943 -0.008509343 -13.00128 
1786050244.020 -0.0007724016 -0.002153418 -0.008844022 -13.46617 
1786050244.089 -0.0007875651 -0.006148562 -0.009164856 -13.99871 
1786050244.154 -0.0008014164 -0.004747033 -0.008813014 -14.48646 
1786050244.206 -0.0008133254 -0.002282946 -0.009718713 -14.90619 
1786050244.265 -0.0008258474 -0.006771486 -0.009799946 -15.34869 
1786050244.326 -0.0008381312 -0.008729635 -0.009287536 -15.78368 
1786050244.384 -0.0008505998 -0.007399741 -0.01035817 -16.22621 
1786050244.438 -0.0008617766 -0.004793294 -0.009699556 -16.62368 
1786050244.493 -0.0008737711 -0.002016915 -0.009542398 -17.0514 
1786050244.543 -0.0008844798 -0.004750082 -0.009185674 -17.44112 
1786050244.600 -0.0008962125 -0.004028917 -0.009534515 -17.85376 
1786050244.655 -0.0009079175 -0.00866188 -0.01013122 -18.28121 
1786050244.713 -0.0009187611 -0.005551587 -0.01046776 -18.66368 
1786050244.767 -0.0009314498 -0.006200563 -0.01050232 -19.12122 
1786050244.828 -0.0009428603 -0.006950972 -0.01029952 -19.53383 
1786050244.884 0.004044725 -0.00393199 -0.009821576 -19.98387 
1786050244.933 -0.0009657995 -0.00187692 -0.009242621 -20.36617 
1786050244.988 -0.0009767093 -0.003008132 -0.009565812 -20.77122 
1786050245.057 -0.0009902549 -0.007251231 -0.01042395 -21.25883 
1786050245.121 0.003996653 -0.01091622 -0.00974962 -21.73869 
1786050245.173 0.00398503 -0.00307012 -0.01040613 -22.16623 
1786050245.230 0.003973848 -0.007499133 -0.01058655 -22.57877 
1786050245.294 0.003961486 -0.006427847 -0.00896725 -23.04371 
1786050245.357 0.003948359 -0.00334333 -0.01076822 -23.52354 
1786050245.408 0.00393749 -0.003575412 -0.009971619 -23.92878 
1786050245.460 0.003927257 -0.005095185 -0.01131223 -24.3112 
1786050245.522 0.003914857 -0.008995448 -0.01066259 -24.77613 
1786050245.581 0.003903499 -0.007679739 -0.009580753 -25.20375 
1786050245.639 0.003892576 -0.005687954 -0.00992921 -25.61622 
1786050245.693 0.003880902 -0.003982084 -0.01011267 -26.05874 
1786050245.747 0.003870452 -0.004188381 -0.01040454 -26.45644 
1786050245.804 0.003859057 -0.003998087 -0.01019589 -26.8912 
1786050245.862 0.008847902 -0.005475451 -0.009744617 -27.31872 
1786050245.920 0.0038364 -0.008831076 -0.01092575 -27.76103 
1786050245.971 0.003826302 -0.004189793 -0.01089481 -28.15121 
1786050246.031 0.003815082 -0.005289279 -0.0110774 -28.58599 
1786050246.085 0.003804677 -0.00612528 -0.009552593 -28.99137 
1786050246.137 -0.001205687 -0.002729362 -0.01061683 -29.39617 
1786050246.193 -0.001216201 0.001234553 -0.0109556 -29.80869 
1786050246.258 -0.001228001 -0.001157719 -0.01122154 -30.27352 
1786050246.324 -0.001240312 -0.005943842 -0.0103206 -30.76112 
1786050246.374 -0.00125068 -0.005800622 -0.01005582 -31.18119 
1786050246.429 -0.006260816 -0.005883161 -0.01189091 -31.57867 
1786050246.489 -0.00627184 -0.004394574 -0.01051985 -32.02126 
1786050246.551 -0.001283182 -0.0062015 -0.01076663 -32.47865 
1786050246.605 -0.001293544 -0.003230928 -0.01064422 -32.90623 
1786050246.659 -0.001303306 -0.002898156 -0.01053318 -33.29637 
1786050246.719 -0.006313755 -0.007322843 -0.008537318 -33.72421 
1786050246.777 -0.006324879 -0.006692429 -0.01030808 -34.18128 
1786050246.827 -0.001334315 -0.008599137 -0.01123088 -34.57122 
1786050246.881 -0.001343707 -0.006939083 -0.01042148 -34.96121 
1786050246.936 -0.001353771 -0.004831744 -0.01105587 -35.38113 
1786050246.990 -0.001362891 -0.007021829 -0.01093589 -35.7637 
1786050247.043 -0.001373032 -0.002184194 -0.01107981 -36.19113 
1786050247.094 -0.001382059 -0.002159114 -0.01132879 -36.57372 
1786050247.151 -0.001391744 -0.002926876 -0.009634411 -36.99406 
1786050247.204 -0.001401202 -0.006133582 -0.009962766 -37.39113 
1786050247.253 -0.001410088 -0.005088683 -0.01174844 -37.77372 
1786050247.310 -0.001419446 -0.005764003 -0.01123755 -38.17885 
1786050247.366 -0.001428753 -0.007524957 -0.01014464 -38.59114 
1786050247.419 -0.001438519 -0.003028542 -0.0103762 -39.01116 
1786050247.474 -0.001447888 -0.005815765 -0.01130354 -39.42369 
1786050247.534 -0.001457538 -0.00244963 -0.01053772 -39.85867 
1786050247.591 -0.001466794 -0.003069195 -0.01062976 -40.2637 
1786050247.644 -0.001476493 -0.002682411 -0.0117903 -40.69873 
1786050247.700 -0.001485797 -0.001610228 -0.01110444 -41.11884 
1786050247.767 -0.001496359 -0.00855589 -0.01133876 -41.59856 
1786050247.828 -0.001506189 -0.007961036 -0.01004951 -42.05638 
1786050247.877 -0.001514814 -0.00377452 -0.01257513 -42.44619 
1786050247.934 -0.001523708 -0.00526318 -0.01140197 -42.85862 
1786050247.993 -0.001532702 -0.003489877 -0.01056023 -43.27868 
1786050248.050 -0.00154227 -0.0001335994 -0.01133484 -43.72863 
1786050248.100 -0.001550662 -0.001342337 -0.01089855 -44.12618 
1786050248.157 -0.001559155 -0.003365826 -0.0103497 -44.53114 
1786050248.211 -0.001567744 -0.002907338 -0.01151602 -44.94374 
1786050248.268 -0.001576118 -0.003701629 -0.0110876 -45.34865 
1786050248.331 -0.001585964 -0.007117578 -0.009213691 -45.82872 
1786050248.384 -0.001594359 -0.007886956 -0.01154933 -46.2412 
1786050248.439 -0.00160254 -0.005488578 -0.01136073 -46.65367 
1786050248.500 -0.001611857 -0.002000124 -0.0103615 -47.11122 
1786050248.556 -0.001620055 -0.004375002 -0.01133423 -47.52359 
1786050248.608 -0.001628041 0.0008541283 -0.01141359 -47.92874 
1786050248.667 -0.001636403 0.001909576 -0.01094028 -48.3562 
1786050248.732 -0.00164513 -0.003397981 -0.01042609 -48.80647 
1786050248.788 -0.001653635 -0.003002372 -0.01018289 -49.24876 
1786050248.839 -0.001661495 -0.00578672 -0.0112187 -49.66119 
1786050248.900 -0.001669853 -0.005483082 -0.01087652 -50.10365 
1786050248.962 -0.001678275 -0.009178112 -0.009509329 -50.55357 
1786050249.022 -0.001686754 -0.005732562 -0.01016904 -51.01118 
1786050249.079 -0.001694876 -0.002505909 -0.01134956 -51.45371 
1786050249.136 -0.001702649 -0.006073808 -0.01044716 -51.88122 
1786050249.198 -0.001710482 -0.002020609 -0.01061666 -52.3165 
1786050249.254 -0.001718505 -0.001778677 -0.01020379 -52.76622 
1786050249.304 -0.001725259 0.0002442495 -0.01133353 -53.14864 
1786050249.358 -0.001732346 -0.002319121 -0.01059275 -53.55367 
1786050249.415 -0.001739624 -0.004373832 -0.009814266 -53.97368 
1786050249.476 -0.001747212 -0.006617858 -0.01097446 -54.42363 
1786050249.528 -0.001754213 -0.005994837 -0.01068876 -54.82886 
1786050249.577 -0.00176039 -0.01024709 -0.01103664 -55.1962 
1786050249.640 -0.001768001 -0.004728567 -0.01180097 -55.65374 
1786050249.706 -0.001776136 -0.003090851 -0.01046337 -56.14869 
1786050249.762 -0.001782956 -0.004441043 -0.0109809 -56.56869 
1786050249.813 -0.001789342 -0.0008243585 -0.01189619 -56.9662 
1786050249.874 -0.001796608 -0.001139768 -0.01209973 -57.4236 
1786050249.938 -0.001803784 -0.002689503 -0.01188501 -57.88116 
1786050250.010 -0.001812021 -0.005395108 -0.01051657 -58.41358 
1786050250.072 -0.001819114 -0.006831923 -0.01029929 -58.88622 
1786050250.124 -0.001825326 -0.00433977 -0.01128959 -59.29121 
1786050250.181 -0.001831797 -0.00861693 -0.01055461 -59.72616 
1786050250.249 -0.00183873 -0.008460962 -0.01078855 -60.19869 
1786050250.308 -0.001845456 -0.003804615 -0.009388524 -60.66373 
1786050250.368 -0.001851662 -0.006702085 -0.009709948 -61.09889 
1786050250.421 -0.001857677 -0.005802659 -0.009996132 -61.52619 
1786050250.477 -0.0018633 -0.007850571 -0.009232551 -61.93121 
1786050250.532 -0.001868952 -0.0005483718 -0.01038415 -62.35123 
1786050250.582 -0.001874224 -0.001660124 -0.01068439 -62.73376 
1786050250.640 -0.001879923 -0.00113464 -0.01114648 -63.1611 
1786050250.692 -0.00188505 -0.001991071 -0.009468562 -63.55115 
1786050250.751 -0.001890782 -0.003156194 -0.01181487 -63.99364 
1786050250.803 -0.001895855 -0.002319986 -0.009950586 -64.39115 
1786050250.852 -0.00190048 -0.002988575 -0.01014027 -64.75871 
1786050250.910 -0.001905505 -0.00334865 -0.009607303 -65.1638 
1786050250.971 -0.001910999 -0.006143109 -0.009003886 -65.6138 
1786050251.027 -0.001916309 -0.003997471 -0.009943235 -66.05624 
1786050251.082 -0.00192144 -0.004084665 -0.01062223 -66.49119 
1786050251.149 -0.001926826 -0.007342436 -0.009384433 -66.95623 
1786050251.215 -0.001932364 -0.001595349 -0.008957253 -67.45108 
1786050251.286 -0.001938284 -0.002936977 -0.01083555 -67.97621 
1786050251.343 -0.001943021 -0.002272524 -0.01007391 -68.41122 
1786050251.395 -0.001947509 -0.001116428 -0.01145975 -68.83125 
1786050251.455 -0.001951913 -3.378492e-05 -0.01018 -69.25113 
1786050251.515 -0.001956538 -0.0007617513 -0.008687663 -69.70122 
1786050251.576 -0.001961215 0.0004558246 -0.01050295 -70.16613 
1786050251.627 -0.001965204 0.00222814 -0.009982679 -70.57118 
1786050251.682 -0.001969113 0.0008857525 -0.01098367 -70.97619 
1786050251.736 -0.001972943 0.0003913549 -0.009588943 -71.38117 
1786050251.797 -0.001977037 0.002264499 -0.009560049 -71.82362 
1786050251.851 -0.001980835 -0.0004330289 -0.009824961 -72.25119 
1786050251.902 -0.001984219 -0.002171101 -0.01053806 -72.62611 
1786050251.959 -0.001987852 -0.000267036 -0.009312038 -73.04617 
1786050252.018 -0.001991399 -0.002850438 -0.009302189 -73.46622 
1786050252.077 -0.001995346 -0.0008954306 -0.009303072 -73.94616 
1786050252.127 -0.001998352 -0.006919155 -0.009477644 -74.32121 
1786050252.186 -0.002001636 -0.003773081 -0.009883315 -74.74869 
1786050252.251 -0.002005282 -0.00339858 -0.007102197 -75.22137 
1786050252.303 -0.002008324 -0.006341704 -0.01082244 -75.64139 
1786050252.356 -0.007011176 -0.00565249 -0.01083034 -76.03114 
1786050252.420 -0.00201431 -0.007106183 -0.00948475 -76.48121 
1786050252.484 -0.002017641 -0.006927249 -0.007006941 -76.98365 
1786050252.540 -0.007020276 -0.0065948 -0.009424284 -77.38878 
1786050252.592 -0.002022968 -0.005617904 -0.009793267 -77.8088 
1786050252.656 -0.007025837 -0.00565865 -0.01074309 -78.28096 
1786050252.718 -0.002028379 -0.004072053 -0.007072257 -78.71659 
1786050252.777 -0.002030992 -0.005048613 -0.009422717 -79.18118 
1786050252.827 -0.0020331 -0.002513113 -0.009133149 -79.5712 
1786050252.883 -0.002035246 -0.0006606507 -0.009847315 -79.98366 
1786050252.936 -0.002037269 -0.006189153 -0.008882969 -80.38872 
1786050252.992 -0.00203914 -0.0009665197 -0.007709597 -80.77874 
1786050253.044 -0.002041068 -0.004671866 -0.008520414 -81.19873 
1786050253.095 -0.002042715 -8.037944e-05 -0.00874455 -81.58122 
1786050253.151 -0.002044413 0.002098401 -0.006587071 -81.97908 
1786050253.202 -0.002045999 -0.001443157 -0.008832446 -82.38372 
1786050253.253 -0.002047477 -0.0007077004 -0.00761381 -82.76622 
1786050253.318 -0.00204913 -0.001003194 -0.006153772 -83.2361 
1786050253.382 -0.002050698 -0.001508494 -0.002621149 -83.69873 
1786050253.446 -0.002052042 -0.0008269291 4.047459e-05 -84.13123 
1786050253.498 -0.002053137 0.0003141679 0.001686494 -84.50867 
1786050253.557 -0.002054144 -0.0002733918 0.004382886 -84.88621 
1786050253.620 -0.002055078 -0.002118781 0.008433176 -85.25663 
1786050253.683 -0.002056004 -0.0001487595 0.006656459 -85.64865 
1786050253.734 -0.002056663 -0.002304979 0.009091507 -85.95584 
1786050253.788 -0.002057273 -0.001759097 0.009968018 -86.26252 
1786050253.847 -0.002057814 -0.002451238 0.01182588 -86.5573 
1786050253.903 -0.002058315 -0.002702232 0.01056387 -86.85496 
1786050253.956 -0.002058724 -0.0007225557 0.01217643 -87.11994 
1786050254.009 -0.002059074 0.002238617 0.01288551 -87.36876 
1786050254.060 -0.002059374 0.003512722 0.01302692 -87.6019 
1786050254.111 -0.002059625 0.003407339 0.0135021 -87.81588 
1786050254.166 -0.002059862 0.0007213475 0.01457329 -88.03975 
1786050254.217 -0.002060053 0.001156297 0.01399554 -88.24027 
1786050254.274 -0.002060223 0.001633758 0.01442764 -88.44061 
1786050254.327 -0.002060364 0.004578143 0.01516648 -88.6288 
1786050254.377 -0.00206047 0.004833744 0.0166952 -88.78944 
1786050254.433 -0.002060566 0.007031339 0.01705535 -88.95452 
1786050254.485 -0.002060636 0.004577203 0.01450483 -89.09955 
1786050254.535 -0.002060694 0.00755293 0.01522279 -89.2312 
1786050254.595 -0.002060742 0.004934363 0.01726966 -89.36828 
1786050254.662 -0.002060782 0.008505877 0.01617239 -89.50593 
1786050254.720 -0.002060808 0.005367473 0.01773862 -89.61976 
1786050254.772 -0.002060823 0.008224383 0.01812311 -89.70661 
1786050254.829 -0.002060833 0.006139876 0.01815004 -89.78349 
1786050254.890 -0.00206084 0.007436348 0.01968565 -89.8574 
1786050254.960 -0.002060843 0.004110558 0.02053928 -89.91928 
1786050255.018 -0.002060845 0.004352307 0.01937425 -89.96024 
1786050255.071 -0.002060845 0.004419825 0.01928103 -89.98588 
1786050255.125 -0.002060845 0.008429377 0.01961451 -89.99808 
1786050255.179 -0.002060845 0.008429558 0.01901033 -90 
1786050255.229 -0.002060845 0.004429558 0.01774033 -90 
1786050255.284 -0.002060845 0.004429558 0.01647033 -90 
1786050255.334 -0.002060845 0.004429558 0.01520033 -90 
1786050255.385 -0.002060845 0.004429558 0.01520033 -90 
1786050255.439 -0.002060845 0.004429558 0.01520033 -90 
1786050255.488 -0.007060845 0.004429558 0.01393034 -90 
1786050255.543 -0.007060845 0.004429558 0.01393034 -90 
1786050255.600 -0.007060845 0.004429558 0.01520033 -90 
1786050255.649 -0.007060845 0.004429558 0.01393034 -90 
1786050255.703 -0.007060845 0.004429558 0.01393034 -90 
1786050255.759 -0.007060845 0.004429558 0.01393034 -90 
1786050255.809 -0.007060845 0.008429558 0.01393034 -90 
1786050255.863 -0.007060845 0.004429558 0.01266034 -90 
1786050255.925 -0.007060845 0.004429558 0.01266034 -90 
1786050255.975 -0.007060845 0.008429558 0.01266034 -90 
1786050256.026 -0.007060845 0.004429558 0.01266034 -90 
1786050256.080 -0.007060845 0.008429558 0.01266034 -90 
1786050256.132 -0.007060845 0.008429558 0.01266034 -90 
1786050256.183 -0.007060845 0.004429558 0.01266034 -90 
1786050256.239 -0.007060845 0.004429558 0.01266034 -90 
1786050256.291 -0.007060845 0.008429558 0.01266034 -90 
1786050256.345 -0.007060845 0.004429558 0.01266034 -90 
1786050256.403 -0.007060845 0.004429558 0.01139034 -90 
1786050256.452 -0.002060845 0.004429558 0.01139034 -90 
1786050256.502 -0.007060845 0.004429558 0.01139034 -90 
1786050256.557 -0.002060845 0.004429558 0.01266034 -90 
1786050256.606 -0.007060845 0.004429558 0.01139034 -90 
1786050256.660 -0.002060845 0.004429558 0.01139034 -90 
1786050256.719 -0.002060845 0.004429558 0.01266034 -90 
1786050256.768 -0.002060845 0.004429558 0.01139034 -90 
1786050256.820 -0.007060845 0.004429558 0.01139034 -90 
1786050256.875 -0.007060845 0.004429558 0.01139034 -90 
1786050256.924 -0.002060845 0.004429558 0.01139034 -90 
1786050256.978 -0.002060845 0.004429558 0.01139034 -90 
1786050257.040 -0.002060845 0.004429558 0.01139034 -90 
1786050257.089 -0.002060845 0.004429558 0.01139034 -90 
1786050257.142 -0.002060845 0.004429558 0.01139034 -90 
1786050257.199 -0.002060845 0.004429558 0.01139034 -90 
1786050257.250 -0.002060845 0.004429558 0.01139034 -90 
1786050257.303 -0.002060845 0.004429558 0.01139034 -90 
1786050257.360 -0.002060845 0.008429558 0.01139034 -90 
1786050257.415 -0.002060845 0.004429558 0.01139034 -90 
1786050257.467 -0.002060845 0.004429558 0.01139034 -90 
1786050257.522 -0.002060845 0.004429558 0.01012034 -90 
1786050257.575 -0.002060845 0.008429558 0.01139034 -90 
1786050257.624 -0.002060845 0.008429558 0.01012034 -90 
1786050257.680 -0.002060845 0.004429558 0.01012034 -90 
1786050257.729 -0.002060845 0.004429558 0.01012034 -90 
1786050257.778 -0.002060845 0.004429558 0.01012034 -90 
1786050257.843 0.002939155 0.008427188 0.01481129 -89.99304 
1786050257.900 0.01793916 0.02039293 0.02116161 -89.97262 
1786050257.960 0.01793916 0.02023773 0.01928897 -89.93734 
1786050258.021 0.01793916 0.01983352 0.02142534 -89.88957 
1786050258.081 0.01793916 0.01888836 0.02022266 -89.82241 
1786050258.132 0.01793917 0.01746323 0.01928778 -89.7536 
1786050258.187 0.007939182 0.01117171 0.01665375 -89.67201 
1786050258.260 0.007939206 0.0066475 0.0137653 -89.55064 
1786050258.331 0.002939245 0.003061409 0.01308829 -89.40371 
1786050258.385 0.002939288 0.002933179 0.01406158 -89.27518 
1786050258.437 0.002939344 0.0002391751 0.01390223 -89.13935 
1786050258.500 0.002939421 -0.002359137 0.01450635 -88.98048 
1786050258.569 0.002939543 -0.005777849 0.01344519 -88.76759 
1786050258.633 -0.002060319 -0.00814685 0.01326839 -88.56516 
1786050258.687 -0.002060165 -0.009499626 0.01291422 -88.36923 
1786050258.741 -0.007059976 -0.009541509 0.0139519 -88.15681 
1786050258.795 -0.007059776 -0.007717613 0.0136307 -87.95575 
1786050258.853 -0.002059499 -0.008660087 0.01437314 -87.70598 
1786050258.905 -0.007059212 -0.007444687 0.01281814 -87.47326 
1786050258.959 -0.002058882 -0.006548462 0.01290219 -87.22942 
1786050259.013 -0.007058488 -0.009687813 0.01374093 -86.96449 
1786050259.080 -0.002057968 -0.009034806 0.01302284 -86.64589 
1786050259.138 -0.007057407 -0.008185557 0.01349833 -86.328 
1786050259.194 -0.002056779 -0.008081939 0.01258389 -86.01253 
1786050259.251 -0.002056082 -0.005203396 0.01263577 -85.68411 
1786050259.312 -0.00205527 -0.0082952 0.01287951 -85.33037 
1786050259.374 -0.002054293 -0.01093098 0.01312805 -84.93757 
1786050259.425 -0.002053394 -0.006597551 0.01249331 -84.60102 
1786050259.477 -0.002052426 -0.007325531 0.01391897 -84.25391 
1786050259.546 -0.002051036 -0.008889493 0.01169788 -83.80457 
1786050259.607 -0.007049532 -0.01227504 0.01248537 -83.34605 
1786050259.659 -0.002048133 -0.007385869 0.01227746 -82.94621 
1786050259.712 -0.002046691 -0.008328471 0.01009851 -82.54877 
1786050259.770 -0.002045021 -0.009806416 0.007511648 -82.12872 
1786050259.825 -0.00204329 -0.008358524 0.00764428 -81.70876 
1786050259.875 -0.007041603 -0.0105726 0.00817519 -81.31885 
1786050259.930 -0.002039839 -0.01147855 0.007732847 -80.92882 
1786050259.996 -0.002037562 -0.01027762 0.007868864 -80.44877 
1786050260.053 -0.002035361 -0.006775768 0.008340573 -80.00636 
1786050260.103 -0.007033338 -0.00900693 0.008505251 -79.61628 
1786050260.159 -0.007031157 -0.009565831 0.005937324 -79.2113 
1786050260.214 -0.007028808 -0.006182097 0.006548038 -78.79122 
1786050260.268 -0.002026548 -0.009894238 0.005659836 -78.40127 
1786050260.323 -0.007023982 -0.007842169 0.006476192 -77.97381 
1786050260.373 -0.002021657 -0.008002046 0.007363925 -77.59128 
1786050260.425 -0.002019164 -0.00816428 0.007187558 -77.20889 
1786050260.484 -0.002016444 -0.007568604 0.006984019 -76.79627 
1786050260.533 -0.002013691 -0.009277519 0.007892992 -76.39133 
1786050260.592 -0.002010644 -0.007278055 0.007958418 -75.95639 
1786050260.657 -0.002007393 -0.008222682 0.006105701 -75.5063 
1786050260.710 -0.002004211 -0.007864981 0.007059706 -75.07126 
1786050260.762 -0.002001114 -0.007443785 0.006528802 -74.67383 
1786050260.822 -0.001997756 -0.008656819 0.004827104 -74.24619 
1786050260.887 -0.001993941 -0.005096006 0.006200311 -73.76646 
1786050260.948 -0.001990079 -0.006947207 0.00508669 -73.30863 
1786050261.000 -0.001986499 -0.006550918 0.007016188 -72.88874 
1786050261.060 -0.001982635 -0.004596532 0.007143647 -72.44628 
1786050261.119 -0.001978743 -0.003913852 0.0072848 -72.01164 
1786050261.179 -0.00197462 -0.007368239 0.006456476 -71.56134 
1786050261.232 -0.001970825 -0.008127838 0.007349249 -71.15634 
1786050261.290 -0.001966661 -0.007467654 0.006678423 -70.72134 
1786050261.342 -0.001962849 -0.007370367 0.006540144 -70.33132 
1786050261.399 -0.001958663 -0.009340674 0.005547159 -69.90391 
1786050261.454 -0.001954392 -0.006649212 0.006126336 -69.49137 
1786050261.504 -0.001950428 -0.007596688 0.006540785 -69.10877 
1786050261.559 -0.001946236 -0.008380019 0.006449344 -68.71126 
1786050261.612 -0.001941967 -0.007549076 0.005832394 -68.31379 
1786050261.668 -0.001937293 -0.008250687 0.005268606 -67.88627 
1786050261.726 -0.001932617 -0.005402338 0.006189882 -67.46611 
1786050261.787 -0.001927428 -0.00881745 0.006394249 -67.00132 
1786050261.848 -0.001922403 -0.004150165 0.005120102 -66.57375 
1786050261.927 -0.001916487 -0.006959093 0.005019806 -66.06356 
1786050261.995 -0.001909634 -0.0041718 0.006964519 -65.49371 
1786050262.056 0.003096812 -0.00582113 0.00759312 -64.97627 
1786050262.119 0.003102438 -0.004446116 0.006604203 -64.5263 
1786050262.188 0.003109025 -0.00234411 0.005414949 -64.00875 
1786050262.248 0.003115146 -0.007404674 0.007295261 -63.53641 
1786050262.304 0.003120574 -0.007982647 0.005973451 -63.12382 
1786050262.356 0.003125877 -0.008898924 0.006318052 -62.72635 
1786050262.415 0.003131866 -0.008623845 0.00676257 -62.2839 
1786050262.473 0.003137321 -0.005861923 0.006618248 -61.86379 
1786050262.530 0.003143688 -0.006452838 0.006062788 -61.42884 
1786050262.584 0.003149615 -0.006569895 0.005764455 -61.00879 
1786050262.647 0.003156162 -0.004922761 0.005976041 -60.55117 
1786050262.698 0.003161926 -0.00575688 0.007120432 -60.15379 
1786050262.755 -0.001832018 -0.0102902 0.006520968 -59.7338 
1786050262.828 -0.001824427 -0.004033481 0.00565074 -59.22377 
1786050262.890 -0.001817179 -0.006232839 0.005464637 -58.7437 
1786050262.945 -0.001810407 -0.005758289 0.007362143 -58.30881 
1786050263.003 -0.001803784 -0.005016484 0.007166223 -57.87397 
1786050263.079 -0.00179483 -0.008779156 0.00650675 -57.31129 
1786050263.146 -0.00178682 -0.01052372 0.006587251 -56.80881 
1786050263.212 -0.00177919 -0.007777769 0.005793765 -56.33611 
1786050263.278 -0.001771711 -0.008072071 0.005942199 -55.87122 
1786050263.338 -0.00176352 -0.008506586 0.007417794 -55.38381 
1786050263.395 -0.001755857 -0.007947194 0.007659184 -54.92627 
1786050263.456 -0.001748363 -0.003331041 0.004000305 -54.48366 
1786050263.517 -0.001740399 -0.004276611 0.00608533 -54.01884 
1786050263.581 -0.001732215 -0.003265804 0.005402372 -53.54627 
1786050263.633 -0.001725127 -0.00494055 0.00575441 -53.14126 
1786050263.693 0.00328256 -0.009169437 0.005675588 -52.70627 
1786050263.764 0.003291537 -0.003531564 0.003587456 -52.20372 
1786050263.829 0.003300206 -0.007339681 0.005614747 -51.72374 
1786050263.901 0.00331076 -0.006896267 0.005055951 -51.14621 
1786050263.975 0.003320748 -0.00653595 0.006000294 -50.60648 
1786050264.051 0.003331275 -0.008040592 0.004590687 -50.03623 
1786050264.117 0.00334107 -0.003702337 0.005503294 -49.52632 
1786050264.186 0.003350536 -0.003628874 0.005256768 -49.0313 
1786050264.268 0.003362429 -0.007008178 0.00334742 -48.41617 
1786050264.344 0.003373876 -0.00524621 0.004853684 -47.83136 
1786050264.409 0.003383664 -0.006507444 0.00482143 -47.33636 
1786050264.475 0.003392641 -0.005117158 0.005378919 -46.88628 
1786050264.531 0.003402149 -0.009001201 0.006203286 -46.41383 
1786050264.595 0.00341174 -0.008686661 0.005957389 -45.94134 
1786050264.661 0.003421567 -0.005497894 0.005232299 -45.46111 
1786050264.733 -0.001567433 -0.002355104 0.004619623 -44.92878 
1786050264.791 -0.0015579 -0.00295135 0.005390735 -44.47124 
1786050264.853 -0.001547976 -0.002277885 0.00546027 -43.99888 
1786050264.908 -0.001539407 -0.00290945 0.00500875 -43.5938 
1786050264.964 -0.001530299 -0.002452875 0.005484236 -43.16617 
1786050265.022 -0.001521127 -0.006213028 0.005634853 -42.73883 
1786050265.094 0.003489573 -0.00570106 0.004323621 -42.24382 
1786050265.157 0.003500849 -0.007282421 0.005647376 -41.72644 
1786050265.212 0.003510068 7.153278e-05 0.005936685 -41.30636 
1786050265.264 0.003518681 -0.001003678 0.005226954 -40.91621 
1786050265.326 0.003528516 0.0006850776 0.005105212 -40.47381 
1786050265.391 0.003539763 0.0006345648 0.005696033 -39.97129 
1786050265.458 0.003550754 -0.002444037 0.003838189 -39.48381 
1786050265.532 0.003562848 -0.004151752 0.004085857 -38.94371 
1786050265.585 0.003572967 -0.004746086 0.004648799 -38.50866 
1786050265.642 0.003582802 -0.003143834 0.00449261 -38.08136 
1786050265.704 0.003593391 0.002443036 0.002678123 -37.62353 
1786050265.781 0.003606325 0.0002760902 0.002915134 -37.06885 
1786050265.846 0.003617764 -0.0004396015 0.001749406 -36.58122 
1786050265.901 0.00362821 -0.003475653 0.002348872 -36.13877 
1786050265.951 0.003637288 -0.001094909 0.0009022533 -35.75623 
1786050266.007 0.003646767 -0.003549691 -0.0003689101 -35.35883 
1786050266.059 0.003656654 -0.003769062 -0.001678945 -34.9463 
1786050266.109 0.003665685 -0.004599137 -0.001070881 -34.57126 
1786050266.164 0.003675484 -0.002914905 -0.001788274 -34.1585 
1786050266.217 0.003685148 -0.001837098 -0.002441466 -33.76884 
1786050266.275 0.003695592 -0.0003740142 -0.003924395 -33.33386 
1786050266.330 0.003705902 -0.001477908 -0.004206116 -32.92143 
1786050266.380 0.003715334 -0.002922251 -0.004606342 -32.53885 
1786050266.439 0.00372611 -0.004964122 -0.005516988 -32.1038 
1786050266.501 0.003737125 -0.004570802 -0.007220061 -31.65369 
1786050266.553 0.00374744 -0.002607157 -0.006514509 -31.24875 
1786050266.604 0.003757234 -0.005120898 -0.005426228 -30.85882 
1786050266.663 0.003768015 -0.0002464002 -0.005948263 -30.43132 
1786050266.718 0.003778654 -5.588628e-05 -0.007307221 -30.01122 
1786050266.766 0.003788191 -0.001459947 -0.005845845 -29.63633 
1786050266.826 0.003798914 -0.005495518 -0.006299948 -29.21639 
1786050266.886 0.003810645 -0.001961274 -0.005817733 -28.75872 
1786050266.942 0.003821267 -0.006493068 -0.005636341 -28.34627 
1786050266.995 0.003831929 -0.002919089 -0.006117818 -27.93372 
1786050267.053 0.003843023 -0.005614271 -0.00535379 -27.50639 
1786050267.115 0.003854747 0.003272506 -0.006288448 -27.05633 
1786050267.176 0.003866911 6.842651e-05 -0.006294009 -26.59111 
1786050267.227 0.003877349 -0.001399967 -0.006900471 -26.18628 
1786050267.283 0.00388802 0.0005105465 -0.005864459 -25.78879 
1786050267.337 0.003899324 -0.006368683 -0.006440272 -25.36124 
1786050267.395 0.00391007 -0.002680236 -0.006429365 -24.95603 
1786050267.451 0.003921851 -0.006953109 -0.005258399 -24.50635 
1786050267.501 0.003932069 -0.004122747 -0.006814884 -24.13131 
1786050267.558 0.003943122 0.0009054104 -0.006248245 -23.71884 
1786050267.615 0.003954815 0.00354671 -0.006647783 -23.2839 
1786050267.666 0.00396513 -0.002311798 -0.006206222 -22.90132 
1786050267.728 0.003977301 -0.002908222 -0.006964908 -22.44361 
1786050267.783 0.003988901 -0.002276292 -0.006230611 -22.02386 
1786050267.844 0.00400074 -0.003383435 -0.007075669 -21.58873 
1786050267.895 0.004012 -0.001823255 -0.005824663 -21.1763 
1786050267.951 0.004023291 0.001730811 -0.006107408 -20.76369 
1786050268.014 0.00403585 0.003147051 -0.006203502 -20.29864 
1786050268.078 0.004048032 0.0004514472 -0.006648568 -19.85633 
1786050268.133 0.004060664 -0.003948866 -0.00732484 -19.40634 
1786050268.186 0.004072083 -0.004893935 -0.006029003 -18.99392 
1786050268.252 0.004085198 -0.001709863 -0.006292432 -18.52138 
1786050268.310 0.004097096 -0.005947707 -0.005993122 -18.08623 
1786050268.372 0.004110489 0.0001643088 -0.005395047 -17.61385 
1786050268.424 0.004121607 -0.003251187 -0.006370744 -17.20884 
1786050268.480 0.00413317 -0.003625821 -0.006146324 -16.80383 
1786050268.536 0.00414518 -0.005375496 -0.007315367 -16.37632 
1786050268.589 0.004155737 -0.005586272 -0.006180945 -16.00131 
1786050268.647 0.004168431 -0.006031476 -0.005747049 -15.55142 
1786050268.696 0.004179243 -0.002986734 -0.00620399 -15.16883 
1786050268.755 0.00419135 0.0006996174 -0.005787149 -14.7414 
1786050268.812 0.004203481 0.003155605 -0.00591177 -14.30638 
1786050268.861 0.004214355 0.003117986 -0.005595804 -13.93128 
1786050268.916 0.004225888 -0.003515822 -0.005960204 -13.52628 
1786050268.982 0.004238725 -0.003278504 -0.006721274 -13.07632 
1786050269.040 0.004251801 -0.004492301 -0.006150371 -12.61893 
1786050269.092 0.004263825 -0.004953924 -0.006332591 -12.19882 
1786050269.146 0.004275008 0.003353587 -0.006890795 -11.80878 
1786050269.223 0.004290733 0.004060482 -0.006092792 -11.2614 
1786050269.284 0.004304976 -0.0001765805 -0.006244478 -10.76639 
1786050269.338 0.004315998 -0.001251747 -0.00567076 -10.38384 
1786050269.390 0.004328116 -0.003671327 -0.005625312 -9.963782 
1786050269.452 0.004341118 -0.002712806 -0.006182444 -9.513917 
1786050269.507 0.00435305 0.002289092 -0.007325664 -9.101314 
1786050269.559 0.00436478 0.002167946 -0.007101935 -8.696208 
1786050269.618 0.004377392 0.005415804 -0.006164589 -8.261285 
1786050269.675 0.0043898 -0.0003953247 -0.007655486 -7.833901 
1786050269.731 0.004401785 -0.001364025 -0.007193432 -7.421306 
1786050269.781 0.004413127 0.0005449606 -0.006864058 -7.031306 
1786050269.833 0.00442432 0.00270837 -0.007008021 -6.646743 
1786050269.892 0.004436444 0.01124368 -0.007329035 -6.230599 
1786050269.950 0.004448185 0.0128878 -0.006717242 -5.827597 
1786050270.004 0.004458964 0.01430275 -0.006512817 -5.458307 
1786050270.055 0.004468462 0.01230811 -0.006016908 -5.132849 
1786050270.111 0.004478397 0.01228559 -0.005998877 -4.786429 
1786050270.174 0.004489216 0.01254224 -0.006177151 -4.416378 
1786050270.226 0.004498937 0.01194382 -0.006465295 -4.089772 
1786050270.278 0.004507478 0.01285749 -0.005776573 -3.797801 
1786050270.341 0.004517096 0.01180829 -0.007234807 -3.468967 
1786050270.411 0.004527163 0.01321601 -0.005700079 -3.125074 
1786050270.470 -0.0004648239 0.01081755 -0.007034544 -2.84638 
1786050270.522 -0.0004567768 0.009936257 -0.005362749 -2.576565 
1786050270.580 -0.0004495145 0.01094433 -0.006918127 -2.328459 
1786050270.644 -0.0004415443 0.008747747 -0.005792373 -2.056483 
1786050270.701 -0.0004348493 0.01009981 -0.005613883 -1.827884 
1786050270.754 -0.0004289697 0.007180871 -0.00603614 -1.627237 
1786050270.809 -0.0004234314 0.01343145 -0.005673692 -1.438214 
1786050270.865 -0.0004180484 0.009371662 -0.005641276 -1.254567 
1786050270.922 -0.0004130328 0.01145567 -0.005144926 -1.083447 
1786050270.977 -0.0004084643 0.01094223 -0.004825657 -0.9248042 
1786050271.034 -0.0004042503 0.01012673 -0.005752195 -0.7838112 
1786050271.096 -0.0003997931 0.01085197 -0.005396641 -0.6317136 
1786050271.153 -0.0003961684 0.01459039 -0.004861199 -0.508023 
1786050271.207 -0.000393201 0.01186595 -0.005416674 -0.4068593 
1786050271.257 -0.0003906097 0.008962908 -0.00609457 -0.3184179 
1786050271.314 -0.0003882139 0.01139773 -0.00641812 -0.2353211 
1786050271.375 -0.0003861728 0.009572199 -0.006314718 -0.1670533 
1786050271.428 0.004615622 0.01356649 -0.005488892 -0.1048845 
1786050271.483 0.004616969 0.01349704 -0.005126501 -0.05986451 
1786050271.546 0.01461799 0.01883505 9.780516e-05 -0.02509154 
1786050271.619 0.01961863 0.02340912 0.007748104 -0.003046069 
1786050271.681 0.01461872 0.01837456 0.007748557 -1.071629e-08 
1786050271.734 0.01461872 0.01437456 0.007748557 -1.071629e-08 
1786050271.787 0.01461872 0.01437456 0.007748557 -1.071629e-08 
1786050271.842 0.01461872 0.01437456 0.007748557 -1.071629e-08 
1786050271.892 0.01461872 0.01437456 0.007748557 -1.071629e-08 
1786050271.945 0.009618724 0.01437456 0.006478557 -1.071629e-08 
1786050272.003 0.009618724 0.01037456 0.006478557 -1.071629e-08 
1786050272.052 0.009618724 0.01037456 0.006478557 -1.071629e-08 
1786050272.102 0.009618724 0.01037456 0.006478557 -1.071629e-08 
1786050272.162 0.01461872 0.01037456 0.006478557 -1.071629e-08 
1786050272.214 0.009618724 0.01037456 0.006478557 -1.071629e-08 
1786050272.265 0.009618724 0.01037456 0.006478557 -1.071629e-08 
1786050272.324 0.009618724 0.01037456 0.006478557 -1.071629e-08 
1786050272.372 0.009618724 0.01037456 0.006478557 -1.071629e-08 
1786050272.425 0.01461872 0.01037456 0.006478557 -1.071629e-08 
1786050272.484 0.009618724 0.01037456 0.006478557 -1.071629e-08 
1786050272.534 0.01461872 0.01037456 0.007748557 -1.071629e-08 
1786050272.584 0.01461872 0.01037456 0.006478557 -1.071629e-08 
1786050272.639 0.009618724 0.01037456 0.006478557 -1.071629e-08 
1786050272.688 0.009618724 0.01037456 0.006478557 -1.071629e-08 
1786050272.739 0.009618724 0.01037456 0.006478557 -1.071629e-08 
1786050272.793 0.009618724 0.01037456 0.006478557 -1.071629e-08 
1786050272.844 0.009618724 0.01037456 0.006478557 -1.071629e-08 
1786050272.896 0.009618724 0.01037456 0.006478557 -1.071629e-08 
1786050272.952 0.009618724 0.01037456 0.006478557 -1.071629e-08 
1786050273.003 0.009618724 0.01037456 0.007748557 -1.071629e-08 
1786050273.055 0.009618724 0.01037456 0.007748557 -1.071629e-08 
1786050273.106 0.009618724 0.01037456 0.006478557 -1.071629e-08 
1786050273.156 0.009618724 0.01037456 0.006478557 -1.071629e-08 
1786050273.212 0.009618724 0.01037456 0.007748557 -1.071629e-08 
1786050273.261 0.009618724 0.01037456 0.006478557 -1.071629e-08 
1786050273.311 0.009618724 0.01037456 0.006478557 -1.071629e-08 
1786050273.368 0.009618724 0.01037456 0.006478557 -1.071629e-08 
1786050273.419 0.009618724 0.006374562 0.006478557 -1.071629e-08 
1786050273.468 0.009618724 0.006374562 0.006478557 -1.071629e-08 
1786050273.526 0.009618724 0.01037456 0.006478557 -1.071629e-08 
1786050273.574 0.009618724 0.01037456 0.006478557 -1.071629e-08 
1786050273.625 0.009618724 0.01037456 0.006478557 -1.071629e-08 
1786050273.681 0.009618724 0.006374562 0.005208558 -1.071629e-08 
1786050273.731 0.009618724 0.01037456 0.006478557 -1.071629e-08 
1786050273.784 0.009618724 0.01037456 0.006478557 -1.071629e-08 
1786050273.842 0.009618724 0.006374562 0.005208558 -1.071629e-08 
1786050273.895 0.009618724 0.01037456 0.005208558 -1.071629e-08 
1786050273.947 0.004618724 0.006374562 0.006478557 -1.071629e-08 
1786050273.998 0.009618724 0.006374562 0.005208558 -1.071629e-08 
1786050274.050 0.009618724 0.01037456 0.005208558 -1.071629e-08 
1786050274.102 0.009618724 0.006374562 0.006478557 -1.071629e-08 
1786050274.166 0.009618724 0.01037456 0.006478557 -1.071629e-08 
1786050274.217 0.009618724 0.01037456 0.006478557 -1.071629e-08 
1786050274.266 0.009618724 0.006374562 0.005208558 -1.071629e-08 
1786050274.317 0.009618724 0.006374562 0.005208558 -1.071629e-08 
1786050274.369 0.009618724 0.006374562 0.006478557 -1.071629e-08 
1786050274.419 0.009618724 0.006374562 0.005208558 -1.071629e-08 
1786050274.471 0.009618724 0.006374562 0.005208558 -1.071629e-08 
1786050274.520 0.004618724 0.006374562 0.006478557 -1.071629e-08 
1786050274.574 0.004618724 0.006374562 0.005208558 -1.071629e-08 
1786050274.623 0.004618724 0.006374562 0.005208558 -1.071629e-08 
1786050274.678 0.009618724 0.01037456 0.006478557 -1.071629e-08 
1786050274.736 0.009618724 0.006374562 0.005208558 -1.071629e-08 
1786050274.787 0.004618724 0.006374562 0.005208558 -1.071629e-08 
1786050274.839 0.004618724 0.006374562 0.005208558 -1.071629e-08 
1786050274.892 0.009618724 0.01037456 0.005208558 -1.071629e-08 
1786050274.942 0.009618724 0.006374562 0.005208558 -1.071629e-08 
1786050274.995 0.009618724 0.006374562 0.005208558 -1.071629e-08 
1786050275.047 0.004618724 0.006374562 0.005208558 -1.071629e-08 
1786050275.097 0.004618724 0.006374562 0.005208558 -1.071629e-08 
1786050275.147 0.004618724 0.006374562 0.005208558 -1.071629e-08 
1786050275.200 0.009618724 0.006374562 0.006478557 -1.071629e-08 
1786050275.250 0.009618724 0.006374562 0.006478557 -1.071629e-08 
1786050275.302 0.004618724 0.006374562 0.005208558 -1.071629e-08 
1786050275.354 0.004618724 0.006374562 0.005208558 -1.071629e-08 
1786050275.405 0.004618724 0.006374562 0.005208558 -1.071629e-08 
1786050275.461 0.009618724 0.01037456 0.005208558 -1.071629e-08 
1786050275.525 0.004618724 0.006374562 0.005208558 -1.071629e-08 
1786050275.575 0.009618724 0.006374562 0.005208558 -1.071629e-08 
1786050275.625 0.009618724 0.006374562 0.005208558 -1.071629e-08 
1786050275.677 0.009618724 0.006374562 0.005208558 -1.071629e-08 
1786050275.727 0.009618724 0.01037456 0.005208558 -1.071629e-08 
1786050275.778 0.004618724 0.006374562 0.005208558 -1.071629e-08 
1786050275.828 0.009618724 0.006374562 0.006478557 -1.071629e-08 
1786050275.881 0.004618724 0.006374562 0.005208558 -1.071629e-08 
1786050275.936 0.009618724 0.006374562 0.006478557 -1.071629e-08 
1786050275.986 0.009618724 0.006374562 0.006478557 -1.071629e-08 
1786050276.042 0.009618724 0.01037456 0.006478557 -1.071629e-08 
1786050276.095 0.004618724 0.006374562 0.005208558 -1.071629e-08 
1786050276.149 0.004618724 0.006374562 0.005208558 -1.071629e-08 
1786050276.202 0.009618724 0.006374562 0.006478557 -1.071629e-08 
1786050276.257 0.004618724 0.006374562 0.005208558 -1.071629e-08 
1786050276.310 0.004618724 0.006374562 0.005208558 -1.071629e-08 
1786050276.361 0.009618724 0.006374562 0.005208558 -1.071629e-08 
1786050276.417 0.009618724 0.006374562 0.005208558 -1.071629e-08 
1786050276.469 0.009618724 0.006374562 0.005208558 -1.071629e-08 
1786050276.520 0.004618724 0.006374562 0.005208558 -1.071629e-08 
1786050276.574 0.009618724 0.006374562 0.005208558 -1.071629e-08 
1786050276.624 0.009618724 0.006374562 0.005208558 -1.071629e-08 
1786050276.679 0.004618724 0.006374562 0.005208558 -1.071629e-08 
1786050276.733 0.004618724 0.006374562 0.005208558 -1.071629e-08 
1786050276.783 0.009618724 0.006374562 0.005208558 -1.071629e-08 
1786050276.832 0.004618724 0.006374562 0.005208558 -1.071629e-08 
1786050276.882 0.004618724 0.006374562 0.005208558 -1.071629e-08 
1786050276.931 0.004618724 0.006374562 0.005208558 -1.071629e-08 
1786050276.989 0.004618724 0.006374562 0.005208558 -1.071629e-08 
1786050277.060 0.004618724 0.006374562 0.005208558 -1.071629e-08 
1786050277.115 0.004618724 0.006374562 0.005208558 -1.071629e-08 
1786050277.164 0.004618724 0.006374562 0.005208558 -1.071629e-08 
1786050277.220 0.009618724 0.006374562 0.005208558 -1.071629e-08 
1786050277.274 0.004618724 0.006374562 0.005208558 -1.071629e-08 
1786050277.324 0.004618724 0.006374562 0.005208558 -1.071629e-08 
1786050277.376 0.009618724 0.01037456 0.005208558 -1.071629e-08 
1786050277.429 0.009618724 0.01037456 0.005208558 -1.071629e-08 
1786050277.478 0.004618724 0.006374562 0.005208558 -1.071629e-08 
1786050277.533 0.004618724 0.006374562 0.005208558 -1.071629e-08 
1786050277.584 0.009618724 0.006374562 0.005208558 -1.071629e-08 
1786050277.634 0.004618724 0.006374562 0.005208558 -1.071629e-08 
1786050277.684 0.009618724 0.006374562 0.005208558 -1.071629e-08 
1786050277.733 0.004618724 0.006374562 0.005208558 -1.071629e-08 
1786050277.784 0.009618724 0.006374562 0.005208558 -1.071629e-08 
1786050277.836 0.004618724 0.006374562 0.005208558 -1.071629e-08 
1786050277.887 0.004618724 0.006374562 0.005208558 -1.071629e-08 
1786050277.938 0.004618724 0.006374562 0.005208558 -1.071629e-08 
1786050277.992 0.004618724 0.006374562 0.005208558 -1.071629e-08 
1786050278.040 0.004618724 0.006374562 0.005208558 -1.071629e-08 
1786050278.093 0.009618724 0.006374562 0.005208558 -1.071629e-08 
1786050278.142 0.009618724 0.006374562 0.005208558 -1.071629e-08 
1786050278.194 0.004618724 0.006374562 0.005208558 -1.071629e-08 
1786050278.250 0.004618724 0.006374562 0.005208558 -1.071629e-08 
1786050278.299 0.004618724 0.006374562 0.005208558 -1.071629e-08 
1786050278.351 0.009618724 0.006374562 0.005208558 -1.071629e-08 
1786050278.401 0.009618724 0.006374562 0.005208558 -1.071629e-08 
1786050278.451 0.004618724 0.006374562 0.005208558 -1.071629e-08 
1786050278.502 0.009618724 0.006374562 0.005208558 -1.071629e-08 
1786050278.557 0.004618724 0.006374562 0.005208558 -1.071629e-08 
1786050278.607 0.004618724 0.006374562 0.003938559 -1.071629e-08 
1786050278.658 0.004618724 0.006374562 0.005208558 -1.071629e-08 
1786050278.711 0.004618724 0.006374562 0.005208558 -1.071629e-08 
1786050278.761 0.004618724 0.006374562 0.005208558 -1.071629e-08 
1786050278.815 0.004618724 0.006374562 0.003938559 -1.071629e-08 
1786050278.872 0.004618724 0.006374562 0.005208558 -1.071629e-08 
1786050278.921 0.004618724 0.006374562 0.005208558 -1.071629e-08 
1786050278.977 0.004618724 0.006374562 0.005208558 -1.071629e-08 
1786050279.035 0.004618724 0.006374562 0.003938559 -1.071629e-08 
1786050279.084 0.009618724 0.006374562 0.005208558 -1.071629e-08 
1786050279.135 0.009618724 0.006374562 0.005208558 -1.071629e-08 
1786050279.186 0.009618724 0.006374562 0.005208558 -1.071629e-08 
1786050279.242 0.004618724 0.006374562 0.005208558 -1.071629e-08 
1786050279.297 0.004618724 0.006374562 0.003938559 -1.071629e-08 
1786050279.349 0.004618724 0.002374562 0.005208558 -1.071629e-08 
1786050279.399 0.004618724 0.006374562 0.005208558 -1.071629e-08 
1786050279.453 0.004618724 0.002374562 0.005208558 -1.071629e-08 
1786050279.502 0.009618724 0.006374562 0.005208558 -1.071629e-08 
1786050279.555 0.004618724 0.002374562 0.005208558 -1.071629e-08 
1786050279.611 0.004618724 0.002374562 0.005208558 -1.071629e-08 
1786050279.661 0.009618724 0.006374562 0.005208558 -1.071629e-08 
1786050279.713 0.004618724 0.002374562 0.003938559 -1.071629e-08 
1786050279.767 0.004618724 0.002374562 0.005208558 -1.071629e-08 
1786050279.818 0.004618724 0.002374562 0.005208558 -1.071629e-08 
1786050279.870 0.009618724 0.006374562 0.005208558 -1.071629e-08 
1786050279.926 0.004618724 0.002374562 0.005208558 -1.071629e-08 
1786050279.975 0.009618724 0.006374562 0.005208558 -1.071629e-08 
1786050280.028 0.009618724 0.002374562 0.003938559 -1.071629e-08 
1786050280.092 0.009618724 0.002374562 0.003938559 -1.071629e-08 
1786050280.142 0.009618724 0.002374562 0.003938559 -1.071629e-08 
1786050280.193 0.009618724 0.006374562 0.003938559 -1.071629e-08 
1786050280.243 0.009618724 0.006374562 0.003938559 -1.071629e-08 
1786050280.293 0.009618724 0.002374562 0.003938559 -1.071629e-08 
1786050280.343 0.009618724 0.006374562 0.003938559 -1.071629e-08 
1786050280.397 0.004618724 0.002374562 0.003938559 -1.071629e-08 
1786050280.447 0.004618724 0.002374562 0.003938559 -1.071629e-08 
1786050280.497 0.004618724 0.002374562 0.003938559 -1.071629e-08 
1786050280.548 0.004618724 0.002374562 0.003938559 -1.071629e-08 
1786050280.600 0.004618724 0.002374562 0.003938559 -1.071629e-08 
1786050280.652 0.009618724 0.006374562 0.003938559 -1.071629e-08 
1786050280.702 0.009618724 0.006374562 0.003938559 -1.071629e-08 
1786050280.754 0.004618724 0.002374562 0.003938559 -1.071629e-08 
1786050280.813 0.009618724 0.006374562 0.003938559 -1.071629e-08 
1786050280.864 0.004618724 0.006374562 0.003938559 -1.071629e-08 
1786050280.916 0.004618724 0.002374562 0.005208558 -1.071629e-08 
1786050280.971 0.009618724 0.006374562 0.005208558 -1.071629e-08 
1786050281.023 0.004618724 0.002374562 0.005208558 -1.071629e-08 
1786050281.072 0.004618724 0.002374562 0.005208558 -1.071629e-08 
1786050281.129 0.004618783 -0.0009849231 0.005208357 0.002188672 
1786050281.183 0.009619344 -0.008141424 0.006456659 0.02116631 
1786050281.242 0.009620448 -0.006826507 0.006309621 0.05880811 
1786050281.303 0.009622312 -0.009764099 0.007001813 0.1236075 
1786050281.361 0.004624761 -0.01455192 0.005676585 0.2058926 
1786050281.412 -0.005372605 -0.02161156 0.002203983 0.2957551 
1786050281.467 -0.01036943 -0.02380701 -0.001498365 0.404058 
1786050281.539 -0.01536479 -0.02258762 -0.003898232 0.5624624 
1786050281.605 -0.01535929 -0.02443368 -0.007033161 0.7499715 
1786050281.662 -0.0153537 -0.02452281 -0.008824038 0.9408227 
1786050281.717 -0.01034769 -0.0238807 -0.008128402 1.145731 
1786050281.773 -0.01534145 -0.02417316 -0.00879185 1.358821 
1786050281.833 -0.01533403 -0.02458036 -0.008688894 1.611843 
1786050281.893 -0.01532612 -0.0230689 -0.009034936 1.881757 
1786050281.945 -0.0103182 -0.02017692 -0.008983692 2.152164 
1786050282.001 -0.01530975 -0.01853898 -0.008955065 2.440944 
1786050282.055 -0.01030093 -0.02595907 -0.008943006 2.74173 
1786050282.106 -0.01529196 -0.02307814 -0.00921613 3.048101 
1786050282.158 -0.01028252 -0.02238416 -0.01000655 3.370638 
1786050282.213 -0.01027241 -0.02102581 -0.01018296 3.716419 
1786050282.274 -0.01026058 -0.02403865 -0.009981182 4.120767 
1786050282.328 -0.01024901 -0.02295445 -0.00993171 4.523818 
1786050282.378 -0.01023745 -0.01488379 -0.0097924 4.912423 
1786050282.440 -0.01522431 -0.01210979 -0.01060044 5.362392 
1786050282.504 -0.01021052 -0.008804111 -0.009600525 5.834929 
1786050282.558 -0.01019828 -0.01112054 -0.00957457 6.255111 
1786050282.609 -0.01018692 -0.01273549 -0.009743367 6.644896 
1786050282.670 -0.01017404 -0.01232586 -0.01000674 7.087444 
1786050282.723 -0.01016248 -0.009410919 -0.01070236 7.4925 
1786050282.775 -0.01015072 -0.01081471 -0.01009186 7.889971 
1786050282.832 -0.01513853 -0.01074779 -0.01120598 8.309991 
1786050282.897 -0.01012462 -0.00418502 -0.01068401 8.790376 
1786050282.958 -0.0101118 -0.01096664 -0.01008885 9.232615 
1786050283.013 -0.01009966 -0.01449839 -0.009772966 9.652486 
1786050283.066 -0.01008753 -0.01114005 -0.009939633 10.07239 
1786050283.123 -0.01007542 -0.01276713 -0.01056721 10.49239 
1786050283.180 -0.01006332 -0.007255326 -0.01036313 10.91238 
1786050283.232 -0.01005167 -0.008137158 -0.01059275 11.31752 
1786050283.284 -0.01004047 -0.01164454 -0.01075679 11.70754 
1786050283.340 -0.01002842 -0.01235391 -0.009916532 12.12754 
1786050283.399 -0.01001618 -0.01141243 -0.01116313 12.56232 
1786050283.452 -0.0100046 -0.009866639 -0.01124505 12.95991 
1786050283.502 -0.009993679 -0.01114911 -0.01079241 13.34251 
1786050283.557 -0.009982351 -0.006710354 -0.0111655 13.73993 
1786050283.614 -0.009970402 -0.004750894 -0.01033763 14.16015 
1786050283.666 -0.009959114 -0.008657469 -0.01104649 14.55747 
1786050283.722 -0.009946996 -0.01094001 -0.01039448 14.98493 
1786050283.783 -0.009934479 -0.009560617 -0.01122211 15.42744 
1786050283.843 -0.0049222 -0.014702 -0.01012359 15.86244 
1786050283.895 -0.009910158 -0.01048682 -0.01122013 16.28998 
1786050283.950 -0.009898775 -0.008611872 -0.01102611 16.69488 
1786050284.013 -0.009885944 -0.007024049 -0.009868291 17.16 
1786050284.075 -0.004873774 -0.007332588 -0.009216522 17.58751 
1786050284.126 -0.009861634 -0.01005424 -0.009680213 18.02247 
1786050284.185 -0.009850148 -0.01155977 -0.01072837 18.43494 
1786050284.247 -0.009837026 -0.009653361 -0.01050336 18.91496 
1786050284.305 -0.009824979 -0.006604935 -0.01084425 19.34254 
1786050284.355 -0.009813998 -0.007847027 -0.01099671 19.73994 
1786050284.407 -0.009803457 -0.005025912 -0.01074983 20.12244 
1786050284.461 -0.009792324 -0.007264461 -0.009654647 20.52737 
1786050284.512 -0.004782042 -0.01099512 -0.0105946 20.90245 
1786050284.569 -0.009770351 -0.007663279 -0.01050759 21.3301 
1786050284.619 -0.004759716 -0.01082068 -0.01152615 21.71998 
1786050284.678 -0.009748092 -0.006959459 -0.01145617 22.14736 
1786050284.735 -0.009736502 -0.008366048 -0.01102813 22.5825 
1786050284.790 -0.004725961 -0.005637537 -0.01053338 22.97249 
1786050284.845 -0.004714037 -0.0068991 -0.01068721 23.40748 
1786050284.910 -0.009701349 -0.006156615 -0.01113723 23.87999 
1786050284.967 -0.00469051 -0.008211801 -0.01052949 24.28493 
1786050285.023 -0.009678308 -0.01067335 -0.01280808 24.74242 
1786050285.077 -0.004667543 -0.006566728 -0.01023585 25.14742 
1786050285.144 -0.004654435 -0.00606572 -0.0112675 25.64242 
1786050285.205 -0.004642368 -0.006696501 -0.01003794 26.10003 
1786050285.261 -0.004631331 -0.002505084 -0.01084017 26.52001 
1786050285.313 -0.009620727 -0.003747156 -0.01061806 26.92495 
1786050285.373 -0.00960938 -0.006920503 -0.01039654 27.3599 
1786050285.435 -0.009598077 -0.005596345 -0.01135644 27.79489 
1786050285.491 -0.00958682 -0.007650256 -0.01089275 28.22999 
1786050285.541 -0.009576379 -0.005565222 -0.01096125 28.63491 
1786050285.597 -0.00956598 -0.003799422 -0.009856826 29.03985 
1786050285.658 -0.009554281 -0.002145132 -0.01116191 29.49749 
1786050285.708 -0.004544349 -0.002887618 -0.01194627 29.88748 
1786050285.760 -0.009534457 -0.004224317 -0.0116462 30.27758 
1786050285.822 -0.009523091 -0.01091141 -0.01151688 30.7274 
1786050285.900 -0.004509334 -0.006267719 -0.01166069 31.27495 
1786050285.961 -0.009496778 -0.008300242 -0.01202936 31.77742 
1786050286.022 -0.00448615 -0.01019552 -0.01128839 32.2049 
1786050286.079 -0.00447483 5.819548e-06 -0.01085521 32.66245 
1786050286.134 -0.00446449 -0.00288187 -0.01077387 33.08242 
1786050286.191 -0.009454382 -0.001346326 -0.01085016 33.49506 
1786050286.263 -0.004441405 -0.006616299 -0.01217627 34.03476 
1786050286.335 -0.009428509 -0.006786003 -0.01105699 34.55991 
1786050286.407 -0.004416055 -0.005316615 -0.01179435 35.07736 
1786050286.463 -0.00440511 -0.0075577 -0.01129068 35.53503 
1786050286.517 -0.004395296 -0.002014646 -0.01153275 35.9474 
1786050286.580 -0.009384293 -0.003331043 -0.01163858 36.41238 
1786050286.650 -0.009372302 -0.001574832 -0.01093117 36.93024 
1786050286.718 -0.00936039 -0.005891627 -0.009423041 37.44014 
1786050286.778 -0.0043496 -0.005334904 -0.01254451 37.89746 
1786050286.831 -0.009340084 -0.01059127 -0.01143836 38.30995 
1786050286.883 -0.00933131 -0.007247094 -0.01190877 38.69992 
1786050286.940 -0.009321728 -0.008365495 -0.010715 39.11249 
1786050286.999 -0.004311695 -0.000520228 -0.0112361 39.555 
1786050287.054 -0.0043024 -0.003795423 -0.01129747 39.96744 
1786050287.105 -0.009293663 -0.004416832 -0.01109166 40.3574 
1786050287.167 -0.004283645 -0.001785439 -0.01173432 40.80763 
1786050287.226 -0.004274025 -0.002655588 -0.01109635 41.24988 
1786050287.278 -0.004264797 -0.005463709 -0.01095235 41.66229 
1786050287.329 -0.009256445 -0.004520983 -0.01104374 42.04489 
1786050287.386 -0.009247657 -0.006968044 -0.01277487 42.44991 
1786050287.453 -0.004237797 -0.005975309 -0.0104423 42.90772 
1786050287.511 -0.009228011 -0.005582609 -0.01128345 43.37253 
1786050287.563 -0.004218774 0.0008026762 -0.01293018 43.79986 
1786050287.641 -0.009206772 0.000559712 -0.01060598 44.36993 
1786050287.735 -0.004191933 -0.001498586 -0.01228302 45.08254 
1786050287.806 -0.004181116 -0.003299771 -0.01015432 45.60746 
1786050287.881 -0.004169943 0.001782479 -0.01082459 46.16251 
1786050287.961 -0.004158128 -0.001770358 -0.01103038 46.74002 
1786050288.022 -0.004148229 -0.004221085 -0.01175517 47.23495 
1786050288.078 -0.004139903 0.005538505 -0.009037949 47.66235 
1786050288.137 -0.004131349 0.003935045 -0.01057019 48.09004 
1786050288.196 -0.004122868 0.004091542 -0.01048288 48.52492 
1786050288.252 -0.004114603 0.005672968 -0.01129255 48.9524 
1786050288.306 -0.004106839 0.002750682 -0.01078009 49.35751 
1786050288.366 -0.004098428 0.0004259671 -0.01210861 49.80006 
1786050288.429 -0.009089391 0.00249876 -0.01069836 50.27992 
1786050288.483 -0.004081558 -0.001486722 -0.01126965 50.69994 
1786050288.535 -0.004074485 -0.0002990145 -0.01176615 51.08245 
1786050288.596 -0.004066376 -0.001122459 -0.0110642 51.52494 
1786050288.663 -0.004057262 0.002212044 -0.01137096 52.02738 
1786050288.722 -0.004049186 0.003911163 -0.009560779 52.47757 
1786050288.774 -0.009042121 0.00259605 -0.01142874 52.8825 
1786050288.839 -0.009033544 0.004588611 -0.01267855 53.36243 
1786050288.901 -0.004025714 0.005118124 -0.01030094 53.82006 
1786050288.966 -0.004017326 0.00304939 -0.01178848 54.29982 
1786050289.025 -0.009009797 0.005188307 -0.0111487 54.7499 
1786050289.082 -0.004002476 0.002925514 -0.01121177 55.17745 
1786050289.145 -0.003994614 0.001323265 -0.01224729 55.64989 
1786050289.204 -0.003987336 0.003390502 -0.01063323 56.09243 
1786050289.268 -0.003980263 0.004493101 -0.01080247 56.53494 
1786050289.327 -0.003972312 0.01003028 -0.01183294 57.02237 
1786050289.385 -0.003965648 0.005383609 -0.01039727 57.4426 
1786050289.439 -0.008959061 0.007264808 -0.01188738 57.86237 
1786050289.498 -0.008952088 0.007478652 -0.009232353 58.3126 
1786050289.557 -0.008945659 0.003667453 -0.01181647 58.73234 
1786050289.623 -0.003938631 0.005493155 -0.01109312 59.19743 
1786050289.677 -0.00393181 0.002677271 -0.01035093 59.65494 
1786050289.730 -0.008925958 0.001049206 -0.01199958 60.05241 
1786050289.788 -0.003919851 0.002695413 -0.01030039 60.47255 
1786050289.857 -0.003912754 0.00332317 -0.01071332 60.9674 
1786050289.910 -0.003906819 0.001722657 -0.009599385 61.38744 
1786050289.966 -0.003900755 0.003589046 -0.01202068 61.82244 
1786050290.025 -0.008895083 0.004413597 -0.01075686 62.23488 
1786050290.089 -0.003888379 0.008028037 -0.01107285 62.72986 
1786050290.162 -0.003881786 0.006010368 -0.01031722 63.23246 
1786050290.213 -0.00887589 0.006829287 -0.01034834 63.67495 
1786050290.266 -0.008870759 0.006862381 -0.01195321 64.07245 
1786050290.322 -0.008865511 0.002513057 -0.01079753 64.49233 
1786050290.385 -0.00385969 0.00476491 -0.01038373 64.9499 
1786050290.438 -0.003854793 0.005499326 -0.01043928 65.34745 
1786050290.494 -0.003849608 0.003309442 -0.01006361 65.77485 
1786050290.545 -0.00384513 0.0001280233 -0.01102523 66.1575 
1786050290.606 -0.008839757 0.005829221 -0.01079883 66.60741 
1786050290.661 -0.003834996 0.00456825 -0.01023161 67.02005 
1786050290.716 -0.003830315 0.006614291 -0.008535539 67.43229 
1786050290.767 -0.003825963 0.003693266 -0.01037626 67.83008 
1786050290.820 -0.003821521 0.007070051 -0.01042309 68.22738 
1786050290.872 -0.003817317 0.004091113 -0.008846666 68.61732 
1786050290.927 -0.003813106 0.007911423 -0.01125216 69.01499 
1786050290.984 -0.003808662 0.007128205 -0.01006292 69.44232 
1786050291.051 -0.003803776 0.00603737 -0.01049075 69.92247 
1786050291.104 -0.003799518 0.008803652 -0.009764013 70.34996 
1786050291.157 -0.003795565 0.005884262 -0.0116758 70.75487 
1786050291.220 -0.003791408 0.007900478 -0.01020307 71.18988 
1786050291.283 -0.003786858 0.006891434 -0.01046299 71.67742 
1786050291.337 -0.003783165 0.005707249 -0.01024029 72.08243 
1786050291.389 -0.003779487 0.007140593 -0.0105423 72.49485 
1786050291.455 -0.003775311 0.005571794 -0.01009252 72.97492 
1786050291.515 -0.003771686 0.005367473 -0.00843807 73.41017 
1786050291.574 -0.003767846 0.003858105 -0.0111433 73.86734 
1786050291.626 -0.003764587 0.001537578 -0.009624114 74.27246 
1786050291.678 -0.003761584 0.007955422 -0.01034583 74.65489 
1786050291.734 -0.003758426 0.004837863 -0.009484471 75.07496 
1786050291.790 -0.003755407 0.004315409 -0.009090007 75.47257 
1786050291.843 -0.003752363 0.006828152 -0.00906896 75.89244 
1786050291.895 -0.003749562 0.003888883 -0.008974687 76.28996 
1786050291.956 -0.003746738 0.004622624 -0.01044405 76.70224 
1786050292.015 -0.003743657 0.004124651 -0.007651213 77.16734 
1786050292.068 0.001258939 0.004345175 -0.01039992 77.57245 
1786050292.123 -0.00373841 0.006003187 -0.01026768 77.9999 
1786050292.185 -0.003735718 0.003882752 -0.01153025 78.44984 
1786050292.248 -0.003733127 0.005148495 -0.007864602 78.89994 
1786050292.311 0.001269402 0.01007364 -0.008634827 79.35755 
1786050292.361 -0.00372833 0.004841508 -0.009169589 79.78494 
1786050292.423 0.001273809 0.004324604 -0.008323644 80.20496 
1786050292.486 -0.003723748 0.005882712 -0.008976582 80.70743 
1786050292.545 -0.003721703 0.007296033 -0.01060184 81.15017 
1786050292.598 -0.003719886 0.00421526 -0.009045087 81.56244 
1786050292.655 -0.003718247 0.00719123 -0.008387228 81.95999 
1786050292.717 -0.003716307 0.008606904 -0.007304025 82.43997 
1786050292.777 -0.00371465 0.004160539 -0.009459673 82.88243 
1786050292.829 0.001286805 0.006266072 -0.008462594 83.29494 
1786050292.880 -0.003711923 0.007336844 -0.0101065 83.67741 
1786050292.935 -0.003710657 0.005605278 -0.00907871 84.0825 
1786050292.991 -0.003709517 0.007852019 -0.009818488 84.47992 
1786050293.049 -0.003708337 0.006514115 -0.009153523 84.90759 
1786050293.099 -0.003707307 0.005806089 -0.008901952 85.31991 
1786050293.157 -0.003706384 0.005589528 -0.003241038 85.72301 
1786050293.214 -0.003705526 0.005753458 0.002262732 86.13527 
1786050293.265 -0.003704873 0.009025947 0.008426507 86.48134 
1786050293.318 -0.003704308 0.005014637 0.006773523 86.81105 
1786050293.375 -0.003703787 0.005599101 0.01112555 87.14796 
1786050293.431 -0.003703356 0.003274007 0.01259286 87.46078 
1786050293.483 -0.003702996 0.002456352 0.01357358 87.75527 
1786050293.541 -0.003702688 0.003720161 0.01446792 88.04125 
1786050293.615 -0.003702394 0.003453846 0.01577008 88.36165 
1786050293.676 -0.003702185 0.003596887 0.01654056 88.63312 
1786050293.727 0.001297951 0.005710928 0.01868607 88.84302 
1786050293.784 0.001298058 0.00512729 0.01589339 89.0423 
1786050293.843 0.001298137 0.00206661 0.01610228 89.21969 
1786050293.900 -0.003701801 0.002190701 0.01789283 89.39515 
1786050293.951 -0.003701764 0.003242305 0.01818926 89.52714 
1786050294.002 -0.00370174 0.002621542 0.0205767 89.64086 
1786050294.061 -0.003701723 0.003386946 0.02099506 89.74943 
1786050294.116 -0.003701714 0.001660642 0.02199713 89.83432 
1786050294.172 -0.003701709 0.004751172 0.02196816 89.90599 
1786050294.223 -0.003701708 0.0004304082 0.02277442 89.95237 
1786050294.283 0.001298293 0.004328972 0.02428924 89.98613 
1786050294.343 0.01129829 0.01631957 0.0283155 89.9997 
1786050294.396 0.01629829 0.02031957 0.02663033 90 
1786050294.448 0.01629829 0.02031957 0.02409033 90 
1786050294.503 0.01629829 0.01631957 0.02282033 90 
1786050294.556 0.01629829 0.01631957 0.02155033 90 
1786050294.606 0.01629829 0.01631957 0.02155033 90 
1786050294.660 0.01629829 0.01631957 0.02155033 90 
1786050294.717 0.01629829 0.01631957 0.02028033 90 
1786050294.767 0.01629829 0.01631957 0.02028033 90 
1786050294.820 0.01629829 0.01631957 0.02028033 90 
1786050294.875 0.01629829 0.01631957 0.02028033 90 
1786050294.925 0.01629829 0.01631957 0.01901033 90 
1786050294.978 0.01629829 0.01631957 0.02028033 90 
1786050295.032 0.01629829 0.01631957 0.01901033 90 
1786050295.081 0.01629829 0.01631957 0.01901033 90 
1786050295.137 0.01629829 0.01631957 0.01901033 90 
1786050295.190 0.01129829 0.01631957 0.01901033 90 
1786050295.243 0.01629829 0.01631957 0.01774033 90 
1786050295.300 0.01629829 0.01631957 0.01774033 90 
1786050295.354 0.01629829 0.01631957 0.01774033 90 
1786050295.403 0.01629829 0.01631957 0.01774033 90 
1786050295.457 0.01129829 0.01631957 0.01774033 90 
1786050295.512 0.01129829 0.01631957 0.01774033 90 
1786050295.562 0.01629829 0.01631957 0.01647033 90 
1786050295.619 0.01629829 0.01231957 0.01647033 90 
1786050295.673 0.01129829 0.01231957 0.01647033 90 
1786050295.724 0.01129829 0.01231957 0.01647033 90 
1786050295.777 0.01129829 0.01231957 0.01647033 90 
1786050295.832 0.01129829 0.01631957 0.01520033 90 
1786050295.881 0.01129829 0.01231957 0.01520033 90 
1786050295.935 0.01129829 0.01231957 0.01520033 90 
1786050295.985 0.01129829 0.01231957 0.01520033 90 
1786050296.036 0.01629829 0.01631957 0.01520033 90 
1786050296.088 0.01629829 0.01231957 0.01520033 90 
1786050296.138 0.01129829 0.01231957 0.01520033 90 
1786050296.189 0.01129829 0.01231957 0.01520033 90 
1786050296.240 0.01129829 0.01231957 0.01393034 90 
1786050296.294 0.01129829 0.01231957 0.01393034 90 
1786050296.347 0.01129829 0.01231957 0.01393034 90 
1786050296.398 0.01129829 0.01231957 0.01393034 90 
1786050296.450 0.01129829 0.01231957 0.01393034 90 
1786050296.502 0.01129829 0.01231957 0.01393034 90 
1786050296.556 0.01129829 0.01231957 0.01393034 90 
1786050296.607 0.01129829 0.01231957 0.01393034 90 
1786050296.661 0.01129829 0.01231957 0.01393034 90 
1786050296.720 0.01129829 0.01231957 0.01393034 90 
1786050296.770 0.01629829 0.01231957 0.01393034 90 
1786050296.821 0.01129829 0.01231967 0.01571505 89.99855 
1786050296.880 0.01129829 0.01233585 0.01833096 89.98177 
1786050296.937 0.01129829 0.01247001 0.02105914 89.9437 
1786050296.992 0.01129829 0.01289263 0.02209031 89.8917 
1786050297.044 0.01129828 0.009903894 0.02133612 89.81989 
1786050297.096 0.001298275 0.003740947 0.01718251 89.73538 
1786050297.153 -0.003701743 -0.0008527916 0.01512638 89.62619 
1786050297.205 -0.008701769 -0.003850312 0.01545665 89.50795 
1786050297.256 -0.01370181 -0.008668524 0.01506747 89.37622 
1786050297.312 -0.01370186 -0.00993339 0.01483228 89.21971 
1786050297.373 -0.01370195 -0.00991346 0.01455392 89.03215 
1786050297.427 -0.01370206 -0.01215758 0.01416556 88.82434 
1786050297.480 -0.0137022 -0.01311434 0.01472079 88.60874 
1786050297.541 -0.0137024 -0.0111209 0.01466491 88.35291 
1786050297.603 -0.01370266 -0.009783969 0.01487485 88.0704 
1786050297.654 -0.01370294 -0.008728455 0.01573416 87.80695 
1786050297.710 -0.01370327 -0.00883716 0.01535485 87.52661 
1786050297.769 -0.01370373 -0.009685397 0.01537613 87.18907 
1786050297.832 -0.008704288 -0.006827258 0.01388197 86.82343 
1786050297.885 -0.01370489 -0.008738216 0.01554404 86.47485 
1786050297.941 -0.01370561 -0.01070568 0.01519768 86.09438 
1786050297.995 -0.0087064 -0.01141558 0.01518195 85.71623 
1786050298.053 -0.01370734 -0.007332927 0.01508332 85.30512 
1786050298.107 -0.0137084 -0.01027986 0.009634779 84.88507 
1786050298.159 -0.01370945 -0.008184323 0.006806709 84.48755 
1786050298.215 -0.01371068 -0.01006305 0.007286501 84.07512 
1786050298.272 -0.008711947 -0.008036376 0.004957049 83.66997 
1786050298.329 -0.01371335 -0.008220354 0.005518189 83.25001 
1786050298.378 -0.008714786 -0.009758005 0.005820215 82.84508 
1786050298.437 -0.008716307 -0.007393096 0.004125969 82.43972 
1786050298.500 -0.01371825 -0.00880877 0.004312765 81.95249 
1786050298.558 -0.01372014 -0.01032198 0.00570726 81.50272 
1786050298.609 -0.01372184 -0.01082066 0.005488761 81.11248 
1786050298.666 -0.008723819 -0.00854605 0.006588068 80.69252 
1786050298.727 -0.008725818 -0.01174621 0.005324122 80.27264 
1786050298.780 -0.008728096 -0.00773994 0.007030769 79.83004 
1786050298.834 -0.008730153 -0.007202114 0.006634773 79.43254 
1786050298.892 -0.01373254 -0.007496749 0.004459637 79.00493 
1786050298.968 -0.008735542 -0.009314641 0.004747852 78.4724 
1786050299.031 -0.008738547 -0.007782468 0.004992211 77.97752 
1786050299.089 -0.00874125 -0.007466876 0.006292212 77.54254 
1786050299.142 -0.008743999 -0.01046294 0.005852366 77.11506 
1786050299.197 -0.008746688 -0.009032529 0.005841838 76.71032 
1786050299.253 -0.008749458 -0.008003977 0.00468694 76.30485 
1786050299.306 -0.008752309 -0.009171848 0.006171032 75.89252 
1786050299.357 -0.01375513 -0.008281943 0.004829061 75.50992 
1786050299.413 -0.008758256 -0.007597704 0.005955328 75.09 
1786050299.473 -0.008761642 -0.008930297 0.006015761 74.6476 
1786050299.529 -0.01376489 -0.009487777 0.004483463 74.2349 
1786050299.578 -0.008768029 -0.009116809 0.006987167 73.84509 
1786050299.637 -0.008771561 -0.006618703 0.0059298 73.41756 
1786050299.702 -0.01377563 -0.008892611 0.005983419 72.93005 
1786050299.757 -0.01377935 -0.006108719 0.005884875 72.51014 
1786050299.809 -0.0137829 -0.009922389 0.006465019 72.11262 
1786050299.869 -0.008786927 -0.007906003 0.005266616 71.67015 
1786050299.941 -0.008791692 -0.009903405 0.005628401 71.15246 
1786050300.002 -0.008796218 -0.009345644 0.004675905 70.68757 
1786050300.054 -0.008800184 -0.007907947 0.005696837 70.28249 
1786050300.110 -0.008804305 -0.008934537 0.003959009 69.86244 
1786050300.167 -0.008808662 -0.008871795 0.005121492 69.43501 
1786050300.225 -0.008813106 -0.008088577 0.005257826 69.01507 
1786050300.280 -0.008817637 -0.006632137 0.006563333 68.58757 
1786050300.334 -0.008822011 -0.007389679 0.006333592 68.18255 
1786050300.389 -0.008826628 -0.009496664 0.00549385 67.76262 
1786050300.446 -0.008831329 -0.007649092 0.005750985 67.34267 
1786050300.500 -0.008835941 -0.00680262 0.004655754 66.93749 
1786050300.553 -0.008840543 -0.007928516 0.005754788 66.54013 
1786050300.609 -0.008845486 -0.007919466 0.005411642 66.11998 
1786050300.670 -0.008850331 -0.006697705 0.005367946 65.71492 
1786050300.725 -0.008855895 -0.007969693 0.005380751 65.25749 
1786050300.776 -0.008860809 -0.005533269 0.0052347 64.86012 
1786050300.835 -0.008866175 -0.008673923 0.005278749 64.43251 
1786050300.897 -0.008871818 -0.008472653 0.004148931 63.98269 
1786050300.950 -0.008877258 -0.007999127 0.00575787 63.57011 
1786050301.003 -0.00888248 -0.007594294 0.005680101 63.16505 
1786050301.066 -0.008888581 -0.01023358 0.004363153 62.70758 
1786050301.135 -0.008895186 -0.01245563 0.002587701 62.21961 
1786050301.194 -0.008901378 -0.005358713 0.00427092 61.77742 
1786050301.247 -0.008907662 -0.009259425 0.005807997 61.32756 
1786050301.302 -0.008913502 -0.005915849 0.004912782 60.91515 
1786050301.360 -0.008919418 -0.008042411 0.004825327 60.50262 
1786050301.413 -0.0089253 -0.00863276 0.004603175 60.09751 
1786050301.468 -0.008931477 -0.004940954 0.00607015 59.67012 
1786050301.522 -0.003937507 -0.009289301 0.005827673 59.26518 
1786050301.581 -0.008944064 -0.004985874 0.006137904 58.83773 
1786050301.633 -0.008950013 -0.004777662 0.005025344 58.44751 
1786050301.683 -0.008956028 -0.00790451 0.005025722 58.05752 
1786050301.740 -0.00896258 -0.004553817 0.005706192 57.63759 
1786050301.792 -0.008968733 -0.009547309 0.00451975 57.24752 
1786050301.848 -0.008975191 -0.008119336 0.005913027 56.84263 
1786050301.898 -0.008981598 -0.008485026 0.004189796 56.44501 
1786050301.958 -0.008988563 -0.01014301 0.004958615 56.01741 
1786050302.019 -0.00899598 -0.005787165 0.004407366 55.56771 
1786050302.071 -0.004002853 -0.009122106 0.003284169 55.15453 
1786050302.124 -0.009009543 -0.007279452 0.005360964 54.75756 
1786050302.190 -0.004017839 -0.006905133 0.003930954 54.26995 
1786050302.261 -0.009026753 -0.007577132 0.003339837 53.74497 
1786050302.328 -0.004035121 -0.006409021 0.002784833 53.26472 
1786050302.380 -0.004042918 -0.005268004 0.005234889 52.83003 
1786050302.435 -0.009050124 -0.004960556 0.00503305 52.42512 
1786050302.492 -0.009057532 -0.01010876 0.004023037 52.01253 
1786050302.555 -0.009065692 -0.009586296 0.00473832 51.55491 
1786050302.606 -0.009073519 -0.00483785 0.00457075 51.13499 
1786050302.661 -0.004081001 -0.007833379 0.004780626 50.73009 
1786050302.721 -0.004089391 -0.00950124 0.003271635 50.27985 
1786050302.777 -0.009097152 -0.007324369 0.003906773 49.86756 
1786050302.828 -0.009104693 -0.003017057 0.004933153 49.47006 
1786050302.878 -0.00911172 -0.008970822 0.003619505 49.10266 
1786050302.933 -0.004119525 -0.002429344 0.004110203 48.69751 
1786050302.986 -0.009127246 -0.0077821 0.003313333 48.30006 
1786050303.039 -0.004135322 -0.005300489 0.003750895 47.88759 
1786050303.094 -0.009143315 -0.006863861 0.004001734 47.48254 
1786050303.152 -0.009151818 -0.00681076 0.003097277 47.05516 
1786050303.206 -0.004159937 -0.008174617 0.003852984 46.65014 
1786050303.256 -0.004167661 -0.008982154 0.004202587 46.25997 
1786050303.312 -0.009175899 -0.003755788 0.002540031 45.86246 
1786050303.369 -0.004184659 -0.006650891 0.00200997 45.43511 
1786050303.420 -0.004192864 -0.005866673 0.002717081 45.03003 
1786050303.473 -0.004201127 -0.001504849 0.002947396 44.63993 
1786050303.537 -0.004210549 -0.005738821 0.003462789 44.17519 
1786050303.605 -0.009221633 -0.005070782 0.001552946 43.66512 
1786050303.656 -0.00423025 -0.007325994 0.002971411 43.26006 
1786050303.714 -0.004239086 -0.007814271 0.002224695 42.84742 
1786050303.776 -0.00924928 -0.008958166 0.001187244 42.37502 
1786050303.833 -0.009258733 -0.003612499 -2.291092e-05 41.94002 
1786050303.887 -0.004267263 -0.002517463 0.0008653891 41.55009 
1786050303.942 -0.009276672 -0.005456451 -0.0007814814 41.12252 
1786050303.995 -0.004285476 -0.00414244 -0.0002443986 40.71786 
1786050304.054 -0.009294836 -0.004353594 6.807945e-05 40.30511 
1786050304.106 -0.004304255 -0.001591853 -0.0006113286 39.88507 
1786050304.159 -0.009313052 -0.009414145 -0.003195464 39.48755 
1786050304.214 -0.004322411 -0.006018525 -0.002584284 39.08249 
1786050304.271 -0.004331824 -0.008140934 -0.003449223 38.66994 
1786050304.323 -0.004341292 -0.003874562 -0.004595412 38.2575 
1786050304.376 -0.009350467 -0.003621939 -0.0042891 37.86013 
1786050304.435 -0.00936039 -0.004550915 -0.005488689 37.43251 
1786050304.497 -0.00937072 -0.006015015 -0.006030199 36.98255 
1786050304.549 -0.004380405 -0.001951927 -0.006059141 36.57763 
1786050304.602 -0.004390141 -0.006440819 -0.005608289 36.16503 
1786050304.663 -0.004400643 -0.006696628 -0.005187651 35.7151 
1786050304.719 -0.009410665 -0.008511596 -0.006079949 35.29496 
1786050304.769 -0.004420017 -0.004568323 -0.006521619 34.91256 
1786050304.829 -0.004430501 -0.003607732 -0.006222653 34.47006 
1786050304.890 -0.004441587 -0.005017555 -0.005822686 34.02 
1786050304.950 -0.004452549 -0.003356984 -0.00658291 33.56997 
1786050305.002 -0.004462465 -0.005704009 -0.006628739 33.16506 
1786050305.057 -0.004472056 -0.002592356 -0.005984649 32.76737 
1786050305.120 -0.004483918 -0.00883763 -0.006269598 32.28775 
1786050305.176 -0.004494163 -0.00809072 -0.006516051 31.87506 
1786050305.228 -0.004504454 -0.006378524 -0.005969974 31.4625 
1786050305.280 -0.004514037 -0.004188144 -0.006645687 31.08749 
1786050305.336 -0.004524414 -0.006182976 -0.006230186 30.67512 
1786050305.387 -0.004534077 -0.004742027 -0.005736689 30.29256 
1786050305.440 -0.004544349 -0.002887618 -0.005596273 29.88763 
1786050305.492 -0.009554281 -0.002145132 -0.006081912 29.49755 
1786050305.551 -0.004565595 -0.009214852 -0.006181289 29.05516 
1786050305.604 -0.004575994 -0.007267032 -0.006765756 28.64995 
1786050305.653 -0.004585464 -0.006550508 -0.006531349 28.28254 
1786050305.710 -0.004595939 -0.006031509 -0.007320342 27.87754 
1786050305.767 -0.004606843 -0.007504921 -0.006405282 27.45747 
1786050305.819 -0.004617788 -0.001030718 -0.005545145 27.03757 
1786050305.872 -0.004627793 -0.004857921 -0.006427222 26.64747 
1786050305.937 -0.004640197 -0.00533237 -0.007796359 26.18248 
1786050306.002 -0.004652454 -0.006653339 -0.006097494 25.71003 
1786050306.053 -0.004663764 -0.004322097 -0.005986873 25.29008 
1786050306.108 -0.004674716 -0.004721567 -0.006102345 24.87754 
1786050306.166 -0.004686304 -0.003458785 -0.005986084 24.44272 
1786050306.219 -0.004696527 -0.002988315 -0.006520553 24.05992 
1786050306.270 -0.004707385 -0.001315763 -0.006374498 23.65503 
1786050306.325 -0.004718277 -0.002632157 -0.005606694 23.24258 
1786050306.382 -0.004729404 -0.005387356 -0.00614601 22.83014 
1786050306.433 -0.004740158 -0.006130327 -0.005784878 22.43252 
1786050306.488 -0.009750944 -0.006281162 -0.006240497 22.04258 
1786050306.544 -0.004762781 -0.005470192 -0.006345658 21.6076 
1786050306.605 -0.004775064 -0.003536805 -0.006020392 21.15746 
1786050306.659 -0.004786151 -0.002086447 -0.006644434 20.75246 
1786050306.715 -0.004797886 -0.004841066 -0.006418553 20.32509 
1786050306.769 -0.004809241 -0.00435437 -0.005809918 19.91254 
1786050306.830 -0.004821246 -0.007454342 -0.006748145 19.47754 
1786050306.884 -0.004832868 -0.007768459 -0.006807989 19.05756 
1786050306.937 -0.004844104 -0.01002561 -0.006827917 18.65254 
1786050306.992 -0.004855365 -0.003156762 -0.006793396 18.24752 
1786050307.059 -0.004869166 -0.003512609 -0.006400236 17.75249 
1786050307.115 -0.004881115 -0.001392514 -0.006512912 17.32524 
1786050307.165 -0.00489183 -0.002984148 -0.006825396 16.94267 
1786050307.226 -0.004904253 -0.006378979 -0.006520079 16.50005 
1786050307.289 -0.004917127 -0.003634767 -0.006421624 16.04254 
1786050307.354 -0.004930454 -0.001895806 -0.006128996 15.56257 
1786050307.404 -0.004942326 -0.002943915 -0.006693007 15.15005 
1786050307.459 -0.004953796 -0.0002538895 -0.007319984 14.74494 
1786050307.518 -0.004966353 -0.002062767 -0.007074565 14.3025 
1786050307.577 -0.004978508 -0.003911062 -0.006220131 13.86761 
1786050307.628 -0.004990044 -0.005514711 -0.006113763 13.47011 
1786050307.680 -0.005000957 -0.00532163 -0.007007244 13.0876 
1786050307.737 -0.005012959 -0.004102835 -0.007153432 12.66012 
1786050307.796 -0.005025625 -0.005933789 -0.006939154 12.22513 
1786050307.852 -0.005037883 -0.0009523402 -0.006707479 11.79751 
1786050307.901 -0.00504865 -0.0004494202 -0.005833763 11.42253 
1786050307.955 -0.005059864 -0.002800899 -0.006157387 11.03246 
1786050308.013 -0.005072389 -0.01068831 -0.007658182 10.59752 
1786050308.064 -0.005083634 -0.00714063 -0.005842354 10.20753 
1786050308.118 -0.005095109 -0.006208648 -0.006885064 9.80249 
1786050308.183 -0.0051092 -0.004246209 -0.007501041 9.322538 
1786050308.251 -0.005123529 -0.00765483 -0.007183536 8.82001 
1786050308.303 -0.005135702 -0.00280912 -0.006738091 8.407526 
1786050308.355 -0.0051468 -0.005764543 -0.00726537 8.017552 
1786050308.418 -0.005159869 -0.005682154 -0.007307291 7.56749 
1786050308.490 -0.00517557 -0.004630624 -0.006894477 7.035218 
1786050308.556 -0.005189542 -0.004204102 -0.00643988 6.555129 
1786050308.606 -0.005201778 -0.003216272 -0.006925882 6.13502 
1786050308.660 -0.005213587 5.371058e-05 -0.006253276 5.730026 
1786050308.723 -0.005226936 -0.006407578 -0.007084349 5.272333 
1786050308.779 -0.005239419 -0.006349956 -0.00686272 4.844993 
1786050308.830 -0.005250814 -0.0101012 -0.006384243 4.455035 
1786050308.884 -0.005262653 -0.004930043 -0.007160901 4.050145 
1786050308.940 -0.005274937 -0.002817654 -0.007167006 3.630069 
1786050309.001 -0.005287886 -0.00184255 -0.007186133 3.180072 
1786050309.057 -0.005300181 -0.003685156 -0.007481254 2.760015 
1786050309.111 -0.01031226 -0.006530172 -0.006634735 2.354976 
1786050309.165 -0.005324345 -0.01075161 -0.006406019 1.942546 
1786050309.221 -0.005336431 -0.006409459 -0.007554225 1.530107 
1786050309.274 -0.00534808 -0.005585643 -0.006651789 1.132678 
1786050309.330 -0.01035995 -0.006470871 -0.006679723 0.7198758 
1786050309.384 -0.005372262 -0.003175419 -0.007032047 0.3075761 
1786050309.442 -0.005383914 -0.005754939 -0.006618091 -0.08992423 
1786050309.494 -0.005396666 -0.006420784 -0.006988388 -0.5249268 
1786050309.549 -0.005408317 -0.009173841 -0.007158818 -0.9224588 
1786050309.612 -0.005421726 -0.008354921 -0.00655057 -1.379967 
1786050309.699 -0.005437988 -0.008499271 -0.007676018 -1.942695 
1786050309.767 -0.005456002 -0.002001339 -0.007630664 -2.550179 
1786050309.829 -0.005469617 -0.001745795 -0.008278353 -3.015026 
1786050309.884 -0.005481909 -0.006078301 -0.008481005 -3.434977 
1786050309.950 -0.00549639 -0.00451995 -0.00867353 -3.93001 
1786050310.010 -0.005509546 -0.007794519 -0.008332631 -4.379958 
1786050310.071 -0.005522914 -0.006740343 -0.009669025 -4.837371 
1786050310.132 -0.005536273 0.0005891228 -0.008524489 -5.295035 
1786050310.188 -0.00554809 -0.002426663 -0.008578076 -5.699964 
1786050310.247 -0.005561211 -0.004538286 -0.009561715 -6.149815 
1786050310.301 -0.005573666 -0.005905409 -0.00941454 -6.577445 
1786050310.362 -0.005585891 -0.006994205 -0.009189367 -6.997469 
1786050310.427 -0.0005998499 -0.005102827 -0.009039838 -7.484932 
1786050310.483 -0.0006129222 -0.004486953 -0.008499585 -7.927337 
1786050310.539 -0.0006253276 -0.001684051 -0.009369842 -8.362432 
1786050310.596 -0.0006372849 -0.003557827 -0.0092389 -8.767697 
1786050310.662 -0.000651616 -0.006510212 -0.009139453 -9.262354 
1786050310.728 -0.0006648435 -0.008236913 -0.008586249 -9.720277 
1786050310.784 -0.000678053 -0.005416581 -0.007871371 -10.17741 
1786050310.838 -0.0006903792 -0.003290044 -0.009033061 -10.60494 
1786050310.897 -0.0007024724 -0.004449977 -0.008697385 -11.03252 
1786050310.962 -0.0007154102 -0.00272521 -0.009565271 -11.47491 
1786050311.029 -0.0007306932 -0.003878395 -0.009161583 -12.00748 
1786050311.081 -0.0007425115 -0.006748954 -0.01005753 -12.41991 
1786050311.140 -0.0007540967 -0.006136564 -0.01024765 -12.82499 
1786050311.200 -0.0007678032 -0.004396863 -0.009399643 -13.30492 
1786050311.258 -0.0007802012 -0.004540522 -0.008625505 -13.73989 
1786050311.316 -0.00079215 -0.002499982 -0.009067627 -14.15991 
1786050311.375 -0.0008053531 -0.004878658 -0.009728462 -14.62505 
1786050311.437 -0.0008183161 -0.009134036 -0.00974404 -15.0823 
1786050311.518 -0.0008329455 -0.007632113 -0.009514838 -15.66006 
1786050311.586 -0.0008494387 -0.005164344 -0.009682658 -16.19247 
1786050311.653 -0.005863778 -0.006639004 -0.00975611 -16.69493 
1786050311.729 -0.0008778682 -0.003525958 -0.009050057 -17.20496 
1786050311.795 -0.005893805 -0.003762013 -0.009156239 -17.76738 
1786050311.862 -0.005907813 -0.008468748 -0.0107002 -18.26982 
1786050311.934 -0.0009217804 -0.01291038 -0.009003479 -18.77257 
1786050312.000 -0.005936121 -0.006024665 -0.01013922 -19.29739 
1786050312.051 -0.0009475199 -0.005035679 -0.01000152 -19.70241 
1786050312.117 -0.0009611595 -0.004057916 -0.009412797 -20.19731 
1786050312.188 -0.005974756 -0.003346326 -0.009703906 -20.69248 
1786050312.253 -0.0009883079 -0.007094722 -0.009532599 -21.18759 
1786050312.317 -0.001001202 -0.01256032 -0.01056752 -21.66007 
1786050312.377 -0.001014053 -0.003183563 -0.009599092 -22.13996 
1786050312.435 -0.001025644 -0.004432886 -0.00966768 -22.56007 
1786050312.500 -0.001038818 -0.005832325 -0.009496962 -23.05489 
1786050312.556 -0.001049927 -0.002669951 -0.00946767 -23.45992 
1786050312.614 -0.006061806 -0.005920022 -0.01008441 -23.90262 
1786050312.676 -0.006074046 -0.00841581 -0.01075153 -24.36006 
1786050312.735 -0.001085841 -0.007574963 -0.01005152 -24.80248 
1786050312.790 -0.0010968 -0.006694647 -0.009737306 -25.21499 
1786050312.849 -0.001109108 -0.003945996 -0.01074462 -25.67993 
1786050312.914 -0.001121763 -0.006971949 -0.01065758 -26.16002 
1786050312.983 -0.001135153 -0.005816318 -0.009605885 -26.67012 
1786050313.047 -0.0061477 -0.005498761 -0.009193756 -27.14994 
1786050313.099 -0.001158439 -0.006364841 -0.01123492 -27.56241 
1786050313.158 -0.001169527 -0.008763642 -0.01026844 -27.99004 
1786050313.219 -0.001181151 -0.00876614 -0.0101097 -28.44012 
1786050313.287 -0.001194265 -0.004167973 -0.009453813 -28.94997 
1786050313.349 -0.006206166 -0.002705593 -0.01039216 -29.42252 
1786050313.401 -0.001216678 0.0003100428 -0.01108332 -29.82746 
1786050313.460 -0.001227336 -0.00409523 -0.01082219 -30.24742 
1786050313.517 -0.006238516 -0.004845747 -0.01098275 -30.6897 
1786050313.575 -0.001249269 -0.007304608 -0.009699523 -31.12501 
1786050313.626 -0.001259223 -0.006044928 -0.01057778 -31.51494 
1786050313.678 -0.006268763 -0.008201194 -0.01209657 -31.89739 
1786050313.737 -0.001279377 -0.008966039 -0.01052422 -32.32501 
1786050313.795 -0.006289942 -0.003279744 -0.0100721 -32.75256 
1786050313.850 -0.006300456 -0.007254634 -0.009398541 -33.18038 
1786050313.899 -0.00130982 -0.006881291 -0.01130702 -33.56994 
1786050313.955 -0.006319689 -0.009925759 -0.01166864 -33.96748 
1786050314.010 -0.001329693 -0.008616769 -0.01051354 -34.38753 
1786050314.061 -0.006339107 -0.00946338 -0.01047737 -34.77002 
1786050314.117 -0.001349194 -0.006845669 -0.01230834 -35.18988 
1786050314.182 -0.00636066 -0.007056054 -0.01095653 -35.67752 
1786050314.243 -0.00137099 -0.004104048 -0.009453238 -36.10505 
1786050314.294 -0.001380911 -0.00141575 -0.01135474 -36.525 
1786050314.354 -0.006391129 -0.001876147 -0.01139994 -36.96744 
1786050314.413 -0.001401289 -0.008096214 -0.01011492 -37.40236 
1786050314.473 -0.001411564 -0.0070972 -0.01081792 -37.84485 
1786050314.527 -0.001421605 -0.005440228 -0.01088325 -38.27239 
1786050314.582 -0.001430556 -0.003895069 -0.01150506 -38.66241 
1786050314.641 -0.001440995 -0.006307305 -0.01053585 -39.11982 
1786050314.698 -0.001450518 -0.003486179 -0.01116868 -39.54738 
1786050314.749 -0.00145931 -0.0004041608 -0.0113935 -39.93747 
1786050314.801 -0.001468051 0.001138571 -0.00981232 -40.31986 
1786050314.856 -0.001477242 0.0003507544 -0.01131567 -40.73989 
1786050314.906 -0.001485715 0.002573066 -0.01126843 -41.11496 
1786050314.957 -0.001494137 -0.00478915 -0.01129295 -41.49741 
1786050315.014 -0.001503492 -0.002112685 -0.01121388 -41.92488 
1786050315.074 -0.001512622 -0.002400416 -0.01010557 -42.3449 
1786050315.130 -0.001522014 -0.005836862 -0.0107662 -42.78753 
1786050315.179 -0.001530219 -0.001766222 -0.01063346 -43.16248 
1786050315.230 -0.001538372 -0.0006582215 -0.01134898 -43.54485 
1786050315.283 -0.001546315 -0.001399095 -0.01099673 -43.92746 
1786050315.336 -0.001555152 0.004096538 -0.01002692 -44.33991 
1786050315.392 -0.001563769 0.001971687 -0.01205844 -44.75242 
1786050315.463 -0.001574494 -0.001767811 -0.01007456 -45.26997 
1786050315.527 -0.001584201 -0.00384875 -0.009829015 -45.74239 
1786050315.578 -0.001592609 -0.002117722 -0.01101935 -46.15497 
1786050315.631 -0.0016005 -0.006998653 -0.01100815 -46.54503 
1786050315.687 -0.001608785 -0.0006720988 -0.01039526 -46.95718 
1786050315.742 -0.001616858 -0.002936658 -0.0105592 -47.36246 
1786050315.793 -0.001624868 -0.000991814 -0.0114194 -47.76742 
1786050315.848 -0.00163267 0.001081741 -0.009545545 -48.16505 
1786050315.908 -0.001640994 -0.001226657 -0.01030705 -48.60012 
1786050315.960 -0.001648959 -9.718935e-06 -0.01079882 -49.01241 
1786050316.016 -0.001657144 0.003281297 -0.01079854 -49.43238 
1786050316.077 -0.001665684 -0.00275202 -0.009868542 -49.89014 
1786050316.134 -0.001673723 -0.002452897 -0.01037503 -50.31002 
1786050316.187 -0.001681133 -0.003171109 -0.009474356 -50.70748 
1786050316.243 -0.001689033 -0.002413026 -0.01066924 -51.13506 
1786050316.295 -0.001696313 -6.00241e-06 -0.01218844 -51.53238 
1786050316.353 -0.001703801 -0.001912867 -0.01069147 -51.94485 
1786050316.407 -0.001711086 0.001441897 -0.0115964 -52.34988 
1786050316.457 -0.001718172 -0.001308215 -0.01045736 -52.74756 
1786050316.514 -0.001725457 0.002013203 -0.01093663 -53.16746 
1786050316.573 -0.001732803 0.0009594496 -0.01072141 -53.58007 
1786050316.627 -0.001740334 -0.0006119321 -0.009946019 -54.01491 
1786050316.679 -0.001747148 -0.007265995 -0.01182063 -54.41237 
1786050316.742 -0.001754783 -0.005035807 -0.009015557 -54.87008 
1786050316.804 -0.001762708 -0.003647409 -0.009333446 -55.33504 
1786050316.854 -0.001769178 -0.003878265 -0.0110881 -55.72493 
1786050316.907 -0.001775584 -0.004390367 -0.01035185 -56.12248 
1786050316.966 -0.001782653 -0.002288816 -0.01101531 -56.54991 
1786050317.028 -0.001789761 -0.0007385971 -0.01066039 -56.99254 
1786050317.078 -0.001796312 -0.001673998 -0.01001068 -57.40488 
1786050317.135 -0.001802672 -0.002983723 -0.008181238 -57.81035 
1786050317.192 -0.001809309 0.0004731529 -0.0102195 -58.23732 
1786050317.252 -0.001816323 5.370057e-05 -0.01019988 -58.69489 
1786050317.304 -0.001822455 -0.004666966 -0.01110133 -59.09991 
1786050317.360 -0.001828628 -0.005834537 -0.01005112 -59.51992 
1786050317.413 -0.001834615 -0.006374371 -0.01033109 -59.91747 
1786050317.466 -0.001840203 -0.007173051 -0.01143812 -60.29981 
1786050317.517 -0.001845941 -0.003279345 -0.01030614 -60.69739 
1786050317.570 -0.001851608 -0.004849414 -0.01165045 -61.09486 
1786050317.628 -0.001857625 -0.003812573 -0.009321438 -61.52247 
1786050317.681 -0.001863145 -0.001491856 -0.01080952 -61.91986 
1786050317.731 -0.00186839 -0.0038168 -0.009974096 -62.30246 
1786050317.789 -0.001874173 -0.003278913 -0.009802848 -62.72988 
1786050317.852 -0.001880072 -0.004704144 -0.008928566 -63.17232 
1786050317.902 -0.001885392 -0.0005646326 -0.009757979 -63.58494 
1786050317.954 -0.001890541 -0.001199084 -0.0114582 -63.97496 
1786050318.014 -0.001896093 -0.0009636539 -0.01063925 -64.40986 
1786050318.084 -0.001902397 -0.003170082 -0.009373628 -64.91986 
1786050318.141 -0.001907668 -0.006266983 -0.01037832 -65.33999 
1786050318.194 -0.001912944 -0.006560319 -0.01006361 -65.77497 
1786050318.252 -0.001917955 -0.00960095 -0.01034721 -66.20256 
1786050318.314 -0.001923319 -0.005145583 -0.008386139 -66.65246 
1786050318.372 -0.001928414 -0.004142137 -0.01082911 -67.0949 
1786050318.424 -0.001932996 -0.001042313 -0.008337334 -67.50003 
1786050318.477 -0.001937335 -0.004347973 -0.01037187 -67.88985 
1786050318.532 -0.001941764 -0.002828847 -0.01057393 -68.30245 
1786050318.584 -0.001946036 -0.002508413 -0.01004686 -68.69255 
1786050318.636 -0.001950154 -0.005045638 -0.009693256 -69.08998 
1786050318.693 -0.001954584 -0.001887943 -0.009649458 -69.50996 
1786050318.753 -0.001959078 -0.003671474 -0.009505936 -69.95249 
1786050318.808 -0.001963108 0.002062749 -0.009938914 -70.3574 
1786050318.858 -0.001966987 -0.001135138 -0.0104058 -70.75498 
1786050318.916 -0.001971073 -0.0006925792 -0.009827223 -71.18241 
1786050318.976 -0.001975071 -0.001153189 -0.008658722 -71.60988 
1786050319.030 -0.001978845 -0.004468419 -0.009442142 -72.02243 
1786050319.082 -0.001982469 -0.004272822 -0.008346538 -72.42764 
1786050319.144 -0.001986467 -0.0007287778 -0.0110187 -72.88494 
1786050319.212 -0.001990677 -0.004615727 -0.008775282 -73.37993 
1786050319.281 -0.001994707 -0.003444512 -0.008299844 -73.88276 
1786050319.335 -0.001998263 -0.007946074 -0.008528945 -74.31003 
1786050319.389 -0.002001549 -0.004355041 -0.01007926 -74.73746 
1786050319.444 -0.002004691 -0.004156089 -0.007597913 -75.14253 
1786050319.500 -0.002007805 -0.005556151 -0.009269966 -75.56248 
1786050319.552 -0.002010671 -0.006184112 -0.009868849 -75.95996 
1786050319.604 -0.002013355 -0.005608202 -0.007536729 -76.34269 
1786050319.661 -0.002016268 -0.005169709 -0.009966401 -76.7699 
1786050319.713 -0.002018847 -0.004704081 -0.007351318 -77.16005 
1786050319.768 -0.002021397 -0.005679291 -0.00967148 -77.55748 
1786050319.820 -0.002023959 -0.004217274 -0.008550103 -77.96993 
1786050319.881 -0.00202657 -0.001673807 -0.009826199 -78.40497 
1786050319.943 -0.00202917 -0.0009995393 -0.008311226 -78.85508 
1786050319.996 -0.002031547 -0.003140463 -0.008765943 -79.28236 
1786050320.047 -0.002033635 -0.0003979005 -0.009184362 -79.67246 
1786050320.103 -0.00203576 -0.002562344 -0.00934925 -80.08478 
1786050320.158 -0.002037799 -0.001104928 -0.007297001 -80.49751 
1786050320.210 -0.002039683 -0.001324088 -0.007617522 -80.89504 
1786050320.265 -0.00204152 0.001566066 -0.008706916 -81.3 
1786050320.329 -0.002043401 0.0008008706 -0.005706854 -81.73514 
1786050320.380 -0.002045186 -0.00226201 -0.01044472 -82.17001 
1786050320.434 -0.002046762 0.002696595 -0.01116719 -82.57495 
1786050320.494 -0.002048362 0.0002455682 -0.00794414 -83.00991 
1786050320.556 -0.00204989 0.0002328759 -0.00804628 -83.45263 
1786050320.606 -0.002051226 0.003306103 -0.008430305 -83.86494 
1786050320.663 -0.002052475 0.005848084 -0.008051226 -84.27723 
1786050320.721 -0.002053719 0.003346138 -0.008930258 -84.71984 
1786050320.779 -0.002054825 0.002699724 -0.009171522 -85.14745 
1786050320.830 -0.002055747 0.002816093 -0.004972408 -85.53472 
1786050320.881 -0.002056562 0.00242858 -0.003248089 -85.90728 
1786050320.936 -0.002057288 0.001048726 0.005035636 -86.27694 
1786050320.992 -0.002057939 0.001464743 0.01011925 -86.6292 
1786050321.046 -0.002058497 -3.731435e-05 0.01179568 -86.96981 
1786050321.098 -0.002058962 0.0008389391 0.01418669 -87.28673 
1786050321.161 0.002940606 0.003342744 0.01396299 -87.61835 
1786050321.219 0.002940258 0.005754317 0.01346668 -87.92322 
1786050321.279 0.002939981 0.006633494 0.01451634 -88.20273 
1786050321.330 0.00293977 0.006924325 0.0176872 -88.4491 
1786050321.388 0.0029396 0.00747173 0.01745288 -88.68146 
1786050321.448 0.002939465 0.00513075 0.01823128 -88.8983 
1786050321.500 0.002939366 0.004485725 0.01628638 -89.0958 
1786050321.552 0.002939296 0.005384915 0.01869948 -89.25896 
1786050321.616 0.002939237 0.004685214 0.01832014 -89.43233 
1786050321.689 0.002939197 0.004365338 0.02150765 -89.59372 
1786050321.756 0.002939173 0.004961866 0.02082584 -89.73357 
1786050321.806 0.002939163 0.006896333 0.0214536 -89.82285 
1786050321.861 0.002939158 0.003868461 0.02207475 -89.89284 
1786050321.923 0.002939156 0.004296048 0.02337415 -89.94774 
1786050321.981 0.002939155 0.004419587 0.02278025 -89.98572 
1786050322.032 0.002939155 0.008429521 0.02386989 -89.99913 
1786050322.083 0.002939155 0.008429558 0.02155033 -90 
1786050322.140 0.002939155 0.008429558 0.01901033 -90 
1786050322.194 0.002939155 0.004429558 0.01774033 -90 
1786050322.248 0.002939155 0.004429558 0.01647033 -90 
1786050322.297 0.002939155 0.004429558 0.01647033 -90 
1786050322.349 0.002939155 0.004429558 0.01647033 -90 
1786050322.402 0.002939155 0.008429558 0.01647033 -90 
1786050322.451 0.007939155 0.008429558 0.01647033 -90 
1786050322.504 0.007939155 0.008429558 0.01520033 -90 
1786050322.560 0.002939155 0.008429558 0.01520033 -90 
1786050322.610 0.002939155 0.008429558 0.01520033 -90 
1786050322.665 0.002939155 0.004429558 0.01520033 -90 
1786050322.720 0.007939155 0.008429558 0.01520033 -90 
1786050322.770 0.007939155 0.008429558 0.01520033 -90 
1786050322.825 0.002939155 0.004429558 0.01520033 -90 
1786050322.878 0.002939155 0.008429558 0.01393034 -90 
1786050322.928 0.002939155 0.004429558 0.01393034 -90 
1786050322.983 0.002939155 0.004429558 0.01393034 -90 
1786050323.036 0.007939155 0.008429558 0.01393034 -90 
1786050323.085 0.007939155 0.008429558 0.01393034 -90 
1786050323.139 0.002939155 0.008429558 0.01393034 -90 
1786050323.194 0.002939155 0.008429558 0.01393034 -90 
1786050323.245 0.002939155 0.004429558 0.01393034 -90 
1786050323.298 0.002939155 0.004429558 0.01393034 -90 
1786050323.350 0.002939155 0.004429558 0.01266034 -90 
1786050323.400 0.002939155 0.008429558 0.01393034 -90 
1786050323.456 0.002939155 0.008429558 0.01266034 -90 
1786050323.507 0.002939155 0.004429558 0.01266034 -90 
1786050323.557 0.002939155 0.004429558 0.01266034 -90 
1786050323.615 0.002939155 0.004429558 0.01266034 -90 
1786050323.664 0.002939155 0.004429558 0.01266034 -90 
1786050323.715 0.002939155 0.004429558 0.01266034 -90 
1786050323.769 0.002939155 0.004429558 0.01266034 -90 
1786050323.819 0.002939155 0.008429558 0.01139034 -90 
1786050323.869 0.002939155 0.008429558 0.01266034 -90 
1786050323.927 0.002939155 0.008429558 0.01139034 -90 
1786050323.976 0.002939155 0.008429558 0.01266034 -90 
1786050324.027 0.002939155 0.004429558 0.01266034 -90 
1786050324.078 0.002939155 0.004429558 0.01139034 -90 
1786050324.130 0.002939155 0.004429558 0.01139034 -90 
1786050324.182 0.002939155 0.004429558 0.01139034 -90 
1786050324.237 0.002939155 0.004429558 0.01139034 -90 
1786050324.286 -0.002060845 0.004429558 0.01039467 -89.99995 
1786050324.347 0.002939155 0.008422627 0.01709806 -89.9881 
1786050324.404 0.01293916 0.0123443 0.02046923 -89.95822 
1786050324.474 0.01793916 0.01591447 0.02361843 -89.89623 
1786050324.534 0.01793916 0.01868424 0.02305986 -89.81101 
1786050324.587 0.01293917 0.01267404 0.02053122 -89.72278 
1786050324.645 0.007939193 0.009125749 0.01829603 -89.61336 
1786050324.696 0.007939222 0.00751231 0.01860297 -89.48583 
1786050324.752 0.007939266 0.007155173 0.01890307 -89.34017 
1786050324.804 0.007939324 0.004031926 0.01860386 -89.18573 
1786050324.855 0.002939403 0.005029713 0.01764947 -89.01505 
1786050324.913 0.002939515 0.003603051 0.01769793 -88.81307 
1786050324.973 0.002939677 0.0007646705 0.01743019 -88.57179 
1786050325.023 0.002939845 0.0005840931 0.01774073 -88.35723 
1786050325.077 0.00294007 0.001682274 0.01771657 -88.10869 
1786050325.143 0.002940402 -0.001836973 0.01816359 -87.79152 
1786050325.207 0.002940804 0.0001037425 0.01681331 -87.4553 
1786050325.258 0.002941244 -0.00248201 0.01718329 -87.14216 
1786050325.314 0.002941735 -0.00234177 0.01793108 -86.81731 
1786050325.372 0.002942392 -0.005784939 0.01734083 -86.44229 
1786050325.437 0.002943166 -0.005650777 0.01737019 -86.03944 
1786050325.496 0.002944137 -0.007041234 0.01717835 -85.58596 
1786050325.554 0.002945175 -0.005300275 0.01495846 -85.14762 
1786050325.604 0.002946141 -0.009740131 0.0120698 -84.77264 
1786050325.659 0.002947264 -0.004304504 0.009979578 -84.3675 
1786050325.711 0.002948402 -0.005594261 0.009314677 -83.98507 
1786050325.764 0.002949712 -0.007859723 0.008957892 -83.57259 
1786050325.815 0.002951005 -0.006687614 0.008883036 -83.1901 
1786050325.873 0.002952482 -0.00478306 0.008642838 -82.77751 
1786050325.927 0.002954045 -0.007373049 0.007582313 -82.36498 
1786050325.979 0.002955633 -0.00669651 0.00751972 -81.96753 
1786050326.036 0.002957398 -0.007799208 0.007982846 -81.54743 
1786050326.093 0.002959253 -0.005951244 0.00591238 -81.12736 
1786050326.146 0.00296109 -0.008817412 0.008944765 -80.73006 
1786050326.199 0.002963118 -0.008099369 0.00920479 -80.31006 
1786050326.258 0.002965312 -0.007124248 0.009226196 -79.87514 
1786050326.312 0.00296736 -0.006277211 0.00723048 -79.48505 
1786050326.362 0.002969526 -0.007989009 0.008193019 -79.08755 
1786050326.423 0.002972031 -0.006366773 0.008146342 -78.64506 
1786050326.486 0.002974769 -0.00928155 0.008254438 -78.18009 
1786050326.547 0.002977568 -0.00794473 0.008726394 -77.72257 
1786050326.599 0.002980182 -0.007151419 0.008009642 -77.31006 
1786050326.653 0.002982781 -0.007551752 0.009475754 -76.91266 
1786050326.713 0.002985664 -0.006199076 0.007118016 -76.47756 
1786050326.771 0.002988744 -0.006454655 0.008056874 -76.04239 
1786050326.826 0.002991758 -0.0059752 0.007010348 -75.62245 
1786050326.878 0.002994746 -0.0047547 0.008117701 -75.21745 
1786050326.935 0.002997874 -0.006034017 0.007557659 -74.80504 
1786050326.989 0.003000908 -0.009491267 0.007040104 -74.41508 
1786050327.045 0.00300438 -0.00869645 0.008488526 -73.98011 
1786050327.097 0.003007697 -0.002139645 0.007573942 -73.57502 
1786050327.156 0.003011221 -0.007281198 0.007575805 -73.15502 
1786050327.211 0.003014898 -0.005384401 0.007119285 -72.72003 
1786050327.262 0.003018263 -0.004037514 0.00770124 -72.34503 
1786050327.317 0.003021971 -0.004361187 0.007426394 -71.93247 
1786050327.377 0.003026112 -0.007104046 0.006783495 -71.48241 
1786050327.431 0.003029922 -0.002815905 0.007948095 -71.07772 
1786050327.483 0.003033739 -0.007794514 0.007471459 -70.68011 
1786050327.546 0.003038226 -0.004840019 0.00816596 -70.2149 
1786050327.612 0.003043043 -0.007263799 0.007115971 -69.735 
1786050327.678 0.003047814 -0.004000845 0.006047253 -69.27741 
1786050327.731 0.00305261 -0.007866666 0.007901781 -68.82006 
1786050327.783 0.003056777 -0.007664498 0.007880635 -68.42997 
1786050327.843 0.003061592 -0.007324344 0.00570428 -67.98753 
1786050327.901 0.003066332 -0.008686673 0.008350113 -67.55267 
1786050327.954 0.003070988 -0.005869475 0.007929314 -67.14751 
1786050328.006 0.00307529 -0.007541866 0.006978036 -66.77262 
1786050328.060 0.003080099 -0.006804193 0.007907835 -66.35259 
1786050328.115 0.003084809 -0.009400946 0.007300213 -65.96252 
1786050328.172 0.003090047 -0.001846771 0.007847145 -65.5201 
1786050328.224 0.003094911 -0.006763761 0.008175147 -65.13009 
1786050328.282 0.00310013 -0.003479277 0.008080998 -64.7101 
1786050328.339 0.00310543 -0.003779352 0.008243386 -64.2901 
1786050328.394 0.003111005 -0.004604351 0.006469078 -63.85521 
1786050328.446 0.003116176 -0.004148934 0.00814952 -63.45752 
1786050328.507 0.003121918 -0.004684374 0.005912788 -63.02245 
1786050328.559 0.003127341 -0.004410349 0.007460189 -62.61765 
1786050328.610 0.003132633 -0.003227425 0.007346694 -62.22753 
1786050328.668 0.003138306 -0.006504626 0.006120234 -61.80751 
1786050328.733 0.003144898 -0.00570803 0.00578196 -61.34253 
1786050328.783 0.003150736 -0.004522153 0.006448672 -60.92992 
1786050328.837 0.003156433 -0.004547183 0.0069337 -60.52504 
1786050328.899 0.003162747 -0.006618116 0.007143173 -60.09749 
1786050328.959 0.00316948 -0.004364015 0.002426872 -59.63965 
1786050329.014 0.003175741 -0.004259706 0.006425778 -59.21981 
1786050329.070 0.003182308 -0.0064765 0.006120502 -58.78496 
1786050329.122 0.003188267 -0.004392686 0.006506053 -58.38743 
1786050329.177 0.003194407 -0.005216805 0.005502329 -57.99753 
1786050329.230 0.003200735 -0.005635074 0.006367689 -57.59242 
1786050329.282 0.003207133 -0.003584574 0.007533379 -57.18759 
1786050329.336 0.003213481 -0.008004063 0.005524385 -56.79001 
1786050329.391 0.003219775 -0.006102326 0.005806944 -56.39999 
1786050329.445 0.003226626 -0.006006548 0.0055303 -55.97249 
1786050329.498 0.003233427 -0.00946371 0.005677365 -55.56757 
1786050329.553 0.003240049 -0.006156005 0.005476675 -55.17005 
1786050329.607 0.003246737 -0.003744278 0.006626041 -54.76496 
1786050329.661 0.003253748 -0.002423586 0.006148711 -54.3601 
1786050329.718 0.003261088 -0.004270199 0.005459688 -53.93235 
1786050329.782 0.00326942 0.0005277772 0.005675734 -53.4526 
1786050329.842 0.003276787 0.001385868 0.006143868 -53.03257 
1786050329.897 0.003284895 -0.003062047 0.006807034 -52.57507 
1786050329.950 0.003291874 -0.003878437 0.005246175 -52.18507 
1786050330.013 0.003299866 -0.008328965 0.005696486 -51.73502 
1786050330.093 0.003310691 -0.005726154 0.003945962 -51.15 
1786050330.157 0.003319424 -0.008178865 0.006914362 -50.67008 
1786050330.208 0.003327401 -0.005114018 0.006702106 -50.25003 
1786050330.264 0.003335166 -0.004217987 0.005290936 -49.83757 
1786050330.324 0.003343714 -0.0006383426 0.005257449 -49.38752 
1786050330.379 0.008351618 -0.002221481 0.006720685 -48.97512 
1786050330.432 0.003359442 -0.0005614928 0.006430259 -48.57009 
1786050330.482 0.00336689 -0.002917795 0.005803328 -48.18754 
1786050330.537 0.003374688 -0.0005546198 0.005133557 -47.78245 
1786050330.595 0.003383142 -0.002936658 0.005950795 -47.36264 
1786050330.649 0.003391365 -0.005333461 0.005252712 -46.94251 
1786050330.698 0.003399046 -0.008377974 0.005482981 -46.56749 
1786050330.758 0.003407543 -0.003206053 0.004022072 -46.14754 
1786050330.816 0.00341672 -0.003741297 0.00544078 -45.69736 
1786050330.869 0.003424887 -0.001133518 0.005826624 -45.29249 
1786050330.922 0.003433423 -0.001916509 0.005097407 -44.88759 
1786050330.986 0.003442806 -0.001826519 0.004371313 -44.43735 
1786050331.042 0.00345147 -0.0005832235 0.004949723 -44.02509 
1786050331.093 0.008460354 -0.005297853 0.004754338 -43.60507 
1786050331.149 0.00346914 -0.00328577 0.005250143 -43.19261 
1786050331.210 0.00347847 -0.005126613 0.004231544 -42.7577 
1786050331.263 0.003487215 -0.007367934 0.004788722 -42.35258 
1786050331.317 0.003496344 -0.006873694 0.005178641 -41.93261 
1786050331.373 0.003505369 -0.006457687 0.004175714 -41.51256 
1786050331.433 0.008514948 6.894941e-06 0.00389233 -41.08508 
1786050331.497 0.003525926 -0.0006529399 0.003787581 -40.59002 
1786050331.549 0.003534801 0.0003808127 0.004421426 -40.1923 
1786050331.599 0.003543221 -0.007779187 0.004057784 -39.8176 
1786050331.658 0.003552707 -0.00381055 0.003237324 -39.39001 
1786050331.711 0.00356225 -0.00588312 0.003110475 -38.97757 
1786050331.762 0.003571161 -0.007935105 0.004220427 -38.58763 
1786050331.817 0.003580467 -0.005260853 0.002454769 -38.18251 
1786050331.882 0.003590695 -0.002476792 0.002348923 -37.74003 
1786050331.951 0.008602558 -0.001594204 0.002569633 -37.22243 
1786050332.003 0.003612916 -0.002438642 0.001531939 -36.78762 
1786050332.054 0.003622095 -0.003509218 0.00264174 -36.39755 
1786050332.112 0.008632032 -0.005291658 0.001593557 -35.97749 
1786050332.176 0.008643274 -0.004395441 0.001200163 -35.50503 
1786050332.230 0.008653143 -0.005214676 0.0008955565 -35.09255 
1786050332.282 0.003662881 -0.005064467 0.001192924 -34.68751 
1786050332.343 0.003673212 -0.002132724 0.0008253685 -34.26 
1786050332.411 0.003685605 -0.001109466 0.001282754 -33.75016 
1786050332.470 0.003696418 0.001743068 -0.0006644928 -33.30754 
1786050332.522 0.003706733 -0.0001175139 0.0006496841 -32.88752 
1786050332.574 0.003716168 -0.002243567 -0.0008118808 -32.50511 
1786050332.638 0.003726948 -0.001052087 -0.00166504 -32.06998 
1786050332.699 0.003739465 -0.007543667 -0.00304342 -31.56755 
1786050332.753 0.00374979 -0.003549244 -0.002575292 -31.15506 
1786050332.804 0.003759216 -0.003748644 -0.001795103 -30.7802 
1786050332.861 0.008770007 -0.0005489543 -0.002608448 -30.35256 
1786050332.914 0.008780082 0.003169741 -0.00486788 -29.955 
1786050332.965 0.003789815 0.0002234725 -0.004790054 -29.5727 
1786050333.017 0.00379997 -0.003097387 -0.004138613 -29.17508 
1786050333.079 0.00381132 -0.002812441 -0.004990324 -28.73241 
1786050333.133 0.003822137 -0.004814647 -0.006141325 -28.31236 
1786050333.184 0.003832026 -0.001467938 -0.005173487 -27.92996 
1786050333.243 0.003843315 -0.005481301 -0.005480465 -27.4949 
1786050333.303 0.003854649 0.0005752226 -0.00562934 -27.05236 
1786050333.358 0.00386583 -0.001456373 -0.005602674 -26.63253 
1786050333.409 0.003876264 -0.002212048 -0.005526121 -26.23506 
1786050333.466 0.003886932 -0.003585624 -0.006081123 -25.82991 
1786050333.555 0.003902206 -0.002760164 -0.006399479 -25.24483 
1786050333.619 0.003917353 -0.00172732 -0.005724115 -24.68237 
1786050333.686 0.003930564 -0.003091267 -0.005472382 -24.1803 
1786050333.746 0.00394282 -0.00143342 -0.006189005 -23.72998 
1786050333.799 0.003954109 -0.001473138 -0.006350725 -23.3098 
1786050333.860 0.003966041 -0.0003912178 -0.005118095 -22.86753 
1786050333.922 0.003977606 -0.003931389 -0.005784878 -22.43263 
1786050333.979 0.008990022 -0.003333657 -0.005591955 -21.97506 
1786050334.031 0.009001047 -0.005951153 -0.005497008 -21.57762 
1786050334.087 0.009012512 -0.003714071 -0.004750393 -21.15755 
1786050334.141 0.004023599 0.002835571 -0.005374435 -20.75265 
1786050334.206 0.004036778 0.005919366 -0.004781601 -20.27265 
1786050334.263 0.004048136 0.0007057114 -0.006160279 -19.86001 
1786050334.323 0.009060975 0.0006435792 -0.006723398 -19.39515 
1786050334.376 0.004072395 -0.0004505729 -0.005855803 -18.98251 
1786050334.436 0.004084469 0.001629949 -0.004747882 -18.54752 
1786050334.512 0.004100336 -0.0008013924 -0.005487869 -17.97758 
1786050334.582 0.009114786 0.003391673 -0.005105416 -17.46019 
1786050334.647 0.004128016 0.0007051927 -0.006677015 -16.9875 
1786050334.702 0.004140436 0.0006605681 -0.005778478 -16.54506 
1786050334.758 0.00415204 0.0005227851 -0.006346796 -16.13252 
1786050334.823 0.004165572 -6.345806e-05 -0.005803401 -15.65265 
1786050334.884 0.004178288 0.00284648 -0.006591067 -15.1949 
1786050334.936 0.004189969 0.004616464 -0.00549766 -14.79007 
1786050334.991 0.004201458 0.00229503 -0.00593061 -14.38514 
1786050335.055 0.004214462 0.006740758 -0.005621859 -13.92752 
1786050335.113 0.004227278 0.003097382 -0.007007251 -13.47753 
1786050335.176 0.004240332 -0.002066713 -0.006742126 -13.0201 
1786050335.233 0.004253196 -0.002855065 -0.006328663 -12.57018 
1786050335.293 0.004265867 0.005103034 -0.006106534 -12.12736 
1786050335.366 0.004280497 0.002925251 -0.005858146 -11.61008 
1786050335.437 0.004296449 0.003184929 -0.006157578 -11.05499 
1786050335.510 0.004312214 0.005373091 -0.006861113 -10.51483 
1786050335.578 0.009326492 0.002471273 -0.005656503 -10.01978 
1786050335.642 0.004341226 0.0005812283 -0.00652304 -9.509993 
1786050335.712 0.004356416 0.007545855 -0.00662911 -8.985037 
1786050335.781 0.004371193 0.003836273 -0.006496908 -8.467484 
1786050335.836 0.004383812 0.003246621 -0.007079282 -8.040054 
1786050335.893 0.004396445 0.002539797 -0.007084081 -7.605119 
1786050335.953 0.004408872 0.001046523 -0.006529539 -7.170098 
1786050336.016 0.004422403 -0.0008786043 -0.006879126 -6.705052 
1786050336.079 0.004436603 0.004907858 -0.006558759 -6.224945 
1786050336.139 0.004449066 0.004687912 -0.005676179 -5.789982 
1786050336.194 0.004461976 0.003053208 -0.006679001 -5.355071 
1786050336.260 0.004475771 0.004289217 -0.006883334 -4.882488 
1786050336.330 0.004491153 0.0066545 -0.007021312 -4.356174 
1786050336.385 0.004502715 0.01441245 -0.006492184 -3.960621 
1786050336.437 0.004512964 0.01709287 -0.006527425 -3.610279 
1786050336.493 0.004523474 0.01778538 -0.006844122 -3.251119 
1786050336.559 0.004534644 0.01647448 -0.007092363 -2.869531 
1786050336.618 0.004544798 0.01712865 -0.005938659 -2.522731 
1786050336.679 0.004554 0.01570115 -0.005889374 -2.203339 
1786050336.739 0.004563152 0.01573886 -0.005320737 -1.896084 
1786050336.797 0.004571092 0.01131856 -0.005699483 -1.625134 
1786050336.851 0.004577944 0.01480081 -0.005537584 -1.391274 
1786050336.909 0.004584374 0.01473924 -0.00600392 -1.171959 
1786050336.983 0.004591146 0.01448008 -0.005975998 -0.9373574 
1786050337.054 0.004598208 0.0165325 -0.004752035 -0.6997731 
1786050337.124 0.009603285 0.01897871 -0.005293947 -0.5166685 
1786050337.177 0.009607579 0.01498314 -0.004394156 -0.380213 
1786050337.239 0.009611071 0.01602005 -0.004471588 -0.2610901 
1786050337.299 0.004613742 0.01775384 -0.005092315 -0.1699462 
1786050337.360 0.004616092 0.01705817 -0.004075332 -0.08981055 
1786050337.417 0.004617479 0.01622391 -0.003769626 -0.04248791 
1786050337.472 0.009618397 0.02087692 -0.00114753 -0.0111653 
1786050337.525 0.01461872 0.02320315 0.002668558 -0.0001477152 
1786050337.579 0.01461872 0.01837456 0.003938559 1.54261e-08 
1786050337.630 0.009618724 0.01437456 0.005208558 1.54261e-08 
1786050337.681 0.009618724 0.01037456 0.005208558 1.54261e-08 
1786050337.731 0.009618724 0.01037456 0.006478557 1.54261e-08 
1786050337.781 0.009618724 0.01037456 0.006478557 1.54261e-08 
1786050337.834 0.009618724 0.01037456 0.006478557 1.54261e-08 
1786050337.884 0.009618724 0.01037456 0.006478557 1.54261e-08 
1786050337.938 0.009618724 0.01037456 0.006478557 1.54261e-08 
1786050337.993 0.009618724 0.01037456 0.005208558 1.54261e-08 
1786050338.043 0.009618724 0.01037456 0.005208558 1.54261e-08 
1786050338.101 0.009618724 0.01037456 0.005208558 1.54261e-08 
1786050338.155 0.009618724 0.01037456 0.005208558 1.54261e-08 
1786050338.205 0.009618724 0.01037456 0.005208558 1.54261e-08 
1786050338.257 0.009618724 0.01037456 0.005208558 1.54261e-08 
1786050338.310 0.009618724 0.01037456 0.005208558 1.54261e-08 
1786050338.362 0.009618724 0.006374562 0.005208558 1.54261e-08 
1786050338.415 0.009618724 0.006374562 0.005208558 1.54261e-08 
1786050338.471 0.009618724 0.006374562 0.005208558 1.54261e-08 
1786050338.521 0.009618724 0.006374562 0.005208558 1.54261e-08 
1786050338.576 0.009618724 0.006374562 0.005208558 1.54261e-08 
1786050338.627 0.009618724 0.006374562 0.005208558 1.54261e-08 
1786050338.677 0.009618724 0.01037456 0.006478557 1.54261e-08 
1786050338.729 0.009618724 0.006374562 0.005208558 1.54261e-08 
1786050338.778 0.009618724 0.01037456 0.005208558 1.54261e-08 
1786050338.828 0.009618724 0.01037456 0.005208558 1.54261e-08 
1786050338.880 0.009618724 0.01037456 0.005208558 1.54261e-08 
1786050338.931 0.004618724 0.006374562 0.005208558 1.54261e-08 
1786050338.981 0.004618724 0.006374562 0.005208558 1.54261e-08 
1786050339.034 0.004618724 0.006374562 0.005208558 1.54261e-08 
1786050339.087 0.009618724 0.01037456 0.005208558 1.54261e-08 
1786050339.139 0.009618724 0.006374562 0.005208558 1.54261e-08 
1786050339.191 0.004618724 0.006374562 0.005208558 1.54261e-08 
1786050339.240 0.009618724 0.006374562 0.005208558 1.54261e-08 
1786050339.297 0.009618724 0.006374562 0.005208558 1.54261e-08 
1786050339.351 0.004618724 0.006374562 0.005208558 1.54261e-08 
1786050339.403 0.009618724 0.01037456 0.005208558 1.54261e-08 
1786050339.455 0.009618724 0.01037456 0.005208558 1.54261e-08 
1786050339.508 0.009618724 0.01037456 0.005208558 1.54261e-08 
1786050339.559 0.009618724 0.006374562 0.005208558 1.54261e-08 
1786050339.614 0.009618724 0.01037456 0.005208558 1.54261e-08 
1786050339.666 0.004618724 0.006374562 0.003938559 1.54261e-08 
1786050339.719 0.009618724 0.006374562 0.005208558 1.54261e-08 
1786050339.772 0.009618724 0.006374562 0.005208558 1.54261e-08 
1786050339.825 0.004618724 0.006374562 0.003938559 1.54261e-08 
1786050339.879 0.009618724 0.01037456 0.005208558 1.54261e-08 
1786050339.933 0.004618724 0.006374562 0.005208558 1.54261e-08 
1786050339.982 0.004618724 0.006374562 0.005208558 1.54261e-08 
1786050340.033 0.004618724 0.006374562 0.005208558 1.54261e-08 
1786050340.089 0.009618724 0.01037456 0.005208558 1.54261e-08 
1786050340.139 0.009618724 0.01037456 0.005208558 1.54261e-08 
1786050340.191 0.009618724 0.006374562 0.005208558 1.54261e-08 
1786050340.241 0.009618724 0.006374562 0.005208558 1.54261e-08 
1786050340.291 0.009618724 0.01037456 0.005208558 1.54261e-08 
1786050340.340 0.009618724 0.006374562 0.005208558 1.54261e-08 
1786050340.391 0.009618724 0.006374562 0.006478557 1.54261e-08 
1786050340.440 0.009618724 0.006374562 0.005208558 1.54261e-08 
1786050340.494 0.009618724 0.006374562 0.006478557 1.54261e-08 
1786050340.543 0.009618724 0.01037456 0.006478557 1.54261e-08 
1786050340.592 0.009618724 0.01037456 0.006478557 1.54261e-08 
1786050340.648 0.009618724 0.01037456 0.006478557 1.54261e-08 
1786050340.708 0.009618724 0.01037456 0.006478557 1.54261e-08 
1786050340.761 0.009618724 0.01037456 0.006478557 1.54261e-08 
1786050340.818 0.009618724 0.006374562 0.005208558 1.54261e-08 
1786050340.877 0.009618724 0.006374562 0.006478557 1.54261e-08 
1786050340.927 0.009618724 0.01037456 0.006478557 1.54261e-08 
1786050340.981 0.009618724 0.01037456 0.006478557 1.54261e-08 
1786050341.035 0.009618724 0.01037456 0.006478557 1.54261e-08 
1786050341.086 0.009618724 0.01037456 0.006478557 1.54261e-08 
1786050341.138 0.009618724 0.01037456 0.006478557 1.54261e-08 
1786050341.191 0.009618724 0.01037456 0.006478557 1.54261e-08 
1786050341.244 0.009618724 0.01037456 0.006478557 1.54261e-08 
1786050341.298 0.009618724 0.006374562 0.006478557 1.54261e-08 
1786050341.350 0.009618724 0.01037456 0.007748557 1.54261e-08 
1786050341.400 0.009618724 0.006374562 0.006478557 1.54261e-08 
1786050341.458 0.009618724 0.01037456 0.006478557 1.54261e-08 
1786050341.515 0.009618724 0.01037456 0.007748557 1.54261e-08 
1786050341.564 0.009618724 0.01037456 0.006478557 1.54261e-08 
1786050341.617 0.009618724 0.006374562 0.006478557 1.54261e-08 
1786050341.669 0.009618724 0.006374562 0.006478557 1.54261e-08 
1786050341.720 0.01461872 0.01037456 0.006478557 1.54261e-08 
1786050341.779 0.009618724 0.01037456 0.006478557 1.54261e-08 
1786050341.834 0.009618724 0.01037456 0.006478557 1.54261e-08 
1786050341.883 0.009618724 0.006374562 0.005208558 1.54261e-08 
1786050341.937 0.009618724 0.01037456 0.006478557 1.54261e-08 
1786050341.997 0.009618724 0.01037456 0.006478557 1.54261e-08 
1786050342.049 0.009618724 0.006374562 0.005208558 1.54261e-08 
1786050342.109 0.009618724 0.006374562 0.005208558 1.54261e-08 
1786050342.165 0.009618724 0.006374562 0.006478557 1.54261e-08 
1786050342.219 0.004618724 0.006374562 0.005208558 1.54261e-08 
1786050342.269 0.009618724 0.006374562 0.006478557 1.54261e-08 
1786050342.322 0.009618724 0.006374562 0.005208558 1.54261e-08 
1786050342.373 0.009618724 0.006374562 0.005208558 1.54261e-08 
1786050342.423 0.004618724 0.006374562 0.005208558 1.54261e-08 
1786050342.476 0.004618724 0.006374562 0.005208558 1.54261e-08 
1786050342.526 0.004618724 0.006374562 0.005208558 1.54261e-08 
1786050342.579 0.009618724 0.006374562 0.006478557 1.54261e-08 
1786050342.635 0.004618724 0.006374562 0.005208558 1.54261e-08 
1786050342.684 0.004618724 0.006374562 0.005208558 1.54261e-08 
1786050342.737 0.004618724 0.006374562 0.005208558 1.54261e-08 
1786050342.792 0.004618724 0.006374562 0.005208558 1.54261e-08 
1786050342.844 0.004618724 0.006374562 0.005208558 1.54261e-08 
1786050342.899 0.004618724 0.006374562 0.005208558 1.54261e-08 
1786050342.955 0.004618724 0.002374562 0.005208558 1.54261e-08 
1786050343.007 0.004618724 0.002374562 0.003938559 1.54261e-08 
1786050343.062 0.004618724 0.002374562 0.003938559 1.54261e-08 
1786050343.118 0.004618724 0.002374562 0.003938559 1.54261e-08 
1786050343.167 0.004618724 0.002374562 0.002668559 1.54261e-08 
1786050343.223 0.004618724 0.002374562 0.002668559 1.54261e-08 
1786050343.276 0.004618724 0.002374562 0.00139856 1.54261e-08 
1786050343.326 0.004618724 0.002374562 0.00139856 1.54261e-08 
1786050343.379 -0.0003812761 -0.001625438 0.0001285608 1.54261e-08 
1786050343.432 -0.0003812761 -0.001625438 0.0001285608 1.54261e-08 
1786050343.481 -0.0003812761 -0.001625438 -0.001141438 1.54261e-08 
1786050343.537 -0.005381276 -0.001625438 -0.002411438 1.54261e-08 
1786050343.587 -0.005381276 -0.005625438 -0.002411438 1.54261e-08 
1786050343.640 -0.005381276 -0.005625438 -0.003681437 1.54261e-08 
1786050343.695 -0.005381276 -0.005625438 -0.004951436 1.54261e-08 
1786050343.745 -0.005381276 -0.005625438 -0.006221436 1.54261e-08 
1786050343.797 -0.005381276 -0.005625438 -0.006221436 1.54261e-08 
1786050343.851 -0.01038128 -0.009625438 -0.006221436 1.54261e-08 
1786050343.901 -0.005381276 -0.009625438 -0.006221436 1.54261e-08 
1786050343.950 -0.01038128 -0.009625438 -0.006221436 1.54261e-08 
1786050344.004 -0.005381276 -0.005625438 -0.007491435 1.54261e-08 
1786050344.056 -0.005381276 -0.005625438 -0.006221436 1.54261e-08 
1786050344.106 -0.005381276 -0.005625438 -0.006221436 1.54261e-08 
1786050344.163 -0.005381276 -0.005625438 -0.006221436 1.54261e-08 
1786050344.215 -0.005381276 -0.005625438 -0.006221436 1.54261e-08 
1786050344.267 -0.01038128 -0.009625438 -0.006221436 1.54261e-08 
1786050344.321 -0.005381276 -0.005625438 -0.004951436 1.54261e-08 
1786050344.372 -0.005381276 -0.005625438 -0.004951436 1.54261e-08 
1786050344.425 -0.005381276 -0.005625438 -0.004951436 1.54261e-08 
1786050344.477 -0.005381276 -0.005625438 -0.004951436 1.54261e-08 
1786050344.527 -0.005381276 -0.005625438 -0.004951436 1.54261e-08 
1786050344.581 -0.005381276 -0.005625438 -0.004951436 1.54261e-08 
1786050344.634 -0.005381276 -0.005625438 -0.004951436 1.54261e-08 
1786050344.683 -0.005381276 -0.005625438 -0.003681437 1.54261e-08 
1786050344.738 -0.0003812761 -0.001625438 -0.002411438 1.54261e-08 
1786050344.793 -0.0003812761 -0.001625438 -0.002411438 1.54261e-08 
1786050344.843 -0.0003812761 -0.001625438 -0.002411438 1.54261e-08 
1786050344.899 -0.0003812761 -0.001625438 -0.001141438 1.54261e-08 
1786050344.952 0.004618724 -0.001625438 0.0001285608 1.54261e-08 
1786050345.001 0.004618724 -0.001625438 0.0001285608 1.54261e-08 
1786050345.059 0.004618724 0.002374562 0.00139856 1.54261e-08 
1786050345.114 0.009618724 0.002374562 0.002668559 1.54261e-08 
1786050345.162 0.009618724 0.002374562 0.003938559 1.54261e-08 
1786050345.218 0.004618724 0.002374562 0.005208558 1.54261e-08 
1786050345.270 0.004618724 0.006374562 0.006478557 1.54261e-08 
1786050345.320 0.009618724 0.006374562 0.006478557 1.54261e-08 
1786050345.376 0.009618724 0.006374562 0.006478557 1.54261e-08 
1786050345.429 0.009618724 0.01037456 0.007748557 1.54261e-08 
1786050345.478 0.009618724 0.01037456 0.007748557 1.54261e-08 
1786050345.535 0.004618724 0.006374562 0.006478557 1.54261e-08 
1786050345.590 0.009618724 0.01037456 0.007748557 1.54261e-08 
1786050345.639 0.009618724 0.006374562 0.006478557 1.54261e-08 
1786050345.693 0.009618724 0.006374562 0.006478557 1.54261e-08 
1786050345.746 0.009618724 0.006374562 0.007748557 1.54261e-08 
1786050345.797 0.009618724 0.006374562 0.007748557 1.54261e-08 
1786050345.854 0.009618724 0.006374562 0.006478557 1.54261e-08 
1786050345.910 0.009618724 0.006374562 0.007748557 1.54261e-08 
1786050345.960 0.004618724 0.006374562 0.006478557 1.54261e-08 
1786050346.012 0.009618724 0.01037456 0.007748557 1.54261e-08 
1786050346.063 0.009618724 0.01037456 0.007748557 1.54261e-08 
1786050346.114 0.009618724 0.006374562 0.006478557 1.54261e-08 
1786050346.170 0.004618724 0.006374562 0.006478557 1.54261e-08 
1786050346.219 0.009618724 0.01037456 0.006478557 1.54261e-08 
1786050346.269 0.009618724 0.01037456 0.006478557 1.54261e-08 
1786050346.324 0.009618724 0.01037456 0.006478557 1.54261e-08 
1786050346.375 0.004618724 0.006374562 0.006478557 1.54261e-08 
1786050346.425 0.004618724 0.006374562 0.006478557 1.54261e-08 
1786050346.477 0.004618724 0.006374562 0.006478557 1.54261e-08 
1786050346.527 0.004618724 0.006374562 0.006478557 1.54261e-08 
1786050346.579 0.009618724 0.006374562 0.006478557 1.54261e-08 
1786050346.633 0.009618724 0.006374562 0.006478557 1.54261e-08 
1786050346.683 0.004618724 0.006374562 0.005208558 1.54261e-08 
1786050346.740 0.009618724 0.006374562 0.006478557 1.54261e-08 
1786050346.797 0.009618724 0.006374562 0.006478557 1.54261e-08 
1786050346.847 0.009618724 0.006374562 0.006478557 1.54261e-08 
1786050346.900 0.004618724 0.006374562 0.005208558 1.54261e-08 
1786050346.953 0.004618724 0.006374562 0.005208558 1.54261e-08 
1786050347.002 0.004618724 0.006374562 0.005208558 1.54261e-08 
1786050347.061 0.004618724 0.006374562 0.005208558 1.54261e-08 
1786050347.115 0.004618724 0.006374562 0.005208558 1.54261e-08 
1786050347.168 0.004618724 0.006374562 0.005208558 1.54261e-08 
1786050347.228 0.004618724 0.006374562 0.005208558 1.54261e-08 
1786050347.281 0.004618724 0.002374562 0.005208558 1.54261e-08 
1786050347.333 0.004618724 0.002374562 0.005208558 1.54261e-08 
1786050347.384 0.004618724 0.002374562 0.005208558 1.54261e-08 
1786050347.441 0.004618724 0.006374562 0.005208558 1.54261e-08 
1786050347.490 0.004618724 0.002374562 0.005208558 1.54261e-08 
1786050347.543 0.004618724 0.002374562 0.005208558 1.54261e-08 
1786050347.597 0.004618724 0.002374562 0.005208558 1.54261e-08 
1786050347.648 0.004618724 0.002374562 0.005208558 1.54261e-08 
1786050347.701 0.004618724 0.002374562 0.003938559 1.54261e-08 
1786050347.754 0.004618724 0.002374562 0.003938559 1.54261e-08 
1786050347.802 0.004618724 0.002374562 0.003938559 1.54261e-08 
1786050347.861 0.004618724 0.002374562 0.003938559 1.54261e-08 
1786050347.916 0.004618724 0.002374562 0.003938559 1.54261e-08 
1786050347.965 0.004618724 0.002374562 0.003938559 1.54261e-08 
1786050348.018 0.004618724 0.002374562 0.003938559 1.54261e-08 
1786050348.070 0.004618724 0.002374562 0.005208558 1.54261e-08 
1786050348.120 0.004618724 0.006374562 0.005208558 1.54261e-08 
1786050348.178 0.004618724 0.002374562 0.005208558 1.54261e-08 
1786050348.231 0.009618724 0.006374562 0.005208558 1.54261e-08 
1786050348.280 0.009618724 0.006374562 0.006478557 1.54261e-08 
1786050348.334 0.004618724 0.006374562 0.006478557 1.54261e-08 
1786050348.384 0.004618724 0.002374562 0.005208558 1.54261e-08 
1786050348.434 0.004618724 0.002374562 0.006478557 1.54261e-08 
1786050348.487 0.004618724 0.006374562 0.006478557 1.54261e-08 
1786050348.537 0.009618724 0.006374562 0.006478557 1.54261e-08 
1786050348.590 0.009618724 0.006374562 0.006478557 1.54261e-08 
1786050348.644 0.009618724 0.006374562 0.006478557 1.54261e-08 
1786050348.695 0.009618724 0.006374562 0.006478557 1.54261e-08 
1786050348.746 0.009618724 0.006374562 0.006478557 1.54261e-08 
1786050348.797 0.009618724 0.006374562 0.007748557 1.54261e-08 
1786050348.846 0.009618724 0.006374562 0.006478557 1.54261e-08 
1786050348.901 0.004618724 0.006374562 0.006478557 1.54261e-08 
1786050348.954 0.009618724 0.006374562 0.006478557 1.54261e-08 
1786050349.003 0.004618724 0.006374562 0.006478557 1.54261e-08 
1786050349.056 0.009618724 0.01037456 0.006478557 1.54261e-08 
1786050349.105 0.009618725 0.01025326 0.006478557 2.120122e-05 
1786050349.161 0.0096192 -0.00458343 0.007735656 0.01624119 
1786050349.219 0.009620563 -0.008776596 0.008826333 0.06272366 
1786050349.284 0.009623368 -0.01655805 0.007792328 0.1583825 
1786050349.340 -0.0003731127 -0.02471657 0.003959538 0.2784155 
1786050349.400 -0.01036861 -0.02919896 -0.0001070411 0.4321702 
1786050349.457 -0.01036312 -0.02998919 -0.003383008 0.6195388 
1786050349.509 -0.01535735 -0.03035591 -0.005739196 0.8160378 
1786050349.565 -0.01535013 -0.03035521 -0.008045918 1.062534 
1786050349.623 -0.01534195 -0.02809304 -0.009067422 1.341584 
1786050349.679 -0.01533299 -0.02732545 -0.009263415 1.647246 
1786050349.731 -0.01032367 -0.03137458 -0.009491418 1.971897 
1786050349.790 -0.01031272 -0.02260392 -0.009677112 2.346091 
1786050349.860 -0.01029842 -0.02513901 -0.01066056 2.827413 
1786050349.927 -0.01028372 -0.01434759 -0.01062702 3.32994 
1786050349.980 -0.01027121 -0.01515149 -0.009973564 3.757412 
1786050350.036 -0.01525914 -0.01502978 -0.009591829 4.169914 
1786050350.099 -0.01024577 -0.008821127 -0.009189425 4.627395 
1786050350.163 -0.01023132 -0.006076205 -0.009748983 5.122377 
1786050350.214 -0.01021971 -0.009909939 -0.00912469 5.519922 
1786050350.267 -0.01020834 -0.006492758 -0.009381864 5.909902 
1786050350.323 -0.01019631 -0.01248305 -0.008606548 6.329861 
1786050350.379 -0.01018408 -0.01087443 -0.009870136 6.742417 
1786050350.429 -0.01017273 -0.01032392 -0.009439968 7.132421 
1786050350.482 -0.01016139 -0.01192805 -0.009786944 7.522357 
1786050350.537 -0.01014941 -0.008351494 -0.009213461 7.935079 
1786050350.591 -0.01013809 -0.005842924 -0.009384178 8.332571 
1786050350.643 -0.01012614 -0.005692028 -0.01035147 8.737494 
1786050350.697 -0.01011463 -0.01210384 -0.009328904 9.134932 
1786050350.755 -0.01010226 -0.01369492 -0.009498012 9.562488 
1786050350.813 -0.01008969 -0.009671547 -0.009163487 9.997372 
1786050350.864 -0.01007823 -0.007950342 -0.009409065 10.39504 
1786050350.917 -0.01006699 -0.006196356 -0.01063061 10.78492 
1786050350.983 -0.01005318 -0.007901626 -0.009508527 11.27239 
1786050351.046 -0.01004047 -0.007644535 -0.009486795 11.70773 
1786050351.100 -0.01002756 -0.01255319 -0.01095524 12.15737 
1786050351.152 -0.01001618 -0.01042786 -0.01092296 12.55495 
1786050351.212 -0.01000396 -0.009535285 -0.01085574 12.98999 
1786050351.279 -0.009990471 -0.01184378 -0.01069282 13.45505 
1786050351.331 -0.009977868 -0.01096191 -0.01095831 13.89743 
1786050351.383 -0.009966779 -0.008684518 -0.01046906 14.28749 
1786050351.441 -0.009954647 -0.005816934 -0.0103345 14.71488 
1786050351.499 -0.009942326 -0.01094392 -0.010503 15.14984 
1786050351.549 -0.009931513 -0.008084689 -0.01064028 15.53239 
1786050351.604 -0.009920086 -0.0105297 -0.010857 15.93734 
1786050351.660 -0.009908259 -0.009156135 -0.01075533 16.35743 
1786050351.717 -0.009896669 -0.006725583 -0.009994735 16.76997 
1786050351.774 -0.009884264 -0.007945548 -0.01131274 17.2125 
1786050351.824 -0.009873565 -0.007358264 -0.01047669 17.59507 
1786050351.879 -0.00986247 -0.01032453 -0.009827739 17.9924 
1786050351.934 -0.009850774 -0.008048557 -0.01155723 18.41241 
1786050351.985 -0.009840147 -0.01334858 -0.01102557 18.80251 
1786050352.043 -0.009828091 -0.008113025 -0.009826182 19.23004 
1786050352.103 -0.00981586 -0.008076374 -0.01056852 19.67239 
1786050352.159 -0.004804282 -0.003306109 -0.01015914 20.09243 
1786050352.215 -0.009792324 -0.003264461 -0.009654647 20.52744 
1786050352.270 -0.00978122 -0.007882902 -0.01086916 20.93246 
1786050352.330 -0.009769123 -0.009405269 -0.0108649 21.38242 
1786050352.385 -0.009757878 -0.008800215 -0.01223147 21.79506 
1786050352.441 -0.004746259 -0.008895445 -0.01188891 22.21506 
1786050352.501 -0.00973427 -0.006729354 -0.01123614 22.6573 
1786050352.562 -0.004722319 -0.003814411 -0.01042606 23.10745 
1786050352.623 -0.009710206 -0.006643049 -0.01103606 23.54984 
1786050352.678 -0.009698335 -0.009827196 -0.01140532 24.00008 
1786050352.731 -0.004687706 -0.007820931 -0.01148856 24.38989 
1786050352.788 -0.009676711 -0.007675913 -0.01005152 24.80263 
1786050352.848 -0.004664559 -0.00844389 -0.01061581 25.2674 
1786050352.900 -0.00965384 -0.007616357 -0.01119291 25.66491 
1786050352.952 -0.00964375 -0.006684919 -0.01038988 26.04766 
1786050353.007 -0.004633102 -0.004266241 -0.01121175 26.45258 
1786050353.063 -0.009622492 -0.006708081 -0.011143 26.85748 
1786050353.117 -0.009611333 -0.005872692 -0.01070655 27.28489 
1786050353.169 -0.004600996 -0.008139682 -0.01157388 27.68247 
1786050353.224 -0.009591084 -0.009135406 -0.01072393 28.06496 
1786050353.277 -0.009580241 -0.007968462 -0.01079798 28.48477 
1786050353.327 -0.004570404 -0.00675618 -0.01096278 28.86741 
1786050353.387 -0.009559261 -0.003024169 -0.0111725 29.30243 
1786050353.449 -0.009548546 -0.001318376 -0.01126009 29.72281 
1786050353.501 -0.009537116 -0.004290246 -0.01290457 30.17241 
1786050353.553 -0.009527252 -0.004159647 -0.01182885 30.56995 
1786050353.612 -0.009516674 -0.004488181 -0.01091312 30.98233 
1786050353.676 -0.009505767 -0.00761598 -0.01139084 31.41744 
1786050353.730 -0.004493976 -0.003399598 -0.01277173 31.88996 
1786050353.783 -0.009484104 -0.00483763 -0.0113496 32.28746 
1786050353.843 -0.009473165 0.001983003 -0.009252945 32.73031 
1786050353.905 -0.009462281 -0.00485163 -0.01055134 33.17255 
1786050353.963 -0.009451634 -0.002248379 -0.01224104 33.60744 
1786050354.018 -0.009440858 -0.008202737 -0.01219808 34.04995 
1786050354.074 -0.004431045 -0.006367774 -0.01077201 34.45494 
1786050354.131 -0.004420738 -0.006813964 -0.01203173 34.88238 
1786050354.182 -0.004411382 -0.005684 -0.01205769 35.27247 
1786050354.238 -0.004401357 -0.008405165 -0.01168358 35.69225 
1786050354.291 -0.004391917 -0.005220499 -0.01138259 36.09746 
1786050354.355 -0.009381288 -0.001313435 -0.01181535 36.53993 
1786050354.415 -0.004370018 -0.001682688 -0.01173265 37.01997 
1786050354.465 -0.004361088 -0.007154662 -0.01138492 37.40251 
1786050354.521 -0.009351509 -0.004655068 -0.01230581 37.81501 
1786050354.584 -0.004340947 -0.006773585 -0.01149364 38.28006 
1786050354.647 -0.004330966 -0.004779557 -0.01108429 38.71498 
1786050354.701 -0.009320364 -0.004892967 -0.01194113 39.17248 
1786050354.755 -0.004311356 -0.001261758 -0.01265364 39.56996 
1786050354.820 -0.009300548 -0.00157179 -0.01106333 40.04984 
1786050354.885 -0.004289815 -0.003395682 -0.01146637 40.52985 
1786050354.937 -0.009281151 -0.0021117 -0.01233409 40.91988 
1786050354.990 -0.004271877 -0.005224558 -0.01214897 41.33995 
1786050355.047 -0.004262663 -0.00495222 -0.01093512 41.75977 
1786050355.104 -0.009253509 -0.005200128 -0.01114873 42.17997 
1786050355.153 -0.004245226 -0.007287116 -0.01288833 42.56241 
1786050355.206 -0.004236992 -0.007704358 -0.01118753 42.94487 
1786050355.261 -0.004228171 -0.004530758 -0.01077016 43.35748 
1786050355.316 -0.004219568 0.0003809837 -0.01117693 43.76255 
1786050355.371 -0.004210549 -0.001961743 -0.01188569 44.18996 
1786050355.421 -0.004202536 -0.0004570113 -0.01107735 44.57243 
1786050355.478 -0.004193952 0.002558503 -0.01135936 44.99248 
1786050355.534 -0.009185122 -0.00223949 -0.01113105 45.41266 
1786050355.583 -0.009177431 -0.003152956 -0.01126691 45.78746 
1786050355.639 -0.004169334 -0.001446833 -0.01153314 46.19249 
1786050355.702 -0.009159635 -0.001813898 -0.01023153 46.66486 
1786050355.755 -0.004151519 -1.689545e-05 -0.01139314 47.06979 
1786050355.806 -0.004143909 -0.001323602 -0.01193176 47.45238 
1786050355.863 -0.009135617 0.003022647 -0.01269874 47.87242 
1786050355.935 -0.004125346 0.001442251 -0.01085551 48.39746 
1786050356.002 -0.004115903 0.002394956 -0.01080338 48.89249 
1786050356.054 -0.004107555 -0.0004514646 -0.01154009 49.31991 
1786050356.108 -0.004100132 -0.002044682 -0.01104955 49.70994 
1786050356.166 -0.004091924 -0.001829258 -0.0103093 50.14502 
1786050356.218 -0.004084767 -0.003364438 -0.0110078 50.535 
1786050356.271 -0.004076975 -0.00480875 -0.01227984 50.94742 
1786050356.328 -0.009069116 -0.005771124 -0.01215828 51.37478 
1786050356.387 -0.00906133 -0.0007822447 -0.01048384 51.80257 
1786050356.446 -0.004053752 0.003960959 -0.01079231 52.2226 
1786050356.497 -0.004046246 0.002327865 -0.01149984 52.6424 
1786050356.551 -0.004039472 0.004616173 -0.009839343 53.02491 
1786050356.608 -0.004031841 0.003219433 -0.01154852 53.46011 
1786050356.662 -0.009024936 0.004447898 -0.01089304 53.85746 
1786050356.719 -0.009017326 0.00304939 -0.01051848 54.29993 
1786050356.771 -0.004010559 0.002699286 -0.01122387 54.69748 
1786050356.829 -0.004003355 -0.00112245 -0.01129853 55.12495 
1786050356.881 -0.00399685 0.0005191062 -0.01137399 55.52237 
1786050356.931 -0.003990533 0.001951188 -0.01111967 55.89744 
1786050356.988 -0.003983667 0.002729642 -0.0109861 56.31744 
1786050357.056 -0.003975552 0.00479843 -0.009294048 56.82008 
1786050357.113 -0.003969209 0.009356227 -0.01020281 57.22513 
1786050357.171 -0.003961757 0.006229745 -0.01149773 57.68995 
1786050357.229 -0.008955099 0.006523554 -0.01087699 58.11751 
1786050357.308 -0.008946458 0.008339487 -0.009573235 58.68014 
1786050357.386 -0.003937282 0.007810892 -0.009749301 59.28749 
1786050357.459 -0.003929151 0.002927616 -0.01087954 59.83492 
1786050357.525 -0.003921696 0.003184571 -0.01061623 60.34502 
1786050357.583 -0.003915644 0.003269142 -0.01103474 60.77247 
1786050357.641 -0.00890967 0.002394747 -0.01098147 61.18497 
1786050357.697 -0.003903462 0.004740844 -0.009410271 61.6276 
1786050357.761 -0.003896725 0.006004237 -0.0109675 62.11482 
1786050357.818 -0.008891007 0.005887173 -0.009282276 62.53487 
1786050357.880 -0.003884769 0.002599587 -0.01137789 62.99983 
1786050357.938 -0.003879023 0.006434631 -0.009437957 63.4424 
1786050357.991 -0.003873945 0.007402202 -0.01041837 63.82492 
1786050358.050 -0.008868078 0.006746564 -0.009805428 64.28256 
1786050358.112 -0.008862306 0.004516962 -0.01044728 64.74002 
1786050358.171 -0.003857278 0.004204812 -0.009600161 65.15247 
1786050358.224 -0.003851871 0.003601545 -0.009786997 65.58748 
1786050358.282 -0.003846735 0.002547458 -0.0109999 66.015 
1786050358.343 -0.00384142 0.007486316 -0.01049129 66.47257 
1786050358.412 -0.003835683 0.007443241 -0.008925005 66.96767 
1786050358.482 -0.003830062 0.006197811 -0.008708605 67.46245 
1786050358.540 -0.003824722 0.006363835 -0.01013798 67.93486 
1786050358.594 -0.003819976 0.004071736 -0.009994445 68.36994 
1786050358.651 -0.0088154 0.006150861 -0.01053853 68.7973 
1786050358.715 -0.003810522 0.01047537 -0.00939111 69.26238 
1786050358.775 -0.0038059 0.005110235 -0.009357543 69.71995 
1786050358.830 -0.003801599 0.01018811 -0.01069965 70.13996 
1786050358.883 -0.003797751 0.003418206 -0.009390214 70.52974 
1786050358.945 -0.008793332 0.007339002 -0.009569601 70.9875 
1786050359.003 -0.008789223 0.006704235 -0.008759806 71.42249 
1786050359.063 -0.003785207 0.007595757 -0.0100306 71.85748 
1786050359.118 -0.003781282 0.002057786 -0.009438756 72.29239 
1786050359.181 -0.008777319 0.005209427 -0.009575322 72.74253 
1786050359.251 -0.003772884 0.002196914 -0.007836107 73.26005 
1786050359.318 -0.003768642 0.003976605 -0.01141742 73.76987 
1786050359.408 -0.003763578 0.001524185 -0.008395199 74.40749 
1786050359.476 -0.00875945 0.00445482 -0.009681653 74.94015 
1786050359.540 -0.003755628 0.006489063 -0.009074081 75.4425 
1786050359.610 -0.003751935 0.006933236 -0.009868849 75.95972 
1786050359.674 -0.008748577 0.007769274 -0.01084376 76.4325 
1786050359.729 -0.003745533 0.006375665 -0.009819824 76.88248 
1786050359.789 -0.003742686 0.005463222 -0.01041991 77.32487 
1786050359.855 -0.008739608 0.006801248 -0.009592256 77.80499 
1786050359.919 -0.003736872 0.004289915 -0.009561476 78.26247 
1786050359.980 -0.00373398 0.003903986 -0.009502353 78.75004 
1786050360.032 -0.003731746 0.005319117 -0.009260006 79.1474 
1786050360.089 -0.003729432 0.007462622 -0.009461082 79.57497 
1786050360.147 -0.003727211 0.003168989 -0.009083471 80.00258 
1786050360.205 -0.003725045 0.005483737 -0.008761391 80.43738 
1786050360.263 -0.003723009 0.00869484 -0.008153753 80.87257 
1786050360.321 -0.003720999 0.00883445 -0.009573447 81.30751 
1786050360.380 -0.003719088 0.005864662 -0.009719821 81.75745 
1786050360.440 -0.003717277 0.008173204 -0.01174177 82.20001 
1786050360.506 -0.003715396 0.006619963 -0.007416759 82.67996 
1786050360.563 -0.003713819 0.005499282 -0.009829592 83.11497 
1786050360.619 -0.003712314 0.006020814 -0.009192697 83.55747 
1786050360.675 -0.003711023 0.003567987 -0.00765368 83.96248 
1786050360.739 -0.003709602 0.004115795 -0.007862459 84.45002 
1786050360.811 -0.003708201 0.004872286 -0.009747103 84.96752 
1786050360.882 -0.003706937 0.007067806 -0.006425091 85.48498 
1786050360.942 -0.003705932 0.00330071 -0.01046481 85.93502 
1786050360.996 -0.003705049 0.006578826 -0.009557175 86.38493 
1786050361.058 -0.003704281 0.003925461 -0.01115209 86.82745 
1786050361.131 -0.003703493 0.005454564 -0.001941832 87.3572 
1786050361.196 -0.003702935 0.006874724 0.009170142 87.80894 
1786050361.254 -0.003702536 0.002603078 0.01225165 88.20001 
1786050361.304 -0.003702288 0.003270562 0.01850449 88.49299 
1786050361.358 -0.003702097 0.006242218 0.02050524 88.76991 
1786050361.415 -0.003701947 0.006098834 0.02035416 89.032 
1786050361.474 0.001298158 0.00605693 0.0209185 89.27412 
1786050361.529 0.001298221 0.00211513 0.02341325 89.4686 
1786050361.579 0.001298257 0.003204127 0.02509449 89.62462 
1786050361.643 0.00129828 0.002786891 0.02744628 89.77529 
1786050361.707 0.00129829 0.0009056377 0.02765428 89.89044 
1786050361.765 0.001298292 0.000410956 0.02871964 89.95674 
1786050361.817 0.001298293 0.0003216212 0.02989837 89.99351 
1786050361.873 0.01629829 0.01631957 0.03298033 90 
1786050361.937 0.01629829 0.01631957 0.02663033 90 
1786050361.995 0.01629829 0.01231957 0.02282033 90 
1786050362.048 0.01129829 0.01231957 0.02028033 90 
1786050362.103 0.01129829 0.01231957 0.01901033 90 
1786050362.159 0.01129829 0.01231957 0.01901033 90 
1786050362.210 0.01129829 0.008319566 0.01901033 90 
1786050362.262 0.01129829 0.01231957 0.01901033 90 
1786050362.314 0.01129829 0.01231957 0.01774033 90 
1786050362.366 0.01129829 0.01231957 0.01774033 90 
1786050362.420 0.006298293 0.008319566 0.01774033 90 
1786050362.471 0.006298293 0.008319566 0.01774033 90 
1786050362.524 0.01129829 0.01231957 0.01774033 90 
1786050362.577 0.006298293 0.01231957 0.01774033 90 
1786050362.628 0.006298293 0.01231957 0.01647033 90 
1786050362.681 0.01129829 0.01231957 0.01774033 90 
1786050362.734 0.01129829 0.01231957 0.01774033 90 
1786050362.784 0.01129829 0.01231957 0.01647033 90 
1786050362.835 0.006298293 0.008319566 0.01647033 90 
1786050362.887 0.006298293 0.01231957 0.01647033 90 
1786050362.936 0.006298293 0.008319566 0.01647033 90 
1786050362.985 0.006298293 0.008319566 0.01647033 90 
1786050363.038 0.006298293 0.008319566 0.01520033 90 
1786050363.091 0.01129829 0.01231957 0.01520033 90 
1786050363.147 0.006298293 0.008319566 0.01520033 90 
1786050363.203 0.006298293 0.008319566 0.01393034 90 
1786050363.252 0.006298293 0.008319566 0.01393034 90 
1786050363.302 0.006298293 0.008319566 0.01393034 90 
1786050363.357 0.006298293 0.008319566 0.01393034 90 
1786050363.410 0.006298293 0.008319566 0.01266034 90 
1786050363.460 0.006298293 0.004319566 0.01266034 90 
1786050363.511 0.006298293 0.008319566 0.01266034 90 
1786050363.565 0.006298293 0.004319566 0.01139034 90 
1786050363.618 0.001298293 0.004319566 0.01139034 90 
1786050363.672 0.001298293 0.004319566 0.01139034 90 
1786050363.723 0.006298293 0.004319566 0.01139034 90 
1786050363.777 0.006298293 0.004319566 0.01139034 90 
1786050363.827 0.006298293 0.004319566 0.01139034 90 
1786050363.876 0.006298293 0.008319566 0.01139034 90 
1786050363.933 0.006298293 0.008319566 0.01266034 90 
1786050363.985 0.006298293 0.008319566 0.01139034 90 
1786050364.035 0.006298293 0.008319566 0.01266034 90 
1786050364.088 0.006298293 0.008319566 0.01266034 90 
1786050364.143 0.01129829 0.01231957 0.01266034 90 
1786050364.197 0.01129829 0.01231957 0.01393034 90 
1786050364.250 0.01129829 0.01231957 0.01393034 90 
1786050364.304 0.01129829 0.01231976 0.0187868 89.998 
1786050364.358 0.01629829 0.01635621 0.02534933 89.97187 
1786050364.422 0.01629829 0.02073746 0.02877486 89.90754 
1786050364.478 0.01129828 0.01408571 0.02680515 89.8099 
1786050364.535 0.006298267 0.005324041 0.02391354 89.67999 
1786050364.589 0.001298238 0.007028755 0.02392733 89.53182 
1786050364.661 -0.00370183 0.003709918 0.02225872 89.30449 
1786050364.718 -0.003701934 0.003652464 0.0236326 89.05391 
1786050364.768 -0.008702064 0.0004588183 0.02380648 88.81911 
1786050364.830 -0.008702271 7.237522e-05 0.02177962 88.51483 
1786050364.889 -0.008702564 -5.495559e-05 0.02207383 88.16991 
1786050364.950 -0.008702965 -0.003405408 0.02313801 87.78224 
1786050365.002 -0.008703416 -0.003493283 0.02088456 87.40792 
1786050365.052 -0.008703952 0.001011055 0.01879416 87.03753 
1786050365.115 -0.008704672 -0.005400613 0.01075494 86.5876 
1786050365.177 -0.008705567 -0.006557103 0.01037787 86.1151 
1786050365.227 -0.00870638 -0.007207266 0.007691035 85.72507 
1786050365.279 -0.008707271 -0.005036633 0.007706318 85.33504 
1786050365.337 -0.008708337 -0.005485885 0.007356468 84.90752 
1786050365.397 -0.008709496 -0.008147981 0.006691503 84.47997 
1786050365.452 -0.008710771 -0.004681706 0.006701699 84.04498 
1786050365.501 -0.008711947 -0.008036376 0.007497048 83.67005 
1786050365.558 -0.008713297 -0.01008005 0.0084805 83.26503 
1786050365.615 -0.008714841 -0.007287247 0.007863385 82.83008 
1786050365.667 -0.008716364 -0.004333628 0.007363044 82.42504 
1786050365.720 -0.01371794 -0.007319044 0.007616881 82.0276 
1786050365.789 -0.01372002 -0.00709685 0.008497556 81.53255 
1786050365.850 -0.008722009 -0.006344338 0.006739205 81.07508 
1786050365.910 -0.008724105 -0.006044145 0.007851089 80.63252 
1786050365.967 -0.00872634 -0.01105865 0.0085875 80.17513 
1786050366.026 -0.008728564 -0.006382311 0.007614944 79.74003 
1786050366.095 -0.008731046 -0.008299114 0.007090327 79.27509 
1786050366.160 -0.008733937 -0.008285011 0.007734665 78.75759 
1786050366.213 -0.008736426 -0.004912715 0.007742086 78.33005 
1786050366.266 -0.008738822 -0.007208635 0.007541082 77.93252 
1786050366.324 -0.008741345 -0.0053407 0.00701117 77.51998 
1786050366.381 -0.008744196 -0.008966544 0.008280321 77.0774 
1786050366.432 -0.008746839 -0.008051024 0.007780352 76.68756 
1786050366.484 -0.008749458 -0.008003977 0.007226938 76.30499 
1786050366.538 -0.008752309 -0.007403719 0.007357504 75.90007 
1786050366.600 -0.008755463 -0.009149158 0.006156036 75.46504 
1786050366.655 -0.008758766 -0.006147619 0.007857646 75.02254 
1786050366.704 -0.008761642 -0.004930297 0.006015761 74.64744 
1786050366.760 -0.008764826 -0.008893286 0.007252929 74.24242 
1786050366.817 -0.008768335 -0.006636081 0.005424027 73.80751 
1786050366.868 -0.008771498 -0.002599612 0.007596108 73.42511 
1786050366.925 -0.008775118 -0.003286498 0.007882756 72.99758 
1786050366.982 -0.008778695 -0.00404071 0.006641787 72.58495 
1786050367.045 -0.00378276 -0.007705825 0.006552547 72.12001 
1786050367.098 -0.00878672 -0.007498038 0.00633258 71.69259 
1786050367.151 -0.003790348 -0.006593437 0.00807701 71.30251 
1786050367.213 -0.008794553 -0.005597102 0.006215009 70.85265 
1786050367.277 -0.008799149 -0.005730967 0.007123002 70.38751 
1786050367.330 -0.008803474 -0.003579402 0.007004054 69.95256 
1786050367.385 -0.00380766 -0.008114029 0.00826424 69.54018 
1786050367.445 -0.008812241 -0.009188669 0.006961826 69.09763 
1786050367.502 -0.003816756 -0.006946145 0.006971188 68.67009 
1786050367.553 -0.008820951 -0.005828016 0.007399681 68.28009 
1786050367.606 -0.008825218 -0.006902903 0.006138123 67.89005 
1786050367.661 -0.003829809 -0.00597997 0.00770221 67.47757 
1786050367.713 -0.00883431 -0.006413837 0.005563518 67.08003 
1786050367.764 -0.008838711 -0.005858139 0.006648124 66.69761 
1786050367.816 -0.003843181 -0.004172558 0.007157426 66.31511 
1786050367.877 -0.003848527 -0.007078305 0.0065235 65.86514 
1786050367.932 -0.008853603 -0.005764135 0.007609812 65.44509 
1786050367.982 -0.003858296 -0.00535398 0.006769579 65.06258 
1786050368.038 -0.008863434 -0.0041102 0.006924829 64.65005 
1786050368.100 -0.003869224 -0.002250214 0.00710245 64.19266 
1786050368.154 -0.008874528 -0.005376731 0.0060877 63.77272 
1786050368.206 -0.008879614 -0.006032516 0.007033389 63.39013 
1786050368.263 -0.008885269 -0.006025656 0.005474362 62.9626 
1786050368.339 -0.003892327 -0.006515084 0.006993495 62.42259 
1786050368.403 -0.003899304 -0.009521089 0.006970467 61.92019 
1786050368.453 -0.008904823 -0.007456922 0.007108508 61.53006 
1786050368.507 -0.008910413 -0.003820613 0.006454711 61.13252 
1786050368.574 -0.008917365 -0.007415079 0.005680806 60.63763 
1786050368.635 -0.003923549 -0.006087068 0.005673825 60.20983 
1786050368.696 -0.003930811 -0.004049296 0.006306555 59.72264 
1786050368.747 -0.003936721 -0.003355922 0.00656625 59.32504 
1786050368.803 -0.008943041 -0.004347717 0.006499811 58.90516 
1786050368.857 -0.003949093 -0.004404596 0.005700548 58.50752 
1786050368.907 -0.003954866 -0.003651939 0.005537095 58.12489 
1786050368.959 -0.003960935 -0.002759069 0.005444369 57.74259 
1786050369.016 -0.003967663 -0.005809808 0.00661695 57.31505 
1786050369.076 -0.00397471 -0.00794527 0.006250386 56.87254 
1786050369.130 -0.003981233 -0.006893878 0.005319769 56.46004 
1786050369.179 -0.003987458 -0.00518337 0.006433756 56.08508 
1786050369.240 -0.008994738 -0.006982182 0.004637735 55.64255 
1786050369.302 -0.004002225 -0.005020179 0.004931894 55.19237 
1786050369.356 -0.009009417 -0.003506598 0.006626041 54.76516 
1786050369.410 -0.004016172 -0.001291778 0.005042694 54.36757 
1786050369.467 -0.00402364 -0.002980677 0.006729687 53.93256 
1786050369.535 -0.004031841 -0.0007805672 0.004961471 53.46026 
1786050369.594 -0.004039604 -0.00212652 0.005924123 53.01751 
1786050369.645 -0.00904718 -0.003215685 0.006148871 52.59013 
1786050369.704 -0.009054965 -0.0003609961 0.004554315 52.15514 
1786050369.767 -0.004063508 -0.004788855 0.005249484 51.68242 
1786050369.826 -0.004071452 -0.007571875 0.005263877 51.24732 
1786050369.875 -0.0040785 -0.005550401 0.005833549 50.86507 
1786050369.930 -0.004085886 -0.006994927 0.006276844 50.46778 
1786050369.987 -0.004094039 -0.001724858 0.005441595 50.03247 
1786050370.042 -0.009101555 -0.00230901 0.004258725 49.63492 
1786050370.095 -0.00410942 -0.004289507 0.005876569 49.22259 
1786050370.146 -0.004116916 -0.0006180074 0.0046945 48.83252 
1786050370.205 -0.004125054 -0.002307764 0.006350655 48.41254 
1786050370.261 -0.004133407 0.0009968459 0.006174387 47.98501 
1786050370.319 -0.004141978 -0.006092402 0.004709862 47.55013 
1786050370.372 -0.004150172 -0.00524524 0.006399702 47.13753 
1786050370.430 -0.009158731 -0.00663578 0.005844378 46.71004 
1786050370.482 -0.004166598 -0.008072647 0.005086818 46.32009 
1786050370.533 -0.004174216 -0.005163283 0.006109605 45.94502 
1786050370.589 -0.004182809 -0.003943928 0.005967104 45.52503 
1786050370.657 -0.004192864 -0.003540044 0.004758714 45.03763 
1786050370.715 -0.004202223 0.001633348 0.003902156 44.57966 
1786050370.770 -0.00421118 0.002499421 0.006095505 44.16014 
1786050370.828 -0.004220362 0.004054333 0.004447085 43.72522 
1786050370.890 -0.00422977 -0.003045175 0.005102093 43.2751 
1786050370.956 -0.004239892 -0.005842127 0.003978118 42.80984 
1786050371.013 -0.004249767 -0.003882941 0.004788722 42.35253 
1786050371.064 -0.004258569 -0.002844143 0.004931443 41.94759 
1786050371.125 -0.004268086 -0.001353011 0.005445713 41.51258 
1786050371.179 -0.004277169 -0.002548083 0.004235851 41.09256 
1786050371.229 -0.00428581 -0.0003155387 0.004284359 40.70999 
1786050371.280 -0.004294333 0.003597961 0.004926183 40.32759 
1786050371.336 -0.00430358 0.001557467 0.004682719 39.91506 
1786050371.391 -0.004312543 -0.00260516 0.003028592 39.51748 
1786050371.444 -0.004321899 -0.003783952 0.004341568 39.10508 
1786050371.496 -0.004330966 -0.004015044 0.003745604 38.70754 
1786050371.556 -0.004340775 -0.002773585 0.003746347 38.28005 
1786050371.616 -0.004351335 -0.001824641 0.002587824 37.82251 
1786050371.668 -0.00936039 -0.004550915 0.002251297 37.425 
1786050371.723 -0.009370194 -0.0001557699 0.003386609 37.0126 
1786050371.784 -0.004380581 -0.004230777 0.001180443 36.57001 
1786050371.843 -0.004390674 -0.004729882 0.001396892 36.14244 
1786050371.896 -0.004401 -0.004602682 0.001541497 35.70752 
1786050371.950 -0.009410485 -0.005047449 0.001269442 35.31002 
1786050372.015 -0.004421821 -0.008088136 -0.000112174 34.82262 
1786050372.078 -0.009432859 -0.005325797 -0.001192654 34.37247 
1786050372.131 -0.00944341 -0.004839424 -0.0009981434 33.94502 
1786050372.184 -0.004453099 -0.002385671 -0.001718983 33.54757 
1786050372.252 -0.004465227 -0.002129227 -0.001682062 33.05266 
1786050372.309 -0.009475571 -0.006573555 -0.002797617 32.63261 
1786050372.369 -0.004486708 -0.01159521 -0.003864798 32.18251 
1786050372.421 -0.004496965 -0.004603772 -0.003889237 31.77009 
1786050372.478 -0.004507456 -0.005140295 -0.004837946 31.34263 
1786050372.534 -0.004517805 -0.004446906 -0.005767546 30.93759 
1786050372.585 -0.004527631 -0.007842312 -0.005967101 30.54752 
1786050372.638 -0.004537877 0.0009332991 -0.005996558 30.14257 
1786050372.693 -0.004548164 -0.002242909 -0.005916156 29.73771 
1786050372.751 -0.004558877 -0.008252022 -0.006562886 29.31762 
1786050372.802 -0.004569249 -0.007337886 -0.005680265 28.91267 
1786050372.852 -0.004578889 -0.006246859 -0.00631746 28.53756 
1786050372.909 -0.009589533 -0.005467789 -0.006357541 28.12509 
1786050372.962 -0.004600023 -0.002022512 -0.005029778 27.72016 
1786050373.016 -0.004610747 -0.00181352 -0.006244274 27.30753 
1786050373.070 -0.004621119 -0.0008669895 -0.0056204 26.91011 
1786050373.136 -0.004633496 -0.001075105 -0.006832895 26.4374 
1786050373.202 -0.004646121 -0.005818613 -0.007331245 25.94985 
1786050373.254 -0.004657409 -0.004101207 -0.005645327 25.52254 
1786050373.305 -0.004667742 -0.004556207 -0.00509501 25.14005 
1786050373.369 -0.004679906 -0.005523556 -0.006994114 24.68229 
1786050373.427 -0.009691512 -0.004815358 -0.006796328 24.24741 
1786050373.479 -0.004702555 0.0002519197 -0.005758572 23.83501 
1786050373.535 -0.00471323 -0.001016116 -0.006331502 23.4376 
1786050373.594 -0.009724746 -0.005566717 -0.006176399 23.01002 
1786050373.653 -0.004737314 -0.005261498 -0.006669424 22.54508 
1786050373.703 -0.004747888 -0.005849532 -0.005698337 22.15509 
1786050373.755 -0.004758491 -0.00883285 -0.005792087 21.76506 
1786050373.810 -0.004769532 -0.004099283 -0.006871057 21.36007 
1786050373.864 -0.004779988 -0.003155648 -0.00572001 20.97757 
1786050373.917 -0.004791706 -0.001225017 -0.005589271 20.55004 
1786050373.969 -0.004802425 -0.002133114 -0.005571823 20.1601 
1786050374.027 -0.004814205 -0.004324371 -0.005707327 19.73266 
1786050374.079 -0.004825186 -0.002984859 -0.005829402 19.33511 
1786050374.130 -0.004835779 -0.003962943 -0.005874444 18.95255 
1786050374.188 -0.004847229 -0.005260696 -0.005985522 18.53257 
1786050374.253 -0.004860379 -0.00559777 -0.006440721 18.05999 
1786050374.303 -0.004871679 0.0004854978 -0.005543983 17.66259 
1786050374.354 -0.004882584 -0.0007629517 -0.005473207 17.27255 
1786050374.417 -0.009895196 -0.004110863 -0.007299912 16.81511 
1786050374.486 -0.004909736 -0.007090815 -0.006846588 16.3051 
1786050374.546 -0.004922623 -0.005918409 -0.006230348 15.84751 
1786050374.597 -0.004933843 -0.002982822 -0.00665574 15.44991 
1786050374.649 -0.004944873 -0.004482046 -0.007469906 15.05994 
1786050374.705 -0.004956136 -0.001498539 -0.006924596 14.66254 
1786050374.757 -0.009967845 -0.001215168 -0.005713516 14.25003 
1786050374.815 -0.004978935 -0.007145055 -0.006318926 13.85994 
1786050374.871 -0.004991754 -0.006800308 -0.005508296 13.41006 
1786050374.929 -0.005004169 -0.00770343 -0.005959685 12.97505 
1786050374.980 -0.005015533 -0.001377992 -0.006579558 12.57758 
1786050375.033 -0.0050267 -0.004733951 -0.006999924 12.18718 
1786050375.090 -0.005038744 -0.0005343252 -0.006701155 11.76747 
1786050375.151 -0.005051884 -0.002963884 -0.006165243 11.30989 
1786050375.202 -0.005063317 -0.003255326 -0.006553134 10.9126 
1786050375.255 -0.00507455 -0.001907573 -0.005636556 10.52256 
1786050375.312 -0.005086663 -0.003161886 -0.006595012 10.09505 
1786050375.371 -0.005098792 -7.011203e-05 -0.006228024 9.682624 
1786050375.422 -0.005110719 0.001818039 -0.005740668 9.262528 
1786050375.475 -0.005122443 0.0008964458 -0.006540764 8.86509 
1786050375.539 -0.005135702 0.00119088 -0.006738091 8.407615 
1786050375.610 -0.005150719 0.00118529 -0.006281863 7.890155 
1786050375.669 -0.005163138 -0.009248381 -0.006254246 7.454739 
1786050375.724 -0.005176224 -0.003608266 -0.006731046 7.012681 
1786050375.780 -0.005188886 -0.001345467 -0.006874542 6.577575 
1786050375.841 -0.005201778 -0.003216272 -0.006925882 6.135184 
1786050375.902 -0.005214899 -0.001259897 -0.006598292 5.685108 
1786050375.954 -0.005226936 -0.002407578 -0.007084349 5.272584 
1786050376.007 -0.005238105 -0.00537672 -0.006649887 4.890127 
1786050376.060 -0.005249937 -0.005547219 -0.006774323 4.485012 
1786050376.110 -0.005261118 -0.00611108 -0.006464242 4.102409 
1786050376.162 -0.000272524 -0.003751255 -0.007532012 3.7126 
1786050376.218 -0.005284374 -0.004591176 -0.00714466 3.307527 
1786050376.275 -0.005296887 -0.002699075 -0.00751412 2.880058 
1786050376.332 -0.0003089662 -0.003810787 -0.007733198 2.467386 
1786050376.383 -0.000320829 -0.008206685 -0.006783337 2.054979 
1786050376.443 -0.005334014 -0.004117232 -0.006249044 1.612616 
1786050376.501 -0.0003467613 -0.005469802 -0.006650099 1.177643 
1786050376.560 -0.0003595111 -0.002442412 -0.006486984 0.7425532 
1786050376.615 -0.0003720423 -0.001164025 -0.007260146 0.3075546 
1786050376.670 -0.0003836945 0.0002558827 -0.006618091 -0.08994046 
1786050376.724 -0.0003957864 -0.00637103 -0.006763392 -0.4950542 
1786050376.776 -0.0004074378 -0.009109674 -0.007038681 -0.8924082 
1786050376.830 -0.000419088 -0.008088806 -0.007511366 -1.289927 
1786050376.893 -0.0004322747 -0.005622421 -0.008087265 -1.747491 
1786050376.957 -0.0004458976 -0.003840153 -0.007515574 -2.204798 
1786050377.011 -0.000459077 -0.002758578 -0.007652892 -2.654955 
1786050377.064 -0.0004707148 -0.004093904 -0.007959588 -3.052448 
1786050377.120 -0.0004825678 -0.008338422 -0.008433197 -3.457642 
1786050377.178 -0.0004952931 -0.005977089 -0.008322849 -3.89238 
1786050377.229 -0.0005069157 -0.006223672 -0.008346107 -4.289932 
1786050377.281 -0.0005180941 -0.003323645 -0.00802352 -4.672522 
1786050377.337 -0.0005301423 -0.004464685 -0.008766667 -5.092555 
1786050377.390 -0.0005415262 -0.004117476 -0.007848687 -5.475047 
1786050377.442 -0.0005533401 -0.003826826 -0.008641719 -5.879958 
1786050377.493 -0.0005647083 -0.004653018 -0.008575259 -6.26992 
1786050377.552 -0.0005773782 -0.004878605 -0.008149125 -6.704918 
1786050377.603 -0.0005887279 -0.005256971 -0.008840307 -7.094836 
1786050377.654 -0.0005998499 -0.005102827 -0.008652765 -7.477516 
1786050377.711 -0.0006118334 -0.002844812 -0.008238519 -7.897534 
1786050377.768 -0.0006235873 -0.006051848 -0.00895004 -8.302893 
1786050377.820 -0.0006357637 -0.0005643703 -0.009035351 -8.72247 
1786050377.878 -0.0006483607 -0.004235432 -0.008702286 -9.14988 
1786050377.935 -0.0006607254 -0.01074621 -0.008219644 -9.577599 
1786050377.997 -0.0006732911 -0.006877972 -0.008513418 -10.01233 
1786050378.049 -0.0006858399 -0.006224412 -0.009235322 -10.44743 
1786050378.108 -0.0006981553 -0.006158305 -0.008785745 -10.87494 
1786050378.167 -0.0007106686 -0.003113718 -0.009322754 -11.31755 
1786050378.226 -0.000723163 -0.006041834 -0.008975409 -11.74485 
1786050378.279 -0.0007349929 -0.002697685 -0.009685242 -12.15741 
1786050378.333 -0.0007465899 -0.007838443 -0.00989313 -12.5624 
1786050378.389 -0.0007581686 -0.004465225 -0.009234688 -12.96746 
1786050378.447 -0.0007710117 -0.003606799 -0.008899017 -13.41744 
1786050378.500 -0.0007823365 -0.004729488 -0.009563764 -13.8149 
1786050378.551 -0.0007932158 -0.002949602 -0.0084235 -14.1978 
1786050378.607 -0.0008051404 -0.005508088 -0.00928919 -14.61751 
1786050378.661 -0.0008161929 -0.006633302 -0.008699365 -15.01492 
1786050378.718 -0.0008287089 -0.004268054 -0.009195739 -15.44973 
1786050378.770 -0.0008399292 -0.009332467 -0.008770347 -15.84744 
1786050378.832 -0.0008526049 -0.004461285 -0.01030072 -16.2975 
1786050378.894 -0.0008641987 -0.006203608 -0.009761724 -16.71022 
1786050378.947 -0.000877028 1.328742e-05 -0.009245396 -17.16742 
1786050379.001 -0.0008883588 -0.003974622 -0.009251897 -17.57247 
1786050379.063 -0.0009011278 -0.005268462 -0.008703899 -18.02994 
1786050379.120 -0.0009126125 -0.00785751 -0.01003918 -18.44234 
1786050379.179 -0.0009257338 -0.005874794 -0.01014221 -18.91497 
1786050379.232 -0.0009367437 -0.003137161 -0.00986597 -19.31255 
1786050379.292 -0.0009485547 -0.00340385 -0.009726709 -19.73995 
1786050379.360 -0.0009613658 -0.004651637 -0.008672469 -20.20501 
1786050379.419 -0.0009747558 -0.003346326 -0.009703906 -20.69243 
1786050379.468 -0.000985437 -0.003401218 -0.009663714 -21.08246 
1786050379.523 -0.0009964993 -0.006656436 -0.009791799 -21.48747 
1786050379.580 -0.001007939 -0.005864199 -0.01043627 -21.90744 
1786050379.632 -0.001018735 -0.004036038 -0.009720327 -22.305 
1786050379.683 -0.001029094 -0.001543793 -0.009937385 -22.68741 
1786050379.738 -0.001040031 -0.00468165 -0.00922818 -23.09243 
1786050379.796 -0.001051339 -0.001095346 -0.009765191 -23.51991 
1786050379.852 -0.001063213 -0.00125811 -0.009920368 -23.9548 
1786050379.901 -0.001073244 -0.005437947 -0.01009461 -24.32992 
1786050379.959 -0.001084444 -0.006444148 -0.01006479 -24.75017 
1786050380.018 -0.001096004 -0.006666594 -0.00816539 -25.19263 
1786050380.071 -0.001106531 -0.004091464 -0.009567769 -25.59058 
1786050380.124 -0.001117419 -0.0006958038 -0.01098379 -25.99482 
1786050380.184 0.003870944 0.001824229 -0.01064289 -26.4374 
1786050380.248 0.003859548 -0.001627825 -0.009722027 -26.87243 
1786050380.299 0.003848 -0.0001287884 -0.01026995 -27.31491 
1786050380.351 0.003838054 -0.00757383 -0.01042682 -27.70493 
1786050380.411 0.003826981 -0.005783087 -0.01016754 -28.12495 
1786050380.469 0.003816144 -0.003233812 -0.01088648 -28.55249 
1786050380.521 0.003805158 -0.001952884 -0.01075966 -28.9725 
1786050380.576 0.003794792 -0.00160681 -0.01018679 -29.38492 
1786050380.631 0.003784085 -0.001418939 -0.01013128 -29.79752 
1786050380.687 0.003773614 -0.0012082 -0.01134414 -30.21747 
1786050380.743 0.003762808 -0.001672345 -0.01094149 -30.64494 
1786050380.801 0.003751673 -0.007022874 -0.01036704 -31.07964 
1786050380.856 0.003741714 -0.005060604 -0.01138289 -31.47745 
1786050380.908 0.003731797 -0.007160156 -0.01159605 -31.87505 
1786050380.964 0.003721366 -0.00291793 -0.01092123 -32.29488 
1786050381.017 0.003711353 -0.002547661 -0.009918807 -32.69994 
1786050381.075 0.003700833 -0.001330058 -0.009944753 -33.12759 
1786050381.131 0.00369073 -0.003861718 -0.01060898 -33.54747 
1786050381.180 0.003681405 -0.002924766 -0.01068867 -33.92243 
1786050381.252 0.003669581 -0.008677587 -0.01055889 -34.41013 
1786050381.325 0.003655663 -0.004117699 -0.01079057 -34.99497 
1786050381.385 0.003644706 -0.001953157 -0.01086294 -35.44499 
1786050381.449 0.003633634 -0.003239538 -0.01026076 -35.91009 
1786050381.502 0.003623688 -0.003822826 -0.01205584 -36.32995 
1786050381.562 0.003613268 -0.004067865 -0.01269504 -36.77997 
1786050381.618 0.003603433 -0.003363607 -0.0101662 -37.19255 
1786050381.685 0.003592956 -0.009177999 -0.01086517 -37.64995 
1786050381.737 0.003582543 -0.005570744 -0.01022934 -38.09255 
1786050381.794 0.003572537 -0.006613987 -0.01246448 -38.52738 
1786050381.849 0.003563275 -0.00579812 -0.0112152 -38.93237 
1786050381.909 0.003553387 -0.004719796 -0.01078878 -39.37499 
1786050381.970 0.003543221 -0.003779187 -0.01118221 -39.8174 
1786050382.026 0.003533626 0.0008171339 -0.010108 -40.24511 
1786050382.086 0.003523424 0.001234176 -0.01024104 -40.70264 
1786050382.142 0.003513954 -0.002165532 -0.01188866 -41.12995 
1786050382.203 0.008504217 -0.006478485 -0.01023891 -41.57994 
1786050382.260 0.003494873 -0.005888128 -0.01003249 -42.00751 
1786050382.318 0.003485591 -0.006255147 -0.01071199 -42.43504 
1786050382.376 0.003475728 -0.001557906 -0.01105947 -42.88484 
1786050382.435 0.003466738 -0.001966219 -0.01059621 -43.31261 
1786050382.500 0.008456063 0.0005511444 -0.01137326 -43.81491 
1786050382.559 0.003446737 -0.0005507367 -0.009937235 -44.25749 
1786050382.617 0.00343748 -0.0007028519 -0.01190459 -44.69254 
1786050382.683 0.003427519 -0.0006562744 -0.01306761 -45.1799 
1786050382.750 0.003417334 -0.005081672 -0.007739449 -45.66751 
1786050382.815 0.003407239 -0.005033355 -0.01082459 -46.16252 
1786050382.877 0.003397687 -0.004731528 -0.01128758 -46.63493 
1786050382.933 0.003389266 -0.004440116 -0.01087271 -47.05489 
1786050382.990 0.003380465 -0.00364119 -0.0121838 -47.49753 
1786050383.049 0.00337218 -0.001353048 -0.01165404 -47.91752 
1786050383.129 0.003361335 -0.006107533 -0.01133052 -48.47232 
1786050383.202 0.003350752 -0.004928727 -0.01069022 -49.01995 
1786050383.260 0.003341427 -0.003853376 -0.01117443 -49.5149 
1786050383.335 0.003330781 -0.002719163 -0.01199719 -50.06996 
1786050383.428 0.003319006 -0.005764154 -0.009999646 -50.70017 
1786050383.488 0.003309451 -0.00484717 -0.01237118 -51.21747 
1786050383.549 0.003301092 -0.004498282 -0.01006799 -51.67489 
1786050383.604 0.003293493 -0.001121073 -0.0122313 -52.09488 
1786050383.661 0.003285697 -0.000247361 -0.01161865 -52.52996 
1786050383.719 0.003278375 -0.001938846 -0.01061307 -52.94247 
1786050383.780 0.003270205 -0.001576421 -0.01169743 -53.4075 
1786050383.838 0.003262513 -0.0004660513 -0.01127613 -53.84975 
1786050383.895 0.003255159 -0.00382768 -0.01217734 -54.28492 
1786050383.952 0.003248261 -0.006217694 -0.01251752 -54.68994 
1786050384.016 0.003240552 -0.006119578 -0.01035089 -55.13997 
1786050384.085 0.008231441 -0.002169454 -0.0120226 -55.69497 
1786050384.142 0.003224784 -0.002641378 -0.01063323 -56.09247 
1786050384.195 0.003217589 -0.0005876714 -0.01334247 -56.53496 
1786050384.264 0.003210718 -0.001380079 -0.0104474 -56.96993 
1786050384.328 0.00320215 -1.218147e-05 -0.009137576 -57.50261 
1786050384.384 0.003195224 0.002901848 -0.01201354 -57.94493 
1786050384.438 0.003189304 0.001373824 -0.01084759 -58.32751 
1786050384.495 0.003182422 -0.0002398051 -0.01258051 -58.77734 
1786050384.550 0.003176192 0.001751751 -0.01185839 -59.1899 
1786050384.610 0.003169702 0.001181146 -0.01020643 -59.62501 
1786050384.666 0.003163515 -0.005263747 -0.01117798 -60.04505 
1786050384.725 0.003156757 -0.002535967 -0.0114025 -60.50999 
1786050384.781 0.003150842 -0.004926188 -0.01273293 -60.92237 
1786050384.839 0.003145004 -0.00170803 -0.01072803 -61.34249 
1786050384.901 0.003138306 -0.002669852 -0.01183892 -61.81489 
1786050384.959 0.003132326 -0.0005531588 -0.01014167 -62.25004 
1786050385.012 0.003126835 -0.003911135 -0.01008439 -62.65492 
1786050385.077 0.003120822 -0.003452616 -0.01215986 -63.10485 
1786050385.141 0.003114216 -0.001865394 -0.009555102 -63.60754 
1786050385.207 0.003107822 -0.0007164223 -0.01189422 -64.10244 
1786050385.263 0.003102486 -0.005476468 -0.01000251 -64.52237 
1786050385.318 0.003097044 -0.00623966 -0.01159458 -64.95745 
1786050385.375 0.003091965 -0.004229833 -0.01063592 -65.36987 
1786050385.433 0.003086785 -0.006895695 -0.008108931 -65.79772 
1786050385.490 0.00308169 -0.009849555 -0.01036291 -66.22498 
1786050385.546 0.003076594 -0.004507491 -0.01010832 -66.65997 
1786050385.602 0.003071843 -0.005192085 -0.009103367 -67.07253 
1786050385.657 0.003067173 -0.005189631 -0.009495527 -67.485 
1786050385.707 0.003062914 -0.007783352 -0.01051673 -67.86745 
1786050385.762 0.003058561 -0.004511066 -0.009838065 -68.26499 
1786050385.816 0.003053964 -0.006508413 -0.008776865 -68.69265 
1786050385.875 -0.001950624 -0.002179831 -0.0102574 -69.12716 
1786050385.931 -0.001954815 -0.005816897 -0.009546294 -69.53242 
1786050385.980 -0.001958776 -0.005288246 -0.01049075 -69.92238 
1786050386.037 -0.00196296 -0.002176982 -0.00959096 -70.34239 
1786050386.101 -0.001967421 -0.00218858 -0.009535159 -70.8 
1786050386.155 -0.001971498 -0.003523272 -0.009568845 -71.22735 
1786050386.205 -0.001975071 -0.005153189 -0.009928722 -71.60992 
1786050386.266 -0.001979116 -0.004671441 -0.01046267 -72.05235 
1786050386.331 -0.00198333 -0.003307506 -0.01012673 -72.53231 
1786050386.389 -0.001987048 -0.005728262 -0.0103023 -72.95263 
1786050386.440 -0.006990615 -0.004628239 -0.01045101 -73.37247 
1786050386.502 -0.001994217 -0.004614795 -0.01108596 -73.80745 
1786050386.568 -0.001998322 -0.004593472 -0.009584373 -74.31736 
1786050386.627 -0.002001664 -0.006248412 -0.009948269 -74.74491 
1786050386.687 -0.002005198 -0.003470927 -0.00843353 -75.20999 
1786050386.742 -0.002008297 -0.003551538 -0.009534501 -75.62998 
1786050386.798 -0.00201115 -0.004585212 -0.007074269 -76.03515 
1786050386.857 -0.002014233 -0.005835521 -0.01047739 -76.4699 
1786050386.906 -0.00201692 -0.004696053 -0.0093151 -76.86749 
1786050386.959 -0.002019479 -0.003850939 -0.008804962 -77.25739 
1786050387.012 -0.00202201 -0.00452205 -0.009410749 -77.65497 
1786050387.070 -0.002024598 -0.002222392 -0.008291527 -78.075 
1786050387.122 -0.00202701 -0.001547874 -0.01099497 -78.47987 
1786050387.173 -0.002029255 -0.004777911 -0.008158109 -78.86994 
1786050387.231 -0.002031588 -0.003334564 -0.008113243 -79.28998 
1786050387.291 -0.002033713 -0.001839451 -0.007385749 -79.69524 
1786050387.343 -0.002036024 -0.008085011 -0.009347156 -80.13739 
1786050387.398 -0.007038052 -0.004713551 -0.00892081 -80.54995 
1786050387.459 -0.002040098 -0.00598024 -0.008632144 -80.98482 
1786050387.522 -0.002042114 -0.0009903623 -0.007920982 -81.43507 
1786050387.578 -0.002044089 -0.005809505 -0.009136587 -81.90746 
1786050387.632 -0.00204575 -0.002557879 -0.01099664 -82.31245 
1786050387.691 -0.002047324 -0.001869676 -0.00585156 -82.72508 
1786050387.759 -0.002049022 -0.004740594 -0.00846427 -83.20482 
1786050387.816 -0.002050605 0.0007855006 -0.007742943 -83.67036 
1786050387.867 -0.002051873 -0.001187824 -0.01049349 -84.07495 
1786050387.925 -0.00205312 -0.00301028 -0.01201445 -84.50237 
1786050387.981 -0.002054235 -0.0020406 -0.01033727 -84.91486 
1786050388.032 -0.002055227 -0.0004838051 -0.007715243 -85.31252 
1786050388.087 -0.002056123 -0.001458361 -0.01147353 -85.7022 
1786050388.141 -0.002056986 -0.000693773 -0.008672116 -86.11493 
1786050388.200 -0.002057814 0.001611722 -0.007008491 -86.55739 
1786050388.254 -0.002058497 -0.00179839 -0.008969915 -86.97751 
1786050388.304 -0.002059039 -0.0004741688 -0.003063871 -87.34275 
1786050388.360 -0.002059526 0.0004016686 0.006760923 -87.72868 
1786050388.415 -0.002059912 -0.001718033 0.01223485 -88.09026 
1786050388.469 -0.002060193 -3.119059e-05 0.01704406 -88.40945 
1786050388.525 -0.002060419 -0.0009103812 0.01859129 -88.70964 
1786050388.590 -0.002060592 0.0001017741 0.01928223 -89.00543 
1786050388.662 -0.00206072 0.0005321271 0.02030782 -89.30061 
1786050388.717 -0.007060781 0.0002503717 0.02277653 -89.50061 
1786050388.768 -0.002060814 0.002496333 0.02308606 -89.6515 
1786050388.827 -0.002060833 0.002143238 0.02613867 -89.78372 
1786050388.890 -0.002060842 0.003889578 0.02717863 -89.89492 
1786050388.950 -0.007060845 0.004371574 0.02771227 -89.96556 
1786050389.002 -0.007060845 0.004428566 0.02770321 -89.9955 
1786050389.053 -0.002060845 0.004429558 0.02663033 -90 
1786050389.114 -0.007060845 0.004429558 0.02155033 -90 
1786050389.169 -0.007060845 0.004429558 0.01774033 -90 
1786050389.220 -0.007060845 0.004429558 0.01647033 -90 
1786050389.273 -0.002060845 0.004429558 0.01647033 -90 
1786050389.326 -0.007060845 0.004429558 0.01647033 -90 
1786050389.377 -0.002060845 0.004429558 0.01647033 -90 
1786050389.430 -0.007060845 0.004429558 0.01520033 -90 
1786050389.479 -0.002060845 0.004429558 0.01520033 -90 
1786050389.535 -0.007060845 0.004429558 0.01520033 -90 
1786050389.590 -0.002060845 0.004429558 0.01520033 -90 
1786050389.641 -0.002060845 0.004429558 0.01520033 -90 
1786050389.695 -0.002060845 0.004429558 0.01520033 -90 
1786050389.744 -0.002060845 0.004429558 0.01520033 -90 
1786050389.793 -0.002060845 0.004429558 0.01393034 -90 
1786050389.854 -0.002060845 0.004429558 0.01393034 -90 
1786050389.905 -0.002060845 0.004429558 0.01393034 -90 
1786050389.957 -0.002060845 0.004429558 0.01393034 -90 
1786050390.012 -0.007060845 0.004429558 0.01393034 -90 
1786050390.067 -0.007060845 0.004429558 0.01266034 -90 
1786050390.118 -0.007060845 0.004429558 0.01266034 -90 
1786050390.173 -0.007060845 0.004429558 0.01266034 -90 
1786050390.223 -0.007060845 0.004429558 0.01266034 -90 
1786050390.272 -0.007060845 0.0004295577 0.01266034 -90 
1786050390.325 -0.007060845 0.0004295577 0.01266034 -90 
1786050390.375 -0.007060845 0.0004295577 0.01266034 -90 
1786050390.424 -0.007060845 0.0004295577 0.01266034 -90 
1786050390.475 -0.01206085 -0.003570442 0.01139034 -90 
1786050390.528 -0.007060845 -0.003570442 0.01139034 -90 
1786050390.580 -0.01206085 -0.007570442 0.01139034 -90 
1786050390.636 -0.007060845 -0.003570442 0.01139034 -90 
1786050390.689 -0.007060845 -0.003570442 0.01139034 -90 
1786050390.741 -0.007060845 -0.007570442 0.01139034 -90 
1786050390.793 -0.007060845 -0.007570442 0.01139034 -90 
1786050390.843 -0.007060845 -0.007570442 0.01012034 -90 
1786050390.897 -0.007060845 -0.007570442 0.01012034 -90 
1786050390.954 -0.007060845 -0.007570442 0.01012034 -90 
1786050391.008 -0.007060845 -0.007570442 0.01012034 -90 
1786050391.059 -0.007060845 -0.007570442 0.01012034 -90 
1786050391.115 -0.007060845 -0.007570442 0.01012034 -90 
1786050391.167 -0.007060845 -0.007570442 0.01012034 -90 
1786050391.220 -0.002060845 -0.003570442 0.01012034 -90 
1786050391.273 -0.007060845 -0.003570442 0.01012034 -90 
1786050391.328 -0.007060845 -0.007571093 0.01402644 -89.99635 
1786050391.384 0.002939155 0.0003743183 0.02436345 -89.96639 
1786050391.450 0.007939158 0.01188958 0.02844862 -89.89492 
1786050391.506 0.007939166 0.01035527 0.02703379 -89.79394 
1786050391.557 0.007939182 0.007264955 0.0256838 -89.67489 
1786050391.612 0.002939214 0.005149346 0.0243193 -89.51947 
1786050391.669 0.002939267 -0.001012736 0.02328531 -89.33752 
1786050391.727 0.002939364 -0.003419267 0.0242256 -89.09689 
1786050391.780 -0.002060508 -0.007868124 0.02398393 -88.85278 
1786050391.835 -0.002060325 -0.006884253 0.0236499 -88.57426 
1786050391.892 -0.007060075 -0.006562711 0.02349756 -88.26544 
1786050391.952 -0.002059718 -0.006906857 0.0231915 -87.90054 
1786050392.005 -0.007059283 -0.009847412 0.02255095 -87.52907 
1786050392.055 -0.007058779 -0.01024293 0.02346816 -87.15752 
1786050392.116 -0.007058123 -0.007456813 0.01440455 -86.73763 
1786050392.180 -0.007057263 -0.007629747 0.01063905 -86.2576 
1786050392.236 -0.007056367 -0.01087792 0.008112657 -85.81504 
1786050392.288 -0.002055459 -0.008338457 0.009552601 -85.41 
1786050392.345 -0.007054447 -0.00943365 0.008359502 -84.99753 
1786050392.408 -0.002053246 -0.01097277 0.007709401 -84.54763 
1786050392.463 -0.002052031 -0.007279816 0.009416696 -84.12002 
1786050392.515 -0.007050726 -0.008135233 0.009643212 -83.70757 
1786050392.571 -0.007049332 -0.01042223 0.009109137 -83.28765 
1786050392.629 -0.007047875 -0.0126168 0.006805662 -82.87504 
1786050392.690 -0.007046188 -0.006917248 0.007363044 -82.41749 
1786050392.751 -0.007044305 -0.01044211 0.008122763 -81.95266 
1786050392.805 -0.007042569 -0.009973899 0.008875605 -81.54005 
1786050392.861 -0.007040747 -0.009951244 0.007182379 -81.12006 
1786050392.918 -0.002038804 -0.01191649 0.008331182 -80.7 
1786050392.973 -0.007036771 -0.009326294 0.00764117 -80.28755 
1786050393.023 -0.002034843 -0.009003948 0.009675857 -79.89756 
1786050393.080 -0.00203264 -0.006277211 0.00723048 -79.48498 
1786050393.135 -0.002030391 -0.007897735 0.009370886 -79.07262 
1786050393.187 -0.007028099 -0.009589578 0.009099409 -78.66754 
1786050393.243 -0.00202568 -0.00754079 0.008689202 -78.25507 
1786050393.307 -0.002022852 -0.007802434 0.008988876 -77.79011 
1786050393.360 -0.007020252 -0.008352401 0.007588674 -77.37748 
1786050393.412 -0.002017666 -0.006196679 0.009638088 -76.98008 
1786050393.468 -0.007014899 -0.01058077 0.008612929 -76.5676 
1786050393.535 -0.007011732 -0.007519704 0.007017661 -76.10992 
1786050393.598 -0.002008297 -0.007551538 0.008245489 -75.63018 
1786050393.652 -0.007004973 -0.006388975 0.009167462 -75.18009 
1786050393.707 -0.002001953 -0.007074639 0.008465006 -74.78255 
1786050393.770 -0.006998203 -0.01130397 0.007764987 -74.30267 
1786050393.828 -0.001994768 -0.007444512 0.008210147 -73.87503 
1786050393.880 -0.001991493 -0.00493242 0.00778641 -73.47747 
1786050393.935 -0.001988076 -0.005445085 0.008852689 -73.06505 
1786050393.989 -0.001984514 -0.005802618 0.005964198 -72.65996 
1786050394.050 -0.001980533 -0.006941774 0.009429085 -72.20261 
1786050394.102 -0.006976934 -0.005388625 0.00709908 -71.80489 
1786050394.154 -0.001973259 -0.007334941 0.008180648 -71.41512 
1786050394.212 -0.001969292 -0.00491346 0.007880864 -70.99505 
1786050394.272 -0.001964874 -0.008676108 0.00817072 -70.53749 
1786050394.325 -0.006960954 -0.005438983 0.008350335 -70.14006 
1786050394.378 -0.001957033 -0.008722877 0.005824877 -69.74232 
1786050394.434 -0.001952652 -0.006948037 0.006595709 -69.32246 
1786050394.493 -0.001948104 -0.007538238 0.005965576 -68.88752 
1786050394.544 -0.00194395 -0.008333519 0.007846401 -68.49007 
1786050394.597 -0.001939641 -0.007828753 0.008288087 -68.10019 
1786050394.659 -0.001934506 -0.008630758 0.006788432 -67.63502 
1786050394.715 -0.001929949 -0.006799617 0.007622755 -67.2303 
1786050394.767 -0.001925229 -0.008273767 0.007833892 -66.81754 
1786050394.825 -0.001920429 -0.005031891 0.007849831 -66.40498 
1786050394.888 -0.001914923 -0.00873451 0.005493839 -65.93979 
1786050394.947 -0.001909497 -0.004880833 0.007017579 -65.48994 
1786050394.999 -0.001904627 -0.008807651 0.006835602 -65.08501 
1786050395.051 -0.001899589 -0.005315038 0.007665063 -64.68764 
1786050395.115 -0.001893902 -0.00340995 0.007581507 -64.23762 
1786050395.177 -0.001887733 -0.005551248 0.007322961 -63.75744 
1786050395.228 -0.001882544 -0.004488109 0.008590015 -63.36008 
1786050395.280 -0.001877484 -0.007060628 0.005598947 -62.97739 
1786050395.334 -0.001872052 -0.00837046 0.007602267 -62.57254 
1786050395.385 -0.001866854 -0.00511513 0.006386093 -62.18998 
1786050395.439 -0.001861278 -0.006038013 0.006642144 -61.7851 
1786050395.493 -0.001855628 -0.009083888 0.006940749 -61.37997 
1786050395.554 -0.001849478 -0.007728496 0.00543388 -60.94483 
1786050395.611 -0.001843243 -0.006535967 0.00510749 -60.50968 
1786050395.662 -0.001837472 -0.008762241 0.007998835 -60.11257 
1786050395.718 -0.001831409 -0.006734396 0.007129021 -59.70006 
1786050395.775 -0.001825046 -0.005961575 0.00656482 -59.27255 
1786050395.824 -0.001819284 -0.006283965 0.00601594 -58.89001 
1786050395.876 -0.001813459 -0.00284628 0.005700548 -58.50735 
1786050395.936 -0.00180664 -0.005133546 0.006223053 -58.06507 
1786050395.998 -0.001799972 -0.006697059 0.005706192 -57.6375 
1786050396.051 -0.001793105 -0.004833276 0.006532094 -57.19507 
1786050396.107 -0.001786399 -0.00700425 0.005093971 -56.78244 
1786050396.163 -0.001779494 -0.005603612 0.006044592 -56.35506 
1786050396.214 -0.001773251 -0.006006548 0.0055303 -55.9651 
1786050396.265 -0.001766821 -0.005988427 0.006256282 -55.58257 
1786050396.326 -0.001759448 -0.006119577 0.006321851 -55.13265 
1786050396.381 -0.001752374 -0.009174481 0.00660799 -54.72007 
1786050396.430 -0.001745996 -0.003365963 0.007081139 -54.34507 
1786050396.482 -0.0017393 -0.006128243 0.006492382 -53.95491 
1786050396.541 -0.001731889 -0.001651853 0.006005903 -53.52744 
1786050396.600 -0.00172427 -0.0007489276 0.006890682 -53.09254 
1786050396.653 -0.001716973 -0.007699732 0.00610035 -52.67256 
1786050396.703 -0.001710146 -0.006204509 0.006408236 -52.29752 
1786050396.762 -0.001702445 -0.008958178 0.00608805 -51.86252 
1786050396.822 -0.001694671 -0.005758882 0.004886609 -51.44243 
1786050396.876 -0.001686546 -0.00536477 0.005762504 -51.00003 
1786050396.929 -0.001679322 -0.009212329 0.006285154 -50.61014 
1786050396.987 -0.001671333 -0.006931045 0.007547512 -50.18262 
1786050397.050 -0.001663272 -0.006366003 0.005292973 -49.74759 
1786050397.111 -0.001654137 -0.003094382 0.005463674 -49.27497 
1786050397.164 -0.001645926 -0.003361274 0.006239225 -48.8476 
1786050397.224 -0.001637644 -0.005074271 0.00542327 -48.42006 
1786050397.286 -0.001628262 -0.004947875 0.006598563 -47.94004 
1786050397.342 -0.001620426 -0.009500985 0.005707371 -47.53499 
1786050397.393 -0.001612081 -0.007139301 0.005717477 -47.12262 
1786050397.448 -0.001603972 -0.007825449 0.005758837 -46.71782 
1786050397.505 -0.001595651 -0.01019317 0.006000647 -46.29757 
1786050397.556 -0.001587419 -0.009341563 0.005489936 -45.90008 
1786050397.610 -0.001579435 -0.006149924 0.00492278 -45.5099 
1786050397.664 -0.001571085 -0.0008255565 0.005178699 -45.10499 
1786050397.723 -0.001562207 -0.0004101527 0.0052398 -44.67743 
1786050397.777 -0.001553263 -0.0005507365 0.006572756 -44.25011 
1786050397.830 -0.001545206 -0.003452312 0.004746057 -43.86756 
1786050397.886 -0.001535979 -0.005611887 0.004283596 -43.4325 
1786050397.942 -0.00152749 -0.005672231 0.005360983 -43.02756 
1786050397.997 -0.001518136 -0.005376534 0.00507468 -42.59252 
1786050398.051 -0.001509369 -0.00782682 0.004844753 -42.19504 
1786050398.114 -0.001499561 -0.004948958 0.004362437 -41.73762 
1786050398.178 -0.001488693 -0.0005952879 0.005413639 -41.25013 
1786050398.234 -0.001479407 -0.00213547 0.004495748 -40.82268 
1786050398.289 -0.001470061 -0.002945206 0.004213358 -40.41018 
1786050398.346 -0.001460489 -0.00310068 0.004600258 -39.98245 
1786050398.410 -0.001450009 -0.004645716 0.004298592 -39.5176 
1786050398.467 -0.001440824 -0.003466924 0.004341568 -39.10484 
1786050398.521 -0.001430728 -0.01110994 0.004170773 -38.6699 
1786050398.577 -0.001421087 -0.004349462 0.003622031 -38.24994 
1786050398.639 -0.001411043 0.0002312488 0.003276207 -37.80754 
1786050398.701 -0.001399717 -0.001820465 0.00468379 -37.32774 
1786050398.752 -0.001390426 -0.004109458 0.004308818 -36.93009 
1786050398.810 -0.001380381 -0.004411617 0.003483459 -36.49515 
1786050398.866 -0.001370635 -0.003959945 0.004463617 -36.09005 
1786050398.928 -0.001359588 -0.005893203 0.004147505 -35.62505 
1786050398.980 -0.001349913 -0.009608994 0.003893838 -35.22004 
1786050399.032 -0.001340912 -0.004700582 0.002569174 -34.84474 
1786050399.087 -0.001330963 -0.004766359 0.003324941 -34.43247 
1786050399.154 -0.001318777 -0.004083926 0.00397606 -33.93007 
1786050399.210 -0.00130872 -0.0008694762 0.002485941 -33.50999 
1786050399.260 -0.001298983 -0.00449571 0.00284023 -33.12009 
1786050399.320 -0.001288277 -0.005222371 0.002420505 -32.68513 
1786050399.385 -0.001276775 -0.009527782 0.001891105 -32.2124 
1786050399.451 -0.001264839 -0.005461914 0.0006845313 -31.74002 
1786050399.519 -0.001252466 -0.004556295 -0.0007040418 -31.24481 
1786050399.574 -0.001240406 -0.003903396 0.000530859 -30.76504 
1786050399.629 -0.001229993 -0.004548954 -6.844966e-05 -30.35254 
1786050399.691 -0.001218965 -0.002765621 -0.001697128 -29.91013 
1786050399.759 -0.001206932 -0.000997259 -0.001174837 -29.44495 
1786050399.818 -0.00119465 -0.002688585 -0.003122906 -28.96472 
1786050399.868 -0.001184242 -0.006352649 -0.003018243 -28.56008 
1786050399.924 -0.001173601 -0.006701176 -0.004800137 -28.14751 
1786050399.981 -0.001162724 -0.004059465 -0.004243555 -27.72755 
1786050400.032 -0.001152586 -0.004218222 -0.004596278 -27.33758 
1786050400.082 -0.001142609 -0.001773258 -0.005432181 -26.95505 
1786050400.135 -0.001132204 -0.0009211903 -0.005584777 -26.55756 
1786050400.187 -0.001122355 -0.001918505 -0.00652636 -26.18252 
1786050400.241 -0.001111485 -0.01001511 -0.005930917 -25.77005 
1786050400.293 -0.001101173 -0.007519738 -0.005698309 -25.38011 
1786050400.350 -0.00108983 -0.005714876 -0.005191808 -24.95253 
1786050400.403 -0.001079049 -0.008850929 -0.005876573 -24.54749 
1786050400.458 -0.001068032 -0.004963106 -0.005238707 -24.1351 
1786050400.514 -0.00105718 -0.00143342 -0.006189005 -23.72993 
1786050400.574 -0.001045084 -0.003738342 -0.005969555 -23.28016 
1786050400.629 -0.001034161 -0.005703162 -0.004927706 -22.87505 
1786050400.682 -0.001023004 -0.008700617 -0.005147026 -22.46252 
1786050400.743 -0.001010793 -0.008666423 -0.004982571 -22.005 
1786050400.807 -0.0009981355 -0.006153963 -0.006000137 -21.54761 
1786050400.860 -0.0009866676 -0.004365162 -0.005130197 -21.12754 
1786050400.914 -0.0009753728 -0.00151353 -0.005978049 -20.71499 
1786050400.970 -0.0009642534 -0.001163367 -0.005199364 -20.31018 
1786050401.028 -0.0009524847 -0.004826879 -0.005797684 -19.88237 
1786050401.078 -0.0009415133 -0.004211163 -0.005511491 -19.48504 
1786050401.130 -0.0009309304 -0.005387624 -0.006612683 -19.10261 
1786050401.187 -0.0009196983 -0.006328391 -0.006729614 -18.69 
1786050401.245 -0.0009071867 -0.003972679 -0.006348233 -18.24002 
1786050401.298 -0.0008956893 4.802783e-05 -0.006577327 -17.83502 
1786050401.352 -0.0008845846 -0.0007796689 -0.00670366 -17.43745 
1786050401.414 -0.0008717739 0.0005472165 -0.005841936 -16.98008 
1786050401.472 -0.0008595642 0.0006605681 -0.007048477 -16.53765 
1786050401.525 -0.0008481717 -0.003142218 -0.006586551 -16.14019 
1786050401.575 -0.0008373907 -0.01015989 -0.006175093 -15.75754 
1786050401.630 -0.0008259534 -0.002525879 -0.005197755 -15.35254 
1786050401.682 -0.0008149187 -0.002001222 -0.005787377 -14.96256 
1786050401.735 -0.0008036511 0.001406593 -0.005966493 -14.55759 
1786050401.791 -0.0007917236 7.044873e-05 -0.006314584 -14.14507 
1786050401.857 -0.0007780653 -0.0004821035 -0.005681157 -13.66515 
1786050401.915 -0.0007663053 -0.002463101 -0.00665843 -13.25248 
1786050401.972 -0.0007528104 -0.003808718 -0.006491 -12.78012 
1786050402.031 -0.0007403641 -0.00487357 -0.006377048 -12.34515 
1786050402.092 -0.000727682 0.001022628 -0.006772468 -11.9026 
1786050402.158 -0.0007141173 0.002355565 -0.005262103 -11.43008 
1786050402.211 -0.0007016091 0.001470821 -0.0054183 -10.99502 
1786050402.263 -0.0006901631 -0.0005625692 -0.006388183 -10.59758 
1786050402.327 -0.0006771874 -0.002738455 -0.006176948 -10.14743 
1786050402.385 -0.0006644101 0.0009883256 -0.005848707 -9.705089 
1786050402.441 -0.0006522669 -0.002188978 -0.006579367 -9.285044 
1786050402.495 -0.0006401092 0.003852678 -0.006540764 -8.865052 
1786050402.547 -0.0006285899 0.003836273 -0.006496908 -8.467596 
1786050402.608 -0.0006159703 0.001669738 -0.006289203 -8.025083 
1786050402.659 -0.0006042089 -0.0006038159 -0.007269532 -7.627563 
1786050402.713 -0.0005926544 -0.003349004 -0.006557161 -7.230378 
1786050402.770 -0.0005802165 -0.00280659 -0.006303588 -6.802538 
1786050402.835 -0.0005660195 0.001764497 -0.006978448 -6.315108 
1786050402.897 -0.000552684 0.002865729 -0.005921519 -5.857591 
1786050402.950 -0.0005413073 0.002084594 -0.006197123 -5.459778 
1786050403.001 -0.0005297043 -0.00193732 -0.006499914 -5.069991 
1786050403.065 -0.0005159027 0.002157303 -0.007112932 -4.597558 
1786050403.132 -0.0005018727 -0.001377314 -0.006133109 -4.117481 
1786050403.191 -0.0004891507 -0.003106907 -0.006860674 -3.674949 
1786050403.247 -0.0004755444 0.00228628 -0.006409062 -3.217567 
1786050403.305 -0.0004634693 0.004109877 -0.007013211 -2.797477 
1786050403.369 -0.0004498308 0.01135305 -0.006840634 -2.33939 
1786050403.429 -0.0004387023 0.01395903 -0.007083323 -1.959427 
1786050403.485 -0.0004285569 0.02034543 -0.006346611 -1.61276 
1786050403.543 -0.0004192464 0.01817307 -0.006923754 -1.295468 
1786050403.601 -0.0004109551 0.02263432 -0.005506388 -1.012623 
1786050403.660 -0.0004040284 0.02374393 -0.006445352 -0.7762212 
1786050403.712 -0.0003982194 0.02229866 -0.006033825 -0.5780325 
1786050403.763 0.004606482 0.02419984 -0.005734598 -0.4147764 
1786050403.819 0.004610767 0.02106374 -0.005950036 -0.2691452 
1786050403.877 -0.0003858163 0.02148834 -0.006123476 -0.1531366 
1786050403.932 0.004616578 0.02148035 -0.005204745 -0.07200521 
1786050403.983 0.004618046 0.02382268 -0.004977563 -0.02311806 
1786050404.039 0.009618695 0.02711468 -0.003681472 -0.0008447811 
1786050404.101 0.009618724 0.01837456 0.0001285608 -1.071629e-08 
1786050404.154 0.009618724 0.01437456 0.002668559 -1.071629e-08 
1786050404.206 0.009618724 0.01037456 0.003938559 -1.071629e-08 
1786050404.260 0.009618724 0.01037456 0.006478557 -1.071629e-08 
1786050404.317 0.009618724 0.01037456 0.007748557 -1.071629e-08 
1786050404.369 0.009618724 0.01037456 0.007748557 -1.071629e-08 
1786050404.419 0.009618724 0.01037456 0.007748557 -1.071629e-08 
1786050404.471 0.009618724 0.01037456 0.007748557 -1.071629e-08 
1786050404.522 0.009618724 0.01037456 0.007748557 -1.071629e-08 
1786050404.578 0.009618724 0.01037456 0.007748557 -1.071629e-08 
1786050404.629 0.009618724 0.01037456 0.007748557 -1.071629e-08 
1786050404.679 0.009618724 0.01037456 0.007748557 -1.071629e-08 
1786050404.730 0.009618724 0.01037456 0.007748557 -1.071629e-08 
1786050404.782 0.009618724 0.01037456 0.006478557 -1.071629e-08 
1786050404.833 0.004618724 0.01037456 0.006478557 -1.071629e-08 
1786050404.888 0.009618724 0.01037456 0.007748557 -1.071629e-08 
1786050404.937 0.009618724 0.01037456 0.007748557 -1.071629e-08 
1786050404.986 0.009618724 0.01037456 0.007748557 -1.071629e-08 
1786050405.037 0.009618724 0.01037456 0.007748557 -1.071629e-08 
1786050405.088 0.009618724 0.01037456 0.007748557 -1.071629e-08 
1786050405.146 0.009618724 0.01037456 0.006478557 -1.071629e-08 
1786050405.207 0.009618724 0.01037456 0.007748557 -1.071629e-08 
1786050405.262 0.009618724 0.01037456 0.007748557 -1.071629e-08 
1786050405.314 0.009618724 0.01037456 0.007748557 -1.071629e-08 
1786050405.368 0.009618724 0.01037456 0.006478557 -1.071629e-08 
1786050405.418 0.009618724 0.01037456 0.006478557 -1.071629e-08 
1786050405.469 0.009618724 0.01037456 0.007748557 -1.071629e-08 
1786050405.537 0.009618724 0.01037456 0.006478557 -1.071629e-08 
1786050405.595 0.004618724 0.01037456 0.006478557 -1.071629e-08 
1786050405.649 0.009618724 0.01037456 0.006478557 -1.071629e-08 
1786050405.702 0.009618724 0.01037456 0.007748557 -1.071629e-08 
1786050405.755 0.009618724 0.01037456 0.007748557 -1.071629e-08 
1786050405.808 0.004618724 0.01037456 0.006478557 -1.071629e-08 
1786050405.862 0.009618724 0.01037456 0.006478557 -1.071629e-08 
1786050405.918 0.009618724 0.01037456 0.006478557 -1.071629e-08 
1786050405.970 0.009618724 0.01037456 0.006478557 -1.071629e-08 
1786050406.022 0.009618724 0.01037456 0.006478557 -1.071629e-08 
1786050406.075 0.004618724 0.006374562 0.006478557 -1.071629e-08 
1786050406.133 0.004618724 0.01037456 0.006478557 -1.071629e-08 
1786050406.183 0.009618724 0.01037456 0.006478557 -1.071629e-08 
1786050406.237 0.009618724 0.01037456 0.006478557 -1.071629e-08 
1786050406.286 0.009618724 0.01037456 0.006478557 -1.071629e-08 
1786050406.342 0.004618724 0.006374562 0.006478557 -1.071629e-08 
1786050406.397 0.009618724 0.01037456 0.006478557 -1.071629e-08 
1786050406.447 0.009618724 0.01037456 0.006478557 -1.071629e-08 
1786050406.505 0.009618724 0.01037456 0.006478557 -1.071629e-08 
1786050406.558 0.004618724 0.01037456 0.006478557 -1.071629e-08 
1786050406.615 0.009618724 0.01037456 0.006478557 -1.071629e-08 
1786050406.684 0.009618724 0.01037456 0.006478557 -1.071629e-08 
1786050406.749 0.009618724 0.01037456 0.006478557 -1.071629e-08 
1786050406.823 0.004618724 0.006374562 0.006478557 -1.071629e-08 
1786050406.898 0.004618724 0.006374562 0.006478557 -1.071629e-08 
1786050406.963 0.009618724 0.01037456 0.006478557 -1.071629e-08 
1786050407.017 0.009618724 0.01037456 0.006478557 -1.071629e-08 
1786050407.067 0.009618724 0.006374562 0.006478557 -1.071629e-08 
1786050407.124 0.009618724 0.01037456 0.007748557 -1.071629e-08 
1786050407.177 0.009618724 0.01037456 0.006478557 -1.071629e-08 
1786050407.230 0.009618724 0.01037456 0.006478557 -1.071629e-08 
1786050407.281 0.009618724 0.01037456 0.006478557 -1.071629e-08 
1786050407.335 0.004618724 0.006374562 0.006478557 -1.071629e-08 
1786050407.389 0.004618724 0.01037456 0.005208558 -1.071629e-08 
1786050407.445 0.004618724 0.006374562 0.006478557 -1.071629e-08 
1786050407.498 0.009618724 0.01037456 0.006478557 -1.071629e-08 
1786050407.546 0.009618724 0.01037456 0.006478557 -1.071629e-08 
1786050407.602 0.004618724 0.006374562 0.005208558 -1.071629e-08 
1786050407.653 0.004618724 0.006374562 0.005208558 -1.071629e-08 
1786050407.708 0.004618724 0.006374562 0.006478557 -1.071629e-08 
1786050407.762 0.004618724 0.006374562 0.006478557 -1.071629e-08 
1786050407.817 0.009618724 0.006374562 0.005208558 -1.071629e-08 
1786050407.868 0.004618724 0.006374562 0.005208558 -1.071629e-08 
1786050407.925 0.009618724 0.006374562 0.006478557 -1.071629e-08 
1786050407.978 0.004618724 0.006374562 0.005208558 -1.071629e-08 
1786050408.031 0.009618724 0.01037456 0.005208558 -1.071629e-08 
1786050408.090 0.009618724 0.006374562 0.006478557 -1.071629e-08 
1786050408.147 0.009618724 0.006374562 0.006478557 -1.071629e-08 
1786050408.199 0.009618724 0.01037456 0.006478557 -1.071629e-08 
1786050408.256 0.004618724 0.006374562 0.005208558 -1.071629e-08 
1786050408.311 0.004618724 0.006374562 0.006478557 -1.071629e-08 
1786050408.362 0.004618724 0.006374562 0.005208558 -1.071629e-08 
1786050408.422 0.004618724 0.006374562 0.005208558 -1.071629e-08 
1786050408.478 0.004618724 0.006374562 0.006478557 -1.071629e-08 
1786050408.529 0.004618724 0.006374562 0.005208558 -1.071629e-08 
1786050408.579 0.009618724 0.01037456 0.006478557 -1.071629e-08 
1786050408.639 0.004618724 0.01037456 0.006478557 -1.071629e-08 
1786050408.690 0.004618724 0.006374562 0.006478557 -1.071629e-08 
1786050408.740 0.004618724 0.006374562 0.006478557 -1.071629e-08 
1786050408.795 0.004618724 0.006374562 0.005208558 -1.071629e-08 
1786050408.850 0.009618724 0.006374562 0.005208558 -1.071629e-08 
1786050408.901 0.004618724 0.006374562 0.005208558 -1.071629e-08 
1786050408.956 0.004618724 0.01037456 0.006478557 -1.071629e-08 
1786050409.006 0.009618724 0.006374562 0.006478557 -1.071629e-08 
1786050409.061 0.004618724 0.006374562 0.006478557 -1.071629e-08 
1786050409.117 0.004618724 0.006374562 0.005208558 -1.071629e-08 
1786050409.169 0.004618724 0.006374562 0.005208558 -1.071629e-08 
1786050409.222 0.004618724 0.01037456 0.006478557 -1.071629e-08 
1786050409.278 0.004618724 0.006374562 0.006478557 -1.071629e-08 
1786050409.328 0.004618724 0.006374562 0.005208558 -1.071629e-08 
1786050409.381 0.009618724 0.01037456 0.006478557 -1.071629e-08 
1786050409.433 0.009618724 0.006374562 0.005208558 -1.071629e-08 
1786050409.482 0.004618724 0.006374562 0.005208558 -1.071629e-08 
1786050409.536 0.004618724 0.006374562 0.005208558 -1.071629e-08 
1786050409.587 0.004618724 0.006374562 0.005208558 -1.071629e-08 
1786050409.638 0.004618724 0.006374562 0.006478557 -1.071629e-08 
1786050409.691 0.009618724 0.006374562 0.006478557 -1.071629e-08 
1786050409.741 0.004618724 0.006374562 0.006478557 -1.071629e-08 
1786050409.792 0.004618724 0.006374562 0.006478557 -1.071629e-08 
1786050409.844 0.004618724 0.006374562 0.006478557 -1.071629e-08 
1786050409.897 0.009618724 0.006374562 0.005208558 -1.071629e-08 
1786050409.946 0.009618724 0.006374562 0.005208558 -1.071629e-08 
1786050409.996 0.009618724 0.006374562 0.005208558 -1.071629e-08 
1786050410.046 0.004618724 0.006374562 0.005208558 -1.071629e-08 
1786050410.101 0.004618724 0.006374562 0.005208558 -1.071629e-08 
1786050410.155 0.004618724 0.006374562 0.005208558 -1.071629e-08 
1786050410.204 0.004618724 0.006374562 0.005208558 -1.071629e-08 
1786050410.258 0.004618724 0.006374562 0.005208558 -1.071629e-08 
1786050410.310 0.009618724 0.006374562 0.005208558 -1.071629e-08 
1786050410.360 0.004618724 0.006374562 0.005208558 -1.071629e-08 
1786050410.417 0.009618724 0.006374562 0.005208558 -1.071629e-08 
1786050410.472 0.004618724 0.006374562 0.005208558 -1.071629e-08 
1786050410.521 0.004618724 0.006374562 0.005208558 -1.071629e-08 
1786050410.576 0.004618724 0.006374562 0.005208558 -1.071629e-08 
1786050410.631 0.004618724 0.006374562 0.005208558 -1.071629e-08 
1786050410.680 0.009618724 0.006374562 0.005208558 -1.071629e-08 
1786050410.733 0.009618724 0.006374562 0.005208558 -1.071629e-08 
1786050410.783 0.009618724 0.006374562 0.005208558 -1.071629e-08 
1786050410.832 0.009618724 0.006374562 0.005208558 -1.071629e-08 
1786050410.883 0.004618724 0.006374562 0.005208558 -1.071629e-08 
1786050410.935 0.004618724 0.006374562 0.005208558 -1.071629e-08 
1786050410.984 0.004618724 0.006374562 0.005208558 -1.071629e-08 
1786050411.037 0.004618724 0.006374562 0.005208558 -1.071629e-08 
1786050411.087 0.004618724 0.006374562 0.005208558 -1.071629e-08 
1786050411.140 0.004618724 0.006374562 0.005208558 -1.071629e-08 
1786050411.192 0.004618724 0.006374562 0.005208558 -1.071629e-08 
1786050411.241 0.004618724 0.006374562 0.005208558 -1.071629e-08 
1786050411.296 0.004618724 0.006374562 0.005208558 -1.071629e-08 
1786050411.351 0.004618724 0.006374562 0.005208558 -1.071629e-08 
1786050411.402 0.004618724 0.006374562 0.005208558 -1.071629e-08 
1786050411.455 0.004618724 0.006374562 0.005208558 -1.071629e-08 
1786050411.504 0.004618724 0.006374562 0.005208558 -1.071629e-08 
1786050411.555 0.004618724 0.006374562 0.005208558 -1.071629e-08 
1786050411.610 0.004618724 0.006374562 0.005208558 -1.071629e-08 
1786050411.662 0.004618724 0.002374562 0.005208558 -1.071629e-08 
1786050411.714 0.009618724 0.006374562 0.005208558 -1.071629e-08 
1786050411.764 0.009618724 0.006374562 0.005208558 -1.071629e-08 
1786050411.815 0.004618724 0.006374562 0.005208558 -1.071629e-08 
1786050411.865 0.009618724 0.006374562 0.005208558 -1.071629e-08 
1786050411.917 0.004618724 0.006374562 0.005208558 -1.071629e-08 
1786050411.971 0.004618724 0.006374562 0.005208558 -1.071629e-08 
1786050412.024 0.004618724 0.006374562 0.005208558 -1.071629e-08 
1786050412.077 0.004618724 0.006374562 0.005208558 -1.071629e-08 
1786050412.126 0.004618724 0.006374562 0.005208558 -1.071629e-08 
1786050412.177 0.004618724 0.002374562 0.005208558 -1.071629e-08 
1786050412.226 0.004618724 0.002374562 0.005208558 -1.071629e-08 
1786050412.277 0.004618724 0.006374562 0.005208558 -1.071629e-08 
1786050412.331 0.004618724 0.006374562 0.005208558 -1.071629e-08 
1786050412.383 0.004618724 0.006374562 0.005208558 -1.071629e-08 
1786050412.433 0.004618724 0.006374562 0.005208558 -1.071629e-08 
1786050412.488 0.004618724 0.006374562 0.005208558 -1.071629e-08 
1786050412.539 0.004618724 0.006374562 0.005208558 -1.071629e-08 
1786050412.588 0.004618724 0.006374562 0.005208558 -1.071629e-08 
1786050412.645 0.004618724 0.006374562 0.005208558 -1.071629e-08 
1786050412.698 0.004618724 0.006374562 0.005208558 -1.071629e-08 
1786050412.747 0.004618724 0.006374562 0.005208558 -1.071629e-08 
1786050412.800 0.004618724 0.006374562 0.005208558 -1.071629e-08 
1786050412.852 0.004618724 0.006374562 0.005208558 -1.071629e-08 
1786050412.903 0.004618724 0.006374562 0.005208558 -1.071629e-08 
1786050412.956 0.004618724 0.006374562 0.005208558 -1.071629e-08 
1786050413.005 0.004618724 0.006374562 0.005208558 -1.071629e-08 
1786050413.059 0.004618724 0.006374562 0.005208558 -1.071629e-08 
1786050413.112 0.004618724 0.006374562 0.005208558 -1.071629e-08 
1786050413.163 0.004618724 0.006374562 0.005208558 -1.071629e-08 
1786050413.220 0.004618724 0.006374562 0.005208558 -1.071629e-08 
1786050413.273 0.004618724 0.006374562 0.005208558 -1.071629e-08 
1786050413.325 0.004618724 0.006374562 0.005208558 -1.071629e-08 
1786050413.377 0.004618724 0.002374562 0.005208558 -1.071629e-08 
1786050413.427 0.004618724 0.002374562 0.005208558 -1.071629e-08 
1786050413.477 0.004618724 0.002374562 0.005208558 -1.071629e-08 
1786050413.531 0.004618724 0.002374562 0.005208558 -1.071629e-08 
1786050413.582 0.004618724 0.006374562 0.005208558 -1.071629e-08 
1786050413.631 0.004618724 0.006374562 0.005208558 -1.071629e-08 
1786050413.682 0.004618724 0.006374562 0.005208558 -1.071629e-08 
1786050413.733 0.004618724 0.006374562 0.005208558 -1.071629e-08 
1786050413.784 0.004618724 0.006374562 0.005208558 -1.071629e-08 
1786050413.837 0.004618724 0.002374562 0.005208558 -1.071629e-08 
1786050413.887 0.004618724 0.002374562 0.005208558 -1.071629e-08 
1786050413.947 0.004618724 0.002374562 0.003938559 -1.071629e-08 
DONE
