# t ex ey ez ew A C jx jy jz
1786079799.652 0 3.552714e-15 0 0 61.58656 -83.07084 -621.52 -367.152 -207.18 
1786079799.811 0 3.552714e-15 0 0 61.58656 -83.07084 -621.52 -367.152 -207.18 
1786079799.967 0 3.552714e-15 0 0 61.58656 -83.07084 -621.52 -367.152 -207.18 
1786079800.125 0 3.552714e-15 0 0 61.58656 -83.07084 -621.52 -367.152 -207.18 
1786079800.284 0 3.552714e-15 0 0 61.58656 -83.07084 -621.52 -367.152 -207.18 
1786079800.441 0 3.552714e-15 0 0 61.58656 -83.07084 -621.52 -367.152 -207.18 
1786079800.599 0 3.552714e-15 0 0 61.58656 -83.07084 -621.52 -367.152 -207.18 
1786079800.755 0 3.552714e-15 0 0 61.58656 -83.07084 -621.52 -367.152 -207.18 
1786079800.917 0 3.552714e-15 0 0 61.58656 -83.07084 -621.52 -367.152 -207.18 
1786079801.075 0 3.552714e-15 0 0 61.58656 -83.07084 -621.52 -367.152 -207.18 
1786079801.235 0 3.552714e-15 0 0 61.58656 -83.07084 -621.52 -367.152 -207.18 
1786079801.395 0 3.552714e-15 0 0 61.58656 -83.07084 -621.52 -367.152 -207.18 
1786079801.552 0 3.552714e-15 0 0 61.58656 -83.07084 -621.52 -367.152 -207.18 
1786079801.711 0 3.552714e-15 0 0 61.58656 -83.07084 -621.52 -367.152 -207.18 
1786079801.868 0 3.552714e-15 0 0 61.58656 -83.07084 -621.52 -367.152 -207.18 
1786079802.027 0 3.552714e-15 0 0 61.58656 -83.07084 -621.52 -367.152 -207.18 
1786079802.186 0 3.552714e-15 0 0 61.58656 -83.07084 -621.52 -367.152 -207.18 
1786079802.346 0 3.552714e-15 0 0 61.58656 -83.07084 -621.52 -367.152 -207.18 
1786079802.505 0 3.552714e-15 0 0 61.58656 -83.07084 -621.52 -367.152 -207.18 
1786079802.665 0 3.552714e-15 0 0 61.58656 -83.07084 -621.52 -367.152 -207.18 
1786079802.837 0 3.552714e-15 0 0 61.58656 -83.07084 -621.52 -367.152 -207.18 
1786079803.002 0 3.552714e-15 0 0 61.58656 -83.07084 -621.52 -367.152 -207.18 
1786079803.165 0 3.552714e-15 0 0 61.58656 -83.07084 -621.52 -367.152 -207.18 
1786079803.323 0 3.552714e-15 0 0 61.58656 -83.07084 -621.52 -367.152 -207.18 
1786079803.483 0 3.552714e-15 0 0 61.58656 -83.07084 -621.52 -367.152 -207.18 
1786079803.642 0 3.552714e-15 0 0 61.58656 -83.07084 -621.52 -367.152 -207.18 
1786079803.800 0 3.552714e-15 0 0 61.58656 -83.07084 -621.52 -367.152 -207.18 
1786079803.959 0 3.552714e-15 0 0 61.58656 -83.07084 -621.52 -367.152 -207.18 
1786079804.118 0 3.552714e-15 0 0 61.58656 -83.07084 -621.52 -367.152 -207.18 
1786079804.279 0 3.552714e-15 0 0 61.58656 -83.07084 -621.52 -367.152 -207.18 
1786079804.441 0 3.552714e-15 0 0 61.58656 -83.07084 -621.52 -367.152 -207.18 
1786079804.600 0 3.552714e-15 0 0 61.58656 -83.07084 -621.52 -367.152 -207.18 
1786079804.758 0 3.552714e-15 0 0 61.58656 -83.07084 -621.52 -367.152 -207.18 
1786079804.915 0 3.552714e-15 0 0 61.58656 -83.07084 -621.52 -367.152 -207.18 
1786079805.074 0 3.552714e-15 0 0 61.58656 -83.07084 -621.52 -367.152 -207.18 
1786079805.231 0 3.552714e-15 0 0 61.58656 -83.07084 -621.52 -367.152 -207.18 
1786079805.391 0 3.552714e-15 0 0 61.58656 -83.07084 -621.52 -367.152 -207.18 
1786079805.552 0 3.552714e-15 0 0 61.58656 -83.07084 -621.52 -367.152 -207.18 
1786079805.708 0 3.552714e-15 0 0 61.58656 -83.07084 -621.52 -367.152 -207.18 
1786079805.865 0 3.552714e-15 0 0 61.58656 -83.07084 -621.52 -367.152 -207.18 
1786079806.023 0 3.552714e-15 0 0 61.58656 -83.07084 -621.52 -367.152 -207.18 
1786079806.184 0 3.552714e-15 0 0 61.58656 -83.07084 -621.52 -367.152 -207.18 
1786079806.342 0 3.552714e-15 0 0 61.58656 -83.07084 -621.52 -367.152 -207.18 
1786079806.503 0 3.552714e-15 0 0 61.58656 -83.07084 -621.52 -367.152 -207.18 
1786079806.663 0 3.552714e-15 0 0 61.58656 -83.07084 -621.52 -367.152 -207.18 
1786079806.821 0 3.552714e-15 0 0 61.58656 -83.07084 -621.52 -367.152 -207.18 
1786079806.984 0 3.552714e-15 0 0 61.58656 -83.07084 -621.52 -367.152 -207.18 
1786079807.143 0 3.552714e-15 0 0 61.58656 -83.07084 -621.52 -367.152 -207.18 
1786079807.305 0 3.552714e-15 0 0 61.58656 -83.07084 -621.52 -367.152 -207.18 
1786079807.463 0 3.552714e-15 0 0 61.58656 -83.07084 -621.52 -367.152 -207.18 
1786079807.623 0 3.552714e-15 0 0 61.58656 -83.07084 -621.52 -367.152 -207.18 
1786079807.781 0 3.552714e-15 0 0 61.58656 -83.07084 -621.52 -367.152 -207.18 
1786079807.942 0 3.552714e-15 0 0 61.58656 -83.07084 -621.52 -367.152 -207.18 
1786079808.103 0 3.552714e-15 0 0 61.58656 -83.07084 -621.52 -367.152 -207.18 
1786079808.262 0 3.552714e-15 0 0 61.58656 -83.07084 -621.52 -367.152 -207.18 
1786079808.423 0 3.552714e-15 0 0 61.58656 -83.07084 -621.52 -367.152 -207.18 
1786079808.584 0 3.552714e-15 0 0 61.58656 -83.07084 -621.52 -367.152 -207.18 
1786079808.742 0 3.552714e-15 0 0 61.58656 -83.07084 -621.52 -367.152 -207.18 
1786079808.901 0 3.552714e-15 0 0 61.58656 -83.07084 -621.52 -367.152 -207.18 
1786079809.059 0 3.552714e-15 0 0 61.58656 -83.07084 -621.52 -367.152 -207.18 
1786079809.220 0 3.552714e-15 0 0 61.58656 -83.07084 -621.52 -367.152 -207.18 
1786079809.381 0 3.552714e-15 0 0 61.58656 -83.07084 -621.52 -367.152 -207.18 
1786079809.547 0 3.552714e-15 0 0 61.58656 -83.07084 -621.52 -367.152 -207.18 
1786079809.706 0 3.552714e-15 0 0 61.58656 -83.07084 -621.52 -367.152 -207.18 
1786079809.868 0 3.552714e-15 0 0 61.58656 -83.07084 -621.52 -367.152 -207.18 
1786079810.028 0 3.552714e-15 0 0 61.58656 -83.07084 -621.52 -367.152 -207.18 
1786079810.187 0 3.552714e-15 0 0 61.58656 -83.07084 -621.52 -367.152 -207.18 
1786079810.347 0 3.552714e-15 0 0 61.58656 -83.07084 -621.52 -367.152 -207.18 
1786079810.504 0 3.552714e-15 0 0 61.58656 -83.07084 -621.52 -367.152 -207.18 
1786079810.665 0 3.552714e-15 0 0 61.58656 -83.07084 -621.52 -367.152 -207.18 
1786079810.825 0 3.552714e-15 0 0 61.58656 -83.07084 -621.52 -367.152 -207.18 
1786079810.989 0 3.552714e-15 0 0 61.58656 -83.07084 -621.52 -367.152 -207.18 
1786079811.150 0 3.552714e-15 0 0 61.58656 -83.07084 -621.52 -367.152 -207.18 
1786079811.308 0 3.552714e-15 0 0 61.58656 -83.07084 -621.52 -367.152 -207.18 
1786079811.468 0 3.552714e-15 0 0 61.58656 -83.07084 -621.52 -367.152 -207.18 
1786079811.626 0 3.552714e-15 0 0 61.58656 -83.07084 -621.52 -367.152 -207.18 
1786079811.786 0 3.552714e-15 0 0 61.58656 -83.07084 -621.52 -367.152 -207.18 
1786079811.947 0 3.552714e-15 0 0 61.58656 -83.07084 -621.52 -367.152 -207.18 
1786079812.107 0 3.552714e-15 0 0 61.58656 -83.07084 -621.52 -367.152 -207.18 
1786079812.268 0 3.552714e-15 0 0 61.58656 -83.07084 -621.52 -367.152 -207.18 
1786079812.431 0 3.552714e-15 0 0 61.58656 -83.07084 -621.52 -367.152 -207.18 
1786079812.592 0 3.552714e-15 0 0 61.58656 -83.07084 -621.52 -367.152 -207.18 
1786079812.750 0 3.552714e-15 0 0 61.58656 -83.07084 -621.52 -367.152 -207.18 
1786079812.912 0 3.552714e-15 0 0 61.58656 -83.07084 -621.52 -367.152 -207.18 
1786079813.071 0 3.552714e-15 0 0 61.58656 -83.07084 -621.52 -367.152 -207.18 
1786079813.231 0 3.552714e-15 0 0 61.58656 -83.07084 -621.52 -367.152 -207.18 
1786079813.393 0 3.552714e-15 0 0 61.58656 -83.07084 -621.52 -367.152 -207.18 
1786079813.552 0 3.552714e-15 0 0 61.58656 -83.07084 -621.52 -367.152 -207.18 
1786079813.718 0 3.552714e-15 0 0 61.58656 -83.07084 -621.52 -367.152 -207.18 
1786079813.877 0 3.552714e-15 0 0 61.58656 -83.07084 -621.52 -367.152 -207.18 
1786079814.037 0 3.552714e-15 0 0 61.58656 -83.07084 -621.52 -367.152 -207.18 
1786079814.200 0 3.552714e-15 0 0 61.58656 -83.07084 -621.52 -367.152 -207.18 
1786079814.361 0 3.552714e-15 0 0 61.58656 -83.07084 -621.52 -367.152 -207.18 
1786079814.518 0 3.552714e-15 0 0 61.58656 -83.07084 -621.52 -367.152 -207.18 
1786079814.680 0 3.552714e-15 0 0 61.58656 -83.07084 -621.52 -367.152 -207.18 
1786079814.841 0 3.552714e-15 0 0 61.58656 -83.07084 -621.52 -367.152 -207.18 
1786079815.004 0 3.552714e-15 0 0 61.58656 -83.07084 -621.52 -367.152 -207.18 
1786079815.166 0 3.552714e-15 0 0 61.58656 -83.07084 -621.52 -367.152 -207.18 
1786079815.323 0 3.552714e-15 0 0 61.58656 -83.07084 -621.52 -367.152 -207.18 
1786079815.483 0 3.552714e-15 0 0 61.58656 -83.07084 -621.52 -367.152 -207.18 
1786079815.645 0 3.552714e-15 0 0 61.58656 -83.07084 -621.52 -367.152 -207.18 
1786079815.802 0 3.552714e-15 0 0 61.58656 -83.07084 -621.52 -367.152 -207.18 
1786079815.963 0 3.552714e-15 0 0 61.58656 -83.07084 -621.52 -367.152 -207.18 
1786079816.119 0 3.552714e-15 0 0 61.58656 -83.07084 -621.52 -367.152 -207.18 
1786079816.278 0 3.552714e-15 0 0 61.58656 -83.07084 -621.52 -367.152 -207.18 
1786079816.437 0 3.552714e-15 0 0 61.58656 -83.07084 -621.52 -367.152 -207.18 
1786079816.599 0 3.552714e-15 0 0 61.58656 -83.07084 -621.52 -367.152 -207.18 
1786079816.761 0 3.552714e-15 0 0 61.58656 -83.07084 -621.52 -367.152 -207.18 
1786079816.944 0 3.552714e-15 0 0 61.58656 -83.07084 -621.52 -367.152 -207.18 
1786079817.110 0 3.552714e-15 0 0 61.58656 -83.07084 -621.52 -367.152 -207.18 
1786079817.271 0 3.552714e-15 0 0 61.58656 -83.07084 -621.52 -367.152 -207.18 
1786079817.432 0 3.552714e-15 0 0 61.58656 -83.07084 -621.52 -367.152 -207.18 
1786079817.593 0 3.552714e-15 0 0 61.58656 -83.07084 -621.52 -367.152 -207.18 
1786079817.751 0 3.552714e-15 0 0 61.58656 -83.07084 -621.52 -367.152 -207.18 
1786079817.910 0 3.552714e-15 0 0 61.58656 -83.07084 -621.52 -367.152 -207.18 
1786079818.068 0 3.552714e-15 0 0 61.58656 -83.07084 -621.52 -367.152 -207.18 
1786079818.227 0 3.552714e-15 0 0 61.58656 -83.07084 -621.52 -367.152 -207.18 
1786079818.388 0 3.552714e-15 0 0 61.58656 -83.07084 -621.52 -367.152 -207.18 
1786079818.551 0 3.552714e-15 0 0 61.58656 -83.07084 -621.52 -367.152 -207.18 
1786079818.711 0 3.552714e-15 0 0 61.58656 -83.07084 -621.52 -367.152 -207.18 
1786079818.873 0 3.552714e-15 0 0 61.58656 -83.07084 -621.52 -367.152 -207.18 
1786079819.038 0 3.552714e-15 0 0 61.58656 -83.07084 -621.52 -367.152 -207.18 
1786079819.203 0 3.552714e-15 0 0 61.58656 -83.07084 -621.52 -367.152 -207.18 
1786079819.367 0 3.552714e-15 0 0 61.58656 -83.07084 -621.52 -367.152 -207.18 
1786079819.536 0 3.552714e-15 0 0 61.58656 -83.07084 -621.52 -367.152 -207.18 
1786079819.699 0 3.552714e-15 0 0 61.58656 -83.07084 -621.52 -367.152 -207.18 
1786079819.859 0 3.552714e-15 0 0 61.58656 -83.07084 -621.52 -367.152 -207.18 
1786079820.021 0 3.552714e-15 0 0 61.58656 -83.07084 -621.52 -367.152 -207.18 
1786079820.182 0 3.552714e-15 0 0 61.58656 -83.07084 -621.52 -367.152 -207.18 
1786079820.346 0 3.552714e-15 0 0 61.58656 -83.07084 -621.52 -367.152 -207.18 
1786079820.516 0 3.552714e-15 0 0 61.58656 -83.07084 -621.52 -367.152 -207.18 
1786079820.682 0 3.552714e-15 0 0 61.58656 -83.07084 -621.52 -367.152 -207.18 
1786079820.845 0 3.552714e-15 0 0 61.58656 -83.07084 -621.52 -367.152 -207.18 
1786079821.004 0 3.552714e-15 0 0 61.58656 -83.07084 -621.52 -367.152 -207.18 
1786079821.164 0 3.552714e-15 0 0 61.58656 -83.07084 -621.52 -367.152 -207.18 
1786079821.326 0 3.552714e-15 0 0 61.58656 -83.07084 -621.52 -367.152 -207.18 
1786079821.484 0 3.552714e-15 0 0 61.58656 -83.07084 -621.52 -367.152 -207.18 
1786079821.648 0 3.552714e-15 0 0 61.58656 -83.07084 -621.52 -367.152 -207.18 
1786079821.805 0 3.552714e-15 0 0 61.58656 -83.07084 -621.52 -367.152 -207.18 
1786079821.967 0 3.552714e-15 0 0 61.58656 -83.07084 -621.52 -367.152 -207.18 
1786079822.125 0 3.552714e-15 0 0 61.58656 -83.07084 -621.52 -367.152 -207.18 
1786079822.285 0 3.552714e-15 0 0 61.58656 -83.07084 -621.52 -367.152 -207.18 
1786079822.444 0 3.552714e-15 0 0 61.58656 -83.07084 -621.52 -367.152 -207.18 
1786079822.601 0 3.552714e-15 0 0 61.58656 -83.07084 -621.52 -367.152 -207.18 
1786079822.777 0 3.552714e-15 0 0 61.58656 -83.07084 -621.52 -367.152 -207.18 
1786079822.944 0 3.552714e-15 0 0 61.58656 -83.07084 -621.52 -367.152 -207.18 
1786079823.103 0 3.552714e-15 0 0 61.58656 -83.07084 -621.52 -367.152 -207.18 
1786079823.261 0 3.552714e-15 0 0 61.58656 -83.07084 -621.52 -367.152 -207.18 
1786079823.421 0 3.552714e-15 0 0 61.58656 -83.07084 -621.52 -367.152 -207.18 
1786079823.579 0 3.552714e-15 0 0 61.58656 -83.07084 -621.52 -367.152 -207.18 
1786079823.744 0 3.552714e-15 0 0 61.58656 -83.07084 -621.52 -367.152 -207.18 
1786079823.907 0 3.552714e-15 0 0 61.58656 -83.07084 -621.52 -367.152 -207.18 
1786079824.068 0 3.552714e-15 0 0 61.58656 -83.07084 -621.52 -367.152 -207.18 
1786079824.229 0 3.552714e-15 0 0 61.58656 -83.07084 -621.52 -367.152 -207.18 
1786079824.388 0 3.552714e-15 0 0 61.58656 -83.07084 -621.52 -367.152 -207.18 
1786079824.558 0 3.552714e-15 0 0 61.58656 -83.07084 -621.52 -367.152 -207.18 
1786079824.719 0 3.552714e-15 0 0 61.58656 -83.07084 -621.52 -367.152 -207.18 
1786079824.879 0 3.552714e-15 0 0 61.58656 -83.07084 -621.52 -367.152 -207.18 
1786079825.041 0 3.552714e-15 0 0 61.58656 -83.07084 -621.52 -367.152 -207.18 
1786079825.204 0 3.552714e-15 0 0 61.58656 -83.07084 -621.52 -367.152 -207.18 
1786079825.366 0 3.552714e-15 0 0 61.58656 -83.07084 -621.52 -367.152 -207.18 
1786079825.530 0 3.552714e-15 0 0 61.58656 -83.07084 -621.52 -367.152 -207.18 
1786079825.694 0 3.552714e-15 0 0 61.58656 -83.07084 -621.52 -367.152 -207.18 
1786079825.855 0 3.552714e-15 0 0 61.58656 -83.07084 -621.52 -367.152 -207.18 
1786079826.016 0 3.552714e-15 0 0 61.58656 -83.07084 -621.52 -367.152 -207.18 
1786079826.176 0 3.552714e-15 0 0 61.58656 -83.07084 -621.52 -367.152 -207.18 
1786079826.339 0 3.552714e-15 0 0 61.58656 -83.07084 -621.52 -367.152 -207.18 
1786079826.499 0 3.552714e-15 0 0 61.58656 -83.07084 -621.52 -367.152 -207.18 
1786079826.658 0 3.552714e-15 0 0 61.58656 -83.07084 -621.52 -367.152 -207.18 
1786079826.818 0 3.552714e-15 0 0 61.58656 -83.07084 -621.52 -367.152 -207.18 
1786079826.977 0 3.552714e-15 0 0 61.58656 -83.07084 -621.52 -367.152 -207.18 
1786079827.138 0 3.552714e-15 0 0 61.58656 -83.07084 -621.52 -367.152 -207.18 
1786079827.296 0 3.552714e-15 0 0 61.58656 -83.07084 -621.52 -367.152 -207.18 
1786079827.462 0 3.552714e-15 0 0 61.58656 -83.07084 -621.52 -367.152 -207.18 
1786079827.621 0 3.552714e-15 0 0 61.58656 -83.07084 -621.52 -367.152 -207.18 
1786079827.784 0 3.552714e-15 0 0 61.58656 -83.07084 -621.52 -367.152 -207.18 
1786079827.942 0 3.552714e-15 0 0 61.58656 -83.07084 -621.52 -367.152 -207.18 
1786079828.101 0 3.552714e-15 0 0 61.58656 -83.07084 -621.52 -367.152 -207.18 
1786079828.258 0 3.552714e-15 0 0 61.58656 -83.07084 -621.52 -367.152 -207.18 
1786079828.416 0 3.552714e-15 0 0 61.58656 -83.07084 -621.52 -367.152 -207.18 
1786079828.578 0 3.552714e-15 0 0 61.58656 -83.07084 -621.52 -367.152 -207.18 
1786079828.737 0 3.552714e-15 0 0 61.58656 -83.07084 -621.52 -367.152 -207.18 
1786079828.899 0 3.552714e-15 0 0 61.58656 -83.07084 -621.52 -367.152 -207.18 
1786079829.061 0 3.552714e-15 0 0 61.58656 -83.07084 -621.52 -367.152 -207.18 
1786079829.219 0 3.552714e-15 0 0 61.58656 -83.07084 -621.52 -367.152 -207.18 
1786079829.381 0 3.552714e-15 0 0 61.58656 -83.07084 -621.52 -367.152 -207.18 
1786079829.541 0 3.552714e-15 0 0 61.58656 -83.07084 -621.52 -367.152 -207.18 
1786079829.701 0 3.552714e-15 0 0 61.58656 -83.07084 -621.52 -367.152 -207.18 
1786079829.860 0 3.552714e-15 0 0 61.58656 -83.07084 -621.52 -367.152 -207.18 
1786079830.020 0 3.552714e-15 0 0 61.58656 -83.07084 -621.52 -367.152 -207.18 
1786079830.181 0 3.552714e-15 0 0 61.58656 -83.07084 -621.52 -367.152 -207.18 
1786079830.339 0 3.552714e-15 0 0 61.58656 -83.07084 -621.52 -367.152 -207.18 
1786079830.500 0 3.552714e-15 0 0 61.58656 -83.07084 -621.52 -367.152 -207.18 
1786079830.659 0 3.552714e-15 0 0 61.58656 -83.07084 -621.52 -367.152 -207.18 
1786079830.819 0 3.552714e-15 0 0 61.58656 -83.07084 -621.52 -367.152 -207.18 
1786079830.978 0 3.552714e-15 0 0 61.58656 -83.07084 -621.52 -367.152 -207.18 
1786079831.137 0 3.552714e-15 0 0 61.58656 -83.07084 -621.52 -367.152 -207.18 
1786079831.297 0 3.552714e-15 0 0 61.58656 -83.07084 -621.52 -367.152 -207.18 
1786079831.460 0 3.552714e-15 0 0 61.58656 -83.07084 -621.52 -367.152 -207.18 
1786079831.619 0 3.552714e-15 0 0 61.58656 -83.07084 -621.52 -367.152 -207.18 
1786079831.780 0 3.552714e-15 0 0 61.58656 -83.07084 -621.52 -367.152 -207.18 
1786079831.942 0 3.552714e-15 0 0 61.58656 -83.07084 -621.52 -367.152 -207.18 
1786079832.100 0 3.552714e-15 0 0 61.58656 -83.07084 -621.52 -367.152 -207.18 
1786079832.260 0 3.552714e-15 0 0 61.58656 -83.07084 -621.52 -367.152 -207.18 
1786079832.418 0 3.552714e-15 0 0 61.58656 -83.07084 -621.52 -367.152 -207.18 
1786079832.580 0 3.552714e-15 0 0 61.58656 -83.07084 -621.52 -367.152 -207.18 
1786079832.742 0 3.552714e-15 0 0 61.58656 -83.07084 -621.52 -367.152 -207.18 
1786079832.903 0 3.552714e-15 0 0 61.58656 -83.07084 -621.52 -367.152 -207.18 
1786079833.064 0 3.552714e-15 0 0 61.58656 -83.07084 -621.52 -367.152 -207.18 
1786079833.224 0 3.552714e-15 0 0 61.58656 -83.07084 -621.52 -367.152 -207.18 
1786079833.389 0 3.552714e-15 0 0 61.58656 -83.07084 -621.52 -367.152 -207.18 
1786079833.548 0 3.552714e-15 0 0 61.58656 -83.07084 -621.52 -367.152 -207.18 
1786079833.704 0 3.552714e-15 0 0 61.58656 -83.07084 -621.52 -367.152 -207.18 
1786079833.863 0 3.552714e-15 0 0 61.58656 -83.07084 -621.52 -367.152 -207.18 
1786079834.021 0 3.552714e-15 0 0 61.58656 -83.07084 -621.52 -367.152 -207.18 
1786079834.179 0 3.552714e-15 0 0 61.58656 -83.07084 -621.52 -367.152 -207.18 
1786079834.340 0 3.552714e-15 0 0 61.58656 -83.07084 -621.52 -367.152 -207.18 
1786079834.501 0 3.552714e-15 0 0 61.58656 -83.07084 -621.52 -367.152 -207.18 
1786079834.658 0 3.552714e-15 0 0 61.58656 -83.07084 -621.52 -367.152 -207.18 
1786079834.817 0 3.552714e-15 0 0 61.58656 -83.07084 -621.52 -367.152 -207.18 
1786079834.980 0 3.552714e-15 0 0 61.58656 -83.07084 -621.52 -367.152 -207.18 
1786079835.140 0 3.552714e-15 0 0 61.58656 -83.07084 -621.52 -367.152 -207.18 
1786079835.299 0 3.552714e-15 0 0 61.58656 -83.07084 -621.52 -367.152 -207.18 
1786079835.458 0 3.552714e-15 0 0 61.58656 -83.07084 -621.52 -367.152 -207.18 
1786079835.619 0 3.552714e-15 0 0 61.58656 -83.07084 -621.52 -367.152 -207.18 
1786079835.779 0 3.552714e-15 0 0 61.58656 -83.07084 -621.52 -367.152 -207.18 
1786079835.938 0 3.552714e-15 0 0 61.58656 -83.07084 -621.52 -367.152 -207.18 
1786079836.098 0 3.552714e-15 0 0 61.58656 -83.07084 -621.52 -367.152 -207.18 
1786079836.256 0 3.552714e-15 0 0 61.58656 -83.07084 -621.52 -367.152 -207.18 
1786079836.416 0 3.552714e-15 0 0 61.58656 -83.07084 -621.52 -367.152 -207.18 
1786079836.575 0 3.552714e-15 0 0 61.58656 -83.07084 -621.52 -367.152 -207.18 
1786079836.734 0 3.552714e-15 0 0 61.58656 -83.07084 -621.52 -367.152 -207.18 
1786079836.895 0 3.552714e-15 0 0 61.58656 -83.07084 -621.52 -367.152 -207.18 
1786079837.057 0 3.552714e-15 0 0 61.58656 -83.07084 -621.52 -367.152 -207.18 
1786079837.221 0 3.552714e-15 0 0 61.58656 -83.07084 -621.52 -367.152 -207.18 
1786079837.379 0 3.552714e-15 0 0 61.58656 -83.07084 -621.52 -367.152 -207.18 
1786079837.541 0 3.552714e-15 0 0 61.58656 -83.07084 -621.52 -367.152 -207.18 
1786079837.700 0 3.552714e-15 0 0 61.58656 -83.07084 -621.52 -367.152 -207.18 
1786079837.861 0 3.552714e-15 0 0 61.58656 -83.07084 -621.52 -367.152 -207.18 
1786079838.019 0 3.552714e-15 0 0 61.58656 -83.07084 -621.52 -367.152 -207.18 
1786079838.181 0 3.552714e-15 0 0 61.58656 -83.07084 -621.52 -367.152 -207.18 
1786079838.341 0 3.552714e-15 0 0 61.58656 -83.07084 -621.52 -367.152 -207.18 
1786079838.500 0 3.552714e-15 0 0 61.58656 -83.07084 -621.52 -367.152 -207.18 
1786079838.661 0 3.552714e-15 0 0 61.58656 -83.07084 -621.52 -367.152 -207.18 
1786079838.824 0 3.552714e-15 0 0 61.58656 -83.07084 -621.52 -367.152 -207.18 
1786079838.991 0 3.552714e-15 0 0 61.58656 -83.07084 -621.52 -367.152 -207.18 
1786079839.151 0 3.552714e-15 0 0 61.58656 -83.07084 -621.52 -367.152 -207.18 
1786079839.310 0 3.552714e-15 0 0 61.58656 -83.07084 -621.52 -367.152 -207.18 
1786079839.470 0 3.552714e-15 0 0 61.58656 -83.07084 -621.52 -367.152 -207.18 
1786079839.628 0 3.552714e-15 0 0 61.58656 -83.07084 -621.52 -367.152 -207.18 
1786079839.787 0 3.552714e-15 0 0 61.58656 -83.07084 -621.52 -367.152 -207.18 
1786079839.945 0 3.552714e-15 0 0 61.58656 -83.07084 -621.52 -367.152 -207.18 
1786079840.104 0 3.552714e-15 0 0 61.58656 -83.07084 -621.52 -367.152 -207.18 
1786079840.261 0 3.552714e-15 0 0 61.58656 -83.07084 -621.52 -367.152 -207.18 
1786079840.420 0 3.552714e-15 0 0 61.58656 -83.07084 -621.52 -367.152 -207.18 
1786079840.579 0 3.552714e-15 0 0 61.58656 -83.07084 -621.52 -367.152 -207.18 
1786079840.740 0 3.552714e-15 0 0 61.58656 -83.07084 -621.52 -367.152 -207.18 
1786079840.900 0 3.552714e-15 0 0 61.58656 -83.07084 -621.52 -367.152 -207.18 
1786079841.065 0 3.552714e-15 0 0 61.58656 -83.07084 -621.52 -367.152 -207.18 
1786079841.224 0 3.552714e-15 0 0 61.58656 -83.07084 -621.52 -367.152 -207.18 
1786079841.383 0 3.552714e-15 0 0 61.58656 -83.07084 -621.52 -367.152 -207.18 
1786079841.550 0 3.552714e-15 0 0 61.58656 -83.07084 -621.52 -367.152 -207.18 
1786079841.711 0 3.552714e-15 0 0 61.58656 -83.07084 -621.52 -367.152 -207.18 
1786079841.909 0 3.552714e-15 0 0 61.58656 -83.07084 -621.52 -367.152 -207.18 
1786079842.118 0 3.552714e-15 0 0 61.58656 -83.07084 -621.52 -367.152 -207.18 
1786079842.282 0 3.552714e-15 0 0 61.58656 -83.07084 -621.52 -367.152 -207.18 
1786079842.440 0 3.552714e-15 0 0 61.58656 -83.07084 -621.52 -367.152 -207.18 
1786079842.601 0 3.552714e-15 0 0 61.58656 -83.07084 -621.52 -367.152 -207.18 
1786079842.761 0 3.552714e-15 0 0 61.58656 -83.07084 -621.52 -367.152 -207.18 
1786079842.922 0 3.552714e-15 0 0 61.58656 -83.07084 -621.52 -367.152 -207.18 
1786079843.081 0 3.552714e-15 0 0 61.58656 -83.07084 -621.52 -367.152 -207.18 
1786079843.251 0 3.552714e-15 0 0 61.58656 -83.07084 -621.52 -367.152 -207.18 
1786079843.409 0 3.552714e-15 0 0 61.58656 -83.07084 -621.52 -367.152 -207.18 
1786079843.566 0 3.552714e-15 0 0 61.58656 -83.07084 -621.52 -367.152 -207.18 
1786079843.724 0 3.552714e-15 0 0 61.58656 -83.07084 -621.52 -367.152 -207.18 
1786079843.893 0 3.552714e-15 0 0 61.58656 -83.07084 -621.52 -367.152 -207.18 
1786079844.056 0 3.552714e-15 0 0 61.58656 -83.07084 -621.52 -367.152 -207.18 
1786079844.214 0 3.552714e-15 0 0 61.58656 -83.07084 -621.52 -367.152 -207.18 
1786079844.379 0 3.552714e-15 0 0 61.58656 -83.07084 -621.52 -367.152 -207.18 
1786079844.536 0 3.552714e-15 0 0 61.58656 -83.07084 -621.52 -367.152 -207.18 
1786079844.695 0 3.552714e-15 0 0 61.58656 -83.07084 -621.52 -367.152 -207.18 
1786079844.853 0 3.552714e-15 0 0 61.58656 -83.07084 -621.52 -367.152 -207.18 
1786079845.011 0 3.552714e-15 0 0 61.58656 -83.07084 -621.52 -367.152 -207.18 
1786079845.170 0 3.552714e-15 0 0 61.58656 -83.07084 -621.52 -367.152 -207.18 
1786079845.327 0 3.552714e-15 0 0 61.58656 -83.07084 -621.52 -367.152 -207.18 
1786079845.485 0 3.552714e-15 0 0 61.58656 -83.07084 -621.52 -367.152 -207.18 
1786079845.643 0 3.552714e-15 0 0 61.58656 -83.07084 -621.52 -367.152 -207.18 
1786079845.803 0 3.552714e-15 0 0 61.58656 -83.07084 -621.52 -367.152 -207.18 
1786079845.960 0 3.552714e-15 0 0 61.58656 -83.07084 -621.52 -367.152 -207.18 
1786079846.118 0 3.552714e-15 0 0 61.58656 -83.07084 -621.52 -367.152 -207.18 
1786079846.276 0 3.552714e-15 0 0 61.58656 -83.07084 -621.52 -367.152 -207.18 
1786079846.433 0 3.552714e-15 0 0 61.58656 -83.07084 -621.52 -367.152 -207.18 
1786079846.590 0 3.552714e-15 0 0 61.58656 -83.07084 -621.52 -367.152 -207.18 
1786079846.750 0 3.552714e-15 0 0 61.58656 -83.07084 -621.52 -367.152 -207.18 
1786079846.908 0 3.552714e-15 0 0 61.58656 -83.07084 -621.52 -367.152 -207.18 
1786079847.068 0 3.552714e-15 0 0 61.58656 -83.07084 -621.52 -367.152 -207.18 
1786079847.226 0 3.552714e-15 0 0 61.58656 -83.07084 -621.52 -367.152 -207.18 
1786079847.384 0 3.552714e-15 0 0 61.58656 -83.07084 -621.52 -367.152 -207.18 
1786079847.543 0 3.552714e-15 0 0 61.58656 -83.07084 -621.52 -367.152 -207.18 
1786079847.700 0 3.552714e-15 0 0 61.58656 -83.07084 -621.52 -367.152 -207.18 
1786079847.861 0 3.552714e-15 0 0 61.58656 -83.07084 -621.52 -367.152 -207.18 
1786079848.019 0 3.552714e-15 0 0 61.58656 -83.07084 -621.52 -367.152 -207.18 
1786079848.179 0 3.552714e-15 0 0 61.58656 -83.07084 -621.52 -367.152 -207.18 
1786079848.339 0 3.552714e-15 0 0 61.58656 -83.07084 -621.52 -367.152 -207.18 
1786079848.499 0 3.552714e-15 0 0 61.58656 -83.07084 -621.52 -367.152 -207.18 
1786079848.660 0 3.552714e-15 0 0 61.58656 -83.07084 -621.52 -367.152 -207.18 
1786079848.822 0 3.552714e-15 0 0 61.58656 -83.07084 -621.52 -367.152 -207.18 
1786079848.985 0 3.552714e-15 0 0 61.58656 -83.07084 -621.52 -367.152 -207.18 
1786079849.145 0 3.552714e-15 0 0 61.58656 -83.07084 -621.52 -367.152 -207.18 
1786079849.306 0 3.552714e-15 0 0 61.58656 -83.07084 -621.52 -367.152 -207.18 
1786079849.465 0 3.552714e-15 0 0 61.58656 -83.07084 -621.52 -367.152 -207.18 
1786079849.623 0 3.552714e-15 0 0 61.58656 -83.07084 -621.52 -367.152 -207.18 
1786079849.786 0 3.552714e-15 0 0 61.58656 -83.07084 -621.52 -367.152 -207.18 
1786079849.945 0 3.552714e-15 0 0 61.58656 -83.07084 -621.52 -367.152 -207.18 
1786079850.106 0 3.552714e-15 0 0 61.58656 -83.07084 -621.52 -367.152 -207.18 
1786079850.263 0 3.552714e-15 0 0 61.58656 -83.07084 -621.52 -367.152 -207.18 
1786079850.423 0 3.552714e-15 0 0 61.58656 -83.07084 -621.52 -367.152 -207.18 
1786079850.582 0 3.552714e-15 0 0 61.58656 -83.07084 -621.52 -367.152 -207.18 
1786079850.741 0 3.552714e-15 0 0 61.58656 -83.07084 -621.52 -367.152 -207.18 
1786079850.901 0 3.552714e-15 0 0 61.58656 -83.07084 -621.52 -367.152 -207.18 
1786079851.061 0 3.552714e-15 0 0 61.58656 -83.07084 -621.52 -367.152 -207.18 
1786079851.223 0 3.552714e-15 0 0 61.58656 -83.07084 -621.52 -367.152 -207.18 
1786079851.382 0 3.552714e-15 0 0 61.58656 -83.07084 -621.52 -367.152 -207.18 
1786079851.545 0 3.552714e-15 0 0 61.58656 -83.07084 -621.52 -367.152 -207.18 
1786079851.706 0 3.552714e-15 0 0 61.58656 -83.07084 -621.52 -367.152 -207.18 
1786079851.864 0 3.552714e-15 0 0 61.58656 -83.07084 -621.52 -367.152 -207.18 
1786079852.024 0 3.552714e-15 0 0 61.58656 -83.07084 -621.52 -367.152 -207.18 
1786079852.181 0 3.552714e-15 0 0 61.58656 -83.07084 -621.52 -367.152 -207.18 
1786079852.340 0 3.552714e-15 0 0 61.58656 -83.07084 -621.52 -367.152 -207.18 
1786079852.497 0 3.552714e-15 0 0 61.58656 -83.07084 -621.52 -367.152 -207.18 
1786079852.668 0 3.552714e-15 0 0 61.58656 -83.07084 -621.52 -367.152 -207.18 
1786079852.825 0 3.552714e-15 0 0 61.58656 -83.07084 -621.52 -367.152 -207.18 
1786079852.987 0 3.552714e-15 0 0 61.58656 -83.07084 -621.52 -367.152 -207.18 
1786079853.147 0 3.552714e-15 0 0 61.58656 -83.07084 -621.52 -367.152 -207.18 
1786079853.305 0 3.552714e-15 0 0 61.58656 -83.07084 -621.52 -367.152 -207.18 
1786079853.464 0 3.552714e-15 0 0 61.58656 -83.07084 -621.52 -367.152 -207.18 
1786079853.622 0 3.552714e-15 0 0 61.58656 -83.07084 -621.52 -367.152 -207.18 
1786079853.781 0 3.552714e-15 0 0 61.58656 -83.07084 -621.52 -367.152 -207.18 
1786079853.939 0 3.552714e-15 0 0 61.58656 -83.07084 -621.52 -367.152 -207.18 
1786079854.101 0 3.552714e-15 0 0 61.58656 -83.07084 -621.52 -367.152 -207.18 
1786079854.259 0 3.552714e-15 0 0 61.58656 -83.07084 -621.52 -367.152 -207.18 
1786079854.417 0 3.552714e-15 0 0 61.58656 -83.07084 -621.52 -367.152 -207.18 
1786079854.578 0 3.552714e-15 0 0 61.58656 -83.07084 -621.52 -367.152 -207.18 
1786079854.737 0 3.552714e-15 0 0 61.58656 -83.07084 -621.52 -367.152 -207.18 
1786079854.898 0 3.552714e-15 0 0 61.58656 -83.07084 -621.52 -367.152 -207.18 
1786079855.059 0 3.552714e-15 0 0 61.58656 -83.07084 -621.52 -367.152 -207.18 
1786079855.220 0 3.552714e-15 0 0 61.58656 -83.07084 -621.52 -367.152 -207.18 
1786079855.399 0 3.552714e-15 0 0 61.58656 -83.07084 -621.52 -367.152 -207.18 
1786079855.563 0 3.552714e-15 0 0 61.58656 -83.07084 -621.52 -367.152 -207.18 
1786079855.723 0 3.552714e-15 0 0 61.58656 -83.07084 -621.52 -367.152 -207.18 
1786079855.880 0 3.552714e-15 0 0 61.58656 -83.07084 -621.52 -367.152 -207.18 
1786079856.041 0 3.552714e-15 0 0 61.58656 -83.07084 -621.52 -367.152 -207.18 
1786079856.199 0 3.552714e-15 0 0 61.58656 -83.07084 -621.52 -367.152 -207.18 
1786079856.361 0 3.552714e-15 0 0 61.58656 -83.07084 -621.52 -367.152 -207.18 
1786079856.518 0 3.552714e-15 0 0 61.58656 -83.07084 -621.52 -367.152 -207.18 
1786079856.680 0 3.552714e-15 0 0 61.58656 -83.07084 -621.52 -367.152 -207.18 
1786079856.837 0 3.552714e-15 0 0 61.58656 -83.07084 -621.52 -367.152 -207.18 
1786079856.994 0 3.552714e-15 0 0 61.58656 -83.07084 -621.52 -367.152 -207.18 
1786079857.154 0 3.552714e-15 0 0 61.58656 -83.07084 -621.52 -367.152 -207.18 
1786079857.312 0 3.552714e-15 0 0 61.58656 -83.07084 -621.52 -367.152 -207.18 
1786079857.472 0 3.552714e-15 0 0 61.58656 -83.07084 -621.52 -367.152 -207.18 
1786079857.629 0 3.552714e-15 0 0 61.58656 -83.07084 -621.52 -367.152 -207.18 
1786079857.786 0 3.552714e-15 0 0 61.58656 -83.07084 -621.52 -367.152 -207.18 
1786079857.946 0 3.552714e-15 0 0 61.58656 -83.07084 -621.52 -367.152 -207.18 
1786079858.107 0 3.552714e-15 0 0 61.58656 -83.07084 -621.52 -367.152 -207.18 
1786079858.273 0 3.552714e-15 0 0 61.58656 -83.07084 -621.52 -367.152 -207.18 
1786079858.433 0 3.552714e-15 0 0 61.58656 -83.07084 -621.52 -367.152 -207.18 
1786079858.592 0 3.552714e-15 0 0 61.58656 -83.07084 -621.52 -367.152 -207.18 
1786079858.749 0 3.552714e-15 0 0 61.58656 -83.07084 -621.52 -367.152 -207.18 
1786079858.906 0 3.552714e-15 0 0 61.58656 -83.07084 -621.52 -367.152 -207.18 
1786079859.065 0 3.552714e-15 0 0 61.58656 -83.07084 -621.52 -367.152 -207.18 
1786079859.225 0 3.552714e-15 0 0 61.58656 -83.07084 -621.52 -367.152 -207.18 
1786079859.384 0 3.552714e-15 0 0 61.58656 -83.07084 -621.52 -367.152 -207.18 
1786079859.542 0 3.552714e-15 0 0 61.58656 -83.07084 -621.52 -367.152 -207.18 
1786079859.701 0 3.552714e-15 0 0 61.58656 -83.07084 -621.52 -367.152 -207.18 
1786079859.860 0 3.552714e-15 0 0 61.58656 -83.07084 -621.52 -367.152 -207.18 
1786079860.020 0 3.552714e-15 0 0 61.58656 -83.07084 -621.52 -367.152 -207.18 
1786079860.180 0 3.552714e-15 0 0 61.58656 -83.07084 -621.52 -367.152 -207.18 
1786079860.340 0 3.552714e-15 0 0 61.58656 -83.07084 -621.52 -367.152 -207.18 
1786079860.500 0 3.552714e-15 0 0 61.58656 -83.07084 -621.52 -367.152 -207.18 
1786079860.659 0 3.552714e-15 0 0 61.58656 -83.07084 -621.52 -367.152 -207.18 
1786079860.817 0 3.552714e-15 0 0 61.58656 -83.07084 -621.52 -367.152 -207.18 
1786079860.978 0 3.552714e-15 0 0 61.58656 -83.07084 -621.52 -367.152 -207.18 
1786079861.138 0 3.552714e-15 0 0 61.58656 -83.07084 -621.52 -367.152 -207.18 
1786079861.297 0 3.552714e-15 0 0 61.58656 -83.07084 -621.52 -367.152 -207.18 
1786079861.462 0 3.552714e-15 0 0 61.58656 -83.07084 -621.52 -367.152 -207.18 
1786079861.621 0 3.552714e-15 0 0 61.58656 -83.07084 -621.52 -367.152 -207.18 
1786079861.781 0 3.552714e-15 0 0 61.58656 -83.07084 -621.52 -367.152 -207.18 
1786079861.944 0 3.552714e-15 0 0 61.58656 -83.07084 -621.52 -367.152 -207.18 
1786079862.103 0 3.552714e-15 0 0 61.58656 -83.07084 -621.52 -367.152 -207.18 
1786079862.261 0 3.552714e-15 0 0 61.58656 -83.07084 -621.52 -367.152 -207.18 
1786079862.422 0 3.552714e-15 0 0 61.58656 -83.07084 -621.52 -367.152 -207.18 
1786079862.581 0 3.552714e-15 0 0 61.58656 -83.07084 -621.52 -367.152 -207.18 
1786079862.741 0 3.552714e-15 0 0 61.58656 -83.07084 -621.52 -367.152 -207.18 
1786079862.901 0 3.552714e-15 0 0 61.58656 -83.07084 -621.52 -367.152 -207.18 
1786079863.064 0 3.552714e-15 0 0 61.58656 -83.07084 -621.52 -367.152 -207.18 
1786079863.225 0 3.552714e-15 0 0 61.58656 -83.07084 -621.52 -367.152 -207.18 
1786079863.383 0 3.552714e-15 0 0 61.58656 -83.07084 -621.52 -367.152 -207.18 
1786079863.542 0 3.552714e-15 0 0 61.58656 -83.07084 -621.52 -367.152 -207.18 
1786079863.700 0 3.552714e-15 0 0 61.58656 -83.07084 -621.52 -367.152 -207.18 
1786079863.860 0 3.552714e-15 0 0 61.58656 -83.07084 -621.52 -367.152 -207.18 
1786079864.020 0 3.552714e-15 0 0 61.58656 -83.07084 -621.52 -367.152 -207.18 
1786079864.180 0 3.552714e-15 0 0 61.58656 -83.07084 -621.52 -367.152 -207.18 
1786079864.338 0 3.552714e-15 0 0 61.58656 -83.07084 -621.52 -367.152 -207.18 
1786079864.503 0 3.552714e-15 0 0 61.58656 -83.07084 -621.52 -367.152 -207.18 
1786079864.665 0 3.552714e-15 0 0 61.58656 -83.07084 -621.52 -367.152 -207.18 
1786079864.825 0 3.552714e-15 0 0 61.58656 -83.07084 -621.52 -367.152 -207.18 
1786079864.990 0 3.552714e-15 0 0 61.58656 -83.07084 -621.52 -367.152 -207.18 
1786079865.151 0 3.552714e-15 0 0 61.58656 -83.07084 -621.52 -367.152 -207.18 
1786079865.310 0 3.552714e-15 0 0 61.58656 -83.07084 -621.52 -367.152 -207.18 
1786079865.470 0 3.552714e-15 0 0 61.58656 -83.07084 -621.52 -367.152 -207.18 
1786079865.631 0 3.552714e-15 0 0 61.58656 -83.07084 -621.52 -367.152 -207.18 
1786079865.798 0 3.552714e-15 0 0 61.58656 -83.07084 -621.52 -367.152 -207.18 
1786079865.958 0 3.552714e-15 0 0 61.58656 -83.07084 -621.52 -367.152 -207.18 
1786079866.119 0 3.552714e-15 0 0 61.58656 -83.07084 -621.52 -367.152 -207.18 
1786079866.276 0 3.552714e-15 0 0 61.58656 -83.07084 -621.52 -367.152 -207.18 
1786079866.442 0 3.552714e-15 0 0 61.58656 -83.07084 -621.52 -367.152 -207.18 
1786079866.599 0 3.552714e-15 0 0 61.58656 -83.07084 -621.52 -367.152 -207.18 
1786079866.761 0 3.552714e-15 0 0 61.58656 -83.07084 -621.52 -367.152 -207.18 
1786079866.919 0 3.552714e-15 0 0 61.58656 -83.07084 -621.52 -367.152 -207.18 
1786079867.077 0 3.552714e-15 0 0 61.58656 -83.07084 -621.52 -367.152 -207.18 
1786079867.237 0 3.552714e-15 0 0 61.58656 -83.07084 -621.52 -367.152 -207.18 
1786079867.394 0 3.552714e-15 0 0 61.58656 -83.07084 -621.52 -367.152 -207.18 
1786079867.552 0 3.552714e-15 0 0 61.58656 -83.07084 -621.52 -367.152 -207.18 
1786079867.711 0 3.552714e-15 0 0 61.58656 -83.07084 -621.52 -367.152 -207.18 
1786079867.869 0 3.552714e-15 0 0 61.58656 -83.07084 -621.52 -367.152 -207.18 
1786079868.027 0 3.552714e-15 0 0 61.58656 -83.07084 -621.52 -367.152 -207.18 
1786079868.190 0 3.552714e-15 0 0 61.58656 -83.07084 -621.52 -367.152 -207.18 
1786079868.354 0 3.552714e-15 0 0 61.58656 -83.07084 -621.52 -367.152 -207.18 
1786079868.516 0 3.552714e-15 0 0 61.58656 -83.07084 -621.52 -367.152 -207.18 
1786079868.675 0 3.552714e-15 0 0 61.58656 -83.07084 -621.52 -367.152 -207.18 
1786079868.832 0 3.552714e-15 0 0 61.58656 -83.07084 -621.52 -367.152 -207.18 
1786079868.992 0 3.552714e-15 0 0 61.58656 -83.07084 -621.52 -367.152 -207.18 
1786079869.153 0 3.552714e-15 0 0 61.58656 -83.07084 -621.52 -367.152 -207.18 
1786079869.310 0 3.552714e-15 0 0 61.58656 -83.07084 -621.52 -367.152 -207.18 
1786079869.469 0 3.552714e-15 0 0 61.58656 -83.07084 -621.52 -367.152 -207.18 
1786079869.627 0 3.552714e-15 0 0 61.58656 -83.07084 -621.52 -367.152 -207.18 
1786079869.786 0 3.552714e-15 0 0 61.58656 -83.07084 -621.52 -367.152 -207.18 
1786079869.947 0 3.552714e-15 0 0 61.58656 -83.07084 -621.52 -367.152 -207.18 
1786079870.105 0 3.552714e-15 0 0 61.58656 -83.07084 -621.52 -367.152 -207.18 
1786079870.266 0 3.552714e-15 0 0 61.58656 -83.07084 -621.52 -367.152 -207.18 
1786079870.426 0 3.552714e-15 0 0 61.58656 -83.07084 -621.52 -367.152 -207.18 
1786079870.587 0 3.552714e-15 0 0 61.58656 -83.07084 -621.52 -367.152 -207.18 
1786079870.744 0 3.552714e-15 0 0 61.58656 -83.07084 -621.52 -367.152 -207.18 
1786079870.903 0 3.552714e-15 0 0 61.58656 -83.07084 -621.52 -367.152 -207.18 
1786079871.061 0 3.552714e-15 0 0 61.58656 -83.07084 -621.52 -367.152 -207.18 
1786079871.217 0 3.552714e-15 0 0 61.58656 -83.07084 -621.52 -367.152 -207.18 
1786079871.378 0 3.552714e-15 0 0 61.58656 -83.07084 -621.52 -367.152 -207.18 
1786079871.538 0 3.552714e-15 0 0 61.58656 -83.07084 -621.52 -367.152 -207.18 
1786079871.699 0 3.552714e-15 0 0 61.58656 -83.07084 -621.52 -367.152 -207.18 
1786079871.861 0 3.552714e-15 0 0 61.58656 -83.07084 -621.52 -367.152 -207.18 
1786079872.022 0 3.552714e-15 0 0 61.58656 -83.07084 -621.52 -367.152 -207.18 
1786079872.182 0 3.552714e-15 0 0 61.58656 -83.07084 -621.52 -367.152 -207.18 
1786079872.341 0 3.552714e-15 0 0 61.58656 -83.07084 -621.52 -367.152 -207.18 
1786079872.503 0 3.552714e-15 0 0 61.58656 -83.07084 -621.52 -367.152 -207.18 
1786079872.661 0 3.552714e-15 0 0 61.58656 -83.07084 -621.52 -367.152 -207.18 
1786079872.827 0 3.552714e-15 0 0 61.58656 -83.07084 -621.52 -367.152 -207.18 
1786079872.985 0 3.552714e-15 0 0 61.58656 -83.07084 -621.52 -367.152 -207.18 
1786079873.146 0 3.552714e-15 0 0 61.58656 -83.07084 -621.52 -367.152 -207.18 
1786079873.305 0 3.552714e-15 0 0 61.58656 -83.07084 -621.52 -367.152 -207.18 
1786079873.462 0 3.552714e-15 0 0 61.58656 -83.07084 -621.52 -367.152 -207.18 
1786079873.621 0 3.552714e-15 0 0 61.58656 -83.07084 -621.52 -367.152 -207.18 
1786079873.789 0 3.552714e-15 0 0 61.58656 -83.07084 -621.52 -367.152 -207.18 
1786079873.949 0 3.552714e-15 0 0 61.58656 -83.07084 -621.52 -367.152 -207.18 
1786079874.108 0 3.552714e-15 0 0 61.58656 -83.07084 -621.52 -367.152 -207.18 
1786079874.267 0 3.552714e-15 0 0 61.58656 -83.07084 -621.52 -367.152 -207.18 
1786079874.426 0 3.552714e-15 0 0 61.58656 -83.07084 -621.52 -367.152 -207.18 
1786079874.583 0 3.552714e-15 0 0 61.58656 -83.07084 -621.52 -367.152 -207.18 
1786079874.743 0 3.552714e-15 0 0 61.58656 -83.07084 -621.52 -367.152 -207.18 
1786079874.901 0 3.552714e-15 0 0 61.58656 -83.07084 -621.52 -367.152 -207.18 
1786079875.064 0 3.552714e-15 0 0 61.58656 -83.07084 -621.52 -367.152 -207.18 
1786079875.222 0 3.552714e-15 0 0 61.58656 -83.07084 -621.52 -367.152 -207.18 
1786079875.381 0 3.552714e-15 0 0 61.58656 -83.07084 -621.52 -367.152 -207.18 
1786079875.544 0 3.552714e-15 0 0 61.58656 -83.07084 -621.52 -367.152 -207.18 
1786079875.701 0 3.552714e-15 0 0 61.58656 -83.07084 -621.52 -367.152 -207.18 
1786079875.860 0 3.552714e-15 0 0 61.58656 -83.07084 -621.52 -367.152 -207.18 
1786079876.020 0 3.552714e-15 0 0 61.58656 -83.07084 -621.52 -367.152 -207.18 
1786079876.179 0 3.552714e-15 0 0 61.58656 -83.07084 -621.52 -367.152 -207.18 
1786079876.342 0 3.552714e-15 0 0 61.58656 -83.07084 -621.52 -367.152 -207.18 
1786079876.500 0 3.552714e-15 0 0 61.58656 -83.07084 -621.52 -367.152 -207.18 
1786079876.661 0 3.552714e-15 0 0 61.58656 -83.07084 -621.52 -367.152 -207.18 
1786079876.820 0 3.552714e-15 0 0 61.58656 -83.07084 -621.52 -367.152 -207.18 
1786079876.981 0 3.552714e-15 0 0 61.58656 -83.07084 -621.52 -367.152 -207.18 
1786079877.140 0 3.552714e-15 0 0 61.58656 -83.07084 -621.52 -367.152 -207.18 
1786079877.299 0 3.552714e-15 0 0 61.58656 -83.07084 -621.52 -367.152 -207.18 
1786079877.458 0 3.552714e-15 0 0 61.58656 -83.07084 -621.52 -367.152 -207.18 
1786079877.619 0 3.552714e-15 0 0 61.58656 -83.07084 -621.52 -367.152 -207.18 
1786079877.779 0 3.552714e-15 0 0 61.58656 -83.07084 -621.52 -367.152 -207.18 
1786079877.937 0 3.552714e-15 0 0 61.58656 -83.07084 -621.52 -367.152 -207.18 
1786079878.100 0 3.552714e-15 0 0 61.58656 -83.07084 -621.52 -367.152 -207.18 
1786079878.260 0 3.552714e-15 0 0 61.58656 -83.07084 -621.52 -367.152 -207.18 
1786079878.420 0 3.552714e-15 0 0 61.58656 -83.07084 -621.52 -367.152 -207.18 
1786079878.578 0 3.552714e-15 0 0 61.58656 -83.07084 -621.52 -367.152 -207.18 
1786079878.743 0 3.552714e-15 0 0 61.58656 -83.07084 -621.52 -367.152 -207.18 
1786079878.904 0 3.552714e-15 0 0 61.58656 -83.07084 -621.52 -367.152 -207.18 
1786079879.064 0 3.552714e-15 0 0 61.58656 -83.07084 -621.52 -367.152 -207.18 
1786079879.222 0 3.552714e-15 0 0 61.58656 -83.07084 -621.52 -367.152 -207.18 
1786079879.381 0 3.552714e-15 0 0 61.58656 -83.07084 -621.52 -367.152 -207.18 
1786079879.542 0 3.552714e-15 0 0 61.58656 -83.07084 -621.52 -367.152 -207.18 
1786079879.699 0 3.552714e-15 0 0 61.58656 -83.07084 -621.52 -367.152 -207.18 
1786079879.860 0 3.552714e-15 0 0 61.58656 -83.07084 -621.52 -367.152 -207.18 
1786079880.020 0 3.552714e-15 0 0 61.58656 -83.07084 -621.52 -367.152 -207.18 
1786079880.180 0 3.552714e-15 0 0 61.58656 -83.07084 -621.52 -367.152 -207.18 
1786079880.342 0 3.552714e-15 0 0 61.58656 -83.07084 -621.52 -367.152 -207.18 
1786079880.503 0 3.552714e-15 0 0 61.58656 -83.07084 -621.52 -367.152 -207.18 
1786079880.664 0 3.552714e-15 0 0 61.58656 -83.07084 -621.52 -367.152 -207.18 
1786079880.824 0 3.552714e-15 0 0 61.58656 -83.07084 -621.52 -367.152 -207.18 
1786079880.983 0 3.552714e-15 0 0 61.58656 -83.07084 -621.52 -367.152 -207.18 
1786079881.142 0 3.552714e-15 0 0 61.58656 -83.07084 -621.52 -367.152 -207.18 
1786079881.300 0 3.552714e-15 0 0 61.58656 -83.07084 -621.52 -367.152 -207.18 
1786079881.465 0 3.552714e-15 0 0 61.58656 -83.07084 -621.52 -367.152 -207.18 
1786079881.625 0 3.552714e-15 0 0 61.58656 -83.07084 -621.52 -367.152 -207.18 
1786079881.785 0 3.552714e-15 0 0 61.58656 -83.07084 -621.52 -367.152 -207.18 
1786079881.943 0 3.552714e-15 0 0 61.58656 -83.07084 -621.52 -367.152 -207.18 
1786079882.103 0 3.552714e-15 0 0 61.58656 -83.07084 -621.52 -367.152 -207.18 
1786079882.261 0 3.552714e-15 0 0 61.58656 -83.07084 -621.52 -367.152 -207.18 
1786079882.421 0 3.552714e-15 0 0 61.58656 -83.07084 -621.52 -367.152 -207.18 
1786079882.580 0 3.552714e-15 0 0 61.58656 -83.07084 -621.52 -367.152 -207.18 
1786079882.741 0 3.552714e-15 0 0 61.58656 -83.07084 -621.52 -367.152 -207.18 
1786079882.904 0 3.552714e-15 0 0 61.58656 -83.07084 -621.52 -367.152 -207.18 
1786079883.064 0 3.552714e-15 0 0 61.58656 -83.07084 -621.52 -367.152 -207.18 
1786079883.224 0 3.552714e-15 0 0 61.58656 -83.07084 -621.52 -367.152 -207.18 
1786079883.385 0 3.552714e-15 0 0 61.58656 -83.07084 -621.52 -367.152 -207.18 
1786079883.545 0 3.552714e-15 0 0 61.58656 -83.07084 -621.52 -367.152 -207.18 
1786079883.702 0 3.552714e-15 0 0 61.58656 -83.07084 -621.52 -367.152 -207.18 
1786079883.860 0 3.552714e-15 0 0 61.58656 -83.07084 -621.52 -367.152 -207.18 
1786079884.021 0 3.552714e-15 0 0 61.58656 -83.07084 -621.52 -367.152 -207.18 
1786079884.178 0 3.552714e-15 0 0 61.58656 -83.07084 -621.52 -367.152 -207.18 
1786079884.341 0 3.552714e-15 0 0 61.58656 -83.07084 -621.52 -367.152 -207.18 
1786079884.501 0 3.552714e-15 0 0 61.58656 -83.07084 -621.52 -367.152 -207.18 
1786079884.659 0 3.552714e-15 0 0 61.58656 -83.07084 -621.52 -367.152 -207.18 
1786079884.822 0 3.552714e-15 0 0 61.58656 -83.07084 -621.52 -367.152 -207.18 
1786079884.981 0 3.552714e-15 0 0 61.58656 -83.07084 -621.52 -367.152 -207.18 
1786079885.142 0 3.552714e-15 0 0 61.58656 -83.07084 -621.52 -367.152 -207.18 
1786079885.301 0 3.552714e-15 0 0 61.58656 -83.07084 -621.52 -367.152 -207.18 
1786079885.462 0 3.552714e-15 0 0 61.58656 -83.07084 -621.52 -367.152 -207.18 
1786079885.625 0 3.552714e-15 0 0 61.58656 -83.07084 -621.52 -367.152 -207.18 
1786079885.785 0 3.552714e-15 0 0 61.58656 -83.07084 -621.52 -367.152 -207.18 
1786079885.945 0 3.552714e-15 0 0 61.58656 -83.07084 -621.52 -367.152 -207.18 
1786079886.102 0 3.552714e-15 0 0 61.58656 -83.07084 -621.52 -367.152 -207.18 
1786079886.269 0 3.552714e-15 0 0 61.58656 -83.07084 -621.52 -367.152 -207.18 
1786079886.426 0 3.552714e-15 0 0 61.58656 -83.07084 -621.52 -367.152 -207.18 
1786079886.587 0 3.552714e-15 0 0 61.58656 -83.07084 -621.52 -367.152 -207.18 
1786079886.744 0 3.552714e-15 0 0 61.58656 -83.07084 -621.52 -367.152 -207.18 
1786079886.902 0 3.552714e-15 0 0 61.58656 -83.07084 -621.52 -367.152 -207.18 
1786079887.072 0 3.552714e-15 0 0 61.58656 -83.07084 -621.52 -367.152 -207.18 
1786079887.232 0 3.552714e-15 0 0 61.58656 -83.07084 -621.52 -367.152 -207.18 
1786079887.393 0 3.552714e-15 0 0 61.58656 -83.07084 -621.52 -367.152 -207.18 
1786079887.552 0 3.552714e-15 0 0 61.58656 -83.07084 -621.52 -367.152 -207.18 
1786079887.712 0 3.552714e-15 0 0 61.58656 -83.07084 -621.52 -367.152 -207.18 
1786079887.871 0 3.552714e-15 0 0 61.58656 -83.07084 -621.52 -367.152 -207.18 
1786079888.030 0 3.552714e-15 0 0 61.58656 -83.07084 -621.52 -367.152 -207.18 
1786079888.202 0 3.552714e-15 0 0 61.58656 -83.07084 -621.52 -367.152 -207.18 
1786079888.373 0 3.552714e-15 0 0 61.58656 -83.07084 -621.52 -367.152 -207.18 
1786079888.533 0 3.552714e-15 0 0 61.58656 -83.07084 -621.52 -367.152 -207.18 
1786079888.694 0 3.552714e-15 0 0 61.58656 -83.07084 -621.52 -367.152 -207.18 
1786079888.851 0 3.552714e-15 0 0 61.58656 -83.07084 -621.52 -367.152 -207.18 
1786079889.008 0 3.552714e-15 0 0 61.58656 -83.07084 -621.52 -367.152 -207.18 
1786079889.166 0 3.552714e-15 0 0 61.58656 -83.07084 -621.52 -367.152 -207.18 
1786079889.324 0 3.552714e-15 0 0 61.58656 -83.07084 -621.52 -367.152 -207.18 
1786079889.481 0 3.552714e-15 0 0 61.58656 -83.07084 -621.52 -367.152 -207.18 
1786079889.640 0 3.552714e-15 0 0 61.58656 -83.07084 -621.52 -367.152 -207.18 
1786079889.799 0 3.552714e-15 0 0 61.58656 -83.07084 -621.52 -367.152 -207.18 
1786079889.958 0 3.552714e-15 0 0 61.58656 -83.07084 -621.52 -367.152 -207.18 
1786079890.122 0 3.552714e-15 0 0 61.58656 -83.07084 -621.52 -367.152 -207.18 
1786079890.281 0 3.552714e-15 0 0 61.58656 -83.07084 -621.52 -367.152 -207.18 
1786079890.439 0 3.552714e-15 0 0 61.58656 -83.07084 -621.52 -367.152 -207.18 
1786079890.597 0 3.552714e-15 0 0 61.58656 -83.07084 -621.52 -367.152 -207.18 
1786079890.756 0 3.552714e-15 0 0 61.58656 -83.07084 -621.52 -367.152 -207.18 
1786079890.913 0 3.552714e-15 0 0 61.58656 -83.07084 -621.52 -367.152 -207.18 
1786079891.072 0 3.552714e-15 0 0 61.58656 -83.07084 -621.52 -367.152 -207.18 
1786079891.231 0 3.552714e-15 0 0 61.58656 -83.07084 -621.52 -367.152 -207.18 
1786079891.390 0 3.552714e-15 0 0 61.58656 -83.07084 -621.52 -367.152 -207.18 
1786079891.546 0 3.552714e-15 0 0 61.58656 -83.07084 -621.52 -367.152 -207.18 
1786079891.704 0 3.552714e-15 0 0 61.58656 -83.07084 -621.52 -367.152 -207.18 
1786079891.861 0 3.552714e-15 0 0 61.58656 -83.07084 -621.52 -367.152 -207.18 
1786079892.021 0 3.552714e-15 0 0 61.58656 -83.07084 -621.52 -367.152 -207.18 
1786079892.184 0 3.552714e-15 0 0 61.58656 -83.07084 -621.52 -367.152 -207.18 
1786079892.344 0 3.552714e-15 0 0 61.58656 -83.07084 -621.52 -367.152 -207.18 
1786079892.501 0 3.552714e-15 0 0 61.58656 -83.07084 -621.52 -367.152 -207.18 
1786079892.661 0 3.552714e-15 0 0 61.58656 -83.07084 -621.52 -367.152 -207.18 
1786079892.819 0 3.552714e-15 0 0 61.58656 -83.07084 -621.52 -367.152 -207.18 
1786079892.985 0 3.552714e-15 0 0 61.58656 -83.07084 -621.52 -367.152 -207.18 
1786079893.144 0 3.552714e-15 0 0 61.58656 -83.07084 -621.52 -367.152 -207.18 
1786079893.305 0 3.552714e-15 0 0 61.58656 -83.07084 -621.52 -367.152 -207.18 
1786079893.463 0 3.552714e-15 0 0 61.58656 -83.07084 -621.52 -367.152 -207.18 
1786079893.621 0 3.552714e-15 0 0 61.58656 -83.07084 -621.52 -367.152 -207.18 
1786079893.783 0 3.552714e-15 0 0 61.58656 -83.07084 -621.52 -367.152 -207.18 
1786079893.949 0 3.552714e-15 0 0 61.58656 -83.07084 -621.52 -367.152 -207.18 
1786079894.110 0 3.552714e-15 0 0 61.58656 -83.07084 -621.52 -367.152 -207.18 
1786079894.267 0 3.552714e-15 0 0 61.58656 -83.07084 -621.52 -367.152 -207.18 
1786079894.427 0 3.552714e-15 0 0 61.58656 -83.07084 -621.52 -367.152 -207.18 
1786079894.583 0 3.552714e-15 0 0 61.58656 -83.07084 -621.52 -367.152 -207.18 
1786079894.741 0 3.552714e-15 0 0 61.58656 -83.07084 -621.52 -367.152 -207.18 
1786079894.903 0 3.552714e-15 0 0 61.58656 -83.07084 -621.52 -367.152 -207.18 
1786079895.063 0 3.552714e-15 0 0 61.58656 -83.07084 -621.52 -367.152 -207.18 
1786079895.224 0 3.552714e-15 0 0 61.58656 -83.07084 -621.52 -367.152 -207.18 
1786079895.381 0 3.552714e-15 0 0 61.58656 -83.07084 -621.52 -367.152 -207.18 
1786079895.544 0 3.552714e-15 0 0 61.58656 -83.07084 -621.52 -367.152 -207.18 
1786079895.701 0 3.552714e-15 0 0 61.58656 -83.07084 -621.52 -367.152 -207.18 
1786079895.869 0 3.552714e-15 0 0 61.58656 -83.07084 -621.52 -367.152 -207.18 
1786079896.027 0 3.552714e-15 0 0 61.58656 -83.07084 -621.52 -367.152 -207.18 
1786079896.184 0 3.552714e-15 0 0 61.58656 -83.07084 -621.52 -367.152 -207.18 
1786079896.348 0 3.552714e-15 0 0 61.58656 -83.07084 -621.52 -367.152 -207.18 
1786079896.506 0 3.552714e-15 0 0 61.58656 -83.07084 -621.52 -367.152 -207.18 
1786079896.663 0 3.552714e-15 0 0 61.58656 -83.07084 -621.52 -367.152 -207.18 
1786079896.823 0 3.552714e-15 0 0 61.58656 -83.07084 -621.52 -367.152 -207.18 
1786079896.984 0 3.552714e-15 0 0 61.58656 -83.07084 -621.52 -367.152 -207.18 
1786079897.149 0 3.552714e-15 0 0 61.58656 -83.07084 -621.52 -367.152 -207.18 
1786079897.309 0 3.552714e-15 0 0 61.58656 -83.07084 -621.52 -367.152 -207.18 
1786079897.472 0 3.552714e-15 0 0 61.58656 -83.07084 -621.52 -367.152 -207.18 
1786079897.630 0 3.552714e-15 0 0 61.58656 -83.07084 -621.52 -367.152 -207.18 
1786079897.787 0 3.552714e-15 0 0 61.58656 -83.07084 -621.52 -367.152 -207.18 
1786079897.946 0 3.552714e-15 0 0 61.58656 -83.07084 -621.52 -367.152 -207.18 
1786079898.104 0 3.552714e-15 0 0 61.58656 -83.07084 -621.52 -367.152 -207.18 
1786079898.264 0 3.552714e-15 0 0 61.58656 -83.07084 -621.52 -367.152 -207.18 
1786079898.425 0 3.552714e-15 0 0 61.58656 -83.07084 -621.52 -367.152 -207.18 
1786079898.588 0 3.552714e-15 0 0 61.58656 -83.07084 -621.52 -367.152 -207.18 
1786079898.747 0 3.552714e-15 0 0 61.58656 -83.07084 -621.52 -367.152 -207.18 
1786079898.906 0 3.552714e-15 0 0 61.58656 -83.07084 -621.52 -367.152 -207.18 
1786079899.070 0 3.552714e-15 0 0 61.58656 -83.07084 -621.52 -367.152 -207.18 
1786079899.227 0 3.552714e-15 0 0 61.58656 -83.07084 -621.52 -367.152 -207.18 
1786079899.388 0 3.552714e-15 0 0 61.58656 -83.07084 -621.52 -367.152 -207.18 
1786079899.545 0 3.552714e-15 0 0 61.58656 -83.07084 -621.52 -367.152 -207.18 
1786079899.705 0 3.552714e-15 0 0 61.58656 -83.07084 -621.52 -367.152 -207.18 
1786079899.885 0 3.552714e-15 0 0 61.58656 -83.07084 -621.52 -367.152 -207.18 
1786079900.053 0 3.552714e-15 0 0 61.58656 -83.07084 -621.52 -367.152 -207.18 
1786079900.218 0 3.552714e-15 0 0 61.58656 -83.07084 -621.52 -367.152 -207.18 
1786079900.381 0 3.552714e-15 0 0 61.58656 -83.07084 -621.52 -367.152 -207.18 
1786079900.542 0 3.552714e-15 0 0 61.58656 -83.07084 -621.52 -367.152 -207.18 
1786079900.714 0 3.552714e-15 0 0 61.58656 -83.07084 -621.52 -367.152 -207.18 
1786079900.883 0 3.552714e-15 0 0 61.58656 -83.07084 -621.52 -367.152 -207.18 
1786079901.052 0 3.552714e-15 0 0 61.58656 -83.07084 -621.52 -367.152 -207.18 
1786079901.216 0 3.552714e-15 0 0 61.58656 -83.07084 -621.52 -367.152 -207.18 
1786079901.380 0 3.552714e-15 0 0 61.58656 -83.07084 -621.52 -367.152 -207.18 
1786079901.541 0 3.552714e-15 0 0 61.58656 -83.07084 -621.52 -367.152 -207.18 
1786079901.704 0 3.552714e-15 0 0 61.58656 -83.07084 -621.52 -367.152 -207.18 
1786079901.875 0 3.552714e-15 0 0 61.58656 -83.07084 -621.52 -367.152 -207.18 
1786079902.072 0 3.552714e-15 0 0 61.58656 -83.07084 -621.52 -367.152 -207.18 
1786079902.236 0 3.552714e-15 0 0 61.58656 -83.07084 -621.52 -367.152 -207.18 
1786079902.406 0 3.552714e-15 0 0 61.58656 -83.07084 -621.52 -367.152 -207.18 
1786079902.572 0 3.552714e-15 0 0 61.58656 -83.07084 -621.52 -367.152 -207.18 
1786079902.774 0 3.552714e-15 0 0 61.58656 -83.07084 -621.52 -367.152 -207.18 
1786079902.944 0 3.552714e-15 0 0 61.58656 -83.07084 -621.52 -367.152 -207.18 
1786079903.127 0 3.552714e-15 0 0 61.58656 -83.07084 -621.52 -367.152 -207.18 
1786079903.329 0 3.552714e-15 0 0 61.58656 -83.07084 -621.52 -367.152 -207.18 
1786079903.525 0 3.552714e-15 0 0 61.58656 -83.07084 -621.52 -367.152 -207.18 
1786079903.710 0 3.552714e-15 0 0 61.58656 -83.07084 -621.52 -367.152 -207.18 
1786079903.899 0 3.552714e-15 0 0 61.58656 -83.07084 -621.52 -367.152 -207.18 
1786079904.076 0 3.552714e-15 0 0 61.58656 -83.07084 -621.52 -367.152 -207.18 
1786079904.272 0 3.552714e-15 0 0 61.58656 -83.07084 -621.52 -367.152 -207.18 
1786079904.440 0 3.552714e-15 0 0 61.58656 -83.07084 -621.52 -367.152 -207.18 
1786079904.606 0 3.552714e-15 0 0 61.58656 -83.07084 -621.52 -367.152 -207.18 
1786079904.793 0 3.552714e-15 0 0 61.58656 -83.07084 -621.52 -367.152 -207.18 
1786079904.975 0 3.552714e-15 0 0 61.58656 -83.07084 -621.52 -367.152 -207.18 
1786079905.160 0 3.552714e-15 0 0 61.58656 -83.07084 -621.52 -367.152 -207.18 
1786079905.353 0 3.552714e-15 0 0 61.58656 -83.07084 -621.52 -367.152 -207.18 
1786079905.554 0 3.552714e-15 0 0 61.58656 -83.07084 -621.52 -367.152 -207.18 
1786079905.742 0 3.552714e-15 0 0 61.58656 -83.07084 -621.52 -367.152 -207.18 
1786079905.920 0 3.552714e-15 0 0 61.58656 -83.07084 -621.52 -367.152 -207.18 
1786079906.112 0 3.552714e-15 0 0 61.58656 -83.07084 -621.52 -367.152 -207.18 
1786079906.295 0 3.552714e-15 0 0 61.58656 -83.07084 -621.52 -367.152 -207.18 
1786079906.463 0 3.552714e-15 0 0 61.58656 -83.07084 -621.52 -367.152 -207.18 
1786079906.628 0 3.552714e-15 0 0 61.58656 -83.07084 -621.52 -367.152 -207.18 
1786079906.816 0 3.552714e-15 0 0 61.58656 -83.07084 -621.52 -367.152 -207.18 
1786079907.011 0 3.552714e-15 0 0 61.58656 -83.07084 -621.52 -367.152 -207.18 
1786079907.204 0 3.552714e-15 0 0 61.58656 -83.07084 -621.52 -367.152 -207.18 
1786079907.384 0 3.552714e-15 0 0 61.58656 -83.07084 -621.52 -367.152 -207.18 
1786079907.589 0 3.552714e-15 0 0 61.58656 -83.07084 -621.52 -367.152 -207.18 
1786079907.768 0 3.552714e-15 0 0 61.58656 -83.07084 -621.52 -367.152 -207.18 
1786079907.971 0 3.552714e-15 0 0 61.58656 -83.07084 -621.52 -367.152 -207.18 
1786079908.174 0 3.552714e-15 0 0 61.58656 -83.07084 -621.52 -367.152 -207.18 
1786079908.374 0 3.552714e-15 0 0 61.58656 -83.07084 -621.52 -367.152 -207.18 
1786079908.566 0 3.552714e-15 0 0 61.58656 -83.07084 -621.52 -367.152 -207.18 
1786079908.745 0 3.552714e-15 0 0 61.58656 -83.07084 -621.52 -367.152 -207.18 
1786079908.925 0 3.552714e-15 0 0 61.58656 -83.07084 -621.52 -367.152 -207.18 
1786079909.135 0 3.552714e-15 0 0 61.58656 -83.07084 -621.52 -367.152 -207.18 
1786079909.354 0 3.552714e-15 0 0 61.58656 -83.07084 -621.52 -367.152 -207.18 
1786079909.607 0 3.552714e-15 0 0 61.58656 -83.07084 -621.52 -367.152 -207.18 
1786079909.884 0 3.552714e-15 0 0 61.58656 -83.07084 -621.52 -367.152 -207.18 
1786079910.088 0 3.552714e-15 0 0 61.58656 -83.07084 -621.52 -367.152 -207.18 
1786079910.353 0 3.552714e-15 0 0 61.58656 -83.07084 -621.52 -367.152 -207.18 
1786079910.560 0 3.552714e-15 0 0 61.58656 -83.07084 -621.52 -367.152 -207.18 
1786079910.761 0 3.552714e-15 0 0 61.58656 -83.07084 -621.52 -367.152 -207.18 
1786079910.979 0 3.552714e-15 0 0 61.58656 -83.07084 -621.52 -367.152 -207.18 
1786079911.232 0 3.552714e-15 0 0 61.58656 -83.07084 -621.52 -367.152 -207.18 
1786079911.424 0 3.552714e-15 0 0 61.58656 -83.07084 -621.52 -367.152 -207.18 
1786079911.599 0 3.552714e-15 0 0 61.58656 -83.07084 -621.52 -367.152 -207.18 
1786079911.806 0 3.552714e-15 0 0 61.58656 -83.07084 -621.52 -367.152 -207.18 
1786079912.006 0 3.552714e-15 0 0 61.58656 -83.07084 -621.52 -367.152 -207.18 
1786079912.252 0 3.552714e-15 0 0 61.58656 -83.07084 -621.52 -367.152 -207.18 
1786079912.458 0 3.552714e-15 0 0 61.58656 -83.07084 -621.52 -367.152 -207.18 
1786079912.624 0 3.552714e-15 0 0 61.58656 -83.07084 -621.52 -367.152 -207.18 
1786079912.820 0 3.552714e-15 0 0 61.58656 -83.07084 -621.52 -367.152 -207.18 
1786079913.054 0 3.552714e-15 0 0 61.58656 -83.07084 -621.52 -367.152 -207.18 
1786079913.254 0 3.552714e-15 0 0 61.58656 -83.07084 -621.52 -367.152 -207.18 
1786079913.514 0 3.552714e-15 0 0 61.58656 -83.07084 -621.52 -367.152 -207.18 
1786079913.735 0 3.552714e-15 0 0 61.58656 -83.07084 -621.52 -367.152 -207.18 
1786079913.968 0 3.552714e-15 0 0 61.58656 -83.07084 -621.52 -367.152 -207.18 
1786079914.164 0 3.552714e-15 0 0 61.58656 -83.07084 -621.52 -367.152 -207.18 
1786079914.397 0 3.552714e-15 0 0 61.58656 -83.07084 -621.52 -367.152 -207.18 
1786079914.572 0 3.552714e-15 0 0 61.58656 -83.07084 -621.52 -367.152 -207.18 
1786079914.765 0 3.552714e-15 0 0 61.58656 -83.07084 -621.52 -367.152 -207.18 
1786079915.006 0 3.552714e-15 0 0 61.58656 -83.07084 -621.52 -367.152 -207.18 
1786079915.221 0 3.552714e-15 0 0 61.58656 -83.07084 -621.52 -367.152 -207.18 
1786079915.430 0 3.552714e-15 0 0 61.58656 -83.07084 -621.52 -367.152 -207.18 
1786079915.630 0 3.552714e-15 0 0 61.58656 -83.07084 -621.52 -367.152 -207.18 
1786079915.841 0 3.552714e-15 0 0 61.58656 -83.07084 -621.52 -367.152 -207.18 
1786079916.044 0 3.552714e-15 0 0 61.58656 -83.07084 -621.52 -367.152 -207.18 
1786079916.249 0 3.552714e-15 0 0 61.58656 -83.07084 -621.52 -367.152 -207.18 
1786079916.430 0 3.552714e-15 0 0 61.58656 -83.07084 -621.52 -367.152 -207.18 
1786079916.595 0 3.552714e-15 0 0 61.58656 -83.07084 -621.52 -367.152 -207.18 
1786079916.784 0 3.552714e-15 0 0 61.58656 -83.07084 -621.52 -367.152 -207.18 
1786079916.980 0 3.552714e-15 0 0 61.58656 -83.07084 -621.52 -367.152 -207.18 
1786079917.163 0 3.552714e-15 0 0 61.58656 -83.07084 -621.52 -367.152 -207.18 
1786079917.369 0 3.552714e-15 0 0 61.58656 -83.07084 -621.52 -367.152 -207.18 
1786079917.562 0 3.552714e-15 0 0 61.58656 -83.07084 -621.52 -367.152 -207.18 
1786079917.747 0 3.552714e-15 0 0 61.58656 -83.07084 -621.52 -367.152 -207.18 
1786079917.945 0 3.552714e-15 0 0 61.58656 -83.07084 -621.52 -367.152 -207.18 
1786079918.162 0 3.552714e-15 0 0 61.58656 -83.07084 -621.52 -367.152 -207.18 
1786079918.355 0 3.552714e-15 0 0 61.58656 -83.07084 -621.52 -367.152 -207.18 
1786079918.562 0 3.552714e-15 0 0 61.58656 -83.07084 -621.52 -367.152 -207.18 
1786079918.770 0 3.552714e-15 0 0 61.58656 -83.07084 -621.52 -367.152 -207.18 
1786079919.013 0 3.552714e-15 0 0 61.58656 -83.07084 -621.52 -367.152 -207.18 
1786079919.266 0 3.552714e-15 0 0 61.58656 -83.07084 -621.52 -367.152 -207.18 
1786079919.456 0 3.552714e-15 0 0 61.58656 -83.07084 -621.52 -367.152 -207.18 
1786079919.664 0 3.552714e-15 0 0 61.58656 -83.07084 -621.52 -367.152 -207.18 
1786079919.876 0 3.552714e-15 0 0 61.58656 -83.07084 -621.52 -367.152 -207.18 
1786079920.146 0 3.552714e-15 0 0 61.58656 -83.07084 -621.52 -367.152 -207.18 
1786079920.393 0 3.552714e-15 0 0 61.58656 -83.07084 -621.52 -367.152 -207.18 
1786079920.574 0 3.552714e-15 0 0 61.58656 -83.07084 -621.52 -367.152 -207.18 
1786079920.740 0 3.552714e-15 0 0 61.58656 -83.07084 -621.52 -367.152 -207.18 
1786079920.952 0 3.552714e-15 0 0 61.58656 -83.07084 -621.52 -367.152 -207.18 
1786079921.165 0 3.552714e-15 0 0 61.58656 -83.07084 -621.52 -367.152 -207.18 
1786079921.368 0 3.552714e-15 0 0 61.58656 -83.07084 -621.52 -367.152 -207.18 
1786079921.581 0 3.552714e-15 0 0 61.58656 -83.07084 -621.52 -367.152 -207.18 
1786079921.799 0 3.552714e-15 0 0 61.58656 -83.07084 -621.52 -367.152 -207.18 
1786079922.014 0 3.552714e-15 0 0 61.58656 -83.07084 -621.52 -367.152 -207.18 
1786079922.216 0 3.552714e-15 0 0 61.58656 -83.07084 -621.52 -367.152 -207.18 
1786079922.450 0 3.552714e-15 0 0 61.58656 -83.07084 -621.52 -367.152 -207.18 
1786079922.620 0 3.552714e-15 0 0 61.58656 -83.07084 -621.52 -367.152 -207.18 
1786079922.803 0 3.552714e-15 0 0 61.58656 -83.07084 -621.52 -367.152 -207.18 
1786079922.992 0 3.552714e-15 0 0 61.58656 -83.07084 -621.52 -367.152 -207.18 
1786079923.189 0 3.552714e-15 0 0 61.58656 -83.07084 -621.52 -367.152 -207.18 
1786079923.390 0 3.552714e-15 0 0 61.58656 -83.07084 -621.52 -367.152 -207.18 
1786079923.578 0 3.552714e-15 0 0 61.58656 -83.07084 -621.52 -367.152 -207.18 
1786079923.785 0 3.552714e-15 0 0 61.58656 -83.07084 -621.52 -367.152 -207.18 
1786079923.999 0 3.552714e-15 0 0 61.58656 -83.07084 -621.52 -367.152 -207.18 
1786079924.181 0 3.552714e-15 0 0 61.58656 -83.07084 -621.52 -367.152 -207.18 
1786079924.362 0 3.552714e-15 0 0 61.58656 -83.07084 -621.52 -367.152 -207.18 
1786079924.546 0 3.552714e-15 0 0 61.58656 -83.07084 -621.52 -367.152 -207.18 
1786079924.739 0 3.552714e-15 0 0 61.58656 -83.07084 -621.52 -367.152 -207.18 
1786079924.922 0 3.552714e-15 0 0 61.58656 -83.07084 -621.52 -367.152 -207.18 
1786079925.093 0 3.552714e-15 0 0 61.58656 -83.07084 -621.52 -367.152 -207.18 
1786079925.282 0 3.552714e-15 0 0 61.58656 -83.07084 -621.52 -367.152 -207.18 
1786079925.503 0 3.552714e-15 0 0 61.58656 -83.07084 -621.52 -367.152 -207.18 
1786079925.692 0 3.552714e-15 0 0 61.58656 -83.07084 -621.52 -367.152 -207.18 
1786079925.867 0 3.552714e-15 0 0 61.58656 -83.07084 -621.52 -367.152 -207.18 
1786079926.056 0 3.552714e-15 0 0 61.58656 -83.07084 -621.52 -367.152 -207.18 
1786079926.243 0 3.552714e-15 0 0 61.58656 -83.07084 -621.52 -367.152 -207.18 
1786079926.416 0 3.552714e-15 0 0 61.58656 -83.07084 -621.52 -367.152 -207.18 
1786079926.624 0 3.552714e-15 0 0 61.58656 -83.07084 -621.52 -367.152 -207.18 
1786079926.821 0 3.552714e-15 0 0 61.58656 -83.07084 -621.52 -367.152 -207.18 
1786079926.993 0 3.552714e-15 0 0 61.58656 -83.07084 -621.52 -367.152 -207.18 
1786079927.204 0 3.552714e-15 0 0 61.58656 -83.07084 -621.52 -367.152 -207.18 
1786079927.392 0 3.552714e-15 0 0 61.58656 -83.07084 -621.52 -367.152 -207.18 
1786079927.579 0 3.552714e-15 0 0 61.58656 -83.07084 -621.52 -367.152 -207.18 
1786079927.768 0 3.552714e-15 0 0 61.58656 -83.07084 -621.52 -367.152 -207.18 
1786079927.951 0 3.552714e-15 0 0 61.58656 -83.07084 -621.52 -367.152 -207.18 
1786079928.165 0 3.552714e-15 0 0 61.58656 -83.07084 -621.52 -367.152 -207.18 
1786079928.366 0 3.552714e-15 0 0 61.58656 -83.07084 -621.52 -367.152 -207.18 
1786079928.563 0 3.552714e-15 0 0 61.58656 -83.07084 -621.52 -367.152 -207.18 
1786079928.759 0 3.552714e-15 0 0 61.58656 -83.07084 -621.52 -367.152 -207.18 
1786079928.959 0 3.552714e-15 0 0 61.58656 -83.07084 -621.52 -367.152 -207.18 
1786079929.158 0 3.552714e-15 0 0 61.58656 -83.07084 -621.52 -367.152 -207.18 
1786079929.355 0 3.552714e-15 0 0 61.58656 -83.07084 -621.52 -367.152 -207.18 
1786079929.559 0 3.552714e-15 0 0 61.58656 -83.07084 -621.52 -367.152 -207.18 
1786079929.758 0 3.552714e-15 0 0 61.58656 -83.07084 -621.52 -367.152 -207.18 
1786079929.961 0 3.552714e-15 0 0 61.58656 -83.07084 -621.52 -367.152 -207.18 
1786079930.155 0 3.552714e-15 0 0 61.58656 -83.07084 -621.52 -367.152 -207.18 
1786079930.352 0 3.552714e-15 0 0 61.58656 -83.07084 -621.52 -367.152 -207.18 
1786079930.542 0 3.552714e-15 0 0 61.58656 -83.07084 -621.52 -367.152 -207.18 
1786079930.743 0 3.552714e-15 0 0 61.58656 -83.07084 -621.52 -367.152 -207.18 
1786079930.930 0 3.552714e-15 0 0 61.58656 -83.07084 -621.52 -367.152 -207.18 
1786079931.128 0 3.552714e-15 0 0 61.58656 -83.07084 -621.52 -367.152 -207.18 
1786079931.322 0 3.552714e-15 0 0 61.58656 -83.07084 -621.52 -367.152 -207.18 
1786079931.537 0 3.552714e-15 0 0 61.58656 -83.07084 -621.52 -367.152 -207.18 
1786079931.757 0 3.552714e-15 0 0 61.58656 -83.07084 -621.52 -367.152 -207.18 
1786079931.940 0 3.552714e-15 0 0 61.58656 -83.07084 -621.52 -367.152 -207.18 
1786079932.118 0 3.552714e-15 0 0 61.58656 -83.07084 -621.52 -367.152 -207.18 
1786079932.316 0 3.552714e-15 0 0 61.58656 -83.07084 -621.52 -367.152 -207.18 
1786079932.509 0 3.552714e-15 0 0 61.58656 -83.07084 -621.52 -367.152 -207.18 
1786079932.694 0 3.552714e-15 0 0 61.58656 -83.07084 -621.52 -367.152 -207.18 
1786079932.904 0 3.552714e-15 0 0 61.58656 -83.07084 -621.52 -367.152 -207.18 
1786079933.110 0 3.552714e-15 0 0 61.58656 -83.07084 -621.52 -367.152 -207.18 
1786079933.284 0 3.552714e-15 0 0 61.58656 -83.07084 -621.52 -367.152 -207.18 
1786079933.465 0 3.552714e-15 0 0 61.58656 -83.07084 -621.52 -367.152 -207.18 
1786079933.645 0 3.552714e-15 0 0 61.58656 -83.07084 -621.52 -367.152 -207.18 
1786079933.832 0 3.552714e-15 0 0 61.58656 -83.07084 -621.52 -367.152 -207.18 
1786079934.032 0 3.552714e-15 0 0 61.58656 -83.07084 -621.52 -367.152 -207.18 
1786079934.203 0 3.552714e-15 0 0 61.58656 -83.07084 -621.52 -367.152 -207.18 
1786079934.388 0 3.552714e-15 0 0 61.58656 -83.07084 -621.52 -367.152 -207.18 
1786079934.579 0 3.552714e-15 0 0 61.58656 -83.07084 -621.52 -367.152 -207.18 
1786079934.796 0 3.552714e-15 0 0 61.58656 -83.07084 -621.52 -367.152 -207.18 
1786079934.981 0 3.552714e-15 0 0 61.58656 -83.07084 -621.52 -367.152 -207.18 
1786079935.186 0 3.552714e-15 0 0 61.58656 -83.07084 -621.52 -367.152 -207.18 
1786079935.382 0 3.552714e-15 0 0 61.58656 -83.07084 -621.52 -367.152 -207.18 
1786079935.559 0 3.552714e-15 0 0 61.58656 -83.07084 -621.52 -367.152 -207.18 
1786079935.750 0 3.552714e-15 0 0 61.58656 -83.07084 -621.52 -367.152 -207.18 
1786079935.955 0 3.552714e-15 0 0 61.58656 -83.07084 -621.52 -367.152 -207.18 
1786079936.199 0 3.552714e-15 0 0 61.58656 -83.07084 -621.52 -367.152 -207.18 
1786079936.416 0 3.552714e-15 0 0 61.58656 -83.07084 -621.52 -367.152 -207.18 
1786079936.632 0 3.552714e-15 0 0 61.58656 -83.07084 -621.52 -367.152 -207.18 
1786079936.817 0 3.552714e-15 0 0 61.58656 -83.07084 -621.52 -367.152 -207.18 
1786079937.004 0 3.552714e-15 0 0 61.58656 -83.07084 -621.52 -367.152 -207.18 
1786079937.206 0 3.552714e-15 0 0 61.58656 -83.07084 -621.52 -367.152 -207.18 
1786079937.384 0 3.552714e-15 0 0 61.58656 -83.07084 -621.52 -367.152 -207.18 
1786079937.581 0 3.552714e-15 0 0 61.58656 -83.07084 -621.52 -367.152 -207.18 
1786079937.812 0 3.552714e-15 0 0 61.58656 -83.07084 -621.52 -367.152 -207.18 
1786079938.030 0 3.552714e-15 0 0 61.58656 -83.07084 -621.52 -367.152 -207.18 
1786079938.279 0 3.552714e-15 0 0 61.58656 -83.07084 -621.52 -367.152 -207.18 
1786079938.495 0 3.552714e-15 0 0 61.58656 -83.07084 -621.52 -367.152 -207.18 
1786079938.726 0 3.552714e-15 0 0 61.58656 -83.07084 -621.52 -367.152 -207.18 
1786079938.902 0 3.552714e-15 0 0 61.58656 -83.07084 -621.52 -367.152 -207.18 
1786079939.199 0 3.552714e-15 0 0 61.58656 -83.07084 -621.52 -367.152 -207.18 
1786079939.430 0 3.552714e-15 0 0 61.58656 -83.07084 -621.52 -367.152 -207.18 
1786079939.629 0 3.552714e-15 0 0 61.58656 -83.07084 -621.52 -367.152 -207.18 
1786079939.850 0 3.552714e-15 0 0 61.58656 -83.07084 -621.52 -367.152 -207.18 
1786079940.033 0 3.552714e-15 0 0 61.58656 -83.07084 -621.52 -367.152 -207.18 
1786079940.216 0 3.552714e-15 0 0 61.58656 -83.07084 -621.52 -367.152 -207.18 
1786079940.397 0 3.552714e-15 0 0 61.58656 -83.07084 -621.52 -367.152 -207.18 
1786079940.604 0 3.552714e-15 0 0 61.58656 -83.07084 -621.52 -367.152 -207.18 
1786079940.780 0 3.552714e-15 0 0 61.58656 -83.07084 -621.52 -367.152 -207.18 
1786079940.973 0 3.552714e-15 0 0 61.58656 -83.07084 -621.52 -367.152 -207.18 
1786079941.158 0 3.552714e-15 0 0 61.58656 -83.07084 -621.52 -367.152 -207.18 
1786079941.355 0 3.552714e-15 0 0 61.58656 -83.07084 -621.52 -367.152 -207.18 
1786079941.546 0 3.552714e-15 0 0 61.58656 -83.07084 -621.52 -367.152 -207.18 
1786079941.808 0 3.552714e-15 0 0 61.58656 -83.07084 -621.52 -367.152 -207.18 
1786079942.002 0 3.552714e-15 0 0 61.58656 -83.07084 -621.52 -367.152 -207.18 
1786079942.200 0 3.552714e-15 0 0 61.58656 -83.07084 -621.52 -367.152 -207.18 
1786079942.405 0 3.552714e-15 0 0 61.58656 -83.07084 -621.52 -367.152 -207.18 
1786079942.573 0 3.552714e-15 0 0 61.58656 -83.07084 -621.52 -367.152 -207.18 
1786079942.748 0 3.552714e-15 0 0 61.58656 -83.07084 -621.52 -367.152 -207.18 
1786079942.916 0 3.552714e-15 0 0 61.58656 -83.07084 -621.52 -367.152 -207.18 
1786079943.098 0 3.552714e-15 0 0 61.58656 -83.07084 -621.52 -367.152 -207.18 
1786079943.289 0 3.552714e-15 0 0 61.58656 -83.07084 -621.52 -367.152 -207.18 
1786079943.457 0 3.552714e-15 0 0 61.58656 -83.07084 -621.52 -367.152 -207.18 
1786079943.627 0 3.552714e-15 0 0 61.58656 -83.07084 -621.52 -367.152 -207.18 
1786079943.805 0 3.552714e-15 0 0 61.58656 -83.07084 -621.52 -367.152 -207.18 
1786079943.984 0 3.552714e-15 0 0 61.58656 -83.07084 -621.52 -367.152 -207.18 
1786079944.186 0 3.552714e-15 0 0 61.58656 -83.07084 -621.52 -367.152 -207.18 
1786079944.354 0 3.552714e-15 0 0 61.58656 -83.07084 -621.52 -367.152 -207.18 
1786079944.530 0 3.552714e-15 0 0 61.58656 -83.07084 -621.52 -367.152 -207.18 
1786079944.701 0 3.552714e-15 0 0 61.58656 -83.07084 -621.52 -367.152 -207.18 
1786079944.880 0 3.552714e-15 0 0 61.58656 -83.07084 -621.52 -367.152 -207.18 
1786079945.052 0 3.552714e-15 0 0 61.58656 -83.07084 -621.52 -367.152 -207.18 
1786079945.231 0 3.552714e-15 0 0 61.58656 -83.07084 -621.52 -367.152 -207.18 
1786079945.403 0 3.552714e-15 0 0 61.58656 -83.07084 -621.52 -367.152 -207.18 
1786079945.579 0 3.552714e-15 0 0 61.58656 -83.07084 -621.52 -367.152 -207.18 
1786079945.752 0 3.552714e-15 0 0 61.58656 -83.07084 -621.52 -367.152 -207.18 
1786079945.924 0 3.552714e-15 0 0 61.58656 -83.07084 -621.52 -367.152 -207.18 
1786079946.100 0 3.552714e-15 0 0 61.58656 -83.07084 -621.52 -367.152 -207.18 
1786079946.276 0 3.552714e-15 0 0 61.58656 -83.07084 -621.52 -367.152 -207.18 
1786079946.465 0 3.552714e-15 0 0 61.58656 -83.07084 -621.52 -367.152 -207.18 
1786079946.638 0 3.552714e-15 0 0 61.58656 -83.07084 -621.52 -367.152 -207.18 
1786079946.813 0 3.552714e-15 0 0 61.58656 -83.07084 -621.52 -367.152 -207.18 
1786079946.985 0 3.552714e-15 0 0 61.58656 -83.07084 -621.52 -367.152 -207.18 
1786079947.171 0 3.552714e-15 0 0 61.58656 -83.07084 -621.52 -367.152 -207.18 
1786079947.352 0 3.552714e-15 0 0 61.58656 -83.07084 -621.52 -367.152 -207.18 
1786079947.545 0 3.552714e-15 0 0 61.58656 -83.07084 -621.52 -367.152 -207.18 
1786079947.717 0 3.552714e-15 0 0 61.58656 -83.07084 -621.52 -367.152 -207.18 
1786079947.893 0 3.552714e-15 0 0 61.58656 -83.07084 -621.52 -367.152 -207.18 
1786079948.091 0 3.552714e-15 0 0 61.58656 -83.07084 -621.52 -367.152 -207.18 
1786079948.273 0 3.552714e-15 0 0 61.58656 -83.07084 -621.52 -367.152 -207.18 
1786079948.473 0 3.552714e-15 0 0 61.58656 -83.07084 -621.52 -367.152 -207.18 
1786079948.695 0 3.552714e-15 0 0 61.58656 -83.07084 -621.52 -367.152 -207.18 
1786079948.891 0 3.552714e-15 0 0 61.58656 -83.07084 -621.52 -367.152 -207.18 
1786079949.071 0 3.552714e-15 0 0 61.58656 -83.07084 -621.52 -367.152 -207.18 
1786079949.273 0 3.552714e-15 0 0 61.58656 -83.07084 -621.52 -367.152 -207.18 
1786079949.455 0 3.552714e-15 0 0 61.58656 -83.07084 -621.52 -367.152 -207.18 
1786079949.652 0 3.552714e-15 0 0 61.58656 -83.07084 -621.52 -367.152 -207.18 
1786079949.832 0 3.552714e-15 0 0 61.58656 -83.07084 -621.52 -367.152 -207.18 
1786079950.024 0 3.552714e-15 0 0 61.58656 -83.07084 -621.52 -367.152 -207.18 
1786079950.214 0 3.552714e-15 0 0 61.58656 -83.07084 -621.52 -367.152 -207.18 
1786079950.408 0 3.552714e-15 0 0 61.58656 -83.07084 -621.52 -367.152 -207.18 
1786079950.590 0 3.552714e-15 0 0 61.58656 -83.07084 -621.52 -367.152 -207.18 
1786079950.778 0 3.552714e-15 0 0 61.58656 -83.07084 -621.52 -367.152 -207.18 
1786079950.961 0 3.552714e-15 0 0 61.58656 -83.07084 -621.52 -367.152 -207.18 
1786079951.137 0 3.552714e-15 0 0 61.58656 -83.07084 -621.52 -367.152 -207.18 
1786079951.323 0 3.552714e-15 0 0 61.58656 -83.07084 -621.52 -367.152 -207.18 
1786079951.499 0 3.552714e-15 0 0 61.58656 -83.07084 -621.52 -367.152 -207.18 
1786079951.668 0 3.552714e-15 0 0 61.58656 -83.07084 -621.52 -367.152 -207.18 
1786079951.852 0 3.552714e-15 0 0 61.58656 -83.07084 -621.52 -367.152 -207.18 
1786079952.022 0 3.552714e-15 0 0 61.58656 -83.07084 -621.52 -367.152 -207.18 
1786079952.198 0 3.552714e-15 0 0 61.58656 -83.07084 -621.52 -367.152 -207.18 
1786079952.376 0 3.552714e-15 0 0 61.58656 -83.07084 -621.52 -367.152 -207.18 
1786079952.557 0 3.552714e-15 0 0 61.58656 -83.07084 -621.52 -367.152 -207.18 
1786079952.778 0 3.552714e-15 0 0 61.58656 -83.07084 -621.52 -367.152 -207.18 
1786079953.002 0 3.552714e-15 0 0 61.58656 -83.07084 -621.52 -367.152 -207.18 
1786079953.204 0 3.552714e-15 0 0 61.58656 -83.07084 -621.52 -367.152 -207.18 
1786079953.386 0 3.552714e-15 0 0 61.58656 -83.07084 -621.52 -367.152 -207.18 
1786079953.561 0 3.552714e-15 0 0 61.58656 -83.07084 -621.52 -367.152 -207.18 
1786079953.732 0 3.552714e-15 0 0 61.58656 -83.07084 -621.52 -367.152 -207.18 
1786079953.900 0 3.552714e-15 0 0 61.58656 -83.07084 -621.52 -367.152 -207.18 
1786079954.088 0 3.552714e-15 0 0 61.58656 -83.07084 -621.52 -367.152 -207.18 
1786079954.257 0 3.552714e-15 0 0 61.58656 -83.07084 -621.52 -367.152 -207.18 
1786079954.418 0 3.552714e-15 0 0 61.58656 -83.07084 -621.52 -367.152 -207.18 
1786079954.596 0 3.552714e-15 0 0 61.58656 -83.07084 -621.52 -367.152 -207.18 
1786079954.764 0 3.552714e-15 0 0 61.58656 -83.07084 -621.52 -367.152 -207.18 
1786079954.928 0 3.552714e-15 0 0 61.58656 -83.07084 -621.52 -367.152 -207.18 
1786079955.090 0 3.552714e-15 0 0 61.58656 -83.07084 -621.52 -367.152 -207.18 
1786079955.248 0 3.552714e-15 0 0 61.58656 -83.07084 -621.52 -367.152 -207.18 
1786079955.407 0 3.552714e-15 0 0 61.58656 -83.07084 -621.52 -367.152 -207.18 
1786079955.567 0 3.552714e-15 0 0 61.58656 -83.07084 -621.52 -367.152 -207.18 
1786079955.727 0 3.552714e-15 0 0 61.58656 -83.07084 -621.52 -367.152 -207.18 
1786079955.888 0 3.552714e-15 0 0 61.58656 -83.07084 -621.52 -367.152 -207.18 
1786079956.047 0 3.552714e-15 0 0 61.58656 -83.07084 -621.52 -367.152 -207.18 
1786079956.209 0 3.552714e-15 0 0 61.58656 -83.07084 -621.52 -367.152 -207.18 
1786079956.367 0 3.552714e-15 0 0 61.58656 -83.07084 -621.52 -367.152 -207.18 
1786079956.527 0 3.552714e-15 0 0 61.58656 -83.07084 -621.52 -367.152 -207.18 
1786079956.687 0 3.552714e-15 0 0 61.58656 -83.07084 -621.52 -367.152 -207.18 
1786079956.847 0 3.552714e-15 0 0 61.58656 -83.07084 -621.52 -367.152 -207.18 
1786079957.006 0 3.552714e-15 0 0 61.58656 -83.07084 -621.52 -367.152 -207.18 
1786079957.166 0 3.552714e-15 0 0 61.58656 -83.07084 -621.52 -367.152 -207.18 
1786079957.326 0 3.552714e-15 0 0 61.58656 -83.07084 -621.52 -367.152 -207.18 
1786079957.487 0 3.552714e-15 0 0 61.58656 -83.07084 -621.52 -367.152 -207.18 
1786079957.649 0 3.552714e-15 0 0 61.58656 -83.07084 -621.52 -367.152 -207.18 
1786079957.807 0 3.552714e-15 0 0 61.58656 -83.07084 -621.52 -367.152 -207.18 
1786079957.967 0 3.552714e-15 0 0 61.58656 -83.07084 -621.52 -367.152 -207.18 
1786079958.128 0 3.552714e-15 0 0 61.58656 -83.07084 -621.52 -367.152 -207.18 
1786079958.289 0 3.552714e-15 0 0 61.58656 -83.07084 -621.52 -367.152 -207.18 
1786079958.450 0 3.552714e-15 0 0 61.58656 -83.07084 -621.52 -367.152 -207.18 
1786079958.607 0 3.552714e-15 0 0 61.58656 -83.07084 -621.52 -367.152 -207.18 
1786079958.767 0 3.552714e-15 0 0 61.58656 -83.07084 -621.52 -367.152 -207.18 
1786079958.925 0 3.552714e-15 0 0 61.58656 -83.07084 -621.52 -367.152 -207.18 
1786079959.099 0 3.552714e-15 0 0 61.58656 -83.07084 -621.52 -367.152 -207.18 
1786079959.262 0 3.552714e-15 0 0 61.58656 -83.07084 -621.52 -367.152 -207.18 
1786079959.422 0 3.552714e-15 0 0 61.58656 -83.07084 -621.52 -367.152 -207.18 
1786079959.583 0 3.552714e-15 0 0 61.58656 -83.07084 -621.52 -367.152 -207.18 
1786079959.744 0 3.552714e-15 0 0 61.58656 -83.07084 -621.52 -367.152 -207.18 
1786079959.905 0 3.552714e-15 0 0 61.58656 -83.07084 -621.52 -367.152 -207.18 
1786079960.065 0 3.552714e-15 0 0 61.58656 -83.07084 -621.52 -367.152 -207.18 
1786079960.226 0 3.552714e-15 0 0 61.58656 -83.07084 -621.52 -367.152 -207.18 
1786079960.390 0 3.552714e-15 0 0 61.58656 -83.07084 -621.52 -367.152 -207.18 
1786079960.550 0 3.552714e-15 0 0 61.58656 -83.07084 -621.52 -367.152 -207.18 
1786079960.711 0 3.552714e-15 0 0 61.58656 -83.07084 -621.52 -367.152 -207.18 
1786079960.869 0 3.552714e-15 0 0 61.58656 -83.07084 -621.52 -367.152 -207.18 
1786079961.030 0 3.552714e-15 0 0 61.58656 -83.07084 -621.52 -367.152 -207.18 
1786079961.188 0 3.552714e-15 0 0 61.58656 -83.07084 -621.52 -367.152 -207.18 
1786079961.348 0 3.552714e-15 0 0 61.58656 -83.07084 -621.52 -367.152 -207.18 
1786079961.507 0 3.552714e-15 0 0 61.58656 -83.07084 -621.52 -367.152 -207.18 
1786079961.668 0 3.552714e-15 0 0 61.58656 -83.07084 -621.52 -367.152 -207.18 
1786079961.827 0 3.552714e-15 0 0 61.58656 -83.07084 -621.52 -367.152 -207.18 
1786079961.987 0 3.552714e-15 0 0 61.58656 -83.07084 -621.52 -367.152 -207.18 
1786079962.146 0 3.552714e-15 0 0 61.58656 -83.07084 -621.52 -367.152 -207.18 
1786079962.307 0 3.552714e-15 0 0 61.58656 -83.07084 -621.52 -367.152 -207.18 
1786079962.470 0 3.552714e-15 0 0 61.58656 -83.07084 -621.52 -367.152 -207.18 
1786079962.633 0 3.552714e-15 0 0 61.58656 -83.07084 -621.52 -367.152 -207.18 
1786079962.792 0 3.552714e-15 0 0 61.58656 -83.07084 -621.52 -367.152 -207.18 
1786079962.953 0 3.552714e-15 0 0 61.58656 -83.07084 -621.52 -367.152 -207.18 
1786079963.114 0 3.552714e-15 0 0 61.58656 -83.07084 -621.52 -367.152 -207.18 
1786079963.281 0 3.552714e-15 0 0 61.58656 -83.07084 -621.52 -367.152 -207.18 
1786079963.440 0 3.552714e-15 0 0 61.58656 -83.07084 -621.52 -367.152 -207.18 
1786079963.610 0 3.552714e-15 0 0 61.58656 -83.07084 -621.52 -367.152 -207.18 
1786079963.775 0 3.552714e-15 0 0 61.58656 -83.07084 -621.52 -367.152 -207.18 
1786079963.935 0 3.552714e-15 0 0 61.58656 -83.07084 -621.52 -367.152 -207.18 
1786079964.094 0 3.552714e-15 0 0 61.58656 -83.07084 -621.52 -367.152 -207.18 
1786079964.254 0 3.552714e-15 0 0 61.58656 -83.07084 -621.52 -367.152 -207.18 
1786079964.544 0 3.552714e-15 0 0 61.58656 -83.07084 -621.52 -367.152 -207.18 
1786079964.705 0 3.552714e-15 0 0 61.58656 -83.07084 -621.52 -367.152 -207.18 
1786079964.870 0 3.552714e-15 0 0 61.58656 -83.07084 -621.52 -367.152 -207.18 
1786079965.033 0 3.552714e-15 0 0 61.58656 -83.07084 -621.52 -367.152 -207.18 
1786079965.196 0 3.552714e-15 0 0 61.58656 -83.07084 -621.52 -367.152 -207.18 
1786079965.354 0 3.552714e-15 0 0 61.58656 -83.07084 -621.52 -367.152 -207.18 
1786079965.518 0 3.552714e-15 0 0 61.58656 -83.07084 -621.52 -367.152 -207.18 
1786079965.675 0 3.552714e-15 0 0 61.58656 -83.07084 -621.52 -367.152 -207.18 
1786079965.832 0 3.552714e-15 0 0 61.58656 -83.07084 -621.52 -367.152 -207.18 
1786079965.990 0 3.552714e-15 0 0 61.58656 -83.07084 -621.52 -367.152 -207.18 
1786079966.150 0 3.552714e-15 0 0 61.58656 -83.07084 -621.52 -367.152 -207.18 
1786079966.310 0 3.552714e-15 0 0 61.58656 -83.07084 -621.52 -367.152 -207.18 
1786079966.471 0 3.552714e-15 0 0 61.58656 -83.07084 -621.52 -367.152 -207.18 
1786079966.630 0 3.552714e-15 0 0 61.58656 -83.07084 -621.52 -367.152 -207.18 
1786079966.793 0 3.552714e-15 0 0 61.58656 -83.07084 -621.52 -367.152 -207.18 
1786079966.954 0 3.552714e-15 0 0 61.58656 -83.07084 -621.52 -367.152 -207.18 
1786079967.112 0 3.552714e-15 0 0 61.58656 -83.07084 -621.52 -367.152 -207.18 
1786079967.270 0 3.552714e-15 0 0 61.58656 -83.07084 -621.52 -367.152 -207.18 
1786079967.430 0 3.552714e-15 0 0 61.58656 -83.07084 -621.52 -367.152 -207.18 
1786079967.588 0 3.552714e-15 0 0 61.58656 -83.07084 -621.52 -367.152 -207.18 
1786079967.752 0 3.552714e-15 0 0 61.58656 -83.07084 -621.52 -367.152 -207.18 
1786079967.910 0 3.552714e-15 0 0 61.58656 -83.07084 -621.52 -367.152 -207.18 
1786079968.068 0 3.552714e-15 0 0 61.58656 -83.07084 -621.52 -367.152 -207.18 
1786079968.228 0 3.552714e-15 0 0 61.58656 -83.07084 -621.52 -367.152 -207.18 
1786079968.392 0 3.552714e-15 0 0 61.58656 -83.07084 -621.52 -367.152 -207.18 
1786079968.554 0 3.552714e-15 0 0 61.58656 -83.07084 -621.52 -367.152 -207.18 
1786079968.716 0 3.552714e-15 0 0 61.58656 -83.07084 -621.52 -367.152 -207.18 
1786079968.873 0 3.552714e-15 0 0 61.58656 -83.07084 -621.52 -367.152 -207.18 
1786079969.031 0 3.552714e-15 0 0 61.58656 -83.07084 -621.52 -367.152 -207.18 
1786079969.190 0 3.552714e-15 0 0 61.58656 -83.07084 -621.52 -367.152 -207.18 
1786079969.350 0 3.552714e-15 0 0 61.58656 -83.07084 -621.52 -367.152 -207.18 
1786079969.518 0 3.552714e-15 0 0 61.58656 -83.07084 -621.52 -367.152 -207.18 
1786079969.676 0 3.552714e-15 0 0 61.58656 -83.07084 -621.52 -367.152 -207.18 
1786079969.834 0 3.552714e-15 0 0 61.58656 -83.07084 -621.52 -367.152 -207.18 
1786079969.995 0 3.552714e-15 0 0 61.58656 -83.07084 -621.52 -367.152 -207.18 
1786079970.152 0 3.552714e-15 0 0 61.58656 -83.07084 -621.52 -367.152 -207.18 
1786079970.310 0 3.552714e-15 0 0 61.58656 -83.07084 -621.52 -367.152 -207.18 
1786079970.474 0 3.552714e-15 0 0 61.58656 -83.07084 -621.52 -367.152 -207.18 
1786079970.631 0 3.552714e-15 0 0 61.58656 -83.07084 -621.52 -367.152 -207.18 
1786079970.791 0 3.552714e-15 0 0 61.58656 -83.07084 -621.52 -367.152 -207.18 
1786079970.949 0 3.552714e-15 0 0 61.58656 -83.07084 -621.52 -367.152 -207.18 
1786079971.111 0 3.552714e-15 0 0 61.58656 -83.07084 -621.52 -367.152 -207.18 
1786079971.270 0 3.552714e-15 0 0 61.58656 -83.07084 -621.52 -367.152 -207.18 
1786079971.429 0 3.552714e-15 0 0 61.58656 -83.07084 -621.52 -367.152 -207.18 
1786079971.588 0 3.552714e-15 0 0 61.58656 -83.07084 -621.52 -367.152 -207.18 
1786079971.747 0 3.552714e-15 0 0 61.58656 -83.07084 -621.52 -367.152 -207.18 
1786079971.906 0 3.552714e-15 0 0 61.58656 -83.07084 -621.52 -367.152 -207.18 
1786079972.068 0 3.552714e-15 0 0 61.58656 -83.07084 -621.52 -367.152 -207.18 
1786079972.228 0 3.552714e-15 0 0 61.58656 -83.07084 -621.52 -367.152 -207.18 
1786079972.391 0 3.552714e-15 0 0 61.58656 -83.07084 -621.52 -367.152 -207.18 
1786079972.556 0 3.552714e-15 0 0 61.58656 -83.07084 -621.52 -367.152 -207.18 
1786079972.717 0 3.552714e-15 0 0 61.58656 -83.07084 -621.52 -367.152 -207.18 
1786079972.875 0 3.552714e-15 0 0 61.58656 -83.07084 -621.52 -367.152 -207.18 
1786079973.033 0 3.552714e-15 0 0 61.58656 -83.07084 -621.52 -367.152 -207.18 
1786079973.195 0 3.552714e-15 0 0 61.58656 -83.07084 -621.52 -367.152 -207.18 
1786079973.354 0 3.552714e-15 0 0 61.58656 -83.07084 -621.52 -367.152 -207.18 
1786079973.512 0 3.552714e-15 0 0 61.58656 -83.07084 -621.52 -367.152 -207.18 
1786079973.669 0 3.552714e-15 0 0 61.58656 -83.07084 -621.52 -367.152 -207.18 
1786079973.833 0 3.552714e-15 0 0 61.58656 -83.07084 -621.52 -367.152 -207.18 
1786079973.992 0 3.552714e-15 0 0 61.58656 -83.07084 -621.52 -367.152 -207.18 
1786079974.150 0 3.552714e-15 0 0 61.58656 -83.07084 -621.52 -367.152 -207.18 
1786079974.312 0 3.552714e-15 0 0 61.58656 -83.07084 -621.52 -367.152 -207.18 
1786079974.472 0 3.552714e-15 0 0 61.58656 -83.07084 -621.52 -367.152 -207.18 
1786079974.632 0 3.552714e-15 0 0 61.58656 -83.07084 -621.52 -367.152 -207.18 
1786079974.790 0 3.552714e-15 0 0 61.58656 -83.07084 -621.52 -367.152 -207.18 
1786079974.948 0 3.552714e-15 0 0 61.58656 -83.07084 -621.52 -367.152 -207.18 
1786079975.108 0 3.552714e-15 0 0 61.58656 -83.07084 -621.52 -367.152 -207.18 
1786079975.270 0 3.552714e-15 0 0 61.58656 -83.07084 -621.52 -367.152 -207.18 
1786079975.429 0 3.552714e-15 0 0 61.58656 -83.07084 -621.52 -367.152 -207.18 
1786079975.588 0 3.552714e-15 0 0 61.58656 -83.07084 -621.52 -367.152 -207.18 
1786079975.750 0 3.552714e-15 0 0 61.58656 -83.07084 -621.52 -367.152 -207.18 
1786079975.911 0 3.552714e-15 0 0 61.58656 -83.07084 -621.52 -367.152 -207.18 
1786079976.071 0 3.552714e-15 0 0 61.58656 -83.07084 -621.52 -367.152 -207.18 
1786079976.230 0 3.552714e-15 0 0 61.58656 -83.07084 -621.52 -367.152 -207.18 
1786079976.394 0 3.552714e-15 0 0 61.58656 -83.07084 -621.52 -367.152 -207.18 
1786079976.552 0 3.552714e-15 0 0 61.58656 -83.07084 -621.52 -367.152 -207.18 
1786079976.713 0 3.552714e-15 0 0 61.58656 -83.07084 -621.52 -367.152 -207.18 
1786079976.871 0 3.552714e-15 0 0 61.58656 -83.07084 -621.52 -367.152 -207.18 
1786079977.029 0 3.552714e-15 0 0 61.58656 -83.07084 -621.52 -367.152 -207.18 
1786079977.189 0 3.552714e-15 0 0 61.58656 -83.07084 -621.52 -367.152 -207.18 
1786079977.347 0 3.552714e-15 0 0 61.58656 -83.07084 -621.52 -367.152 -207.18 
1786079977.511 0 3.552714e-15 0 0 61.58656 -83.07084 -621.52 -367.152 -207.18 
1786079977.671 0 3.552714e-15 0 0 61.58656 -83.07084 -621.52 -367.152 -207.18 
1786079977.830 0 3.552714e-15 0 0 61.58656 -83.07084 -621.52 -367.152 -207.18 
1786079977.992 0 3.552714e-15 0 0 61.58656 -83.07084 -621.52 -367.152 -207.18 
1786079978.152 0 3.552714e-15 0 0 61.58656 -83.07084 -621.52 -367.152 -207.18 
1786079978.317 0 3.552714e-15 0 0 61.58656 -83.07084 -621.52 -367.152 -207.18 
1786079978.476 0 3.552714e-15 0 0 61.58656 -83.07084 -621.52 -367.152 -207.18 
1786079978.635 0 3.552714e-15 0 0 61.58656 -83.07084 -621.52 -367.152 -207.18 
1786079978.792 0 3.552714e-15 0 0 61.58656 -83.07084 -621.52 -367.152 -207.18 
1786079978.950 0 3.552714e-15 0 0 61.58656 -83.07084 -621.52 -367.152 -207.18 
1786079979.108 0 3.552714e-15 0 0 61.58656 -83.07084 -621.52 -367.152 -207.18 
1786079979.270 0 3.552714e-15 0 0 61.58656 -83.07084 -621.52 -367.152 -207.18 
1786079979.430 0 3.552714e-15 0 0 61.58656 -83.07084 -621.52 -367.152 -207.18 
1786079979.591 0 3.552714e-15 0 0 61.58656 -83.07084 -621.52 -367.152 -207.18 
1786079979.752 0 3.552714e-15 0 0 61.58656 -83.07084 -621.52 -367.152 -207.18 
1786079979.916 0 3.552714e-15 0 0 61.58656 -83.07084 -621.52 -367.152 -207.18 
1786079980.073 0 3.552714e-15 0 0 61.58656 -83.07084 -621.52 -367.152 -207.18 
1786079980.230 0 3.552714e-15 0 0 61.58656 -83.07084 -621.52 -367.152 -207.18 
1786079980.389 0 3.552714e-15 0 0 61.58656 -83.07084 -621.52 -367.152 -207.18 
1786079980.549 0 3.552714e-15 0 0 61.58656 -83.07084 -621.52 -367.152 -207.18 
1786079980.713 0 3.552714e-15 0 0 61.58656 -83.07084 -621.52 -367.152 -207.18 
1786079980.874 0 3.552714e-15 0 0 61.58656 -83.07084 -621.52 -367.152 -207.18 
1786079981.038 0 3.552714e-15 0 0 61.58656 -83.07084 -621.52 -367.152 -207.18 
1786079981.198 0 3.552714e-15 0 0 61.58656 -83.07084 -621.52 -367.152 -207.18 
1786079981.355 0 3.552714e-15 0 0 61.58656 -83.07084 -621.52 -367.152 -207.18 
1786079981.516 0 3.552714e-15 0 0 61.58656 -83.07084 -621.52 -367.152 -207.18 
1786079981.675 0 3.552714e-15 0 0 61.58656 -83.07084 -621.52 -367.152 -207.18 
1786079981.833 0 3.552714e-15 0 0 61.58656 -83.07084 -621.52 -367.152 -207.18 
1786079981.991 0 3.552714e-15 0 0 61.58656 -83.07084 -621.52 -367.152 -207.18 
1786079982.154 0 3.552714e-15 0 0 61.58656 -83.07084 -621.52 -367.152 -207.18 
1786079982.314 0 3.552714e-15 0 0 61.58656 -83.07084 -621.52 -367.152 -207.18 
1786079982.473 0 3.552714e-15 0 0 61.58656 -83.07084 -621.52 -367.152 -207.18 
1786079982.636 0 3.552714e-15 0 0 61.58656 -83.07084 -621.52 -367.152 -207.18 
1786079982.794 0 3.552714e-15 0 0 61.58656 -83.07084 -621.52 -367.152 -207.18 
1786079982.959 0 3.552714e-15 0 0 61.58656 -83.07084 -621.52 -367.152 -207.18 
1786079983.116 0 3.552714e-15 0 0 61.58656 -83.07084 -621.52 -367.152 -207.18 
1786079983.275 0 3.552714e-15 0 0 61.58656 -83.07084 -621.52 -367.152 -207.18 
1786079983.434 0 3.552714e-15 0 0 61.58656 -83.07084 -621.52 -367.152 -207.18 
1786079983.595 0 3.552714e-15 0 0 61.58656 -83.07084 -621.52 -367.152 -207.18 
1786079983.753 0 3.552714e-15 0 0 61.58656 -83.07084 -621.52 -367.152 -207.18 
1786079983.915 0 3.552714e-15 0 0 61.58656 -83.07084 -621.52 -367.152 -207.18 
1786079984.076 0 3.552714e-15 0 0 61.58656 -83.07084 -621.52 -367.152 -207.18 
1786079984.235 0 3.552714e-15 0 0 61.58656 -83.07084 -621.52 -367.152 -207.18 
1786079984.402 0 3.552714e-15 0 0 61.58656 -83.07084 -621.52 -367.152 -207.18 
1786079984.574 0 3.552714e-15 0 0 61.58656 -83.07084 -621.52 -367.152 -207.18 
1786079984.735 0 3.552714e-15 0 0 61.58656 -83.07084 -621.52 -367.152 -207.18 
1786079984.894 0 3.552714e-15 0 0 61.58656 -83.07084 -621.52 -367.152 -207.18 
1786079985.054 0 3.552714e-15 0 0 61.58656 -83.07084 -621.52 -367.152 -207.18 
1786079985.214 0 3.552714e-15 0 0 61.58656 -83.07084 -621.52 -367.152 -207.18 
1786079985.373 0 3.552714e-15 0 0 61.58656 -83.07084 -621.52 -367.152 -207.18 
1786079985.543 0 3.552714e-15 0 0 61.58656 -83.07084 -621.52 -367.152 -207.18 
1786079985.708 0 3.552714e-15 0 0 61.58656 -83.07084 -621.52 -367.152 -207.18 
1786079985.866 0 3.552714e-15 0 0 61.58656 -83.07084 -621.52 -367.152 -207.18 
1786079986.025 0 3.552714e-15 0 0 61.58656 -83.07084 -621.52 -367.152 -207.18 
1786079986.185 0 3.552714e-15 0 0 61.58656 -83.07084 -621.52 -367.152 -207.18 
1786079986.343 0 3.552714e-15 0 0 61.58656 -83.07084 -621.52 -367.152 -207.18 
1786079986.503 0 3.552714e-15 0 0 61.58656 -83.07084 -621.52 -367.152 -207.18 
1786079986.664 0 3.552714e-15 0 0 61.58656 -83.07084 -621.52 -367.152 -207.18 
1786079986.821 0 3.552714e-15 0 0 61.58656 -83.07084 -621.52 -367.152 -207.18 
1786079986.982 0 3.552714e-15 0 0 61.58656 -83.07084 -621.52 -367.152 -207.18 
1786079987.143 0 3.552714e-15 0 0 61.58656 -83.07084 -621.52 -367.152 -207.18 
1786079987.309 0 3.552714e-15 0 0 61.58656 -83.07084 -621.52 -367.152 -207.18 
1786079987.467 0 3.552714e-15 0 0 61.58656 -83.07084 -621.52 -367.152 -207.18 
1786079987.680 0 3.552714e-15 0 0 61.58656 -83.07084 -621.52 -367.152 -207.18 
1786079987.850 0 3.552714e-15 0 0 61.58656 -83.07084 -621.52 -367.152 -207.18 
1786079988.016 0 3.552714e-15 0 0 61.58656 -83.07084 -621.52 -367.152 -207.18 
1786079988.188 0 3.552714e-15 0 0 61.58656 -83.07084 -621.52 -367.152 -207.18 
1786079988.356 0 3.552714e-15 0 0 61.58656 -83.07084 -621.52 -367.152 -207.18 
1786079988.515 0 3.552714e-15 0 0 61.58656 -83.07084 -621.52 -367.152 -207.18 
1786079988.676 0 3.552714e-15 0 0 61.58656 -83.07084 -621.52 -367.152 -207.18 
1786079988.838 0 3.552714e-15 0 0 61.58656 -83.07084 -621.52 -367.152 -207.18 
1786079989.000 0 3.552714e-15 0 0 61.58656 -83.07084 -621.52 -367.152 -207.18 
1786079989.160 0 3.552714e-15 0 0 61.58656 -83.07084 -621.52 -367.152 -207.18 
1786079989.322 0 3.552714e-15 0 0 61.58656 -83.07084 -621.52 -367.152 -207.18 
1786079989.485 0 3.552714e-15 0 0 61.58656 -83.07084 -621.52 -367.152 -207.18 
1786079989.648 0 3.552714e-15 0 0 61.58656 -83.07084 -621.52 -367.152 -207.18 
1786079989.807 0 3.552714e-15 0 0 61.58656 -83.07084 -621.52 -367.152 -207.18 
1786079989.969 0 3.552714e-15 0 0 61.58656 -83.07084 -621.52 -367.152 -207.18 
1786079990.128 0 3.552714e-15 0 0 61.58656 -83.07084 -621.52 -367.152 -207.18 
1786079990.297 0 3.552714e-15 0 0 61.58656 -83.07084 -621.52 -367.152 -207.18 
1786079990.459 0 3.552714e-15 0 0 61.58656 -83.07084 -621.52 -367.152 -207.18 
1786079990.619 0 3.552714e-15 0 0 61.58656 -83.07084 -621.52 -367.152 -207.18 
1786079990.786 0 3.552714e-15 0 0 61.58656 -83.07084 -621.52 -367.152 -207.18 
1786079990.949 0 3.552714e-15 0 0 61.58656 -83.07084 -621.52 -367.152 -207.18 
1786079991.113 0 3.552714e-15 0 0 61.58656 -83.07084 -621.52 -367.152 -207.18 
1786079991.276 0 3.552714e-15 0 0 61.58656 -83.07084 -621.52 -367.152 -207.18 
1786079991.437 0 3.552714e-15 0 0 61.58656 -83.07084 -621.52 -367.152 -207.18 
1786079991.594 0 3.552714e-15 0 0 61.58656 -83.07084 -621.52 -367.152 -207.18 
1786079991.753 0 3.552714e-15 0 0 61.58656 -83.07084 -621.52 -367.152 -207.18 
1786079991.912 0 3.552714e-15 0 0 61.58656 -83.07084 -621.52 -367.152 -207.18 
1786079992.070 0 3.552714e-15 0 0 61.58656 -83.07084 -621.52 -367.152 -207.18 
1786079992.233 0 3.552714e-15 0 0 61.58656 -83.07084 -621.52 -367.152 -207.18 
1786079992.399 0 3.552714e-15 0 0 61.58656 -83.07084 -621.52 -367.152 -207.18 
1786079992.559 0 3.552714e-15 0 0 61.58656 -83.07084 -621.52 -367.152 -207.18 
1786079992.725 0 3.552714e-15 0 0 61.58656 -83.07084 -621.52 -367.152 -207.18 
1786079992.885 0 3.552714e-15 0 0 61.58656 -83.07084 -621.52 -367.152 -207.18 
1786079993.054 0 3.552714e-15 0 0 61.58656 -83.07084 -621.52 -367.152 -207.18 
1786079993.221 0 3.552714e-15 0 0 61.58656 -83.07084 -621.52 -367.152 -207.18 
1786079993.380 0 3.552714e-15 0 0 61.58656 -83.07084 -621.52 -367.152 -207.18 
1786079993.541 0 3.552714e-15 0 0 61.58656 -83.07084 -621.52 -367.152 -207.18 
1786079993.699 0 3.552714e-15 0 0 61.58656 -83.07084 -621.52 -367.152 -207.18 
1786079993.862 0 3.552714e-15 0 0 61.58656 -83.07084 -621.52 -367.152 -207.18 
1786079994.026 0 3.552714e-15 0 0 61.58656 -83.07084 -621.52 -367.152 -207.18 
1786079994.194 0 3.552714e-15 0 0 61.58656 -83.07084 -621.52 -367.152 -207.18 
1786079994.356 0 3.552714e-15 0 0 61.58656 -83.07084 -621.52 -367.152 -207.18 
1786079994.514 0 3.552714e-15 0 0 61.58656 -83.07084 -621.52 -367.152 -207.18 
1786079994.678 0 3.552714e-15 0 0 61.58656 -83.07084 -621.52 -367.152 -207.18 
1786079994.836 0 3.552714e-15 0 0 61.58656 -83.07084 -621.52 -367.152 -207.18 
1786079994.995 0 3.552714e-15 0 0 61.58656 -83.07084 -621.52 -367.152 -207.18 
1786079995.154 0 3.552714e-15 0 0 61.58656 -83.07084 -621.52 -367.152 -207.18 
1786079995.312 0 3.552714e-15 0 0 61.58656 -83.07084 -621.52 -367.152 -207.18 
1786079995.473 0 3.552714e-15 0 0 61.58656 -83.07084 -621.52 -367.152 -207.18 
1786079995.631 0 3.552714e-15 0 0 61.58656 -83.07084 -621.52 -367.152 -207.18 
1786079995.789 0 3.552714e-15 0 0 61.58656 -83.07084 -621.52 -367.152 -207.18 
1786079995.946 0 3.552714e-15 0 0 61.58656 -83.07084 -621.52 -367.152 -207.18 
1786079996.105 0 3.552714e-15 0 0 61.58656 -83.07084 -621.52 -367.152 -207.18 
1786079996.265 0 3.552714e-15 0 0 61.58656 -83.07084 -621.52 -367.152 -207.18 
1786079996.423 0 3.552714e-15 0 0 61.58656 -83.07084 -621.52 -367.152 -207.18 
1786079996.582 0 3.552714e-15 0 0 61.58656 -83.07084 -621.52 -367.152 -207.18 
1786079996.739 0 3.552714e-15 0 0 61.58656 -83.07084 -621.52 -367.152 -207.18 
1786079996.902 0 3.552714e-15 0 0 61.58656 -83.07084 -621.52 -367.152 -207.18 
1786079997.061 0 3.552714e-15 0 0 61.58656 -83.07084 -621.52 -367.152 -207.18 
1786079997.218 0 3.552714e-15 0 0 61.58656 -83.07084 -621.52 -367.152 -207.18 
1786079997.378 0 3.552714e-15 0 0 61.58656 -83.07084 -621.52 -367.152 -207.18 
1786079997.537 0 3.552714e-15 0 0 61.58656 -83.07084 -621.52 -367.152 -207.18 
1786079997.696 0 3.552714e-15 0 0 61.58656 -83.07084 -621.52 -367.152 -207.18 
1786079997.856 0 3.552714e-15 0 0 61.58656 -83.07084 -621.52 -367.152 -207.18 
1786079998.016 0 3.552714e-15 0 0 61.58656 -83.07084 -621.52 -367.152 -207.18 
1786079998.176 0 3.552714e-15 0 0 61.58656 -83.07084 -621.52 -367.152 -207.18 
1786079998.336 0 3.552714e-15 0 0 61.58656 -83.07084 -621.52 -367.152 -207.18 
1786079998.496 0 3.552714e-15 0 0 61.58656 -83.07084 -621.52 -367.152 -207.18 
1786079998.655 0 3.552714e-15 0 0 61.58656 -83.07084 -621.52 -367.152 -207.18 
1786079998.816 0 3.552714e-15 0 0 61.58656 -83.07084 -621.52 -367.152 -207.18 
1786079998.977 0 3.552714e-15 0 0 61.58656 -83.07084 -621.52 -367.152 -207.18 
1786079999.135 0 3.552714e-15 0 0 61.58656 -83.07084 -621.52 -367.152 -207.18 
1786079999.296 0 3.552714e-15 0 0 61.58656 -83.07084 -621.52 -367.152 -207.18 
1786079999.455 0 3.552714e-15 0 0 61.58656 -83.07084 -621.52 -367.152 -207.18 
1786079999.614 0 3.552714e-15 0 0 61.58656 -83.07084 -621.52 -367.152 -207.18 
1786079999.774 0 3.552714e-15 0 0 61.58656 -83.07084 -621.52 -367.152 -207.18 
1786079999.944 0 3.552714e-15 0 0 61.58656 -83.07084 -621.52 -367.152 -207.18 
1786080000.102 0 3.552714e-15 0 0 61.58656 -83.07084 -621.52 -367.152 -207.18 
1786080000.263 0 3.552714e-15 0 0 61.58656 -83.07084 -621.52 -367.152 -207.18 
1786080000.420 0 3.552714e-15 0 0 61.58656 -83.07084 -621.52 -367.152 -207.18 
1786080000.577 0 3.552714e-15 0 0 61.58656 -83.07084 -621.52 -367.152 -207.18 
1786080000.740 0 3.552714e-15 0 0 61.58656 -83.07084 -621.52 -367.152 -207.18 
1786080000.899 0 3.552714e-15 0 0 61.58656 -83.07084 -621.52 -367.152 -207.18 
1786080001.060 0 3.552714e-15 0 0 61.58656 -83.07084 -621.52 -367.152 -207.18 
1786080001.218 0 3.552714e-15 0 0 61.58656 -83.07084 -621.52 -367.152 -207.18 
1786080001.384 0 3.552714e-15 0 0 61.58656 -83.07084 -621.52 -367.152 -207.18 
1786080001.543 0 3.552714e-15 0 0 61.58656 -83.07084 -621.52 -367.152 -207.18 
1786080001.701 0 3.552714e-15 0 0 61.58656 -83.07084 -621.52 -367.152 -207.18 
1786080001.860 0 3.552714e-15 0 0 61.58656 -83.07084 -621.52 -367.152 -207.18 
1786080002.018 0 3.552714e-15 0 0 61.58656 -83.07084 -621.52 -367.152 -207.18 
1786080002.177 0 3.552714e-15 0 0 61.58656 -83.07084 -621.52 -367.152 -207.18 
1786080002.334 0 3.552714e-15 0 0 61.58656 -83.07084 -621.52 -367.152 -207.18 
1786080002.493 0 3.552714e-15 0 0 61.58656 -83.07084 -621.52 -367.152 -207.18 
1786080002.651 0 3.552714e-15 0 0 61.58656 -83.07084 -621.52 -367.152 -207.18 
1786080002.810 0 3.552714e-15 0 0 61.58656 -83.07084 -621.52 -367.152 -207.18 
1786080002.974 0 3.552714e-15 0 0 61.58656 -83.07084 -621.52 -367.152 -207.18 
1786080003.140 0 3.552714e-15 0 0 61.58656 -83.07084 -621.52 -367.152 -207.18 
1786080003.299 0 3.552714e-15 0 0 61.58656 -83.07084 -621.52 -367.152 -207.18 
1786080003.458 0 3.552714e-15 0 0 61.58656 -83.07084 -621.52 -367.152 -207.18 
1786080003.619 0 3.552714e-15 0 0 61.58656 -83.07084 -621.52 -367.152 -207.18 
1786080003.779 0 3.552714e-15 0 0 61.58656 -83.07084 -621.52 -367.152 -207.18 
1786080003.938 0 3.552714e-15 0 0 61.58656 -83.07084 -621.52 -367.152 -207.18 
1786080004.097 0 3.552714e-15 0 0 61.58656 -83.07084 -621.52 -367.152 -207.18 
1786080004.257 0 3.552714e-15 0 0 61.58656 -83.07084 -621.52 -367.152 -207.18 
1786080004.419 0 3.552714e-15 0 0 61.58656 -83.07084 -621.52 -367.152 -207.18 
1786080004.578 0 3.552714e-15 0 0 61.58656 -83.07084 -621.52 -367.152 -207.18 
1786080004.748 0 3.552714e-15 0 0 61.58656 -83.07084 -621.52 -367.152 -207.18 
1786080004.910 0 3.552714e-15 0 0 61.58656 -83.07084 -621.52 -367.152 -207.18 
1786080005.067 0 3.552714e-15 0 0 61.58656 -83.07084 -621.52 -367.152 -207.18 
1786080005.226 0 3.552714e-15 0 0 61.58656 -83.07084 -621.52 -367.152 -207.18 
1786080005.383 0 3.552714e-15 0 0 61.58656 -83.07084 -621.52 -367.152 -207.18 
1786080005.543 0 3.552714e-15 0 0 61.58656 -83.07084 -621.52 -367.152 -207.18 
1786080005.703 0 3.552714e-15 0 0 61.58656 -83.07084 -621.52 -367.152 -207.18 
1786080005.862 0 3.552714e-15 0 0 61.58656 -83.07084 -621.52 -367.152 -207.18 
1786080006.023 0 3.552714e-15 0 0 61.58656 -83.07084 -621.52 -367.152 -207.18 
1786080006.179 0 3.552714e-15 0 0 61.58656 -83.07084 -621.52 -367.152 -207.18 
1786080006.338 0 3.552714e-15 0 0 61.58656 -83.07084 -621.52 -367.152 -207.18 
1786080006.496 0 3.552714e-15 0 0 61.58656 -83.07084 -621.52 -367.152 -207.18 
1786080006.655 0 3.552714e-15 0 0 61.58656 -83.07084 -621.52 -367.152 -207.18 
1786080006.815 0 3.552714e-15 0 0 61.58656 -83.07084 -621.52 -367.152 -207.18 
1786080006.974 0 3.552714e-15 0 0 61.58656 -83.07084 -621.52 -367.152 -207.18 
1786080007.133 0 3.552714e-15 0 0 61.58656 -83.07084 -621.52 -367.152 -207.18 
1786080007.293 0 3.552714e-15 0 0 61.58656 -83.07084 -621.52 -367.152 -207.18 
1786080007.453 0 3.552714e-15 0 0 61.58656 -83.07084 -621.52 -367.152 -207.18 
1786080007.614 0 3.552714e-15 0 0 61.58656 -83.07084 -621.52 -367.152 -207.18 
1786080007.777 0 3.552714e-15 0 0 61.58656 -83.07084 -621.52 -367.152 -207.18 
1786080007.935 0 3.552714e-15 0 0 61.58656 -83.07084 -621.52 -367.152 -207.18 
1786080008.094 0 3.552714e-15 0 0 61.58656 -83.07084 -621.52 -367.152 -207.18 
1786080008.253 0 3.552714e-15 0 0 61.58656 -83.07084 -621.52 -367.152 -207.18 
1786080008.411 0 3.552714e-15 0 0 61.58656 -83.07084 -621.52 -367.152 -207.18 
1786080008.573 0 3.552714e-15 0 0 61.58656 -83.07084 -621.52 -367.152 -207.18 
1786080008.733 0 3.552714e-15 0 0 61.58656 -83.07084 -621.52 -367.152 -207.18 
1786080008.898 0 3.552714e-15 0 0 61.58656 -83.07084 -621.52 -367.152 -207.18 
1786080009.060 0 3.552714e-15 0 0 61.58656 -83.07084 -621.52 -367.152 -207.18 
1786080009.221 0 3.552714e-15 0 0 61.58656 -83.07084 -621.52 -367.152 -207.18 
1786080009.379 0 3.552714e-15 0 0 61.58656 -83.07084 -621.52 -367.152 -207.18 
1786080009.542 0 3.552714e-15 0 0 61.58656 -83.07084 -621.52 -367.152 -207.18 
1786080009.699 0 3.552714e-15 0 0 61.58656 -83.07084 -621.52 -367.152 -207.18 
1786080009.857 0 3.552714e-15 0 0 61.58656 -83.07084 -621.52 -367.152 -207.18 
1786080010.021 0 3.552714e-15 0 0 61.58656 -83.07084 -621.52 -367.152 -207.18 
1786080010.183 0 3.552714e-15 0 0 61.58656 -83.07084 -621.52 -367.152 -207.18 
1786080010.344 0 3.552714e-15 0 0 61.58656 -83.07084 -621.52 -367.152 -207.18 
1786080010.540 0 3.552714e-15 0 0 61.58656 -83.07084 -621.52 -367.152 -207.18 
1786080010.714 0 3.552714e-15 0 0 61.58656 -83.07084 -621.52 -367.152 -207.18 
1786080010.876 0 3.552714e-15 0 0 61.58656 -83.07084 -621.52 -367.152 -207.18 
1786080011.041 0 3.552714e-15 0 0 61.58656 -83.07084 -621.52 -367.152 -207.18 
1786080011.199 0 3.552714e-15 0 0 61.58656 -83.07084 -621.52 -367.152 -207.18 
1786080011.361 0 3.552714e-15 0 0 61.58656 -83.07084 -621.52 -367.152 -207.18 
1786080011.527 0 3.552714e-15 0 0 61.58656 -83.07084 -621.52 -367.152 -207.18 
1786080011.691 0 3.552714e-15 0 0 61.58656 -83.07084 -621.52 -367.152 -207.18 
1786080011.849 0 3.552714e-15 0 0 61.58656 -83.07084 -621.52 -367.152 -207.18 
1786080012.006 0 3.552714e-15 0 0 61.58656 -83.07084 -621.52 -367.152 -207.18 
1786080012.167 0 3.552714e-15 0 0 61.58656 -83.07084 -621.52 -367.152 -207.18 
1786080012.325 0 3.552714e-15 0 0 61.58656 -83.07084 -621.52 -367.152 -207.18 
1786080012.484 0 3.552714e-15 0 0 61.58656 -83.07084 -621.52 -367.152 -207.18 
1786080012.644 0 3.552714e-15 0 0 61.58656 -83.07084 -621.52 -367.152 -207.18 
1786080012.803 0 3.552714e-15 0 0 61.58656 -83.07084 -621.52 -367.152 -207.18 
1786080012.963 0 3.552714e-15 0 0 61.58656 -83.07084 -621.52 -367.152 -207.18 
1786080013.120 0 3.552714e-15 0 0 61.58656 -83.07084 -621.52 -367.152 -207.18 
1786080013.282 0 3.552714e-15 0 0 61.58656 -83.07084 -621.52 -367.152 -207.18 
1786080013.440 0 3.552714e-15 0 0 61.58656 -83.07084 -621.52 -367.152 -207.18 
1786080013.598 0 3.552714e-15 0 0 61.58656 -83.07084 -621.52 -367.152 -207.18 
1786080013.756 0 3.552714e-15 0 0 61.58656 -83.07084 -621.52 -367.152 -207.18 
1786080013.912 0 3.552714e-15 0 0 61.58656 -83.07084 -621.52 -367.152 -207.18 
1786080014.071 0 3.552714e-15 0 0 61.58656 -83.07084 -621.52 -367.152 -207.18 
1786080014.229 0 3.552714e-15 0 0 61.58656 -83.07084 -621.52 -367.152 -207.18 
1786080014.393 0 3.552714e-15 0 0 61.58656 -83.07084 -621.52 -367.152 -207.18 
1786080014.552 0 3.552714e-15 0 0 61.58656 -83.07084 -621.52 -367.152 -207.18 
1786080014.712 0 3.552714e-15 0 0 61.58656 -83.07084 -621.52 -367.152 -207.18 
1786080014.870 0 3.552714e-15 0 0 61.58656 -83.07084 -621.52 -367.152 -207.18 
1786080015.029 0 3.552714e-15 0 0 61.58656 -83.07084 -621.52 -367.152 -207.18 
1786080015.189 0 3.552714e-15 0 0 61.58656 -83.07084 -621.52 -367.152 -207.18 
1786080015.352 0 3.552714e-15 0 0 61.58656 -83.07084 -621.52 -367.152 -207.18 
1786080015.512 0 3.552714e-15 0 0 61.58656 -83.07084 -621.52 -367.152 -207.18 
1786080015.674 0 3.552714e-15 0 0 61.58656 -83.07084 -621.52 -367.152 -207.18 
1786080015.838 0 3.552714e-15 0 0 61.58656 -83.07084 -621.52 -367.152 -207.18 
1786080015.998 0 3.552714e-15 0 0 61.58656 -83.07084 -621.52 -367.152 -207.18 
1786080016.157 0 3.552714e-15 0 0 61.58656 -83.07084 -621.52 -367.152 -207.18 
1786080016.321 0 3.552714e-15 0 0 61.58656 -83.07084 -621.52 -367.152 -207.18 
1786080016.479 0 3.552714e-15 0 0 61.58656 -83.07084 -621.52 -367.152 -207.18 
1786080016.639 0 3.552714e-15 0 0 61.58656 -83.07084 -621.52 -367.152 -207.18 
1786080016.797 0 3.552714e-15 0 0 61.58656 -83.07084 -621.52 -367.152 -207.18 
1786080016.960 0 3.552714e-15 0 0 61.58656 -83.07084 -621.52 -367.152 -207.18 
1786080017.119 0 3.552714e-15 0 0 61.58656 -83.07084 -621.52 -367.152 -207.18 
1786080017.280 0 3.552714e-15 0 0 61.58656 -83.07084 -621.52 -367.152 -207.18 
1786080017.438 0 3.552714e-15 0 0 61.58656 -83.07084 -621.52 -367.152 -207.18 
1786080017.595 0 3.552714e-15 0 0 61.58656 -83.07084 -621.52 -367.152 -207.18 
1786080017.755 0 3.552714e-15 0 0 61.58656 -83.07084 -621.52 -367.152 -207.18 
1786080017.913 0 3.552714e-15 0 0 61.58656 -83.07084 -621.52 -367.152 -207.18 
1786080018.071 0 3.552714e-15 0 0 61.58656 -83.07084 -621.52 -367.152 -207.18 
1786080018.231 0 3.552714e-15 0 0 61.58656 -83.07084 -621.52 -367.152 -207.18 
1786080018.393 0 3.552714e-15 0 0 61.58656 -83.07084 -621.52 -367.152 -207.18 
1786080018.555 0 3.552714e-15 0 0 61.58656 -83.07084 -621.52 -367.152 -207.18 
1786080018.713 0 3.552714e-15 0 0 61.58656 -83.07084 -621.52 -367.152 -207.18 
1786080018.872 0 3.552714e-15 0 0 61.58656 -83.07084 -621.52 -367.152 -207.18 
1786080019.031 0 3.552714e-15 0 0 61.58656 -83.07084 -621.52 -367.152 -207.18 
1786080019.200 0 3.552714e-15 0 0 61.58656 -83.07084 -621.52 -367.152 -207.18 
1786080019.359 0 3.552714e-15 0 0 61.58656 -83.07084 -621.52 -367.152 -207.18 
1786080019.517 0 3.552714e-15 0 0 61.58656 -83.07084 -621.52 -367.152 -207.18 
1786080019.676 0 3.552714e-15 0 0 61.58656 -83.07084 -621.52 -367.152 -207.18 
1786080019.833 0 3.552714e-15 0 0 61.58656 -83.07084 -621.52 -367.152 -207.18 
1786080019.991 0 3.552714e-15 0 0 61.58656 -83.07084 -621.52 -367.152 -207.18 
1786080020.150 0 3.552714e-15 0 0 61.58656 -83.07084 -621.52 -367.152 -207.18 
1786080020.311 0 3.552714e-15 0 0 61.58656 -83.07084 -621.52 -367.152 -207.18 
1786080020.472 0 3.552714e-15 0 0 61.58656 -83.07084 -621.52 -367.152 -207.18 
1786080020.632 0 3.552714e-15 0 0 61.58656 -83.07084 -621.52 -367.152 -207.18 
1786080020.793 0 3.552714e-15 0 0 61.58656 -83.07084 -621.52 -367.152 -207.18 
1786080020.953 0 3.552714e-15 0 0 61.58656 -83.07084 -621.52 -367.152 -207.18 
1786080021.114 0 3.552714e-15 0 0 61.58656 -83.07084 -621.52 -367.152 -207.18 
1786080021.276 0 3.552714e-15 0 0 61.58656 -83.07084 -621.52 -367.152 -207.18 
1786080021.437 0 3.552714e-15 0 0 61.58656 -83.07084 -621.52 -367.152 -207.18 
1786080021.596 0 3.552714e-15 0 0 61.58656 -83.07084 -621.52 -367.152 -207.18 
1786080021.755 0 3.552714e-15 0 0 61.58656 -83.07084 -621.52 -367.152 -207.18 
1786080021.917 0 3.552714e-15 0 0 61.58656 -83.07084 -621.52 -367.152 -207.18 
1786080022.079 0 3.552714e-15 0 0 61.58656 -83.07084 -621.52 -367.152 -207.18 
1786080022.236 0 3.552714e-15 0 0 61.58656 -83.07084 -621.52 -367.152 -207.18 
1786080022.394 0 3.552714e-15 0 0 61.58656 -83.07084 -621.52 -367.152 -207.18 
1786080022.559 0 3.552714e-15 0 0 61.58656 -83.07084 -621.52 -367.152 -207.18 
1786080022.717 0 3.552714e-15 0 0 61.58656 -83.07084 -621.52 -367.152 -207.18 
1786080022.875 0 3.552714e-15 0 0 61.58656 -83.07084 -621.52 -367.152 -207.18 
1786080023.041 0 3.552714e-15 0 0 61.58656 -83.07084 -621.52 -367.152 -207.18 
1786080023.199 0 3.552714e-15 0 0 61.58656 -83.07084 -621.52 -367.152 -207.18 
1786080023.356 0 3.552714e-15 0 0 61.58656 -83.07084 -621.52 -367.152 -207.18 
1786080023.514 0 3.552714e-15 0 0 61.58656 -83.07084 -621.52 -367.152 -207.18 
1786080023.680 0 3.552714e-15 0 0 61.58656 -83.07084 -621.52 -367.152 -207.18 
1786080023.840 0 3.552714e-15 0 0 61.58656 -83.07084 -621.52 -367.152 -207.18 
1786080024.000 0 3.552714e-15 0 0 61.58656 -83.07084 -621.52 -367.152 -207.18 
1786080024.158 0 3.552714e-15 0 0 61.58656 -83.07084 -621.52 -367.152 -207.18 
1786080024.319 0 3.552714e-15 0 0 61.58656 -83.07084 -621.52 -367.152 -207.18 
1786080024.477 0 3.552714e-15 0 0 61.58656 -83.07084 -621.52 -367.152 -207.18 
1786080024.637 0 3.552714e-15 0 0 61.58656 -83.07084 -621.52 -367.152 -207.18 
1786080024.800 0 3.552714e-15 0 0 61.58656 -83.07084 -621.52 -367.152 -207.18 
1786080024.961 0 3.552714e-15 0 0 61.58656 -83.07084 -621.52 -367.152 -207.18 
1786080025.122 0 3.552714e-15 0 0 61.58656 -83.07084 -621.52 -367.152 -207.18 
1786080025.281 0 3.552714e-15 0 0 61.58656 -83.07084 -621.52 -367.152 -207.18 
1786080025.438 0 3.552714e-15 0 0 61.58656 -83.07084 -621.52 -367.152 -207.18 
1786080025.601 0 3.552714e-15 0 0 61.58656 -83.07084 -621.52 -367.152 -207.18 
1786080025.758 0 3.552714e-15 0 0 61.58656 -83.07084 -621.52 -367.152 -207.18 
1786080025.923 0 3.552714e-15 0 0 61.58656 -83.07084 -621.52 -367.152 -207.18 
1786080026.082 0 3.552714e-15 0 0 61.58656 -83.07084 -621.52 -367.152 -207.18 
1786080026.240 0 3.552714e-15 0 0 61.58656 -83.07084 -621.52 -367.152 -207.18 
1786080026.403 0 3.552714e-15 0 0 61.58656 -83.07084 -621.52 -367.152 -207.18 
1786080026.562 0 3.552714e-15 0 0 61.58656 -83.07084 -621.52 -367.152 -207.18 
1786080026.727 0 3.552714e-15 0 0 61.58656 -83.07084 -621.52 -367.152 -207.18 
1786080026.894 0 3.552714e-15 0 0 61.58656 -83.07084 -621.52 -367.152 -207.18 
1786080027.059 0 3.552714e-15 0 0 61.58656 -83.07084 -621.52 -367.152 -207.18 
1786080027.219 0 3.552714e-15 0 0 61.58656 -83.07084 -621.52 -367.152 -207.18 
1786080027.378 0 3.552714e-15 0 0 61.58656 -83.07084 -621.52 -367.152 -207.18 
1786080027.540 0 3.552714e-15 0 0 61.58656 -83.07084 -621.52 -367.152 -207.18 
1786080027.703 0 3.552714e-15 0 0 61.58656 -83.07084 -621.52 -367.152 -207.18 
1786080027.862 0 3.552714e-15 0 0 61.58656 -83.07084 -621.52 -367.152 -207.18 
1786080028.020 0 3.552714e-15 0 0 61.58656 -83.07084 -621.52 -367.152 -207.18 
1786080028.182 0 3.552714e-15 0 0 61.58656 -83.07084 -621.52 -367.152 -207.18 
1786080028.346 0 3.552714e-15 0 0 61.58656 -83.07084 -621.52 -367.152 -207.18 
1786080028.506 0 3.552714e-15 0 0 61.58656 -83.07084 -621.52 -367.152 -207.18 
1786080028.663 0 3.552714e-15 0 0 61.58656 -83.07084 -621.52 -367.152 -207.18 
1786080028.825 0 3.552714e-15 0 0 61.58656 -83.07084 -621.52 -367.152 -207.18 
1786080028.990 0 3.552714e-15 0 0 61.58656 -83.07084 -621.52 -367.152 -207.18 
1786080029.150 0 3.552714e-15 0 0 61.58656 -83.07084 -621.52 -367.152 -207.18 
1786080029.307 0 3.552714e-15 0 0 61.58656 -83.07084 -621.52 -367.152 -207.18 
1786080029.463 0 3.552714e-15 0 0 61.58656 -83.07084 -621.52 -367.152 -207.18 
1786080029.624 0 3.552714e-15 0 0 61.58656 -83.07084 -621.52 -367.152 -207.18 
1786080029.784 0 3.552714e-15 0 0 61.58656 -83.07084 -621.52 -367.152 -207.18 
1786080029.943 0 3.552714e-15 0 0 61.58656 -83.07084 -621.52 -367.152 -207.18 
1786080030.100 0 3.552714e-15 0 0 61.58656 -83.07084 -621.52 -367.152 -207.18 
1786080030.259 0 3.552714e-15 0 0 61.58656 -83.07084 -621.52 -367.152 -207.18 
1786080030.418 0 3.552714e-15 0 0 61.58656 -83.07084 -621.52 -367.152 -207.18 
1786080030.578 0 3.552714e-15 0 0 61.58656 -83.07084 -621.52 -367.152 -207.18 
1786080030.738 0 3.552714e-15 0 0 61.58656 -83.07084 -621.52 -367.152 -207.18 
1786080030.898 0 3.552714e-15 0 0 61.58656 -83.07084 -621.52 -367.152 -207.18 
1786080031.058 0 3.552714e-15 0 0 61.58656 -83.07084 -621.52 -367.152 -207.18 
1786080031.216 0 3.552714e-15 0 0 61.58656 -83.07084 -621.52 -367.152 -207.18 
1786080031.375 0 3.552714e-15 0 0 61.58656 -83.07084 -621.52 -367.152 -207.18 
1786080031.534 0 3.552714e-15 0 0 61.58656 -83.07084 -621.52 -367.152 -207.18 
1786080031.694 0 3.552714e-15 0 0 61.58656 -83.07084 -621.52 -367.152 -207.18 
1786080031.853 0 3.552714e-15 0 0 61.58656 -83.07084 -621.52 -367.152 -207.18 
1786080032.012 0 3.552714e-15 0 0 61.58656 -83.07084 -621.52 -367.152 -207.18 
1786080032.175 0 3.552714e-15 0 0 61.58656 -83.07084 -621.52 -367.152 -207.18 
1786080032.339 0 3.552714e-15 0 0 61.58656 -83.07084 -621.52 -367.152 -207.18 
1786080032.498 0 3.552714e-15 0 0 61.58656 -83.07084 -621.52 -367.152 -207.18 
1786080032.662 0 3.552714e-15 0 0 61.58656 -83.07084 -621.52 -367.152 -207.18 
1786080032.823 0 3.552714e-15 0 0 61.58656 -83.07084 -621.52 -367.152 -207.18 
1786080032.982 0 3.552714e-15 0 0 61.58656 -83.07084 -621.52 -367.152 -207.18 
1786080033.139 0 3.552714e-15 0 0 61.58656 -83.07084 -621.52 -367.152 -207.18 
1786080033.298 0 3.552714e-15 0 0 61.58656 -83.07084 -621.52 -367.152 -207.18 
1786080033.465 0 3.552714e-15 0 0 61.58656 -83.07084 -621.52 -367.152 -207.18 
1786080033.647 0 3.552714e-15 0 0 61.58656 -83.07084 -621.52 -367.152 -207.18 
1786080033.810 0 3.552714e-15 0 0 61.58656 -83.07084 -621.52 -367.152 -207.18 
1786080033.971 0 3.552714e-15 0 0 61.58656 -83.07084 -621.52 -367.152 -207.18 
1786080034.132 0 3.552714e-15 0 0 61.58656 -83.07084 -621.52 -367.152 -207.18 
1786080034.313 0 3.552714e-15 0 0 61.58656 -83.07084 -621.52 -367.152 -207.18 
1786080034.515 0 3.552714e-15 0 0 61.58656 -83.07084 -621.52 -367.152 -207.18 
1786080034.695 0 3.552714e-15 0 0 61.58656 -83.07084 -621.52 -367.152 -207.18 
1786080034.857 0 3.552714e-15 0 0 61.58656 -83.07084 -621.52 -367.152 -207.18 
1786080035.031 0 3.552714e-15 0 0 61.58656 -83.07084 -621.52 -367.152 -207.18 
1786080035.200 0 3.552714e-15 0 0 61.58656 -83.07084 -621.52 -367.152 -207.18 
1786080035.359 0 3.552714e-15 0 0 61.58656 -83.07084 -621.52 -367.152 -207.18 
1786080035.523 0 3.552714e-15 0 0 61.58656 -83.07084 -621.52 -367.152 -207.18 
1786080035.681 0 3.552714e-15 0 0 61.58656 -83.07084 -621.52 -367.152 -207.18 
1786080035.839 0 3.552714e-15 0 0 61.58656 -83.07084 -621.52 -367.152 -207.18 
1786080035.996 0 3.552714e-15 0 0 61.58656 -83.07084 -621.52 -367.152 -207.18 
1786080036.153 0 3.552714e-15 0 0 61.58656 -83.07084 -621.52 -367.152 -207.18 
1786080036.311 0 3.552714e-15 0 0 61.58656 -83.07084 -621.52 -367.152 -207.18 
1786080036.469 0 3.552714e-15 0 0 61.58656 -83.07084 -621.52 -367.152 -207.18 
1786080036.630 0 3.552714e-15 0 0 61.58656 -83.07084 -621.52 -367.152 -207.18 
1786080036.788 0 3.552714e-15 0 0 61.58656 -83.07084 -621.52 -367.152 -207.18 
1786080036.947 0 3.552714e-15 0 0 61.58656 -83.07084 -621.52 -367.152 -207.18 
1786080037.107 0 3.552714e-15 0 0 61.58656 -83.07084 -621.52 -367.152 -207.18 
1786080037.267 0 3.552714e-15 0 0 61.58656 -83.07084 -621.52 -367.152 -207.18 
1786080037.428 0 3.552714e-15 0 0 61.58656 -83.07084 -621.52 -367.152 -207.18 
1786080037.587 0 3.552714e-15 0 0 61.58656 -83.07084 -621.52 -367.152 -207.18 
1786080037.747 0 3.552714e-15 0 0 61.58656 -83.07084 -621.52 -367.152 -207.18 
1786080037.908 0 3.552714e-15 0 0 61.58656 -83.07084 -621.52 -367.152 -207.18 
1786080038.070 0 3.552714e-15 0 0 61.58656 -83.07084 -621.52 -367.152 -207.18 
1786080038.228 0 3.552714e-15 0 0 61.58656 -83.07084 -621.52 -367.152 -207.18 
1786080038.389 0 3.552714e-15 0 0 61.58656 -83.07084 -621.52 -367.152 -207.18 
1786080038.550 0 3.552714e-15 0 0 61.58656 -83.07084 -621.52 -367.152 -207.18 
1786080038.710 0 3.552714e-15 0 0 61.58656 -83.07084 -621.52 -367.152 -207.18 
1786080038.870 0 3.552714e-15 0 0 61.58656 -83.07084 -621.52 -367.152 -207.18 
1786080039.029 0 3.552714e-15 0 0 61.58656 -83.07084 -621.52 -367.152 -207.18 
1786080039.187 0 3.552714e-15 0 0 61.58656 -83.07084 -621.52 -367.152 -207.18 
1786080039.351 0 3.552714e-15 0 0 61.58656 -83.07084 -621.52 -367.152 -207.18 
1786080039.509 0 3.552714e-15 0 0 61.58656 -83.07084 -621.52 -367.152 -207.18 
1786080039.669 0 3.552714e-15 0 0 61.58656 -83.07084 -621.52 -367.152 -207.18 
1786080039.829 0 3.552714e-15 0 0 61.58656 -83.07084 -621.52 -367.152 -207.18 
1786080039.992 0 3.552714e-15 0 0 61.58656 -83.07084 -621.52 -367.152 -207.18 
1786080040.160 0 3.552714e-15 0 0 61.58656 -83.07084 -621.52 -367.152 -207.18 
1786080040.331 0 3.552714e-15 0 0 61.58656 -83.07084 -621.52 -367.152 -207.18 
1786080040.497 0 3.552714e-15 0 0 61.58656 -83.07084 -621.52 -367.152 -207.18 
1786080040.660 0 3.552714e-15 0 0 61.58656 -83.07084 -621.52 -367.152 -207.18 
1786080040.818 0 3.552714e-15 0 0 61.58656 -83.07084 -621.52 -367.152 -207.18 
1786080040.977 0 3.552714e-15 0 0 61.58656 -83.07084 -621.52 -367.152 -207.18 
1786080041.137 0 3.552714e-15 0 0 61.58656 -83.07084 -621.52 -367.152 -207.18 
1786080041.297 0 3.552714e-15 0 0 61.58656 -83.07084 -621.52 -367.152 -207.18 
1786080041.455 0 3.552714e-15 0 0 61.58656 -83.07084 -621.52 -367.152 -207.18 
1786080041.617 0 3.552714e-15 0 0 61.58656 -83.07084 -621.52 -367.152 -207.18 
1786080041.775 0 3.552714e-15 0 0 61.58656 -83.07084 -621.52 -367.152 -207.18 
1786080041.936 0 3.552714e-15 0 0 61.58656 -83.07084 -621.52 -367.152 -207.18 
1786080042.095 0 3.552714e-15 0 0 61.58656 -83.07084 -621.52 -367.152 -207.18 
1786080042.253 0 3.552714e-15 0 0 61.58656 -83.07084 -621.52 -367.152 -207.18 
1786080042.413 0 3.552714e-15 0 0 61.58656 -83.07084 -621.52 -367.152 -207.18 
1786080042.572 0 3.552714e-15 0 0 61.58656 -83.07084 -621.52 -367.152 -207.18 
1786080042.733 0 3.552714e-15 0 0 61.58656 -83.07084 -621.52 -367.152 -207.18 
1786080042.892 0 3.552714e-15 0 0 61.58656 -83.07084 -621.52 -367.152 -207.18 
1786080043.050 0 3.552714e-15 0 0 61.58656 -83.07084 -621.52 -367.152 -207.18 
1786080043.207 0 3.552714e-15 0 0 61.58656 -83.07084 -621.52 -367.152 -207.18 
1786080043.366 0 3.552714e-15 0 0 61.58656 -83.07084 -621.52 -367.152 -207.18 
1786080043.524 0 3.552714e-15 0 0 61.58656 -83.07084 -621.52 -367.152 -207.18 
1786080043.682 0 3.552714e-15 0 0 61.58656 -83.07084 -621.52 -367.152 -207.18 
1786080043.840 0 3.552714e-15 0 0 61.58656 -83.07084 -621.52 -367.152 -207.18 
1786080043.997 0 3.552714e-15 0 0 61.58656 -83.07084 -621.52 -367.152 -207.18 
1786080044.154 0 3.552714e-15 0 0 61.58656 -83.07084 -621.52 -367.152 -207.18 
1786080044.314 0 3.552714e-15 0 0 61.58656 -83.07084 -621.52 -367.152 -207.18 
1786080044.472 0 3.552714e-15 0 0 61.58656 -83.07084 -621.52 -367.152 -207.18 
1786080044.631 0 3.552714e-15 0 0 61.58656 -83.07084 -621.52 -367.152 -207.18 
1786080044.790 0 3.552714e-15 0 0 61.58656 -83.07084 -621.52 -367.152 -207.18 
1786080044.951 0 3.552714e-15 0 0 61.58656 -83.07084 -621.52 -367.152 -207.18 
1786080045.110 0 3.552714e-15 0 0 61.58656 -83.07084 -621.52 -367.152 -207.18 
1786080045.268 0 3.552714e-15 0 0 61.58656 -83.07084 -621.52 -367.152 -207.18 
1786080045.428 0 3.552714e-15 0 0 61.58656 -83.07084 -621.52 -367.152 -207.18 
1786080045.589 0 3.552714e-15 0 0 61.58656 -83.07084 -621.52 -367.152 -207.18 
1786080045.751 0 3.552714e-15 0 0 61.58656 -83.07084 -621.52 -367.152 -207.18 
1786080045.912 0 3.552714e-15 0 0 61.58656 -83.07084 -621.52 -367.152 -207.18 
1786080046.072 0 3.552714e-15 0 0 61.58656 -83.07084 -621.52 -367.152 -207.18 
1786080046.232 0 3.552714e-15 0 0 61.58656 -83.07084 -621.52 -367.152 -207.18 
1786080046.390 0 3.552714e-15 0 0 61.58656 -83.07084 -621.52 -367.152 -207.18 
1786080046.553 0 3.552714e-15 0 0 61.58656 -83.07084 -621.52 -367.152 -207.18 
1786080046.713 0 3.552714e-15 0 0 61.58656 -83.07084 -621.52 -367.152 -207.18 
1786080046.872 0 3.552714e-15 0 0 61.58656 -83.07084 -621.52 -367.152 -207.18 
1786080047.035 0 3.552714e-15 0 0 61.58656 -83.07084 -621.52 -367.152 -207.18 
1786080047.199 0 3.552714e-15 0 0 61.58656 -83.07084 -621.52 -367.152 -207.18 
1786080047.358 0 3.552714e-15 0 0 61.58656 -83.07084 -621.52 -367.152 -207.18 
1786080047.515 0 3.552714e-15 0 0 61.58656 -83.07084 -621.52 -367.152 -207.18 
1786080047.673 0 3.552714e-15 0 0 61.58656 -83.07084 -621.52 -367.152 -207.18 
1786080047.833 0 3.552714e-15 0 0 61.58656 -83.07084 -621.52 -367.152 -207.18 
1786080047.996 0 3.552714e-15 0 0 61.58656 -83.07084 -621.52 -367.152 -207.18 
1786080048.157 0 3.552714e-15 0 0 61.58656 -83.07084 -621.52 -367.152 -207.18 
1786080048.316 0 3.552714e-15 0 0 61.58656 -83.07084 -621.52 -367.152 -207.18 
1786080048.477 0 3.552714e-15 0 0 61.58656 -83.07084 -621.52 -367.152 -207.18 
1786080048.636 0 3.552714e-15 0 0 61.58656 -83.07084 -621.52 -367.152 -207.18 
1786080048.793 0 3.552714e-15 0 0 61.58656 -83.07084 -621.52 -367.152 -207.18 
1786080048.955 0 3.552714e-15 0 0 61.58656 -83.07084 -621.52 -367.152 -207.18 
1786080049.119 0 3.552714e-15 0 0 61.58656 -83.07084 -621.52 -367.152 -207.18 
1786080049.284 0 3.552714e-15 0 0 61.58656 -83.07084 -621.52 -367.152 -207.18 
1786080049.447 0 3.552714e-15 0 0 61.58656 -83.07084 -621.52 -367.152 -207.18 
1786080049.606 0 3.552714e-15 0 0 61.58656 -83.07084 -621.52 -367.152 -207.18 
1786080049.764 0 3.552714e-15 0 0 61.58656 -83.07084 -621.52 -367.152 -207.18 
1786080049.921 0 3.552714e-15 0 0 61.58656 -83.07084 -621.52 -367.152 -207.18 
1786080050.077 0 3.552714e-15 0 0 61.58656 -83.07084 -621.52 -367.152 -207.18 
1786080050.235 0 3.552714e-15 0 0 61.58656 -83.07084 -621.52 -367.152 -207.18 
1786080050.393 0 3.552714e-15 0 0 61.58656 -83.07084 -621.52 -367.152 -207.18 
1786080050.551 0 3.552714e-15 0 0 61.58656 -83.07084 -621.52 -367.152 -207.18 
1786080050.709 0 3.552714e-15 0 0 61.58656 -83.07084 -621.52 -367.152 -207.18 
1786080050.867 0 3.552714e-15 0 0 61.58656 -83.07084 -621.52 -367.152 -207.18 
1786080051.027 0 3.552714e-15 0 0 61.58656 -83.07084 -621.52 -367.152 -207.18 
1786080051.186 0 3.552714e-15 0 0 61.58656 -83.07084 -621.52 -367.152 -207.18 
1786080051.346 0 3.552714e-15 0 0 61.58656 -83.07084 -621.52 -367.152 -207.18 
1786080051.505 0 3.552714e-15 0 0 61.58656 -83.07084 -621.52 -367.152 -207.18 
1786080051.668 0 3.552714e-15 0 0 61.58656 -83.07084 -621.52 -367.152 -207.18 
1786080051.828 0 3.552714e-15 0 0 61.58656 -83.07084 -621.52 -367.152 -207.18 
1786080051.987 0 3.552714e-15 0 0 61.58656 -83.07084 -621.52 -367.152 -207.18 
1786080052.145 0 3.552714e-15 0 0 61.58656 -83.07084 -621.52 -367.152 -207.18 
1786080052.305 0 3.552714e-15 0 0 61.58656 -83.07084 -621.52 -367.152 -207.18 
1786080052.468 0 3.552714e-15 0 0 61.58656 -83.07084 -621.52 -367.152 -207.18 
1786080052.627 0 3.552714e-15 0 0 61.58656 -83.07084 -621.52 -367.152 -207.18 
1786080052.802 0 3.552714e-15 0 0 61.58656 -83.07084 -621.52 -367.152 -207.18 
1786080052.959 0 3.552714e-15 0 0 61.58656 -83.07084 -621.52 -367.152 -207.18 
1786080053.118 0 3.552714e-15 0 0 61.58656 -83.07084 -621.52 -367.152 -207.18 
1786080053.275 0 3.552714e-15 0 0 61.58656 -83.07084 -621.52 -367.152 -207.18 
1786080053.433 0 3.552714e-15 0 0 61.58656 -83.07084 -621.52 -367.152 -207.18 
1786080053.590 0 3.552714e-15 0 0 61.58656 -83.07084 -621.52 -367.152 -207.18 
1786080053.750 0 3.552714e-15 0 0 61.58656 -83.07084 -621.52 -367.152 -207.18 
1786080053.908 0 3.552714e-15 0 0 61.58656 -83.07084 -621.52 -367.152 -207.18 
1786080054.068 0 3.552714e-15 0 0 61.58656 -83.07084 -621.52 -367.152 -207.18 
1786080054.227 0 3.552714e-15 0 0 61.58656 -83.07084 -621.52 -367.152 -207.18 
1786080054.387 0 3.552714e-15 0 0 61.58656 -83.07084 -621.52 -367.152 -207.18 
1786080054.546 0 3.552714e-15 0 0 61.58656 -83.07084 -621.52 -367.152 -207.18 
1786080054.706 0 3.552714e-15 0 0 61.58656 -83.07084 -621.52 -367.152 -207.18 
1786080054.865 0 3.552714e-15 0 0 61.58656 -83.07084 -621.52 -367.152 -207.18 
1786080055.025 0 3.552714e-15 0 0 61.58656 -83.07084 -621.52 -367.152 -207.18 
1786080055.187 0 3.552714e-15 0 0 61.58656 -83.07084 -621.52 -367.152 -207.18 
1786080055.346 0 3.552714e-15 0 0 61.58656 -83.07084 -621.52 -367.152 -207.18 
1786080055.514 0 3.552714e-15 0 0 61.58656 -83.07084 -621.52 -367.152 -207.18 
1786080055.672 0 3.552714e-15 0 0 61.58656 -83.07084 -621.52 -367.152 -207.18 
1786080055.833 0 3.552714e-15 0 0 61.58656 -83.07084 -621.52 -367.152 -207.18 
1786080055.992 0 3.552714e-15 0 0 61.58656 -83.07084 -621.52 -367.152 -207.18 
1786080056.151 0 3.552714e-15 0 0 61.58656 -83.07084 -621.52 -367.152 -207.18 
1786080056.311 0 3.552714e-15 0 0 61.58656 -83.07084 -621.52 -367.152 -207.18 
1786080056.471 0 3.552714e-15 0 0 61.58656 -83.07084 -621.52 -367.152 -207.18 
1786080056.635 0 3.552714e-15 0 0 61.58656 -83.07084 -621.52 -367.152 -207.18 
1786080056.799 0 3.552714e-15 0 0 61.58656 -83.07084 -621.52 -367.152 -207.18 
1786080056.958 0 3.552714e-15 0 0 61.58656 -83.07084 -621.52 -367.152 -207.18 
1786080057.117 0 3.552714e-15 0 0 61.58656 -83.07084 -621.52 -367.152 -207.18 
1786080057.274 0 3.552714e-15 0 0 61.58656 -83.07084 -621.52 -367.152 -207.18 
1786080057.432 0 3.552714e-15 0 0 61.58656 -83.07084 -621.52 -367.152 -207.18 
1786080057.593 0 3.552714e-15 0 0 61.58656 -83.07084 -621.52 -367.152 -207.18 
1786080057.751 0 3.552714e-15 0 0 61.58656 -83.07084 -621.52 -367.152 -207.18 
1786080057.913 0 3.552714e-15 0 0 61.58656 -83.07084 -621.52 -367.152 -207.18 
1786080058.072 0 3.552714e-15 0 0 61.58656 -83.07084 -621.52 -367.152 -207.18 
1786080058.238 0 3.552714e-15 0 0 61.58656 -83.07084 -621.52 -367.152 -207.18 
1786080058.395 0 3.552714e-15 0 0 61.58656 -83.07084 -621.52 -367.152 -207.18 
1786080058.554 0 3.552714e-15 0 0 61.58656 -83.07084 -621.52 -367.152 -207.18 
1786080058.711 0 3.552714e-15 0 0 61.58656 -83.07084 -621.52 -367.152 -207.18 
1786080058.870 0 3.552714e-15 0 0 61.58656 -83.07084 -621.52 -367.152 -207.18 
1786080059.028 0 3.552714e-15 0 0 61.58656 -83.07084 -621.52 -367.152 -207.18 
1786080059.192 0 3.552714e-15 0 0 61.58656 -83.07084 -621.52 -367.152 -207.18 
1786080059.350 0 3.552714e-15 0 0 61.58656 -83.07084 -621.52 -367.152 -207.18 
1786080059.510 0 3.552714e-15 0 0 61.58656 -83.07084 -621.52 -367.152 -207.18 
1786080059.668 0 3.552714e-15 0 0 61.58656 -83.07084 -621.52 -367.152 -207.18 
1786080059.829 0 3.552714e-15 0 0 61.58656 -83.07084 -621.52 -367.152 -207.18 
1786080059.988 0 3.552714e-15 0 0 61.58656 -83.07084 -621.52 -367.152 -207.18 
1786080060.147 0 3.552714e-15 0 0 61.58656 -83.07084 -621.52 -367.152 -207.18 
1786080060.306 0 3.552714e-15 0 0 61.58656 -83.07084 -621.52 -367.152 -207.18 
1786080060.467 0 3.552714e-15 0 0 61.58656 -83.07084 -621.52 -367.152 -207.18 
1786080060.628 0 3.552714e-15 0 0 61.58656 -83.07084 -621.52 -367.152 -207.18 
1786080060.787 0 3.552714e-15 0 0 61.58656 -83.07084 -621.52 -367.152 -207.18 
1786080060.951 0 3.552714e-15 0 0 61.58656 -83.07084 -621.52 -367.152 -207.18 
1786080061.136 0 3.552714e-15 0 0 61.58656 -83.07084 -621.52 -367.152 -207.18 
1786080061.305 0 3.552714e-15 0 0 61.58656 -83.07084 -621.52 -367.152 -207.18 
1786080061.488 0 3.552714e-15 0 0 61.58656 -83.07084 -621.52 -367.152 -207.18 
1786080061.680 0 3.552714e-15 0 0 61.58656 -83.07084 -621.52 -367.152 -207.18 
1786080061.884 0 3.552714e-15 0 0 61.58656 -83.07084 -621.52 -367.152 -207.18 
1786080062.078 0 3.552714e-15 0 0 61.58656 -83.07084 -621.52 -367.152 -207.18 
1786080062.241 0 3.552714e-15 0 0 61.58656 -83.07084 -621.52 -367.152 -207.18 
1786080062.408 0 3.552714e-15 0 0 61.58656 -83.07084 -621.52 -367.152 -207.18 
1786080062.568 0 3.552714e-15 0 0 61.58656 -83.07084 -621.52 -367.152 -207.18 
1786080062.726 0 3.552714e-15 0 0 61.58656 -83.07084 -621.52 -367.152 -207.18 
1786080062.884 0 3.552714e-15 0 0 61.58656 -83.07084 -621.52 -367.152 -207.18 
1786080063.043 0 3.552714e-15 0 0 61.58656 -83.07084 -621.52 -367.152 -207.18 
1786080063.201 0 3.552714e-15 0 0 61.58656 -83.07084 -621.52 -367.152 -207.18 
1786080063.359 0 3.552714e-15 0 0 61.58656 -83.07084 -621.52 -367.152 -207.18 
1786080063.518 0 3.552714e-15 0 0 61.58656 -83.07084 -621.52 -367.152 -207.18 
1786080063.677 0 3.552714e-15 0 0 61.58656 -83.07084 -621.52 -367.152 -207.18 
1786080063.837 0 3.552714e-15 0 0 61.58656 -83.07084 -621.52 -367.152 -207.18 
1786080063.996 0 3.552714e-15 0 0 61.58656 -83.07084 -621.52 -367.152 -207.18 
1786080064.153 0 3.552714e-15 0 0 61.58656 -83.07084 -621.52 -367.152 -207.18 
1786080064.313 0 3.552714e-15 0 0 61.58656 -83.07084 -621.52 -367.152 -207.18 
1786080064.470 0 3.552714e-15 0 0 61.58656 -83.07084 -621.52 -367.152 -207.18 
1786080064.629 0 3.552714e-15 0 0 61.58656 -83.07084 -621.52 -367.152 -207.18 
1786080064.788 0 3.552714e-15 0 0 61.58656 -83.07084 -621.52 -367.152 -207.18 
1786080064.950 0 3.552714e-15 0 0 61.58656 -83.07084 -621.52 -367.152 -207.18 
1786080065.108 0 3.552714e-15 0 0 61.58656 -83.07084 -621.52 -367.152 -207.18 
1786080065.267 0 3.552714e-15 0 0 61.58656 -83.07084 -621.52 -367.152 -207.18 
1786080065.425 0 3.552714e-15 0 0 61.58656 -83.07084 -621.52 -367.152 -207.18 
1786080065.585 0 3.552714e-15 0 0 61.58656 -83.07084 -621.52 -367.152 -207.18 
1786080065.747 0 3.552714e-15 0 0 61.58656 -83.07084 -621.52 -367.152 -207.18 
1786080065.906 0 3.552714e-15 0 0 61.58656 -83.07084 -621.52 -367.152 -207.18 
1786080066.068 0 3.552714e-15 0 0 61.58656 -83.07084 -621.52 -367.152 -207.18 
1786080066.227 0 3.552714e-15 0 0 61.58656 -83.07084 -621.52 -367.152 -207.18 
1786080066.388 0 3.552714e-15 0 0 61.58656 -83.07084 -621.52 -367.152 -207.18 
1786080066.552 0 3.552714e-15 0 0 61.58656 -83.07084 -621.52 -367.152 -207.18 
1786080066.735 0 3.552714e-15 0 0 61.58656 -83.07084 -621.52 -367.152 -207.18 
1786080066.929 0 3.552714e-15 0 0 61.58656 -83.07084 -621.52 -367.152 -207.18 
1786080067.103 0 3.552714e-15 0 0 61.58656 -83.07084 -621.52 -367.152 -207.18 
1786080067.270 0 3.552714e-15 0 0 61.58656 -83.07084 -621.52 -367.152 -207.18 
1786080067.448 0 3.552714e-15 0 0 61.58656 -83.07084 -621.52 -367.152 -207.18 
1786080067.615 0 3.552714e-15 0 0 61.58656 -83.07084 -621.52 -367.152 -207.18 
1786080067.776 0 3.552714e-15 0 0 61.58656 -83.07084 -621.52 -367.152 -207.18 
1786080067.941 0 3.552714e-15 0 0 61.58656 -83.07084 -621.52 -367.152 -207.18 
1786080068.099 0 3.552714e-15 0 0 61.58656 -83.07084 -621.52 -367.152 -207.18 
1786080068.260 0 3.552714e-15 0 0 61.58656 -83.07084 -621.52 -367.152 -207.18 
1786080068.417 0 3.552714e-15 0 0 61.58656 -83.07084 -621.52 -367.152 -207.18 
1786080068.601 0 3.552714e-15 0 0 61.58656 -83.07084 -621.52 -367.152 -207.18 
1786080068.769 0 3.552714e-15 0 0 61.58656 -83.07084 -621.52 -367.152 -207.18 
1786080068.937 0 3.552714e-15 0 0 61.58656 -83.07084 -621.52 -367.152 -207.18 
1786080069.098 0 3.552714e-15 0 0 61.58656 -83.07084 -621.52 -367.152 -207.18 
1786080069.261 0 3.552714e-15 0 0 61.58656 -83.07084 -621.52 -367.152 -207.18 
1786080069.423 0 3.552714e-15 0 0 61.58656 -83.07084 -621.52 -367.152 -207.18 
1786080069.587 0 3.552714e-15 0 0 61.58656 -83.07084 -621.52 -367.152 -207.18 
1786080069.746 0 3.552714e-15 0 0 61.58656 -83.07084 -621.52 -367.152 -207.18 
1786080069.907 0 3.552714e-15 0 0 61.58656 -83.07084 -621.52 -367.152 -207.18 
1786080070.072 0 3.552714e-15 0 0 61.58656 -83.07084 -621.52 -367.152 -207.18 
1786080070.235 0 3.552714e-15 0 0 61.58656 -83.07084 -621.52 -367.152 -207.18 
1786080070.432 0 3.552714e-15 0 0 61.58656 -83.07084 -621.52 -367.152 -207.18 
1786080070.608 0 3.552714e-15 0 0 61.58656 -83.07084 -621.52 -367.152 -207.18 
1786080070.777 0 3.552714e-15 0 0 61.58656 -83.07084 -621.52 -367.152 -207.18 
1786080070.939 0 3.552714e-15 0 0 61.58656 -83.07084 -621.52 -367.152 -207.18 
1786080071.101 0 3.552714e-15 0 0 61.58656 -83.07084 -621.52 -367.152 -207.18 
1786080071.261 0 3.552714e-15 0 0 61.58656 -83.07084 -621.52 -367.152 -207.18 
1786080071.423 0 3.552714e-15 0 0 61.58656 -83.07084 -621.52 -367.152 -207.18 
1786080071.583 0 3.552714e-15 0 0 61.58656 -83.07084 -621.52 -367.152 -207.18 
1786080071.745 0 3.552714e-15 0 0 61.58656 -83.07084 -621.52 -367.152 -207.18 
1786080071.905 0 3.552714e-15 0 0 61.58656 -83.07084 -621.52 -367.152 -207.18 
1786080072.067 0 3.552714e-15 0 0 61.58656 -83.07084 -621.52 -367.152 -207.18 
1786080072.228 0 3.552714e-15 0 0 61.58656 -83.07084 -621.52 -367.152 -207.18 
1786080072.388 0 3.552714e-15 0 0 61.58656 -83.07084 -621.52 -367.152 -207.18 
1786080072.547 0 3.552714e-15 0 0 61.58656 -83.07084 -621.52 -367.152 -207.18 
1786080072.706 0 3.552714e-15 0 0 61.58656 -83.07084 -621.52 -367.152 -207.18 
1786080072.865 0 3.552714e-15 0 0 61.58656 -83.07084 -621.52 -367.152 -207.18 
1786080073.026 0 3.552714e-15 0 0 61.58656 -83.07084 -621.52 -367.152 -207.18 
1786080073.186 0 3.552714e-15 0 0 61.58656 -83.07084 -621.52 -367.152 -207.18 
1786080073.346 0 3.552714e-15 0 0 61.58656 -83.07084 -621.52 -367.152 -207.18 
1786080073.507 0 3.552714e-15 0 0 61.58656 -83.07084 -621.52 -367.152 -207.18 
1786080073.667 0 3.552714e-15 0 0 61.58656 -83.07084 -621.52 -367.152 -207.18 
1786080073.830 0 3.552714e-15 0 0 61.58656 -83.07084 -621.52 -367.152 -207.18 
1786080073.993 0 3.552714e-15 0 0 61.58656 -83.07084 -621.52 -367.152 -207.18 
1786080074.153 0 3.552714e-15 0 0 61.58656 -83.07084 -621.52 -367.152 -207.18 
1786080074.316 0 3.552714e-15 0 0 61.58656 -83.07084 -621.52 -367.152 -207.18 
1786080074.476 0 3.552714e-15 0 0 61.58656 -83.07084 -621.52 -367.152 -207.18 
1786080074.634 0 3.552714e-15 0 0 61.58656 -83.07084 -621.52 -367.152 -207.18 
1786080074.791 0 3.552714e-15 0 0 61.58656 -83.07084 -621.52 -367.152 -207.18 
1786080074.949 0 3.552714e-15 0 0 61.58656 -83.07084 -621.52 -367.152 -207.18 
1786080075.108 0 3.552714e-15 0 0 61.58656 -83.07084 -621.52 -367.152 -207.18 
1786080075.268 0 3.552714e-15 0 0 61.58656 -83.07084 -621.52 -367.152 -207.18 
1786080075.427 0 3.552714e-15 0 0 61.58656 -83.07084 -621.52 -367.152 -207.18 
1786080075.588 0 3.552714e-15 0 0 61.58656 -83.07084 -621.52 -367.152 -207.18 
1786080075.747 0 3.552714e-15 0 0 61.58656 -83.07084 -621.52 -367.152 -207.18 
1786080075.906 0 3.552714e-15 0 0 61.58656 -83.07084 -621.52 -367.152 -207.18 
1786080076.066 0 3.552714e-15 0 0 61.58656 -83.07084 -621.52 -367.152 -207.18 
1786080076.227 0 3.552714e-15 0 0 61.58656 -83.07084 -621.52 -367.152 -207.18 
1786080076.389 0 3.552714e-15 0 0 61.58656 -83.07084 -621.52 -367.152 -207.18 
1786080076.548 0 3.552714e-15 0 0 61.58656 -83.07084 -621.52 -367.152 -207.18 
1786080076.707 0 3.552714e-15 0 0 61.58656 -83.07084 -621.52 -367.152 -207.18 
1786080076.866 0 3.552714e-15 0 0 61.58656 -83.07084 -621.52 -367.152 -207.18 
1786080077.027 0 3.552714e-15 0 0 61.58656 -83.07084 -621.52 -367.152 -207.18 
1786080077.187 0 3.552714e-15 0 0 61.58656 -83.07084 -621.52 -367.152 -207.18 
1786080077.346 0 3.552714e-15 0 0 61.58656 -83.07084 -621.52 -367.152 -207.18 
1786080077.507 0 3.552714e-15 0 0 61.58656 -83.07084 -621.52 -367.152 -207.18 
1786080077.670 0 3.552714e-15 0 0 61.58656 -83.07084 -621.52 -367.152 -207.18 
1786080077.829 0 3.552714e-15 0 0 61.58656 -83.07084 -621.52 -367.152 -207.18 
1786080077.988 0 3.552714e-15 0 0 61.58656 -83.07084 -621.52 -367.152 -207.18 
1786080078.148 0 3.552714e-15 0 0 61.58656 -83.07084 -621.52 -367.152 -207.18 
1786080078.315 0 3.552714e-15 0 0 61.58656 -83.07084 -621.52 -367.152 -207.18 
1786080078.474 0 3.552714e-15 0 0 61.58656 -83.07084 -621.52 -367.152 -207.18 
1786080078.633 0 3.552714e-15 0 0 61.58656 -83.07084 -621.52 -367.152 -207.18 
1786080078.792 0 3.552714e-15 0 0 61.58656 -83.07084 -621.52 -367.152 -207.18 
1786080078.953 0 3.552714e-15 0 0 61.58656 -83.07084 -621.52 -367.152 -207.18 
1786080079.112 0 3.552714e-15 0 0 61.58656 -83.07084 -621.52 -367.152 -207.18 
1786080079.273 0 3.552714e-15 0 0 61.58656 -83.07084 -621.52 -367.152 -207.18 
1786080079.436 0 3.552714e-15 0 0 61.58656 -83.07084 -621.52 -367.152 -207.18 
1786080079.600 0 3.552714e-15 0 0 61.58656 -83.07084 -621.52 -367.152 -207.18 
1786080079.760 0 3.552714e-15 0 0 61.58656 -83.07084 -621.52 -367.152 -207.18 
1786080079.918 0 3.552714e-15 0 0 61.58656 -83.07084 -621.52 -367.152 -207.18 
1786080080.078 0 3.552714e-15 0 0 61.58656 -83.07084 -621.52 -367.152 -207.18 
1786080080.240 0 3.552714e-15 0 0 61.58656 -83.07084 -621.52 -367.152 -207.18 
1786080080.397 0 3.552714e-15 0 0 61.58656 -83.07084 -621.52 -367.152 -207.18 
1786080080.556 0 3.552714e-15 0 0 61.58656 -83.07084 -621.52 -367.152 -207.18 
1786080080.715 0 3.552714e-15 0 0 61.58656 -83.07084 -621.52 -367.152 -207.18 
1786080080.880 0 3.552714e-15 0 0 61.58656 -83.07084 -621.52 -367.152 -207.18 
1786080081.063 0 3.552714e-15 0 0 61.58656 -83.07084 -621.52 -367.152 -207.18 
1786080081.265 0 3.552714e-15 0 0 61.58656 -83.07084 -621.52 -367.152 -207.18 
1786080081.447 0 3.552714e-15 0 0 61.58656 -83.07084 -621.52 -367.152 -207.18 
1786080081.610 0 3.552714e-15 0 0 61.58656 -83.07084 -621.52 -367.152 -207.18 
1786080081.773 0 3.552714e-15 0 0 61.58656 -83.07084 -621.52 -367.152 -207.18 
1786080081.940 0 3.552714e-15 0 0 61.58656 -83.07084 -621.52 -367.152 -207.18 
1786080082.101 0 3.552714e-15 0 0 61.58656 -83.07084 -621.52 -367.152 -207.18 
1786080082.260 0 3.552714e-15 0 0 61.58656 -83.07084 -621.52 -367.152 -207.18 
1786080082.443 0 3.552714e-15 0 0 61.58656 -83.07084 -621.52 -367.152 -207.18 
1786080082.650 0 3.552714e-15 0 0 61.58656 -83.07084 -621.52 -367.152 -207.18 
1786080082.820 0 3.552714e-15 0 0 61.58656 -83.07084 -621.52 -367.152 -207.18 
1786080082.984 0 3.552714e-15 0 0 61.58656 -83.07084 -621.52 -367.152 -207.18 
1786080083.143 0 3.552714e-15 0 0 61.58656 -83.07084 -621.52 -367.152 -207.18 
1786080083.304 0 3.552714e-15 0 0 61.58656 -83.07084 -621.52 -367.152 -207.18 
1786080083.462 0 3.552714e-15 0 0 61.58656 -83.07084 -621.52 -367.152 -207.18 
1786080083.622 0 3.552714e-15 0 0 61.58656 -83.07084 -621.52 -367.152 -207.18 
1786080083.781 0 3.552714e-15 0 0 61.58656 -83.07084 -621.52 -367.152 -207.18 
1786080083.939 0 3.552714e-15 0 0 61.58656 -83.07084 -621.52 -367.152 -207.18 
1786080084.098 0 3.552714e-15 0 0 61.58656 -83.07084 -621.52 -367.152 -207.18 
1786080084.256 0 3.552714e-15 0 0 61.58656 -83.07084 -621.52 -367.152 -207.18 
1786080084.413 0 3.552714e-15 0 0 61.58656 -83.07084 -621.52 -367.152 -207.18 
1786080084.571 0 3.552714e-15 0 0 61.58656 -83.07084 -621.52 -367.152 -207.18 
1786080084.729 0 3.552714e-15 0 0 61.58656 -83.07084 -621.52 -367.152 -207.18 
1786080084.889 0 3.552714e-15 0 0 61.58656 -83.07084 -621.52 -367.152 -207.18 
1786080085.046 0 3.552714e-15 0 0 61.58656 -83.07084 -621.52 -367.152 -207.18 
1786080085.203 0 3.552714e-15 0 0 61.58656 -83.07084 -621.52 -367.152 -207.18 
1786080085.363 0 3.552714e-15 0 0 61.58656 -83.07084 -621.52 -367.152 -207.18 
1786080085.524 0 3.552714e-15 0 0 61.58656 -83.07084 -621.52 -367.152 -207.18 
1786080085.682 0 3.552714e-15 0 0 61.58656 -83.07084 -621.52 -367.152 -207.18 
1786080085.839 0 3.552714e-15 0 0 61.58656 -83.07084 -621.52 -367.152 -207.18 
1786080085.996 0 3.552714e-15 0 0 61.58656 -83.07084 -621.52 -367.152 -207.18 
1786080086.152 0 3.552714e-15 0 0 61.58656 -83.07084 -621.52 -367.152 -207.18 
1786080086.310 0 3.552714e-15 0 0 61.58656 -83.07084 -621.52 -367.152 -207.18 
1786080086.469 0 3.552714e-15 0 0 61.58656 -83.07084 -621.52 -367.152 -207.18 
1786080086.629 0 3.552714e-15 0 0 61.58656 -83.07084 -621.52 -367.152 -207.18 
1786080086.788 0 3.552714e-15 0 0 61.58656 -83.07084 -621.52 -367.152 -207.18 
1786080086.950 0 3.552714e-15 0 0 61.58656 -83.07084 -621.52 -367.152 -207.18 
1786080087.108 0 3.552714e-15 0 0 61.58656 -83.07084 -621.52 -367.152 -207.18 
1786080087.268 0 3.552714e-15 0 0 61.58656 -83.07084 -621.52 -367.152 -207.18 
1786080087.427 0 3.552714e-15 0 0 61.58656 -83.07084 -621.52 -367.152 -207.18 
1786080087.593 0 3.552714e-15 0 0 61.58656 -83.07084 -621.52 -367.152 -207.18 
1786080087.752 0 3.552714e-15 0 0 61.58656 -83.07084 -621.52 -367.152 -207.18 
1786080087.917 0 3.552714e-15 0 0 61.58656 -83.07084 -621.52 -367.152 -207.18 
1786080088.078 0 3.552714e-15 0 0 61.58656 -83.07084 -621.52 -367.152 -207.18 
1786080088.237 0 3.552714e-15 0 0 61.58656 -83.07084 -621.52 -367.152 -207.18 
1786080088.394 0 3.552714e-15 0 0 61.58656 -83.07084 -621.52 -367.152 -207.18 
1786080088.552 0 3.552714e-15 0 0 61.58656 -83.07084 -621.52 -367.152 -207.18 
1786080088.712 0 3.552714e-15 0 0 61.58656 -83.07084 -621.52 -367.152 -207.18 
1786080088.871 0 3.552714e-15 0 0 61.58656 -83.07084 -621.52 -367.152 -207.18 
1786080089.029 0 3.552714e-15 0 0 61.58656 -83.07084 -621.52 -367.152 -207.18 
1786080089.188 0 3.552714e-15 0 0 61.58656 -83.07084 -621.52 -367.152 -207.18 
1786080089.347 0 3.552714e-15 0 0 61.58656 -83.07084 -621.52 -367.152 -207.18 
1786080089.512 0 3.552714e-15 0 0 61.58656 -83.07084 -621.52 -367.152 -207.18 
1786080089.670 0 3.552714e-15 0 0 61.58656 -83.07084 -621.52 -367.152 -207.18 
1786080089.831 0 3.552714e-15 0 0 61.58656 -83.07084 -621.52 -367.152 -207.18 
1786080089.989 0 3.552714e-15 0 0 61.58656 -83.07084 -621.52 -367.152 -207.18 
1786080090.151 0 3.552714e-15 0 0 61.58656 -83.07084 -621.52 -367.152 -207.18 
1786080090.311 0 3.552714e-15 0 0 61.58656 -83.07084 -621.52 -367.152 -207.18 
1786080090.470 0 3.552714e-15 0 0 61.58656 -83.07084 -621.52 -367.152 -207.18 
1786080090.630 0 3.552714e-15 0 0 61.58656 -83.07084 -621.52 -367.152 -207.18 
1786080090.791 0 3.552714e-15 0 0 61.58656 -83.07084 -621.52 -367.152 -207.18 
1786080090.951 0 3.552714e-15 0 0 61.58656 -83.07084 -621.52 -367.152 -207.18 
1786080091.113 0 3.552714e-15 0 0 61.58656 -83.07084 -621.52 -367.152 -207.18 
1786080091.292 0 3.552714e-15 0 0 61.58656 -83.07084 -621.52 -367.152 -207.18 
1786080091.463 0 3.552714e-15 0 0 61.58656 -83.07084 -621.52 -367.152 -207.18 
1786080091.624 0 3.552714e-15 0 0 61.58656 -83.07084 -621.52 -367.152 -207.18 
1786080091.783 0 3.552714e-15 0 0 61.58656 -83.07084 -621.52 -367.152 -207.18 
1786080091.943 0 3.552714e-15 0 0 61.58656 -83.07084 -621.52 -367.152 -207.18 
1786080092.103 0 3.552714e-15 0 0 61.58656 -83.07084 -621.52 -367.152 -207.18 
1786080092.266 0 3.552714e-15 0 0 61.58656 -83.07084 -621.52 -367.152 -207.18 
1786080092.424 0 3.552714e-15 0 0 61.58656 -83.07084 -621.52 -367.152 -207.18 
1786080092.582 0 3.552714e-15 0 0 61.58656 -83.07084 -621.52 -367.152 -207.18 
1786080092.741 0 3.552714e-15 0 0 61.58656 -83.07084 -621.52 -367.152 -207.18 
1786080092.902 0 3.552714e-15 0 0 61.58656 -83.07084 -621.52 -367.152 -207.18 
1786080093.061 0 3.552714e-15 0 0 61.58656 -83.07084 -621.52 -367.152 -207.18 
1786080093.218 0 3.552714e-15 0 0 61.58656 -83.07084 -621.52 -367.152 -207.18 
1786080093.376 0 3.552714e-15 0 0 61.58656 -83.07084 -621.52 -367.152 -207.18 
1786080093.536 0 3.552714e-15 0 0 61.58656 -83.07084 -621.52 -367.152 -207.18 
1786080093.693 0 3.552714e-15 0 0 61.58656 -83.07084 -621.52 -367.152 -207.18 
1786080093.850 0 3.552714e-15 0 0 61.58656 -83.07084 -621.52 -367.152 -207.18 
1786080094.007 0 3.552714e-15 0 0 61.58656 -83.07084 -621.52 -367.152 -207.18 
1786080094.168 0 3.552714e-15 0 0 61.58656 -83.07084 -621.52 -367.152 -207.18 
1786080094.326 0 3.552714e-15 0 0 61.58656 -83.07084 -621.52 -367.152 -207.18 
1786080094.485 0 3.552714e-15 0 0 61.58656 -83.07084 -621.52 -367.152 -207.18 
1786080094.643 0 3.552714e-15 0 0 61.58656 -83.07084 -621.52 -367.152 -207.18 
1786080094.801 0 3.552714e-15 0 0 61.58656 -83.07084 -621.52 -367.152 -207.18 
1786080094.961 0 3.552714e-15 0 0 61.58656 -83.07084 -621.52 -367.152 -207.18 
1786080095.121 0 3.552714e-15 0 0 61.58656 -83.07084 -621.52 -367.152 -207.18 
1786080095.280 0 3.552714e-15 0 0 61.58656 -83.07084 -621.52 -367.152 -207.18 
1786080095.437 0 3.552714e-15 0 0 61.58656 -83.07084 -621.52 -367.152 -207.18 
1786080095.595 0 3.552714e-15 0 0 61.58656 -83.07084 -621.52 -367.152 -207.18 
1786080095.752 0 3.552714e-15 0 0 61.58656 -83.07084 -621.52 -367.152 -207.18 
1786080095.915 0 3.552714e-15 0 0 61.58656 -83.07084 -621.52 -367.152 -207.18 
1786080096.079 0 3.552714e-15 0 0 61.58656 -83.07084 -621.52 -367.152 -207.18 
1786080096.245 0 3.552714e-15 0 0 61.58656 -83.07084 -621.52 -367.152 -207.18 
1786080096.405 0 3.552714e-15 0 0 61.58656 -83.07084 -621.52 -367.152 -207.18 
1786080096.563 0 3.552714e-15 0 0 61.58656 -83.07084 -621.52 -367.152 -207.18 
1786080096.722 0 3.552714e-15 0 0 61.58656 -83.07084 -621.52 -367.152 -207.18 
1786080096.879 0 3.552714e-15 0 0 61.58656 -83.07084 -621.52 -367.152 -207.18 
1786080097.045 0 3.552714e-15 0 0 61.58656 -83.07084 -621.52 -367.152 -207.18 
1786080097.205 0 3.552714e-15 0 0 61.58656 -83.07084 -621.52 -367.152 -207.18 
1786080097.367 0 3.552714e-15 0 0 61.58656 -83.07084 -621.52 -367.152 -207.18 
1786080097.527 0 3.552714e-15 0 0 61.58656 -83.07084 -621.52 -367.152 -207.18 
1786080097.687 0 3.552714e-15 0 0 61.58656 -83.07084 -621.52 -367.152 -207.18 
1786080097.844 0 3.552714e-15 0 0 61.58656 -83.07084 -621.52 -367.152 -207.18 
1786080098.006 0 3.552714e-15 0 0 61.58656 -83.07084 -621.52 -367.152 -207.18 
1786080098.168 0 3.552714e-15 0 0 61.58656 -83.07084 -621.52 -367.152 -207.18 
1786080098.326 0 3.552714e-15 0 0 61.58656 -83.07084 -621.52 -367.152 -207.18 
1786080098.484 0 3.552714e-15 0 0 61.58656 -83.07084 -621.52 -367.152 -207.18 
1786080098.642 0 3.552714e-15 0 0 61.58656 -83.07084 -621.52 -367.152 -207.18 
1786080098.800 0 3.552714e-15 0 0 61.58656 -83.07084 -621.52 -367.152 -207.18 
1786080098.964 0 3.552714e-15 0 0 61.58656 -83.07084 -621.52 -367.152 -207.18 
1786080099.122 0 3.552714e-15 0 0 61.58656 -83.07084 -621.52 -367.152 -207.18 
1786080099.280 0 3.552714e-15 0 0 61.58656 -83.07084 -621.52 -367.152 -207.18 
1786080099.439 0 3.552714e-15 0 0 61.58656 -83.07084 -621.52 -367.152 -207.18 
1786080099.596 0 3.552714e-15 0 0 61.58656 -83.07084 -621.52 -367.152 -207.18 
1786080099.757 0 3.552714e-15 0 0 61.58656 -83.07084 -621.52 -367.152 -207.18 
1786080099.925 0 3.552714e-15 0 0 61.58656 -83.07084 -621.52 -367.152 -207.18 
1786080100.085 0 3.552714e-15 0 0 61.58656 -83.07084 -621.52 -367.152 -207.18 
1786080100.244 0 3.552714e-15 0 0 61.58656 -83.07084 -621.52 -367.152 -207.18 
1786080100.403 0 3.552714e-15 0 0 61.58656 -83.07084 -621.52 -367.152 -207.18 
1786080100.562 0 3.552714e-15 0 0 61.58656 -83.07084 -621.52 -367.152 -207.18 
1786080100.722 0 3.552714e-15 0 0 61.58656 -83.07084 -621.52 -367.152 -207.18 
1786080100.883 0 3.552714e-15 0 0 61.58656 -83.07084 -621.52 -367.152 -207.18 
1786080101.045 0 3.552714e-15 0 0 61.58656 -83.07084 -621.52 -367.152 -207.18 
1786080101.204 0 3.552714e-15 0 0 61.58656 -83.07084 -621.52 -367.152 -207.18 
1786080101.371 0 3.552714e-15 0 0 61.58656 -83.07084 -621.52 -367.152 -207.18 
1786080101.535 0 3.552714e-15 0 0 61.58656 -83.07084 -621.52 -367.152 -207.18 
1786080101.699 0 3.552714e-15 0 0 61.58656 -83.07084 -621.52 -367.152 -207.18 
1786080101.863 0 3.552714e-15 0 0 61.58656 -83.07084 -621.52 -367.152 -207.18 
1786080102.023 0 3.552714e-15 0 0 61.58656 -83.07084 -621.52 -367.152 -207.18 
1786080102.183 0 3.552714e-15 0 0 61.58656 -83.07084 -621.52 -367.152 -207.18 
1786080102.344 0 3.552714e-15 0 0 61.58656 -83.07084 -621.52 -367.152 -207.18 
1786080102.506 0 3.552714e-15 0 0 61.58656 -83.07084 -621.52 -367.152 -207.18 
1786080102.666 0 3.552714e-15 0 0 61.58656 -83.07084 -621.52 -367.152 -207.18 
1786080102.835 0 3.552714e-15 0 0 61.58656 -83.07084 -621.52 -367.152 -207.18 
1786080103.000 0 3.552714e-15 0 0 61.58656 -83.07084 -621.52 -367.152 -207.18 
1786080103.164 0 3.552714e-15 0 0 61.58656 -83.07084 -621.52 -367.152 -207.18 
1786080103.380 0 3.552714e-15 0 0 61.58656 -83.07084 -621.52 -367.152 -207.18 
1786080103.543 0 3.552714e-15 0 0 61.58656 -83.07084 -621.52 -367.152 -207.18 
1786080103.710 0 3.552714e-15 0 0 61.58656 -83.07084 -621.52 -367.152 -207.18 
1786080103.883 0 3.552714e-15 0 0 61.58656 -83.07084 -621.52 -367.152 -207.18 
1786080104.050 0 3.552714e-15 0 0 61.58656 -83.07084 -621.52 -367.152 -207.18 
1786080104.226 0 3.552714e-15 0 0 61.58656 -83.07084 -621.52 -367.152 -207.18 
1786080104.398 0 3.552714e-15 0 0 61.58656 -83.07084 -621.52 -367.152 -207.18 
1786080104.559 0 3.552714e-15 0 0 61.58656 -83.07084 -621.52 -367.152 -207.18 
1786080104.720 0 3.552714e-15 0 0 61.58656 -83.07084 -621.52 -367.152 -207.18 
1786080104.879 0 3.552714e-15 0 0 61.58656 -83.07084 -621.52 -367.152 -207.18 
1786080105.037 0 3.552714e-15 0 0 61.58656 -83.07084 -621.52 -367.152 -207.18 
1786080105.196 0 3.552714e-15 0 0 61.58656 -83.07084 -621.52 -367.152 -207.18 
1786080105.354 0 3.552714e-15 0 0 61.58656 -83.07084 -621.52 -367.152 -207.18 
1786080105.512 0 3.552714e-15 0 0 61.58656 -83.07084 -621.52 -367.152 -207.18 
1786080105.675 0 3.552714e-15 0 0 61.58656 -83.07084 -621.52 -367.152 -207.18 
1786080105.834 0 3.552714e-15 0 0 61.58656 -83.07084 -621.52 -367.152 -207.18 
1786080105.991 0 3.552714e-15 0 0 61.58656 -83.07084 -621.52 -367.152 -207.18 
1786080106.155 0 3.552714e-15 0 0 61.58656 -83.07084 -621.52 -367.152 -207.18 
1786080106.314 0 3.552714e-15 0 0 61.58656 -83.07084 -621.52 -367.152 -207.18 
1786080106.473 0 3.552714e-15 0 0 61.58656 -83.07084 -621.52 -367.152 -207.18 
1786080106.633 0 3.552714e-15 0 0 61.58656 -83.07084 -621.52 -367.152 -207.18 
1786080106.800 0 3.552714e-15 0 0 61.58656 -83.07084 -621.52 -367.152 -207.18 
1786080106.963 0 3.552714e-15 0 0 61.58656 -83.07084 -621.52 -367.152 -207.18 
1786080107.147 0 3.552714e-15 0 0 61.58656 -83.07084 -621.52 -367.152 -207.18 
1786080107.313 0 3.552714e-15 0 0 61.58656 -83.07084 -621.52 -367.152 -207.18 
1786080107.472 0 3.552714e-15 0 0 61.58656 -83.07084 -621.52 -367.152 -207.18 
1786080107.637 0 3.552714e-15 0 0 61.58656 -83.07084 -621.52 -367.152 -207.18 
1786080107.796 0 3.552714e-15 0 0 61.58656 -83.07084 -621.52 -367.152 -207.18 
1786080107.956 0 3.552714e-15 0 0 61.58656 -83.07084 -621.52 -367.152 -207.18 
1786080108.113 0 3.552714e-15 0 0 61.58656 -83.07084 -621.52 -367.152 -207.18 
1786080108.270 0 3.552714e-15 0 0 61.58656 -83.07084 -621.52 -367.152 -207.18 
1786080108.428 0 3.552714e-15 0 0 61.58656 -83.07084 -621.52 -367.152 -207.18 
1786080108.587 0 3.552714e-15 0 0 61.58656 -83.07084 -621.52 -367.152 -207.18 
1786080108.745 0 3.552714e-15 0 0 61.58656 -83.07084 -621.52 -367.152 -207.18 
1786080108.904 0 3.552714e-15 0 0 61.58656 -83.07084 -621.52 -367.152 -207.18 
1786080109.063 0 3.552714e-15 0 0 61.58656 -83.07084 -621.52 -367.152 -207.18 
1786080109.222 0 3.552714e-15 0 0 61.58656 -83.07084 -621.52 -367.152 -207.18 
1786080109.381 0 3.552714e-15 0 0 61.58656 -83.07084 -621.52 -367.152 -207.18 
1786080109.548 0 3.552714e-15 0 0 61.58656 -83.07084 -621.52 -367.152 -207.18 
1786080109.707 0 3.552714e-15 0 0 61.58656 -83.07084 -621.52 -367.152 -207.18 
1786080109.865 0 3.552714e-15 0 0 61.58656 -83.07084 -621.52 -367.152 -207.18 
1786080110.023 0 3.552714e-15 0 0 61.58656 -83.07084 -621.52 -367.152 -207.18 
1786080110.184 0 3.552714e-15 0 0 61.58656 -83.07084 -621.52 -367.152 -207.18 
1786080110.344 0 3.552714e-15 0 0 61.58656 -83.07084 -621.52 -367.152 -207.18 
1786080110.505 0 3.552714e-15 0 0 61.58656 -83.07084 -621.52 -367.152 -207.18 
1786080110.662 0 3.552714e-15 0 0 61.58656 -83.07084 -621.52 -367.152 -207.18 
1786080110.829 0 3.552714e-15 0 0 61.58656 -83.07084 -621.52 -367.152 -207.18 
1786080110.987 0 3.552714e-15 0 0 61.58656 -83.07084 -621.52 -367.152 -207.18 
1786080111.149 0 3.552714e-15 0 0 61.58656 -83.07084 -621.52 -367.152 -207.18 
1786080111.307 0 3.552714e-15 0 0 61.58656 -83.07084 -621.52 -367.152 -207.18 
1786080111.467 0 3.552714e-15 0 0 61.58656 -83.07084 -621.52 -367.152 -207.18 
1786080111.625 0 3.552714e-15 0 0 61.58656 -83.07084 -621.52 -367.152 -207.18 
1786080111.783 0 3.552714e-15 0 0 61.58656 -83.07084 -621.52 -367.152 -207.18 
1786080111.942 0 3.552714e-15 0 0 61.58656 -83.07084 -621.52 -367.152 -207.18 
1786080112.100 0 3.552714e-15 0 0 61.58656 -83.07084 -621.52 -367.152 -207.18 
1786080112.258 0 3.552714e-15 0 0 61.58656 -83.07084 -621.52 -367.152 -207.18 
1786080112.423 0 3.552714e-15 0 0 61.58656 -83.07084 -621.52 -367.152 -207.18 
1786080112.582 0 3.552714e-15 0 0 61.58656 -83.07084 -621.52 -367.152 -207.18 
1786080112.743 0 3.552714e-15 0 0 61.58656 -83.07084 -621.52 -367.152 -207.18 
1786080112.902 0 3.552714e-15 0 0 61.58656 -83.07084 -621.52 -367.152 -207.18 
1786080113.061 0 3.552714e-15 0 0 61.58656 -83.07084 -621.52 -367.152 -207.18 
1786080113.221 0 3.552714e-15 0 0 61.58656 -83.07084 -621.52 -367.152 -207.18 
1786080113.387 0 3.552714e-15 0 0 61.58656 -83.07084 -621.52 -367.152 -207.18 
1786080113.546 0 3.552714e-15 0 0 61.58656 -83.07084 -621.52 -367.152 -207.18 
1786080113.703 0 3.552714e-15 0 0 61.58656 -83.07084 -621.52 -367.152 -207.18 
1786080113.863 0 3.552714e-15 0 0 61.58656 -83.07084 -621.52 -367.152 -207.18 
1786080114.019 0 3.552714e-15 0 0 61.58656 -83.07084 -621.52 -367.152 -207.18 
1786080114.179 0 3.552714e-15 0 0 61.58656 -83.07084 -621.52 -367.152 -207.18 
1786080114.342 0 3.552714e-15 0 0 61.58656 -83.07084 -621.52 -367.152 -207.18 
1786080114.504 0 3.552714e-15 0 0 61.58656 -83.07084 -621.52 -367.152 -207.18 
1786080114.662 0 3.552714e-15 0 0 61.58656 -83.07084 -621.52 -367.152 -207.18 
1786080114.821 0 3.552714e-15 0 0 61.58656 -83.07084 -621.52 -367.152 -207.18 
1786080114.982 0 3.552714e-15 0 0 61.58656 -83.07084 -621.52 -367.152 -207.18 
1786080115.140 0 3.552714e-15 0 0 61.58656 -83.07084 -621.52 -367.152 -207.18 
1786080115.301 0 3.552714e-15 0 0 61.58656 -83.07084 -621.52 -367.152 -207.18 
1786080115.461 0 3.552714e-15 0 0 61.58656 -83.07084 -621.52 -367.152 -207.18 
1786080115.622 0 3.552714e-15 0 0 61.58656 -83.07084 -621.52 -367.152 -207.18 
1786080115.780 0 3.552714e-15 0 0 61.58656 -83.07084 -621.52 -367.152 -207.18 
1786080115.939 0 3.552714e-15 0 0 61.58656 -83.07084 -621.52 -367.152 -207.18 
1786080116.098 0 3.552714e-15 0 0 61.58656 -83.07084 -621.52 -367.152 -207.18 
1786080116.259 0 3.552714e-15 0 0 61.58656 -83.07084 -621.52 -367.152 -207.18 
1786080116.420 0 3.552714e-15 0 0 61.58656 -83.07084 -621.52 -367.152 -207.18 
1786080116.580 0 3.552714e-15 0 0 61.58656 -83.07084 -621.52 -367.152 -207.18 
1786080116.741 0 3.552714e-15 0 0 61.58656 -83.07084 -621.52 -367.152 -207.18 
1786080116.901 0 3.552714e-15 0 0 61.58656 -83.07084 -621.52 -367.152 -207.18 
1786080117.060 0 3.552714e-15 0 0 61.58656 -83.07084 -621.52 -367.152 -207.18 
1786080117.221 0 3.552714e-15 0 0 61.58656 -83.07084 -621.52 -367.152 -207.18 
1786080117.380 0 3.552714e-15 0 0 61.58656 -83.07084 -621.52 -367.152 -207.18 
1786080117.539 0 3.552714e-15 0 0 61.58656 -83.07084 -621.52 -367.152 -207.18 
1786080117.697 0 3.552714e-15 0 0 61.58656 -83.07084 -621.52 -367.152 -207.18 
1786080117.856 0 3.552714e-15 0 0 61.58656 -83.07084 -621.52 -367.152 -207.18 
1786080118.013 0 3.552714e-15 0 0 61.58656 -83.07084 -621.52 -367.152 -207.18 
1786080118.173 0 3.552714e-15 0 0 61.58656 -83.07084 -621.52 -367.152 -207.18 
1786080118.334 0 3.552714e-15 0 0 61.58656 -83.07084 -621.52 -367.152 -207.18 
1786080118.491 0 3.552714e-15 0 0 61.58656 -83.07084 -621.52 -367.152 -207.18 
1786080118.649 0 3.552714e-15 0 0 61.58656 -83.07084 -621.52 -367.152 -207.18 
1786080118.814 0 3.552714e-15 0 0 61.58656 -83.07084 -621.52 -367.152 -207.18 
1786080118.972 0 3.552714e-15 0 0 61.58656 -83.07084 -621.52 -367.152 -207.18 
1786080119.132 0 3.552714e-15 0 0 61.58656 -83.07084 -621.52 -367.152 -207.18 
1786080119.290 0 3.552714e-15 0 0 61.58656 -83.07084 -621.52 -367.152 -207.18 
1786080119.450 0 3.552714e-15 0 0 61.58656 -83.07084 -621.52 -367.152 -207.18 
1786080119.607 0 3.552714e-15 0 0 61.58656 -83.07084 -621.52 -367.152 -207.18 
1786080119.767 0 3.552714e-15 0 0 61.58656 -83.07084 -621.52 -367.152 -207.18 
1786080119.925 0 3.552714e-15 0 0 61.58656 -83.07084 -621.52 -367.152 -207.18 
1786080120.083 0 3.552714e-15 0 0 61.58656 -83.07084 -621.52 -367.152 -207.18 
1786080120.243 0 3.552714e-15 0 0 61.58656 -83.07084 -621.52 -367.152 -207.18 
1786080120.404 0 3.552714e-15 0 0 61.58656 -83.07084 -621.52 -367.152 -207.18 
1786080120.563 0 3.552714e-15 0 0 61.58656 -83.07084 -621.52 -367.152 -207.18 
1786080120.720 0 3.552714e-15 0 0 61.58656 -83.07084 -621.52 -367.152 -207.18 
1786080120.881 0 3.552714e-15 0 0 61.58656 -83.07084 -621.52 -367.152 -207.18 
1786080121.056 0 3.552714e-15 0 0 61.58656 -83.07084 -621.52 -367.152 -207.18 
1786080121.245 0 3.552714e-15 0 0 61.58656 -83.07084 -621.52 -367.152 -207.18 
1786080121.413 0 3.552714e-15 0 0 61.58656 -83.07084 -621.52 -367.152 -207.18 
1786080121.577 0 3.552714e-15 0 0 61.58656 -83.07084 -621.52 -367.152 -207.18 
1786080121.740 0 3.552714e-15 0 0 61.58656 -83.07084 -621.52 -367.152 -207.18 
1786080121.904 0 3.552714e-15 0 0 61.58656 -83.07084 -621.52 -367.152 -207.18 
1786080122.069 0 3.552714e-15 0 0 61.58656 -83.07084 -621.52 -367.152 -207.18 
1786080122.239 0 3.552714e-15 0 0 61.58656 -83.07084 -621.52 -367.152 -207.18 
1786080122.412 0 3.552714e-15 0 0 61.58656 -83.07084 -621.52 -367.152 -207.18 
1786080122.571 0 3.552714e-15 0 0 61.58656 -83.07084 -621.52 -367.152 -207.18 
1786080122.729 0 3.552714e-15 0 0 61.58656 -83.07084 -621.52 -367.152 -207.18 
1786080122.890 0 3.552714e-15 0 0 61.58656 -83.07084 -621.52 -367.152 -207.18 
1786080123.049 0 3.552714e-15 0 0 61.58656 -83.07084 -621.52 -367.152 -207.18 
1786080123.207 0 3.552714e-15 0 0 61.58656 -83.07084 -621.52 -367.152 -207.18 
1786080123.366 0 3.552714e-15 0 0 61.58656 -83.07084 -621.52 -367.152 -207.18 
1786080123.523 0 3.552714e-15 0 0 61.58656 -83.07084 -621.52 -367.152 -207.18 
1786080123.684 0 3.552714e-15 0 0 61.58656 -83.07084 -621.52 -367.152 -207.18 
1786080123.844 0 3.552714e-15 0 0 61.58656 -83.07084 -621.52 -367.152 -207.18 
1786080124.001 0 3.552714e-15 0 0 61.58656 -83.07084 -621.52 -367.152 -207.18 
1786080124.160 0 3.552714e-15 0 0 61.58656 -83.07084 -621.52 -367.152 -207.18 
1786080124.319 0 3.552714e-15 0 0 61.58656 -83.07084 -621.52 -367.152 -207.18 
1786080124.477 0 3.552714e-15 0 0 61.58656 -83.07084 -621.52 -367.152 -207.18 
1786080124.638 0 3.552714e-15 0 0 61.58656 -83.07084 -621.52 -367.152 -207.18 
1786080124.798 0 3.552714e-15 0 0 61.58656 -83.07084 -621.52 -367.152 -207.18 
1786080124.962 0 3.552714e-15 0 0 61.58656 -83.07084 -621.52 -367.152 -207.18 
1786080125.126 0 3.552714e-15 0 0 61.58656 -83.07084 -621.52 -367.152 -207.18 
1786080125.289 0 3.552714e-15 0 0 61.58656 -83.07084 -621.52 -367.152 -207.18 
1786080125.448 0 3.552714e-15 0 0 61.58656 -83.07084 -621.52 -367.152 -207.18 
1786080125.611 0 3.552714e-15 0 0 61.58656 -83.07084 -621.52 -367.152 -207.18 
1786080125.768 0 3.552714e-15 0 0 61.58656 -83.07084 -621.52 -367.152 -207.18 
1786080125.929 0 3.552714e-15 0 0 61.58656 -83.07084 -621.52 -367.152 -207.18 
1786080126.095 0 3.552714e-15 0 0 61.58656 -83.07084 -621.52 -367.152 -207.18 
1786080126.261 0 3.552714e-15 0 0 61.58656 -83.07084 -621.52 -367.152 -207.18 
1786080126.422 0 3.552714e-15 0 0 61.58656 -83.07084 -621.52 -367.152 -207.18 
1786080126.588 0 3.552714e-15 0 0 61.58656 -83.07084 -621.52 -367.152 -207.18 
1786080126.753 0 3.552714e-15 5.684342e-14 0.0002 61.58656 -83.07084 -621.52 -367.152 -207.18 
1786080126.913 0 3.552714e-15 5.684342e-14 0.0002 61.58656 -83.07084 -621.52 -367.152 -207.18 
1786080127.077 0 3.552714e-15 5.684342e-14 0.0002 61.58656 -83.07084 -621.52 -367.152 -207.18 
1786080127.237 0 3.552714e-15 5.684342e-14 0.0002 61.58656 -83.07084 -621.52 -367.152 -207.18 
1786080127.401 0 3.552714e-15 5.684342e-14 0.0002 61.58656 -83.07084 -621.52 -367.152 -207.18 
1786080127.559 0 3.552714e-15 5.684342e-14 0.0002 61.58656 -83.07084 -621.52 -367.152 -207.18 
1786080127.720 0 3.552714e-15 5.684342e-14 0.0002 61.58656 -83.07084 -621.52 -367.152 -207.18 
1786080127.897 0 3.552714e-15 5.684342e-14 0.0002 61.58656 -83.07084 -621.52 -367.152 -207.18 
1786080128.099 0 3.552714e-15 5.684342e-14 0.0002 61.58656 -83.07084 -621.52 -367.152 -207.18 
1786080128.261 0 3.552714e-15 5.684342e-14 0.0002 61.58656 -83.07084 -621.52 -367.152 -207.18 
1786080128.420 0 3.552714e-15 5.684342e-14 0.0002 61.58656 -83.07084 -621.52 -367.152 -207.18 
1786080128.579 0 3.552714e-15 5.684342e-14 0.0002 61.58656 -83.07084 -621.52 -367.152 -207.18 
1786080128.739 0 3.552714e-15 5.684342e-14 0.0002 61.58656 -83.07084 -621.52 -367.152 -207.18 
1786080128.898 0 3.552714e-15 5.684342e-14 0.0002 61.58656 -83.07084 -621.52 -367.152 -207.18 
1786080129.065 0 3.552714e-15 5.684342e-14 0.0002 61.58656 -83.07084 -621.52 -367.152 -207.18 
1786080129.224 0 3.552714e-15 5.684342e-14 0.0002 61.58656 -83.07084 -621.52 -367.152 -207.18 
1786080129.384 0 3.552714e-15 5.684342e-14 0.0002 61.58656 -83.07084 -621.52 -367.152 -207.18 
1786080129.545 0 3.552714e-15 5.684342e-14 0.0002 61.58656 -83.07084 -621.52 -367.152 -207.18 
1786080129.706 0 3.552714e-15 5.684342e-14 0.0002 61.58656 -83.07084 -621.52 -367.152 -207.18 
1786080129.871 0 3.552714e-15 5.684342e-14 0.0002 61.58656 -83.07084 -621.52 -367.152 -207.18 
1786080130.031 0 3.552714e-15 5.684342e-14 0.0002 61.58656 -83.07084 -621.52 -367.152 -207.18 
1786080130.190 0 3.552714e-15 5.684342e-14 0.0002 61.58656 -83.07084 -621.52 -367.152 -207.18 
1786080130.348 0 3.552714e-15 5.684342e-14 0.0002 61.58656 -83.07084 -621.52 -367.152 -207.18 
1786080130.505 0 3.552714e-15 5.684342e-14 0.0002 61.58656 -83.07084 -621.52 -367.152 -207.18 
1786080130.669 0 3.552714e-15 5.684342e-14 0.0002 61.58656 -83.07084 -621.52 -367.152 -207.18 
1786080130.833 0 3.552714e-15 5.684342e-14 0.0002 61.58656 -83.07084 -621.52 -367.152 -207.18 
1786080130.994 0 3.552714e-15 5.684342e-14 0.0002 61.58656 -83.07084 -621.52 -367.152 -207.18 
1786080131.153 0 3.552714e-15 5.684342e-14 0.0002 61.58656 -83.07084 -621.52 -367.152 -207.18 
1786080131.313 0 3.552714e-15 5.684342e-14 0.0002 61.58656 -83.07084 -621.52 -367.152 -207.18 
1786080131.470 0 3.552714e-15 5.684342e-14 0.0002 61.58656 -83.07084 -621.52 -367.152 -207.18 
1786080131.634 0 3.552714e-15 5.684342e-14 0.0002 61.58656 -83.07084 -621.52 -367.152 -207.18 
1786080131.801 0 3.552714e-15 5.684342e-14 0.0002 61.58656 -83.07084 -621.52 -367.152 -207.18 
1786080131.968 0 3.552714e-15 5.684342e-14 0.0002 61.58656 -83.07084 -621.52 -367.152 -207.18 
1786080132.137 0 3.552714e-15 5.684342e-14 0.0002 61.58656 -83.07084 -621.52 -367.152 -207.18 
1786080132.295 0 3.552714e-15 5.684342e-14 0.0002 61.58656 -83.07084 -621.52 -367.152 -207.18 
1786080132.454 0 3.552714e-15 5.684342e-14 0.0002 61.58656 -83.07084 -621.52 -367.152 -207.18 
1786080132.619 0 3.552714e-15 5.684342e-14 0.0002 61.58656 -83.07084 -621.52 -367.152 -207.18 
1786080132.784 0 3.552714e-15 5.684342e-14 0.0002 61.58656 -83.07084 -621.52 -367.152 -207.18 
1786080132.947 0 3.552714e-15 5.684342e-14 0.0002 61.58656 -83.07084 -621.52 -367.152 -207.18 
1786080133.109 0 3.552714e-15 5.684342e-14 0.0002 61.58656 -83.07084 -621.52 -367.152 -207.18 
1786080133.271 0 3.552714e-15 5.684342e-14 0.0002 61.58656 -83.07084 -621.52 -367.152 -207.18 
1786080133.430 0 3.552714e-15 5.684342e-14 0.0002 61.58656 -83.07084 -621.52 -367.152 -207.18 
1786080133.590 0 3.552714e-15 5.684342e-14 0.0002 61.58656 -83.07084 -621.52 -367.152 -207.18 
1786080133.749 0 3.552714e-15 5.684342e-14 0.0002 61.58656 -83.07084 -621.52 -367.152 -207.18 
1786080133.913 0 3.552714e-15 5.684342e-14 0.0002 61.58656 -83.07084 -621.52 -367.152 -207.18 
1786080134.075 0 3.552714e-15 5.684342e-14 0.0002 61.58656 -83.07084 -621.52 -367.152 -207.18 
1786080134.234 0 3.552714e-15 5.684342e-14 0.0002 61.58656 -83.07084 -621.52 -367.152 -207.18 
1786080134.391 0 3.552714e-15 5.684342e-14 0.0002 61.58656 -83.07084 -621.52 -367.152 -207.18 
1786080134.554 0 3.552714e-15 5.684342e-14 0.0002 61.58656 -83.07084 -621.52 -367.152 -207.18 
1786080134.713 0 3.552714e-15 5.684342e-14 0.0002 61.58656 -83.07084 -621.52 -367.152 -207.18 
1786080134.873 0 3.552714e-15 5.684342e-14 0.0002 61.58656 -83.07084 -621.52 -367.152 -207.18 
1786080135.035 0 3.552714e-15 5.684342e-14 0.0002 61.58656 -83.07084 -621.52 -367.152 -207.18 
1786080135.194 0 3.552714e-15 5.684342e-14 0.0002 61.58656 -83.07084 -621.52 -367.152 -207.18 
1786080135.352 0 3.552714e-15 5.684342e-14 0.0002 61.58656 -83.07084 -621.52 -367.152 -207.18 
1786080135.517 0 3.552714e-15 5.684342e-14 0.0002 61.58656 -83.07084 -621.52 -367.152 -207.18 
1786080135.676 0 3.552714e-15 5.684342e-14 0.0002 61.58656 -83.07084 -621.52 -367.152 -207.18 
1786080135.836 0 3.552714e-15 5.684342e-14 0.0002 61.58656 -83.07084 -621.52 -367.152 -207.18 
1786080135.996 0 3.552714e-15 5.684342e-14 0.0002 61.58656 -83.07084 -621.52 -367.152 -207.18 
1786080136.154 0 3.552714e-15 5.684342e-14 0.0002 61.58656 -83.07084 -621.52 -367.152 -207.18 
1786080136.313 0 3.552714e-15 5.684342e-14 0.0002 61.58656 -83.07084 -621.52 -367.152 -207.18 
1786080136.474 0 3.552714e-15 5.684342e-14 0.0002 61.58656 -83.07084 -621.52 -367.152 -207.18 
1786080136.633 0 3.552714e-15 5.684342e-14 0.0002 61.58656 -83.07084 -621.52 -367.152 -207.18 
1786080136.793 0 3.552714e-15 5.684342e-14 0.0002 61.58656 -83.07084 -621.52 -367.152 -207.18 
1786080136.953 0 3.552714e-15 5.684342e-14 0.0002 61.58656 -83.07084 -621.52 -367.152 -207.18 
1786080137.115 0 3.552714e-15 5.684342e-14 0.0002 61.58656 -83.07084 -621.52 -367.152 -207.18 
1786080137.275 0 3.552714e-15 5.684342e-14 0.0002 61.58656 -83.07084 -621.52 -367.152 -207.18 
1786080137.438 0 3.552714e-15 5.684342e-14 0.0002 61.58656 -83.07084 -621.52 -367.152 -207.18 
1786080137.599 0 3.552714e-15 5.684342e-14 0.0002 61.58656 -83.07084 -621.52 -367.152 -207.18 
1786080137.756 0 3.552714e-15 5.684342e-14 0.0002 61.58656 -83.07084 -621.52 -367.152 -207.18 
1786080137.916 0 3.552714e-15 5.684342e-14 0.0002 61.58656 -83.07084 -621.52 -367.152 -207.18 
1786080138.075 0 3.552714e-15 5.684342e-14 0.0002 61.58656 -83.07084 -621.52 -367.152 -207.18 
1786080138.232 0 3.552714e-15 5.684342e-14 0.0002 61.58656 -83.07084 -621.52 -367.152 -207.18 
1786080138.395 0 3.552714e-15 5.684342e-14 0.0002 61.58656 -83.07084 -621.52 -367.152 -207.18 
1786080138.556 0 3.552714e-15 5.684342e-14 0.0002 61.58656 -83.07084 -621.52 -367.152 -207.18 
1786080138.716 0 3.552714e-15 5.684342e-14 0.0002 61.58656 -83.07084 -621.52 -367.152 -207.18 
1786080138.873 0 3.552714e-15 5.684342e-14 0.0002 61.58656 -83.07084 -621.52 -367.152 -207.18 
1786080139.037 0 3.552714e-15 5.684342e-14 0.0002 61.58656 -83.07084 -621.52 -367.152 -207.18 
1786080139.194 0 3.552714e-15 5.684342e-14 0.0002 61.58656 -83.07084 -621.52 -367.152 -207.18 
1786080139.356 0 3.552714e-15 5.684342e-14 0.0002 61.58656 -83.07084 -621.52 -367.152 -207.18 
1786080139.516 0 3.552714e-15 5.684342e-14 0.0002 61.58656 -83.07084 -621.52 -367.152 -207.18 
1786080139.673 0 3.552714e-15 5.684342e-14 0.0002 61.58656 -83.07084 -621.52 -367.152 -207.18 
1786080139.831 0 3.552714e-15 5.684342e-14 0.0002 61.58656 -83.07084 -621.52 -367.152 -207.18 
1786080139.996 0 3.552714e-15 5.684342e-14 0.0002 61.58656 -83.07084 -621.52 -367.152 -207.18 
1786080140.156 0 3.552714e-15 5.684342e-14 0.0002 61.58656 -83.07084 -621.52 -367.152 -207.18 
1786080140.322 0 3.552714e-15 5.684342e-14 0.0002 61.58656 -83.07084 -621.52 -367.152 -207.18 
1786080140.481 0 3.552714e-15 5.684342e-14 0.0002 61.58656 -83.07084 -621.52 -367.152 -207.18 
1786080140.645 0 3.552714e-15 5.684342e-14 0.0002 61.58656 -83.07084 -621.52 -367.152 -207.18 
1786080140.803 0 3.552714e-15 5.684342e-14 0.0002 61.58656 -83.07084 -621.52 -367.152 -207.18 
1786080140.963 0 3.552714e-15 5.684342e-14 0.0002 61.58656 -83.07084 -621.52 -367.152 -207.18 
1786080141.124 0 3.552714e-15 5.684342e-14 0.0002 61.58656 -83.07084 -621.52 -367.152 -207.18 
1786080141.286 0 3.552714e-15 5.684342e-14 0.0002 61.58656 -83.07084 -621.52 -367.152 -207.18 
1786080141.445 0 3.552714e-15 5.684342e-14 0.0002 61.58656 -83.07084 -621.52 -367.152 -207.18 
1786080141.603 0 3.552714e-15 5.684342e-14 0.0002 61.58656 -83.07084 -621.52 -367.152 -207.18 
1786080141.762 0 3.552714e-15 5.684342e-14 0.0002 61.58656 -83.07084 -621.52 -367.152 -207.18 
1786080141.921 0 3.552714e-15 5.684342e-14 0.0002 61.58656 -83.07084 -621.52 -367.152 -207.18 
1786080142.079 0 3.552714e-15 5.684342e-14 0.0002 61.58656 -83.07084 -621.52 -367.152 -207.18 
1786080142.240 0 3.552714e-15 5.684342e-14 0.0002 61.58656 -83.07084 -621.52 -367.152 -207.18 
1786080142.406 0 3.552714e-15 5.684342e-14 0.0002 61.58656 -83.07084 -621.52 -367.152 -207.18 
1786080142.585 0 3.552714e-15 5.684342e-14 0.0002 61.58656 -83.07084 -621.52 -367.152 -207.18 
1786080142.745 0 3.552714e-15 5.684342e-14 0.0002 61.58656 -83.07084 -621.52 -367.152 -207.18 
1786080142.907 0 3.552714e-15 5.684342e-14 0.0002 61.58656 -83.07084 -621.52 -367.152 -207.18 
1786080143.065 0 3.552714e-15 5.684342e-14 0.0002 61.58656 -83.07084 -621.52 -367.152 -207.18 
1786080143.224 0 3.552714e-15 5.684342e-14 0.0002 61.58656 -83.07084 -621.52 -367.152 -207.18 
1786080143.382 0 3.552714e-15 5.684342e-14 0.0002 61.58656 -83.07084 -621.52 -367.152 -207.18 
1786080143.541 0 3.552714e-15 5.684342e-14 0.0002 61.58656 -83.07084 -621.52 -367.152 -207.18 
1786080143.699 0 3.552714e-15 5.684342e-14 0.0002 61.58656 -83.07084 -621.52 -367.152 -207.18 
1786080143.857 0 3.552714e-15 5.684342e-14 0.0002 61.58656 -83.07084 -621.52 -367.152 -207.18 
1786080144.015 0 3.552714e-15 5.684342e-14 0.0002 61.58656 -83.07084 -621.52 -367.152 -207.18 
1786080144.173 0 3.552714e-15 5.684342e-14 0.0002 61.58656 -83.07084 -621.52 -367.152 -207.18 
1786080144.332 0 3.552714e-15 5.684342e-14 0.0002 61.58656 -83.07084 -621.52 -367.152 -207.18 
1786080144.488 0 3.552714e-15 5.684342e-14 0.0002 61.58656 -83.07084 -621.52 -367.152 -207.18 
1786080144.645 0 3.552714e-15 5.684342e-14 0.0002 61.58656 -83.07084 -621.52 -367.152 -207.18 
1786080144.802 0 3.552714e-15 5.684342e-14 0.0002 61.58656 -83.07084 -621.52 -367.152 -207.18 
1786080144.959 0 3.552714e-15 5.684342e-14 0.0002 61.58656 -83.07084 -621.52 -367.152 -207.18 
1786080145.116 0 3.552714e-15 5.684342e-14 0.0002 61.58656 -83.07084 -621.52 -367.152 -207.18 
1786080145.276 0 3.552714e-15 5.684342e-14 0.0002 61.58656 -83.07084 -621.52 -367.152 -207.18 
1786080145.433 0 3.552714e-15 5.684342e-14 0.0002 61.58656 -83.07084 -621.52 -367.152 -207.18 
1786080145.591 0 3.552714e-15 5.684342e-14 0.0002 61.58656 -83.07084 -621.52 -367.152 -207.18 
1786080145.749 0 3.552714e-15 5.684342e-14 0.0002 61.58656 -83.07084 -621.52 -367.152 -207.18 
1786080145.910 0 3.552714e-15 5.684342e-14 0.0002 61.58656 -83.07084 -621.52 -367.152 -207.18 
1786080146.068 0 3.552714e-15 5.684342e-14 0.0002 61.58656 -83.07084 -621.52 -367.152 -207.18 
1786080146.227 0 3.552714e-15 5.684342e-14 0.0002 61.58656 -83.07084 -621.52 -367.152 -207.18 
1786080146.388 0 3.552714e-15 5.684342e-14 0.0002 61.58656 -83.07084 -621.52 -367.152 -207.18 
1786080146.547 0 3.552714e-15 5.684342e-14 0.0002 61.58656 -83.07084 -621.52 -367.152 -207.18 
1786080146.706 0 3.552714e-15 5.684342e-14 0.0002 61.58656 -83.07084 -621.52 -367.152 -207.18 
1786080146.866 0 3.552714e-15 5.684342e-14 0.0002 61.58656 -83.07084 -621.52 -367.152 -207.18 
1786080147.026 0 3.552714e-15 5.684342e-14 0.0002 61.58656 -83.07084 -621.52 -367.152 -207.18 
1786080147.188 0 3.552714e-15 5.684342e-14 0.0002 61.58656 -83.07084 -621.52 -367.152 -207.18 
1786080147.351 0 3.552714e-15 5.684342e-14 0.0002 61.58656 -83.07084 -621.52 -367.152 -207.18 
1786080147.511 0 3.552714e-15 5.684342e-14 0.0002 61.58656 -83.07084 -621.52 -367.152 -207.18 
1786080147.672 0 3.552714e-15 5.684342e-14 0.0002 61.58656 -83.07084 -621.52 -367.152 -207.18 
1786080147.836 0 3.552714e-15 5.684342e-14 0.0002 61.58656 -83.07084 -621.52 -367.152 -207.18 
1786080147.996 0 3.552714e-15 5.684342e-14 0.0002 61.58656 -83.07084 -621.52 -367.152 -207.18 
1786080148.160 0 3.552714e-15 5.684342e-14 0.0002 61.58656 -83.07084 -621.52 -367.152 -207.18 
1786080148.318 0 3.552714e-15 5.684342e-14 0.0002 61.58656 -83.07084 -621.52 -367.152 -207.18 
1786080148.476 0 3.552714e-15 5.684342e-14 0.0002 61.58656 -83.07084 -621.52 -367.152 -207.18 
1786080148.632 0 3.552714e-15 5.684342e-14 0.0002 61.58656 -83.07084 -621.52 -367.152 -207.18 
1786080148.792 0 3.552714e-15 5.684342e-14 0.0002 61.58656 -83.07084 -621.52 -367.152 -207.18 
1786080148.951 0 3.552714e-15 5.684342e-14 0.0002 61.58656 -83.07084 -621.52 -367.152 -207.18 
1786080149.113 0 3.552714e-15 5.684342e-14 0.0002 61.58656 -83.07084 -621.52 -367.152 -207.18 
1786080149.272 0 3.552714e-15 5.684342e-14 0.0002 61.58656 -83.07084 -621.52 -367.152 -207.18 
1786080149.436 0 3.552714e-15 5.684342e-14 0.0002 61.58656 -83.07084 -621.52 -367.152 -207.18 
1786080149.596 0 3.552714e-15 5.684342e-14 0.0002 61.58656 -83.07084 -621.52 -367.152 -207.18 
1786080149.755 0 3.552714e-15 5.684342e-14 0.0002 61.58656 -83.07084 -621.52 -367.152 -207.18 
1786080149.919 0 3.552714e-15 5.684342e-14 0.0002 61.58656 -83.07084 -621.52 -367.152 -207.18 
1786080150.077 0 3.552714e-15 5.684342e-14 0.0002 61.58656 -83.07084 -621.52 -367.152 -207.18 
1786080150.235 0 3.552714e-15 5.684342e-14 0.0002 61.58656 -83.07084 -621.52 -367.152 -207.18 
1786080150.392 0 3.552714e-15 5.684342e-14 0.0002 61.58656 -83.07084 -621.52 -367.152 -207.18 
1786080150.556 0 3.552714e-15 5.684342e-14 0.0002 61.58656 -83.07084 -621.52 -367.152 -207.18 
1786080150.721 0 3.552714e-15 5.684342e-14 0.0002 61.58656 -83.07084 -621.52 -367.152 -207.18 
1786080150.882 0 3.552714e-15 5.684342e-14 0.0002 61.58656 -83.07084 -621.52 -367.152 -207.18 
1786080151.040 0 3.552714e-15 5.684342e-14 0.0002 61.58656 -83.07084 -621.52 -367.152 -207.18 
1786080151.196 0 3.552714e-15 5.684342e-14 0.0002 61.58656 -83.07084 -621.52 -367.152 -207.18 
1786080151.357 0 3.552714e-15 5.684342e-14 0.0002 61.58656 -83.07084 -621.52 -367.152 -207.18 
1786080151.516 0 3.552714e-15 5.684342e-14 0.0002 61.58656 -83.07084 -621.52 -367.152 -207.18 
1786080151.678 0 3.552714e-15 5.684342e-14 0.0002 61.58656 -83.07084 -621.52 -367.152 -207.18 
1786080151.838 0 3.552714e-15 5.684342e-14 0.0002 61.58656 -83.07084 -621.52 -367.152 -207.18 
1786080151.998 0 3.552714e-15 5.684342e-14 0.0002 61.58656 -83.07084 -621.52 -367.152 -207.18 
1786080152.155 0 3.552714e-15 5.684342e-14 0.0002 61.58656 -83.07084 -621.52 -367.152 -207.18 
1786080152.319 0 3.552714e-15 5.684342e-14 0.0002 61.58656 -83.07084 -621.52 -367.152 -207.18 
1786080152.478 0 3.552714e-15 5.684342e-14 0.0002 61.58656 -83.07084 -621.52 -367.152 -207.18 
1786080152.635 0 3.552714e-15 5.684342e-14 0.0002 61.58656 -83.07084 -621.52 -367.152 -207.18 
1786080152.793 0 3.552714e-15 5.684342e-14 0.0002 61.58656 -83.07084 -621.52 -367.152 -207.18 
1786080152.955 0 3.552714e-15 5.684342e-14 0.0002 61.58656 -83.07084 -621.52 -367.152 -207.18 
1786080153.114 0 3.552714e-15 5.684342e-14 0.0002 61.58656 -83.07084 -621.52 -367.152 -207.18 
1786080153.283 0 3.552714e-15 5.684342e-14 0.0002 61.58656 -83.07084 -621.52 -367.152 -207.18 
1786080153.444 0 3.552714e-15 5.684342e-14 0.0002 61.58656 -83.07084 -621.52 -367.152 -207.18 
1786080153.604 0 3.552714e-15 5.684342e-14 0.0002 61.58656 -83.07084 -621.52 -367.152 -207.18 
1786080153.761 0 3.552714e-15 5.684342e-14 0.0002 61.58656 -83.07084 -621.52 -367.152 -207.18 
1786080153.928 0 3.552714e-15 5.684342e-14 0.0002 61.58656 -83.07084 -621.52 -367.152 -207.18 
1786080154.090 0 3.552714e-15 5.684342e-14 0.0002 61.58656 -83.07084 -621.52 -367.152 -207.18 
1786080154.251 0 3.552714e-15 5.684342e-14 0.0002 61.58656 -83.07084 -621.52 -367.152 -207.18 
1786080154.415 0 3.552714e-15 5.684342e-14 0.0002 61.58656 -83.07084 -621.52 -367.152 -207.18 
1786080154.591 0 3.552714e-15 5.684342e-14 0.0002 61.58656 -83.07084 -621.52 -367.152 -207.18 
1786080154.749 0 3.552714e-15 5.684342e-14 0.0002 61.58656 -83.07084 -621.52 -367.152 -207.18 
1786080154.906 0 3.552714e-15 5.684342e-14 0.0002 61.58656 -83.07084 -621.52 -367.152 -207.18 
1786080155.064 0 3.552714e-15 5.684342e-14 0.0002 61.58656 -83.07084 -621.52 -367.152 -207.18 
1786080155.238 0 3.552714e-15 5.684342e-14 0.0002 61.58656 -83.07084 -621.52 -367.152 -207.18 
1786080155.409 0 3.552714e-15 5.684342e-14 0.0002 61.58656 -83.07084 -621.52 -367.152 -207.18 
1786080155.574 0 3.552714e-15 5.684342e-14 0.0002 61.58656 -83.07084 -621.52 -367.152 -207.18 
1786080155.735 0 3.552714e-15 5.684342e-14 0.0002 61.58656 -83.07084 -621.52 -367.152 -207.18 
1786080155.893 0 3.552714e-15 5.684342e-14 0.0002 61.58656 -83.07084 -621.52 -367.152 -207.18 
1786080156.051 0 3.552714e-15 5.684342e-14 0.0002 61.58656 -83.07084 -621.52 -367.152 -207.18 
1786080156.212 0 3.552714e-15 5.684342e-14 0.0002 61.58656 -83.07084 -621.52 -367.152 -207.18 
1786080156.374 0 3.552714e-15 5.684342e-14 0.0002 61.58656 -83.07084 -621.52 -367.152 -207.18 
1786080156.535 0 3.552714e-15 5.684342e-14 0.0002 61.58656 -83.07084 -621.52 -367.152 -207.18 
1786080156.693 0 3.552714e-15 5.684342e-14 0.0002 61.58656 -83.07084 -621.52 -367.152 -207.18 
1786080156.860 0 3.552714e-15 5.684342e-14 0.0002 61.58656 -83.07084 -621.52 -367.152 -207.18 
1786080157.024 0 3.552714e-15 5.684342e-14 0.0002 61.58656 -83.07084 -621.52 -367.152 -207.18 
1786080157.191 0 3.552714e-15 5.684342e-14 0.0002 61.58656 -83.07084 -621.52 -367.152 -207.18 
1786080157.353 0 3.552714e-15 5.684342e-14 0.0002 61.58656 -83.07084 -621.52 -367.152 -207.18 
1786080157.512 0 3.552714e-15 5.684342e-14 0.0002 61.58656 -83.07084 -621.52 -367.152 -207.18 
1786080157.673 0 3.552714e-15 5.684342e-14 0.0002 61.58656 -83.07084 -621.52 -367.152 -207.18 
1786080157.834 0 3.552714e-15 5.684342e-14 0.0002 61.58656 -83.07084 -621.52 -367.152 -207.18 
1786080157.994 0 3.552714e-15 5.684342e-14 0.0002 61.58656 -83.07084 -621.52 -367.152 -207.18 
1786080158.155 0 3.552714e-15 5.684342e-14 0.0002 61.58656 -83.07084 -621.52 -367.152 -207.18 
1786080158.315 0 3.552714e-15 5.684342e-14 0.0002 61.58656 -83.07084 -621.52 -367.152 -207.18 
1786080158.487 0 3.552714e-15 5.684342e-14 0.0002 61.58656 -83.07084 -621.52 -367.152 -207.18 
1786080158.647 0 3.552714e-15 5.684342e-14 0.0002 61.58656 -83.07084 -621.52 -367.152 -207.18 
1786080158.804 0 3.552714e-15 5.684342e-14 0.0002 61.58656 -83.07084 -621.52 -367.152 -207.18 
1786080158.961 0 3.552714e-15 5.684342e-14 0.0002 61.58656 -83.07084 -621.52 -367.152 -207.18 
1786080159.118 0 3.552714e-15 5.684342e-14 0.0002 61.58656 -83.07084 -621.52 -367.152 -207.18 
1786080159.274 0 3.552714e-15 5.684342e-14 0.0002 61.58656 -83.07084 -621.52 -367.152 -207.18 
1786080159.431 0 3.552714e-15 5.684342e-14 0.0002 61.58656 -83.07084 -621.52 -367.152 -207.18 
1786080159.589 0 3.552714e-15 5.684342e-14 0.0002 61.58656 -83.07084 -621.52 -367.152 -207.18 
1786080159.748 0 3.552714e-15 5.684342e-14 0.0002 61.58656 -83.07084 -621.52 -367.152 -207.18 
1786080159.905 0 3.552714e-15 5.684342e-14 0.0002 61.58656 -83.07084 -621.52 -367.152 -207.18 
1786080160.061 0 3.552714e-15 5.684342e-14 0.0002 61.58656 -83.07084 -621.52 -367.152 -207.18 
1786080160.217 0 3.552714e-15 5.684342e-14 0.0002 61.58656 -83.07084 -621.52 -367.152 -207.18 
1786080160.374 0 3.552714e-15 5.684342e-14 0.0002 61.58656 -83.07084 -621.52 -367.152 -207.18 
1786080160.530 0 3.552714e-15 5.684342e-14 0.0002 61.58656 -83.07084 -621.52 -367.152 -207.18 
1786080160.686 0 3.552714e-15 5.684342e-14 0.0002 61.58656 -83.07084 -621.52 -367.152 -207.18 
1786080160.842 0 3.552714e-15 5.684342e-14 0.0002 61.58656 -83.07084 -621.52 -367.152 -207.18 
1786080160.999 0 3.552714e-15 5.684342e-14 0.0002 61.58656 -83.07084 -621.52 -367.152 -207.18 
1786080161.158 0 3.552714e-15 5.684342e-14 0.0002 61.58656 -83.07084 -621.52 -367.152 -207.18 
1786080161.315 0 3.552714e-15 5.684342e-14 0.0002 61.58656 -83.07084 -621.52 -367.152 -207.18 
1786080161.471 0 3.552714e-15 5.684342e-14 0.0002 61.58656 -83.07084 -621.52 -367.152 -207.18 
1786080161.627 0 3.552714e-15 5.684342e-14 0.0002 61.58656 -83.07084 -621.52 -367.152 -207.18 
1786080161.783 0 3.552714e-15 5.684342e-14 0.0002 61.58656 -83.07084 -621.52 -367.152 -207.18 
1786080161.940 0 3.552714e-15 5.684342e-14 0.0002 61.58656 -83.07084 -621.52 -367.152 -207.18 
1786080165.781 0 0 0 0 0 0 0 0 0 
1786080165.939 0 0 0 0 -0.0001206785 -0 0 0 0 
1786080166.099 0 0 0 0 -0.0001206785 -0 0 0 0 
1786080166.256 0 0 0 0 -0.0001206785 -0 0 0 0 
1786080166.413 0 0 0 0 -0.0001206785 -0 0 0 0 
1786080166.572 -0.04 -0.048 -0.02031999 -0.04 -0.0001206785 -0 0.04 0.048 0.02031999 
1786080166.734 -0.04 -0.052 -0.02412999 -0.045 -0.0001206785 -0 0.04 0.052 0.02412999 
1786080166.894 -0.04 -0.052 -0.02285999 -0.045 -0.0001206785 -0 0.04 0.052 0.02285999 
1786080167.054 -0.04 -0.052 -0.02158999 -0.04 -0.0001206785 -0 0.04 0.052 0.02158999 
1786080167.212 -0.04 -0.048 -0.02158999 -0.04 -0.0001206785 -0 0.04 0.048 0.02158999 
1786080167.370 -0.04 -0.048 -0.02158999 -0.04 -0.0001206785 -0 0.04 0.048 0.02158999 
1786080167.529 -0.04 -0.048 -0.02031999 -0.04 -0.0001206785 -0 0.04 0.048 0.02031999 
1786080167.695 -0.035 -0.044 -0.02031999 -0.04 -0.0001206785 -0 0.035 0.044 0.02031999 
1786080167.855 -0.035 -0.044 -0.02031999 -0.035 -0.0001206785 -0 0.035 0.044 0.02031999 
1786080168.014 -0.035 -0.04 -0.01904999 -0.035 -0.0001206785 -0 0.035 0.04 0.01904999 
1786080168.173 -0.03 -0.04 -0.01777999 -0.035 -0.0001206785 -0 0.03 0.04 0.01777999 
1786080168.332 -0.03 -0.036 -0.01650999 -0.03 -0.0001206785 -0 0.03 0.036 0.01650999 
1786080168.499 -0.03 -0.036 -0.01650999 -0.03 -0.0001206785 -0 0.03 0.036 0.01650999 
1786080168.660 -0.03 -0.036 -0.01650999 -0.03 -0.0001206785 -0 0.03 0.036 0.01650999 
1786080168.819 -0.025 -0.032 -0.01523999 -0.03 -0.0001206785 -0 0.025 0.032 0.01523999 
1786080168.980 -0.025 -0.032 -0.01523999 -0.03 -0.0001206785 -0 0.025 0.032 0.01523999 
1786080169.142 -0.025 -0.032 -0.01396999 -0.025 -0.0001206785 -0 0.025 0.032 0.01396999 
1786080169.301 -0.025 -0.032 -0.01396999 -0.025 -0.0001206785 -0 0.025 0.032 0.01396999 
1786080169.459 -0.025 -0.028 -0.01396999 -0.025 -0.0001206785 -0 0.025 0.028 0.01396999 
1786080169.618 0.02 0.02 0.01015999 0.02 -0.0001206785 -0 -0.02 -0.02 -0.01015999 
1786080169.784 0.03 0.028 0.01650999 0.03 -0.0001206785 -0 -0.03 -0.028 -0.01650999 
1786080169.962 0.025 0.028 0.01523999 0.025 -0.0001206785 -0 -0.025 -0.028 -0.01523999 
1786080170.134 0.025 0.028 0.01523999 0.025 -0.0001206785 -0 -0.025 -0.028 -0.01523999 
1786080170.295 0.025 0.028 0.01523999 0.025 -0.0001206785 -0 -0.025 -0.028 -0.01523999 
1786080170.453 0.025 0.028 0.01523999 0.025 -0.0001206785 -0 -0.025 -0.028 -0.01523999 
1786080170.611 0.025 0.024 0.01396999 0.025 -0.0001206785 -0 -0.025 -0.024 -0.01396999 
1786080170.768 0.02 0.024 0.01269999 0.025 -0.0001206785 -0 -0.02 -0.024 -0.01269999 
1786080170.938 0.02 0.024 0.01269999 0.02 -0.0001206785 -0 -0.02 -0.024 -0.01269999 
1786080171.125 0.02 0.024 0.01269999 0.02 -0.0001206785 -0 -0.02 -0.024 -0.01269999 
1786080171.299 0.02 0.02 0.01269999 0.02 -0.0001206785 -0 -0.02 -0.02 -0.01269999 
1786080171.458 0.02 0.024 0.01269999 0.02 -0.0001206785 -0 -0.02 -0.024 -0.01269999 
1786080171.617 0.02 0.02 0.01142999 0.02 -0.0001206785 -0 -0.02 -0.02 -0.01142999 
1786080171.777 0.02 0.02 0.01142999 0.02 -0.0001206785 -0 -0.02 -0.02 -0.01142999 
1786080171.939 0.02 0.024 0.01142999 0.02 -0.0001206785 -0 -0.02 -0.024 -0.01142999 
1786080172.101 0.015 0.02 0.01142999 0.015 -0.0001206785 -0 -0.015 -0.02 -0.01142999 
1786080172.262 0.02 0.02 0.01142999 0.02 -0.0001206785 -0 -0.02 -0.02 -0.01142999 
1786080172.423 0.015 0.02 0.01015999 0.015 -0.0001206785 -0 -0.015 -0.02 -0.01015999 
1786080172.597 0.015 0.016 0.01015999 0.02 -0.0001206785 -0 -0.015 -0.016 -0.01015999 
1786080172.770 0.015 0.016 0.01015999 0.015 -0.0001206785 -0 -0.015 -0.016 -0.01015999 
1786080172.930 0.02 0.02 0.01015999 0.02 -0.0001206785 -0 -0.02 -0.02 -0.01015999 
1786080173.090 0.015 0.016 0.01015999 0.015 -0.0001206785 -0 -0.015 -0.016 -0.01015999 
1786080173.250 0.015 0.016 0.008889995 0.015 -0.0001206785 -0 -0.015 -0.016 -0.008889995 
1786080173.411 0.015 0.016 0.008889995 0.015 -0.0001206785 -0 -0.015 -0.016 -0.008889995 
1786080173.572 0.015 0.016 0.01015999 0.015 -0.0001206785 -0 -0.015 -0.016 -0.01015999 
1786080173.731 0.015 0.016 0.008889995 0.015 -0.0001206785 -0 -0.015 -0.016 -0.008889995 
1786080173.889 0.015 0.016 0.008889995 0.015 -0.0001206785 -0 -0.015 -0.016 -0.008889995 
1786080174.048 0.015 0.016 0.008889995 0.015 -0.0001206785 -0 -0.015 -0.016 -0.008889995 
1786080174.206 0.015 0.016 0.008889995 0.015 -0.0001206785 -0 -0.015 -0.016 -0.008889995 
1786080174.366 0.015 0.012 0.008889995 0.01 -0.0001206785 -0 -0.015 -0.012 -0.008889995 
1786080174.524 0.01 0.012 0.007619996 0.01 -0.0001206785 -0 -0.01 -0.012 -0.007619996 
1786080174.682 0.01 0.012 0.008889995 0.01 -0.0001206785 -0 -0.01 -0.012 -0.008889995 
1786080174.841 0.01 0.012 0.007619996 0.01 -0.0001206785 -0 -0.01 -0.012 -0.007619996 
1786080174.999 0.01 0.012 0.007619996 0.01 -0.0001206785 -0 -0.01 -0.012 -0.007619996 
1786080175.157 0.01 0.012 0.007619996 0.01 -0.0001206785 -0 -0.01 -0.012 -0.007619996 
1786080175.317 0.01 0.012 0.007619996 0.01 -0.0001206785 -0 -0.01 -0.012 -0.007619996 
1786080175.476 0.01 0.012 0.007619996 0.01 -0.0001206785 -0 -0.01 -0.012 -0.007619996 
1786080175.643 0.015 0.012 0.007619996 0.01 -0.0001206785 -0 -0.015 -0.012 -0.007619996 
1786080175.802 0.01 0.008 0.007619996 0.01 -0.0001206785 -0 -0.01 -0.008 -0.007619996 
1786080175.964 0.01 0.008 0.006349997 0.01 -0.0001206785 -0 -0.01 -0.008 -0.006349997 
1786080176.122 0.01 0.012 0.007619996 0.01 -0.0001206785 -0 -0.01 -0.012 -0.007619996 
1786080176.299 0.01 0.012 0.007619996 0.01 -0.0001206785 -0 -0.01 -0.012 -0.007619996 
1786080176.468 0.01 0.008 0.006349997 0.01 -0.0001206785 -0 -0.01 -0.008 -0.006349997 
1786080176.643 0.01 0.008 0.006349997 0.01 -0.0001206785 -0 -0.01 -0.008 -0.006349997 
1786080176.828 0.01 0.008 0.006349997 0.005 -0.0001206785 -0 -0.005 -0.008 -0.006349997 
1786080177.011 0.01 0.012 0.006349997 0.01 -0.0001206785 -0 -0.01 -0.012 -0.006349997 
1786080177.196 0.005 0.008 0.006349997 0.01 -0.0001206785 -0 -0.005 -0.008 -0.006349997 
1786080177.388 0.01 0.008 0.006349997 0.01 -0.0001206785 -0 -0.01 -0.008 -0.006349997 
1786080177.578 0.01 0.008 0.006349997 0.005 -0.0001206785 -0 -0.01 -0.008 -0.006349997 
1786080177.797 0.005 0.008 0.006349997 0.01 -0.0001206785 -0 -0.005 -0.008 -0.006349997 
1786080177.973 0.01 0.008 0.006349997 0.01 -0.0001206785 -0 -0.01 -0.008 -0.006349997 
1786080178.158 0.005 0.008 0.006349997 0.01 -0.0001206785 -0 -0.005 -0.008 -0.006349997 
1786080178.339 0.01 0.008 0.006349997 0.01 -0.0001206785 -0 -0.01 -0.008 -0.006349997 
1786080178.526 0.005 0.008 0.006349997 0.01 -0.0001206785 -0 -0.005 -0.008 -0.006349997 
1786080178.692 0.005 0.008 0.006349997 0.00785 -0.0001206785 -0 -621.525 -0.008 -0.006349997 
1786080178.864 0.005 0.004 0.005079997 0.0024 -0.0001206785 -0 -621.525 -0.004 -0.005079997 
1786080179.031 0.005 0.004 0.005079997 0.0024 -0.0001206785 -0 -621.525 -0.004 -0.005079997 
1786080179.192 0.01 0.008 0.006349997 0.0024 -0.0001206785 -0 -621.53 -0.008 -0.006349997 
1786080179.351 0.005 0.004 0.006349997 0.0024 -0.0001206785 -0 -621.525 -367.156 -0.006349997 
1786080179.510 0.005 0.004 0.005079997 0.0024 -0.0001206785 -0 -621.525 -367.156 -0.005079997 
1786080179.668 0.005 0.004 0.005079997 0.0024 -0.0001206785 -0 -621.525 -367.156 -0.005079997 
1786080179.827 0.005 0.004 0.005079997 0.0024 -0.0001206785 -0 -621.525 -367.156 -207.1851 
1786080179.988 0.005 1.864481e-14 0.005079997 0.0024 -0.0001206785 -0 -621.525 -367.152 -207.1851 
1786080180.147 0.005 0.004 0.005079997 -0.0026 -0.0001206785 -0 -621.525 -367.156 -207.1851 
1786080180.305 4.547578e-15 0.004 0.005079997 -0.0026 -0.0001206785 -0 -621.52 -367.156 -207.1851 
1786080180.464 4.547578e-15 0.004 0.005079997 -0.0026 -0.0001206785 -0 -621.52 -367.156 -207.1851 
1786080180.623 -0.005 0.004 0.005079997 -0.0026 -0.0001206785 -0 -621.515 -367.156 -207.1851 
1786080180.783 -0.005 0.004 0.003809998 -0.0026 -0.0001206785 -0 -621.515 -367.156 -207.1838 
1786080180.940 -0.005 0.004 0.003809998 -0.0026 -0.0001206785 -0 -621.515 -367.156 -207.1838 
1786080181.100 -0.005 0.004 0.003809998 -0.0026 -0.0001206785 -0 -621.515 -367.156 -207.1838 
1786080181.262 -0.005 1.864481e-14 0.003809998 -0.0026 -0.0001206785 -0 -621.515 -367.152 -207.1838 
1786080181.421 -0.005 1.864481e-14 0.003809998 -0.0026 -0.0001206785 -0 -621.515 -367.152 -207.1838 
1786080181.580 -0.005 1.864481e-14 0.003809998 -0.0026 -0.0001206785 -0 -621.515 -367.152 -207.1838 
1786080181.739 -0.005 1.864481e-14 0.003809998 0.0024 -0.0001206785 -0 -621.515 -367.152 -207.1838 
1786080181.900 -0.005 -0.004 0.003809998 0.0024 -0.0001206785 -0 -621.515 -367.148 -207.1838 
1786080182.064 -0.005 -0.004 0.003809998 0.0024 -0.0001206785 -0 -621.515 -367.148 -207.1838 
1786080182.233 -0.005 -0.004 0.003809998 0.0024 -0.0001206785 -0 -621.515 -367.148 -207.1838 
1786080182.427 -0.005 -0.004 0.003809998 0.0024 -0.0001206785 -0 -621.515 -367.148 -207.1838 
1786080182.601 -0.005 -0.008 0.003809998 0.0024 -0.0001206785 -0 -621.515 -367.144 -207.1838 
1786080182.762 -0.005 -0.004 0.003809998 0.0024 -0.0001206785 -0 -621.515 -367.148 -207.1838 
1786080182.924 -0.005 -0.004 0.003809998 0.0024 -0.0001206785 -0 -621.515 -367.148 -207.1838 
1786080183.091 -0.005 -0.008 0.002539999 0.0024 -0.0001206785 -0 -621.515 -367.144 -207.1825 
1786080183.255 -0.005 -0.008 -0.003809998 -0.0026 -0.0001206785 -0 -621.515 -367.144 -207.1762 
1786080183.413 -0.01 -0.008 -0.006349997 -0.0076 -0.0001206785 -0 -621.51 -367.144 -207.1737 
1786080183.574 -0.005 -0.008 -0.006349997 -0.0076 -0.0001206785 -0 -621.515 -367.144 -207.1737 
1786080183.736 -0.005 -0.004 -0.006349997 -0.0026 -0.0001206785 -0 -621.515 -367.148 -207.1749 
1786080183.921 -0.005 -0.004 -0.006349997 -0.0026 -0.0001206785 -0 -621.515 -367.148 -207.1737 
1786080184.104 -0.01 -0.008 -0.006349997 -0.0076 -0.0001206785 -0 -621.51 -367.144 -207.1737 
1786080184.266 -0.005 -0.008 -0.006349997 -0.0026 -0.0001206785 -0 -621.515 -367.144 -207.1737 
1786080184.424 -0.005 -0.008 -0.006349997 -0.0026 -0.0001206785 -0 -621.515 -367.144 -207.1737 
1786080184.586 -0.005 -0.004 -0.006349997 -0.0026 -0.0001206785 -0 -621.515 -367.148 -207.1737 
1786080184.746 -0.005 -0.004 -0.006349997 -0.0026 -0.0001206785 -0 -621.515 -367.148 -207.1737 
1786080184.904 -0.005 -0.004 -0.006349997 -0.0076 -0.0001206785 -0 -621.515 -367.148 -207.1737 
1786080185.066 -0.01 -0.008 -0.006349997 -0.0076 -0.0001206785 -0 -621.51 -367.144 -207.1737 
1786080185.226 -0.005 -0.004 -0.002539999 -0.0026 -0.0001206785 -0 -621.515 -367.148 -207.1775 
1786080185.383 -0.005 1.864481e-14 -1.806715e-15 0.0024 -0.0001206785 -0 -621.515 -367.152 -207.18 
1786080185.542 -0.005 1.864481e-14 0.002539999 0.0024 -0.0001206785 -0 -621.515 -367.152 -207.1825 
1786080185.701 -0.005 1.864481e-14 0.005079997 0.0024 61.5631 -83.033 -621.515 -367.152 -207.1851 
1786080185.858 -0.005 0.004 0.005079997 -0.0024 61.5631 -83.033 -621.515 -367.156 -207.1851 
1786080186.025 -0.005 0.004 0.005079997 -0.0024 61.5631 -83.033 -621.515 -367.156 -207.1851 
1786080186.185 -0.005 0.004 0.005079997 -0.0024 61.5631 -83.033 -621.515 -367.156 -207.1851 
1786080186.344 -0.005 0.004 0.005079997 -0.0024 61.5631 -83.033 -621.515 -367.156 -207.1851 
1786080186.501 -0.005 0.004 0.005079997 -0.0024 61.5631 -83.033 -621.515 -367.156 -207.1851 
1786080186.661 -0.005 0.004 0.005079997 -0.0024 61.5631 -83.033 -621.515 -367.156 -207.1851 
1786080186.819 -0.005 0.004 0.005079997 -0.0024 61.5631 -83.033 -621.515 -367.156 -207.1851 
1786080186.978 -0.005 0.004 0.005079997 -0.0024 61.5631 -83.033 -621.515 -367.156 -207.1851 
1786080187.136 -0.005 0.004 0.005079997 -0.0024 61.5631 -83.033 -621.515 -367.156 -207.1851 
1786080187.295 -0.005 0.004 0.005079997 -0.0024 61.5631 -83.033 -621.515 -367.156 -207.1851 
1786080187.453 -0.005 0.004 0.005079997 -0.0024 61.5631 -83.033 -621.515 -367.156 -207.1851 
1786080187.611 -0.005 0.004 0.005079997 -0.0024 61.5631 -83.033 -621.515 -367.156 -207.1851 
1786080187.773 -0.005 0.004 0.005079997 -0.0024 61.5631 -83.033 -621.515 -367.156 -207.1851 
1786080187.934 -0.005 0.004 0.005079997 -0.0024 61.5631 -83.033 -621.515 -367.156 -207.1851 
1786080188.094 -0.005 0.004 0.005079997 -0.0024 61.5631 -83.033 -621.515 -367.156 -207.1851 
1786080188.255 -0.005 0.004 0.006349997 -0.0024 61.5631 -83.033 -621.515 -367.156 -207.1863 
1786080188.414 -0.005 0.004 0.005079997 -0.0024 61.5631 -83.033 -621.515 -367.156 -207.1851 
1786080188.576 -0.01 0.004 0.005079997 -0.0074 61.5631 -83.033 -621.51 -367.156 -207.1851 
1786080188.736 -0.005 0.004 0.005079997 -0.0024 61.5631 -83.033 -621.515 -367.156 -207.1851 
1786080188.896 -0.005 0.008 0.005079997 -0.0024 61.5631 -83.033 -621.515 -367.16 -207.1851 
1786080189.058 -0.005 0.004 0.005079997 -0.0074 61.5631 -83.033 -621.515 -367.156 -207.1851 
1786080189.218 -0.005 0.004 0.005079997 -0.0024 61.5631 -83.033 -621.515 -367.156 -207.1851 
1786080189.379 -0.005 1.864481e-14 0.006349997 -0.0024 61.5631 -83.033 -621.515 -367.152 -207.1863 
1786080189.539 -0.005 1.864481e-14 0.006349997 -0.0024 61.5631 -83.033 -621.515 -367.152 -207.1863 
1786080189.701 -0.005 1.864481e-14 0.005079997 -0.0024 61.5631 -83.033 -621.515 -367.152 -207.1851 
1786080189.862 4.547578e-15 1.864481e-14 0.006349997 0.0026 61.5631 -83.033 -621.52 -367.152 -207.1863 
1786080190.022 4.547578e-15 1.864481e-14 0.006349997 0.0026 61.5631 -83.033 -621.52 -367.152 -207.1863 
1786080190.180 0.005 0.004 0.006349997 0.0076 61.5631 -83.033 -621.525 -367.156 -207.1863 
1786080190.341 0.01 0.004 0.006349997 0.0076 61.5631 -83.033 -621.53 -367.156 -207.1863 
1786080190.502 0.005 0.004 0.005079997 0.0026 61.5631 -83.033 -621.525 -367.156 -207.1851 
1786080190.663 0.005 0.004 0.005079997 0.0026 61.5631 -83.033 -621.525 -367.156 -207.1851 
1786080190.821 0.005 0.004 0.005079997 0.0076 61.5631 -83.033 -621.525 -367.156 -207.1851 
1786080190.980 0.005 1.864481e-14 0.005079997 0.0026 61.5631 -83.033 -621.525 -367.152 -207.1851 
1786080191.139 0.005 1.864481e-14 0.005079997 0.0076 61.5631 -83.033 -621.525 -367.152 -207.1851 
1786080191.299 0.005 -0.004 0.005079997 0.0026 61.5631 -83.033 -621.525 -367.148 -207.1851 
1786080191.458 0.005 -0.004 0.003809998 0.0026 61.5631 -83.033 -621.525 -367.148 -207.1838 
1786080191.616 0.005 -0.004 0.002539999 0.0026 61.5631 -83.033 -621.525 -367.148 -207.1825 
1786080191.775 0.005 -0.004 0.001269999 0.0026 61.5631 -83.033 -621.525 -367.148 -207.1813 
1786080191.935 0.005 -0.004 0.001269999 0.0026 61.5631 -83.033 -621.525 -367.148 -207.1813 
1786080192.095 0.005 1.864481e-14 0.002539999 0.0026 61.5631 -83.033 -621.525 -367.152 -207.1825 
1786080192.254 0.005 1.864481e-14 0.003809998 0.0026 61.5631 -83.033 -621.525 -367.152 -207.1838 
1786080192.416 0.005 0.004 0.005079997 0.0026 61.5631 -83.033 -621.525 -367.156 -207.1851 
1786080192.578 0.005 0.004 0.006349997 0.0076 61.5631 -83.033 -621.525 -367.156 -207.1863 
1786080192.738 0.01 0.008 0.006349997 0.0076 61.5631 -83.033 -621.53 -367.16 -207.1863 
1786080192.896 0.005 0.008 0.006349997 0.0076 61.5631 -83.033 -621.525 -367.16 -207.1863 
1786080193.056 0.01 0.004 0.006349997 0.0076 61.5631 -83.033 -621.53 -367.156 -207.1863 
1786080193.216 0.01 0.008 0.006349997 0.0076 61.5631 -83.033 -621.53 -367.16 -207.1863 
1786080193.375 0.005 0.004 0.005079997 0.0026 61.5631 -83.033 -621.525 -367.156 -207.1851 
1786080193.535 0.005 0.004 0.005079997 0.0026 61.5631 -83.033 -621.525 -367.156 -207.1851 
1786080193.695 0.005 0.004 0.005079997 0.0026 61.5631 -83.033 -621.525 -367.156 -207.1851 
1786080193.854 0.005 0.004 0.005079997 0.0076 61.5631 -83.033 -621.525 -367.156 -207.1851 
1786080194.013 0.005 0.008 0.006349997 0.0076 61.5631 -83.033 -621.525 -367.16 -207.1863 
1786080194.181 0.005 0.008 0.006349997 0.0076 61.5631 -83.033 -621.525 -367.16 -207.1863 
1786080194.342 0.01 0.008 0.006349997 0.0076 61.5631 -83.033 -621.53 -367.16 -207.1863 
1786080194.502 0.01 0.008 0.007619996 0.0076 61.5631 -83.033 -621.53 -367.16 -207.1863 
1786080194.671 0.005 0.008 0.006349997 0.0076 61.5631 -83.033 -621.525 -367.16 -207.1863 
1786080194.834 0.01 0.012 0.007619996 0.0126 61.5631 -83.033 -621.53 -367.164 -207.1876 
1786080194.994 0.01 0.016 0.008889995 0.0126 61.5631 -83.033 -621.53 -367.168 -207.1889 
1786080195.152 0.015 0.02 0.01015999 0.0176 61.5631 -83.033 -621.535 -367.172 -207.1902 
1786080195.311 0.01 0.016 0.007619996 0.0126 61.5631 -83.033 -621.53 -367.168 -207.1876 
1786080195.468 0.01 0.012 0.007619996 0.0126 61.5631 -83.033 -621.53 -367.164 -207.1876 
1786080195.628 0.01 0.012 0.007619996 0.0126 61.5631 -83.033 -621.53 -367.164 -207.1863 
1786080195.789 0.01 0.012 0.007619996 0.0126 61.5631 -83.033 -621.53 -367.164 -207.1876 
1786080195.959 0.01 0.012 0.007619996 0.0126 61.5631 -83.033 -621.53 -367.164 -207.1876 
1786080196.118 0.01 0.016 0.008889995 0.0126 61.5631 -83.033 -621.53 -367.168 -207.1889 
1786080196.277 0.01 0.012 0.007619996 0.0126 61.5631 -83.033 -621.53 -367.164 -207.1876 
1786080196.435 0.01 0.016 0.007619996 0.0126 61.5631 -83.033 -621.53 -367.168 -207.1876 
1786080196.594 0.01 0.012 0.007619996 0.0076 61.5631 -83.033 -621.53 -367.164 -207.1876 
1786080196.752 0.01 0.012 0.007619996 0.0076 61.5631 -83.033 -621.53 -367.164 -207.1876 
1786080196.910 0.01 0.012 0.007619996 0.0126 61.5631 -83.033 -621.53 -367.164 -207.1876 
1786080197.070 0.01 0.012 0.006349997 0.0076 61.5631 -83.033 -621.53 -367.164 -207.1863 
1786080197.230 0.005 0.008 0.005079997 0.0076 61.5631 -83.033 -621.525 -367.16 -207.1851 
1786080197.390 0.005 0.008 0.005079997 0.0076 61.5631 -83.033 -621.525 -367.16 -207.1851 
1786080197.551 0.005 0.008 0.003809998 0.0076 61.5631 -83.033 -621.525 -367.16 -207.1838 
1786080197.711 0.005 0.008 0.001269999 0.0026 61.5631 -83.033 -621.525 -367.16 -207.1813 
1786080197.869 0.005 0.008 -3.022842e-14 0.0026 61.5631 -83.033 -621.525 -367.16 -207.18 
1786080198.028 0.005 0.004 -0.001269999 0.0026 61.5631 -83.033 -621.525 -367.156 -207.1787 
1786080198.191 0.005 0.004 -0.003809998 0.0076 61.5631 -83.033 -621.525 -367.156 -207.1762 
1786080198.360 0.01 0.008 -0.001269999 0.0076 61.5631 -83.033 -621.53 -367.16 -207.1787 
1786080198.524 0.01 0.012 0.005079997 0.0126 61.5631 -83.033 -621.53 -367.164 -207.1851 
1786080198.683 0.015 0.02 0.008889995 0.0176 61.5631 -83.033 -621.535 -367.172 -207.1889 
1786080198.840 0.02 0.024 0.01142999 0.0176 61.5631 -83.033 -621.54 -367.176 -207.1914 
1786080198.998 0.015 0.02 0.008889995 0.0176 61.5631 -83.033 -621.535 -367.172 -207.1889 
1786080199.164 0.01 0.012 0.005079997 0.0076 61.5631 -83.033 -621.53 -367.164 -207.1851 
1786080199.332 0.005 0.004 -3.022842e-14 0.0026 61.5631 -83.033 -621.525 -367.156 -207.18 
1786080199.504 4.547578e-15 -0.008 -0.006349997 -0.0074 61.5631 -83.033 -621.52 -367.144 -207.1737 
1786080199.669 -0.005 -0.008 -0.007619996 -0.0074 61.5631 -83.033 -621.51 -367.14 -207.1724 
1786080199.830 -0.01 -0.012 -0.008889995 -0.0124 61.5631 -83.033 -621.51 -367.14 -207.1711 
1786080199.992 -0.005 -0.012 -0.007619996 -0.0074 61.5631 -83.033 -621.515 -367.14 -207.1724 
1786080200.154 -0.005 -0.008 -0.006349997 -0.0074 61.5631 -83.033 -621.515 -367.144 -207.1737 
1786080200.315 4.547578e-15 -0.004 -0.005079997 -0.0024 61.5631 -83.033 -621.52 -367.148 -207.1749 
1786080200.474 0.01 0.004 -0.001269999 0.0126 61.5631 -83.033 -621.53 -367.156 -207.1787 
1786080200.635 0.01 0.008 0.005079997 0.0126 61.5631 -83.033 -621.53 -367.16 -207.1851 
1786080200.795 0.005 0.008 0.005079997 0.0076 61.5631 -83.033 -621.525 -367.16 -207.1851 
1786080200.961 0.005 0.004 0.003809998 0.0026 61.5631 -83.033 -621.525 -367.156 -207.1838 
1786080201.123 4.547578e-15 -0.004 -0.001269999 -0.0024 61.5631 -83.033 -621.52 -367.148 -207.1787 
1786080201.288 -0.005 -0.008 -0.006349997 -0.0074 61.5631 -83.033 -621.515 -367.144 -207.1737 
1786080201.450 -0.01 -0.008 -0.007619996 -0.0074 61.5631 -83.033 -621.51 -367.144 -207.1724 
1786080201.611 -0.005 -0.008 -0.006349997 -0.0074 61.5631 -83.033 -621.515 -367.144 -207.1737 
1786080201.772 -0.005 -0.008 -0.006349997 -0.0074 61.5631 -83.033 -621.515 -367.144 -207.1737 
1786080201.934 -0.005 -0.008 -0.005079997 -0.0024 61.5631 -83.033 -621.515 -367.144 -207.1749 
1786080202.105 -0.005 -0.004 -0.003809998 -0.0024 61.5631 -83.033 -621.515 -367.148 -207.1762 
1786080202.277 4.547578e-15 -0.004 -3.022842e-14 0.0076 61.5631 -83.033 -621.52 -367.148 -207.18 
1786080202.447 0.01 0.004 0.005079997 0.0076 61.5631 -83.033 -621.53 -367.156 -207.1851 
1786080202.606 0.01 0.008 0.006349997 0.0076 61.5631 -83.033 -621.53 -367.16 -207.1863 
1786080202.768 0.005 0.008 0.005079997 0.0076 61.5631 -83.033 -621.525 -367.16 -207.1851 
1786080202.937 0.005 0.004 0.005079997 0.0076 61.5631 -83.033 -621.525 -367.156 -207.1851 
1786080203.109 0.005 0.004 0.005079997 0.0076 61.5631 -83.033 -621.525 -367.156 -207.1851 
1786080203.287 0.005 0.004 0.005079997 0.0026 61.5631 -83.033 -621.525 -367.156 -207.1851 
1786080203.455 0.005 1.864481e-14 0.002539999 0.0026 61.5631 -83.033 -621.525 -367.152 -207.1825 
1786080203.614 4.547578e-15 -0.004 -3.022842e-14 -0.0024 61.5631 -83.033 -621.52 -367.148 -207.18 
1786080203.774 4.547578e-15 -0.008 -0.003809998 -0.0024 61.5631 -83.033 -621.52 -367.144 -207.1762 
1786080203.937 -0.005 -0.004 -0.006349997 -0.0024 61.5631 -83.033 -621.515 -367.148 -207.1737 
1786080204.141 -0.005 -0.008 -0.005079997 -0.0024 61.5631 -83.033 -621.515 -367.144 -207.1749 
1786080204.342 -0.005 -0.004 -0.005079997 -0.0024 61.5631 -83.033 -621.515 -367.148 -207.1749 
1786080204.531 -0.01 -0.008 -0.006349997 -0.0074 61.5631 -83.033 -621.51 -367.144 -207.1737 
1786080204.701 -0.005 -0.004 -0.005079997 -0.0074 61.5631 -83.033 -621.515 -367.144 -207.1737 
1786080204.873 -0.005 -0.004 -0.006349997 -0.0074 61.5631 -83.033 -621.515 -367.148 -207.1737 
1786080205.044 -0.005 -0.004 -0.005079997 -0.0074 61.5631 -83.033 -621.515 -367.148 -207.1749 
1786080205.207 -0.005 -0.004 -0.005079997 -0.0024 61.5631 -83.033 -621.515 -367.148 -207.1749 
1786080205.378 -0.005 -0.004 -0.005079997 -0.0074 61.5631 -83.033 -621.515 -367.148 -207.1749 
1786080205.544 -0.005 -0.004 -0.003809998 -0.0024 61.5631 -83.033 -621.515 -367.148 -207.1762 
1786080205.704 -0.005 -0.004 -0.003809998 -0.0074 61.5631 -83.033 -621.515 -367.148 -207.1762 
1786080205.867 -0.005 -0.004 -0.003809998 -0.0024 61.5631 -83.033 -621.515 -367.148 -207.1762 
1786080206.025 -0.005 -0.004 -0.003809998 -0.0024 61.5631 -83.033 -621.515 -367.148 -207.1762 
1786080206.183 -0.005 -0.004 -0.002539999 -0.0024 61.5631 -83.033 -621.515 -367.148 -207.1775 
1786080206.340 -0.005 -0.004 -0.002539999 -0.0074 61.5631 -83.033 -621.515 -367.148 -207.1775 
1786080206.498 -0.005 -0.004 -0.002539999 -0.0074 61.5631 -83.033 -621.515 -367.148 -207.1775 
1786080206.685 -0.01 -0.008 -0.003809998 -0.0074 61.5631 -83.033 -621.51 -367.144 -207.1762 
1786080206.873 -0.01 -0.008 -0.006349997 -0.0074 61.5631 -83.033 -621.51 -367.144 -207.1737 
1786080207.050 -0.005 -0.008 -0.006349997 -0.0074 61.5631 -83.033 -621.515 -367.144 -207.1737 
1786080207.223 -0.01 -0.008 -0.006349997 -0.0074 61.5631 -83.033 -621.51 -367.144 -207.1737 
1786080207.387 -0.01 -0.008 -0.006349997 -0.0074 61.5631 -83.033 -621.515 -367.144 -207.1737 
1786080207.559 -0.005 -0.008 -0.006349997 -0.0074 61.5631 -83.033 -621.515 -367.144 -207.1737 
1786080207.740 -0.005 -0.008 -0.006349997 -0.0074 61.5631 -83.033 -621.515 -367.144 -207.1737 
1786080207.904 -0.005 -0.004 -0.005079997 -0.0074 61.5631 -83.033 -621.515 -367.148 -207.1749 
1786080208.064 -0.005 -0.008 -0.005079997 -0.0074 61.5631 -83.033 -621.515 -367.144 -207.1749 
1786080208.225 -0.01 -0.008 -0.006349997 -0.0074 61.5631 -83.033 -621.51 -367.144 -207.1737 
1786080208.386 -0.005 -0.008 -0.005079997 -0.0074 61.5631 -83.033 -621.515 -367.144 -207.1749 
1786080208.546 -0.005 -0.004 -0.005079997 -0.0024 61.5631 -83.033 -621.515 -367.148 -207.1749 
1786080208.710 -0.005 -0.008 -0.005079997 -0.0074 61.5631 -83.033 -621.515 -367.144 -207.1749 
1786080208.879 -0.01 -0.008 -0.006349997 -0.0074 61.5631 -83.033 -621.51 -367.144 -207.1737 
1786080209.045 -0.005 -0.008 -0.005079997 -0.0024 61.5631 -83.033 -621.515 -367.144 -207.1749 
1786080209.204 -0.005 -0.004 -0.005079997 -0.0024 61.5631 -83.033 -621.515 -367.148 -207.1749 
1786080209.363 -0.005 -0.008 -0.005079997 -0.0024 61.5631 -83.033 -621.515 -367.144 -207.1749 
1786080209.522 -0.005 -0.004 -0.005079997 -0.0074 61.5631 -83.033 -621.515 -367.148 -207.1749 
1786080209.680 -0.005 -0.008 -0.005079997 -0.0074 61.5631 -83.033 -621.515 -367.144 -207.1749 
1786080209.840 -0.005 -0.004 -0.005079997 -0.0074 61.5631 -83.033 -621.515 -367.148 -207.1749 
1786080209.999 -0.01 -0.008 -0.006349997 -0.0074 61.5631 -83.033 -621.51 -367.144 -207.1737 
1786080210.159 -0.01 -0.008 -0.006349997 -0.0074 61.5631 -83.033 -621.51 -367.144 -207.1737 
1786080210.318 -0.01 -0.008 -0.006349997 -0.0074 61.5631 -83.033 -621.51 -367.144 -207.1737 
1786080210.478 -0.005 -0.008 -0.006349997 -0.0074 61.5631 -83.033 -621.515 -367.144 -207.1737 
1786080210.638 -0.005 -0.004 -0.006349997 -0.0074 61.5631 -83.033 -621.515 -367.148 -207.1737 
1786080210.797 -0.01 -0.008 -0.006349997 -0.0074 61.5631 -83.033 -621.51 -367.144 -207.1737 
1786080210.955 -0.005 -0.008 -0.006349997 -0.0074 61.5631 -83.033 -621.515 -367.144 -207.1737 
1786080211.112 -0.005 -0.008 -0.006349997 -0.0074 61.5631 -83.033 -621.515 -367.144 -207.1737 
1786080211.270 -0.005 -0.004 -0.005079997 -0.0074 61.5631 -83.033 -621.515 -367.148 -207.1749 
1786080211.429 -0.005 -0.004 -0.005079997 -0.0074 61.5631 -83.033 -621.515 -367.148 -207.1749 
1786080211.586 -0.005 -0.008 -0.005079997 -0.0074 61.5631 -83.033 -621.515 -367.144 -207.1749 
1786080211.744 -0.005 -0.004 -0.005079997 -0.0024 61.5631 -83.033 -621.515 -367.148 -207.1749 
1786080211.903 -0.005 -0.004 -0.005079997 -0.0024 61.5631 -83.033 -621.515 -367.148 -207.1749 
1786080212.061 -0.005 -0.004 -0.005079997 -0.0024 61.5631 -83.033 -621.515 -367.148 -207.1749 
1786080212.223 -0.005 -0.004 -0.005079997 -0.0074 61.5631 -83.033 -621.515 -367.148 -207.1749 
1786080212.382 -0.01 -0.008 -0.006349997 -0.0074 61.5631 -83.033 -621.51 -367.144 -207.1737 
1786080212.539 -0.005 -0.004 -0.005079997 -0.0074 61.5631 -83.033 -621.515 -367.148 -207.1749 
1786080212.705 -0.005 -0.004 -0.006349997 -0.0024 61.5631 -83.033 -621.515 -367.148 -207.1749 
1786080212.874 -0.005 -0.004 -0.005079997 -0.0074 61.5631 -83.033 -621.515 -367.148 -207.1749 
1786080213.041 -0.005 -0.004 -0.005079997 -0.0074 61.5631 -83.033 -621.515 -367.148 -207.1737 
1786080213.202 -0.005 -0.008 -0.006349997 -0.0074 61.5631 -83.033 -621.515 -367.144 -207.1749 
1786080213.364 -0.005 -0.004 -0.005079997 -0.0024 61.5631 -83.033 -621.515 -367.148 -207.1749 
1786080213.523 -0.005 -0.004 -0.005079997 -0.0074 61.5631 -83.033 -621.515 -367.148 -207.1749 
1786080213.682 -0.01 -0.008 -0.006349997 -0.0074 61.5631 -83.033 -621.51 -367.144 -207.1737 
1786080213.845 -0.005 -0.004 -0.005079997 -0.0024 61.5631 -83.033 -621.515 -367.148 -207.1749 
1786080214.004 -0.005 -0.004 -0.005079997 -0.0074 61.5631 -83.033 -621.515 -367.148 -207.1749 
1786080214.170 -0.005 -0.008 -0.006349997 -0.0024 61.5631 -83.033 -621.515 -367.144 -207.1737 
1786080214.332 -0.01 -0.008 -0.005079997 -0.0074 61.5631 -83.033 -621.51 -367.144 -207.1749 
1786080214.491 -0.01 -0.004 -0.006349997 -0.0024 61.5631 -83.033 -621.51 -367.148 -207.1737 
1786080214.648 -0.005 -0.008 -0.005079997 -0.0024 61.5631 -83.033 -621.515 -367.144 -207.1749 
1786080214.808 -0.005 -0.004 -0.006349997 -0.0024 61.5631 -83.033 -621.515 -367.148 -207.1737 
1786080214.972 -0.005 -0.004 -0.005079997 -0.0024 61.5631 -83.033 -621.515 -367.148 -207.1749 
1786080215.131 -0.005 -0.004 -0.005079997 -0.0074 61.5631 -83.033 -621.515 -367.148 -207.1749 
1786080215.291 -0.005 -0.004 -0.006349997 -0.0024 61.5631 -83.033 -621.515 -367.148 -207.1737 
1786080215.450 -0.01 -0.008 -0.005079997 -0.0074 61.5631 -83.033 -621.51 -367.144 -207.1749 
1786080215.610 -0.005 -0.004 -0.005079997 -0.0024 61.5631 -83.033 -621.515 -367.148 -207.1749 
1786080215.769 -0.005 -0.004 -0.005079997 -0.0024 61.5631 -83.033 -621.515 -367.148 -207.1749 
1786080215.927 -0.005 -0.004 -0.005079997 -0.0024 61.5631 -83.033 -621.515 -367.148 -207.1749 
1786080216.089 -0.005 -0.004 -0.005079997 -0.0024 61.5631 -83.033 -621.515 -367.148 -207.1749 
1786080216.256 -0.005 -0.004 -0.005079997 -0.0024 61.5631 -83.033 -621.515 -367.148 -207.1749 
1786080216.431 -0.005 -0.008 -0.005079997 -0.0024 61.5631 -83.033 -621.515 -367.144 -207.1749 
1786080216.604 -0.005 -0.004 -0.005079997 -0.0024 61.5631 -83.033 -621.515 -367.148 -207.1749 
1786080216.765 -0.005 -0.004 -0.005079997 -0.0074 61.5631 -83.033 -621.515 -367.148 -207.1749 
1786080216.928 -0.005 -0.004 -0.005079997 -0.0024 61.5631 -83.033 -621.515 -367.148 -207.1749 
1786080217.088 -0.005 -0.004 -0.005079997 -0.0024 61.5631 -83.033 -621.515 -367.148 -207.1749 
1786080217.256 -0.005 -0.004 -0.005079997 -0.0024 61.5631 -83.033 -621.515 -367.148 -207.1749 
1786080217.427 -0.005 -0.004 -0.005079997 -0.0024 61.5631 -83.033 -621.515 -367.148 -207.1749 
1786080217.595 -0.005 -0.004 -0.005079997 -0.0024 61.5631 -83.033 -621.515 -367.148 -207.1762 
1786080217.757 -0.005 -0.004 -0.005079997 -0.0074 61.5631 -83.033 -621.515 -367.148 -207.1749 
1786080217.918 -0.005 -0.004 -0.005079997 -0.0024 61.5631 -83.033 -621.515 -367.148 -207.1749 
1786080218.088 -0.005 -0.004 -0.005079997 -0.0024 61.5631 -83.033 -621.515 -367.148 -207.1749 
1786080218.249 -0.01 -0.004 -0.005079997 -0.0074 61.5631 -83.033 -621.51 -367.148 -207.1749 
1786080218.412 -0.005 -0.004 -0.005079997 -0.0024 61.5631 -83.033 -621.515 -367.148 -207.1749 
1786080218.575 -0.005 -0.004 -0.005079997 -0.0074 61.5631 -83.033 -621.515 -367.148 -207.1749 
1786080218.745 -0.005 -0.004 -0.005079997 -0.0024 61.5631 -83.033 -621.515 -367.148 -207.1749 
1786080218.911 -0.005 -0.004 -0.005079997 -0.0024 61.5631 -83.033 -621.515 -367.148 -207.1749 
1786080219.085 -0.005 -0.004 -0.005079997 -0.0074 61.5631 -83.033 -621.515 -367.148 -207.1749 
1786080219.250 -0.005 -0.004 -0.005079997 -0.0074 61.5631 -83.033 -621.515 -367.148 -207.1749 
1786080219.418 -0.005 -0.004 -0.003809998 -0.0024 61.5631 -83.033 -621.515 -367.148 -207.1762 
1786080219.589 -0.005 -0.004 -0.003809998 -0.0024 61.5631 -83.033 -621.515 -367.148 -207.1762 
1786080219.762 -0.005 -0.004 -0.003809998 -0.0024 61.5631 -83.033 -621.515 -367.148 -207.1762 
1786080219.925 4.547578e-15 -0.004 -0.002539999 -0.0074 61.5631 -83.033 -621.52 -367.148 -207.1775 
1786080220.090 4.547578e-15 1.864481e-14 -0.001269999 -0.0024 61.5631 -83.033 -621.52 -367.152 -207.1787 
1786080220.255 4.547578e-15 1.864481e-14 -3.022842e-14 -0.0024 61.5631 -83.033 -621.52 -367.152 -207.18 
1786080220.419 0.005 1.864481e-14 -3.022842e-14 -0.0024 61.5631 -83.033 -621.525 -367.152 -207.18 
1786080220.592 0.01 1.864481e-14 0.002539999 -0.0024 61.5631 -83.033 -621.525 -367.152 -207.1825 
1786080220.773 0.005 0.004 0.003809998 -0.0024 61.5631 -83.033 -621.525 -367.156 -207.1838 
1786080220.934 0.005 0.004 0.003809998 -0.0024 61.5631 -83.033 -621.525 -367.156 -207.1838 
1786080221.096 0.005 0.004 0.005079997 -0.0024 61.5631 -83.033 -621.525 -367.156 -207.1851 
1786080221.257 4.547578e-15 0.004 0.003809998 -0.0024 61.5631 -83.033 -621.52 -367.156 -207.1838 
1786080221.416 4.547578e-15 0.004 0.003809998 -0.0024 61.5631 -83.033 -621.52 -367.156 -207.1838 
1786080221.576 4.547578e-15 0.004 0.005079997 -0.0024 61.5631 -83.033 -621.52 -367.156 -207.1851 
1786080221.736 -0.005 0.004 0.003809998 -0.0024 61.5631 -83.033 -621.515 -367.156 -207.1838 
1786080221.896 -0.005 0.004 0.001269999 -0.0024 61.5631 -83.033 -621.515 -367.156 -207.1813 
1786080222.053 -0.005 0.004 -3.022842e-14 -0.0024 61.5631 -83.033 -621.515 -367.156 -207.18 
1786080222.211 -0.005 0.004 -3.022842e-14 -0.0024 61.5631 -83.033 -621.515 -367.156 -207.18 
1786080222.370 -0.005 0.004 -0.001269999 -0.0024 61.5631 -83.033 -621.515 -367.156 -207.1787 
1786080222.529 -0.005 0.004 -0.002539999 -0.0024 61.5631 -83.033 -621.515 -367.156 -207.1775 
1786080222.688 -0.005 0.004 -0.002539999 -0.0024 61.5631 -83.033 -621.515 -367.156 -207.1775 
1786080222.850 -0.005 0.004 -0.002539999 -0.0024 61.5631 -83.033 -621.515 -367.156 -207.1775 
1786080223.013 4.547578e-15 0.004 -0.002539999 -0.0024 61.5631 -83.033 -621.52 -367.156 -207.1775 
1786080223.172 4.547578e-15 0.004 -0.002539999 -0.0024 61.5631 -83.033 -621.52 -367.156 -207.1775 
1786080223.335 0.005 0.004 -0.002539999 -0.0024 61.5631 -83.033 -621.525 -367.156 -207.1775 
1786080223.495 0.005 0.004 -0.003809998 -0.0024 61.5631 -83.033 -621.525 -367.156 -207.1762 
1786080223.656 0.005 0.004 -0.003809998 -0.0024 61.5631 -83.033 -621.525 -367.156 -207.1762 
1786080223.838 0.005 0.004 -0.003809998 -0.0024 61.5631 -83.033 -621.525 -367.156 -207.1762 
1786080224.017 0.005 0.004 -0.002539999 -0.0024 61.5631 -83.033 -621.525 -367.156 -207.1775 
1786080224.185 4.547578e-15 1.864481e-14 -0.002539999 -0.0024 61.5631 -83.033 -621.525 -367.152 -207.1775 
1786080224.348 4.547578e-15 1.864481e-14 -0.002539999 0.0026 61.5631 -83.033 -621.52 -367.152 -207.1775 
1786080224.514 0.005 1.864481e-14 -0.001269999 0.0026 61.5631 -83.033 -621.525 -367.152 -207.1787 
1786080224.675 0.005 1.864481e-14 -3.022842e-14 0.0026 61.5631 -83.033 -621.525 -367.152 -207.18 
1786080224.847 0.005 1.864481e-14 -3.022842e-14 0.0076 61.5631 -83.033 -621.525 -367.152 -207.18 
1786080225.010 0.005 1.864481e-14 -3.022842e-14 0.0026 61.5631 -83.033 -621.525 -367.152 -207.18 
1786080225.172 0.005 1.864481e-14 0.001269999 0.0026 61.5631 -83.033 -621.525 -367.152 -207.1813 
1786080225.334 0.005 1.864481e-14 0.001269999 0.0026 61.5631 -83.033 -621.525 -367.152 -207.1813 
1786080225.495 0.005 1.864481e-14 0.001269999 0.0076 61.5631 -83.033 -621.525 -367.152 -207.1813 
1786080225.656 0.005 1.864481e-14 0.001269999 0.0026 61.5631 -83.033 -621.525 -367.152 -207.1813 
1786080225.827 0.005 1.864481e-14 0.001269999 0.0026 61.5631 -83.033 -621.525 -367.152 -207.1813 
1786080225.987 0.01 1.864481e-14 0.002539999 0.0076 61.5631 -83.033 -621.53 -367.152 -207.1825 
1786080226.148 0.005 1.864481e-14 0.002539999 0.0026 61.5631 -83.033 -621.525 -367.152 -207.1825 
1786080226.311 0.005 1.864481e-14 0.002539999 0.0076 61.5631 -83.033 -621.525 -367.152 -207.1825 
1786080226.468 0.005 1.864481e-14 0.003809998 0.0076 61.5631 -83.033 -621.525 -367.152 -207.1838 
1786080226.627 0.005 1.864481e-14 0.003809998 0.0076 61.5631 -83.033 -621.525 -367.152 -207.1838 
1786080226.791 0.005 1.864481e-14 0.003809998 0.0026 61.5631 -83.033 -621.525 -367.152 -207.1838 
1786080226.950 0.005 1.864481e-14 0.003809998 0.0026 61.5631 -83.033 -621.525 -367.152 -207.1838 
1786080227.107 0.005 1.864481e-14 0.005079997 0.0026 61.5631 -83.033 -621.525 -367.152 -207.1851 
1786080227.266 0.005 1.864481e-14 0.005079997 0.0026 61.5631 -83.033 -621.525 -367.152 -207.1851 
1786080227.428 0.005 1.864481e-14 0.005079997 0.0076 61.5631 -83.033 -621.525 -367.152 -207.1851 
1786080227.586 0.005 1.864481e-14 0.005079997 0.0026 61.5631 -83.033 -621.525 -367.152 -207.1851 
1786080227.746 0.005 1.864481e-14 0.006349997 0.0076 61.5631 -83.033 -621.525 -367.152 -207.1863 
1786080227.905 0.005 1.864481e-14 0.005079997 0.0026 61.5631 -83.033 -621.525 -367.152 -207.1851 
1786080228.062 0.005 1.864481e-14 0.005079997 0.0076 61.5631 -83.033 -621.525 -367.152 -207.1851 
1786080228.221 0.005 1.864481e-14 0.005079997 0.0026 61.5631 -83.033 -621.525 -367.152 -207.1851 
1786080228.379 0.005 1.864481e-14 0.005079997 0.0076 61.5631 -83.033 -621.525 -367.152 -207.1851 
1786080228.541 0.005 1.864481e-14 0.005079997 0.0026 61.5631 -83.033 -621.525 -367.152 -207.1851 
1786080228.704 0.005 1.864481e-14 0.005079997 0.0026 61.5631 -83.033 -621.525 -367.152 -207.1851 
1786080228.866 0.005 1.864481e-14 0.005079997 0.0026 61.5631 -83.033 -621.525 -367.152 -207.1851 
1786080229.024 0.005 1.864481e-14 0.005079997 0.0026 61.5631 -83.033 -621.525 -367.152 -207.1851 
1786080229.181 0.005 1.864481e-14 0.005079997 0.0026 61.5631 -83.033 -621.525 -367.152 -207.1851 
1786080229.344 0.005 1.864481e-14 0.005079997 0.0076 61.5631 -83.033 -621.525 -367.152 -207.1851 
1786080229.501 0.005 1.864481e-14 0.005079997 0.0026 61.5631 -83.033 -621.53 -367.152 -207.1851 
1786080229.664 0.005 1.864481e-14 0.005079997 0.0026 61.5631 -83.033 -621.525 -367.152 -207.1851 
1786080229.834 0.01 1.864481e-14 0.006349997 0.0076 61.5631 -83.033 -621.53 -367.152 -207.1863 
1786080229.998 0.005 1.864481e-14 0.005079997 0.0026 61.5631 -83.033 -621.525 -367.152 -207.1851 
1786080230.158 0.005 1.864481e-14 0.005079997 0.0026 61.5631 -83.033 -621.525 -367.152 -207.1851 
1786080230.318 0.005 1.864481e-14 0.005079997 0.0026 61.5631 -83.033 -621.525 -367.152 -207.1851 
1786080230.478 0.01 1.864481e-14 0.005079997 0.0026 61.5631 -83.033 -621.53 -367.152 -207.1851 
1786080230.642 0.005 1.864481e-14 0.005079997 0.0026 61.5631 -83.033 -621.525 -367.152 -207.1851 
1786080230.811 0.005 1.864481e-14 0.005079997 0.0076 61.5631 -83.033 -621.525 -367.152 -207.1851 
1786080230.973 0.005 1.864481e-14 0.005079997 0.0026 61.5631 -83.033 -621.525 -367.152 -207.1851 
1786080231.139 0.005 1.864481e-14 0.005079997 0.0026 61.5631 -83.033 -621.525 -367.152 -207.1851 
1786080231.306 0.005 1.864481e-14 0.005079997 0.0026 61.5631 -83.033 -621.525 -367.152 -207.1851 
1786080231.489 0.01 0.004 0.005079997 0.0026 61.5631 -83.033 -621.53 -367.156 -207.1851 
1786080231.667 0.005 0.004 0.005079997 0.0026 61.5631 -83.033 -621.525 -367.156 -207.1851 
1786080231.834 0.005 0.004 0.005079997 -0.0024 61.5631 -83.033 -621.525 -367.156 -207.1851 
1786080231.995 0.005 0.004 0.005079997 -0.0024 61.5631 -83.033 -621.525 -367.156 -207.1851 
1786080232.160 0.005 0.004 0.005079997 -0.0024 61.5631 -83.033 -621.525 -367.156 -207.1851 
1786080232.344 0.005 0.004 0.005079997 -0.0024 61.5631 -83.033 -621.525 -367.156 -207.1851 
1786080232.519 0.005 0.004 0.005079997 -0.0024 61.5631 -83.033 -621.525 -367.156 -207.1851 
1786080232.715 0.005 1.864481e-14 0.005079997 0.0026 61.5631 -83.033 -621.525 -367.152 -207.1851 
1786080232.902 0.005 1.864481e-14 0.005079997 0.0026 61.5631 -83.033 -621.525 -367.152 -207.1851 
1786080233.095 0.005 1.864481e-14 0.005079997 0.0026 61.5631 -83.033 -621.525 -367.152 -207.1851 
1786080233.262 0.01 1.864481e-14 0.005079997 0.0026 61.5631 -83.033 -621.53 -367.152 -207.1851 
1786080233.427 0.005 1.864481e-14 0.005079997 0.0026 61.5631 -83.033 -621.525 -367.152 -207.1851 
1786080233.587 0.01 1.864481e-14 0.005079997 0.0026 61.5631 -83.033 -621.53 -367.152 -207.1851 
1786080233.751 0.005 1.864481e-14 0.005079997 0.0026 61.5631 -83.033 -621.525 -367.152 -207.1851 
1786080233.913 0.005 1.864481e-14 0.005079997 0.0026 61.5631 -83.033 -621.525 -367.152 -207.1851 
1786080234.072 0.005 0.004 0.005079997 0.0026 61.5631 -83.033 -621.525 -367.156 -207.1851 
1786080234.232 4.547578e-15 0.004 0.005079997 0.0026 61.5631 -83.033 -621.52 -367.156 -207.1851 
1786080234.397 4.547578e-15 0.004 0.005079997 0.0026 61.5631 -83.033 -621.52 -367.156 -207.1851 
1786080234.560 4.547578e-15 0.004 0.006349997 0.0026 61.5631 -83.033 -621.52 -367.156 -207.1863 
1786080234.721 -0.005 0.004 0.005079997 -0.0024 61.5631 -83.033 -621.515 -367.156 -207.1851 
1786080234.881 -0.005 0.004 0.005079997 -0.0024 61.5631 -83.033 -621.515 -367.156 -207.1851 
1786080235.047 -0.005 0.004 0.003809998 -0.0024 61.5631 -83.033 -621.515 -367.156 -207.1838 
1786080235.213 -0.005 0.004 0.003809998 -0.0024 61.5631 -83.033 -621.515 -367.156 -207.1838 
1786080235.372 -0.005 1.864481e-14 0.002539999 -0.0024 61.5631 -83.033 -621.515 -367.152 -207.1825 
1786080235.533 -0.005 1.864481e-14 0.002539999 -0.0024 61.5631 -83.033 -621.515 -367.152 -207.1825 
1786080235.695 -0.005 1.864481e-14 0.003809998 0.0026 61.5631 -83.033 -621.515 -367.152 -207.1838 
1786080235.855 -0.005 1.864481e-14 0.003809998 0.0026 61.5631 -83.033 -621.515 -367.152 -207.1838 
1786080236.020 -0.005 1.864481e-14 0.003809998 0.0026 61.5631 -83.033 -621.515 -367.152 -207.1838 
1786080236.191 -0.005 -0.004 0.003809998 0.0026 61.5631 -83.033 -621.515 -367.148 -207.1838 
1786080236.368 -0.005 -0.004 0.003809998 0.0026 61.5631 -83.033 -621.515 -367.148 -207.1838 
1786080236.529 -0.005 -0.004 0.003809998 0.0026 61.5631 -83.033 -621.515 -367.148 -207.1838 
1786080236.694 -0.005 -0.004 0.003809998 0.0026 61.5631 -83.033 -621.515 -367.148 -207.1838 
1786080236.854 -0.005 -0.004 0.002539999 0.0026 61.5631 -83.033 -621.515 -367.148 -207.1825 
1786080237.015 -0.005 -0.004 0.002539999 0.0026 61.5631 -83.033 -621.515 -367.148 -207.1825 
1786080237.181 -0.005 -0.004 0.001269999 0.0026 61.5631 -83.033 -621.515 -367.148 -207.1813 
1786080237.344 -0.005 -0.004 0.001269999 0.0026 61.5631 -83.033 -621.515 -367.148 -207.1813 
1786080237.503 -0.005 -0.004 0.001269999 0.0026 61.5631 -83.033 -621.515 -367.148 -207.1813 
1786080237.662 -0.005 1.864481e-14 -3.022842e-14 0.0026 61.5631 -83.033 -621.515 -367.152 -207.18 
1786080237.827 -0.005 1.864481e-14 -3.022842e-14 0.0026 61.5631 -83.033 -621.515 -367.152 -207.18 
1786080237.993 -0.005 1.864481e-14 -3.022842e-14 0.0026 61.5631 -83.033 -621.515 -367.152 -207.18 
1786080238.157 -0.01 1.864481e-14 -3.022842e-14 0.0026 61.5631 -83.033 -621.51 -367.152 -207.18 
1786080238.320 -0.005 1.864481e-14 -3.022842e-14 0.0026 61.5631 -83.033 -621.515 -367.152 -207.18 
1786080238.495 -0.005 0.004 -3.022842e-14 0.0026 61.5631 -83.033 -621.515 -367.156 -207.18 
1786080238.660 -0.01 0.004 -0.001269999 0.0026 61.5631 -83.033 -621.515 -367.156 -207.1787 
1786080238.838 -0.005 0.004 -0.001269999 0.0026 61.5631 -83.033 -621.515 -367.156 -207.1787 
1786080239.003 -0.005 0.004 -0.001269999 0.0026 61.5631 -83.033 -621.515 -367.156 -207.1787 
1786080239.167 -0.005 0.004 -0.001269999 0.0026 61.5631 -83.033 -621.515 -367.156 -207.1787 
1786080239.331 -0.005 0.004 -0.001269999 0.0026 61.5631 -83.033 -621.515 -367.156 -207.1787 
1786080239.495 -0.005 0.004 -0.001269999 0.0026 61.5631 -83.033 -621.515 -367.156 -207.1787 
1786080239.654 -0.005 0.004 -0.002539999 -0.0024 61.5631 -83.033 -621.515 -367.156 -207.1775 
1786080239.819 -0.005 0.004 -0.002539999 -0.0024 61.5631 -83.033 -621.515 -367.156 -207.1775 
1786080239.981 -0.01 0.004 -0.003809998 -0.0024 61.5631 -83.033 -621.51 -367.156 -207.1762 
1786080240.147 -0.005 0.004 -0.003809998 -0.0024 61.5631 -83.033 -621.515 -367.156 -207.1762 
1786080240.309 -0.005 0.004 -0.003809998 -0.0024 61.5631 -83.033 -621.515 -367.156 -207.1762 
1786080240.474 -0.005 0.004 -0.003809998 0.0026 61.5631 -83.033 -621.515 -367.156 -207.1762 
1786080240.637 -0.005 1.864481e-14 -0.003809998 0.0026 61.5631 -83.033 -621.515 -367.152 -207.1762 
1786080240.798 -0.005 1.864481e-14 -0.002539999 0.0026 61.5631 -83.033 -621.515 -367.152 -207.1775 
1786080240.963 -0.005 1.864481e-14 -0.002539999 0.0026 61.5631 -83.033 -621.515 -367.152 -207.1775 
1786080241.126 -0.005 1.864481e-14 -0.002539999 0.0026 61.5631 -83.033 -621.515 -367.152 -207.1775 
1786080241.287 -0.005 1.864481e-14 -0.002539999 0.0026 61.5631 -83.033 -621.515 -367.152 -207.1775 
1786080241.473 -0.005 -0.004 -0.002539999 0.0026 61.5631 -83.033 -621.515 -367.148 -207.1775 
1786080241.672 -0.005 -0.004 -0.003809998 0.0026 61.5631 -83.033 -621.515 -367.148 -207.1762 
1786080241.842 -0.005 -0.004 -0.005079997 -0.0024 61.5631 -83.033 -621.515 -367.148 -207.1749 
1786080242.020 -0.005 -0.004 -0.005079997 -0.0024 61.5631 -83.033 -621.515 -367.148 -207.1749 
1786080242.208 -0.005 -0.004 -0.005079997 0.0026 61.5631 -83.033 -621.515 -367.148 -207.1749 
1786080242.373 -0.005 -0.004 -0.005079997 0.0026 61.5631 -83.033 -621.515 -367.148 -207.1749 
1786080242.545 -0.005 -0.004 -0.005079997 0.0026 61.5631 -83.033 -621.515 -367.148 -207.1749 
1786080242.705 -0.005 -0.004 -0.005079997 0.0026 61.5631 -83.033 -621.515 -367.148 -207.1749 
1786080242.869 -0.005 -0.004 -0.003809998 0.0026 61.5631 -83.033 -621.515 -367.148 -207.1762 
1786080243.031 -0.005 -0.004 -0.003809998 0.0026 61.5631 -83.033 -621.515 -367.148 -207.1762 
1786080243.207 -0.005 -0.004 -0.003809998 0.0026 61.5631 -83.033 -621.515 -367.148 -207.1762 
1786080243.413 -0.005 -0.004 -0.003809998 0.0026 61.5631 -83.033 -621.515 -367.148 -207.1762 
1786080243.643 -0.005 -0.004 -0.005079997 0.0026 61.5631 -83.033 -621.515 -367.148 -207.1749 
1786080243.825 -0.005 1.864481e-14 -0.005079997 -0.0024 61.5631 -83.033 -621.515 -367.152 -207.1737 
1786080243.993 -0.01 1.864481e-14 -0.006349997 -0.0024 61.5631 -83.033 -621.51 -367.152 -207.1737 
1786080244.154 -0.005 1.864481e-14 -0.005079997 -0.0024 61.5631 -83.033 -621.515 -367.152 -207.1749 
1786080244.327 -0.005 1.864481e-14 -0.005079997 -0.0024 61.5631 -83.033 -621.515 -367.152 -207.1749 
1786080244.508 -0.005 1.864481e-14 -0.005079997 -0.0024 61.5631 -83.033 -621.515 -367.152 -207.1749 
1786080244.680 -0.005 1.864481e-14 -0.005079997 -0.0024 61.5631 -83.033 -621.515 -367.152 -207.1749 
1786080244.850 -0.005 1.864481e-14 -0.005079997 -0.0024 61.5631 -83.033 -621.515 -367.152 -207.1749 
1786080245.016 -0.005 0.004 -0.005079997 -0.0024 61.5631 -83.033 -621.515 -367.156 -207.1749 
1786080245.193 -0.01 0.004 -0.003809998 -0.0074 61.5631 -83.033 -621.51 -367.156 -207.1762 
1786080245.381 -0.01 0.004 -0.006349997 -0.0074 61.5631 -83.033 -621.51 -367.156 -207.1737 
1786080245.563 -0.005 0.004 -0.006349997 -0.0024 61.5631 -83.033 -621.515 -367.156 -207.1737 
1786080245.732 -0.01 0.004 -0.006349997 -0.0074 61.5631 -83.033 -621.51 -367.156 -207.1737 
1786080245.898 -0.01 1.864481e-14 -0.006349997 -0.0074 61.5631 -83.033 -621.51 -367.152 -207.1737 
1786080246.060 -0.005 1.864481e-14 -0.005079997 -0.0024 61.5631 -83.033 -621.515 -367.152 -207.1749 
1786080246.217 -0.005 1.864481e-14 -0.005079997 -0.0024 61.5631 -83.033 -621.515 -367.152 -207.1749 
1786080246.379 -0.005 1.864481e-14 -0.003809998 -0.0024 61.5631 -83.033 -621.515 -367.152 -207.1762 
1786080246.538 4.547578e-15 1.864481e-14 -0.003809998 -0.0024 61.5631 -83.033 -621.52 -367.152 -207.1762 
1786080246.701 4.547578e-15 1.864481e-14 -0.003809998 -0.0024 61.5631 -83.033 -621.52 -367.152 -207.1762 
1786080246.860 0.005 0.004 -0.003809998 -0.0024 61.5631 -83.033 -621.525 -367.156 -207.1762 
1786080247.019 0.005 0.004 -0.005079997 -0.0024 61.5631 -83.033 -621.525 -367.156 -207.1749 
1786080247.179 0.005 0.004 -0.003809998 -0.0024 61.5631 -83.033 -621.525 -367.156 -207.1762 
1786080247.340 0.005 0.004 -0.002539999 -0.0024 61.5631 -83.033 -621.525 -367.156 -207.1775 
1786080247.498 0.005 0.004 -0.002539999 -0.0024 61.5631 -83.033 -621.525 -367.156 -207.1775 
1786080247.655 0.005 0.004 -0.003809998 -0.0024 61.5631 -83.033 -621.525 -367.156 -207.1762 
1786080247.819 4.547578e-15 1.864481e-14 -0.003809998 -0.0024 61.5631 -83.033 -621.52 -367.152 -207.1762 
1786080247.976 4.547578e-15 1.864481e-14 -0.003809998 -0.0024 61.5631 -83.033 -621.52 -367.152 -207.1762 
1786080248.137 4.547578e-15 1.864481e-14 -0.002539999 -0.0024 61.5631 -83.033 -621.52 -367.152 -207.1775 
1786080248.297 4.547578e-15 -0.004 -0.002539999 -0.0024 61.5631 -83.033 -621.52 -367.148 -207.1775 
1786080248.458 4.547578e-15 -0.004 -0.002539999 -0.0024 61.5631 -83.033 -621.52 -367.148 -207.1775 
1786080248.620 0.005 -0.004 -0.002539999 -0.0024 61.5631 -83.033 -621.525 -367.148 -207.1775 
1786080248.780 0.005 -0.004 -3.022842e-14 0.0026 61.5631 -83.033 -621.525 -367.148 -207.18 
1786080248.944 0.01 0.004 0.003809998 0.0076 61.5631 -83.033 -621.53 -367.156 -207.1838 
1786080249.102 0.01 0.004 0.006349997 0.0076 61.5631 -83.033 -621.53 -367.156 -207.1863 
1786080249.267 0.005 0.004 0.005079997 0.0026 61.5631 -83.033 -621.525 -367.156 -207.1851 
1786080249.425 0.005 0.004 0.005079997 0.0026 61.5631 -83.033 -621.525 -367.156 -207.1851 
1786080249.584 0.005 1.864481e-14 0.003809998 0.0026 61.5631 -83.033 -621.525 -367.152 -207.1838 
1786080249.742 0.005 -0.004 0.001269999 0.0026 61.5631 -83.033 -621.525 -367.148 -207.1813 
1786080249.900 0.005 -0.004 -3.022842e-14 0.0026 61.5631 -83.033 -621.525 -367.148 -207.18 
1786080250.061 0.005 -0.004 -3.022842e-14 0.0076 61.5631 -83.033 -621.525 -367.148 -207.18 
1786080250.221 0.01 -0.004 -3.022842e-14 0.0076 61.5631 -83.033 -621.53 -367.148 -207.18 
1786080250.392 0.005 1.864481e-14 0.002539999 0.0076 61.5631 -83.033 -621.525 -367.152 -207.1825 
1786080250.549 0.01 0.004 0.005079997 0.0076 61.5631 -83.033 -621.53 -367.156 -207.1851 
1786080250.712 0.01 0.008 0.006349997 0.0076 61.5631 -83.033 -621.53 -367.16 -207.1863 
1786080250.874 0.01 0.008 0.006349997 0.0076 61.5631 -83.033 -621.53 -367.16 -207.1863 
1786080251.037 0.01 0.012 0.007619996 0.0126 61.5631 -83.033 -621.53 -367.164 -207.1876 
1786080251.198 0.015 0.016 0.01015999 0.0126 61.5631 -83.033 -621.535 -367.168 -207.1902 
1786080251.355 0.015 0.02 0.01142999 0.0176 61.5631 -83.033 -621.535 -367.172 -207.1902 
1786080251.514 0.015 0.02 0.01015999 0.0176 61.5631 -83.033 -621.535 -367.172 -207.1902 
1786080251.674 0.015 0.016 0.008889995 0.0126 61.5631 -83.033 -621.535 -367.168 -207.1889 
1786080251.847 0.015 0.012 0.007619996 0.0126 61.5631 -83.033 -621.535 -367.164 -207.1876 
1786080252.022 0.01 0.012 0.007619996 0.0126 61.5631 -83.033 -621.53 -367.164 -207.1876 
1786080252.189 0.01 0.012 0.007619996 0.0076 61.5631 -83.033 -621.53 -367.164 -207.1876 
1786080252.355 0.01 0.012 0.007619996 0.0126 61.5631 -83.033 -621.53 -367.164 -207.1876 
1786080252.515 0.01 0.012 0.006349997 0.0126 61.5631 -83.033 -621.53 -367.164 -207.1863 
1786080252.676 0.01 0.012 0.007619996 0.0126 61.5631 -83.033 -621.53 -367.164 -207.1876 
1786080252.845 0.01 0.016 0.007619996 0.0126 61.5631 -83.033 -621.53 -367.168 -207.1876 
1786080253.019 0.01 0.012 0.008889995 0.0126 61.5631 -83.033 -621.53 -367.164 -207.1889 
1786080253.181 0.01 0.012 0.008889995 0.0126 61.5631 -83.033 -621.53 -367.164 -207.1889 
1786080253.341 0.015 0.012 0.007619996 0.0126 61.5631 -83.033 -621.535 -367.164 -207.1876 
1786080253.501 0.01 0.012 0.007619996 0.0126 61.5631 -83.033 -621.53 -367.164 -207.1876 
1786080253.662 0.01 0.008 0.006349997 0.0076 61.5631 -83.033 -621.53 -367.16 -207.1863 
1786080253.833 0.01 0.012 0.006349997 0.0076 61.5631 -83.033 -621.53 -367.164 -207.1863 
1786080254.001 0.005 0.008 0.005079997 0.0076 61.5631 -83.033 -621.525 -367.16 -207.1851 
1786080254.196 0.01 0.008 0.006349997 0.0076 61.5631 -83.033 -621.53 -367.16 -207.1863 
1786080254.379 0.01 0.008 0.006349997 0.0076 61.5631 -83.033 -621.53 -367.16 -207.1863 
1786080254.550 0.005 0.008 0.005079997 0.0076 61.5631 -83.033 -621.525 -367.16 -207.1851 
1786080254.716 0.01 0.008 0.006349997 0.0076 61.5631 -83.033 -621.525 -367.16 -207.1863 
1786080254.884 0.005 0.008 0.007619996 0.0076 61.5631 -83.033 -621.525 -367.16 -207.1876 
1786080255.046 0.01 0.012 0.007619996 0.0076 61.5631 -83.033 -621.53 -367.164 -207.1876 
1786080255.211 0.005 0.008 0.007619996 0.0076 61.5631 -83.033 -621.53 -367.16 -207.1876 
1786080255.378 0.005 0.004 0.005079997 0.0026 61.5631 -83.033 -621.525 -367.156 -207.1851 
1786080255.565 -0.005 -0.004 0.003809998 0.0026 61.5631 -83.033 -621.515 -367.148 -207.1838 
1786080255.765 -0.01 -0.008 -0.001269999 -0.0074 61.5631 -83.033 -621.51 -367.144 -207.1787 
1786080255.958 -0.01 -0.012 -0.007619996 -0.0124 61.5631 -83.033 -621.51 -367.14 -207.1724 
1786080256.128 -0.015 -0.012 -0.008889995 -0.0124 61.5631 -83.033 -621.505 -367.14 -207.1724 
1786080256.300 -0.01 -0.012 -0.007619996 -0.0074 61.5631 -83.033 -621.51 -367.14 -207.1724 
1786080256.467 -0.01 -0.012 -0.007619996 -0.0124 61.5631 -83.033 -621.505 -367.14 -207.1724 
1786080256.634 -0.01 -0.012 -0.006349997 -0.0124 61.5631 -83.033 -621.51 -367.14 -207.1737 
1786080256.796 -0.01 -0.012 -0.006349997 -0.0074 61.5631 -83.033 -621.51 -367.14 -207.1737 
1786080256.966 -0.005 -0.008 -0.006349997 -0.0074 61.5631 -83.033 -621.515 -367.144 -207.1737 
1786080257.131 -0.005 -0.008 -0.005079997 -0.0074 61.5631 -83.033 -621.515 -367.144 -207.1749 
1786080257.315 -0.005 -0.008 -0.006349997 -0.0074 61.5631 -83.033 -621.515 -367.144 -207.1737 
1786080257.503 -0.01 -0.012 -0.007619996 -0.0124 61.5631 -83.033 -621.51 -367.14 -207.1724 
1786080257.681 -0.01 -0.012 -0.007619996 -0.0124 61.5631 -83.033 -621.51 -367.14 -207.1724 
1786080257.845 -0.01 -0.008 -0.006349997 -0.0074 61.5631 -83.033 -621.51 -367.144 -207.1737 
1786080258.007 -0.005 -0.008 -0.005079997 -0.0074 61.5631 -83.033 -621.515 -367.144 -207.1749 
1786080258.167 -0.005 -0.004 -0.003809998 -0.0024 61.5631 -83.033 -621.515 -367.148 -207.1762 
1786080258.355 0.005 1.864481e-14 0.003809998 0.0076 61.5631 -83.033 -621.525 -367.152 -207.1838 
1786080258.539 0.005 0.008 0.007619996 0.0126 61.5631 -83.033 -621.53 -367.16 -207.1876 
1786080258.706 0.01 0.012 0.007619996 0.0076 61.5631 -83.033 -621.53 -367.164 -207.1876 
1786080258.870 0.005 0.008 0.006349997 0.0076 61.5631 -83.033 -621.525 -367.16 -207.1863 
1786080259.131 0.005 0.004 0.005079997 0.0026 61.5631 -83.033 -621.525 -367.156 -207.1851 
1786080259.321 0.005 0.004 0.003809998 0.0026 61.5631 -83.033 -621.525 -367.156 -207.1838 
1786080259.520 4.547578e-15 0.004 0.001269999 0.0026 61.5631 -83.033 -621.52 -367.156 -207.1813 
1786080259.706 4.547578e-15 1.864481e-14 -3.022842e-14 0.0026 61.5631 -83.033 -621.52 -367.152 -207.18 
1786080259.902 4.547578e-15 1.864481e-14 -0.002539999 0.0026 61.5631 -83.033 -621.52 -367.152 -207.1775 
1786080260.090 4.547578e-15 0.004 -0.002539999 0.0026 61.5631 -83.033 -621.52 -367.156 -207.1775 
1786080260.260 0.005 0.008 -3.022842e-14 0.0076 61.5631 -83.033 -621.525 -367.16 -207.18 
1786080260.442 0.01 0.008 0.005079997 0.0076 61.5631 -83.033 -621.53 -367.16 -207.1851 
1786080260.618 0.01 0.008 0.007619996 0.0126 61.5631 -83.033 -621.53 -367.164 -207.1876 
1786080260.800 0.01 0.008 0.007619996 0.0126 61.5631 -83.033 -621.53 -367.16 -207.1876 
1786080260.976 0.005 0.008 0.006349997 0.0076 61.5631 -83.033 -621.525 -367.16 -207.1863 
1786080261.154 0.005 0.004 0.006349997 0.0076 61.5631 -83.033 -621.525 -367.156 -207.1863 
1786080261.326 0.005 0.004 0.005079997 0.0026 61.5631 -83.033 -621.525 -367.156 -207.1851 
1786080261.504 4.547578e-15 -0.004 0.003809998 -0.0074 61.5631 -83.033 -621.52 -367.148 -207.1838 
1786080261.672 -0.005 -0.008 0.001269999 -0.0074 61.5631 -83.033 -621.515 -367.144 -207.1813 
1786080261.852 -0.005 -0.008 -0.001269999 -0.0074 61.5631 -83.033 -621.515 -367.144 -207.1787 
1786080262.034 -0.01 -0.008 -0.005079997 -0.0074 61.5631 -83.033 -621.51 -367.144 -207.1749 
1786080262.209 -0.005 -0.004 -0.006349997 -0.0074 61.5631 -83.033 -621.51 -367.144 -207.1737 
1786080262.385 -0.01 -0.008 -0.006349997 -0.0074 61.5631 -83.033 -621.51 -367.144 -207.1737 
1786080262.548 -0.01 -0.004 -0.006349997 -0.0074 61.5631 -83.033 -621.51 -367.148 -207.1737 
1786080262.714 -0.005 -0.004 -0.005079997 -0.0074 61.5631 -83.033 -621.515 -367.148 -207.1749 
1786080262.895 -0.01 -0.004 -0.006349997 -0.0074 61.5631 -83.033 -621.51 -367.148 -207.1737 
1786080263.079 -0.01 -0.008 -0.006349997 -0.0074 61.5631 -83.033 -621.515 -367.148 -207.1737 
1786080263.267 -0.005 -0.008 -0.006349997 -0.0074 61.5631 -83.033 -621.515 -367.144 -207.1737 
1786080263.452 -0.01 -0.008 -0.007619996 -0.0124 61.5631 -83.033 -621.51 -367.144 -207.1724 
1786080263.623 -0.005 -0.008 -0.006349997 -0.0074 61.5631 -83.033 -621.515 -367.144 -207.1737 
1786080263.792 -0.005 -0.008 -0.006349997 -0.0074 61.5631 -83.033 -621.515 -367.144 -207.1737 
1786080263.990 -0.01 -0.012 -0.006349997 -0.0074 61.5631 -83.033 -621.515 -367.144 -207.1737 
1786080264.189 -0.01 -0.008 -0.006349997 -0.0124 61.5631 -83.033 -621.51 -367.144 -207.1737 
1786080264.365 -0.005 -0.008 -0.005079997 -0.0074 61.5631 -83.033 -621.515 -367.144 -207.1749 
1786080264.546 -0.01 -0.008 -0.005079997 -0.0074 61.5631 -83.033 -621.51 -367.144 -207.1749 
1786080264.725 -0.01 -0.008 -0.005079997 -0.0074 61.5631 -83.033 -621.515 -367.144 -207.1749 
1786080264.906 -0.005 -0.008 -0.005079997 -0.0074 61.5631 -83.033 -621.515 -367.144 -207.1749 
1786080265.094 -0.005 -0.008 -0.005079997 -0.0074 61.5631 -83.033 -621.515 -367.144 -207.1749 
1786080265.265 -0.005 -0.008 -0.005079997 -0.0074 61.5631 -83.033 -621.515 -367.144 -207.1749 
1786080265.448 -0.005 -0.008 -0.006349997 -0.0074 61.5631 -83.033 -621.515 -367.144 -207.1737 
1786080265.625 -0.005 -0.008 -0.006349997 -0.0074 61.5631 -83.033 -621.515 -367.144 -207.1737 
1786080265.816 -0.01 -0.008 -0.006349997 -0.0124 61.5631 -83.033 -621.51 -367.144 -207.1737 
1786080266.017 -0.01 -0.008 -0.006349997 -0.0124 61.5631 -83.033 -621.51 -367.144 -207.1737 
1786080266.193 -0.01 -0.008 -0.006349997 -0.0124 61.5631 -83.033 -621.51 -367.144 -207.1737 
1786080266.366 -0.005 -0.008 -0.006349997 -0.0074 61.5631 -83.033 -621.515 -367.144 -207.1737 
1786080266.560 -0.01 -0.008 -0.006349997 -0.0074 61.5631 -83.033 -621.515 -367.144 -207.1749 
1786080266.767 -0.005 -0.004 -0.005079997 -0.0074 61.5631 -83.033 -621.515 -367.148 -207.1749 
1786080266.964 -0.01 -0.008 -0.006349997 -0.0074 61.5631 -83.033 -621.515 -367.144 -207.1749 
1786080267.160 -0.005 -0.004 -0.005079997 -0.0074 61.5631 -83.033 -621.515 -367.148 -207.1749 
1786080267.360 -0.01 -0.008 -0.005079997 -0.0074 61.5631 -83.033 -621.515 -367.148 -207.1749 
1786080267.559 -0.005 -0.008 -0.006349997 -0.0074 61.5631 -83.033 -621.51 -367.144 -207.1737 
1786080267.761 -0.01 -0.008 -0.006349997 -0.0074 61.5631 -83.033 -621.51 -367.144 -207.1737 
1786080267.959 -0.01 -0.008 -0.006349997 -0.0074 61.5631 -83.033 -621.51 -367.144 -207.1737 
1786080268.164 -0.01 -0.008 -0.006349997 -0.0074 61.5631 -83.033 -621.51 -367.144 -207.1737 
1786080268.363 -0.005 -0.008 -0.006349997 -0.0074 61.5631 -83.033 -621.51 -367.144 -207.1737 
1786080268.563 -0.005 -0.004 -0.005079997 -0.0074 61.5631 -83.033 -621.515 -367.148 -207.1749 
1786080268.801 -0.01 -0.008 -0.005079997 -0.0074 61.5631 -83.033 -621.515 -367.144 -207.1749 
1786080269.006 -0.01 -0.008 -0.005079997 -0.0074 61.5631 -83.033 -621.51 -367.144 -207.1749 
1786080269.218 -0.005 -0.004 -0.005079997 -0.0074 61.5631 -83.033 -621.515 -367.148 -207.1749 
1786080269.418 -0.01 -0.008 -0.006349997 -0.0074 61.5631 -83.033 -621.51 -367.144 -207.1737 
1786080269.625 -0.005 -0.004 -0.005079997 -0.0074 61.5631 -83.033 -621.515 -367.148 -207.1749 
1786080269.830 -0.005 -0.008 -0.006349997 -0.0074 61.5631 -83.033 -621.51 -367.144 -207.1737 
1786080270.031 -0.005 -0.008 -0.005079997 -0.0024 61.5631 -83.033 -621.515 -367.144 -207.1749 
1786080270.220 -0.005 -0.004 -0.005079997 -0.0024 61.5631 -83.033 -621.515 -367.148 -207.1749 
1786080270.422 -0.005 -0.008 -0.005079997 -0.0024 61.5631 -83.033 -621.515 -367.144 -207.1749 
1786080270.635 -0.005 -0.008 -0.005079997 -0.0024 61.5631 -83.033 -621.515 -367.144 -207.1749 
1786080270.853 -0.005 -0.004 -0.005079997 -0.0074 61.5631 -83.033 -621.515 -367.148 -207.1749 
1786080271.072 -0.005 -0.004 -0.005079997 -0.0074 61.5631 -83.033 -621.515 -367.148 -207.1749 
1786080271.256 -0.005 -0.008 -0.005079997 -0.0074 61.5631 -83.033 -621.515 -367.144 -207.1749 
1786080271.462 -0.005 -0.004 -0.005079997 -0.0024 61.5631 -83.033 -621.515 -367.148 -207.1749 
1786080271.649 -0.005 -0.008 -0.005079997 -0.0024 61.5631 -83.033 -621.515 -367.148 -207.1749 
1786080271.828 -0.005 -0.004 -0.005079997 -0.0074 61.5631 -83.033 -621.515 -367.148 -207.1749 
1786080271.997 -0.005 -0.004 -0.005079997 -0.0024 61.5631 -83.033 -621.515 -367.148 -207.1749 
1786080272.167 -0.005 -0.004 -0.005079997 -0.0024 61.5631 -83.033 -621.515 -367.148 -207.1749 
1786080272.354 -0.005 -0.008 -0.005079997 -0.0074 61.5631 -83.033 -621.515 -367.144 -207.1749 
1786080272.519 -0.005 -0.008 -0.005079997 -0.0074 61.5631 -83.033 -621.515 -367.144 -207.1749 
1786080272.705 -0.01 -0.008 -0.006349997 -0.0074 61.5631 -83.033 -621.515 -367.144 -207.1737 
1786080272.878 -0.005 -0.004 -0.005079997 -0.0024 61.5631 -83.033 -621.515 -367.148 -207.1749 
1786080273.051 -0.005 -0.004 -0.006349997 -0.0024 61.5631 -83.033 -621.515 -367.148 -207.1737 
1786080273.242 -0.005 -0.004 -0.005079997 -0.0024 61.5631 -83.033 -621.515 -367.148 -207.1749 
1786080273.430 -0.01 -0.008 -0.005079997 -0.0024 61.5631 -83.033 -621.515 -367.148 -207.1749 
1786080273.604 -0.01 -0.008 -0.005079997 -0.0024 61.5631 -83.033 -621.51 -367.144 -207.1749 
1786080273.784 -0.005 -0.004 -0.005079997 -0.0024 61.5631 -83.033 -621.515 -367.148 -207.1749 
1786080273.972 -0.005 -0.004 -0.005079997 -0.0024 61.5631 -83.033 -621.515 -367.148 -207.1749 
1786080274.149 -0.005 -0.004 -0.006349997 -0.0024 61.5631 -83.033 -621.515 -367.148 -207.1737 
1786080274.328 -0.005 -0.004 -0.005079997 -0.0024 61.5631 -83.033 -621.515 -367.148 -207.1749 
1786080274.516 -0.01 -0.008 -0.005079997 -0.0024 61.5631 -83.033 -621.515 -367.144 -207.1749 
1786080274.695 -0.005 -0.004 -0.006349997 -0.0074 61.5631 -83.033 -621.515 -367.148 -207.1737 
1786080274.872 -0.01 -0.008 -0.005079997 -0.0024 61.5631 -83.033 -621.51 -367.144 -207.1749 
1786080275.064 -0.005 -0.004 -0.005079997 -0.0024 61.5631 -83.033 -621.515 -367.148 -207.1749 
1786080275.236 -0.005 -0.004 -0.005079997 -0.0024 61.5631 -83.033 -621.515 -367.148 -207.1749 
1786080275.407 -0.005 -0.004 -0.005079997 -0.0024 61.5631 -83.033 -621.515 -367.148 -207.1749 
1786080275.585 -0.01 -0.008 -0.006349997 -0.0024 61.5631 -83.033 -621.515 -367.148 -207.1749 
1786080275.761 -0.005 -0.004 -0.006349997 -0.0074 61.5631 -83.033 -621.51 -367.148 -207.1737 
1786080275.941 -0.01 -0.004 -0.006349997 -0.0024 61.5631 -83.033 -621.515 -367.148 -207.1737 
1786080276.127 -0.005 -0.004 -0.005079997 -0.0024 61.5631 -83.033 -621.515 -367.148 -207.1749 
1786080276.319 -0.005 -0.004 -0.005079997 -0.0024 61.5631 -83.033 -621.515 -367.148 -207.1749 
1786080276.494 -0.005 -0.004 -0.003809998 -0.0024 61.5631 -83.033 -621.515 -367.148 -207.1762 
1786080276.665 -0.005 -0.004 -0.005079997 -0.0024 61.5631 -83.033 -621.515 -367.148 -207.1749 
1786080276.842 -0.005 -0.008 -0.005079997 -0.0024 61.5631 -83.033 -621.515 -367.144 -207.1749 
1786080277.015 -0.005 -0.004 -0.005079997 -0.0024 61.5631 -83.033 -621.515 -367.148 -207.1749 
1786080277.209 -0.005 -0.004 -0.003809998 -0.0024 61.5631 -83.033 -621.515 -367.148 -207.1762 
1786080277.409 4.547578e-15 -0.004 -0.003809998 -0.0024 61.5631 -83.033 -621.52 -367.148 -207.1762 
1786080277.610 4.547578e-15 -0.008 -0.005079997 -0.0024 61.5631 -83.033 -621.52 -367.144 -207.1749 
1786080277.795 4.547578e-15 -0.004 -0.003809998 -0.0024 61.5631 -83.033 -621.52 -367.148 -207.1762 
1786080277.979 0.005 -0.004 -0.003809998 -0.0024 61.5631 -83.033 -621.525 -367.148 -207.1762 
1786080278.158 0.005 -0.004 -0.003809998 -0.0024 61.5631 -83.033 -621.525 -367.148 -207.1749 
1786080278.344 0.005 -0.004 -0.005079997 -0.0024 61.5631 -83.033 -621.525 -367.148 -207.1749 
1786080278.543 0.005 -0.004 -0.003809998 -0.0024 61.5631 -83.033 -621.525 -367.148 -207.1762 
1786080278.734 0.005 -0.004 -0.005079997 -0.0024 61.5631 -83.033 -621.525 -367.148 -207.1749 
1786080278.912 4.547578e-15 -0.004 -0.005079997 -0.0024 61.5631 -83.033 -621.52 -367.148 -207.1749 
1786080279.115 4.547578e-15 -0.004 -0.003809998 -0.0024 61.5631 -83.033 -621.52 -367.148 -207.1762 
1786080279.302 4.547578e-15 -0.004 -0.003809998 -0.0024 61.5631 -83.033 -621.52 -367.148 -207.1762 
1786080279.492 -0.005 -0.004 -0.005079997 -0.0024 61.5631 -83.033 -621.515 -367.148 -207.1749 
1786080279.679 -0.005 -0.004 -0.005079997 -0.0024 61.5631 -83.033 -621.515 -367.148 -207.1749 
1786080279.856 -0.005 -0.004 -0.005079997 -0.0024 61.5631 -83.033 -621.515 -367.148 -207.1749 
1786080280.031 -0.005 -0.004 -0.003809998 -0.0024 61.5631 -83.033 -621.515 -367.148 -207.1762 
1786080280.227 -0.005 -0.004 -0.003809998 -0.0024 61.5631 -83.033 -621.515 -367.148 -207.1762 
1786080280.396 -0.005 -0.004 -0.005079997 -0.0024 61.5631 -83.033 -621.515 -367.148 -207.1749 
1786080280.589 4.547578e-15 -0.004 -0.003809998 -0.0024 61.5631 -83.033 -621.52 -367.148 -207.1762 
1786080280.764 4.547578e-15 -0.004 -0.003809998 -0.0024 61.5631 -83.033 -621.52 -367.148 -207.1762 
1786080280.935 0.005 -0.004 -0.003809998 -0.0024 61.5631 -83.033 -621.525 -367.148 -207.1762 
1786080281.128 0.005 -0.004 -0.003809998 -0.0024 61.5631 -83.033 -621.525 -367.148 -207.1762 
1786080281.324 0.005 -0.004 -0.003809998 -0.0024 61.5631 -83.033 -621.525 -367.148 -207.1762 
1786080281.489 0.005 -0.004 -0.003809998 -0.0024 61.5631 -83.033 -621.525 -367.148 -207.1762 
1786080281.651 0.005 -0.004 -0.003809998 -0.0024 61.5631 -83.033 -621.525 -367.148 -207.1762 
1786080281.817 4.547578e-15 -0.004 -0.003809998 -0.0024 61.5631 -83.033 -621.52 -367.148 -207.1762 
1786080281.977 4.547578e-15 -0.004 -0.003809998 -0.0024 61.5631 -83.033 -621.52 -367.148 -207.1762 
1786080282.158 4.547578e-15 -0.004 -0.003809998 0.0026 61.5631 -83.033 -621.52 -367.148 -207.1762 
1786080282.338 4.547578e-15 -0.004 -0.003809998 0.0026 61.5631 -83.033 -621.52 -367.148 -207.1762 
1786080282.522 4.547578e-15 -0.004 -0.003809998 0.0026 61.5631 -83.033 -621.52 -367.148 -207.1762 
1786080282.684 -0.005 -0.004 -0.003809998 0.0026 61.5631 -83.033 -621.515 -367.148 -207.1762 
1786080282.849 -0.005 -0.004 -0.003809998 0.0026 61.5631 -83.033 -621.515 -367.148 -207.1762 
1786080283.008 -0.005 -0.004 -0.003809998 0.0026 61.5631 -83.033 -621.515 -367.148 -207.1762 
1786080283.168 -0.005 -0.004 -0.003809998 0.0026 61.5631 -83.033 -621.515 -367.148 -207.1762 
1786080283.351 -0.005 -0.004 -0.005079997 0.0026 61.5631 -83.033 -621.515 -367.148 -207.1749 
1786080283.520 -0.005 1.864481e-14 -0.003809998 0.0026 61.5631 -83.033 -621.515 -367.152 -207.1762 
1786080283.708 -0.005 1.864481e-14 -0.003809998 0.0026 61.5631 -83.033 -621.515 -367.152 -207.1762 
1786080283.890 -0.005 1.864481e-14 -0.003809998 0.0026 61.5631 -83.033 -621.515 -367.152 -207.1762 
1786080284.089 -0.005 1.864481e-14 -0.005079997 -0.0024 61.5631 -83.033 -621.515 -367.152 -207.1749 
1786080284.293 -0.005 1.864481e-14 -0.003809998 0.0026 61.5631 -83.033 -621.515 -367.152 -207.1762 
1786080284.468 -0.005 -0.004 -0.002539999 0.0026 61.5631 -83.033 -621.515 -367.148 -207.1775 
1786080284.700 4.547578e-15 -0.004 -0.001269999 0.0026 61.5631 -83.033 -621.52 -367.148 -207.1787 
1786080284.882 0.005 1.864481e-14 0.001269999 0.0026 61.5631 -83.033 -621.525 -367.152 -207.1813 
1786080285.068 0.005 1.864481e-14 0.002539999 0.0026 61.5631 -83.033 -621.525 -367.152 -207.1825 
1786080285.246 0.005 1.864481e-14 0.003809998 0.0026 61.5631 -83.033 -621.525 -367.152 -207.1838 
1786080285.483 0.005 1.864481e-14 0.003809998 0.0026 61.5631 -83.033 -621.525 -367.152 -207.1838 
1786080285.679 0.005 1.864481e-14 0.003809998 0.0026 61.5631 -83.033 -621.525 -367.152 -207.1838 
1786080285.859 0.005 1.864481e-14 0.002539999 0.0026 61.5631 -83.033 -621.525 -367.152 -207.1825 
1786080286.049 0.005 1.864481e-14 0.002539999 0.0026 61.5631 -83.033 -621.525 -367.152 -207.1825 
1786080286.212 4.547578e-15 1.864481e-14 0.001269999 0.0026 61.5631 -83.033 -621.52 -367.152 -207.1813 
1786080286.371 4.547578e-15 -0.004 0.001269999 0.0026 61.5631 -83.033 -621.52 -367.148 -207.1813 
1786080286.540 4.547578e-15 -0.004 0.001269999 0.0026 61.5631 -83.033 -621.52 -367.148 -207.1813 
1786080286.708 -0.005 -0.004 -3.022842e-14 0.0026 61.5631 -83.033 -621.515 -367.148 -207.18 
1786080286.876 -0.005 -0.004 -3.022842e-14 0.0026 61.5631 -83.033 -621.515 -367.148 -207.18 
1786080287.038 -0.005 -0.004 -0.001269999 0.0026 61.5631 -83.033 -621.515 -367.148 -207.1787 
1786080287.200 -0.005 1.864481e-14 -0.001269999 0.0026 61.5631 -83.033 -621.515 -367.152 -207.1787 
1786080287.360 -0.005 1.864481e-14 -0.001269999 0.0026 61.5631 -83.033 -621.515 -367.152 -207.1787 
1786080287.517 -0.005 1.864481e-14 -0.002539999 0.0026 61.5631 -83.033 -621.515 -367.152 -207.1775 
1786080287.685 -0.005 1.864481e-14 -0.002539999 0.0026 61.5631 -83.033 -621.515 -367.152 -207.1775 
1786080287.843 -0.005 1.864481e-14 -0.003809998 0.0026 61.5631 -83.033 -621.515 -367.152 -207.1762 
1786080288.006 -0.01 1.864481e-14 -0.003809998 0.0026 61.5631 -83.033 -621.515 -367.152 -207.1762 
1786080288.168 -0.005 1.864481e-14 -0.003809998 0.0026 61.5631 -83.033 -621.515 -367.152 -207.1762 
1786080288.332 -0.005 1.864481e-14 -0.003809998 0.0026 61.5631 -83.033 -621.515 -367.152 -207.1762 
1786080288.494 -0.005 -0.004 -0.002539999 0.0026 61.5631 -83.033 -621.515 -367.148 -207.1775 
1786080288.655 4.547578e-15 -0.004 -0.002539999 0.0026 61.5631 -83.033 -621.52 -367.148 -207.1775 
1786080288.817 4.547578e-15 -0.004 -0.001269999 0.0026 61.5631 -83.033 -621.52 -367.148 -207.1787 
1786080288.977 0.005 -0.004 -3.022842e-14 0.0026 61.5631 -83.033 -621.525 -367.148 -207.18 
1786080289.208 0.005 -0.004 0.001269999 0.0026 61.5631 -83.033 -621.525 -367.148 -207.1813 
1786080289.374 0.005 -0.004 0.002539999 0.0026 61.5631 -83.033 -621.525 -367.148 -207.1825 
1786080289.540 0.005 -0.004 0.003809998 0.0026 61.5631 -83.033 -621.525 -367.148 -207.1838 
1786080289.706 0.005 -0.004 0.003809998 0.0026 61.5631 -83.033 -621.525 -367.148 -207.1838 
1786080289.866 0.005 -0.004 0.003809998 0.0026 61.5631 -83.033 -621.525 -367.148 -207.1838 
1786080290.028 0.005 -0.004 0.002539999 0.0026 61.5631 -83.033 -621.525 -367.148 -207.1825 
1786080290.188 4.547578e-15 -0.004 0.002539999 0.0026 61.5631 -83.033 -621.52 -367.148 -207.1825 
1786080290.352 4.547578e-15 -0.004 0.002539999 0.0076 61.5631 -83.033 -621.52 -367.148 -207.1825 
1786080290.520 4.547578e-15 -0.004 0.001269999 0.0026 61.5631 -83.033 -621.52 -367.148 -207.1813 
1786080290.703 -0.005 -0.004 -3.022842e-14 0.0026 61.5631 -83.033 -621.515 -367.148 -207.18 
1786080290.867 -0.005 -0.004 -3.022842e-14 0.0026 61.5631 -83.033 -621.515 -367.148 -207.18 
1786080291.030 -0.005 -0.004 -0.001269999 0.0026 61.5631 -83.033 -621.515 -367.148 -207.1787 
1786080291.191 -0.005 -0.004 -0.002539999 0.0026 61.5631 -83.033 -621.515 -367.148 -207.1775 
1786080291.353 -0.005 -0.004 -0.002539999 0.0026 61.5631 -83.033 -621.515 -367.148 -207.1775 
1786080291.519 -0.005 -0.004 -0.002539999 0.0026 61.5631 -83.033 -621.515 -367.148 -207.1775 
1786080291.678 -0.005 -0.004 -0.002539999 0.0026 61.5631 -83.033 -621.515 -367.148 -207.1775 
1786080291.836 -0.005 -0.004 -0.002539999 0.0026 61.5631 -83.033 -621.515 -367.148 -207.1775 
1786080291.998 4.547578e-15 -0.004 -0.003809998 0.0026 61.5631 -83.033 -621.52 -367.148 -207.1762 
1786080292.158 4.547578e-15 -0.004 -0.003809998 0.0026 61.5631 -83.033 -621.52 -367.148 -207.1762 
1786080292.320 4.547578e-15 -0.004 -0.003809998 0.0026 61.5631 -83.033 -621.52 -367.148 -207.1762 
1786080292.483 0.005 -0.004 -0.003809998 0.0026 61.5631 -83.033 -621.525 -367.148 -207.1762 
1786080292.672 0.005 -0.004 -0.003809998 0.0026 61.5631 -83.033 -621.525 -367.148 -207.1762 
1786080292.864 0.005 -0.004 -0.003809998 0.0026 61.5631 -83.033 -621.525 -367.148 -207.1762 
1786080293.031 0.005 -0.004 -0.003809998 0.0026 61.5631 -83.033 -621.525 -367.148 -207.1762 
1786080293.211 0.005 -0.004 -0.003809998 0.0026 61.5631 -83.033 -621.525 -367.148 -207.1762 
1786080293.395 4.547578e-15 -0.004 -0.003809998 0.0026 61.5631 -83.033 -621.52 -367.148 -207.1762 
1786080293.593 4.547578e-15 -0.004 -0.002539999 0.0026 61.5631 -83.033 -621.52 -367.148 -207.1775 
1786080293.795 -0.005 -0.004 -0.001269999 0.0026 61.5631 -83.033 -621.515 -367.148 -207.1787 
1786080293.962 -0.005 -0.004 -0.001269999 0.0026 61.5631 -83.033 -621.515 -367.148 -207.1787 
1786080294.121 -0.005 -0.004 -0.001269999 0.0026 61.5631 -83.033 -621.515 -367.148 -207.1787 
1786080294.297 -0.005 -0.004 -0.001269999 0.0026 61.5631 -83.033 -621.515 -367.148 -207.1787 
1786080294.464 -0.005 -0.004 -0.001269999 -0.0024 61.5631 -83.033 -621.515 -367.148 -207.1787 
1786080294.659 -0.005 -0.004 -3.022842e-14 -0.0024 61.5631 -83.033 -621.515 -367.148 -207.18 
1786080294.852 4.547578e-15 -0.004 -3.022842e-14 -0.0024 61.5631 -83.033 -621.52 -367.148 -207.18 
1786080295.029 -0.005 -0.008 -0.001269999 -0.0024 61.5631 -83.033 -621.515 -367.144 -207.1787 
1786080295.196 -0.005 -0.008 -0.001269999 -0.0024 61.5631 -83.033 -621.515 -367.144 -207.1787 
1786080295.360 4.547578e-15 -0.004 -0.001269999 -0.0024 61.5631 -83.033 -621.52 -367.148 -207.1787 
1786080295.522 4.547578e-15 -0.004 -0.001269999 -0.0024 61.5631 -83.033 -621.52 -367.148 -207.1787 
1786080295.694 -0.005 -0.004 -0.001269999 -0.0024 61.5631 -83.033 -621.515 -367.148 -207.1787 
1786080295.860 4.547578e-15 -0.004 -0.001269999 -0.0024 61.5631 -83.033 -621.52 -367.148 -207.1787 
1786080296.019 4.547578e-15 -0.004 -3.022842e-14 -0.0024 61.5631 -83.033 -621.52 -367.148 -207.18 
1786080296.178 4.547578e-15 -0.004 -3.022842e-14 -0.0024 61.5631 -83.033 -621.52 -367.148 -207.18 
1786080296.340 4.547578e-15 -0.004 0.001269999 -0.0024 61.5631 -83.033 -621.52 -367.148 -207.1813 
1786080296.499 4.547578e-15 -0.004 0.001269999 -0.0024 61.5631 -83.033 -621.52 -367.148 -207.1813 
1786080296.663 0.005 -0.004 0.001269999 -0.0024 61.5631 -83.033 -621.525 -367.148 -207.1813 
1786080296.822 0.01 -0.004 -0.001269999 0.01 61.5631 -83.033 -621.935 -367.464 -207.2587 
1786080296.982 -0.005 -1.591782e-14 1.100747e-14 -0.005 61.5631 -83.033 -621.92 -367.064 -207.1749 
1786080297.144 -4.551914e-15 -1.591782e-14 1.100747e-14 -5.456746e-14 61.5631 -83.033 -621.885 -367.064 -207.1749 
1786080297.305 -4.551914e-15 -1.591782e-14 1.100747e-14 -5.456746e-14 61.5631 -83.033 -621.885 -367.064 -207.1749 
1786080297.465 -4.551914e-15 -1.591782e-14 1.100747e-14 -5.456746e-14 61.5631 -83.033 -621.885 -367.064 -207.1749 
1786080297.639 -4.551914e-15 -1.591782e-14 1.100747e-14 -5.456746e-14 61.5631 -83.033 -621.885 -367.064 -207.1749 
1786080297.821 -4.551914e-15 -1.591782e-14 1.100747e-14 -5.456746e-14 61.5631 -83.033 -621.885 -367.064 -207.1749 
1786080298.017 -4.551914e-15 -1.591782e-14 1.100747e-14 -5.456746e-14 61.5631 -83.033 -621.885 -367.064 -207.1749 
1786080298.185 -4.551914e-15 -1.591782e-14 1.100747e-14 -5.456746e-14 61.5631 -83.033 -621.885 -367.064 -207.1749 
1786080298.352 -4.551914e-15 -1.591782e-14 1.100747e-14 -5.456746e-14 61.5631 -83.033 -621.885 -367.064 -207.1749 
1786080298.520 -4.551914e-15 -1.591782e-14 1.100747e-14 -5.456746e-14 61.5631 -83.033 -621.885 -367.064 -207.1749 
1786080298.679 -4.551914e-15 -1.591782e-14 1.100747e-14 -5.456746e-14 61.5631 -83.033 -621.885 -367.064 -207.1749 
1786080298.836 -4.551914e-15 -1.591782e-14 1.100747e-14 -5.456746e-14 61.5631 -83.033 -621.885 -367.064 -207.1749 
1786080298.998 -4.551914e-15 -1.591782e-14 1.100747e-14 -5.456746e-14 61.5631 -83.033 -621.885 -367.064 -207.1749 
1786080299.156 -4.551914e-15 -1.591782e-14 1.100747e-14 -5.456746e-14 61.5631 -83.033 -621.885 -367.064 -207.1749 
1786080299.317 -4.551914e-15 -1.591782e-14 1.100747e-14 -5.456746e-14 61.5631 -83.033 -621.885 -367.064 -207.1749 
1786080299.475 -4.551914e-15 -1.591782e-14 1.100747e-14 -5.456746e-14 61.5631 -83.033 -621.885 -367.064 -207.1749 
1786080299.650 -4.551914e-15 -1.591782e-14 1.100747e-14 -5.456746e-14 61.5631 -83.033 -621.885 -367.064 -207.1749 
1786080299.810 -4.551914e-15 -1.591782e-14 1.100747e-14 -5.456746e-14 61.5631 -83.033 -621.885 -367.064 -207.1749 
1786080299.967 -4.551914e-15 -1.591782e-14 1.100747e-14 -5.456746e-14 61.5631 -83.033 -621.885 -367.064 -207.1749 
1786080300.125 -4.551914e-15 -1.591782e-14 1.100747e-14 -5.456746e-14 61.5631 -83.033 -621.885 -367.064 -207.1749 
1786080300.303 -4.551914e-15 -1.591782e-14 1.100747e-14 -5.456746e-14 61.5631 -83.033 -621.885 -367.064 -207.1749 
1786080300.469 -4.551914e-15 -1.591782e-14 1.100747e-14 -5.456746e-14 61.5631 -83.033 -621.885 -367.064 -207.1749 
1786080300.639 -4.551914e-15 -1.591782e-14 1.100747e-14 -5.456746e-14 61.5631 -83.033 -621.885 -367.064 -207.1749 
1786080300.836 -4.551914e-15 -1.591782e-14 1.100747e-14 -5.456746e-14 61.5631 -83.033 -621.885 -367.064 -207.1749 
1786080301.003 -4.551914e-15 -1.591782e-14 1.100747e-14 -5.456746e-14 61.5631 -83.033 -621.885 -367.064 -207.1749 
1786080301.162 -4.551914e-15 -1.591782e-14 1.100747e-14 -5.456746e-14 61.5631 -83.033 -621.885 -367.064 -207.1749 
1786080301.324 -4.551914e-15 -1.591782e-14 1.100747e-14 -5.456746e-14 61.5631 -83.033 -621.885 -367.064 -207.1749 
1786080301.483 -4.551914e-15 -1.591782e-14 1.100747e-14 -5.456746e-14 61.5631 -83.033 -621.885 -367.064 -207.1749 
1786080301.641 -4.551914e-15 -1.591782e-14 1.100747e-14 -5.456746e-14 61.5631 -83.033 -621.885 -367.064 -207.1749 
1786080301.802 -4.551914e-15 -1.591782e-14 1.100747e-14 -5.456746e-14 61.5631 -83.033 -621.885 -367.064 -207.1749 
1786080301.964 -4.551914e-15 -1.591782e-14 1.100747e-14 -5.456746e-14 61.5631 -83.033 -621.885 -367.064 -207.1749 
1786080302.124 -4.551914e-15 -1.591782e-14 1.100747e-14 -5.456746e-14 61.5631 -83.033 -621.885 -367.064 -207.1749 
1786080302.283 -4.551914e-15 -1.591782e-14 1.100747e-14 -5.456746e-14 61.5631 -83.033 -621.885 -367.064 -207.1749 
1786080302.440 -4.551914e-15 -1.591782e-14 1.100747e-14 -5.456746e-14 61.5631 -83.033 -621.885 -367.064 -207.1749 
1786080302.599 -4.551914e-15 -1.591782e-14 1.100747e-14 -5.456746e-14 61.5631 -83.033 -621.885 -367.064 -207.1749 
1786080302.757 -4.551914e-15 -1.591782e-14 1.100747e-14 -5.456746e-14 61.5631 -83.033 -621.885 -367.064 -207.1749 
1786080302.915 -4.551914e-15 -1.591782e-14 1.100747e-14 -5.456746e-14 61.5631 -83.033 -621.885 -367.064 -207.1749 
1786080303.074 -4.551914e-15 -1.591782e-14 1.100747e-14 -5.456746e-14 61.5631 -83.033 -621.885 -367.064 -207.1749 
1786080303.234 -4.551914e-15 -1.591782e-14 1.100747e-14 -5.456746e-14 61.5631 -83.033 -621.885 -367.064 -207.1749 
1786080303.393 -4.551914e-15 -1.591782e-14 1.100747e-14 -5.456746e-14 61.5631 -83.033 -621.885 -367.064 -207.1749 
1786080303.550 -4.551914e-15 -1.591782e-14 1.100747e-14 -5.456746e-14 61.5631 -83.033 -621.885 -367.064 -207.1749 
1786080303.711 -4.551914e-15 -1.591782e-14 1.100747e-14 -5.456746e-14 61.5631 -83.033 -621.885 -367.064 -207.1749 
1786080303.870 -4.551914e-15 -1.591782e-14 1.100747e-14 -5.456746e-14 61.5631 -83.033 -621.885 -367.064 -207.1749 
1786080304.028 -4.551914e-15 -1.591782e-14 1.100747e-14 -5.456746e-14 61.5631 -83.033 -621.885 -367.064 -207.1749 
1786080304.187 -4.551914e-15 -1.591782e-14 1.100747e-14 -5.456746e-14 61.5631 -83.033 -621.885 -367.064 -207.1749 
1786080304.348 -4.551914e-15 -1.591782e-14 1.100747e-14 -5.456746e-14 61.5631 -83.033 -621.885 -367.064 -207.1749 
1786080304.506 -4.551914e-15 -1.591782e-14 1.100747e-14 -5.456746e-14 61.5631 -83.033 -621.885 -367.064 -207.1749 
1786080304.666 -4.551914e-15 -1.591782e-14 1.100747e-14 -5.456746e-14 61.5631 -83.033 -621.885 -367.064 -207.1749 
1786080304.826 -4.551914e-15 -1.591782e-14 1.100747e-14 -5.456746e-14 61.5631 -83.033 -621.885 -367.064 -207.1749 
1786080304.984 -4.551914e-15 -1.591782e-14 1.100747e-14 -5.456746e-14 61.5631 -83.033 -621.885 -367.064 -207.1749 
1786080305.148 -4.551914e-15 -1.591782e-14 1.100747e-14 -5.456746e-14 61.5631 -83.033 -621.885 -367.064 -207.1749 
1786080305.306 -4.551914e-15 -1.591782e-14 1.100747e-14 -5.456746e-14 61.5631 -83.033 -621.885 -367.064 -207.1749 
1786080305.468 -4.551914e-15 -1.591782e-14 1.100747e-14 -5.456746e-14 61.5631 -83.033 -621.885 -367.064 -207.1749 
1786080305.627 -4.551914e-15 -1.591782e-14 1.100747e-14 -5.456746e-14 61.5631 -83.033 -621.885 -367.064 -207.1749 
1786080305.788 -4.551914e-15 -1.591782e-14 1.100747e-14 -5.456746e-14 61.5631 -83.033 -621.885 -367.064 -207.1749 
1786080305.948 -4.551914e-15 -1.591782e-14 1.100747e-14 -5.456746e-14 61.5631 -83.033 -621.885 -367.064 -207.1749 
1786080306.106 -4.551914e-15 -1.591782e-14 1.100747e-14 -5.456746e-14 61.5631 -83.033 -621.885 -367.064 -207.1749 
1786080306.267 -4.551914e-15 -1.591782e-14 1.100747e-14 -5.456746e-14 61.5631 -83.033 -621.885 -367.064 -207.1749 
1786080306.429 -0.055 -0.084 -0.02539999 -0.0424 61.5631 -83.033 -621.83 -366.98 -207.1495 
1786080306.591 -0.045 -0.056 -0.02412999 -0.0474 61.5631 -83.033 -621.84 -367.008 -207.1508 
1786080306.751 -0.045 -0.052 -0.02412999 -0.0474 61.5631 -83.033 -621.84 -367.012 -207.1508 
1786080306.912 -0.045 -0.048 -0.02285999 -0.0424 61.5631 -83.033 -621.84 -367.016 -207.1521 
1786080307.098 -0.045 -0.048 -0.02285999 -0.0424 61.5631 -83.033 -621.84 -367.016 -207.1521 
1786080307.266 -0.04 -0.048 -0.02158999 -0.0424 61.5631 -83.033 -621.845 -367.016 -207.1533 
1786080307.434 -0.04 -0.044 -0.02285999 -0.0424 61.5631 -83.033 -621.845 -367.016 -207.1521 
1786080307.594 -0.035 -0.044 -0.02158999 -0.0424 61.5631 -83.033 -621.85 -367.02 -207.1533 
1786080307.755 -0.035 -0.04 -0.01904999 -0.0374 61.5631 -83.033 -621.85 -367.024 -207.1559 
1786080307.916 -0.035 -0.04 -0.01904999 -0.0374 61.5631 -83.033 -621.85 -367.024 -207.1559 
1786080308.082 -0.03456468 -0.03800112 -0.01867879 -0.0367379 61.5631 -83.033 -621.85 -367.028 -207.1559 
1786080308.276 -0.02992818 -0.03216857 -0.01564298 -0.02712818 61.5631 -83.033 -621.835 -367.124 -207.1432 
1786080308.441 -0.02808489 -0.03166619 -0.01646258 -0.02528489 61.5631 -83.033 -621.795 -367.316 -207.1089 
1786080308.602 -0.02613399 -0.03360838 -0.01543166 -0.02288442 61.5631 -83.033 -621.735 -367.6 -207.0606 
1786080308.767 -0.02799048 -0.02909287 -0.01534413 -0.02460583 61.5631 -83.033 -621.65 -367.976 -206.9946 
1786080308.926 -0.0263721 -0.02983845 -0.01493844 -0.0235721 61.5631 -83.033 -621.545 -368.452 -206.912 
1786080309.090 -0.02737085 -0.03174674 -0.01422521 -0.02370164 61.5631 -83.033 -621.415 -369.024 -206.8117 
1786080309.256 -0.02450457 -0.03124249 -0.01443199 -0.02170457 61.5631 -83.033 -621.26 -369.708 -206.6923 
1786080309.420 -0.02509403 -0.02785083 -0.01428777 -0.02229403 61.40393 -82.72041 -621.08 -370.488 -206.5564 
1786080309.581 0.009082785 0.005109588 0.0005833723 0.01188279 61.36159 -81.85796 -620.91 -371.372 -206.4218 
1786080309.742 0.01524252 0.01563001 0.008076964 0.01304252 61.31675 -81.59648 -620.685 -372.336 -206.2618 
1786080309.907 0.01478814 0.01589947 0.009200891 0.01758814 61.26647 -81.30326 -620.42 -373.404 -206.0751 
1786080310.090 0.01968237 0.01444551 0.0101651 0.01696468 61.20802 -80.96243 -620.11 -374.64 -205.8579 
1786080310.261 0.01376454 0.01089938 0.008309365 0.01156454 61.1428 -80.58212 -619.745 -376.016 -205.6128 
1786080310.423 0.01428995 0.01026847 0.008491924 0.01208995 61.07904 -80.21033 -619.385 -377.36 -205.3753 
1786080310.584 0.01249592 0.01147123 0.008428876 0.01529592 61.01122 -79.81482 -618.99 -378.788 -205.1226 
1786080310.750 0.01359834 0.01249245 0.008775955 0.01639834 60.93711 -79.38265 -618.55 -380.344 -204.847 
1786080310.915 0.0135277 0.01031639 0.00779523 0.0113277 60.85782 -78.92031 -618.065 -382 -204.5511 
1786080311.078 0.008826207 0.01042372 0.008797781 0.009940865 60.77537 -78.43951 -617.545 -383.716 -204.245 
1786080311.239 0.01299392 0.01103683 0.009755533 0.01579392 60.68946 -77.93855 -616.99 -385.504 -203.9275 
1786080311.397 0.01568048 0.009079955 0.008899749 0.01348048 60.59969 -77.41508 -616.395 -387.36 -203.5935 
1786080311.559 0.01175838 0.008530493 0.007817596 0.00955838 60.50613 -76.86592 -615.745 -389.3 -203.243 
1786080311.727 0.01291323 0.01122746 0.007901794 0.01071323 60.40256 -76.26555 -615.02 -391.416 -202.862 
1786080311.899 0.01243434 0.009557783 0.007711602 0.01011156 60.29412 -75.63322 -614.23 -393.628 -202.4607 
1786080312.066 0.008338155 0.005423511 0.005925596 0.01139473 60.17947 -74.96467 -613.365 -395.952 -202.0352 
1786080312.232 0.009758724 0.009117816 0.007860413 0.01321222 60.06064 -74.27174 -612.445 -398.356 -201.5984 
1786080312.395 0.01147966 0.007678699 0.007656752 0.009279663 59.94358 -73.58909 -611.51 -400.704 -201.1666 
1786080312.572 0.01088575 0.007798074 0.006768377 0.01019173 59.80897 -72.80414 -610.4 -403.388 -200.67 
1786080312.737 0.006690084 0.00433225 0.005518134 0.009490084 59.67707 -72.035 -609.27 -405.996 -200.1836 
1786080312.903 0.008763221 0.007734234 0.00767521 0.01156322 59.5437 -71.25731 -608.1 -408.636 -199.6934 
1786080313.092 0.006586443 0.004615273 0.007070706 0.009386443 59.38421 -70.32729 -606.65 -411.724 -199.1104 
1786080313.262 0.01190977 0.007126086 0.007560838 0.009709771 59.23385 -69.45049 -605.245 -414.628 -198.5605 
1786080313.430 0.01026421 0.001344733 0.006457611 0.008064208 59.07852 -68.5447 -603.74 -417.592 -197.9916 
1786080313.594 0.008121582 0.004301312 0.007311814 0.01092158 58.92483 -67.64848 -602.205 -420.52 -197.4277 
1786080313.754 0.007880134 0.004070121 0.005984721 0.005680134 58.77043 -66.74816 -600.62 -423.396 -196.8676 
1786080313.953 0.007699631 0.003701199 0.00560175 0.006333361 58.5935 -65.71638 -598.75 -426.672 -196.2237 
1786080314.150 0.003617525 -0.007418996 0.006116016 0.01141752 58.37049 -64.41595 -596.305 -430.732 -195.4147 
1786080314.318 0.005931054 -0.006141092 0.004896501 0.003731054 58.19544 -63.3952 -594.33 -433.896 -194.7759 
1786080314.499 0.003757366 -0.006583639 0.005856192 0.006557366 57.99703 -62.2382 -592.02 -437.396 -194.0634 
1786080314.664 0.005952486 -0.009723116 0.005263763 0.008752486 57.80882 -61.14074 -589.77 -440.676 -193.384 
1786080314.857 0.0053371 -0.007907918 0.005894642 0.0081371 57.59477 -59.89254 -587.135 -444.348 -192.6144 
1786080315.041 0.005712034 -0.0082263 0.004979593 0.003512034 57.37964 -58.63086 -584.395 -447.988 -191.8371 
1786080315.236 0.007805259 -0.007000781 0.005909993 0.005605259 57.13785 -57.22812 -581.26 -451.952 -190.9761 
1786080315.421 0.001751302 -0.007763556 0.004216832 0.004551302 56.90824 -55.88915 -578.175 -455.648 -190.1544 
1786080315.641 -0.01418052 -0.02058815 -0.008392819 -0.01138052 56.64045 -54.3276 -574.465 -459.84 -189.1879 
1786080315.881 -0.01158818 -0.01705656 -0.008908064 -0.01378818 56.31426 -52.42551 -569.825 -464.804 -188.0297 
1786080316.111 -0.01430046 -0.01555133 -0.009269878 -0.01150046 56.03276 -50.78402 -565.695 -468.94 -187.034 
1786080316.331 -0.01334556 -0.01283494 -0.009349932 -0.008909407 55.7172 -48.9439 -560.94 -473.416 -185.9215 
1786080316.551 -0.01288979 -0.01372711 -0.008030294 -0.01219509 55.37392 -46.94213 -555.62 -478.076 -184.7175 
1786080316.755 -0.01417942 -0.01535918 -0.00820872 -0.01137942 55.07905 -45.22261 -550.91 -481.948 -183.6761 
1786080316.928 -0.01435918 -0.01345918 -0.007453578 -0.01155918 54.80484 -43.62367 -546.48 -485.336 -182.7312 
1786080317.128 -0.01335458 -0.01037535 -0.007467963 -0.01055458 54.50309 -41.86406 -541.49 -488.94 -181.6835 
1786080317.315 -0.01395885 -0.01177903 -0.007563852 -0.006158849 54.20915 -40.15 -536.535 -492.296 -180.6611 
1786080317.510 -0.009658385 -0.01347248 -0.007405982 -0.008809407 53.89294 -38.30612 -531.115 -495.684 -179.5766 
1786080317.727 -0.01033909 -0.009510909 -0.007198522 -0.008448577 53.57176 -36.43322 -525.52 -498.948 -178.4628 
1786080317.947 -0.01015681 -0.007518435 -0.006704888 -0.007045024 53.18136 -34.1467 -518.565 -502.652 -177.1344 
1786080318.117 -0.009647155 -0.005418714 -0.006906877 -0.006847155 52.87341 -32.36089 -513.055 -505.328 -176.093 
1786080318.320 -0.009449926 -0.008825042 -0.006698342 -0.006649926 52.5317 -30.36832 -506.835 -508.084 -174.936 
1786080318.518 -0.007107184 -0.01005198 -0.007053618 -0.004307184 52.19962 -28.42134 -500.69 -510.552 -173.8108 
1786080318.692 -0.006319391 -0.003970305 -0.006253288 -0.008519391 51.85238 -26.40698 -494.275 -512.864 -172.6513 
1786080318.883 -0.009163824 -0.006808966 -0.005305614 -0.006363824 51.51182 -24.41009 -487.86 -514.908 -171.5083 
1786080319.050 -0.007085585 -0.004725447 -0.007144889 -0.004285585 51.18426 -22.51101 -481.725 -516.628 -170.4237 
1786080319.224 -0.005035887 -0.005521792 -0.005486804 -0.0008844318 50.85532 -20.59288 -475.5 -518.14 -169.3366 
1786080319.417 -0.006787424 -0.002109954 -0.00543784 -0.008987424 50.4979 -18.50866 -468.705 -519.532 -168.1593 
1786080319.607 -0.008010258 0.002242364 -0.00585668 -0.007482382 50.12859 -16.35521 -461.675 -520.692 -166.949 
1786080319.790 -0.00769263 0.005198204 -0.005392789 -0.00489263 49.74919 -14.14271 -454.445 -521.588 -165.7133 
1786080319.969 -0.01056628 0.003438033 -0.006851538 -0.007766281 49.38207 -12.00189 -447.455 -522.168 -164.522 
1786080320.137 -0.008261297 0.004949558 -0.006292816 -0.006181383 49.03003 -9.949086 -440.775 -522.468 -163.3879 
1786080320.311 -0.005149898 0.007458529 -0.005898631 -0.007349898 48.67299 -7.867034 -434.03 -522.516 -162.2436 
1786080320.482 -0.005629648 0.00940562 -0.005547593 -0.002894949 48.30672 -5.731225 -427.145 -522.3 -161.0765 
1786080320.651 -0.002885806 0.009679729 -0.005744687 -0.005085806 47.95038 -3.653276 -420.5 -521.828 -159.9462 
1786080320.819 -0.0001646161 0.01214248 -0.005127681 -0.007364616 47.58276 -1.50963 -413.705 -521.084 -158.7879 
1786080320.984 -0.00618117 0.009494745 -0.006034577 -0.00338117 47.21464 0.6369839 -406.965 -520.072 -157.6335 
1786080321.155 -0.003315578 0.01231619 -0.00592815 -0.005191755 46.83502 2.850659 -400.11 -518.764 -156.4511 
1786080321.341 -0.005215194 0.008984622 -0.006702991 -0.01241519 46.43181 5.201911 -392.81 -517.04 -155.1811 
1786080321.511 -0.007666614 0.01148785 -0.005779048 -0.004866614 46.03516 7.514895 -385.955 -515.116 -153.9759 
1786080321.683 -0.008766079 0.008456393 -0.005703025 -0.005966079 45.64302 9.801552 -379.26 -512.924 -152.7859 
1786080321.857 -0.005320941 0.01132076 -0.005995274 -0.007520941 45.25086 12.08838 -372.675 -510.46 -151.5959 
1786080322.022 -0.007149225 0.01310797 -0.005403384 -0.007762612 44.8768 14.26967 -366.53 -507.868 -150.4682 
1786080322.187 -0.003741244 0.01191573 -0.005742081 -0.005941244 44.50719 16.42495 -360.605 -505.08 -149.362 
1786080322.355 -0.004392296 0.009243816 -0.006065036 -0.006592296 44.12856 18.63281 -354.69 -502 -148.2355 
1786080322.520 -0.008556221 0.0073584 -0.005999796 -0.01075622 43.75672 20.80112 -349.04 -498.764 -147.137 
1786080322.684 -0.002270674 0.01241228 -0.006217727 -0.009470674 43.38936 22.94334 -343.635 -495.376 -146.0587 
1786080322.855 -0.007172869 0.008284912 -0.006004126 -0.009372869 43.0063 25.17709 -338.17 -491.632 -144.9424 
1786080323.023 -0.007783323 0.008817652 -0.006441836 -0.009983323 42.6276 27.38534 -332.965 -487.744 -143.8464 
1786080323.195 -0.007266749 0.00901505 -0.005624884 -0.009466749 42.24456 29.61901 -327.9 -483.624 -142.7466 
1786080323.372 -0.00289849 0.0125343 -0.006167926 -0.00720336 41.84568 31.94496 -322.85 -479.148 -141.6087 
1786080323.542 -0.009071788 0.01000681 -0.005361587 -0.006271788 41.45124 34.24503 -318.08 -474.544 -140.4936 
1786080323.718 -0.003001576 0.01112202 -0.005455382 -0.005201576 41.06364 36.50528 -313.63 -469.86 -139.4052 
1786080323.884 -0.005198496 0.01067148 -0.004789968 -0.007398496 40.68272 38.72654 -309.475 -465.112 -138.3448 
1786080324.049 -0.005813702 0.0135049 -0.005375363 -0.008013702 40.31094 40.89447 -305.64 -460.352 -137.3161 
1786080324.240 -0.01005271 0.007170391 -0.005156071 -0.006202815 39.89181 43.33866 -301.58 -454.84 -136.1667 
1786080324.422 -0.005395575 0.009898206 -0.005837149 -0.007595575 39.48612 45.70423 -297.93 -449.384 -135.0631 
1786080324.593 -0.004476312 0.01150732 -0.005193358 -0.006676312 39.08497 48.04345 -294.585 -443.88 -133.9823 
1786080324.772 -0.006448371 0.006800952 -0.005368643 -0.008648371 38.69736 50.30369 -291.605 -438.464 -132.946 
1786080324.967 -0.006051333 0.007080658 -0.005393063 -0.008251333 38.25785 52.86661 -288.535 -432.236 -131.7814 
1786080325.155 -0.007569953 0.01142142 -0.005818051 -0.009769953 37.83194 55.35025 -285.87 -426.124 -130.6638 
1786080325.328 -0.002967479 0.004155464 -0.005165778 -0.01016748 37.43305 57.67628 -283.66 -420.332 -129.6275 
1786080325.511 -0.009031776 0.008907714 -0.005456619 -0.006038669 37.02744 60.04151 -281.68 -414.412 -128.5823 
1786080325.689 -0.008460993 0.00862821 -0.004723189 -0.01066099 36.62393 62.39446 -279.995 -408.488 -127.5536 
1786080325.854 -0.008523667 0.005225193 -0.00504334 -0.005723667 36.24087 64.62821 -278.645 -402.812 -126.5782 
1786080326.021 -0.006845124 0.004875819 -0.006623778 -0.009045124 35.87356 66.77009 -277.585 -397.396 -125.6575 
1786080326.190 -0.009039411 0.004266782 -0.005650371 -0.006239411 35.49983 68.94941 -276.75 -391.932 -124.7355 
1786080326.352 -0.006552829 0.0007640808 -0.005731442 -0.008752829 35.13983 71.0487 -276.16 -386.644 -123.849 
1786080326.512 -0.00767252 0.004652702 -0.00518837 -0.00487252 34.79295 73.07141 -275.79 -381.58 -123.0032 
1786080326.675 -0.004590933 0.007455891 -0.00489592 -0.006790933 34.44626 75.09311 -275.62 -376.548 -122.165 
1786080326.833 -0.009617335 -0.006343747 -0.005825879 -0.007017335 34.11461 77.02705 -275.63 -371.752 -121.3687 
1786080327.003 -0.008738821 -0.006262269 -0.005857389 -0.00786891 33.77486 79.00824 -275.83 -366.896 -120.561 
1786080327.170 -0.006368877 -0.001618988 -0.005443035 -0.008768877 33.4276 81.03318 -276.215 -361.988 -119.7431 
1786080327.339 -0.004574059 -0.004534386 -0.005380771 -0.006974059 33.08925 83.0062 -276.77 -357.256 -118.9531 
1786080327.505 -0.002375341 -0.001435901 -0.002544898 -0.004775341 32.75373 84.96274 -277.49 -352.632 -118.1797 
1786080327.674 -0.003846772 0.003044736 -0.001365995 -0.006246772 32.43097 86.84486 -278.335 -348.248 -117.4406 
1786080327.844 -0.003588075 0.003208527 0.0015889 -0.005988075 32.09941 88.78925 -279.365 -343.784 -116.6849 
1786080328.014 -0.002752506 -0.0001370817 0.00403208 -0.005152506 31.77297 90.68179 -280.52 -339.516 -115.9572 
1786080328.179 -0.0005488358 0.00604604 0.00503845 -0.00571349 31.4664 92.46952 -281.745 -335.564 -115.274 
1786080328.345 0.004426071 0.005874984 0.005382212 -0.007973929 31.16083 94.25141 -283.085 -331.696 -114.5983 
1786080328.516 0.002949756 0.003699808 0.005601309 0.0005497563 30.85273 96.04803 -284.56 -327.868 -113.9227 
1786080328.674 0.002941929 0.004360694 0.00643266 0.005541929 30.56558 97.72248 -286.04 -324.38 -113.2991 
1786080328.831 -0.002083736 -0.0003064328 0.006619714 0.005516264 30.28808 99.34063 -287.56 -321.076 -112.7009 
1786080328.993 0.002646425 7.238535e-06 0.006405478 0.005246425 30.01143 100.9538 -289.175 -317.86 -112.1091 
1786080329.152 -0.001872424 -0.000225095 0.005965116 0.005727576 29.73915 102.5416 -290.84 -314.768 -111.5313 
1786080329.310 0.003041104 -5.235687e-05 0.006179123 0.005641104 29.47457 104.0845 -292.545 -311.836 -110.975 
1786080329.473 0.00351081 -0.004860906 0.006545635 0.00611081 29.2078 105.6401 -294.335 -308.948 -110.4188 
1786080329.637 0.002077606 -0.007920188 0.006489486 0.009677606 28.94387 107.1791 -296.175 -306.168 -109.8727 
1786080329.801 -0.0005877715 -0.005385191 0.005976599 0.002012228 28.68294 108.7007 -298.06 -303.5 -109.3367 
1786080329.961 0.006392987 -0.006678095 0.00698848 0.008992987 28.4297 110.1774 -299.96 -300.98 -108.8224 
1786080330.120 0.003385228 -0.005985 0.006651357 0.005985228 28.18708 111.5922 -301.825 -298.636 -108.3321 
1786080330.278 0.006983669 -0.003462865 0.005789366 0.004583669 27.94724 112.9908 -303.725 -296.388 -107.8508 
1786080330.451 0.004562001 -0.003743963 0.006545776 0.007162001 27.70144 114.4241 -305.715 -294.152 -107.3631 
1786080330.615 0.001200656 -0.007558387 0.00533935 0.003800656 27.45464 115.8632 -307.76 -291.976 -106.8755 
1786080330.779 0.005337129 -0.001661487 0.00596463 0.007937129 27.21987 117.2322 -309.755 -289.984 -106.417 
1786080330.942 0.003562083 -0.004271957 0.005851885 0.009120439 26.99663 118.5341 -311.685 -288.144 -105.9839 
1786080331.108 0.006325916 -0.00530662 0.006045423 0.008925916 26.76963 119.8577 -313.68 -286.34 -105.547 
1786080331.281 0.001573899 -0.003877876 0.005026588 0.009173899 26.54078 121.1923 -315.72 -284.588 -105.1063 
1786080331.445 0.007043994 -0.005064986 0.005320117 0.004643994 26.32082 122.4749 -317.72 -282.964 -104.6923 
1786080331.606 0.007335347 -0.003388838 0.005920058 0.008224524 26.1133 123.685 -319.625 -281.492 -104.3024 
1786080331.766 0.006987608 -0.00210095 0.005571675 0.004587608 25.91276 124.8544 -321.49 -280.12 -103.9278 
1786080331.933 0.008002531 -0.002910175 0.00548045 0.004169973 25.70927 126.041 -323.4 -278.78 -103.5506 
1786080332.100 0.006158806 -0.003246538 0.005012974 0.008758806 25.50946 127.2061 -325.295 -277.516 -103.1823 
1786080332.265 0.003190134 -0.005625827 0.005468033 0.004704577 25.31666 128.3304 -327.14 -276.344 -102.8305 
1786080332.427 0.006525488 -0.00231094 0.005387133 0.004125488 25.13194 129.4076 -328.92 -275.272 -102.4952 
1786080332.585 0.004711347 -0.002218311 0.005515732 0.007311347 24.95497 130.4395 -330.635 -274.284 -102.1765 
1786080332.744 0.005132168 -0.001848639 0.00595841 0.007732168 24.78236 131.4461 -332.32 -273.36 -101.8678 
1786080332.901 0.004628055 -0.003555523 0.005010974 0.007228055 24.61513 132.4213 -333.96 -272.5 -101.5694 
1786080333.060 0.003947497 -0.003434688 0.005536367 0.006547497 24.45319 133.3656 -335.555 -271.704 -101.2836 
1786080333.232 0.001287857 -0.00205543 0.005451127 0.003887857 24.28265 134.3601 -337.25 -270.9 -100.9827 
1786080333.393 0.008590195 -0.00189822 0.005939439 0.006190195 24.12372 135.2868 -338.825 -270.192 -100.7071 
1786080333.550 0.0131641 0.0106281 0.007813362 0.0107641 23.97313 136.1649 -340.33 -269.56 -100.448 
1786080333.707 0.01597229 0.01271821 0.008423193 0.01451204 23.82867 137.0073 -341.775 -268.972 -100.1991 
1786080333.865 0.01323539 0.01215216 0.008694586 0.01083539 23.68933 137.8199 -343.165 -268.428 -99.96031 
1786080334.022 0.01708511 0.01324865 0.009797077 0.01968511 23.55244 138.6181 -344.54 -267.92 -99.7279 
1786080334.181 0.01390293 0.01395971 0.00758645 0.01322005 23.4182 139.4009 -345.88 -267.444 -99.49803 
1786080334.345 0.01001227 0.01048812 0.00717132 0.009598673 23.28833 140.1582 -347.185 -267.004 -99.27832 
1786080334.513 0.01208192 0.0125475 0.00720377 0.01195731 23.15517 140.9347 -348.52 -266.58 -99.0548 
1786080334.674 0.01546842 0.01336326 0.009532723 0.01561975 23.0336 141.6436 -349.745 -266.212 -98.85414 
1786080334.834 0.01342914 0.01062322 0.007292621 0.008858186 22.91651 142.3264 -350.92 -265.872 -98.65729 
1786080334.993 0.01000857 0.008914189 0.007352388 0.007608573 22.8059 142.9714 -352.03 -265.568 -98.47441 
1786080335.150 0.01212287 0.01033953 0.006974313 0.008102522 22.69893 143.5952 -353.105 -265.292 -98.29788 
1786080335.325 0.009372921 0.01079505 0.006980257 0.01197292 22.59124 144.2231 -354.185 -265.028 -98.12135 
1786080335.493 0.01077244 0.01113357 0.007796772 0.01234768 22.48411 144.8478 -355.26 -264.78 -97.94736 
1786080335.652 0.009067436 0.01161401 0.007082776 0.01166744 22.39077 145.3921 -356.195 -264.572 -97.79369 
1786080335.811 0.007628328 0.008285296 0.006386135 0.005228328 22.30177 145.9111 -357.085 -264.388 -97.65018 
1786080335.972 0.01004662 0.008627989 0.006186213 0.00764662 22.21605 146.411 -357.945 -264.22 -97.51175 
1786080336.137 0.007782022 0.007669703 0.00597069 0.01038202 22.13429 146.8878 -358.76 -264.068 -97.38094 
1786080336.325 0.01031299 0.006443381 0.006464778 0.008332096 22.04644 147.4 -359.645 -263.912 -97.2387 
1786080336.502 0.01017061 0.005787746 0.006571523 0.008494355 21.96871 147.8533 -360.41 -263.784 -97.11551 
1786080336.690 0.01204203 0.0092088 0.008109939 0.01070091 21.88911 148.3174 -361.21 -263.664 -96.99105 
1786080336.867 0.01144876 0.01150937 0.006401877 0.009048758 21.82209 148.7083 -361.875 -263.568 -96.8831 
1786080337.057 0.008447739 0.003229482 0.00518436 0.006182537 21.75533 149.0976 -362.535 -263.468 -96.77642 
1786080337.227 0.009516957 0.009188568 0.006211216 0.007116957 21.70151 149.4114 -363.07 -263.404 -96.6926 
1786080337.393 0.009556065 0.009670163 0.006964511 0.007156065 21.6523 149.6983 -363.555 -263.344 -96.61513 
1786080337.557 0.010766 0.008149622 0.006831351 0.008366002 21.60978 149.9463 -363.98 -263.292 -96.54909 
1786080337.733 0.01002913 0.008970728 0.006823264 0.01047668 21.57006 150.1779 -364.37 -263.248 -96.48686 
1786080337.900 0.009307124 0.007142488 0.006101665 0.006907124 21.5348 150.3836 -364.72 -263.208 -96.43098 
1786080338.073 0.005095746 0.001676516 0.004845974 0.002695746 21.50551 150.5544 -365.005 -263.172 -96.38399 
1786080338.240 0.005691963 0.006171418 0.005853028 0.008291963 21.48125 150.6958 -365.245 -263.152 -96.34716 
1786080338.402 0.003165454 0.0008644812 0.00372799 0.005765454 21.46224 150.8066 -365.43 -263.128 -96.31541 
1786080338.566 0.007654705 0.006586468 0.005598104 0.0102547 21.448 150.8897 -365.575 -263.12 -96.29509 
1786080338.732 0.01429227 0.01604732 0.009698214 0.01689227 21.43802 150.9479 -365.68 -263.12 -96.28366 
1786080338.893 0.01911052 0.02082796 0.01127006 0.02171052 21.43293 150.9776 -365.735 -263.12 -96.27731 
1786080339.052 0.01498687 0.0216938 0.01017026 0.01758687 21.432 150.983 -365.74 -263.12 -96.27477 
1786080339.225 0.01498687 0.0136938 0.008900263 0.01258687 21.432 150.983 -365.74 -263.112 -96.2735 
1786080339.400 0.01498687 0.0136938 0.008900263 0.01258687 21.432 150.983 -365.74 -263.112 -96.2735 
1786080339.562 0.01498687 0.0136938 0.008900263 0.01258687 21.432 150.983 -365.74 -263.112 -96.2735 
1786080339.721 0.00998687 0.009693802 0.007630264 0.01258687 21.432 150.983 -365.735 -263.108 -96.27223 
1786080339.881 0.00998687 0.009693802 0.007630264 0.01258687 21.432 150.983 -365.735 -263.108 -96.27223 
1786080340.045 0.01498687 0.0136938 0.008900263 0.01258687 21.432 150.983 -365.735 -263.112 -96.27223 
1786080340.219 0.00998687 0.009693802 0.008900263 0.01258687 21.432 150.983 -365.735 -263.108 -96.2735 
1786080340.420 0.00998687 0.009693802 0.007630264 0.01258687 21.432 150.983 -365.735 -263.112 -96.27223 
1786080340.587 0.00998687 0.009693802 0.007630264 0.00758687 21.432 150.983 -365.735 -263.108 -96.27223 
1786080340.750 0.00998687 0.009693802 0.007630264 0.01258687 21.432 150.983 -365.735 -263.108 -96.27223 
1786080340.912 0.01498687 0.0136938 0.007630264 0.01258687 21.432 150.983 -365.735 -263.112 -96.27223 
1786080341.100 0.00998687 0.009693802 0.007630264 0.00758687 21.432 150.983 -365.735 -263.108 -96.27223 
1786080341.288 0.00998687 0.009693802 0.007630264 0.01258687 21.432 150.983 -365.735 -263.112 -96.27223 
1786080341.456 0.00998687 0.009693802 0.006360265 0.00758687 21.432 150.983 -365.735 -263.108 -96.27096 
1786080341.614 0.009985166 0.009684928 0.007633635 0.01258517 21.432 150.983 -365.735 -263.108 -96.27223 
1786080341.792 0.008874614 0.007895526 0.008513187 0.01120816 21.41755 150.9709 -365.745 -263.164 -96.25064 
1786080341.971 0.006300626 0.002540433 0.006633452 0.008341513 21.36969 150.931 -365.78 -263.356 -96.17444 
1786080342.145 0.007872392 0.004431053 0.007826474 0.01047239 21.29102 150.8653 -365.845 -263.684 -96.05252 
1786080342.328 0.003399049 0.0007737922 0.00656524 0.005418973 21.17994 150.7726 -365.935 -264.132 -95.88107 
1786080342.494 0.01119137 0.005038138 0.007908422 0.008056743 21.04393 150.659 -366.05 -264.692 -95.67406 
1786080342.654 -0.0001823923 -0.003389307 0.005057316 0.002417608 20.88912 150.5297 -366.17 -265.316 -95.4353 
1786080342.818 -0.008536114 -0.01147011 0.002499618 -0.0009361144 20.70599 150.3768 -366.32 -266.056 -95.1559 
1786080342.976 -0.01500231 -0.02102667 -0.006462874 -0.01240231 20.50175 150.2063 -366.495 -266.88 -94.84094 
1786080343.136 -0.01862913 -0.02259158 -0.009928666 -0.01602913 20.27374 150.0147 -366.705 -267.816 -94.49804 
1786080343.301 -0.01550515 -0.01952392 -0.009237064 -0.01790515 20.00735 149.7935 -366.955 -268.896 -94.10942 
1786080343.466 -0.01482369 -0.0198466 -0.009583095 -0.01407125 19.71523 149.5496 -367.24 -270.084 -93.68651 
1786080343.626 -0.0180892 -0.02301568 -0.009103408 -0.0154892 19.40393 149.2897 -367.555 -271.344 -93.24328 
1786080343.789 -0.01185533 -0.02047828 -0.007765102 -0.01425533 19.06883 149.0099 -367.915 -272.704 -92.77465 
1786080343.950 -0.0107754 -0.01480773 -0.006591225 -0.0131754 18.70125 148.703 -368.32 -274.196 -92.26919 
1786080344.110 -0.01336291 -0.01437831 -0.007180241 -0.01076291 18.3145 148.3801 -368.76 -275.756 -91.74595 
1786080344.283 -0.01091043 -0.01416317 -0.006182709 -0.01331043 17.87289 148.0114 -369.29 -277.532 -91.15921 
1786080344.451 -0.01343342 -0.01508218 -0.006525209 -0.01083342 17.41051 147.6253 -369.865 -279.384 -90.56612 
1786080344.631 -0.01263076 -0.01764173 -0.008352759 -0.01503076 16.88395 147.1857 -370.555 -281.484 -89.90318 
1786080344.812 -0.01154563 -0.01801488 -0.007631457 -0.01394563 16.33119 146.7215 -371.32 -283.692 -89.22754 
1786080344.987 -0.01355627 -0.01784613 -0.007459457 -0.01095627 15.75359 146.2419 -372.145 -285.964 -88.5519 
1786080345.166 -0.01337193 -0.01425851 -0.007820297 -0.01125998 15.13782 145.7278 -373.075 -288.388 -87.8534 
1786080345.340 -0.01385481 -0.01828926 -0.00745927 -0.01228441 14.5091 145.2029 -374.075 -290.84 -87.16887 
1786080345.511 -0.01262955 -0.01429762 -0.007066696 -0.01002955 13.83876 144.6432 -375.195 -293.46 -86.46657 
1786080345.678 -0.0123616 -0.01241199 -0.006471777 -0.009761601 13.17402 144.0882 -376.34 -296.004 -85.80998 
1786080345.843 -0.008770432 -0.01532547 -0.00724488 -0.01117043 12.48972 143.5168 -377.585 -298.612 -85.16228 
1786080346.010 -0.007475838 -0.01271445 -0.006868943 -0.009875838 11.78283 142.923 -378.93 -301.304 -84.52601 
1786080346.181 -0.01360917 -0.01373607 -0.006593675 -0.01100917 11.00333 142.2758 -380.46 -304.204 -83.8745 
1786080346.344 -0.01130392 -0.01282753 -0.006183664 -0.008703918 10.24079 141.6392 -382.035 -307.024 -83.27633 
1786080346.513 -0.01298739 -0.01409402 -0.008215168 -0.01112239 9.436706 140.9678 -383.76 -309.964 -82.68959 
1786080346.689 -0.01249233 -0.01249546 -0.006983026 -0.009892333 8.579612 140.2522 -385.68 -313.052 -82.11936 
1786080346.858 -0.0121834 -0.0166434 -0.008116757 -0.0145834 7.687701 139.5075 -387.76 -316.212 -81.57834 
1786080347.025 -0.00882615 -0.01475568 -0.00762489 -0.01122615 6.781963 138.7513 -389.96 -319.372 -81.09574 
1786080347.193 -0.008486928 -0.01296707 -0.007328784 -0.01088693 5.886222 138.0034 -392.215 -322.44 -80.67537 
1786080347.368 -0.01206787 -0.01076691 -0.007975019 -0.009467873 4.900643 137.1805 -394.785 -325.768 -80.27786 
1786080347.531 -0.01264084 -0.01282392 -0.007920436 -0.01504084 3.914826 136.3574 -397.455 -328.98 -79.95782 
1786080347.695 -0.01112146 -0.008741908 -0.008013988 -0.01084052 2.936723 135.5408 -400.2 -332.116 -79.7089 
1786080347.855 -0.01120618 -0.009415328 -0.008477729 -0.01695132 1.944528 134.7124 -403.07 -335.212 -79.52856 
1786080348.017 -0.01368697 -0.008739522 -0.008554891 -0.009712159 0.9547298 133.886 -406.02 -338.216 -79.42188 
1786080348.187 -0.008636653 -0.006697002 -0.009168028 -0.00967854 -0.07083736 133.0297 -409.195 -341.26 -79.38759 
1786080348.350 -0.007606278 -0.005805524 -0.008522743 -0.01000628 -1.056188 132.207 -412.285 -344.06 -79.4295 
1786080348.513 -0.009846963 -0.01000721 -0.009385631 -0.0107488 -1.98548 131.4311 -415.29 -346.628 -79.53364 
1786080348.671 -0.005962355 -0.01114858 -0.00940797 -0.01336235 -2.866471 130.6955 -418.205 -348.988 -79.69239 
1786080348.832 -0.007098102 -0.005935002 -0.009935464 -0.009498102 -3.738599 129.9674 -421.145 -351.256 -79.90575 
1786080348.999 -0.007862456 -0.006918473 -0.008686528 -0.01026246 -4.600221 129.248 -424.105 -353.416 -80.17372 
1786080349.187 -0.00539168 -0.006521284 -0.008082563 -0.00779168 -5.499998 128.4967 -427.255 -355.592 -80.51154 
1786080349.353 -0.006945567 -0.003331645 -0.008560862 -0.009345567 -6.382853 127.7596 -430.395 -357.648 -80.90016 
1786080349.527 -0.004259975 -0.004246303 -0.008162981 -0.006659975 -7.168334 127.1038 -433.235 -359.404 -81.29513 
1786080349.696 -0.008117957 -0.003036691 -0.007534934 -0.005517957 -7.971136 126.4335 -436.17 -361.132 -81.74598 
1786080349.858 -0.005823533 -0.003501457 -0.008314893 -0.008223533 -8.686935 125.8359 -438.825 -362.612 -82.18667 
1786080350.027 -0.007378709 -0.003475138 -0.006687728 -0.004778709 -9.37615 125.2604 -441.405 -363.984 -82.64895 
1786080350.198 -0.00509696 -0.005417178 -0.006548349 -0.00749696 -10.09057 124.6639 -444.11 -365.348 -83.16584 
1786080350.366 -0.009819429 -0.005885485 -0.006645228 -0.00681041 -10.73604 124.125 -446.57 -366.532 -83.65987 
1786080350.537 -0.002622658 -0.007261574 -0.006408845 -0.005022658 -11.35382 123.6092 -448.955 -367.62 -84.16406 
1786080350.705 -0.009410346 -0.009040043 -0.006216775 -0.006810346 -11.97188 123.0932 -451.345 -368.664 -84.69619 
1786080350.873 -0.00627389 -0.004598702 -0.0054781 -0.006591892 -12.53667 122.6216 -453.555 -369.584 -85.20673 
1786080351.049 -0.008426952 -0.005793842 -0.004997771 -0.005826952 -13.10154 122.15 -455.77 -370.464 -85.7414 
1786080351.213 -0.00760707 -0.004164471 -0.006187139 -0.01000707 -13.60896 121.7263 -457.775 -371.224 -86.23924 
1786080351.372 -0.002964914 -0.009358231 -0.006013225 -0.005364914 -14.06897 121.3423 -459.605 -371.88 -86.70787 
1786080351.535 -0.00777356 -0.007109276 -0.006201731 -0.01069848 -14.50075 120.9817 -461.32 -372.48 -87.16125 
1786080351.708 -0.007373092 -0.005996146 -0.007309967 -0.009640457 -14.94429 120.6114 -463.095 -373.072 -87.64004 
1786080351.880 -0.006748145 -0.008477321 -0.007379604 -0.009148145 -15.35525 120.2683 -464.745 -373.596 -88.09724 
1786080352.064 -0.009620523 -0.005655695 -0.007023142 -0.0105738 -15.72568 119.959 -466.235 -374.056 -88.52015 
1786080352.242 -0.004532406 -0.004951175 -0.007193607 -0.01193241 -16.1106 119.6376 -467.79 -374.512 -88.96973 
1786080352.422 -0.003132235 -0.004819359 -0.006135095 -0.009754991 -16.43679 119.3653 -469.115 -374.888 -89.35962 
1786080352.599 -0.004460637 -0.009170026 -0.006283745 -0.008257236 -16.73466 119.1166 -470.32 -375.216 -89.72157 
1786080352.768 -0.005809534 -0.004502683 -0.005879586 -0.008209534 -16.98943 118.9039 -471.355 -375.492 -90.03653 
1786080352.935 -0.003283216 -0.002847018 -0.00496024 -0.005706186 -17.21487 118.7157 -472.275 -375.728 -90.31974 
1786080353.100 -0.007407106 -0.008618979 -0.006586579 -0.009807106 -17.40469 118.5572 -473.045 -375.916 -90.5585 
1786080353.265 -0.009967238 -0.008014703 -0.006417981 -0.007367238 -17.5673 118.4214 -473.705 -376.08 -90.76678 
1786080353.453 -0.004385356 -0.00263111 -0.00379222 -0.001785356 -17.71291 118.2998 -474.305 -376.228 -90.95728 
1786080353.616 0.01509775 0.01507885 0.009126058 0.01269775 -17.82319 118.2077 -474.775 -376.352 -91.11349 
1786080353.777 0.02550823 0.02693603 0.01434831 0.02310823 -17.89895 118.1445 -475.095 -376.436 -91.21763 
1786080353.976 0.02135462 0.02600762 0.01455508 0.02395462 -17.955 118.0977 -475.32 -376.488 -91.29129 
1786080354.150 0.02538913 0.02740237 0.01522434 0.02298913 -17.9748 118.0812 -475.405 -376.508 -91.31796 
1786080354.313 0.02457065 0.02721455 0.01369137 0.02217065 -17.975 118.081 -475.405 -376.508 -91.31669 
1786080354.479 0.01957065 0.02321455 0.01242137 0.01717065 -17.975 118.081 -475.4 -376.504 -91.31542 
1786080354.647 0.01957065 0.02321455 0.01242137 0.02217065 -17.975 118.081 -475.4 -376.504 -91.31542 
1786080354.815 0.01957065 0.02321455 0.01115137 0.01717065 -17.975 118.081 -475.4 -376.5 -91.31415 
1786080354.978 0.01457065 0.01921455 0.009881369 0.01717065 -17.975 118.081 -475.395 -376.5 -91.31288 
1786080355.142 0.01457065 0.01921455 0.009881369 0.01217065 -17.975 118.081 -475.395 -376.5 -91.31288 
1786080355.303 0.01457065 0.01921455 0.009881369 0.01717065 -17.975 118.081 -475.395 -376.5 -91.31288 
1786080355.461 0.01457065 0.01921455 0.009881369 0.01217065 -17.975 118.081 -475.395 -376.5 -91.31288 
1786080355.618 0.01457065 0.01521455 0.009881369 0.01717065 -17.975 118.081 -475.395 -376.496 -91.31288 
1786080355.784 0.009570647 0.01521455 0.008611369 0.01217065 -17.975 118.081 -475.39 -376.496 -91.31161 
1786080355.944 0.01457065 0.01521455 0.008611369 0.01717065 -17.975 118.081 -475.395 -376.496 -91.31161 
1786080356.105 0.01457065 0.01521455 0.009881369 0.01717065 -17.975 118.081 -475.395 -376.496 -91.31288 
1786080356.274 0.01457065 0.01921455 0.009881369 0.01217065 -17.975 118.081 -475.395 -376.496 -91.31161 
1786080356.442 0.01457065 0.01521455 0.008611369 0.01217065 -17.975 118.081 -475.395 -376.496 -91.31161 
1786080356.606 0.01457065 0.01521455 0.008611369 0.01217065 -17.975 118.081 -475.39 -376.496 -91.31161 
1786080356.772 0.01274164 0.0165595 0.009627259 0.01554164 -17.97229 118.0705 -475.39 -376.48 -91.30907 
1786080356.950 0.01476484 0.0186167 0.01046919 0.01766117 -17.96198 118.0304 -475.38 -376.416 -91.29637 
1786080357.129 0.01285878 0.01495661 0.008017285 0.01065878 -17.94256 117.955 -475.355 -376.288 -91.26843 
1786080357.301 0.01403457 0.01857332 0.009352615 0.01704381 -17.91635 117.8532 -475.325 -376.124 -91.23541 
1786080357.463 0.01305559 0.01467374 0.007999862 0.01085559 -17.88439 117.729 -475.285 -375.916 -91.19223 
1786080357.621 0.004470947 0.00635459 0.003770864 0.002270947 -17.84679 117.583 -475.23 -375.668 -91.13889 
1786080357.788 -0.008137807 0.0004386084 -0.001571205 -0.0003378074 -17.80118 117.4059 -475.16 -375.372 -91.07412 
1786080357.960 -0.007869606 -0.005242371 -0.006836992 -0.005069606 -17.74661 117.1939 -475.09 -375.02 -90.99792 
1786080358.135 -0.008867787 -0.003094171 -0.005765269 -0.006067787 -17.68304 116.947 -475.005 -374.62 -90.91664 
1786080358.307 -0.001210467 0.005519767 -0.003268971 0.001589533 -17.61125 116.6681 -474.915 -374.176 -90.82647 
1786080358.492 -0.005975045 -0.003157905 -0.007005258 -0.003175045 -17.52918 116.3494 -474.795 -373.652 -90.71725 
1786080358.662 -0.007710804 -0.007153675 -0.007062379 -0.004910804 -17.44088 116.0064 -474.665 -373.092 -90.60295 
1786080358.826 -0.008285626 -0.007090983 -0.005484248 -0.00461973 -17.35082 115.6566 -474.53 -372.536 -90.49119 
1786080358.991 -0.008441523 -0.01005569 -0.006056454 -0.005641523 -17.25499 115.2844 -474.38 -371.94 -90.36927 
1786080359.157 -0.004962205 -0.006238183 -0.006396793 -0.007162205 -17.15037 114.8755 -474.21 -371.296 -90.23592 
1786080359.319 -0.005751356 -0.003482027 -0.005473786 -0.002951356 -17.04005 114.4495 -474.03 -370.628 -90.10003 
1786080359.485 -0.008975711 -0.003602046 -0.006634283 -0.006175711 -16.92351 113.9969 -473.825 -369.916 -89.95398 
1786080359.654 -0.005917408 -0.002104277 -0.005374814 -0.003117408 -16.79395 113.4905 -473.595 -369.132 -89.79396 
1786080359.837 -0.008751458 -0.004826341 -0.006372921 -0.005951458 -16.64854 112.9289 -473.32 -368.268 -89.61616 
1786080360.009 -0.004199066 -0.004026778 -0.004354776 -0.001399066 -16.50262 112.3621 -473.04 -367.404 -89.4409 
1786080360.173 -0.0040711 0.001068635 -0.006379242 -0.0012711 -16.35455 111.787 -472.74 -366.54 -89.26056 
1786080360.333 -0.002618271 0.003018979 -0.005944603 0.0001817294 -16.20411 111.2027 -472.425 -365.668 -89.08149 
1786080360.500 -0.006469514 0.004382677 -0.006198477 -0.003669514 -16.04106 110.5693 -472.065 -364.732 -88.88845 
1786080360.676 -0.00311728 0.009213556 -0.003972466 0.00468272 -15.86769 109.8959 -471.675 -363.744 -88.68652 
1786080360.844 -0.009390086 0.001199861 -0.005547952 -0.001372672 -15.68362 109.181 -471.24 -362.712 -88.47316 
1786080361.014 -0.008581155 0.002475622 -0.005939389 -0.0007811548 -15.49638 108.4537 -470.78 -361.676 -88.25853 
1786080361.188 -0.005492906 0.001552802 -0.005530698 -0.002692906 -15.29943 107.6888 -470.28 -360.604 -88.03628 
1786080361.377 -0.002686608 0.00277039 -0.004694708 -0.004886608 -15.07668 106.8236 -469.695 -359.412 -87.78863 
1786080361.544 -0.01470505 -0.01488347 -0.009226609 -0.01190505 -14.86025 105.9829 -469.09 -358.256 -87.54606 
1786080361.715 -0.01846444 -0.0194491 -0.01112609 -0.01566444 -14.64641 105.1523 -468.48 -357.148 -87.31238 
1786080361.898 -0.01552596 -0.01583253 -0.01011995 -0.01772596 -14.40525 104.2156 -467.775 -355.932 -87.05584 
1786080362.071 -0.01410144 -0.01767878 -0.01016537 -0.01697122 -14.15987 103.2626 -467.03 -354.712 -86.79677 
1786080362.269 -0.01429865 -0.01852419 -0.01021639 -0.01649865 -13.88162 102.1818 -466.155 -353.376 -86.51102 
1786080362.460 -0.01532236 -0.01816017 -0.009182111 -0.01752236 -13.60566 101.11 -465.255 -352.084 -86.23289 
1786080362.677 -0.01213247 -0.01458634 -0.009002322 -0.01398858 -13.27254 99.81606 -464.135 -350.576 -85.90269 
1786080362.852 -0.0144754 -0.01418152 -0.01016113 -0.0116754 -12.98667 98.70571 -463.135 -349.328 -85.62583 
1786080363.070 -0.01409465 -0.01313367 -0.008439707 -0.01309701 -12.63287 97.33147 -461.865 -347.84 -85.29309 
1786080363.284 -0.01055433 -0.01275794 -0.009368263 -0.01130532 -12.28911 95.9963 -460.585 -346.448 -84.97559 
1786080363.465 -0.01266228 -0.01512959 -0.008571888 -0.01304943 -11.95585 94.70187 -459.315 -345.172 -84.67968 
1786080363.649 -0.01127347 -0.01249059 -0.009255295 -0.01131274 -11.63121 93.44109 -458.04 -343.984 -84.39647 
1786080363.837 -0.01390603 -0.0108513 -0.007955036 -0.01359406 -11.29612 92.1394 -456.7 -342.816 -84.11326 
1786080364.022 -0.0114163 -0.01280861 -0.008703222 -0.01073604 -10.93539 90.73081 -455.215 -341.62 -83.81608 
1786080364.221 -0.008651901 -0.01048862 -0.007494061 -0.01259991 -10.55915 89.27692 -453.65 -340.468 -83.52017 
1786080364.444 -0.008101977 -0.01066782 -0.006989403 -0.01162886 -10.11495 87.5516 -451.755 -339.204 -83.18108 
1786080364.676 -0.00865074 -0.01210316 -0.007870404 -0.01085074 -9.705436 85.96098 -449.965 -338.132 -82.87882 
1786080364.871 -0.008423302 -0.01293747 -0.008437656 -0.0111941 -9.25154 84.19799 -447.97 -337.068 -82.56132 
1786080365.056 -0.01020613 -0.009787695 -0.006819481 -0.007406133 -8.852906 82.64964 -446.185 -336.232 -82.29589 
1786080365.245 -0.008446392 -0.00982169 -0.007143605 -0.01064639 -8.438705 81.04084 -444.315 -335.46 -82.03046 
1786080365.440 -0.006314625 -0.008594872 -0.007461318 -0.008152309 -7.988079 79.29055 -442.26 -334.736 -81.75614 
1786080365.615 -0.01178909 -0.0127492 -0.007134068 -0.008989088 -7.573415 77.67994 -440.36 -334.172 -81.51738 
1786080365.793 -0.0118387 -0.01311596 -0.007277284 -0.009038703 -7.173964 76.12842 -438.525 -333.728 -81.29894 
1786080366.003 -0.01088742 -0.009534899 -0.007327704 -0.00669185 -6.694727 74.26701 -436.325 -333.32 -81.05129 
1786080366.192 -0.009447133 -0.008925213 -0.006836271 -0.01164713 -6.205065 72.3651 -434.08 -333.048 -80.81888 
1786080366.406 -0.009212071 -0.00976893 -0.00678374 -0.006412071 -5.72267 70.49142 -431.88 -332.912 -80.60552 
1786080366.640 -0.006903593 -0.01347234 -0.007187205 -0.007562373 -5.107253 68.10106 -429.1 -332.932 -80.35787 
1786080366.873 -0.01132988 -0.009967786 -0.006077981 -0.008529875 -4.513636 65.79537 -426.46 -333.164 -80.14705 
1786080367.057 -0.01035527 -0.01184058 -0.006994815 -0.0109679 -3.976586 63.70941 -424.12 -333.54 -79.97687 
1786080367.236 -0.01026082 -0.009681752 -0.006239772 -0.007460822 -3.502779 61.86909 -422.095 -334.008 -79.84606 
1786080367.409 -0.006514209 -0.01151188 -0.005795931 -0.008714209 -3.012792 59.96592 -420.055 -334.616 -79.72795 
1786080367.595 -0.01133949 -0.01252154 -0.006837803 -0.008539492 -2.503404 57.98739 -417.985 -335.384 -79.62254 
1786080367.777 -0.005346284 -0.01144247 -0.006837593 -0.006502619 -1.994041 56.00895 -415.99 -336.288 -79.53745 
1786080367.964 -0.003726446 -0.00980234 -0.005878603 -0.005926446 -1.426844 53.80588 -413.86 -337.448 -79.46633 
1786080368.132 -0.00628879 -0.009633329 -0.005749224 -0.00348879 -0.9327807 51.88689 -412.08 -338.584 -79.42315 
1786080368.333 -0.007530656 -0.01418137 -0.006908077 -0.009772258 -0.3684047 49.69479 -410.15 -340.016 -79.39521 
1786080368.512 -0.008516608 -0.01369002 -0.006832461 -0.01071661 0.2114716 47.43073 -408.28 -341.652 -79.3914 
1786080368.686 -0.008796217 -0.01267815 -0.00694767 -0.005996217 0.7486054 45.35619 -406.685 -343.272 -79.41045 
1786080368.855 -0.009635907 -0.009678582 -0.00660058 -0.006835907 1.255683 43.38662 -405.28 -344.92 -79.44855 
1786080369.026 -0.006433436 -0.008250531 -0.0069145 -0.008633436 1.767372 41.39916 -403.98 -346.68 -79.5057 
1786080369.193 -0.005853318 -0.008748211 -0.007128044 -0.008053318 2.26853 39.45265 -402.82 -348.492 -79.58063 
1786080369.352 -0.005951428 -0.008282419 -0.007149442 -0.008151428 2.733467 37.64672 -401.85 -350.248 -79.66699 
1786080369.562 -0.007482401 -0.01392017 -0.007478619 -0.01006815 3.291239 35.4803 -400.825 -352.436 -79.79145 
1786080369.757 -0.003412053 -0.009302476 -0.006989843 -0.006712601 3.858776 33.27588 -399.95 -354.76 -79.94258 
1786080369.936 -0.007377628 -0.01080705 -0.007728924 -0.009577628 4.352695 31.35745 -399.32 -356.844 -80.09244 
1786080370.114 -0.006864083 -0.005718326 -0.006169074 -0.009064083 4.846751 29.43847 -398.825 -358.988 -80.26262 
1786080370.284 -0.008342508 -0.007867608 -0.006314926 -0.008917561 5.305468 27.65676 -398.485 -361.016 -80.43534 
1786080370.449 -0.004866542 -0.008434863 -0.005939433 -0.006104294 5.738541 25.97464 -398.275 -362.964 -80.61314 
1786080370.613 -0.003911963 -0.008104399 -0.006162899 -0.006111963 6.162062 24.32963 -398.17 -364.896 -80.79983 
1786080370.778 -0.006077642 -0.009451436 -0.006096743 -0.008764662 6.578615 22.7117 -398.165 -366.816 -80.99668 
1786080370.958 -0.004433565 -0.006761675 -0.005205186 -0.006833565 7.008034 21.04377 -398.27 -368.816 -81.21385 
1786080371.142 -0.002689093 -0.006884863 -0.005596347 -0.005089093 7.456606 19.30146 -398.495 -370.916 -81.45388 
1786080371.329 -0.007146712 -0.005429368 -0.006468708 -0.006691235 7.91558 17.51875 -398.845 -373.076 -81.7155 
1786080371.515 -0.006979348 -0.00843224 -0.005325588 -0.004379348 8.358169 15.79968 -399.3 -375.156 -81.9822 
1786080371.696 -0.004108389 -0.001610431 -0.005113674 -0.004744592 8.780221 14.16037 -399.85 -377.148 -82.25017 
1786080371.868 -0.007699588 -0.007178339 -0.005807665 -0.005099588 9.171282 12.64145 -400.445 -378.976 -82.50925 
1786080372.038 -0.006125251 -0.004109988 -0.005235311 -0.008525251 9.541487 11.20352 -401.1 -380.704 -82.76579 
1786080372.199 -0.00455279 -0.004837661 -0.004924446 -0.00695279 9.904523 9.793442 -401.82 -382.4 -83.02995 
1786080372.361 -0.001854946 -0.004952888 -0.004959935 -0.004254946 10.2456 8.468661 -402.57 -383.956 -83.28141 
1786080372.526 0.002310262 0.003281418 -0.002818785 -0.005089738 10.5925 7.121254 -403.405 -385.544 -83.55065 
1786080372.691 0.0005282291 0.007175527 -0.0004661115 -0.001871771 10.92822 5.81729 -404.275 -387.06 -83.81989 
1786080372.852 -0.0009370112 0.006130646 -0.00109362 0.001662989 11.25311 4.555358 -405.18 -388.504 -84.08532 
1786080373.011 -0.0002685955 0.007704597 6.670663e-05 0.002331405 11.56535 3.342584 -406.11 -389.876 -84.34948 
1786080373.170 -0.001062771 0.009155869 0.001973845 0.001537229 11.87305 2.147429 -407.08 -391.208 -84.61745 
1786080373.329 0.004078305 0.007394046 0.003718789 0.001678305 12.17042 0.9924062 -408.075 -392.48 -84.88415 
1786080373.488 0.003928715 0.00659941 0.005411493 0.001528715 12.46497 -0.1516395 -409.105 -393.704 -85.15212 
1786080373.659 0.00298751 0.004492377 0.005459271 0.00558751 12.76539 -1.318533 -410.205 -394.936 -85.43152 
1786080373.832 -0.0008152344 0.002560075 0.004754729 0.001784766 13.06895 -2.497593 -411.365 -396.156 -85.71981 
1786080373.997 0.004306753 0.009202099 0.006042348 0.005024271 13.35485 -3.608064 -412.515 -397.288 -85.99921 
1786080374.163 0.005546957 0.009088395 0.006857509 0.003146957 13.6302 -4.677545 -413.655 -398.348 -86.27353 
1786080374.337 0.006600561 0.008010697 0.005500699 0.007194491 13.90972 -5.76324 -414.855 -399.396 -86.55547 
1786080374.503 0.0007920309 0.00859128 0.005896328 0.003392031 14.17855 -6.8074 -416.045 -400.384 -86.83359 
1786080374.673 0.003929647 0.007132049 0.006108359 0.00448732 14.44142 -7.828436 -417.255 -401.32 -87.11045 
1786080374.835 0.003794349 0.007888968 0.006009392 0.004364031 14.68353 -8.768821 -418.395 -402.164 -87.36953 
1786080375.000 0.008044259 0.006300675 0.006265257 0.005644259 14.92035 -9.688635 -419.54 -402.964 -87.62734 
1786080375.163 0.003684818 0.00466895 0.006022205 0.006284818 15.15166 -10.58708 -420.68 -403.724 -87.88261 
1786080375.323 0.004172407 0.00751594 0.005433157 0.001772407 15.37202 -11.44299 -421.795 -404.432 -88.12899 
1786080375.484 0.002836117 0.007239291 0.005415028 0.005436117 15.58439 -12.26785 -422.89 -405.092 -88.37029 
1786080375.646 0.003356797 0.006272039 0.005799533 0.005956797 15.79148 -13.07222 -423.98 -405.716 -88.60905 
1786080375.806 0.003291468 0.007979097 0.00570232 0.005891468 15.99308 -13.85527 -425.06 -406.308 -88.844 
1786080375.971 0.0001649774 0.007647421 0.005510407 0.002764977 16.18912 -14.61672 -426.125 -406.864 -89.07514 
1786080376.145 0.002943228 0.005746196 0.004641878 0.0005432282 16.39084 -15.40021 -427.245 -407.416 -89.31517 
1786080376.313 0.007812636 0.005606982 0.005556166 0.0004126362 16.57932 -16.13229 -428.31 -407.916 -89.54377 
1786080376.481 0.003754638 0.006297461 0.005510414 0.0003145012 16.75201 -16.80305 -429.295 -408.36 -89.75459 
1786080376.660 0.00391431 0.004080601 0.004357287 0.0006598786 16.93617 -17.51836 -430.36 -408.82 -89.98319 
1786080376.830 0.004044145 0.005703725 0.004644878 -0.003355855 17.11014 -18.19407 -431.375 -409.232 -90.19782 
1786080376.992 0.01296732 0.01656705 0.009931928 0.01056732 17.26143 -18.78169 -432.28 -409.592 -90.3934 
1786080377.153 0.01242557 0.0158854 0.009549081 0.01502557 17.40692 -19.34679 -433.15 -409.916 -90.57755 
1786080377.316 0.01455012 0.02007606 0.01086475 0.01715012 17.54394 -19.87901 -433.98 -410.216 -90.75408 
1786080377.484 0.01573232 0.01701554 0.01013697 0.0134804 17.68154 -20.41346 -434.82 -410.5 -90.93061 
1786080377.646 0.01337697 0.01799933 0.009827649 0.01597697 17.80804 -20.90479 -435.595 -410.756 -91.09444 
1786080377.808 0.01160579 0.0115672 0.009159244 0.01420579 17.92618 -21.36369 -436.325 -410.98 -91.24811 
1786080377.969 0.01102808 0.01448917 0.008402153 0.01362808 18.03692 -21.79379 -437.015 -411.192 -91.39289 
1786080378.127 0.01079049 0.01038305 0.008396132 0.01339049 18.13972 -22.1931 -437.66 -411.376 -91.52878 
1786080378.298 0.01417891 0.01445249 0.009187706 0.01177891 18.2366 -22.56939 -438.275 -411.552 -91.65832 
1786080378.470 0.0122222 0.01257631 0.008729067 0.009822198 18.33771 -22.9621 -438.915 -411.724 -91.79294 
1786080378.636 0.009264376 0.01343147 0.007767933 0.01186438 18.42356 -23.29556 -439.46 -411.868 -91.90724 
1786080378.800 0.01220618 0.01049262 0.008866736 0.009806179 18.50187 -23.59974 -439.965 -411.992 -92.01392 
1786080378.968 0.008222226 0.009938344 0.007610496 0.01082223 18.57317 -23.87669 -440.42 -412.104 -92.10917 
1786080379.138 0.01383041 0.01046215 0.008996074 0.01143041 18.6404 -24.13778 -440.86 -412.208 -92.20188 
1786080379.311 0.01340271 0.01140107 0.007544182 0.01100271 18.69865 -24.36404 -441.235 -412.296 -92.28062 
1786080379.490 0.01201097 0.01077297 0.007557399 0.009610973 18.75311 -24.57556 -441.59 -412.376 -92.35428 
1786080379.655 0.009574329 0.01045661 0.008709902 0.01217433 18.79491 -24.73792 -441.86 -412.436 -92.4127 
1786080379.818 0.01057711 0.008636793 0.007563755 0.008177107 18.82997 -24.8741 -442.09 -412.484 -92.45969 
1786080379.984 0.01206575 0.01308285 0.008154169 0.008692664 18.85817 -24.98363 -442.275 -412.528 -92.49906 
1786080380.147 0.01423773 0.0120752 0.008596289 0.01183773 18.87906 -25.06478 -442.415 -412.556 -92.52827 
1786080380.316 0.02182261 0.02864773 0.01456979 0.02942261 18.89316 -25.11954 -442.515 -412.592 -92.55367 
1786080380.493 0.0199802 0.02284995 0.01231699 0.01745634 18.90032 -25.14735 -442.56 -412.596 -92.56129 
1786080380.673 0.02037621 0.02188875 0.01137522 0.01797621 18.901 -25.15 -442.565 -412.596 -92.56129 
1786080380.833 0.02037621 0.02188875 0.01264522 0.01797621 18.901 -25.15 -442.565 -412.596 -92.56256 
1786080380.991 0.02037621 0.02188875 0.01137522 0.01797621 18.901 -25.15 -442.565 -412.596 -92.56129 
1786080381.149 0.01537621 0.01788875 0.01010522 0.01797621 18.901 -25.15 -442.56 -412.592 -92.56002 
1786080381.314 0.01537621 0.01788875 0.01010522 0.01797621 18.901 -25.15 -442.56 -412.592 -92.56002 
1786080381.473 0.01537621 0.01788875 0.01010522 0.01797621 18.901 -25.15 -442.56 -412.592 -92.56002 
1786080381.632 0.01537621 0.01788875 0.01010522 0.01297621 18.901 -25.15 -442.56 -412.592 -92.56002 
1786080381.792 0.01537621 0.01788875 0.00883522 0.01297621 18.901 -25.15 -442.56 -412.592 -92.55875 
1786080381.950 0.01037621 0.01388875 0.00756522 0.01297621 18.901 -25.15 -442.555 -412.588 -92.55748 
1786080382.109 0.01037621 0.01388875 0.00883522 0.01297621 18.901 -25.15 -442.555 -412.588 -92.55875 
1786080382.269 0.01037621 0.01388875 0.00883522 0.01297621 18.901 -25.15 -442.555 -412.588 -92.55875 
1786080382.431 0.01037621 0.01388875 0.00883522 0.01297621 18.901 -25.15 -442.56 -412.588 -92.55875 
1786080382.589 0.01537621 0.01388875 0.00883522 0.01297621 18.901 -25.15 -442.56 -412.588 -92.55875 
1786080382.754 0.01037621 0.01388875 0.00756522 0.01297621 18.901 -25.15 -442.555 -412.588 -92.55748 
1786080382.912 0.01037621 0.01388875 0.00883522 0.01297621 18.901 -25.15 -442.555 -412.588 -92.55875 
1786080383.073 0.01037621 0.01388875 0.00756522 0.01297621 18.901 -25.15 -442.555 -412.588 -92.55748 
1786080383.243 0.01307865 0.01301453 0.007238449 0.01087865 18.89663 -25.14181 -442.54 -412.576 -92.55113 
1786080383.411 0.008220333 0.01146189 0.006565394 0.01102033 18.87685 -25.1047 -442.455 -412.524 -92.52319 
1786080383.579 0.01269971 0.0124058 0.006595725 0.01049971 18.84361 -25.04235 -442.32 -412.44 -92.47747 
1786080383.750 0.0118246 0.01323046 0.007880558 0.0146246 18.79181 -24.94521 -442.115 -412.308 -92.40762 
1786080383.916 0.007559174 0.01366375 0.006793275 0.01035917 18.72953 -24.82839 -441.86 -412.148 -92.32126 
1786080384.105 -0.007167421 -0.009540144 -0.002789849 -0.009367421 18.63973 -24.65996 -441.485 -411.892 -92.18791 
1786080384.266 -0.008010132 -0.006323842 -0.006828086 -0.005210132 18.54353 -24.47953 -441.1 -411.644 -92.05456 
1786080384.427 -0.0133705 -0.01233409 -0.009004927 -0.0105705 18.43792 -24.28144 -440.675 -411.36 -91.90978 
1786080384.594 -0.007821506 -0.009348377 -0.007040401 -0.01002151 18.31629 -24.05332 -440.2 -411.04 -91.74849 
1786080384.760 -0.01072572 -0.004597838 -0.007067851 -0.007925717 18.17437 -23.78714 -439.64 -410.664 -91.55926 
1786080384.922 -0.01293579 -0.01088557 -0.008586399 -0.01013579 18.02476 -23.50653 -439.055 -410.252 -91.35987 
1786080385.082 -0.009852573 -0.008983678 -0.006212281 -0.007052573 17.86222 -23.20167 -438.43 -409.808 -91.14905 
1786080385.241 -0.008115345 -0.005576199 -0.007277804 -0.005315345 17.68813 -22.87515 -437.765 -409.328 -90.92172 
1786080385.399 -0.0109279 -0.009510898 -0.0074893 -0.008519071 17.5018 -22.52567 -437.055 -408.8 -90.68169 
1786080385.561 -0.01226024 -0.01299992 -0.00904377 -0.01446024 17.29954 -22.1463 -436.295 -408.22 -90.42261 
1786080385.725 -0.02086938 -0.02065754 -0.012314 -0.01806938 17.07806 -21.73091 -435.465 -407.572 -90.14067 
1786080385.890 -0.01767787 -0.02060111 -0.0115319 -0.01987787 16.84219 -21.2885 -434.605 -406.88 -89.84857 
1786080386.051 -0.01558313 -0.01977974 -0.01187097 -0.01778313 16.59363 -20.82231 -433.71 -406.14 -89.54377 
1786080386.216 -0.01685688 -0.01634821 -0.01107529 -0.01405688 16.3309 -20.32954 -432.775 -405.348 -89.22754 
1786080386.377 -0.01408881 -0.01647938 -0.01121731 -0.01628881 16.05221 -19.80682 -431.8 -404.492 -88.89734 
1786080386.538 -0.0174893 -0.01784177 -0.01145009 -0.0184719 15.76465 -19.26748 -430.815 -403.592 -88.56079 
1786080386.710 -0.01494753 -0.01568086 -0.01086031 -0.01714753 15.45378 -18.68442 -429.77 -402.604 -88.20519 
1786080386.877 -0.01492295 -0.01415303 -0.01003468 -0.01712295 15.11808 -18.05478 -428.66 -401.512 -87.82673 
1786080387.084 -0.01763097 -0.01376654 -0.009869347 -0.01483097 14.69948 -17.26557 -427.315 -400.132 -87.36826 
1786080387.260 -0.0125346 -0.01624277 -0.009458457 -0.0147346 14.32524 -16.56772 -426.16 -398.88 -86.97202 
1786080387.428 -0.01411019 -0.01386327 -0.008197543 -0.01631019 13.93053 -15.82741 -424.965 -397.532 -86.56309 
1786080387.596 -0.01403602 -0.01337273 -0.008439549 -0.01623602 13.5363 -15.08334 -423.805 -396.152 -86.16177 
1786080387.780 -0.01408067 -0.0143853 -0.008867217 -0.01128067 13.08715 -14.24557 -422.54 -394.568 -85.72362 
1786080387.952 -0.01238648 -0.01170891 -0.008777065 -0.01270356 12.66139 -13.44702 -421.38 -393.036 -85.31976 
1786080388.124 -0.0136359 -0.01014852 -0.008071848 -0.0108359 12.1991 -12.57995 -420.175 -391.344 -84.89685 
1786080388.293 -0.0122056 -0.01340891 -0.008982676 -0.01267009 11.73694 -11.71313 -419.02 -389.62 -84.48791 
1786080388.457 -0.01361382 -0.01076405 -0.008744462 -0.01081382 11.28223 -10.86026 -417.94 -387.904 -84.10183 
1786080388.641 -0.01224219 -0.01138698 -0.008873175 -0.01298964 10.78697 -9.931366 -416.825 -386.004 -83.69797 
1786080388.863 -0.009434022 -0.01205263 -0.0085892 -0.01163402 10.1392 -8.716401 -415.45 -383.456 -83.19251 
1786080389.084 -0.01197252 -0.01074295 -0.008043393 -0.01417252 9.447453 -7.41897 -414.12 -380.74 -82.69721 
1786080389.266 -0.009118072 -0.007493604 -0.008187205 -0.01131807 8.808369 -6.220308 -413 -378.172 -82.26414 
1786080389.447 -0.01085727 -0.007256224 -0.007654814 -0.00796191 8.202498 -5.08394 -412.035 -375.704 -81.88441 
1786080389.624 -0.0103341 -0.01203993 -0.008655999 -0.01286276 7.603295 -3.960078 -411.18 -373.232 -81.53262 
1786080389.797 -0.01417527 -0.01104952 -0.008013103 -0.01218111 6.984137 -2.798788 -410.4 -370.66 -81.19861 
1786080389.968 -0.01337033 -0.01015648 -0.007829307 -0.01318088 6.38129 -1.668092 -409.74 -368.136 -80.90016 
1786080390.136 -0.00899162 -0.01089585 -0.008361139 -0.01306802 5.741427 -0.4679648 -409.15 -365.436 -80.61187 
1786080390.312 -0.008838471 -0.008190181 -0.007221733 -0.01354803 5.073737 0.7843521 -408.655 -362.608 -80.34517 
1786080390.499 -0.01132111 -0.01074899 -0.006993062 -0.008521106 4.377598 2.090031 -408.275 -359.64 -80.10133 
1786080390.679 -0.007550757 -0.009135581 -0.007429997 -0.009750757 3.636662 3.479722 -408.015 -356.48 -79.88035 
1786080390.846 -0.008087843 -0.00771145 -0.007784726 -0.01028784 2.94729 4.772705 -407.91 -353.536 -79.71144 
1786080391.039 -0.01254952 -0.0103652 -0.008042413 -0.00994952 2.213065 6.149813 -407.94 -350.4 -79.57047 
1786080391.226 -0.004813003 -0.005033139 -0.006412552 -0.008898223 1.345872 7.77632 -408.18 -346.716 -79.45744 
1786080391.394 -0.007880655 -0.005061023 -0.005957573 -0.01028065 0.6024471 9.17068 -408.545 -343.572 -79.4041 
1786080391.559 -0.007271202 -0.004334658 -0.005790598 -0.009671202 -0.1291051 10.54278 -409.055 -340.5 -79.3914 
1786080391.727 -0.006368392 -0.002897318 -0.005313691 -0.008768392 -0.8887536 11.96757 -409.74 -337.34 -79.42061 
1786080391.891 -0.009522756 -0.000124319 -0.007061618 -0.006922756 -1.658748 13.41177 -410.59 -334.176 -79.49173 
1786080392.062 -0.004280837 -0.0005245689 -0.005507725 -0.006680837 -2.433759 14.86538 -411.615 -331.032 -79.61111 
1786080392.236 -0.003162316 0.001337244 -0.006208787 -0.005562316 -3.291252 16.47369 -412.93 -327.616 -79.79272 
1786080392.427 -0.008956504 -6.908949e-05 -0.004918029 -0.005715037 -4.220238 18.21608 -414.565 -323.992 -80.05434 
1786080392.610 -0.007041288 0.0009897548 -0.004879438 -0.004441288 -5.14787 19.95595 -416.425 -320.472 -80.37565 
1786080392.808 -0.005902564 -0.004865997 -0.006111767 -0.005487112 -6.114497 21.76895 -418.595 -316.912 -80.77824 
1786080392.975 -0.005257607 -0.005313044 -0.006722874 -0.007657607 -7.047315 23.51854 -420.9 -313.596 -81.2329 
1786080393.134 -0.007700792 -0.008423406 -0.006561781 -0.01010079 -7.896001 25.11033 -423.175 -310.692 -81.7028 
1786080393.299 -0.01019886 -0.008337292 -0.007399688 -0.003802977 -8.779879 26.76813 -425.725 -307.792 -82.24763 
1786080393.467 -0.007454239 -0.006623303 -0.007714679 -0.009854239 -9.694499 28.48346 -428.545 -304.932 -82.87247 
1786080393.629 -0.007439173 -0.005747503 -0.008090331 -0.008768311 -10.60731 30.19565 -431.54 -302.228 -83.557 
1786080393.789 -0.006356119 -0.006944567 -0.00753097 -0.00900913 -11.51173 31.89197 -434.675 -299.704 -84.29614 
1786080393.951 -0.005045824 -0.007843155 -0.008118133 -0.01244582 -12.43545 33.6245 -438.045 -297.296 -85.11148 
1786080394.111 -0.008748702 -0.01033019 -0.008603257 -0.0111487 -13.36713 35.38305 -441.625 -295.036 -86.00302 
1786080394.281 -0.005367273 -0.00820712 -0.008207475 -0.007767273 -14.35415 37.22321 -445.54 -292.88 -87.00377 
1786080394.442 -0.00360681 -0.007801293 -0.008232441 -0.00600681 -15.3379 39.06833 -449.625 -290.94 -88.07692 
1786080394.602 -0.005160482 -0.01051631 -0.008290376 -0.007560482 -16.31162 40.89463 -453.81 -289.244 -89.20722 
1786080394.759 -0.005371745 -0.009073865 -0.008917051 -0.01277175 -17.28635 42.73452 -458.16 -287.776 -90.41499 
1786080394.916 -0.007229374 -0.009470229 -0.008214084 -0.009629374 -18.27401 44.57528 -462.64 -286.548 -91.69007 
1786080395.078 -0.01006923 -0.0096568 -0.009017174 -0.01246923 -19.27143 46.44604 -467.3 -285.56 -93.05659 
1786080395.236 -0.009377051 -0.01478963 -0.0093595 -0.01202988 -20.27509 48.32849 -472.095 -284.828 -94.50185 
1786080395.402 -0.01057254 -0.01287549 -0.009033176 -0.008745142 -21.3164 50.28157 -477.16 -284.368 -96.07665 
1786080395.564 -0.005230429 -0.0126976 -0.009239654 -0.01263043 -22.32633 52.1758 -482.155 -284.204 -97.67431 
1786080395.722 -0.009633926 -0.01453748 -0.009740996 -0.008532132 -23.32998 54.05823 -487.165 -284.324 -99.33166 
1786080395.881 -0.006490875 -0.01607834 -0.008711457 -0.008890875 -24.32114 55.91724 -492.165 -284.728 -101.0373 
1786080396.041 -0.007866655 -0.01318171 -0.009410799 -0.01026666 -25.32482 57.79975 -497.25 -285.428 -102.8305 
1786080396.198 -0.006441526 -0.01684554 -0.009226147 -0.008841526 -26.30964 59.65871 -502.285 -286.4 -104.6682 
1786080396.356 -0.009761313 -0.01538294 -0.008426989 -0.007161313 -27.30077 61.50584 -507.285 -287.652 -106.5605 
1786080396.517 -0.006223661 -0.01586572 -0.008991091 -0.008623661 -28.29195 63.36489 -512.305 -289.196 -108.5277 
1786080396.682 -0.007349049 -0.01412068 -0.008237801 -0.004749049 -29.33323 65.31789 -517.54 -291.128 -110.6651 
1786080396.842 -0.001248762 -0.01244583 -0.009758037 -0.009698822 -30.34945 67.22392 -522.605 -293.316 -112.8165 
1786080397.002 -0.005710365 -0.01510692 -0.009061381 -0.008110365 -31.35312 69.10639 -527.535 -295.764 -115.0085 
1786080397.161 -0.005127297 -0.01251139 -0.009415655 -0.007527297 -32.3442 70.96526 -532.33 -298.468 -117.2348 
1786080397.317 -0.008217956 -0.01408681 -0.009208825 -0.005617956 -33.3354 72.82436 -537.03 -301.444 -119.5234 
1786080397.475 -0.006998117 -0.01827419 -0.009206753 -0.009398117 -34.32018 74.6714 -541.6 -304.668 -121.8576 
1786080397.633 -0.005707247 -0.01336555 -0.009235986 -0.003107247 -35.31133 76.53041 -546.08 -308.188 -124.2668 
1786080397.794 -0.003156703 -0.01482259 -0.008443336 -0.0005567033 -36.30872 78.4011 -550.455 -311.988 -126.7522 
1786080397.960 -0.005179573 -0.01386459 -0.01009737 -0.002579573 -37.35617 80.36568 -554.885 -316.26 -129.4243 
1786080398.121 -0.003040385 -0.01787326 -0.008817343 -0.005440385 -38.36626 82.26021 -558.99 -320.636 -132.0646 
1786080398.278 -0.003997864 -0.01484688 -0.009792367 -0.006397864 -39.35738 84.11915 -562.84 -325.208 -134.7291 
1786080398.436 -0.008648139 -0.01580221 -0.008786717 -0.001048139 -40.34845 85.97801 -566.5 -329.952 -137.4164 
1786080398.595 -0.004983307 -0.01585343 -0.008801249 -0.002383307 -41.34592 87.84884 -569.995 -334.98 -140.1939 
1786080398.752 -0.001442154 -0.01351794 -0.009010177 -0.003842154 -42.33074 89.69597 -573.23 -340.16 -142.9904 
1786080398.911 -0.005424972 -0.009625945 -0.009116346 0.002175028 -43.32826 91.56691 -576.28 -345.612 -145.8771 
1786080399.074 0.001214113 -0.01324673 -0.008882342 -0.001185887 -44.33817 93.4611 -579.14 -351.324 -148.8553 
1786080399.238 0.002594595 -0.01033704 -0.008061336 0.0001945945 -45.37323 95.40244 -581.805 -357.38 -151.9642 
1786080399.398 0.006530676 -0.01116393 -0.00798734 -0.0008693235 -46.3746 97.28058 -584.125 -363.412 -155.0249 
1786080399.558 0.003532408 -0.01343192 -0.008081696 0.006132408 -47.36989 99.14738 -586.16 -369.564 -158.1174 
1786080399.718 0.004336191 -0.01025093 -0.007496207 0.001936191 -48.34523 100.9767 -587.895 -375.74 -161.1971 
1786080399.878 0.004734332 -0.01364715 -0.008561197 0.004165815 -49.30704 102.7807 -589.345 -381.948 -164.2782 
1786080400.038 0.003268266 -0.01142014 -0.007003155 0.004432137 -50.24922 104.5478 -590.5 -388.144 -167.3427 
1786080400.203 0.006343085 -0.007993062 -0.00782591 0.003943085 -51.21259 106.3547 -591.42 -394.58 -170.5177 
1786080400.366 0.005987742 -0.008336679 -0.007706261 0.008587742 -52.14463 108.1029 -592.04 -400.884 -173.6304 
1786080400.526 0.003888611 -0.006167558 -0.007183789 0.006488611 -53.0625 109.8244 -592.39 -407.164 -176.7356 
1786080400.684 0.00592305 -0.009759706 -0.007482744 0.01027305 -53.94428 111.4783 -592.485 -413.244 -179.7531 
1786080400.842 0.005236556 -0.004067872 -0.006968124 0.008036556 -54.80725 113.0969 -592.34 -419.244 -182.7401 
1786080401.000 0.008003298 0.0005252704 -0.007045116 0.0108033 -55.66775 114.7108 -591.965 -425.256 -185.75 
1786080401.161 0.005033516 0.0007538445 -0.00581432 0.007833516 -56.50963 116.2898 -591.365 -431.152 -188.7256 
1786080401.325 0.003958771 -0.002880677 -0.005925986 0.006758771 -57.37449 117.912 -590.515 -437.216 -191.8117 
1786080401.486 0.00581593 0.002454055 -0.006715779 0.00861593 -58.20957 119.4782 -589.47 -443.08 -194.8191 
1786080401.646 0.00654136 -0.003206328 -0.006716693 0.00934136 -59.02049 121.0088 -588.23 -448.792 -197.7858 
1786080401.807 0.006515271 0.004455346 -0.006170965 0.009315271 -59.82276 122.5039 -586.815 -454.368 -200.7259 
1786080401.965 0.006710803 0.003667265 -0.005877636 0.009510803 -60.6016 123.9647 -585.235 -459.784 -203.5859 
1786080402.122 0.01016429 0.00388321 -0.006445709 0.00796429 -61.35733 125.3822 -583.52 -465.012 -206.399 
1786080402.279 0.005402693 0.005182731 -0.005704462 0.01053157 -62.10462 126.7838 -581.64 -470.148 -209.2018 
1786080402.438 0.005304692 0.008945039 -0.006047544 0.008104692 -62.83396 128.1517 -579.635 -475.124 -211.9552 
1786080402.605 0.004725716 0.004680579 -0.004898533 0.007525716 -63.5909 129.5714 -577.38 -480.232 -214.833 
1786080402.770 0.008254193 0.004996997 -0.004400587 0.006054193 -64.33307 130.9634 -575 -485.224 -217.6892 
1786080402.928 0.006394956 0.004175286 -0.005115134 0.009194956 -65.0302 132.271 -572.605 -489.796 -220.355 
1786080403.087 0.006908579 0.003873826 -0.005592629 0.004708579 -65.71383 133.5532 -570.115 -494.256 -223.0004 
1786080403.246 0.004758381 0.005434795 -0.004600161 0.007558381 -66.38406 134.8103 -567.535 -498.572 -225.609 
1786080403.403 0.006278266 0.009181697 -0.004469816 0.004078266 -67.03254 136.0265 -564.915 -502.692 -228.1451 
1786080403.560 0.004138586 0.01224149 -0.004145488 0.006938586 -67.66798 137.2184 -562.225 -506.668 -230.642 
1786080403.726 0.002938384 0.007049389 -0.001921446 0.005738384 -68.31757 138.444 -559.34 -510.684 -233.2239 
1786080403.891 0.0002700731 0.007551814 -0.002517248 0.008070073 -68.96059 139.6428 -556.395 -514.548 -235.7575 
1786080404.058 0.005138634 0.01032038 0.0006806641 0.002938634 -69.58139 140.8072 -553.435 -518.236 -238.2328 
1786080404.222 0.006937909 0.008988004 0.001132877 0.00810633 -70.1952 141.9584 -550.4 -521.808 -240.6877 
1786080404.389 0.004060991 0.008148558 0.005032399 0.006860991 -70.79787 143.0888 -547.32 -525.248 -243.1096 
1786080404.568 0.006214338 0.005909345 0.005719471 0.004014338 -71.41683 144.2497 -544.06 -528.704 -245.6038 
1786080404.735 0.004793225 0.009270673 0.006591709 0.007593225 -71.99906 145.3417 -540.9 -531.888 -247.9584 
1786080404.900 -0.0007544787 0.009221356 0.00590509 0.007045521 -72.54948 146.3741 -537.83 -534.828 -250.1898 
1786080405.073 0.003667563 0.008723977 0.006682183 0.006467563 -73.09827 147.4034 -534.705 -537.692 -252.4225 
1786080405.242 0.0009511495 0.01022515 0.007260144 0.008751149 -73.64103 148.4214 -531.535 -540.46 -254.6373 
1786080405.401 0.0007963333 0.006288708 0.007129907 0.003596333 -74.1378 149.3531 -528.575 -542.928 -256.6693 
1786080405.562 0.0007356976 0.008683224 0.007347629 0.008535698 -74.61483 150.2479 -525.68 -545.248 -258.6251 
1786080405.722 0.004570819 0.009232326 0.006858528 0.007370819 -75.08085 151.1219 -522.805 -547.46 -260.5403 
1786080405.879 0.003648219 0.009775346 0.005766554 0.006448219 -75.52213 151.9496 -520.035 -549.504 -262.3564 
1786080406.037 0.002372958 0.01046765 0.007419452 0.005172958 -75.95295 152.7576 -517.29 -551.452 -264.1357 
1786080406.202 0.002875293 0.01252101 0.008300614 0.005675293 -76.38349 153.5651 -514.51 -553.352 -265.9162 
1786080406.364 0.002851811 0.01136885 0.007509201 0.005651811 -76.79976 154.3459 -511.785 -555.14 -267.6396 
1786080406.524 0.0043657 0.009114894 0.007699363 0.0021657 -77.19706 155.0911 -509.15 -556.8 -269.288 
1786080406.682 -0.0008626203 0.008105727 0.007463589 0.00693738 -77.57586 155.8016 -506.61 -558.348 -270.8616 
1786080406.843 0.002773445 0.006339176 0.008125525 0.0009240172 -77.94117 156.4867 -504.14 -559.804 -272.3818 
1786080407.003 0.004010719 0.007234503 0.008410712 0.006810719 -78.2952 157.1507 -501.72 -561.176 -273.8575 
1786080407.166 0.002810384 0.007179498 0.007131256 0.005610384 -78.63558 157.7892 -499.37 -562.464 -275.2761 
1786080407.330 -0.0007558305 0.006806308 0.007842597 0.00704417 -78.97629 158.4282 -496.995 -563.72 -276.6998 
1786080407.491 -0.001470208 0.01023932 0.007421907 0.006329792 -79.29254 159.0214 -494.775 -564.86 -278.0218 
1786080407.650 0.001404029 0.009946724 0.007114936 0.004204029 -79.58937 159.5781 -492.68 -565.9 -279.2639 
1786080407.808 -0.005049305 0.006759064 0.007181918 0.002750695 -79.871 160.1063 -490.67 -566.86 -280.4437 
1786080407.966 -0.004496839 0.006786755 0.007434346 0.003303161 -80.13931 160.6095 -488.75 -567.756 -281.5689 
1786080408.123 -0.005232195 0.008086149 0.008284217 0.002567805 -80.3927 161.0848 -486.925 -568.584 -282.6332 
1786080408.280 -0.006593836 0.009933013 0.007665411 -0.003793836 -80.63448 161.5383 -485.175 -569.356 -283.6479 
1786080408.443 0.0002731519 0.008936191 0.007875522 -0.006926848 -80.86298 161.9669 -483.52 -570.068 -284.608 
1786080408.611 -0.002517902 0.00882963 0.007518246 -0.004717902 -81.09257 162.3975 -481.84 -570.768 -285.5732 
1786080408.770 -0.007844805 0.006883649 0.006415866 -0.005044805 -81.29838 162.7858 -480.32 -571.384 -286.4445 
1786080408.933 -0.007356327 0.004893598 0.00760115 -0.00613563 -81.4891 163.1412 -478.925 -571.936 -287.242 
1786080409.095 -0.003944384 0.005641015 0.007555509 -0.006144384 -81.66912 163.4788 -477.595 -572.452 -288.0002 
1786080409.254 -0.006989269 0.005073364 0.007982698 -0.004189269 -81.82996 163.7805 -476.4 -572.904 -288.6784 
1786080409.417 -0.001942583 0.005424465 0.007813367 -0.004142583 -81.97735 164.0587 -475.305 -573.316 -289.3032 
1786080409.586 0.002024633 0.005791304 0.007690524 -0.005175367 -82.11681 164.3185 -474.275 -573.696 -289.8912 
1786080409.751 3.1718e-05 0.005859308 0.008734688 -0.002168282 -82.24515 164.5593 -473.315 -574.036 -290.4297 
1786080409.911 0.002558747 0.009746697 0.008771552 -0.004641253 -82.35107 164.7579 -472.525 -574.32 -290.8768 
1786080410.070 -0.005886919 0.004568359 0.007885177 -0.003086919 -82.44337 164.931 -471.825 -574.556 -291.2654 
1786080410.229 -0.004152752 0.006308001 0.008009838 -0.006352752 -82.52158 165.0777 -471.24 -574.76 -291.5956 
1786080410.398 -0.007520197 0.006494971 0.008569261 -0.004720197 -82.58702 165.2005 -470.745 -574.928 -291.8737 
1786080410.572 -0.007381692 0.006598274 0.007466815 -0.007566511 -82.64382 165.307 -470.32 -575.072 -292.1112 
1786080410.743 0.01033408 0.01785519 0.01223863 0.008134079 -82.6818 165.3782 -470.05 -575.18 -292.2763 
1786080410.909 0.01620133 0.0183175 0.01317567 0.01400133 -82.70383 165.4196 -469.89 -575.236 -292.3703 
1786080411.080 0.01515883 0.02028771 0.01339425 0.01295883 -82.711 165.433 -469.835 -575.256 -292.4008 
1786080411.242 0.01515883 0.02028771 0.01212425 0.01795883 -82.711 165.433 -469.835 -575.256 -292.3995 
1786080411.400 0.01515883 0.02028771 0.01339425 0.01795883 -82.711 165.433 -469.835 -575.256 -292.4008 
1786080411.558 0.01515883 0.02028771 0.01212425 0.01795883 -82.711 165.433 -469.835 -575.256 -292.3995 
1786080411.719 0.01515883 0.02028771 0.01212425 0.01295883 -82.711 165.433 -469.835 -575.256 -292.3995 
1786080411.888 0.01515883 0.01628771 0.01212425 0.01795883 -82.711 165.433 -469.835 -575.256 -292.3995 
1786080412.094 0.01515883 0.01628771 0.01212425 0.01295883 -82.711 165.433 -469.835 -575.252 -292.3995 
1786080412.277 0.01515883 0.01628771 0.01085425 0.01295883 -82.711 165.433 -469.835 -575.252 -292.3982 
1786080412.437 0.01515883 0.01628771 0.01085425 0.01295883 -82.711 165.433 -469.835 -575.252 -292.3982 
1786080412.601 0.01015883 0.01228771 0.009584251 0.01295883 -82.711 165.433 -469.83 -575.248 -292.397 
1786080412.762 0.01015883 0.01228771 0.01085425 0.01295883 -82.711 165.433 -469.83 -575.248 -292.397 
1786080412.921 0.01015883 0.01228771 0.009584251 0.01295883 -82.711 165.433 -469.83 -575.248 -292.397 
1786080413.086 0.01515883 0.01628771 0.009584251 0.01295883 -82.711 165.433 -469.835 -575.252 -292.397 
1786080413.261 0.01015883 0.01228771 0.009584251 0.007958825 -82.711 165.433 -469.83 -575.248 -292.397 
1786080413.428 0.01015883 0.01228771 0.009584251 0.01295883 -82.711 165.433 -469.83 -575.248 -292.397 
1786080413.588 0.01015883 0.01228771 0.009584251 0.007958825 -82.711 165.433 -469.83 -575.248 -292.397 
1786080413.752 0.02045728 0.02013316 0.01394254 0.01805728 -82.69915 165.4315 -469.845 -575.248 -292.3512 
1786080413.916 0.0152582 0.02159932 0.01228439 0.01773262 -82.66044 165.4264 -469.855 -575.224 -292.1861 
1786080414.086 0.01942113 0.02525479 0.01545903 0.02202113 -82.59532 165.4179 -469.885 -575.184 -291.9118 
1786080414.253 0.01557062 0.01977391 0.01358696 0.01817062 -82.49651 165.4051 -469.92 -575.112 -291.4953 
1786080414.418 0.008341025 0.01464022 0.01028106 0.01062187 -82.3748 165.3892 -469.96 -575.024 -290.9784 
1786080414.589 0.008741157 0.01293088 0.01042823 0.01095905 -82.22096 165.3692 -470.02 -574.916 -290.3294 
1786080414.748 0.007124753 0.01002085 0.009608943 0.009724753 -82.04862 165.3467 -470.085 -574.792 -289.5979 
1786080414.906 0.003701903 0.004170395 0.008019258 0.001301903 -81.85557 165.3216 -470.155 -574.648 -288.7863 
1786080415.074 0.002480811 0.003844791 0.008241955 -0.004919189 -81.62612 165.2917 -470.24 -574.48 -287.8199 
1786080415.238 -0.003219501 0.006365034 0.008027121 -0.006222304 -81.36622 165.2578 -470.335 -574.288 -286.7251 
1786080415.399 -0.004824743 0.006973762 0.007718753 -0.002224743 -81.08919 165.2215 -470.435 -574.076 -285.5529 
1786080415.559 -0.00765478 0.004183856 0.006894269 -0.00505478 -80.78826 165.1825 -470.535 -573.836 -284.2931 
1786080415.717 -0.006657506 -0.0008645633 0.00832987 -0.004057506 -80.46383 165.1403 -470.65 -573.568 -282.9316 
1786080415.880 -0.003474792 -0.00323321 0.008586412 -0.006650197 -80.10723 165.0938 -470.775 -573.268 -281.4356 
1786080416.042 -0.003510252 0.004502116 0.008028599 -0.005910252 -79.72204 165.0436 -470.905 -572.944 -279.8202 
1786080416.205 0.008691734 0.01404697 0.009760181 0.006291734 -79.31541 164.9907 -471.05 -572.592 -278.1196 
1786080416.369 0.003091804 0.0058384 0.007569418 0.0006918035 -78.87178 164.9329 -471.185 -572.176 -276.2515 
1786080416.529 0.007324665 0.0105028 0.008739692 0.004924665 -78.41271 164.8731 -471.33 -571.744 -274.3477 
1786080416.687 0.005687308 0.00975889 0.0089323 0.003287308 -77.9339 164.8107 -471.47 -571.272 -272.3526 
1786080416.847 0.008242434 0.007934552 0.008220737 0.004937443 -77.42977 164.745 -471.615 -570.76 -270.2558 
1786080417.004 0.005034013 0.01044641 0.009191448 0.007634013 -76.90721 164.6769 -471.755 -570.208 -268.0866 
1786080417.178 0.005735374 0.007746095 0.008484853 0.007433675 -76.32787 164.6015 -471.91 -569.572 -265.6863 
1786080417.350 0.007211419 0.00752082 0.007163049 -0.0001885812 -75.68351 164.5175 -472.065 -568.84 -263.0231 
1786080417.511 0.004041007 0.008065633 0.007529898 0.001641007 -75.05919 164.4362 -472.205 -568.104 -260.4514 
1786080417.675 0.002392678 0.007833832 0.007142199 -7.322444e-06 -74.39603 164.3498 -472.345 -567.292 -257.7272 
1786080417.847 0.003784663 0.008977956 0.007767506 0.006384663 -73.71807 164.2615 -472.48 -566.432 -254.9523 
1786080418.015 0.003804821 0.006296381 0.007304242 0.001404821 -72.96484 164.1628 -472.615 -565.428 -251.8624 
1786080418.177 0.0004506118 0.004443216 0.007595841 0.003050612 -72.22748 164.0673 -472.73 -564.424 -248.8652 
1786080418.348 -0.0001094188 0.009676476 0.006751436 0.002490581 -71.44406 163.9652 -472.84 -563.316 -245.7143 
1786080418.510 0.00361598 0.004348837 0.007460528 0.00121598 -70.64717 163.8614 -472.94 -562.136 -242.5063 
1786080418.675 0.006407101 0.007703646 0.007361657 0.004007101 -69.823 163.7541 -473.025 -560.88 -239.2043 
1786080418.837 0.006256832 0.006561253 0.006368452 -0.001143168 -68.98745 163.6452 -473.09 -559.556 -235.8731 
1786080419.002 0.003227185 5.003048e-05 0.006403082 -0.004172815 -68.12018 163.5322 -473.135 -558.128 -232.4365 
1786080419.166 -0.0005073225 0.005223299 0.00688415 -0.002907322 -67.20977 163.4136 -473.16 -556.588 -228.8513 
1786080419.325 -0.01683315 -0.01221541 -0.003754412 -0.01403315 -66.30607 163.2959 -473.15 -554.984 -225.3054 
1786080419.488 -0.01486867 -0.01531263 -0.008334961 -0.01706867 -65.37086 163.1741 -473.135 -553.284 -221.6682 
1786080419.656 -0.01516271 -0.01681612 -0.007635692 -0.01700679 -64.36735 163.0434 -473.09 -551.4 -217.801 
1786080419.821 -0.01192156 -0.0128487 -0.007117485 -0.01412156 -63.36676 162.9122 -473.02 -549.452 -213.9529 
1786080419.996 -0.01306435 -0.01168454 -0.007631218 -0.01450719 -62.25024 162.7676 -472.905 -547.228 -209.7479 
1786080420.173 -0.01451863 -0.01196127 -0.007306282 -0.01072642 -61.10902 162.6189 -472.75 -544.86 -205.4706 
1786080420.369 -0.01395847 -0.009787448 -0.00849515 -0.01115847 -59.81475 162.4503 -472.53 -542.084 -200.6763 
1786080420.534 -0.0129007 -0.01110775 -0.006440321 -0.0101007 -58.664 162.3004 -472.295 -539.528 -196.4676 
1786080420.709 -0.01212665 -0.007506349 -0.009001375 -0.01258569 -57.46318 162.144 -472.01 -536.784 -192.1267 
1786080420.882 -0.01204137 -0.009249433 -0.008096917 -0.00924137 -56.31237 161.994 -471.695 -534.072 -188.0233 
1786080421.046 -0.009810867 -0.01159434 -0.00785424 -0.007010867 -55.23711 161.854 -471.365 -531.468 -184.2387 
1786080421.210 -0.009094302 -0.01312411 -0.009055259 -0.0112943 -54.20112 161.719 -471.015 -528.9 -180.637 
1786080421.387 -0.01111051 -0.01340449 -0.009544213 -0.008310507 -53.10026 161.5756 -470.605 -526.108 -176.8613 
1786080421.550 -0.009601748 -0.009101812 -0.00831876 -0.01180175 -52.11393 161.4471 -470.21 -523.556 -173.5263 
1786080421.711 -0.01081823 -0.008038575 -0.007466457 -0.008018225 -51.16598 161.3236 -469.8 -521.052 -170.3627 
1786080421.872 -0.01251825 -0.01008737 -0.007253846 -0.00971825 -50.25558 161.205 -469.38 -518.6 -167.363 
1786080422.029 -0.01225869 -0.01057798 -0.008143642 -0.009458688 -49.37621 161.0905 -468.955 -516.192 -164.5017 
1786080422.190 -0.006833808 -0.006680114 -0.007497029 -0.009033808 -48.53276 160.9806 -468.525 -513.852 -161.794 
1786080422.360 -0.009157527 -0.007154019 -0.008411503 -0.01135753 -47.64724 160.8652 -468.045 -511.352 -158.9873 
1786080422.523 -0.01142986 -0.01250598 -0.009423489 -0.01076128 -46.81519 160.7568 -467.575 -508.964 -156.3864 
1786080422.691 -0.01028317 -0.0104462 -0.007638176 -0.009591431 -46.0011 160.6508 -467.095 -506.604 -153.8769 
1786080422.856 -0.00709209 -0.008937953 -0.007377652 -0.00929209 -45.22859 160.5501 -466.62 -504.332 -151.5274 
1786080423.027 -0.007743077 -0.00765985 -0.007779847 -0.004943077 -44.44741 160.4484 -466.12 -502.008 -149.1817 
1786080423.194 -0.006932149 -0.01023638 -0.007643488 -0.009132149 -43.72152 160.3538 -465.64 -499.82 -147.0189 
1786080423.355 -0.00768427 -0.007480147 -0.007011904 -0.00488427 -43.03551 160.2645 -465.17 -497.736 -145.0262 
1786080423.518 -0.005810199 -0.0103592 -0.007779618 -0.008010199 -42.37999 160.1791 -464.71 -495.72 -143.1327 
1786080423.696 -0.007686333 -0.005816564 -0.006404834 -0.004886333 -41.72035 160.0931 -464.23 -493.68 -141.2531 
1786080423.880 -0.008393139 -0.007131007 -0.006984545 -0.007865829 -41.01375 160.0011 -463.705 -491.468 -139.2642 
1786080424.062 -0.009836136 -0.01237181 -0.007401017 -0.007036136 -40.41206 159.9227 -463.24 -489.556 -137.584 
1786080424.242 -0.004785161 -0.009907357 -0.008007381 -0.006985161 -39.78431 159.8409 -462.75 -487.572 -135.8708 
1786080424.410 -0.008546163 -0.008198453 -0.007476508 -0.005746163 -39.24404 159.7705 -462.315 -485.84 -134.4078 
1786080424.574 -0.00713961 -0.0068949 -0.006926005 -0.00433961 -38.74752 159.7059 -461.91 -484.24 -133.0705 
1786080424.732 -0.007514351 -0.008114263 -0.006861072 -0.004714351 -38.29776 159.6473 -461.535 -482.78 -131.8856 
1786080424.897 -0.008865793 -0.007240185 -0.007618706 -0.006065793 -37.8655 159.591 -461.165 -481.364 -130.7426 
1786080425.063 0.01265793 0.01125639 0.0007932088 0.01545793 -37.44747 159.5365 -460.83 -480.02 -129.6707 
1786080425.226 0.01187553 0.0135354 0.007384436 0.01467553 -37.06399 159.4865 -460.495 -478.76 -128.689 
1786080425.386 0.01422514 0.01644576 0.008223182 0.01702514 -36.7158 159.4412 -460.19 -477.612 -127.8 
1786080425.546 0.01726493 0.0147217 0.008311987 0.01506493 -36.39325 159.3992 -459.905 -476.54 -126.9821 
1786080425.706 0.01523889 0.01541643 0.009103438 0.01303889 -36.09629 159.3605 -459.635 -475.552 -126.2302 
1786080425.878 0.01483587 0.01665503 0.007917436 0.01263587 -35.81682 159.3241 -459.38 -474.62 -125.5356 
1786080426.047 0.009964095 0.009708023 0.005870903 0.0127641 -35.55019 159.2893 -459.13 -473.716 -124.8688 
1786080426.207 0.007217026 0.01060227 0.006210115 0.01001703 -35.33194 159.2609 -458.925 -472.988 -124.3329 
1786080426.367 0.0116432 0.0098459 0.00620191 0.0144432 -35.13959 159.2358 -458.75 -472.34 -123.8604 
1786080426.527 0.01599428 0.01646549 0.008441704 0.01379428 -34.9751 159.2144 -458.6 -471.792 -123.4604 
1786080426.691 0.01876543 0.01596011 0.00985622 0.01656543 -34.83427 159.1961 -458.47 -471.316 -123.1187 
1786080426.863 0.01849678 0.0176837 0.01071487 0.02129678 -34.71312 159.1803 -458.355 -470.908 -122.8254 
1786080427.030 0.02540564 0.02486994 0.01109093 0.02363626 -34.6212 159.1683 -458.275 -470.604 -122.6031 
1786080427.194 0.01836621 0.01751052 0.01104825 0.02116621 -34.56077 159.1604 -458.21 -470.392 -122.4571 
1786080427.360 0.03099713 0.02946447 0.01490052 0.02879713 -34.52645 159.156 -458.19 -470.288 -122.3783 
1786080427.527 0.02322789 0.02314746 0.01159057 0.02102789 -34.519 159.155 -458.175 -470.256 -122.3567 
1786080427.702 0.01822789 0.01914746 0.01032057 0.01602789 -34.519 159.155 -458.17 -470.252 -122.3555 
1786080427.860 0.01322789 0.01514746 0.009050575 0.01602789 -34.519 159.155 -458.165 -470.248 -122.3542 
1786080428.019 0.008227893 0.007147464 0.006510577 0.01102789 -34.519 159.155 -458.16 -470.24 -122.3517 
1786080428.177 0.008227893 0.007147464 0.005240577 0.01102789 -34.519 159.155 -458.16 -470.24 -122.3504 
1786080428.337 0.008227893 0.007147464 0.006510577 0.01102789 -34.519 159.155 -458.16 -470.24 -122.3517 
1786080428.497 0.008227893 0.007147464 0.005240577 0.006027893 -34.519 159.155 -458.16 -470.24 -122.3504 
1786080428.659 0.01322789 0.01114746 0.007780576 0.01102789 -34.519 159.155 -458.165 -470.244 -122.3529 
1786080428.819 0.02322789 0.01914746 0.01159057 0.02102789 -34.519 159.155 -458.175 -470.252 -122.3567 
1786080428.977 0.02822789 0.02714746 0.01413057 0.02602789 -34.519 159.155 -458.18 -470.26 -122.3593 
1786080429.147 0.03322789 0.03514746 0.01921057 0.03602789 -34.519 159.155 -458.185 -470.268 -122.3644 
1786080429.311 0.03822789 0.04314746 0.02175057 0.04102789 -34.519 159.155 -458.19 -470.276 -122.3669 
1786080429.473 0.03822789 0.04314746 0.02048057 0.03602789 -34.519 159.155 -458.19 -470.276 -122.3656 
1786080429.646 0.02822789 0.03114746 0.01540057 0.02602789 -34.519 159.155 -458.18 -470.264 -122.3606 
1786080429.827 0.01322789 0.01514746 0.009050575 0.01602789 -34.519 159.155 -458.165 -470.248 -122.3542 
1786080429.994 0.003227893 0.007147464 0.003970578 0.006027893 -34.519 159.155 -458.155 -470.24 -122.3491 
1786080430.165 0.0007251439 0.002521482 0.0004003449 -0.001474856 -34.51785 159.1555 -458.15 -470.232 -122.3428 
1786080430.333 0.01067214 0.01067929 0.005721489 0.008949908 -34.49458 159.165 -458.105 -470.172 -122.292 
1786080430.508 0.004672 0.004328601 0.005010978 0.003321843 -34.44179 159.1865 -457.99 -470.008 -122.1637 
1786080430.678 0.00380867 0.007363157 0.006013923 0.00660867 -34.35939 159.2201 -457.81 -469.772 -121.9669 
1786080430.840 0.01155781 0.01337509 0.008699035 0.01435781 -34.25402 159.263 -457.59 -469.468 -121.7167 
1786080431.014 0.008965742 0.009091534 0.00650964 0.006765742 -34.11848 159.3183 -457.295 -469.064 -121.3903 
1786080431.199 0.008006754 0.008976944 0.007328108 0.01080675 -33.9401 159.391 -456.905 -468.532 -120.9623 
1786080431.380 0.006347032 0.0124046 0.007467824 0.009147032 -33.72899 159.4771 -456.455 -467.912 -120.4657 
1786080431.562 -0.02126602 -0.02177002 -0.01046213 -0.02346602 -33.47644 159.58 -455.885 -467.124 -119.8523 
1786080431.733 -0.02674712 -0.02875277 -0.01361685 -0.02394712 -33.20843 159.6893 -455.31 -466.312 -119.2224 
1786080431.903 -0.02541403 -0.02198583 -0.01257925 -0.0238243 -32.91876 159.8074 -454.7 -465.444 -118.5506 
1786080432.078 -0.02405245 -0.02399198 -0.01327254 -0.02625245 -32.59821 159.938 -454.02 -464.468 -117.8114 
1786080432.247 -0.02447082 -0.02486357 -0.01283498 -0.02167082 -32.24195 160.0833 -453.27 -463.38 -116.9986 
1786080432.411 -0.01994214 -0.02250073 -0.01216405 -0.02214214 -31.87862 160.2314 -452.515 -462.26 -116.1782 
1786080432.589 -0.02272287 -0.02113747 -0.01155779 -0.01992287 -31.47089 160.3976 -451.665 -460.996 -115.2676 
1786080432.756 -0.02416446 -0.02072055 -0.01281594 -0.02136446 -31.02363 160.5799 -450.74 -459.596 -114.2783 
1786080432.928 -0.02015193 -0.01780913 -0.01080107 -0.02235193 -30.5652 160.7668 -449.805 -458.152 -113.2813 
1786080433.097 -0.02026687 -0.0187466 -0.01149421 -0.02246687 -30.07584 160.9663 -448.81 -456.592 -112.2285 
1786080433.264 -0.01789202 -0.01971457 -0.01102886 -0.02009202 -29.56088 161.1762 -447.775 -454.936 -111.1388 
1786080433.437 -0.01402854 -0.01745674 -0.01002525 -0.01622854 -29.01771 161.3977 -446.695 -453.176 -110.0085 
1786080433.641 -0.0131415 -0.01394281 -0.01033431 -0.0153415 -28.32031 161.682 -445.32 -450.892 -108.5836 
1786080433.837 -0.01488211 -0.0157388 -0.01019185 -0.01489953 -27.60715 161.9727 -443.93 -448.524 -107.1612 
1786080434.026 -0.01564284 -0.01664254 -0.009197245 -0.01784284 -26.8906 162.2648 -442.555 -446.116 -105.7642 
1786080434.198 -0.01445302 -0.01510178 -0.009341957 -0.01665302 -26.19179 162.5497 -441.235 -443.728 -104.4269 
1786080434.361 -0.01140609 -0.01281841 -0.008731447 -0.01360609 -25.49208 162.8349 -439.935 -441.344 -103.1366 
1786080434.546 -0.01494214 -0.01187124 -0.008583379 -0.01410451 -24.71551 163.1515 -438.51 -438.648 -101.7332 
1786080434.731 -0.01505021 -0.01660876 -0.008301121 -0.01225021 -23.893 163.4868 -437.03 -435.756 -100.293 
1786080434.908 -0.009003569 -0.0142659 -0.00927193 -0.0132775 -23.04795 163.8313 -435.545 -432.756 -98.85922 
1786080435.097 -0.009451958 -0.01211018 -0.00873713 -0.01165196 -22.26796 164.1493 -434.2 -429.956 -97.58033 
1786080435.270 -0.0103289 -0.01125778 -0.008934386 -0.01053626 -21.45977 164.4787 -432.825 -427.008 -96.29255 
1786080435.439 -0.009645132 -0.01388771 -0.008992523 -0.01025392 -20.7835 164.7544 -431.71 -424.544 -95.26131 
1786080435.640 -0.01315979 -0.01395352 -0.009713001 -0.01535979 -20.0538 165.0519 -430.525 -421.832 -94.17165 
1786080435.831 -0.01135308 -0.01220046 -0.008241405 -0.01284005 -19.32223 165.3501 -429.365 -419.124 -93.12898 
1786080436.022 -0.01203633 -0.009876395 -0.007538214 -0.009236333 -18.61896 165.6368 -428.27 -416.484 -92.15616 
1786080436.219 -0.01050892 -0.01008547 -0.008014294 -0.008020739 -17.99078 165.8929 -427.315 -414.104 -91.31161 
1786080436.429 -0.01282848 -0.0116938 -0.008158044 -0.01055435 -17.32495 166.1643 -426.32 -411.568 -90.45563 
1786080436.598 -0.006721115 -0.01119038 -0.0073221 -0.008921115 -16.78625 166.3839 -425.54 -409.504 -89.7838 
1786080436.763 -0.009691997 -0.01317512 -0.008521067 -0.011892 -16.33194 166.5691 -424.88 -407.74 -89.22881 
1786080436.944 -0.01055378 -0.01009229 -0.007373413 -0.00775378 -15.87937 166.7536 -424.245 -406.004 -88.69795 
1786080437.116 -0.01075097 -0.01300803 -0.007748568 -0.007950967 -15.44767 166.9296 -423.645 -404.316 -88.19884 
1786080437.303 -0.007361472 -0.009952333 -0.006619926 -0.00662754 -15.05206 167.0909 -423.105 -402.784 -87.75942 
1786080437.482 -0.008019383 -0.01061935 -0.00672483 -0.01021938 -14.6577 167.2517 -422.575 -401.24 -87.32889 
1786080437.652 -0.007130321 -0.008207242 -0.006331197 -0.006952384 -14.3392 167.3815 -422.15 -399.992 -86.9898 
1786080437.820 -0.007607566 -0.008689544 -0.006303414 -0.004807566 -14.05578 167.497 -421.78 -398.876 -86.6939 
1786080437.991 -0.008491172 -0.01126732 -0.007890013 -0.01069117 -13.7908 167.6051 -421.435 -397.828 -86.42085 
1786080438.155 -0.01044625 -0.01064097 -0.006928185 -0.007646249 -13.55896 167.6996 -421.135 -396.912 -86.18844 
1786080438.327 -0.008906406 -0.009109954 -0.006778756 -0.01110641 -13.35754 167.7817 -420.88 -396.116 -85.98905 
1786080438.494 0.008049224 0.007221495 -0.0002133321 0.01084922 -13.17797 167.8549 -420.67 -395.42 -85.82014 
1786080438.673 0.02119523 0.02256172 0.01243636 0.02399523 -13.02405 167.9176 -420.49 -394.824 -85.68425 
1786080438.837 0.02230336 0.02021205 0.01127695 0.02010336 -12.90695 167.9654 -420.345 -394.352 -85.57122 
1786080438.997 0.0232534 0.02362509 0.01211949 0.0210534 -12.82166 168.0002 -420.24 -394.02 -85.49121 
1786080439.173 0.02108336 0.02590194 0.01321155 0.02423154 -12.75851 168.0259 -420.16 -393.768 -85.43279 
1786080439.362 0.01748275 0.01935895 0.01139082 0.02028275 -12.72528 168.0394 -420.115 -393.632 -85.39977 
1786080439.528 0.02523882 0.02438733 0.01347157 0.02303882 -12.719 168.042 -420.115 -393.612 -85.39596 
1786080439.692 0.02023882 0.02438733 0.01347157 0.02303882 -12.719 168.042 -420.11 -393.612 -85.39596 
1786080439.856 0.02523882 0.02438733 0.01347157 0.02803882 -12.719 168.042 -420.115 -393.612 -85.39596 
1786080440.016 0.02023882 0.02438733 0.01220158 0.02303882 -12.719 168.042 -420.11 -393.612 -85.39469 
1786080440.175 0.02023882 0.02438733 0.01220158 0.02303882 -12.719 168.042 -420.11 -393.612 -85.39469 
1786080440.333 0.02023882 0.02038733 0.01347157 0.01803882 -12.719 168.042 -420.11 -393.608 -85.39469 
1786080440.493 0.02023882 0.02038733 0.01220158 0.01803882 -12.719 168.042 -420.11 -393.608 -85.39469 
1786080440.651 0.02023882 0.02038733 0.01220158 0.02303882 -12.719 168.042 -420.11 -393.608 -85.39469 
1786080440.810 0.02023882 0.02038733 0.01220158 0.01803882 -12.719 168.042 -420.11 -393.608 -85.39469 
1786080440.974 0.02023882 0.02038733 0.01220158 0.01803882 -12.719 168.042 -420.11 -393.608 -85.39469 
1786080441.136 0.01523882 0.02038733 0.01093158 0.01803882 -12.719 168.042 -420.105 -393.608 -85.39342 
1786080441.300 0.01523882 0.01638733 0.01093158 0.01803882 -12.719 168.042 -420.105 -393.604 -85.39342 
1786080441.458 0.01523882 0.01638733 0.009661577 0.01303882 -12.719 168.042 -420.105 -393.604 -85.39215 
1786080441.616 0.01523882 0.01638733 0.009661577 0.01303882 -12.719 168.042 -420.105 -393.604 -85.39215 
1786080441.775 0.01523882 0.01638733 0.008391578 0.01303882 -12.719 168.042 -420.105 -393.604 -85.39088 
1786080441.935 0.01023882 0.01238733 0.008391578 0.01303882 -12.719 168.042 -420.1 -393.6 -85.39088 
1786080442.093 0.01023882 0.01238733 0.008391578 0.01303882 -12.719 168.042 -420.1 -393.6 -85.39088 
1786080442.256 0.01228919 0.01414368 0.008472184 0.009889189 -12.71214 168.0323 -420.105 -393.572 -85.38453 
1786080442.436 0.0101958 0.009204721 0.007089921 0.007795798 -12.68353 167.9921 -420.11 -393.444 -85.35659 
1786080442.610 0.004429491 0.004669913 0.005186643 0.002029491 -12.63408 167.9224 -420.13 -393.224 -85.30833 
1786080442.830 0.004462636 0.004641575 0.006484446 0.006672599 -12.54647 167.7991 -420.165 -392.844 -85.22832 
1786080443.036 -0.01136703 -0.01127226 -0.002092954 -0.01376703 -12.42751 167.6316 -420.195 -392.312 -85.11021 
1786080443.243 -0.0120182 -0.01135128 -0.00778173 -0.01021866 -12.28222 167.4271 -420.245 -391.68 -84.97178 
1786080443.419 -0.01427828 -0.01223462 -0.007959342 -0.01167828 -12.12249 167.2022 -420.295 -390.988 -84.82827 
1786080443.597 -0.01454495 -0.01260656 -0.007447874 -0.01194495 -11.94737 166.9557 -420.345 -390.228 -84.67333 
1786080443.784 -0.012746 -0.01066443 -0.007924964 -0.015146 -11.75329 166.6824 -420.395 -389.388 -84.50315 
1786080443.979 -0.0188388 -0.01828774 -0.00993557 -0.0162388 -11.49961 166.3253 -420.44 -388.28 -84.28344 
1786080444.176 -0.02391911 -0.02408298 -0.01334409 -0.02131911 -11.22499 165.9367 -420.475 -387.076 -84.04976 
1786080444.356 -0.02325327 -0.02305023 -0.01144496 -0.02065327 -10.94973 165.5511 -420.5 -385.892 -83.82624 
1786080444.528 -0.02172102 -0.02194364 -0.01125722 -0.01892102 -10.66309 165.1452 -420.51 -384.644 -83.59637 
1786080444.713 -0.02055141 -0.01747755 -0.01081993 -0.01775141 -10.33852 164.6906 -420.5 -383.252 -83.34618 
1786080444.909 -0.02065429 -0.01775319 -0.01223889 -0.02285429 -9.966383 164.1667 -420.46 -381.644 -83.06551 
1786080445.076 -0.01569016 -0.01513199 -0.01065709 -0.01789016 -9.611546 163.6671 -420.4 -380.116 -82.81024 
1786080445.240 -0.01534931 -0.01591842 -0.01014215 -0.01754931 -9.259644 163.1717 -420.31 -378.6 -82.56513 
1786080445.412 -0.0170908 -0.01275325 -0.009507733 -0.0134178 -8.872518 162.6267 -420.18 -376.94 -82.30605 
1786080445.581 -0.01499869 -0.01766205 -0.009077892 -0.01607612 -8.469693 162.0596 -420.015 -375.2 -82.0457 
1786080445.752 -0.01428435 -0.01539566 -0.01007422 -0.01648435 -8.041818 161.4572 -419.8 -373.384 -81.78408 
1786080445.919 -0.01402033 -0.01351061 -0.01018638 -0.01622033 -7.60142 160.8372 -419.54 -371.512 -81.53008 
1786080446.096 -0.01378975 -0.01659265 -0.01040723 -0.01391036 -7.110208 160.1456 -419.2 -369.428 -81.26211 
1786080446.260 -0.01585407 -0.01582367 -0.008971586 -0.01305407 -6.626039 159.464 -418.82 -367.388 -81.017 
1786080446.423 -0.01567725 -0.01461862 -0.009981501 -0.01501893 -6.137026 158.7755 -418.39 -365.34 -80.78459 
1786080446.586 -0.01511008 -0.01298385 -0.009388693 -0.01231008 -5.632323 158.065 -417.89 -363.24 -80.56488 
1786080446.755 -0.01107047 -0.009494942 -0.009244906 -0.01327047 -5.092549 157.305 -417.305 -361.012 -80.35025 
1786080446.920 -0.01322994 -0.01319756 -0.008746045 -0.01114591 -4.53289 156.5171 -416.63 -358.716 -80.15086 
1786080447.082 -0.0121115 -0.01276413 -0.009674399 -0.0143115 -3.96412 155.7164 -415.885 -356.404 -79.97052 
1786080447.243 -0.0103534 -0.01135554 -0.009314312 -0.0121632 -3.390813 154.9092 -415.07 -354.1 -79.81431 
1786080447.406 -0.01183464 -0.01075395 -0.008158317 -0.00903464 -2.788037 154.0606 -414.14 -351.704 -79.67715 
1786080447.572 -0.01298478 -0.01024421 -0.009331197 -0.008538753 -2.166323 153.1853 -413.11 -349.264 -79.56158 
1786080447.739 -0.008259031 -0.009483167 -0.008132799 -0.008109694 -1.505785 152.2554 -411.935 -346.712 -79.47268 
1786080447.904 -0.0122058 -0.01410725 -0.009138359 -0.009405801 -0.8294743 151.3032 -410.645 -344.128 -79.41299 
1786080448.065 -0.01044062 -0.01164003 -0.008595499 -0.01380453 -0.1543377 150.3527 -409.275 -341.604 -79.38886 
1786080448.226 -0.01131652 -0.01210292 -0.008190705 -0.008516516 0.5350384 149.3822 -407.79 -339.072 -79.39902 
1786080448.407 -0.006338707 -0.008763731 -0.008788804 -0.008538707 1.305447 148.2976 -406.025 -336.292 -79.45109 
1786080448.579 -0.003232816 -0.00995749 -0.0085716 -0.01043282 2.09733 147.1827 -404.12 -333.532 -79.55142 
1786080448.743 -0.006769699 -0.007820422 -0.008611442 -0.008969699 2.868688 146.0967 -402.145 -330.888 -79.69493 
1786080448.900 -0.009738649 -0.006771613 -0.008344852 -0.006938649 3.625881 145.0307 -400.11 -328.396 -79.87654 
1786080449.058 -0.01099454 -0.007312822 -0.00878262 -0.008194539 4.391178 143.9533 -397.96 -325.936 -80.10387 
1786080449.219 -0.006791816 -0.007512071 -0.008588319 -0.008991816 5.184012 142.8371 -395.64 -323.472 -80.38581 
1786080449.387 -0.006159872 -0.007149907 -0.007644145 -0.008359872 6.036163 141.6374 -393.035 -320.924 -80.74141 
1786080449.554 -0.008917526 -0.008814334 -0.008586733 -0.006117526 6.918586 140.3951 -390.22 -318.396 -81.16432 
1786080449.718 -0.007964273 -0.007451637 -0.008487801 -0.005164273 7.794316 139.1622 -387.32 -316.008 -81.64184 
1786080449.879 -0.002861467 -0.009024637 -0.00807841 -0.005061467 8.672669 137.9256 -384.31 -313.732 -82.17778 
1786080450.043 -0.005229287 -0.008984695 -0.008951806 -0.007134988 9.575059 136.6551 -381.105 -311.528 -82.78611 
1786080450.208 -0.008430133 -0.01275835 -0.009027189 -0.005630133 10.50761 135.3422 -377.685 -309.388 -83.47826 
1786080450.374 -0.001460538 -0.005691238 -0.008302215 -0.003660538 11.48258 133.9696 -374.01 -307.324 -84.27074 
1786080450.539 -0.004611008 -0.007238817 -0.008888783 -0.003275735 12.45976 132.5939 -370.21 -305.416 -85.13307 
1786080450.704 -0.00388373 -0.006752415 -0.008039604 -0.00608373 13.45021 131.1995 -366.265 -303.664 -86.07922 
1786080450.872 -0.003822927 -0.01116704 -0.008460977 -0.006022927 14.46577 129.7697 -362.12 -302.052 -87.12188 
1786080451.049 -0.00823937 -0.01034392 -0.009669257 -0.00543937 15.60854 128.1608 -357.345 -300.48 -88.38299 
1786080451.221 -0.003413323 -0.01149597 -0.008164109 -0.005613323 16.71043 126.6095 -352.655 -299.204 -89.68982 
1786080451.379 -0.002771624 -0.007786306 -0.007809391 -0.004971624 17.74737 125.1497 -348.16 -298.228 -90.99792 
1786080451.541 0.000541631 -0.009455993 -0.009729366 -0.006658369 18.81574 123.6455 -343.465 -297.444 -92.42286 
1786080451.708 -0.004645525 -0.01248151 -0.008991799 -0.006845525 19.92399 122.0853 -338.525 -296.876 -93.98877 
1786080451.881 -0.005432266 -0.01154519 -0.008045825 -0.007632266 21.02042 120.5417 -333.595 -296.568 -95.62199 
1786080452.049 -0.007199421 -0.01124505 -0.009766691 -0.004399421 22.14766 118.9547 -328.485 -296.512 -97.38602 
1786080452.216 -0.005971314 -0.01281444 -0.009376182 -0.009602822 23.19076 117.4861 -323.74 -296.696 -99.09798 
1786080452.384 -0.009385242 -0.01446026 -0.008636594 -0.00852139 24.23914 116.0102 -318.945 -297.112 -100.8938 
1786080452.564 -0.005968028 -0.01367123 -0.008939008 -0.008168028 25.32728 114.4782 -313.98 -297.792 -102.8356 
1786080452.726 -0.00787962 -0.01118152 -0.008463732 -0.00507962 26.2984 113.111 -309.55 -298.612 -104.6479 
1786080452.893 -0.004836836 -0.01269888 -0.008460651 -0.002036836 27.25651 111.7621 -305.2 -299.612 -106.4741 
1786080453.066 -0.006460417 -0.009998786 -0.007521469 -0.003169984 28.25214 110.3604 -300.7 -300.86 -108.449 
1786080453.232 -0.01021216 -0.008886199 -0.007150885 -0.002412159 29.18749 109.0358 -296.48 -302.228 -110.3743 
1786080453.397 -0.003308524 -0.009707506 -0.007097808 -0.005508524 30.09751 107.7624 -292.46 -303.716 -112.2793 
1786080453.566 -0.007530036 -0.01211731 -0.007615164 -0.009730036 30.99883 106.4935 -288.49 -305.364 -114.2288 
1786080453.758 -0.005370047 -0.0102568 -0.007000525 -0.01024251 31.9626 105.1366 -284.3 -307.316 -116.3725 
1786080453.939 -0.005001993 -0.00969601 -0.008522893 -0.007201993 32.91243 103.7994 -280.21 -309.432 -118.5531 
1786080454.112 -0.007979778 -0.01040843 -0.007235015 -0.004632483 33.78881 102.5656 -276.54 -311.52 -120.5927 
1786080454.278 -0.0009957643 -0.006138751 -0.006380605 -0.003195764 34.60478 101.4168 -273.165 -313.616 -122.546 
1786080454.437 -0.006016352 -0.01016416 -0.007347897 0.001783648 35.36313 100.3491 -270.07 -315.672 -124.3964 
1786080454.596 -0.006192498 -0.009304879 -0.006399039 -0.003392498 36.09884 99.31339 -267.125 -317.776 -126.2264 
1786080454.756 -0.003803296 -0.008797516 -0.007302695 -0.006003296 36.82104 98.29663 -264.29 -319.94 -128.0527 
1786080454.923 -0.007001373 -0.008238295 -0.006799526 -0.004201373 37.53807 97.28714 -261.525 -322.184 -129.898 
1786080455.086 -0.007102095 -0.00848318 -0.006277293 -0.00854846 38.24888 96.28643 -258.845 -324.5 -131.7573 
1786080455.246 -0.006732757 -0.006550214 -0.007096165 -0.003932757 38.91544 95.348 -256.385 -326.756 -133.5264 
1786080455.409 -0.003305173 -0.006165739 -0.005955751 -0.005505173 39.57186 94.42385 -254.02 -329.052 -135.3057 
1786080455.567 -0.007099679 -0.007036895 -0.005179912 -0.004299679 40.2019 93.53685 -251.78 -331.336 -137.0265 
1786080455.728 -0.00828962 -0.01026046 -0.005530349 -0.007673208 40.81375 92.67545 -249.69 -333.592 -138.708 
1786080455.900 -0.007883602 -0.009609483 -0.006943516 -0.005083602 41.42926 91.8089 -247.62 -335.94 -140.4301 
1786080456.074 -0.00239466 -0.006438008 -0.004719765 -0.00459466 42.04993 90.93508 -245.595 -338.372 -142.1916 
1786080456.239 -0.005450334 -0.007976127 -0.00594117 -0.007650334 42.64593 90.09601 -243.695 -340.76 -143.8997 
1786080456.401 -0.006205423 -0.003524699 -0.004730852 -0.003405423 43.18811 89.33269 -242.015 -342.984 -145.472 
1786080456.569 -0.007934777 -0.005370498 -0.004527808 -0.005697628 43.71804 88.58663 -240.415 -345.196 -147.0252 
1786080456.741 -0.00806902 -0.007895837 -0.005440137 -0.006468226 44.26527 87.8162 -238.815 -347.528 -148.6432 
1786080456.903 -0.004654867 -0.007058308 -0.00463266 -0.003619537 44.75267 87.13001 -237.425 -349.64 -150.0973 
1786080457.071 -0.003477505 -0.005413857 -0.002833479 -0.005677505 45.22666 86.46269 -236.115 -351.724 -151.5261 
1786080457.235 -0.001320588 -0.002792171 -0.001543148 -0.003520588 45.67875 85.82623 -234.9 -353.744 -152.899 
1786080457.403 -0.004602668 -0.004130091 0.0001783189 -0.006802668 46.11682 85.20948 -233.75 -355.736 -154.2477 
1786080457.569 -0.00513194 -0.001813859 0.001767269 -0.00233194 46.54517 84.60643 -232.66 -357.688 -155.5609 
1786080457.738 -0.005983551 0.003159375 0.005365292 -0.003183551 46.94126 84.04879 -231.675 -359.54 -156.8004 
1786080457.918 -0.003122665 0.000494743 0.00537251 -0.004572906 47.34249 83.48391 -230.715 -361.404 -158.045 
1786080458.087 -0.002560184 0.00262884 0.007147144 -0.004948278 47.71971 82.95283 -229.84 -363.192 -159.2312 
1786080458.287 -0.003488617 0.002453358 0.006433155 -0.006905515 48.08683 82.43598 -229.005 -364.944 -160.3907 
1786080458.470 -0.005622045 0.004863757 0.006306529 -0.003875237 48.46184 81.90802 -228.18 -366.752 -161.5819 
1786080458.644 -0.007727538 0.006824238 0.007281087 -0.004927538 48.77522 81.46683 -227.51 -368.276 -162.584 
1786080458.841 -0.002764575 0.003689437 0.006429797 -0.004964575 49.08331 81.02867 -226.865 -369.796 -163.5822 
1786080459.004 -0.004827993 0.003987483 0.005537965 -0.007027993 49.34162 80.66942 -226.35 -371.052 -164.4039 
1786080459.167 -0.006164847 0.001870659 0.006010749 -0.008364847 49.56838 80.35017 -225.9 -372.172 -165.1379 
1786080459.343 -0.007650741 0.003492331 0.005667537 -0.009850741 49.78447 80.04595 -225.48 -373.248 -165.839 
1786080459.528 -0.002675161 0.004722729 0.006119806 -0.004875161 49.99804 79.74527 -225.08 -374.316 -166.5349 
1786080459.718 -0.00289031 0.00774118 0.008393895 -0.00509031 50.18091 79.48782 -224.74 -375.236 -167.1344 
1786080459.905 0.01234422 0.01775668 0.01220481 0.01514422 50.34266 79.26009 -224.46 -376.06 -167.6678 
1786080460.076 0.01304339 0.01548178 0.01049566 0.01084339 50.47944 79.06753 -224.215 -376.748 -168.1148 
1786080460.247 0.01026328 0.01566254 0.01058526 0.01306328 50.58221 78.92284 -224.03 -377.268 -168.4539 
1786080460.431 0.0107256 0.01614254 0.01183652 0.0135256 50.67365 78.7941 -223.87 -377.732 -168.7549 
1786080460.615 0.01095246 0.01586049 0.01070822 0.01375246 50.73991 78.70083 -223.755 -378.068 -168.9721 
1786080460.825 0.01379309 0.01502645 0.01078882 0.01159309 50.78494 78.63742 -223.68 -378.296 -169.1207 
1786080461.035 0.01481271 0.01941718 0.01230464 0.01262614 50.80297 78.61205 -223.65 -378.392 -169.1816 
1786080461.211 0.01489354 0.01521795 0.01090537 0.01269354 50.803 78.612 -223.65 -378.388 -169.1804 
1786080461.378 0.009893545 0.01521795 0.01090537 0.01269354 50.803 78.612 -223.645 -378.388 -169.1804 
1786080461.559 0.01489354 0.01521795 0.01090537 0.01769354 50.803 78.612 -223.65 -378.388 -169.1804 
1786080461.720 0.009893545 0.01121795 0.009635367 0.01269354 50.803 78.612 -223.645 -378.384 -169.1791 
1786080461.878 0.009893545 0.01521795 0.009635367 0.01269354 50.803 78.612 -223.645 -378.388 -169.1791 
1786080462.037 0.009893545 0.01121795 0.009635367 0.01269354 50.803 78.612 -223.645 -378.384 -169.1791 
1786080462.200 0.01489354 0.01121795 0.009635367 0.01269354 50.803 78.612 -223.65 -378.384 -169.1791 
1786080462.362 0.009893545 0.01121795 0.009635367 0.01269354 50.803 78.612 -223.645 -378.384 -169.1791 
1786080462.521 0.01489354 0.01521795 0.009635367 0.01269354 50.803 78.612 -223.65 -378.388 -169.1791 
1786080462.680 0.009893545 0.01521795 0.009635367 0.01269354 50.803 78.612 -223.645 -378.388 -169.1791 
1786080462.838 0.009893545 0.01121795 0.009635367 0.01269354 50.803 78.612 -223.645 -378.384 -169.1791 
1786080462.996 0.009893545 0.01121795 0.009635367 0.01269354 50.803 78.612 -223.645 -378.384 -169.1791 
1786080463.156 0.01489354 0.01521795 0.009635367 0.01269354 50.803 78.612 -223.65 -378.388 -169.1791 
1786080463.322 0.009893545 0.01121795 0.008365368 0.007693545 50.803 78.612 -223.645 -378.384 -169.1778 
1786080463.480 0.009893545 0.01121795 0.008365368 0.01269354 50.803 78.612 -223.645 -378.384 -169.1778 
1786080463.639 0.009471917 0.0104878 0.008695419 0.006121917 50.8029 78.61176 -223.645 -378.384 -169.1778 
1786080463.799 0.006049853 0.005288366 0.006806997 0.008649853 50.79616 78.59544 -223.67 -378.428 -169.1537 
1786080463.966 0.00496794 0.001787808 0.005314333 0.00256794 50.77813 78.5518 -223.745 -378.556 -169.0927 
1786080464.125 0.004755274 0.006600619 0.007627752 0.007355274 50.7497 78.48297 -223.865 -378.768 -169.0013 
1786080464.287 0.006161645 0.005797106 0.007808854 0.007590824 50.71084 78.38888 -224.03 -379.048 -168.873 
1786080464.453 0.005868092 0.005745068 0.008160327 0.003468092 50.65935 78.26422 -224.25 -379.424 -168.7041 
1786080464.623 0.006771193 0.00912966 0.009639832 0.009371193 50.59522 78.10899 -224.525 -379.892 -168.4946 
1786080464.794 0.01044323 0.008646821 0.0103271 0.008043232 50.51833 77.92284 -224.86 -380.448 -168.2418 
1786080464.969 0.005985728 0.005142943 0.007383427 0.008773003 50.43047 77.71013 -225.235 -381.08 -167.9497 
1786080465.133 0.003703479 0.001177694 0.007602844 0.006303479 50.32897 77.4644 -225.675 -381.8 -167.6183 
1786080465.305 0.005821878 0.0004010974 0.007688261 0.003421878 50.21453 77.18735 -226.18 -382.616 -167.2436 
1786080465.467 0.002903695 0.002673422 0.007383605 0.005503695 50.09768 76.90445 -226.695 -383.448 -166.8613 
1786080465.627 0.004273668 0.000893009 0.008048718 0.006873668 49.96943 76.59398 -227.27 -384.352 -166.4435 
1786080465.795 0.006333512 0.001957077 0.007831381 0.003933512 49.82597 76.24667 -227.92 -385.36 -165.9761 
1786080465.961 0.0045183 -0.001533449 0.006744793 0.0021183 49.67115 75.87187 -228.625 -386.436 -165.472 
1786080466.122 0.001814784 -0.005554071 0.006718344 0.004414784 49.50702 75.47451 -229.38 -387.568 -164.9398 
1786080466.282 0.004106324 -0.002712639 0.006721309 0.006706324 49.33618 75.06091 -230.18 -388.744 -164.3874 
1786080466.442 -0.002437945 -0.006149062 0.006403669 0.0001620548 49.15592 74.62453 -231.025 -389.968 -163.8057 
1786080466.602 0.003880564 -0.005610164 0.007863389 0.001480564 48.96275 74.15688 -231.955 -391.272 -163.186 
1786080466.768 -0.00603141 -0.009803572 0.003469911 -0.004770753 48.75502 73.65395 -232.955 -392.656 -162.5154 
1786080466.929 -0.01472377 -0.01556585 -0.002435084 -0.01212377 48.53749 73.12734 -234.01 -394.088 -161.8144 
1786080467.091 -0.01166454 -0.01396126 -0.007757658 -0.01406454 48.31188 72.58115 -235.135 -395.564 -161.0905 
1786080467.256 -0.01325273 -0.01417704 -0.007096304 -0.01065273 48.06955 71.99447 -236.355 -397.128 -160.3221 
1786080467.419 -0.01528481 -0.01143333 -0.007781863 -0.01268481 47.82069 71.392 -237.625 -398.716 -159.5347 
1786080467.582 -0.01127559 -0.01465989 -0.006703204 -0.01221793 47.55932 70.75924 -238.985 -400.352 -158.713 
1786080467.763 -0.00944767 -0.01482512 -0.007089936 -0.01184767 47.27505 70.07105 -240.48 -402.124 -157.8164 
1786080467.944 -0.01281216 -0.01022888 -0.005964999 -0.01021216 46.94861 69.28076 -242.22 -404.1 -156.8042 
1786080468.105 -0.009973912 -0.01308755 -0.00559655 -0.01237391 46.64488 68.54545 -243.87 -405.908 -155.8619 
1786080468.267 -0.01496396 -0.01105923 -0.005709975 -0.007363958 46.34301 67.81463 -245.525 -407.676 -154.9297 
1786080468.436 -0.009978984 -0.009708814 -0.005583319 -0.008550035 46.01464 67.01968 -247.36 -409.56 -153.9213 
1786080468.600 -0.01118406 -0.01398086 -0.004552784 -0.008584056 45.67892 66.2069 -249.26 -411.452 -152.8901 
1786080468.768 -0.007721772 -0.01240973 -0.005122846 -0.00741052 45.32529 65.3508 -251.29 -413.38 -151.822 
1786080468.926 -0.007410284 -0.008612012 -0.005697987 -0.007647562 44.97963 64.51398 -253.3 -415.232 -150.7781 
1786080469.085 -0.01039284 -0.01003836 -0.006272878 -0.006176699 44.63019 63.668 -255.355 -417.052 -149.729 
1786080469.255 -0.008294418 -0.01172381 -0.005395048 -0.01069442 44.24727 62.74098 -257.645 -418.992 -148.5886 
1786080469.435 -0.008205566 -0.01212408 -0.006128454 -0.01060557 43.83137 61.73411 -260.16 -421.036 -147.3567 
1786080469.603 -0.008804538 -0.009136583 -0.005478453 -0.01120454 43.40995 60.71387 -262.74 -423.04 -146.1197 
1786080469.772 -0.01379699 -0.009691891 -0.006771847 -0.007040935 42.98627 59.68817 -265.365 -424.98 -144.884 
1786080469.946 -0.007805097 -0.01039713 -0.005639868 -0.0102051 42.54583 58.62189 -268.13 -426.92 -143.6115 
1786080470.115 -0.008297226 -0.009944642 -0.006022628 -0.007799835 42.09052 57.51961 -271.015 -428.844 -142.3059 
1786080470.278 -0.007664511 -0.00894004 -0.006023551 -0.01006451 41.64219 56.43424 -273.89 -430.656 -141.0321 
1786080470.439 -0.01000767 -0.007963205 -0.006391484 -0.007407669 41.19951 55.36254 -276.75 -432.364 -139.7849 
1786080470.619 -0.004267318 -0.007496923 -0.006024539 -0.006667318 40.70611 54.16805 -279.975 -434.172 -138.4083 
1786080470.799 -0.007147042 -0.008151043 -0.006382468 -0.009547042 40.16776 52.86471 -283.515 -436.028 -136.9211 
1786080470.979 -0.009205819 -0.007591464 -0.006787386 -0.01160582 39.63959 51.58606 -287.015 -437.732 -135.4784 
1786080471.142 -0.006736376 -0.007184718 -0.005672847 -0.009136376 39.11116 50.30677 -290.545 -439.32 -134.0522 
1786080471.310 -0.006158373 -0.006647114 -0.005363752 -0.008558373 38.59272 49.05165 -294.025 -440.764 -132.6679 
1786080471.477 -0.009205935 -0.008357447 -0.005707246 -0.01352917 38.04682 47.73007 -297.7 -442.16 -131.2264 
1786080471.662 -0.006746458 -0.00887197 -0.006632766 -0.009146458 37.45912 46.30729 -301.68 -443.524 -129.6935 
1786080471.846 -0.01275936 -0.008007761 -0.005830013 -0.01015936 36.83449 44.79509 -305.935 -444.824 -128.0794 
1786080472.017 -0.00460615 -0.005959763 -0.00627823 -0.01054058 36.25091 43.38228 -309.88 -445.876 -126.6087 
1786080472.201 -0.007159366 -0.005272671 -0.007045649 -0.009559366 35.6343 41.88951 -314.06 -446.84 -125.0669 
1786080472.399 -0.005570839 -0.00475647 -0.00703825 -0.007970839 34.93975 40.20805 -318.765 -447.736 -123.3588 
1786080472.581 -0.005777536 -0.001330564 -0.005552465 -0.008177536 34.22594 38.47995 -323.58 -448.452 -121.6354 
1786080472.762 -0.0043995 0.002052333 -0.005983919 -0.0117995 33.55328 36.85148 -328.095 -448.94 -120.0111 
1786080472.928 -0.003949817 0.005915436 -0.006101822 -0.006349817 32.90937 35.29261 -332.385 -449.228 -118.5353 
1786080473.091 -0.007278271 0.008075957 -0.005290391 -0.004678271 32.26935 33.74315 -336.61 -449.352 -117.0685 
1786080473.253 -0.003507859 0.01127529 -0.005095374 -0.005907859 31.63407 32.20518 -340.795 -449.316 -115.6283 
1786080473.420 0.001537271 0.01282594 -0.007115521 -0.005862729 30.9596 30.57234 -345.135 -449.104 -114.1437 
1786080473.596 -0.0009973009 0.009722546 -0.005417005 -0.008397301 30.27778 28.92169 -349.48 -448.708 -112.6667 
1786080473.766 -0.001909999 0.008789952 -0.005167753 -0.004309999 29.54243 27.14146 -354.09 -448.088 -111.1058 
1786080473.939 -0.005152171 0.01017653 -0.006544411 -0.007552171 28.80697 25.36096 -358.61 -447.272 -109.578 
1786080474.099 -0.001243735 0.009597326 -0.005451762 -0.008643735 28.11098 23.67601 -362.805 -446.32 -108.167 
1786080474.260 -0.004638236 0.009241813 -0.006420632 -0.007038236 27.41724 21.99651 -366.885 -445.204 -106.7904 
1786080474.425 -0.004144268 0.009795428 -0.005460162 -0.006544268 26.67749 20.2056 -371.13 -443.836 -105.3591 
1786080474.618 -0.002650482 0.009371825 -0.005908113 -0.005050482 25.85815 18.22204 -375.69 -442.112 -103.8148 
1786080474.797 0.0008359224 0.009203989 -0.005700695 -0.006564078 25.02968 16.21637 -380.14 -440.156 -102.2996 
1786080474.985 -0.001949922 0.006982861 -0.006736222 -0.002970305 24.13602 14.05286 -384.74 -437.816 -100.716 
1786080475.164 -0.001017313 0.009813563 -0.006383751 -0.006301137 23.28926 12.0029 -388.9 -435.392 -99.26562 
1786080475.331 -0.006012203 0.007734698 -0.006448332 -0.008412203 22.48739 10.06164 -392.655 -432.92 -97.93847 
1786080475.505 -0.006645022 0.006848862 -0.00701135 -0.004045022 21.64446 8.020956 -396.4 -430.148 -96.58973 
1786080475.674 -0.005256364 0.01017716 -0.005928432 -0.002656364 20.80414 5.986589 -399.92 -427.224 -95.2956 
1786080475.849 -0.004411025 0.007048938 -0.006930748 -0.005891259 19.93679 3.886808 -403.32 -424.04 -94.00909 
1786080476.030 -0.008293755 0.003287882 -0.005830107 -0.005693755 18.99705 1.611731 -406.72 -420.424 -92.67686 
1786080476.193 -0.002317811 0.008250157 -0.00539843 0.0002821888 18.15211 -0.4338044 -409.535 -417.048 -91.53132 
1786080476.351 -0.003555663 0.01008438 -0.005420995 0.004044337 17.34782 -2.380956 -411.98 -413.728 -90.48738 
1786080476.512 0.002872285 0.01076711 -0.004513158 0.005472285 16.5384 -4.340506 -414.22 -410.296 -89.48408 
1786080476.678 -0.002755251 0.007580717 -0.004596136 0.004844749 15.68837 -6.398382 -416.31 -406.604 -88.47951 
1786080476.846 0.001627332 0.008792695 -0.003507666 0.004227332 14.84348 -8.443798 -418.14 -402.868 -87.53336 
1786080477.006 0.006269994 0.008817465 -0.003401147 0.008869994 14.01365 -10.45277 -419.685 -399.144 -86.65326 
1786080477.171 0.0076102 0.008817891 -0.003398536 0.0052102 13.18389 -12.46158 -420.975 -395.38 -85.82268 
1786080477.330 0.008463574 0.009697523 -0.0058568 0.006063574 12.36496 -14.44417 -422 -391.64 -85.04925 
1786080477.501 0.006455468 0.003322571 -0.007203385 0.005085494 11.5292 -16.46748 -422.79 -387.804 -84.31138 
1786080477.679 0.004872543 0.004393283 -0.006441506 0.00516378 10.64109 -18.61756 -423.35 -383.736 -83.58494 
1786080477.855 0.002199046 0.006350238 -0.00629699 0.004026845 9.790077 -20.67779 -423.615 -379.86 -82.94232 
1786080478.025 0.0007140839 0.0002576955 -0.007075374 0.003514084 8.951637 -22.7076 -423.615 -376.06 -82.36066 
1786080478.192 -0.002861286 -0.00679181 -0.007819456 -6.128595e-05 8.158779 -24.62706 -423.385 -372.508 -81.85774 
1786080478.351 -0.004709103 -0.005922661 -0.007784192 -0.003700555 7.405261 -26.45128 -422.96 -369.188 -81.4234 
1786080478.512 -0.006044049 -0.007126887 -0.007327647 -0.003244049 6.671621 -28.22738 -422.36 -366.008 -81.04113 
1786080478.677 -0.001168192 -0.005308907 -0.006252234 -0.003368192 5.921403 -30.04361 -421.56 -362.824 -80.69188 
1786080478.841 -0.002651842 -0.01133083 -0.007975971 -0.004851842 5.195687 -31.80053 -420.6 -359.808 -80.39089 
1786080479.007 -0.005080756 -0.009298823 -0.007823351 -0.004917309 4.450185 -33.60534 -419.435 -356.8 -80.12419 
1786080479.169 -0.006632548 -0.008277283 -0.007180408 -0.003832548 3.742454 -35.31872 -418.16 -354.028 -79.90956 
1786080479.332 -0.005452225 -0.006106055 -0.007448565 -0.002652225 3.053981 -36.98547 -416.775 -351.42 -79.73557 
1786080479.492 -0.0007339448 -0.007501349 -0.007198019 -0.002933945 2.37214 -38.63616 -415.265 -348.924 -79.59841 
1786080479.653 0.002664552 -0.007225916 -0.005771733 0.0004645523 1.709356 -40.24072 -413.665 -346.592 -79.49935 
1786080479.819 0.003328189 -0.00943026 -0.007003111 0.001128189 1.053082 -41.82953 -411.955 -344.376 -79.43077 
1786080479.986 0.002129347 -0.008374589 -0.006278802 -7.065252e-05 0.3638815 -43.49803 -410.03 -342.16 -79.39521 
1786080480.151 0.0001567083 -0.009075389 -0.006938496 -0.002043292 -0.2858658 -45.07102 -408.1 -340.176 -79.39267 
1786080480.320 0.003194967 -0.00806442 -0.006968792 0.0009949673 -0.9321668 -46.63569 -406.08 -338.312 -79.42188 
1786080480.487 0.008120363 -0.00486974 -0.006193878 0.0009203627 -1.570471 -48.18098 -403.985 -336.58 -79.48157 
1786080480.657 0.005135755 -0.009577922 -0.006787185 -0.002064245 -2.189835 -49.68043 -401.86 -335.004 -79.56793 
1786080480.823 0.004380187 -0.007050158 -0.006867816 0.002180187 -2.812344 -51.18748 -399.64 -333.536 -79.68477 
1786080480.989 0.006815721 -0.005176639 -0.006567151 -0.0003842785 -3.408572 -52.63091 -397.44 -332.236 -79.82193 
1786080481.154 0.00592825 -0.0061843 -0.006933358 -0.00127175 -3.993477 -54.04693 -395.215 -331.064 -79.98195 
1786080481.322 0.007414659 -0.006937397 -0.006197957 0.000214659 -4.570508 -55.44389 -392.96 -330.012 -80.1661 
1786080481.487 0.003007583 -0.007091264 -0.006655827 0.005807583 -5.12599 -56.78868 -390.73 -329.1 -80.36549 
1786080481.658 0.0007686933 -0.008636189 -0.006667387 -0.001431307 -5.683359 -58.13804 -388.445 -328.284 -80.58901 
1786080481.849 0.007624186 -0.007749502 -0.006264476 0.0004241856 -6.299732 -59.63023 -385.875 -327.5 -80.8646 
1786080482.026 0.005955105 -0.008391245 -0.005536277 -0.001244895 -6.860495 -60.98781 -383.485 -326.904 -81.13765 
1786080482.190 0.004020903 -0.00756482 -0.006616142 0.0001503121 -7.386906 -62.26222 -381.205 -326.44 -81.41451 
1786080482.364 0.006076851 -0.005990397 -0.005884851 -0.001123149 -7.90137 -63.5077 -378.955 -326.08 -81.70661 
1786080482.541 0.002131323 -0.00795756 -0.005974527 -6.86774e-05 -8.42148 -64.76686 -376.645 -325.808 -82.0203 
1786080482.715 0.005023963 -0.008838065 -0.00583499 -0.002176037 -8.934394 -66.00859 -374.355 -325.632 -82.3505 
1786080482.901 0.00456932 -0.00613121 -0.005103198 0.00236932 -9.428683 -67.20524 -372.1 -325.556 -82.69086 
1786080483.082 0.005745894 -0.009150256 -0.005465602 0.003545894 -9.939889 -68.44283 -369.805 -325.564 -83.05408 
1786080483.257 0.0006347691 -0.008647415 -0.005355695 0.0004337231 -10.4026 -69.56302 -367.685 -325.656 -83.40079 
1786080483.474 -0.001293767 -0.008875497 -0.005934464 0.001419089 -10.95957 -70.91738 -365.12 -325.872 -83.84148 
1786080483.681 0.002728667 -0.008580067 -0.005621572 -0.003198196 -11.463 -72.13019 -362.82 -326.16 -84.25677 
1786080483.878 -0.005951048 -0.007652401 -0.005940363 -0.002258712 -11.95435 -73.31972 -360.555 -326.532 -84.68095 
1786080484.049 -0.003463519 -0.006659468 -0.005825858 -0.005663519 -12.36208 -74.30681 -358.68 -326.912 -85.04671 
1786080484.225 -0.007078283 -0.009225718 -0.005514329 -0.004278283 -12.75275 -75.2526 -356.88 -327.328 -85.40866 
1786080484.406 -0.00181801 -0.006490872 -0.005594018 -0.004174926 -13.1548 -76.22593 -355.04 -327.82 -85.7922 
1786080484.592 -0.0005342554 -0.007105012 -0.005954634 -0.002734255 -13.54271 -77.16505 -353.265 -328.348 -86.1732 
1786080484.756 0.002481906 -0.004757033 -0.005447551 0.0002819064 -13.88069 -77.98328 -351.725 -328.856 -86.51483 
1786080484.923 -0.0003236093 -0.009228136 -0.005093988 -0.003743366 -14.20733 -78.77406 -350.235 -329.38 -86.85264 
1786080485.102 0.001092794 -0.003782752 -0.006030288 -0.007689483 -14.53749 -79.57334 -348.74 -329.956 -87.20062 
1786080485.274 -0.00145492 -0.00720006 -0.005740133 -0.005606322 -14.86225 -80.35957 -347.27 -330.56 -87.55241 
1786080485.437 -0.001623711 -0.005792658 -0.005403872 -0.003823711 -15.14821 -81.05186 -345.99 -331.124 -87.86737 
1786080485.614 0.0004403446 -0.005987159 -0.004425064 -0.004413685 -15.44139 -81.76162 -344.68 -331.732 -88.19757 
1786080485.780 0.002575901 -0.00833941 -0.005117955 -0.007626978 -15.71412 -82.42189 -343.47 -332.324 -88.50872 
1786080485.955 -0.0009020278 -0.005726019 -0.005863983 -0.003102028 -15.98559 -83.07912 -342.27 -332.944 -88.82368 
1786080486.128 -0.002303586 -0.00638752 -0.00543074 -0.004503586 -16.2357 -83.6846 -341.17 -333.536 -89.11959 
1786080486.290 -0.005971887 -0.005974268 -0.004953071 -0.003171887 -16.46841 -84.24798 -340.15 -334.108 -89.39899 
1786080486.449 -0.004899664 -0.004781996 -0.005823715 -0.007099664 -16.6793 -84.75855 -339.235 -334.644 -89.65426 
1786080486.610 -0.007349051 -0.009971395 -0.005504727 -0.004549051 -16.88361 -85.25317 -338.35 -335.172 -89.90572 
1786080486.769 -0.00564358 -0.005730877 -0.004730825 -0.00284358 -17.07603 -85.719 -337.525 -335.692 -90.14575 
1786080486.930 -0.00357185 -0.005200888 -0.004656563 -0.00577185 -17.2579 -86.15929 -336.75 -336.192 -90.37435 
1786080487.094 -0.00615362 -0.009247183 -0.004922825 -0.00835362 -17.43022 -86.57648 -336.015 -336.672 -90.59279 
1786080487.269 -0.00196362 -0.004774031 -0.002167892 -0.00416362 -17.60152 -86.99117 -335.295 -337.168 -90.81504 
1786080487.435 0.001343288 -0.001513145 0.0003374976 -0.0008567124 -17.76162 -87.37876 -334.625 -337.64 -91.02459 
1786080487.599 0.002503641 0.001427812 0.001552943 0.0003036408 -17.9029 -87.72081 -334.035 -338.064 -91.21001 
1786080487.767 0.01596502 0.01869048 0.01019192 0.01376502 -18.03464 -88.03973 -333.5 -338.48 -91.39162 
1786080487.939 0.01476333 0.01823194 0.009800688 0.01256333 -18.15973 -88.34257 -332.98 -338.864 -91.55672 
1786080488.108 0.01514282 0.01484088 0.01032613 0.01294282 -18.27002 -88.60958 -332.525 -339.208 -91.70404 
1786080488.270 0.01399066 0.01731464 0.01045904 0.01679066 -18.36578 -88.84141 -332.13 -339.508 -91.83231 
1786080488.432 0.01202171 0.01522231 0.009710261 0.01482171 -18.44947 -89.04402 -331.785 -339.772 -91.94407 
1786080488.602 0.01151082 0.01228918 0.009456556 0.01431082 -18.52398 -89.22439 -331.48 -340.008 -92.0444 
1786080488.768 0.01301738 0.01300828 0.007617019 0.01081738 -18.58814 -89.37972 -331.22 -340.216 -92.12949 
1786080488.930 0.009222812 0.008196721 0.008561831 0.007022812 -18.63884 -89.50247 -331.01 -340.376 -92.19934 
1786080489.094 0.01050963 0.01044214 0.007497905 0.009160943 -18.67879 -89.59917 -330.85 -340.508 -92.25268 
1786080489.254 0.01534338 0.01760452 0.0110432 0.01814338 -18.70705 -89.66759 -330.74 -340.608 -92.29586 
1786080489.417 0.0231805 0.02252252 0.01314566 0.0209805 -18.72489 -89.71078 -330.675 -340.672 -92.32126 
1786080489.594 0.01690224 0.01918275 0.01233687 0.01970224 -18.73198 -89.72795 -330.64 -340.692 -92.33015 
1786080489.757 0.02197942 0.02712 0.0148508 0.02477942 -18.732 -89.728 -330.645 -340.7 -92.33269 
1786080489.921 0.02697942 0.03512 0.0173908 0.02977942 -18.732 -89.728 -330.65 -340.708 -92.33523 
1786080490.087 0.03197942 0.03512 0.0173908 0.03477942 -18.732 -89.728 -330.655 -340.708 -92.33523 
1786080490.249 0.02697942 0.03512 0.0173908 0.02977942 -18.732 -89.728 -330.65 -340.708 -92.33523 
1786080490.411 0.03197942 0.03512 0.0161208 0.02977942 -18.732 -89.728 -330.655 -340.708 -92.33396 
1786080490.576 0.02197942 0.03112 0.0148508 0.02977942 -18.732 -89.728 -330.645 -340.704 -92.33269 
1786080490.739 0.02697942 0.02712 0.0148508 0.02477942 -18.732 -89.728 -330.65 -340.7 -92.33269 
1786080490.901 0.02197942 0.02312 0.0123108 0.01977942 -18.732 -89.728 -330.645 -340.696 -92.33015 
1786080491.064 0.01697942 0.01912 0.0110408 0.01477942 -18.732 -89.728 -330.64 -340.692 -92.32888 
1786080491.227 0.01197942 0.01512 0.008500803 0.01477942 -18.732 -89.728 -330.635 -340.688 -92.32634 
1786080491.387 0.01197942 0.01112 0.007230803 0.01477942 -18.732 -89.728 -330.635 -340.684 -92.32507 
1786080491.546 0.01197942 0.01512 0.008500803 0.009779417 -18.732 -89.728 -330.635 -340.688 -92.32634 
1786080491.703 0.01197942 0.01512 0.008500803 0.01477942 -18.732 -89.728 -330.635 -340.688 -92.32634 
1786080491.867 0.01197942 0.01512 0.0110408 0.01477942 -18.732 -89.728 -330.635 -340.688 -92.32888 
1786080492.026 0.01697942 0.02312 0.0135808 0.02477942 -18.732 -89.728 -330.64 -340.696 -92.33142 
1786080492.187 0.02095529 0.0196284 0.01351439 0.01855529 -18.72926 -89.73051 -330.655 -340.696 -92.32761 
1786080492.357 0.01309255 0.01352242 0.009468726 0.01069255 -18.70247 -89.75513 -330.755 -340.724 -92.28697 
1786080492.521 0.01500959 0.0144478 0.01046077 0.01760959 -18.6496 -89.80371 -330.97 -340.792 -92.21585 
1786080492.683 0.009660084 0.01036046 0.00920525 0.007260084 -18.57012 -89.87673 -331.285 -340.888 -92.10663 
1786080492.851 0.01584781 0.01626137 0.01231257 0.01844781 -18.46265 -89.97546 -331.725 -341.028 -91.96439 
1786080493.012 0.01009243 0.0154122 0.01050776 0.01269243 -18.32881 -90.09844 -332.26 -341.192 -91.78151 
1786080493.182 -0.008281347 -0.01133369 0.001685696 -0.01068135 -18.16487 -90.24906 -332.905 -341.368 -91.55418 
1786080493.348 -0.01096334 -0.01546329 -0.005386386 -0.01336566 -17.9718 -90.42644 -333.68 -341.588 -91.29256 
1786080493.516 -0.01998107 -0.02209416 -0.01075031 -0.02238107 -17.75061 -90.63096 -334.58 -341.844 -90.99792 
1786080493.676 -0.02273195 -0.02193232 -0.01103631 -0.02013195 -17.51053 -90.85024 -335.55 -342.112 -90.68931 
1786080493.861 -0.02363994 -0.02348441 -0.01123485 -0.02313098 -17.22689 -91.11084 -336.71 -342.424 -90.32863 
1786080494.026 -0.01937641 -0.02092675 -0.01038111 -0.02177641 -16.90412 -91.40739 -338.03 -342.764 -89.92604 
1786080494.187 -0.01795043 -0.02286015 -0.01080144 -0.02035043 -16.58131 -91.70397 -339.36 -343.092 -89.5298 
1786080494.352 -0.01902332 -0.02222906 -0.009830373 -0.02142332 -16.22769 -92.02887 -340.815 -343.436 -89.10562 
1786080494.517 -0.01575712 -0.01691921 -0.00857724 -0.01808231 -15.852 -92.37404 -342.37 -343.788 -88.66493 
1786080494.682 -0.01957937 -0.02005717 -0.009544803 -0.01697937 -15.4347 -92.75744 -344.095 -344.148 -88.18487 
1786080494.845 -0.01793361 -0.01728968 -0.008675114 -0.01669764 -15.00285 -93.1542 -345.89 -344.5 -87.70227 
1786080495.010 -0.01725077 -0.01924526 -0.009045398 -0.01965077 -14.54152 -93.57806 -347.815 -344.848 -87.20189 
1786080495.168 -0.01437237 -0.0141952 -0.008089404 -0.01455947 -14.0655 -94.0154 -349.805 -345.18 -86.70152 
1786080495.327 -0.0179673 -0.01809231 -0.009407395 -0.0153673 -13.57031 -94.47036 -351.88 -345.488 -86.19733 
1786080495.487 -0.01672785 -0.01727132 -0.009282218 -0.01912785 -13.04006 -94.95755 -354.11 -345.784 -85.6779 
1786080495.673 -0.01470368 -0.01372178 -0.009926443 -0.01700865 -12.44849 -95.50428 -356.62 -346.072 -85.1191 
1786080495.880 -0.01462636 -0.01464686 -0.00933496 -0.01789666 -11.69332 -96.19488 -359.795 -346.364 -84.44981 
1786080496.047 -0.01398137 -0.01331373 -0.009745302 -0.0180491 -10.99777 -96.83392 -362.74 -346.568 -83.86688 
1786080496.208 -0.01632411 -0.01524734 -0.009420663 -0.01372411 -10.35164 -97.42756 -365.48 -346.696 -83.35761 
1786080496.371 -0.00928815 -0.01378613 -0.008092193 -0.01668815 -9.666735 -98.05683 -368.395 -346.772 -82.85215 
1786080496.540 -0.01217337 -0.0112529 -0.00764067 -0.01457337 -8.950541 -98.71484 -371.435 -346.784 -82.35939 
1786080496.718 -0.00981054 -0.00656023 -0.00733434 -0.01221054 -8.147449 -99.45269 -374.85 -346.716 -81.85139 
1786080496.890 -0.0125798 -0.008682535 -0.008551883 -0.0149798 -7.355578 -100.1802 -378.21 -346.556 -81.39546 
1786080497.054 -0.01220194 -0.01091542 -0.007818889 -0.01460194 -6.535172 -100.934 -381.69 -346.3 -80.97382 
1786080497.222 -0.01078928 -0.01118859 -0.007987942 -0.008189284 -5.701628 -101.6998 -385.22 -345.948 -80.59536 
1786080497.387 -0.01060375 -0.008732368 -0.008975757 -0.01300375 -4.840254 -102.4912 -388.855 -345.488 -80.25627 
1786080497.554 -0.008212299 -0.006456889 -0.007859464 -0.0106123 -3.940733 -103.3177 -392.64 -344.9 -79.96544 
1786080497.726 -0.01222769 -0.008166962 -0.008312008 -0.009627691 -3.018398 -104.1651 -396.495 -344.18 -79.72541 
1786080497.892 -0.01231828 -0.009816227 -0.008645744 -0.009718279 -2.056806 -105.0485 -400.495 -343.308 -79.54507 
1786080498.062 -0.01096434 -0.006503618 -0.007585137 -0.008364336 -1.06051 -105.9639 -404.61 -342.28 -79.4295 
1786080498.232 -0.00744942 -0.005465727 -0.00773132 -0.009767495 -0.02316685 -106.917 -408.86 -341.068 -79.38886 
1786080498.394 -0.007338822 -0.004822835 -0.008359769 -0.01473882 0.9871856 -107.8452 -412.955 -339.752 -79.42442 
1786080498.562 -0.008165052 -0.006732879 -0.008490253 -0.01123131 2.030357 -108.8037 -417.135 -338.252 -79.54126 
1786080498.740 -0.007719679 -0.002529487 -0.008357906 -0.01011968 3.206656 -109.8844 -421.785 -336.4 -79.76986 
1786080498.909 -0.01338473 -0.002469336 -0.00941236 -0.01078473 4.35394 -110.9385 -426.245 -334.424 -80.09117 
1786080499.070 -0.008221088 -0.004880319 -0.009994703 -0.01062109 5.460873 -111.9555 -430.485 -332.36 -80.49376 
1786080499.230 -0.005904851 -0.003998542 -0.008785575 -0.008304851 6.586606 -112.9898 -434.715 -330.112 -80.99795 
1786080499.399 -0.007155114 -0.004279913 -0.009307011 -0.009555114 7.76725 -114.0745 -439.055 -327.592 -81.62533 
1786080499.569 -0.009503354 -0.008307686 -0.00994547 -0.01190335 9.033987 -115.2383 -443.6 -324.704 -82.41273 
1786080499.728 -0.009103547 -0.008272056 -0.009846851 -0.01150355 10.262 -116.3666 -447.89 -321.736 -83.28903 
1786080499.888 -0.01060812 -0.002954594 -0.01074513 -0.008008121 11.48553 -117.4907 -452.04 -318.62 -84.27074 
1786080500.046 -0.01017537 -0.001427533 -0.01098775 -0.007575367 12.73414 -118.6452 -456.17 -315.252 -85.39342 
1786080500.204 -0.007443825 0.001161747 -0.0111276 -0.009843825 14.00008 -119.801 -460.165 -311.716 -86.63167 
1786080500.366 -0.007097352 -0.002117763 -0.0107882 -0.009497352 15.30754 -121.0023 -464.155 -307.872 -88.04009 
1786080500.530 -0.01086469 -0.0009549439 -0.01228626 -0.01326469 16.6825 -122.2655 -468.165 -303.66 -89.65172 
1786080500.698 -0.006529689 0.001887431 -0.01150983 -0.008929689 18.09342 -123.5618 -472.085 -299.164 -91.4475 
1786080500.864 -0.009443548 0.007010822 -0.0119569 -0.006843548 19.51413 -124.8671 -475.81 -294.468 -93.39695 
1786080501.027 -0.005286045 -0.0003876607 -0.01032757 -0.007686045 20.98408 -126.2176 -479.435 -289.428 -95.56484 
1786080501.192 -0.005611616 0.0006659922 -0.01051908 -0.008011616 22.36093 -127.4826 -482.6 -284.572 -97.72892 
1786080501.388 -0.008132106 -0.001076887 -0.009363307 -0.005532106 23.92866 -128.923 -485.93 -278.88 -100.354 
1786080501.559 -0.002916951 -0.005894212 -0.00960388 -0.005316951 25.44589 -130.317 -488.885 -273.196 -103.0655 
1786080501.724 -0.007138993 -0.006977725 -0.009423881 -0.007924644 26.78563 -131.5479 -491.23 -268.124 -105.5623 
1786080501.886 -0.001429271 -0.006167845 -0.01028999 -0.008829271 28.06642 -132.7246 -493.275 -263.168 -108.0731 
1786080502.052 -0.005232526 -0.01037658 -0.009366125 -0.007958639 29.32875 -133.8844 -495.075 -258.208 -110.655 
1786080502.213 -0.007498868 -0.009726193 -0.01058736 -0.009898868 30.57926 -135.0333 -496.655 -253.232 -113.3118 
1786080502.374 -0.004612813 -0.006199149 -0.009753249 -0.007012813 31.7586 -136.1169 -497.96 -248.496 -115.9115 
1786080502.537 -0.002554794 -0.006286448 -0.01065693 -0.004954794 32.93443 -137.1972 -499.075 -243.732 -118.5887 
1786080502.713 -0.005357359 -0.007567899 -0.00923644 -0.007757359 34.14684 -138.3111 -500.025 -238.784 -121.4423 
1786080502.889 -0.008498519 -0.006262921 -0.009386311 -0.005898519 35.40523 -139.4673 -500.8 -233.624 -124.498 
1786080503.050 -0.00413441 -0.0107098 -0.008994609 -0.00653441 36.49743 -140.4707 -501.305 -229.124 -127.2285 
1786080503.209 -0.00259052 -0.0087149 -0.008465851 -0.00499052 37.5506 -141.4383 -501.635 -224.784 -129.9285 
1786080503.379 -0.005065003 -0.006903093 -0.007540892 -0.003659916 38.62218 -142.4229 -501.815 -220.364 -132.7441 
1786080503.544 6.135766e-05 -0.005950473 -0.00968291 -0.002138642 39.65371 -143.3706 -501.84 -216.112 -135.5139 
1786080503.707 0.0004744014 -0.005504591 -0.008439891 0.003274401 40.65187 -144.2877 -501.725 -212.004 -138.2559 
1786080503.869 0.001248769 -0.003134775 -0.008878037 0.009048769 41.61752 -145.1749 -501.485 -208.044 -140.9597 
1786080504.027 -0.0007219421 -0.001957576 -0.007908816 0.007078058 42.5395 -146.022 -501.135 -204.276 -143.5911 
1786080504.191 -0.002178538 -0.00378395 -0.007385003 0.003720135 43.44149 -146.8507 -500.68 -200.604 -146.2099 
1786080504.356 -0.002431225 -0.006181461 -0.007605355 0.005368775 44.34409 -147.6799 -500.12 -196.948 -148.8743 
1786080504.521 -0.002175381 -0.008033832 -0.007589122 0.005624619 45.20886 -148.4745 -499.48 -193.468 -151.4677 
1786080504.680 -0.0007589338 -0.005321713 -0.0069352 0.007041066 46.0317 -149.2305 -498.78 -190.184 -153.9721 
1786080504.839 -0.006154622 -0.003990572 -0.006661813 0.006645378 46.81883 -149.9536 -498.02 -187.064 -156.4003 
1786080505.001 -0.003303938 -0.007854812 -0.006248992 0.009496062 47.58545 -150.658 -497.21 -184.044 -158.7956 
1786080505.163 -0.005064009 -0.008472174 -0.005930542 0.007735991 48.32666 -151.339 -496.35 -181.152 -161.1387 
1786080505.332 -0.001641749 -0.007337351 -0.006520503 0.006158251 49.09007 -152.0404 -495.39 -178.184 -163.5949 
1786080505.527 0.0008684046 -0.00635404 -0.005422378 0.003668405 49.87496 -152.7615 -494.335 -175.196 -166.1222 
1786080505.721 0.003159946 -0.00765639 -0.005563053 0.005959946 50.69433 -153.5143 -493.145 -172.092 -168.8057 
1786080505.912 0.006519355 -0.008183074 -0.003608401 0.009319355 51.40913 -154.171 -492.04 -169.416 -171.1742 
1786080506.110 0.005824818 -0.008856839 -0.003836783 0.003624818 52.13741 -154.8402 -490.845 -166.72 -173.6101 
1786080506.288 0.00151576 -0.008380647 -0.003646661 0.00431576 52.81027 -155.4584 -489.68 -164.26 -175.8821 
1786080506.468 0.004263683 -0.004160051 -0.002654193 0.002063683 53.36216 -155.9654 -488.69 -162.268 -177.7617 
1786080506.650 0.001503965 -0.007147921 -0.0005662482 0.004303965 53.97612 -156.5295 -487.54 -160.068 -179.8699 
1786080506.823 0.003030384 -0.002898536 0.003730809 0.005830384 54.50653 -157.0168 -486.515 -158.196 -181.7064 
1786080506.994 0.003155816 -0.007814848 0.006868356 0.0009558155 54.9779 -157.4499 -485.575 -156.54 -183.3485 
1786080507.165 0.007413213 -0.004864116 0.006407507 0.005213213 55.43901 -157.8735 -484.635 -154.944 -184.9601 
1786080507.338 0.005675103 -0.003033947 0.007591863 0.003518749 55.85996 -158.2603 -483.75 -153.5 -186.4409 
1786080507.526 0.00740725 -0.005650633 0.007387019 0.00520725 56.2824 -158.6484 -482.845 -152.06 -187.9332 
1786080507.727 0.004327591 -0.00604315 0.008220135 0.007127591 56.68472 -159.0181 -481.955 -150.7 -189.3683 
1786080507.916 0.0004241008 -0.009905163 0.007874124 0.007287181 57.0627 -159.3653 -481.115 -149.44 -190.7094 
1786080508.088 0.002013846 -0.004899143 0.007655974 0.004813846 57.36083 -159.6392 -480.435 -148.456 -191.7762 
1786080508.261 0.002265365 -0.005902967 0.007729813 0.005065365 57.6257 -159.8826 -479.825 -147.584 -192.7274 
1786080508.465 0.003140438 -0.009657031 0.007938831 0.0009404381 57.89405 -160.1291 -479.175 -146.676 -193.7256 
1786080508.673 0.003355129 -0.00703161 -0.008628484 0.003695071 58.10928 -160.3269 -478.695 -146.008 -194.4546 
1786080508.846 0.001585331 -0.008900596 -0.01924448 -0.0006146694 58.30701 -160.5086 -478.22 -145.368 -195.1595 
1786080509.032 0.01037663 0.003558735 -0.01049515 0.009817078 58.45102 -160.6409 -477.88 -144.916 -195.6903 
1786080509.224 0.0161177 0.01367781 -0.00539102 0.0139177 58.55845 -160.7396 -477.63 -144.584 -196.0853 
1786080509.413 0.02360105 0.02589779 0.0119236 0.02214506 58.63613 -160.8109 -477.45 -144.348 -196.385 
1786080509.580 0.02694102 0.03150628 0.01804256 0.02974102 58.67427 -160.846 -477.36 -144.232 -196.5298 
1786080509.766 0.02316842 0.02333852 0.01929929 0.02596842 58.683 -160.854 -477.335 -144.196 -196.5628 
1786080509.932 0.02316842 0.02333852 0.01929929 0.02596842 58.683 -160.854 -477.335 -144.196 -196.5628 
1786080510.095 0.02316842 0.02333852 0.01929929 0.02596842 58.683 -160.854 -477.335 -144.196 -196.5628 
1786080510.255 0.02316842 0.02333852 0.01929929 0.02596842 58.683 -160.854 -477.335 -144.196 -196.5628 
1786080510.419 0.02316842 0.02333852 0.01802929 0.02096842 58.683 -160.854 -477.335 -144.196 -196.5615 
1786080510.583 0.02316842 0.02333852 0.01675929 0.02096842 58.683 -160.854 -477.335 -144.196 -196.5603 
1786080510.743 0.01816842 0.01933852 0.01675929 0.02096842 58.683 -160.854 -477.33 -144.192 -196.5603 
1786080510.904 0.01816842 0.01933852 0.01675929 0.02096842 58.683 -160.854 -477.33 -144.192 -196.5603 
1786080511.066 0.02316842 0.01933852 0.01548929 0.01596842 58.683 -160.854 -477.33 -144.192 -196.559 
1786080511.226 0.01816842 0.01933852 0.01548929 0.01596842 58.683 -160.854 -477.33 -144.192 -196.559 
1786080511.388 0.01816842 0.01933852 0.01421929 0.01596842 58.683 -160.854 -477.33 -144.192 -196.5577 
1786080511.550 0.01816842 0.01933852 0.01421929 0.01596842 58.683 -160.854 -477.33 -144.192 -196.5577 
1786080511.708 0.01816842 0.01933852 0.01421929 0.01596842 58.683 -160.854 -477.33 -144.192 -196.5577 
1786080511.876 0.01816842 0.01933852 0.01421929 0.01596842 58.683 -160.854 -477.33 -144.192 -196.5577 
1786080512.039 0.01316842 0.01533852 0.01294929 0.01596842 58.683 -160.854 -477.325 -144.188 -196.5565 
1786080512.203 0.0198868 0.01784034 0.01590695 0.0174868 58.68114 -160.8527 -477.335 -144.196 -196.5526 
1786080512.365 0.01355011 0.008519114 0.01610567 0.01615011 58.65769 -160.8357 -477.37 -144.256 -196.4676 
1786080512.531 0.009963672 0.007560988 0.01879619 0.01256367 58.60734 -160.7992 -477.455 -144.404 -196.2872 
1786080512.700 0.009609565 0.006431573 0.02120709 0.01220956 58.52732 -160.7412 -477.595 -144.64 -195.9989 
1786080512.867 0.01255929 0.008240953 0.02392014 0.01015929 58.42018 -160.6636 -477.785 -144.96 -195.6103 
1786080513.037 0.01011788 0.00870402 0.02699881 0.01271788 58.28339 -160.5645 -478.02 -145.368 -195.1201 
1786080513.204 0.01024124 0.006285365 0.02847785 0.007841243 58.11802 -160.4447 -478.305 -145.86 -194.5232 
1786080513.382 -0.008434344 -0.01432397 0.02597635 -0.00793762 57.91544 -160.2979 -478.63 -146.448 -193.7891 
1786080513.553 -0.02268144 -0.0261964 0.02281922 -0.02008144 57.68613 -160.1317 -479.005 -147.128 -192.9598 
1786080513.716 -0.02130139 -0.02583867 0.02625011 -0.02131365 57.43954 -159.9531 -479.42 -147.876 -192.0772 
1786080513.877 -0.01512903 -0.02404849 0.02877265 -0.01752903 57.17441 -159.761 -479.86 -148.688 -191.1297 
1786080514.040 -0.02248148 -0.0249025 0.02916251 -0.01988148 56.87993 -159.5476 -480.33 -149.592 -190.0782 
1786080514.205 -0.0166867 -0.0227493 0.03175893 -0.0190867 56.55092 -159.3092 -480.86 -150.612 -188.9098 
1786080514.365 -0.01823803 -0.02027116 0.03313706 -0.02063803 56.2077 -159.0606 -481.395 -151.684 -187.6944 
1786080514.533 -0.01612467 -0.02393888 0.03490158 -0.01852467 55.82699 -158.7847 -481.98 -152.876 -186.352 
1786080514.696 -0.01615955 -0.01963933 0.03716469 -0.01855955 55.41644 -158.4873 -482.595 -154.18 -184.9118 
1786080514.865 -0.01347149 -0.01919434 0.03795635 -0.01587149 54.99193 -158.1797 -483.215 -155.536 -183.4285 
1786080515.057 -0.01674001 -0.01943179 0.03899575 -0.01414001 54.43732 -157.7778 -483.995 -157.324 -181.5019 
1786080515.222 -0.01826826 -0.01971907 0.04054412 -0.01566826 53.93367 -157.4129 -484.68 -158.964 -179.7645 
1786080515.390 -0.01569502 -0.01758593 0.04116373 -0.01309502 53.41466 -157.0369 -485.365 -160.672 -177.9853 
1786080515.563 -0.01248221 -0.01825158 0.04165647 -0.01488221 52.83136 -156.6143 -486.105 -162.608 -175.999 
1786080515.730 -0.01551919 -0.01652781 0.04339013 -0.01638 52.24615 -156.1903 -486.81 -164.572 -174.0229 
1786080515.913 -0.01252235 -0.01628894 0.04440565 -0.01412254 51.57654 -155.7051 -487.58 -166.84 -171.78 
1786080516.107 -0.01170078 -0.01576436 0.04357043 -0.01410078 50.83042 -155.1645 -488.385 -169.396 -169.3048 
1786080516.269 -0.01260685 -0.01855353 0.04553121 -0.01500685 50.15872 -154.6778 -489.06 -171.72 -167.0988 
1786080516.435 -0.01166177 -0.02046358 0.04511524 -0.01406177 49.46807 -154.1774 -489.71 -174.132 -164.8522 
1786080516.606 -0.01376352 -0.01518697 0.04452369 -0.01116352 48.72831 -153.6415 -490.35 -176.748 -162.4709 
1786080516.768 -0.01140878 -0.01892045 0.04573578 -0.01380878 47.97384 -153.0948 -490.95 -179.432 -160.0719 
1786080516.938 -0.009682275 -0.01168871 0.0455668 -0.01031393 47.20147 -152.5352 -491.5 -182.216 -157.6437 
1786080517.109 -0.007958816 -0.0130725 0.04544209 -0.00826867 46.34761 -151.9165 -492.04 -185.312 -154.9945 
1786080517.293 -0.01070992 -0.01756717 0.04416247 -0.01062826 45.42193 -151.2459 -492.535 -188.696 -152.1636 
1786080517.471 -0.008213083 -0.01688855 0.04398842 -0.01061308 44.48927 -150.5701 -492.95 -192.14 -149.3582 
1786080517.637 -0.009267748 -0.01640616 0.04483792 -0.01166775 43.58003 -149.9113 -493.26 -195.524 -146.6683 
1786080517.813 -0.009845 -0.0121854 0.04289726 -0.012245 42.6312 -149.2239 -493.49 -199.084 -143.9061 
1786080517.996 -0.009475391 -0.01219938 0.04199947 -0.006875391 41.55421 -148.4436 -493.635 -203.148 -140.8314 
1786080518.165 -0.006318269 -0.01530662 0.04135169 -0.008317211 40.5388 -147.7078 -493.66 -207 -137.9917 
1786080518.339 -0.007507363 -0.009654629 0.03981982 -0.004707363 39.50029 -146.9554 -493.565 -210.968 -135.1469 
1786080518.517 -0.008707607 -0.0102977 0.03784263 -0.007492789 38.38173 -146.145 -493.335 -215.252 -132.1523 
1786080518.681 -0.009456954 -0.01050377 0.0366778 -0.006656954 37.28416 -145.345 -492.97 -219.496 -129.2681 
1786080518.851 -0.005861268 -0.009969182 0.03570998 -0.003061268 36.20452 -144.5675 -492.49 -223.632 -126.5338 
1786080519.020 -0.005671005 -0.01104669 0.03352226 -0.002871005 35.01573 -143.7062 -491.81 -228.216 -123.5848 
1786080519.188 -0.00693927 -0.00832585 0.03198647 -0.00413927 33.88114 -142.8841 -491.015 -232.596 -120.8505 
1786080519.362 -0.00499862 -0.00823997 0.028302 -0.00719862 32.62575 -141.9745 -489.975 -237.432 -117.9168 
1786080519.543 -0.008367227 -0.008321157 0.02713966 -0.005567227 31.31055 -141.0216 -488.695 -242.488 -114.9501 
1786080519.710 -0.005086465 -0.01001966 0.02444858 -0.002286465 30.03808 -140.0997 -487.285 -247.356 -112.1841 
1786080519.881 -0.005045631 -0.01360157 0.02265742 -0.007068963 28.76793 -139.1794 -485.7 -252.188 -109.5272 
1786080520.043 -0.005366254 -0.01374657 0.01972236 -0.007566254 27.46221 -138.2334 -483.89 -257.124 -106.9047 
1786080520.207 -0.006321573 -0.007688677 0.01787819 -0.003521573 26.14481 -137.2789 -481.88 -262.068 -104.3736 
1786080520.372 -0.006606097 -0.007191495 0.0147482 0.001193903 24.81643 -136.3164 -479.67 -266.996 -101.9377 
1786080520.539 -0.005146766 -0.01242483 0.01030561 0.002653234 23.41133 -135.2984 -477.135 -272.14 -99.48914 
1786080520.710 -0.005136974 -0.007335922 0.007563515 0.002663026 21.96056 -134.2472 -474.305 -277.384 -97.10408 
1786080520.892 -0.004105457 -0.01062844 0.004857914 0.008694543 20.41062 -133.1242 -471.05 -282.88 -94.71648 
1786080521.061 -0.005977027 -0.007908167 -0.006894077 0.00252958 18.9087 -132.036 -467.67 -288.104 -92.55367 
1786080521.235 0.0003041279 -0.002050435 -0.01239961 0.003104128 17.38731 -130.9337 -464.035 -293.28 -90.53056 
1786080521.407 -0.003190361 -0.007318613 -0.0179803 0.009609639 15.78992 -129.7763 -459.975 -298.568 -88.58365 
1786080521.579 -0.003024561 -0.009791707 -0.02113414 0.005780543 14.1547 -128.5916 -455.585 -303.824 -86.78153 
1786080521.752 -0.0003772548 -0.005700808 -0.02557987 0.01024113 12.51677 -127.4048 -450.955 -308.924 -85.16863 
1786080521.933 -0.002546693 -0.0039135 -0.03154422 0.005253307 10.76092 -126.1327 -445.745 -314.184 -83.65479 
1786080522.112 -0.0003008205 -0.007722308 -0.03523564 0.00749918 8.982481 -124.8441 -440.22 -319.276 -82.35304 
1786080522.271 0.009414196 -0.003638843 -0.03961502 0.007214196 7.354371 -123.6645 -434.96 -323.732 -81.36371 
1786080522.440 0.007514143 0.0002390022 -0.04409764 0.005314143 5.699836 -122.4657 -429.41 -328.04 -80.55853 
1786080522.610 0.00551694 0.0003081602 -0.04954431 0.00831694 3.883189 -121.1495 -423.105 -332.5 -79.90702 
1786080522.789 0.002519236 0.002003593 -0.05440193 0.01031924 2.057133 -119.8264 -416.52 -336.716 -79.49808 
1786080522.960 0.006656089 0.007386661 -0.05970883 0.004456089 0.1688746 -118.4583 -409.6 -340.712 -79.33679 
1786080523.136 0.005647502 0.00821926 -0.06622035 0.004128671 -1.715703 -117.0929 -402.465 -344.38 -79.43966 
1786080523.302 0.003552172 0.006070253 -0.07124964 0.006352172 -3.454519 -115.833 -395.735 -347.456 -79.77113 
1786080523.485 0.006970753 0.008722029 -0.07539964 0.004770753 -5.36141 -114.4514 -388.22 -350.488 -80.38835 
1786080523.667 0.00466536 0.01061529 -0.07875682 0.00246536 -7.09275 -113.197 -381.28 -352.92 -81.18464 
1786080523.831 0.01106675 0.01034586 -0.08228523 0.003866746 -8.874982 -111.9057 -374.055 -355.096 -82.23493 
1786080524.009 0.00582441 0.01331481 -0.08443498 0.00362441 -10.57643 -110.673 -367.075 -356.864 -83.45667 
1786080524.173 0.00508718 0.0102817 -0.0853316 0.00288718 -12.21009 -109.4893 -360.33 -358.268 -84.82954 
1786080524.342 0.009785137 0.009253447 -0.08769554 0.002585137 -13.80531 -108.3335 -353.715 -359.364 -86.35608 
1786080524.515 0.005354351 0.0106558 -0.08945142 0.003154351 -15.37287 -107.1977 -347.19 -360.176 -88.03501 
1786080524.690 0.005476871 0.009876783 -0.08987346 -0.003977628 -16.99379 -106.0233 -340.44 -360.736 -89.95779 
1786080524.863 0.003195852 0.008513191 -0.09060049 -0.004004148 -18.56505 -104.8849 -333.905 -361.004 -91.99995 
1786080525.032 -0.005159649 0.01020259 -0.0895289 -0.007359649 -20.06227 -103.8001 -327.69 -361.016 -94.10942 
1786080525.200 0.001920352 0.01216088 -0.08859955 -0.005279648 -21.52203 -102.7425 -321.675 -360.796 -96.31668 
1786080525.375 -0.001927722 0.0108814 -0.08847836 -0.004127722 -22.95361 -101.7052 -315.805 -360.356 -98.623 
1786080525.554 0.005232817 0.01514746 -0.08604813 0.003032817 -24.43041 -100.6352 -309.81 -359.68 -101.1516 
1786080525.719 0.006782701 0.01334231 -0.08657494 0.001743156 -25.83493 -99.6176 -304.16 -358.816 -103.6916 
1786080525.879 0.00430712 0.008101144 -0.08324463 -0.00289288 -27.09965 -98.70126 -299.12 -357.864 -106.0944 
1786080526.041 0.002729176 0.008093105 -0.08231381 -0.004470824 -28.36229 -97.78643 -294.15 -356.752 -108.5963 
1786080526.203 0.001558208 0.007769265 -0.0809562 -0.005641792 -29.59112 -96.8906 -289.345 -355.508 -111.149 
1786080526.368 -0.004032744 0.009408632 -0.07884509 -0.006232744 -30.80901 -96.01369 -284.705 -354.144 -113.7423 
1786080526.545 -0.006179861 0.007068336 -0.07576325 -0.006415587 -32.09372 -95.08287 -279.86 -352.536 -116.5998 
1786080526.722 -0.001272344 0.008313076 -0.07222007 -0.003472344 -33.37573 -94.15401 -275.115 -350.776 -119.5539 
1786080526.904 -0.002737851 0.009039446 -0.07019413 -0.005252047 -34.59121 -93.27334 -270.695 -348.964 -122.4495 
1786080527.074 -0.006020986 0.01028984 -0.06733073 0.0003468645 -35.78267 -92.41009 -266.45 -347.056 -125.3755 
1786080527.236 -0.002563905 0.01164196 -0.06508068 -0.0022199 -36.85863 -91.63051 -262.695 -345.22 -128.0908 
1786080527.411 -0.006897766 0.007830954 -0.06211204 -0.004097766 -37.97769 -90.81971 -258.86 -343.2 -130.9889 
1786080527.589 -0.00346522 0.00867245 -0.05899934 -0.00566522 -39.08506 -90.01738 -255.16 -341.1 -133.929 
1786080527.765 -0.005011697 0.00865924 -0.05567903 -0.002211697 -40.17308 -89.22907 -251.605 -338.936 -136.8868 
1786080527.942 -0.005027523 0.004036362 -0.05311171 -0.007227523 -41.21142 -88.47676 -248.295 -336.776 -139.7722 
1786080528.111 -0.003812525 0.009209584 -0.04845366 -0.006012525 -42.16846 -87.78334 -245.32 -334.72 -142.4862 
1786080528.275 -0.003603575 0.009585567 -0.04608499 -0.005803575 -43.09729 -87.11037 -242.5 -332.652 -145.1672 
1786080528.457 -0.007964218 0.006854608 -0.04291865 -0.005164218 -44.01959 -86.44213 -239.765 -330.532 -147.8926 
1786080528.629 -0.005897643 0.006879542 -0.04003441 -0.003097643 -44.96901 -85.75424 -237.03 -328.288 -150.712 
1786080528.792 -0.002831567 0.005451254 -0.03481053 -0.006279758 -45.79618 -85.15493 -234.715 -326.28 -153.2241 
1786080528.962 0.000141171 0.007184701 -0.03187073 -0.002058829 -46.62055 -84.55764 -232.46 -324.236 -155.7603 
1786080529.137 -0.002546927 0.003816487 -0.02947428 -0.004746927 -47.43934 -83.9644 -230.275 -322.156 -158.313 
1786080529.304 -0.005793827 0.005633096 -0.02713178 -0.002993827 -48.20555 -83.40925 -228.29 -320.176 -160.7336 
1786080529.476 -0.006899505 0.008560241 -0.02409572 -0.004099505 -48.93902 -82.87782 -226.44 -318.248 -163.078 
1786080529.651 -0.001807961 0.007776646 -0.01925543 -0.004007961 -49.66065 -82.35498 -224.675 -316.316 -165.4123 
1786080529.867 -0.001419677 0.008091778 -0.01482855 -0.001280737 -50.51346 -81.73708 -222.65 -313.996 -168.2012 
1786080530.059 -0.002401543 0.005522761 -0.01284303 0.0003984571 -51.26173 -81.19493 -220.925 -311.924 -170.6751 
1786080530.242 -0.003471009 0.004350866 -0.009832994 -0.005671009 -51.92203 -80.71652 -219.45 -310.072 -172.8811 
1786080530.455 -0.007901313 0.001789333 -0.005956993 -0.005101313 -52.63854 -80.19738 -217.895 -308.028 -175.3094 
1786080530.646 -0.003448092 0.005627514 0.00152231 -0.005648092 -53.23627 -79.7643 -216.645 -306.324 -177.3363 
1786080530.873 -0.006200517 0.004475251 0.01014829 -0.008400517 -53.86087 -79.31176 -215.37 -304.512 -179.4839 
1786080531.065 -0.003207715 0.006104112 0.01366563 -0.005407715 -54.48308 -78.86094 -214.145 -302.692 -181.6352 
1786080531.236 -0.00302728 0.005285728 0.01687312 -0.00522728 -54.92873 -78.53805 -213.29 -301.376 -183.1872 
1786080531.439 -0.002280245 0.001967276 0.02032925 -0.005884041 -55.40131 -78.19565 -212.405 -299.972 -184.842 
1786080531.635 -0.002485017 0.006828365 0.02239967 -0.0008401686 -55.83157 -77.88391 -211.62 -298.688 -186.3558 
1786080531.822 -0.005277758 0.0001231511 0.02465349 -0.009058384 -56.22263 -77.60057 -210.92 -297.504 -187.7389 
1786080532.008 -0.006813888 -0.0003513664 0.02733997 -0.004013888 -56.56107 -77.35536 -210.33 -296.484 -188.9415 
1786080532.219 -0.007034064 -0.00220742 0.03005498 -0.004234064 -56.90345 -77.10729 -209.745 -295.444 -190.1633 
1786080532.417 -0.007252482 -0.005959361 0.03195798 -0.009452482 -57.21115 -76.88435 -209.23 -294.504 -191.2644 
1786080532.730 -0.003461486 -0.008862356 0.0362919 -0.005661486 -57.57678 -76.61944 -208.635 -293.384 -192.5801 
1786080532.898 -0.002948052 -0.006498534 0.03939003 -0.005148052 -57.73552 -76.50443 -208.38 -292.9 -193.1541 
1786080533.101 -0.002897968 -0.005746182 0.04129799 -0.005097968 -57.883 -76.39757 -208.145 -292.448 -193.6875 
1786080533.296 0.007772131 0.008062613 0.04516466 0.005572131 -57.99422 -76.31699 -207.98 -292.12 -194.0927 
1786080533.488 0.01308951 0.01407298 0.04907547 0.01588951 -58.06769 -76.26376 -207.87 -291.9 -194.3619 
1786080533.685 0.008744222 0.01162031 0.04974313 0.01165872 -58.10335 -76.23792 -207.81 -291.788 -194.4914 
1786080533.879 0.01299795 0.01200577 0.05032359 0.01579795 -58.106 -76.236 -207.81 -291.78 -194.5016 
1786080534.058 0.01299795 0.01600577 0.04905359 0.01579795 -58.106 -76.236 -207.81 -291.784 -194.5003 
1786080534.220 0.01799795 0.01600577 0.04651359 0.01579795 -58.106 -76.236 -207.815 -291.784 -194.4978 
1786080534.380 0.01299795 0.01600577 0.04524359 0.01579795 -58.106 -76.236 -207.81 -291.784 -194.4965 
1786080534.544 0.01299795 0.01600577 0.0439736 0.01579795 -58.106 -76.236 -207.81 -291.784 -194.4952 
1786080534.703 0.01799795 0.01600577 0.0414336 0.01579795 -58.106 -76.236 -207.815 -291.784 -194.4927 
1786080534.864 0.01299795 0.01200577 0.0401636 0.01079795 -58.106 -76.236 -207.81 -291.78 -194.4914 
1786080535.022 0.01299795 0.01200577 0.0376236 0.01079795 -58.106 -76.236 -207.81 -291.78 -194.4889 
1786080535.184 0.007997953 0.01200577 0.0363536 0.01079795 -58.106 -76.236 -207.805 -291.78 -194.4876 
1786080535.341 0.007997953 0.01200577 0.0350836 0.01079795 -58.106 -76.236 -207.805 -291.78 -194.4864 
1786080535.502 0.007997953 0.01200577 0.0338136 0.01079795 -58.106 -76.236 -207.805 -291.78 -194.4851 
1786080535.663 0.007997953 0.01200577 0.0325436 0.01079795 -58.106 -76.236 -207.805 -291.78 -194.4838 
1786080535.824 0.007997953 0.008005772 0.0312736 0.005797953 -58.106 -76.236 -207.805 -291.776 -194.4825 
1786080535.987 0.01299795 0.01200577 0.0300036 0.01079795 -58.106 -76.236 -207.81 -291.78 -194.4813 
1786080536.150 0.007997953 0.01200577 0.0287336 0.01079795 -58.106 -76.236 -207.805 -291.78 -194.48 
1786080536.313 0.01538691 0.01150372 0.03097898 0.01298691 -58.10397 -76.23811 -207.815 -291.788 -194.4749 
1786080536.499 0.02175423 0.0181826 0.03627103 0.01935423 -58.07791 -76.26528 -207.855 -291.904 -194.386 
1786080536.691 0.02263552 0.0184117 0.0397066 0.01969685 -58.01649 -76.32931 -207.935 -292.164 -194.1676 
1786080536.864 0.01765325 0.01421273 0.03906887 0.01525325 -57.92519 -76.4245 -208.05 -292.54 -193.8374 
1786080537.033 0.01181992 0.01332048 0.03982194 0.01441992 -57.81121 -76.54333 -208.195 -293.016 -193.4272 
1786080537.195 0.006498882 0.003777222 0.0386482 0.009098882 -57.67679 -76.68346 -208.37 -293.568 -192.9382 
1786080537.356 0.003967869 -0.006179335 0.03828968 0.005106021 -57.51614 -76.85094 -208.585 -294.228 -192.3642 
1786080537.551 -0.001996046 -0.008679056 0.03987485 0.0006039536 -57.30787 -77.06806 -208.87 -295.092 -191.6187 
1786080537.723 -0.01504812 -0.02096411 0.03769956 -0.01244812 -57.0668 -77.31937 -209.2 -296.08 -190.7538 
1786080537.892 -0.01778664 -0.02150616 0.03742417 -0.01518664 -56.81131 -77.58573 -209.57 -297.136 -189.842 
1786080538.065 -0.01252413 -0.01784664 0.04014409 -0.01492413 -56.52783 -77.88126 -210 -298.316 -188.831 
1786080538.229 -0.01577482 -0.01737911 0.04079495 -0.01317482 -56.22382 -78.19819 -210.465 -299.556 -187.7592 
1786080538.393 -0.01538366 -0.01944214 0.04159441 -0.01278366 -55.89932 -78.53648 -210.98 -300.88 -186.6136 
1786080538.566 -0.01359322 -0.01882977 0.04340628 -0.01599322 -55.53348 -78.91788 -211.58 -302.368 -185.3284 
1786080538.735 -0.01577005 -0.01582198 0.04346277 -0.01817005 -55.14432 -79.32357 -212.235 -303.944 -183.9657 
1786080538.903 -0.01391205 -0.01871393 0.04601552 -0.0108271 -54.73036 -79.75513 -212.96 -305.604 -182.5255 
1786080539.069 -0.01486346 -0.01523594 0.04672992 -0.01226346 -54.29199 -80.21214 -213.75 -307.356 -181.0066 
1786080539.236 -0.01213479 -0.01507642 0.04725254 -0.009534786 -53.83828 -80.68513 -214.6 -309.152 -179.4432 
1786080539.410 -0.01237256 -0.01827231 0.04745679 -0.00977256 -53.32889 -81.21618 -215.585 -311.148 -177.6982 
1786080539.598 -0.01154189 -0.01565956 0.0480366 -0.01394189 -52.7397 -81.83041 -216.77 -313.44 -175.684 
1786080539.763 -0.01254051 -0.01868107 0.04797155 -0.01209611 -52.18703 -82.40657 -217.92 -315.56 -173.8285 
1786080539.946 -0.01221384 -0.01482789 0.04724911 -0.01361617 -51.57217 -83.04757 -219.255 -317.896 -171.7686 
1786080540.126 -0.009319975 -0.01445214 0.04889813 -0.01171997 -50.91915 -83.72835 -220.725 -320.344 -169.602 
1786080540.296 -0.01068044 -0.01030383 0.05022971 -0.01308044 -50.25471 -84.42103 -222.275 -322.8 -167.4176 
1786080540.478 -0.01104231 -0.01042985 0.04918445 -0.008442313 -49.53653 -85.16974 -224.015 -325.408 -165.0783 
1786080540.645 -0.009888558 -0.01250432 0.05018785 -0.007288558 -48.85025 -85.8852 -225.74 -327.852 -162.8672 
1786080540.815 -0.008065877 -0.008379098 0.05010603 -0.01204119 -48.11561 -86.65106 -227.65 -330.428 -160.5253 
1786080540.995 -0.0115406 -0.01363366 0.05015065 -0.008940595 -47.35293 -87.44616 -229.7 -333.036 -158.1225 
1786080541.168 -0.01200146 -0.0123032 0.04922209 -0.009401463 -46.49169 -88.34401 -232.1 -335.92 -155.4428 
1786080541.332 -0.008176121 -0.01204174 0.04918778 -0.004832246 -45.71916 -89.14938 -234.33 -338.44 -153.0729 
1786080541.507 -0.01199929 -0.01168877 0.0472949 -0.009399285 -44.86656 -90.03822 -236.86 -341.148 -150.491 
1786080541.682 -0.009262121 -0.008609233 0.04720008 -0.006662121 -43.96475 -90.97837 -239.63 -343.928 -147.8037 
1786080541.848 -0.00937773 -0.009941505 0.04576703 -0.01177773 -43.06534 -91.91601 -242.475 -346.604 -145.1659 
1786080542.016 -0.01221379 -0.009091968 0.0437792 -0.009613791 -42.16592 -92.85366 -245.4 -349.188 -142.5713 
1786080542.184 -0.009463802 -0.01095149 0.04371157 -0.0118638 -41.21225 -93.84787 -248.595 -351.82 -139.87 
1786080542.349 -0.01196924 -0.007877351 0.0427186 -0.009732121 -40.25382 -94.84704 -251.89 -354.356 -137.2068 
1786080542.536 -0.008156977 -0.008205579 0.04101624 -0.005556977 -39.20289 -95.94265 -255.595 -357 -134.3455 
1786080542.709 -0.006319175 -0.01024692 0.03959281 -0.008719175 -38.0912 -97.1016 -259.62 -359.64 -131.3877 
1786080542.872 -0.009387104 -0.009418694 0.03821411 -0.01056849 -37.06194 -98.1746 -263.43 -361.94 -128.7144 
1786080543.034 -0.00815952 -0.006765981 0.03778323 -0.01055952 -36.02007 -99.26077 -267.37 -364.124 -126.0728 
1786080543.197 -0.007803997 -0.009607204 0.03581677 -0.010204 -34.94632 -100.3802 -271.51 -366.212 -123.4172 
1786080543.358 -0.01167287 -0.006342185 0.03363529 -0.006062812 -33.86071 -101.5119 -275.77 -368.164 -120.8035 
1786080543.537 -0.006586022 -0.005301286 0.03138498 -0.0101933 -32.67351 -102.7496 -280.51 -370.1 -118.0286 
1786080543.708 -0.008436117 -0.004246417 0.02885757 -0.005836117 -31.42197 -104.0543 -285.585 -371.924 -115.199 
1786080543.875 -0.007726956 -0.00130072 0.02725755 -0.005397004 -30.21375 -105.3139 -290.555 -373.464 -112.5625 
1786080544.042 -0.006438993 0.003641504 0.0246403 -0.003838993 -28.98619 -106.5936 -295.665 -374.808 -109.9781 
1786080544.221 -0.005966836 0.008449835 0.02262627 -0.008366836 -27.63305 -108.0043 -301.355 -376.024 -107.2438 
1786080544.396 -0.00933841 0.006438608 0.01945645 -0.01173841 -26.29597 -109.3982 -307.02 -376.944 -104.6593 
1786080544.567 -0.007415561 0.004624629 0.01717578 -0.009815561 -24.96206 -110.7888 -312.71 -377.588 -102.2006 
1786080544.748 -0.001365031 0.009336637 0.0122996 -0.008680748 -23.47861 -112.3353 -319.06 -377.988 -99.60471 
1786080544.912 -0.004259265 0.01030304 0.009737769 -0.006659265 -22.12058 -113.7511 -324.88 -378.052 -97.36189 
1786080545.084 -0.002846345 0.009959131 0.005093515 -0.006438393 -20.67702 -115.256 -331.055 -377.804 -95.11526 
1786080545.253 -0.006941268 0.009317791 6.199148e-05 -0.006022533 -19.23123 -116.7633 -337.215 -377.236 -93.0096 
1786080545.426 0.0001999207 0.009958716 -0.01142263 -0.007200079 -17.74935 -118.3081 -343.49 -376.32 -90.99665 
1786080545.606 0.0009434128 0.009829091 -0.0185057 -0.006096129 -16.27904 -119.8409 -349.65 -375.08 -89.15769 
1786080545.776 -0.00352962 0.00869901 -0.02300975 -0.00092962 -14.83807 -121.3432 -355.605 -373.548 -87.50796 
1786080545.957 0.004890654 0.008528658 -0.02810954 -0.007509346 -13.40263 -122.8396 -361.46 -371.716 -86.00429 
1786080546.127 -0.00144122 0.00771383 -0.03223446 -0.00384122 -12.02869 -124.272 -366.95 -369.68 -84.72032 
1786080546.293 0.002940044 0.00591133 -0.03531065 -0.004459956 -10.74501 -125.6102 -371.99 -367.532 -83.63828 
1786080546.464 -5.416334e-05 0.008448884 -0.03876896 -0.002454163 -9.487851 -126.9208 -376.845 -365.196 -82.68959 
1786080546.634 0.003361445 0.011792 -0.04004232 -0.004038555 -8.191056 -128.2727 -381.68 -362.584 -81.84504 
1786080546.796 0.002577709 0.005828863 -0.04281685 -0.004822291 -7.009663 -129.5043 -385.995 -359.972 -81.17321 
1786080546.957 0.001437108 0.006616453 -0.04501622 -0.005962892 -5.867752 -130.6948 -390.055 -357.312 -80.62965 
1786080547.129 -0.001380205 0.01007821 -0.04674875 -0.003780205 -4.695971 -131.9164 -394.1 -354.396 -80.16864 
1786080547.299 -0.003406129 0.008850921 -0.04815982 -0.007824296 -3.551368 -133.1096 -397.93 -351.38 -79.81685 
1786080547.493 -0.002288381 0.007137344 -0.04894212 -0.004688381 -2.349571 -134.3625 -401.81 -348.044 -79.55269 
1786080547.661 -0.002015652 0.00393826 -0.04994218 0.0005843477 -1.172941 -135.5892 -405.465 -344.616 -79.39775 
1786080547.831 -0.004378013 0.004425693 -0.05022497 -0.001778013 -0.1275431 -136.679 -408.585 -341.444 -79.34695 
1786080547.997 -0.002457799 0.006308848 -0.05073238 0.0001422015 0.90337 -137.7537 -411.545 -338.204 -79.37616 
1786080548.161 0.0006592494 0.005236183 -0.05059204 0.002464951 1.883349 -138.7754 -414.245 -335.02 -79.47776 
1786080548.328 -0.0001403758 0.009283212 -0.05007767 0.007765579 2.848744 -139.7818 -416.79 -331.796 -79.64794 
1786080548.515 0.005709605 0.008592489 -0.0513047 0.004726671 3.837257 -140.8123 -419.28 -328.38 -79.89432 
1786080548.706 0.006253191 0.003109553 -0.04952026 0.003853191 4.924187 -141.9455 -421.875 -324.56 -80.24738 
1786080548.871 0.004976469 0.004307714 -0.04883919 0.007576469 5.79738 -142.8558 -423.845 -321.408 -80.59536 
1786080549.035 0.005179667 0.006104196 -0.04835846 0.007779667 6.638951 -143.7331 -425.65 -318.312 -80.98398 
1786080549.198 0.006621585 0.01084695 -0.0473249 0.004221585 7.444685 -144.5731 -427.29 -315.3 -81.40562 
1786080549.362 0.007181301 0.005120442 -0.04745574 0.004781301 8.21561 -145.3768 -428.775 -312.364 -81.85266 
1786080549.542 0.004788125 0.001415996 -0.04606007 0.004393691 9.029975 -146.2258 -430.25 -309.22 -82.37336 
1786080549.707 0.003694425 -0.003611821 -0.04542864 0.006294425 9.792746 -147.021 -431.55 -306.236 -82.90549 
1786080549.879 0.004724102 0.004073763 -0.04346249 0.007324102 10.52736 -147.7868 -432.725 -303.34 -83.45921 
1786080550.046 0.007287931 0.005026887 -0.04165954 0.004887931 11.2178 -148.5066 -433.76 -300.584 -84.01547 
1786080550.211 0.005153158 0.007288031 -0.03969367 0.007753158 11.88154 -149.1986 -434.685 -297.912 -84.58316 
1786080550.371 0.004258516 0.007161085 -0.03960987 0.006858516 12.49595 -149.8391 -435.485 -295.416 -85.13561 
1786080550.547 0.002188714 0.0003489584 -0.03776334 0.004788714 13.12496 -150.4949 -436.245 -292.836 -85.73124 
1786080550.720 0.005723495 -0.0003310445 -0.03675601 0.003323495 13.72889 -151.1245 -436.925 -290.348 -86.32941 
1786080550.893 0.003560597 -0.002955772 -0.0347955 0.00295133 14.30106 -151.721 -437.515 -287.976 -86.92122 
1786080551.065 0.006500549 -0.005237401 -0.03294997 -0.0008994514 14.85393 -152.2973 -438.04 -285.672 -87.51558 
1786080551.230 0.004760974 -0.005890731 -0.03094058 -0.002639026 15.35134 -152.8159 -438.47 -283.592 -88.0693 
1786080551.405 0.005539695 -0.006220226 -0.03057742 -0.003951758 15.82508 -153.3097 -438.845 -281.604 -88.61159 
1786080551.584 0.002703968 -0.008416937 -0.02804336 -0.004696032 16.31852 -153.8242 -439.2 -279.524 -89.19579 
1786080551.749 0.002400562 -0.004651215 -0.02628186 -0.001498404 16.73579 -154.2592 -439.475 -277.764 -89.70379 
1786080551.914 0.004460981 -0.006286706 -0.02363821 -0.002939019 17.11957 -154.6593 -439.7 -276.14 -90.18131 
1786080552.089 0.007237584 -0.006889025 -0.02176012 -0.0001624158 17.49021 -155.0457 -439.9 -274.568 -90.65248 
1786080552.260 0.004204151 -0.005502242 -0.02128552 -0.003195849 17.84267 -155.4131 -440.065 -273.072 -91.10841 
1786080552.428 0.001213849 -0.008477188 -0.01950596 -0.006895596 18.15693 -155.7407 -440.195 -271.732 -91.5237 
1786080552.610 -0.0009920383 -0.005830568 -0.01717479 -0.003392038 18.45149 -156.0478 -440.305 -270.48 -91.91994 
1786080552.792 -0.003506975 -0.006477737 -0.01672566 -0.005906975 18.72817 -156.3362 -440.395 -269.292 -92.2984 
1786080552.966 -0.007677548 -0.009979482 -0.01409728 -0.005077548 18.96265 -156.5807 -440.46 -268.296 -92.62098 
1786080553.150 -0.00412741 -0.007405456 -0.01121427 -0.00152741 19.17966 -156.8069 -440.52 -267.372 -92.92578 
1786080553.324 -0.00430092 -0.008732724 -0.009144218 -0.00170092 19.35447 -156.9901 -440.56 -266.62 -93.1747 
1786080553.489 0.01239091 0.01542281 -0.000825643 0.01499091 19.49212 -157.1327 -440.605 -266.06 -93.37663 
1786080553.664 0.01634543 0.01431079 0.003323661 0.01394543 19.60513 -157.2505 -440.63 -265.576 -93.54173 
1786080553.835 0.0163019 0.01501194 0.002900821 0.0189019 19.69322 -157.3423 -440.645 -265.2 -93.66746 
1786080554.015 0.02701925 0.02400311 0.01320985 0.02961925 19.75174 -157.4036 -440.665 -264.96 -93.76271 
1786080554.202 0.02728894 0.02464283 0.01553438 0.02488894 19.78248 -157.4354 -440.67 -264.828 -93.80843 
1786080554.396 0.02691176 0.02340265 0.01571824 0.02451176 19.785 -157.438 -440.665 -264.816 -93.81224 
1786080554.591 0.02691176 0.02740265 0.01825824 0.02951176 19.785 -157.438 -440.67 -264.82 -93.81478 
1786080554.777 0.02691176 0.02740265 0.01825824 0.02951176 19.785 -157.438 -440.67 -264.82 -93.81478 
1786080554.968 0.02191176 0.02740265 0.01825824 0.02951176 19.785 -157.438 -440.67 -264.824 -93.81478 
1786080555.142 0.02691176 0.03140265 0.01698824 0.02951176 19.785 -157.438 -440.67 -264.824 -93.81351 
1786080555.315 0.02691176 0.03140265 0.01825824 0.02951176 19.785 -157.438 -440.67 -264.824 -93.81478 
1786080555.491 0.02191176 0.02740265 0.01571824 0.02951176 19.785 -157.438 -440.665 -264.82 -93.81224 
1786080555.659 0.02191176 0.02340265 0.01444825 0.02451176 19.785 -157.438 -440.665 -264.816 -93.81097 
1786080555.859 0.01691176 0.01540265 0.01190825 0.01451176 19.785 -157.438 -440.66 -264.808 -93.80843 
1786080556.074 0.01191176 0.01140265 0.009368248 0.009511757 19.785 -157.438 -440.655 -264.804 -93.80589 
1786080556.273 0.006911757 0.003402647 0.006828249 0.004511757 19.785 -157.438 -440.65 -264.796 -93.80335 
1786080556.502 -0.003088243 -0.004597353 0.004288251 -0.0004882433 19.785 -157.438 -440.64 -264.788 -93.80081 
1786080556.698 -0.003088243 -0.004597353 0.006828249 -0.0004882433 19.785 -157.438 -440.64 -264.788 -93.80335 
1786080556.902 0.01191176 0.003402647 0.009368248 0.009511757 19.785 -157.438 -440.655 -264.796 -93.80589 
1786080557.108 0.01691176 0.01940265 0.01317825 0.02451176 19.785 -157.438 -440.66 -264.812 -93.8097 
1786080557.291 0.02191176 0.02740265 0.01698824 0.02951176 19.785 -157.438 -440.67 -264.82 -93.81351 
1786080557.475 0.02871285 0.03299931 0.01728629 0.03131285 19.78567 -157.4364 -440.675 -264.824 -93.81478 
1786080557.669 0.009824252 0.01284888 0.008034952 0.01242425 19.79914 -157.4039 -440.72 -264.772 -93.82494 
1786080557.855 0.01371675 0.0170195 0.009340987 0.01631675 19.82463 -157.3425 -440.845 -264.716 -93.86304 
1786080558.067 0.01159127 0.01346385 0.005602359 0.01169988 19.86764 -157.2389 -441.05 -264.612 -93.92146 
1786080558.283 0.0128178 0.01366546 0.003020206 0.0104178 19.93602 -157.0742 -441.375 -264.452 -94.01798 
1786080558.477 -0.01086987 -0.01129374 -0.01176276 -0.01038293 20.01865 -156.8751 -441.75 -264.236 -94.12339 
1786080558.679 -0.01182236 -0.016577 -0.01567506 -0.01422236 20.11607 -156.6405 -442.215 -264.008 -94.26182 
1786080558.848 -0.01197429 -0.0124598 -0.01537269 -0.01437429 20.21539 -156.4012 -442.695 -263.788 -94.40787 
1786080559.015 -0.0119788 -0.01075613 -0.0152153 -0.0093788 20.32033 -156.1484 -443.205 -263.556 -94.56281 
1786080559.187 -0.01089129 -0.01217106 -0.01763673 -0.01329129 20.44187 -155.8556 -443.8 -263.288 -94.74061 
1786080559.368 -0.01056788 -0.01184582 -0.01632039 -0.00796788 20.58315 -155.5153 -444.495 -262.984 -94.9527 
1786080559.534 -0.01396205 -0.01411061 -0.01943548 -0.01136205 20.72224 -155.1802 -445.18 -262.688 -95.15844 
1786080559.702 -0.0116096 -0.01160354 -0.01865783 -0.0140096 20.87628 -154.8091 -445.95 -262.372 -95.39212 
1786080559.876 -0.009710383 -0.01070425 -0.02044257 -0.01211038 21.0492 -154.3925 -446.82 -262.024 -95.65374 
1786080560.048 -0.009527569 -0.01137144 -0.02149774 -0.01192757 21.22609 -153.9664 -447.715 -261.676 -95.92425 
1786080560.210 -0.01046694 -0.01201086 -0.02239174 -0.01286694 21.41455 -153.5096 -448.68 -261.312 -96.21889 
1786080560.391 -0.012574 -0.01239757 -0.02262128 -0.009974002 21.6269 -153.0009 -449.765 -260.924 -96.54655 
1786080560.571 -0.02200823 -0.02217262 -0.0270566 -0.02123794 21.85361 -152.4547 -450.935 -260.512 -96.89961 
1786080560.739 -0.01629718 -0.02034121 -0.0275647 -0.01869718 22.08516 -151.8969 -452.15 -260.12 -97.26791 
1786080560.908 -0.0194018 -0.02100335 -0.02787386 -0.0218018 22.32608 -151.3165 -453.42 -259.728 -97.65526 
1786080561.082 -0.0182833 -0.01863047 -0.02764909 -0.0156833 22.57916 -150.7069 -454.77 -259.34 -98.06674 
1786080561.242 -0.01855698 -0.01920919 -0.02976921 -0.01595698 22.83914 -150.0806 -456.17 -258.96 -98.49219 
1786080561.402 -0.01726736 -0.02069487 -0.02986875 -0.01966736 23.09758 -149.458 -457.575 -258.604 -98.92145 
1786080561.581 -0.01455732 -0.02008356 -0.03048973 -0.01695732 23.3889 -148.752 -459.195 -258.228 -99.41675 
1786080561.752 -0.01522206 -0.01857379 -0.03086925 -0.01762206 23.69984 -148.0071 -460.895 -257.868 -99.93872 
1786080561.921 -0.01587699 -0.01476844 -0.03228934 -0.01827699 24.01041 -147.259 -462.63 -257.54 -100.4721 
1786080562.091 -0.01753471 -0.01677016 -0.03191269 -0.01493471 24.33862 -146.4683 -464.48 -257.224 -101.0449 
1786080562.259 -0.0187099 -0.01918459 -0.03259451 -0.0161099 24.67121 -145.6671 -466.375 -256.944 -101.6304 
1786080562.430 -0.01500336 -0.01566012 -0.03348742 -0.01740336 25.01339 -144.8428 -468.34 -256.7 -102.2425 
1786080562.603 -0.0165603 -0.01570753 -0.03421966 -0.0139603 25.38647 -143.9441 -470.5 -256.48 -102.9181 
1786080562.770 -0.01541547 -0.01601441 -0.03515697 -0.01281547 25.74577 -143.0785 -472.6 -256.316 -103.5773 
1786080562.939 -0.01429241 -0.01370614 -0.03479779 -0.0138309 26.13228 -142.1474 -474.88 -256.196 -104.2974 
1786080563.116 -0.01101055 -0.01501754 -0.03621402 -0.01253187 26.54971 -141.1418 -477.36 -256.124 -105.0848 
1786080563.281 -0.01267687 -0.01710666 -0.0372423 -0.01507687 26.94397 -140.192 -479.715 -256.116 -105.8391 
1786080563.450 -0.01363591 -0.01539334 -0.03777451 -0.01603591 27.36193 -139.1852 -482.23 -256.176 -106.6507 
1786080563.626 -0.01183761 -0.01624772 -0.03937322 -0.01423761 27.80971 -138.1065 -484.945 -256.312 -107.5371 
1786080563.806 -0.01307296 -0.01651971 -0.03916711 -0.01547296 28.26787 -137.0027 -487.75 -256.532 -108.4541 
1786080563.988 -0.01195319 -0.01660336 -0.0411036 -0.009353185 28.75771 -135.8227 -490.735 -256.86 -109.4421 
1786080564.157 -0.01420864 -0.01490964 -0.04164756 -0.01160864 29.23884 -134.6637 -493.695 -257.272 -110.4353 
1786080564.322 -0.01505045 -0.01636901 -0.04293606 -0.01245045 29.70678 -133.5364 -496.585 -257.76 -111.4144 
1786080564.486 -0.01211165 -0.01457296 -0.0439143 -0.01271096 30.1831 -132.3889 -499.535 -258.348 -112.4254 
1786080564.660 -0.01105447 -0.01396257 -0.04484026 -0.01345447 30.69454 -131.1569 -502.705 -259.08 -113.5277 
1786080564.832 -0.01337681 -0.01455049 -0.04729934 -0.01077681 31.22455 -129.8801 -505.99 -259.948 -114.6859 
1786080564.994 -0.007383605 -0.01309249 -0.04730833 -0.009783605 31.7324 -128.6567 -509.145 -260.888 -115.815 
1786080565.154 -0.01032014 -0.01369933 -0.04738571 -0.01272014 32.24481 -127.4223 -512.315 -261.94 -116.9707 
1786080565.323 -0.01317247 -0.01272651 -0.04909016 -0.01057247 32.78775 -126.1143 -515.665 -263.172 -118.2115 
1786080565.486 -0.006836392 -0.0101924 -0.04966438 -0.009236392 33.32881 -124.8109 -519 -264.52 -119.4751 
1786080565.660 -0.009551646 -0.01165799 -0.05087919 -0.01195165 33.89458 -123.448 -522.48 -266.06 -120.8073 
1786080565.826 -0.01257903 -0.01246837 -0.05280666 -0.01113676 34.49982 -121.99 -526.14 -267.836 -122.2463 
1786080565.994 -0.009462648 -0.01083656 -0.05327441 -0.006862648 35.07158 -120.6126 -529.585 -269.656 -123.6344 
1786080566.163 -0.005603511 -0.01389741 -0.05520582 -0.01300351 35.69763 -119.1044 -533.325 -271.796 -125.1761 
1786080566.332 -0.007854055 -0.0140853 -0.05597243 -0.01025406 36.31045 -117.6282 -536.935 -274.044 -126.7192 
1786080566.494 -0.009704091 -0.01661817 -0.05652216 -0.007104091 36.92482 -116.1481 -540.505 -276.444 -128.2686 
1786080566.681 -0.008510363 -0.01018721 -0.05289455 -0.005910363 37.57838 -114.5737 -544.245 -279.168 -129.9653 
1786080566.845 -0.01096886 -0.01232529 -0.05080139 -0.008368861 38.19733 -113.0827 -547.72 -281.892 -131.5769 
1786080567.011 -0.007024958 -0.01294099 -0.04843397 -0.009424958 38.77267 -111.6967 -550.895 -284.556 -133.1035 
1786080567.176 -0.005892641 -0.01039713 -0.04417007 -0.006605343 39.35062 -110.3044 -554.02 -287.36 -134.658 
1786080567.348 -0.01018585 -0.009884428 -0.04172516 -0.00758585 39.92693 -108.9161 -557.06 -290.28 -136.2264 
1786080567.536 -0.008111686 -0.009726517 -0.03927379 -0.007207905 40.52421 -107.4689 -560.16 -293.452 -137.8812 
1786080567.711 -0.007004022 -0.00996342 -0.03599589 -0.009404022 41.11446 -106.0553 -563.105 -296.672 -139.517 
1786080567.877 -0.007001645 -0.0110159 -0.03265134 -0.004401645 41.64704 -104.7647 -565.72 -299.72 -141.0283 
1786080568.045 -0.004415894 -0.01193144 -0.03061917 -0.006815894 42.168 -103.5173 -568.18 -302.756 -142.5027 
1786080568.215 -0.00816144 -0.009279315 -0.0282764 -0.00556144 42.68314 -102.2763 -570.55 -305.872 -143.9848 
1786080568.392 -0.003721176 -0.01391226 -0.02595402 -0.01112118 43.19514 -101.0429 -572.84 -309.048 -145.472 
1786080568.568 -0.008205087 -0.009272261 -0.02238322 -0.002679515 43.71462 -99.7915 -575.08 -312.368 -146.996 
1786080568.739 -0.00517346 -0.006360289 -0.02040915 -0.00757346 44.19843 -98.626 -577.095 -315.532 -148.4286 
1786080568.905 -0.005059801 -0.008177392 -0.01843219 -0.007459801 44.65373 -97.52917 -578.925 -318.572 -149.7875 
1786080569.075 -0.005459812 -0.009895646 -0.01585613 -0.007885899 45.10823 -96.43429 -580.685 -321.668 -151.1553 
1786080569.241 -0.001919913 -0.007621106 -0.01357602 -0.009319913 45.54034 -95.39334 -582.3 -324.672 -152.4659 
1786080569.406 -0.001709235 -0.006961526 -0.01137073 -0.004109235 45.95853 -94.38591 -583.8 -327.628 -153.7435 
1786080569.579 -0.006141089 -0.007147636 -0.009529851 -0.003541089 46.3752 -93.38214 -585.23 -330.62 -155.0249 
1786080569.759 -0.00775397 -0.009314099 -0.007285591 -0.00515397 46.81301 -92.32747 -586.67 -333.812 -156.3813 
1786080569.936 -0.007259864 -0.006456841 -0.00527444 -0.006659092 47.22095 -91.34474 -587.955 -336.836 -157.6538 
1786080570.097 -0.00480613 -0.007960605 -0.0008423794 -0.00220613 47.5894 -90.45715 -589.06 -339.6 -158.8133 
1786080570.264 -0.00370667 -0.005396644 0.007521079 -0.002107199 47.95112 -89.58577 -590.095 -342.352 -159.9614 
1786080570.430 -0.007362957 -0.0110593 0.01034513 -0.004762957 48.30336 -88.73723 -591.055 -345.048 -161.0816 
1786080570.630 -0.003386597 -0.005782185 0.01268568 -0.005784169 48.70607 -87.76709 -592.1 -348.18 -162.3681 
1786080570.807 -0.003022076 -0.00665245 0.01480905 -0.005422076 49.05228 -86.93307 -592.945 -350.896 -163.4806 
1786080570.986 -0.001360819 -0.005683058 0.01630083 -0.003760819 49.38548 -86.13038 -593.715 -353.536 -164.5563 
1786080571.152 -0.006773533 -0.003772202 0.0187747 -0.004173533 49.69323 -85.38903 -594.38 -355.996 -165.5558 
1786080571.315 -0.002804555 -0.001678587 0.02031771 -0.005204555 49.9754 -84.70926 -594.965 -358.268 -166.4753 
1786080571.489 -0.003734105 0.0003718153 0.02166647 -0.004219431 50.26301 -84.01642 -595.52 -360.6 -167.4163 
1786080571.672 -0.002789599 0.003537506 0.02331133 -0.005189599 50.55401 -83.3154 -596.055 -362.976 -168.3726 
1786080571.843 -0.006469041 0.003020205 0.02527572 -0.003869041 50.8164 -82.6833 -596.5 -365.128 -169.2388 
1786080572.014 -0.004600386 0.004351027 0.02569764 -0.002000386 51.06923 -82.07422 -596.905 -367.216 -170.0757 
1786080572.176 -0.003585843 0.002296535 0.02796681 -0.005985843 51.29341 -81.53419 -597.245 -369.072 -170.8212 
1786080572.339 -0.004269739 0.006655024 0.02953137 -0.001669739 51.50668 -81.02042 -597.545 -370.852 -171.5324 
1786080572.504 -0.006351746 0.004526122 0.03035878 -0.003751746 51.7127 -80.52412 -597.815 -372.572 -172.2207 
1786080572.679 -0.002718182 0.005935353 0.03134901 -0.005118182 51.91657 -80.03299 -598.07 -374.296 -172.9091 
1786080572.858 0.001324492 0.007903197 0.03323841 -0.002258994 52.11017 -79.56661 -598.295 -375.916 -173.5555 
1786080573.023 0.001328161 0.005805102 0.03507841 -0.001071839 52.28706 -79.13794 -598.485 -377.416 -174.1562 
1786080573.199 -0.001426157 0.006299144 0.03583299 -0.004715006 52.45275 -78.74133 -598.645 -378.812 -174.7112 
1786080573.369 0.01012293 0.01247766 0.03978915 0.001961237 52.60699 -78.36975 -598.8 -380.128 -175.237 
1786080573.546 0.01563342 0.01723533 0.0418471 0.01323342 52.75118 -78.02242 -598.93 -381.36 -175.7272 
1786080573.742 0.01423942 0.01486906 0.0441199 0.01575253 52.88604 -77.69754 -599.04 -382.52 -176.192 
1786080573.912 0.01108921 0.01555771 0.04426204 0.01368921 53.01045 -77.39784 -599.125 -383.572 -176.6098 
1786080574.083 0.01701978 0.01926592 0.0467482 0.01461978 53.11049 -77.15684 -599.2 -384.432 -176.9527 
1786080574.260 0.0113402 0.01617423 0.04628081 0.0139402 53.2042 -76.93109 -599.255 -385.232 -177.2715 
1786080574.427 0.009825026 0.01381681 0.04653104 0.01242503 53.28043 -76.74745 -599.3 -385.884 -177.5319 
1786080574.592 0.01333406 0.01659827 0.04730931 0.01093406 53.34344 -76.59565 -599.34 -386.428 -177.7478 
1786080574.758 0.01470508 0.0161152 0.04971047 0.01230508 53.39542 -76.47043 -599.37 -386.876 -177.9281 
1786080574.927 0.01272073 0.01555319 0.04895858 0.01021137 53.4366 -76.37122 -599.39 -387.228 -178.0678 
1786080575.107 0.01730573 0.02487597 0.05314273 0.0198356 53.46634 -76.29959 -599.41 -387.492 -178.1745 
1786080575.289 0.0178917 0.02486531 0.05431368 0.0204917 53.48479 -76.25514 -599.42 -387.652 -178.238 
1786080575.457 0.01578061 0.02061447 0.05514513 0.01838061 53.489 -76.245 -599.42 -387.684 -178.2532 
1786080575.628 0.01578061 0.02061447 0.05260513 0.01838061 53.489 -76.245 -599.42 -387.684 -178.2507 
1786080575.788 0.01578061 0.02061447 0.05006513 0.01838061 53.489 -76.245 -599.42 -387.684 -178.2481 
1786080575.950 0.02078061 0.02061447 0.04879513 0.01838061 53.489 -76.245 -599.425 -387.684 -178.2469 
1786080576.112 0.01578061 0.02061447 0.04625513 0.01838061 53.489 -76.245 -599.42 -387.684 -178.2443 
1786080576.273 0.01578061 0.02061447 0.04498513 0.01838061 53.489 -76.245 -599.42 -387.684 -178.2431 
1786080576.436 0.01578061 0.02061447 0.04371514 0.01338061 53.489 -76.245 -599.42 -387.684 -178.2418 
1786080576.596 0.01578061 0.01661447 0.04117514 0.01338061 53.489 -76.245 -599.42 -387.68 -178.2393 
1786080576.761 0.01578061 0.02061447 0.03990514 0.01338061 53.489 -76.245 -599.42 -387.684 -178.238 
1786080576.919 0.01078061 0.01661447 0.03863514 0.01338061 53.489 -76.245 -599.415 -387.68 -178.2367 
1786080577.081 0.01078061 0.01661447 0.03736514 0.01838061 53.489 -76.245 -599.415 -387.68 -178.2354 
1786080577.249 0.01578061 0.01661447 0.03482514 0.01338061 53.489 -76.245 -599.42 -387.68 -178.2329 
1786080577.425 0.01578061 0.01661447 0.03355514 0.01838061 53.489 -76.245 -599.42 -387.68 -178.2316 
1786080577.597 0.01578061 0.01661447 0.03228514 0.01338061 53.489 -76.245 -599.42 -387.68 -178.2304 
1786080577.772 0.01078061 0.01261447 0.03101514 0.01338061 53.489 -76.245 -599.415 -387.676 -178.2291 
1786080577.935 0.01078061 0.01261447 0.02974514 0.01338061 53.489 -76.245 -599.415 -387.676 -178.2278 
1786080578.095 0.01078061 0.01661447 0.02847514 0.01338061 53.489 -76.245 -599.415 -387.68 -178.2266 
1786080578.263 0.01322282 0.01788116 0.03171153 0.01102282 53.47877 -76.24834 -599.395 -387.664 -178.1948 
1786080578.441 0.01183244 0.01398762 0.03634179 0.009632443 53.43844 -76.26153 -599.305 -387.592 -178.0615 
1786080578.614 0.01582882 0.01775271 0.04395444 0.01579671 53.36747 -76.28472 -599.15 -387.476 -177.8265 
1786080578.816 0.01505825 0.01873056 0.0488358 0.01785825 53.2578 -76.32057 -598.91 -387.292 -177.4569 
1786080579.006 0.01760367 0.02249759 0.05421169 0.01737384 53.0956 -76.37359 -598.55 -387.02 -176.9096 
1786080579.181 0.007242 0.01317392 0.05524385 0.010042 52.92616 -76.42898 -598.165 -386.728 -176.3343 
1786080579.369 0.01567311 0.0197312 0.06157054 0.01347311 52.71275 -76.49874 -597.695 -386.376 -175.6167 
1786080579.551 0.005438766 0.008676222 0.06232465 0.008238766 52.4737 -76.57687 -597.145 -385.964 -174.809 
1786080579.744 -0.004913935 0.0002409656 0.06366521 -0.002113935 52.1752 -76.67445 -596.455 -385.456 -173.8044 
1786080579.923 -0.007155527 0.002348184 0.06853827 -0.004355527 51.86724 -76.77511 -595.745 -384.944 -172.7757 
1786080580.123 -0.01296749 -0.01416256 0.06850448 -0.01516749 51.49505 -76.89677 -594.875 -384.308 -171.5324 
1786080580.307 -0.01510073 -0.01735077 0.06948894 -0.01714369 51.10398 -77.0246 -593.955 -383.656 -170.2344 
1786080580.489 -0.01909508 -0.02179453 0.07149497 -0.01629508 50.68293 -77.16223 -592.95 -382.956 -168.8451 
1786080580.697 -0.01599723 -0.01528182 0.07497176 -0.01319723 50.21223 -77.31609 -591.82 -382.188 -167.3033 
1786080580.904 -0.01674652 -0.01880925 0.07664962 -0.01894652 49.67199 -77.49268 -590.495 -381.296 -165.5355 
1786080581.096 -0.01771887 -0.0147438 0.07964928 -0.01491887 49.06968 -77.68956 -589.005 -380.324 -163.6012 
1786080581.295 -0.01901891 -0.01441586 0.08144206 -0.01315697 48.45507 -77.89151 -587.45 -379.324 -161.6251 
1786080581.482 -0.01412508 -0.01457189 0.08260759 -0.01632508 47.87774 -78.07918 -585.98 -378.404 -159.8052 
1786080581.684 -0.01328105 -0.01371074 0.08395337 -0.01548105 47.18429 -78.30585 -584.175 -377.3 -157.6284 
1786080581.870 -0.01279422 -0.01102763 0.08538728 -0.009994217 46.4503 -78.54577 -582.23 -376.144 -155.3513 
1786080582.040 -0.0149906 -0.01283374 0.08648913 -0.0121906 45.80192 -78.75771 -580.48 -375.128 -153.3625 
1786080582.230 -0.01339025 -0.01498751 0.08649776 -0.01059025 45.03886 -79.00714 -578.39 -373.944 -151.0486 
1786080582.421 -0.01108855 -0.01128036 0.0862893 -0.008288552 44.2871 -79.25287 -576.295 -372.796 -148.7981 
1786080582.604 -0.0106034 -0.01060993 0.08712581 -0.0128034 43.45378 -79.52526 -573.93 -371.536 -146.3407 
1786080582.780 -0.01063899 -0.01269141 0.08507886 -0.007838991 42.6219 -79.79718 -571.525 -370.292 -143.9213 
1786080582.953 -0.01297799 -0.01366343 0.08467096 -0.01017799 41.81006 -80.06255 -569.135 -369.096 -141.5985 
1786080583.159 -0.01071095 -0.01128166 0.0838653 -0.01242549 40.88377 -80.36533 -566.365 -367.756 -138.9925 
1786080583.340 -0.009538044 -0.01159462 0.08153143 -0.01173804 39.88038 -80.69331 -563.285 -366.32 -136.2086 
1786080583.513 -0.01186673 -0.009084896 0.07985187 -0.009066731 38.94157 -81.00019 -560.385 -365.02 -133.6826 
1786080583.700 -0.01299536 -0.01179014 0.07878066 -0.01019536 37.94893 -81.32466 -557.245 -363.66 -131.0537 
1786080583.874 -0.01019592 -0.008605775 0.07637017 -0.00871716 36.92894 -81.65806 -553.97 -362.3 -128.4121 
1786080584.039 -0.009809383 -0.01079553 0.07418472 -0.007009383 35.96579 -81.97289 -550.815 -361.04 -125.9585 
1786080584.206 -0.01126257 -0.009610594 0.0713434 -0.008462568 34.95708 -82.30262 -547.46 -359.756 -123.4794 
1786080584.379 -0.009793106 -0.008673875 0.06868292 -0.01199311 33.90154 -82.64764 -543.895 -358.448 -120.9356 
1786080584.549 -0.008483431 -0.01187315 0.06398015 -0.008430211 32.80361 -83.00653 -540.125 -357.124 -118.3613 
1786080584.726 -0.009988499 -0.007563873 0.06063814 -0.007188499 31.66912 -83.37736 -536.17 -355.808 -115.782 
1786080584.903 -0.01016499 -0.00886647 0.05731049 -0.007364985 30.49805 -83.76016 -532.02 -354.492 -113.2039 
1786080585.068 -0.01217632 -0.009411082 0.05401514 -0.009376325 29.33089 -84.14168 -527.82 -353.232 -110.7223 
1786080585.231 -0.005550685 -0.006931915 0.04994399 -0.007750685 28.18459 -84.51637 -523.645 -352.048 -108.3702 
1786080585.394 -0.008024091 -0.01195038 0.04529482 -0.01022409 27.02633 -84.89497 -519.36 -350.896 -106.0804 
1786080585.560 -0.006382168 -0.01063789 0.03936871 -0.008582168 25.78996 -85.29911 -514.73 -349.732 -103.7335 
1786080585.749 -0.006923401 -0.01123924 0.03418176 -0.009123401 24.39573 -85.75485 -509.435 -348.492 -101.2113 
1786080585.919 -0.005580294 -0.006156354 0.02734931 -0.007568193 23.05364 -86.19355 -504.27 -347.38 -98.90494 
1786080586.089 -0.005421898 -0.006531328 0.02256562 -0.006423398 21.76051 -86.61624 -499.235 -346.376 -96.80182 
1786080586.257 -0.006334221 -0.006128576 0.01680714 -0.003534221 20.36729 -87.07165 -493.745 -345.376 -94.66441 
1786080586.422 -0.004682894 -0.006038974 0.009389096 -0.001882894 19.01062 -87.51511 -488.345 -344.484 -92.71115 
1786080586.592 -0.003975279 -0.004947994 0.00300489 -0.006175279 17.58476 -87.98119 -482.61 -343.636 -90.79853 
1786080586.758 -0.007782202 -0.007322601 -0.01327172 1.779779e-05 16.1641 -88.44556 -476.84 -342.88 -89.02688 
1786080586.936 -0.00438496 -0.007758398 -0.02178146 -0.00158496 14.64586 -88.94184 -470.625 -342.176 -87.30095 
1786080587.101 -0.001971154 -0.00998089 -0.02890224 -0.00195417 13.13293 -89.43638 -464.38 -341.58 -85.74775 
1786080587.296 -0.01196448 -0.008883548 -0.03883683 -0.00446074 11.48138 -89.97622 -457.51 -341.056 -84.23899 
1786080587.494 -0.005191547 -0.006772649 -0.04843614 -0.002391547 9.609315 -90.58816 -449.675 -340.62 -82.77087 
1786080587.679 -0.005637004 -0.009360206 -0.05868511 -0.002837004 7.85915 -91.16024 -442.305 -340.36 -81.62914 
1786080587.865 -0.0008713031 -0.006823667 -0.06895213 0.001928697 6.045601 -91.75304 -434.64 -340.252 -80.68426 
1786080588.044 -0.005308064 -0.01024717 -0.07969948 0.002491936 4.256119 -92.33798 -427.005 -340.296 -79.98703 
1786080588.227 -0.00183616 -0.007498282 -0.09017475 0.00096384 2.403112 -92.94369 -419.175 -340.512 -79.52094 
1786080588.393 -0.005065992 -0.01204066 -0.1001786 0.006404293 0.7011969 -93.49999 -411.935 -340.852 -79.3152 
1786080588.564 -0.005283587 -0.009525426 -0.1104186 -0.002483587 -1.060402 -94.07582 -404.455 -341.356 -79.3279 
1786080588.746 -0.007718765 -0.009777662 -0.1232418 8.123492e-05 -2.934784 -94.6885 -396.505 -342.056 -79.59333 
1786080588.915 -0.002357087 -0.01042382 -0.1338096 -0.004059562 -4.809444 -95.30129 -388.595 -342.924 -80.12165 
1786080589.080 -0.003010067 -0.008602763 -0.1445677 -0.004270018 -6.604685 -95.8881 -381.05 -343.912 -80.87095 
1786080589.246 0.002130893 -0.01070279 -0.1562791 -0.005069107 -8.404875 -96.47654 -373.535 -345.056 -81.8679 
1786080589.412 -0.002273501 -0.008531417 -0.1678064 -0.002869497 -10.29948 -97.09584 -365.68 -346.424 -83.15949 
1786080589.581 -0.002512777 -0.01107964 -0.1786785 -0.004712777 -12.16689 -97.70625 -358.01 -347.936 -84.70889 
1786080589.762 -0.0025172 -0.01012229 -0.1855127 -0.005017373 -14.19986 -98.3708 -349.755 -349.748 -86.66342 
1786080589.933 0.0005138895 -0.008933656 -0.1923739 -0.00668611 -16.09118 -98.989 -342.18 -351.6 -88.76145 
1786080590.114 -0.005086142 -0.01120278 -0.19718 -0.007286142 -18.04931 -99.62906 -334.44 -353.676 -91.20366 
1786080590.279 -0.007449722 -0.01102254 -0.2021371 -0.004649722 -19.82679 -100.2101 -327.525 -355.7 -93.65476 
1786080590.442 -0.005166243 -0.01002906 -0.2039029 -0.007366243 -21.52445 -100.765 -321.03 -357.752 -96.20492 
1786080590.608 -0.001004853 -0.006550476 -0.20536 -0.003204853 -23.22651 -101.3214 -314.63 -359.924 -98.96209 
1786080590.780 -0.006673762 -0.007058699 -0.2048227 -0.007072834 -24.95224 -101.8855 -308.255 -362.232 -101.9606 
1786080590.953 -0.005707673 -0.01110506 -0.2062358 -0.002907673 -26.63837 -102.4366 -302.15 -364.588 -105.0835 
1786080591.117 -0.008402023 -0.006054492 -0.206005 -0.005602023 -28.32528 -102.988 -296.17 -367.052 -108.3982 
1786080591.291 -0.006000812 -0.00899044 -0.2019729 -0.003200812 -29.95439 -103.5205 -290.53 -369.512 -111.7789 
1786080591.455 -0.002454192 -0.006784868 -0.2016204 -0.004654192 -31.54491 -104.0404 -285.15 -372 -115.2422 
1786080591.614 -0.007571293 -0.008459466 -0.1992339 -0.004771293 -33.043 -104.5331 -280.165 -374.424 -118.6737 
1786080591.797 -0.006133967 -0.00630474 -0.1953825 -0.003333967 -34.59663 -105.038 -275.19 -376.976 -122.3377 
1786080591.966 -0.008344057 -0.008301213 -0.1898111 -0.0005440566 -36.19279 -105.5597 -270.185 -379.676 -126.2785 
1786080592.140 -0.001967362 -0.004901621 -0.1839564 -0.003050213 -37.72194 -106.0595 -265.53 -382.328 -130.199 
1786080592.302 -0.008159551 -0.004437814 -0.1798616 -0.005359551 -39.14425 -106.5245 -261.32 -384.84 -133.9671 
1786080592.477 -0.009862695 -0.005875073 -0.1750713 -0.007062695 -40.53928 -106.9833 -257.285 -387.36 -137.8012 
1786080592.657 -0.007840816 -0.00204369 -0.1657423 -0.007670884 -42.09566 -107.4892 -252.985 -390.188 -142.1611 
1786080592.828 -0.005814626 -0.004712006 -0.1622117 -0.008014626 -43.48868 -107.9445 -249.24 -392.764 -146.1934 
1786080592.994 -0.007605611 -0.007459752 -0.1556763 -0.004805611 -44.79691 -108.3748 -245.815 -395.228 -150.1024 
1786080593.157 -0.00445094 -0.003200312 -0.1495513 -0.00665094 -46.07822 -108.791 -242.615 -397.64 -153.9721 
1786080593.323 -0.006171355 -0.007829975 -0.1415171 -0.003371355 -47.33213 -109.2009 -239.565 -400.028 -157.8659 
1786080593.489 -0.006336639 -0.00522051 -0.1347095 -0.004636442 -48.55913 -109.6019 -236.685 -402.392 -161.7521 
1786080593.653 -0.002792398 -0.004989577 -0.1277717 -0.004028993 -49.7657 -109.9963 -233.96 -404.724 -165.6447 
1786080593.835 -0.006822938 0.001095556 -0.1196241 -0.004022938 -51.0151 -110.4047 -231.235 -407.156 -169.7506 
1786080594.002 -0.006331524 0.001188912 -0.1138736 -0.008531524 -52.20594 -110.794 -228.745 -409.48 -173.7308 
1786080594.165 -0.008265865 0.002099678 -0.105332 -0.005465865 -53.30728 -111.154 -226.53 -411.636 -177.4722 
1786080594.329 -0.005439185 -0.001613135 -0.09772523 -0.007639185 -54.38863 -111.5075 -224.435 -413.764 -181.2187 
1786080594.493 -0.006260238 -0.002644085 -0.09083599 -0.003460238 -55.44321 -111.8522 -222.49 -415.82 -184.8775 
1786080594.663 -0.005684816 -0.004066749 -0.0831541 -0.007884816 -56.5077 -112.2001 -220.6 -417.908 -188.6418 
1786080594.849 -0.00714153 -0.0005185861 -0.07369651 -0.009421956 -57.62176 -112.5643 -218.71 -420.096 -192.6309 
1786080595.022 -0.007642349 0.003806698 -0.0672209 -0.004842349 -58.62613 -112.8926 -217.085 -422.068 -196.2694 
1786080595.191 -0.007743522 0.005437185 -0.05933505 -0.006440576 -59.63 -113.2207 -215.54 -424.032 -199.9461 
1786080595.366 -0.005820566 0.005431506 -0.05065004 -0.008020566 -60.5925 -113.5354 -214.125 -425.908 -203.5072 
1786080595.529 -0.006208454 0.003463365 -0.04479782 -0.006164657 -61.49838 -113.8315 -212.86 -427.668 -206.8879 
1786080595.708 -0.005657978 0.005992966 -0.03649442 -0.002857978 -62.37594 -114.1183 -211.69 -429.368 -210.1937 
1786080595.875 -0.006493167 0.003758468 -0.02996706 -0.003693167 -63.26522 -114.409 -210.565 -431.08 -213.5681 
1786080596.040 -0.005583143 0.003196138 -0.02327929 -0.007783143 -64.0661 -114.6708 -209.605 -432.616 -216.6301 
1786080596.198 -0.003917928 0.004635559 -0.01721521 -0.006117928 -64.82126 -114.9176 -208.745 -434.06 -219.5371 
1786080596.360 -0.007745687 0.005306549 -0.01081756 -0.005213593 -65.55532 -115.1576 -207.945 -435.456 -222.3806 
1786080596.527 -0.0069007 0.009511404 -0.002799471 -0.004784394 -66.2852 -115.3962 -207.2 -436.84 -225.2254 
1786080596.717 -0.006373942 0.005038479 0.01295264 -0.003573942 -67.05375 -115.6474 -206.45 -438.28 -228.2455 
1786080596.887 -0.007121251 0.00429675 0.0193946 -0.004321251 -67.76929 -115.8813 -205.795 -439.616 -231.0649 
1786080597.060 -0.008440593 0.002053419 0.02670237 -0.005640593 -68.42341 -116.0951 -205.23 -440.828 -233.6557 
1786080597.226 -0.004300602 0.006571049 0.0322123 -0.006500602 -69.05606 -116.3019 -204.72 -442 -236.1715 
1786080597.387 -0.007974197 0.00635599 0.0367522 -0.005174197 -69.63184 -116.4901 -204.275 -443.056 -238.4702 
1786080597.547 -0.007600716 0.0007799561 0.04230374 -0.007487493 -70.17455 -116.6675 -203.885 -444.04 -240.6458 
1786080597.724 -0.006089792 0.001331145 0.04733655 -0.006219186 -70.70386 -116.8405 -203.52 -445 -242.7743 
1786080597.913 -0.006315034 0.001921953 0.05425723 -0.003515034 -71.29436 -117.0335 -203.145 -446.064 -245.1581 
1786080598.080 -0.006749058 0.004305433 0.05914549 -0.003949058 -71.77801 -117.1916 -202.855 -446.932 -247.1164 
1786080598.252 -0.004384099 0.006544009 0.06495055 -0.001584099 -72.23547 -117.3411 -202.6 -447.752 -248.9846 
1786080598.422 -0.005434154 0.005661852 0.06863702 -0.007634154 -72.65876 -117.4795 -202.375 -448.496 -250.6965 
1786080598.588 -0.006095372 0.006983554 0.07348991 -0.007207232 -73.05135 -117.6078 -202.18 -449.188 -252.298 
1786080598.766 -0.004414385 0.0031783 0.1534831 -0.006614385 -73.42616 -117.7303 -202.005 -449.84 -253.9058 
1786080598.953 -0.005944999 0.009264395 0.1668448 -0.002339108 -73.79932 -117.8523 -201.84 -450.496 -255.4438 
1786080599.127 -0.001557227 0.007212056 0.1598958 -0.003757227 -74.1098 -117.9538 -201.71 -451.036 -256.7151 
1786080599.300 -0.002437325 0.003918657 0.1517868 0.0003626748 -74.40156 -118.0492 -201.6 -451.532 -257.8949 
1786080599.476 -0.003263081 0.007090129 0.1448065 -0.0004630807 -74.65581 -118.1323 -201.505 -451.972 -258.9312 
1786080599.660 0.006731909 0.01417362 0.1410979 0.009531909 -74.88302 -118.2066 -201.435 -452.368 -259.8608 
1786080599.846 0.01072896 0.01547189 0.1352542 0.01352896 -75.08859 -118.2738 -201.37 -452.72 -260.7003 
1786080600.012 0.01603767 0.01619526 0.128731 0.01409925 -75.24568 -118.3251 -201.32 -452.988 -261.3404 
1786080600.177 0.01394555 0.01493437 0.1247785 0.01174555 -75.36662 -118.3646 -201.285 -453.192 -261.8344 
1786080600.343 0.01309796 0.01594881 0.1201199 0.01604765 -75.46329 -118.3962 -201.255 -453.36 -262.2281 
1786080600.508 0.01386136 0.01699694 0.1143944 0.01675898 -75.53308 -118.419 -201.235 -453.476 -262.5101 
1786080600.671 0.01087741 0.01212062 0.1077336 0.008677411 -75.57382 -118.4324 -201.22 -453.54 -262.6714 
1786080600.834 0.009992801 0.01217811 0.1039281 0.0127928 -75.58799 -118.437 -201.215 -453.564 -262.726 
1786080600.994 0.009997095 0.01215308 0.100057 0.007797095 -75.588 -118.437 -201.215 -453.564 -262.7222 
1786080601.156 0.009997095 0.01215308 0.09497701 0.007797095 -75.588 -118.437 -201.215 -453.564 -262.7171 
1786080601.318 0.009997095 0.01215308 0.09116701 0.0127971 -75.588 -118.437 -201.215 -453.564 -262.7133 
1786080601.481 0.009997095 0.01215308 0.08735702 0.007797095 -75.588 -118.437 -201.215 -453.564 -262.7095 
1786080601.638 0.009997095 0.01215308 0.08354702 0.007797095 -75.588 -118.437 -201.215 -453.564 -262.7056 
1786080601.797 0.009997095 0.01215308 0.07973702 0.007797095 -75.588 -118.437 -201.215 -453.564 -262.7018 
1786080601.956 0.009997095 0.01215308 0.07592702 0.007797095 -75.588 -118.437 -201.215 -453.564 -262.698 
1786080602.114 0.004997095 0.008153084 0.07338702 0.007797095 -75.588 -118.437 -201.21 -453.56 -262.6955 
1786080602.276 0.009997095 0.008153084 0.06957702 0.007797095 -75.588 -118.437 -201.215 -453.56 -262.6917 
1786080602.465 0.004997095 0.008153084 0.06703703 0.007797095 -75.588 -118.437 -201.21 -453.56 -262.6891 
1786080602.629 0.009997095 0.008153084 0.06322703 0.007797095 -75.588 -118.437 -201.215 -453.56 -262.6853 
1786080602.792 0.004997095 0.008153084 0.06068703 0.007797095 -75.588 -118.437 -201.21 -453.56 -262.6828 
1786080602.963 0.004997095 0.008153084 0.05814703 0.007797095 -75.588 -118.437 -201.215 -453.564 -262.6802 
1786080603.133 0.009997095 0.008153084 0.05560703 0.007797095 -75.588 -118.437 -201.215 -453.56 -262.6777 
1786080603.328 0.009997095 0.01215308 0.05306703 0.007797095 -75.588 -118.437 -201.215 -453.564 -262.6752 
1786080603.499 0.009997095 0.008153084 0.05052704 0.007797095 -75.588 -118.437 -201.215 -453.56 -262.6726 
1786080603.672 0.007724142 0.01403005 0.0495454 0.01052414 -75.58762 -118.4354 -201.21 -453.56 -262.6701 
1786080603.856 0.01963672 0.02319991 0.05223873 0.01743672 -75.58112 -118.4084 -201.175 -453.468 -262.646 
1786080604.037 0.0237697 0.0294236 0.05186557 0.0215697 -75.56735 -118.3513 -201.08 -453.26 -262.5888 
1786080604.211 0.01864241 0.02129614 0.04811734 0.01644241 -75.54577 -118.2618 -200.92 -452.916 -262.4961 
1786080604.379 0.0195036 0.02710101 0.04840508 0.0223036 -75.51767 -118.1452 -200.72 -452.484 -262.3805 
1786080604.561 0.0110173 0.01589176 0.04169041 0.0138173 -75.48017 -117.9895 -200.445 -451.888 -262.2192 
1786080604.737 0.01224118 0.01517152 0.03939586 0.01193157 -75.43793 -117.8143 -200.145 -451.228 -262.0427 
1786080604.918 0.006214358 0.00982354 0.03517116 0.004014358 -75.38405 -117.5907 -199.765 -450.38 -261.8166 
1786080605.141 0.006240873 0.009635146 0.03432124 0.004040873 -75.3118 -117.2909 -199.265 -449.248 -261.5182 
1786080605.328 0.007274641 0.008703954 0.03204035 0.005074641 -75.23772 -116.9835 -198.76 -448.084 -261.2109 
1786080605.513 0.008361471 0.007945224 0.03023062 0.004216631 -75.15392 -116.6358 -198.195 -446.764 -260.8641 
1786080605.697 0.002933247 0.00726032 0.02898096 0.004025891 -75.06719 -116.2759 -197.62 -445.396 -260.506 
1786080605.868 0.004597481 0.006785872 0.02692749 0.002397481 -74.97689 -115.9012 -197.03 -443.968 -260.1326 
1786080606.035 0.005057956 0.009935389 0.02839495 0.007857956 -74.88233 -115.5088 -196.425 -442.472 -259.7453 
1786080606.216 -0.01563642 -0.01354046 0.02110708 -0.01283642 -74.77408 -115.0596 -195.725 -440.728 -259.2932 
1786080606.389 -0.01443609 -0.01172294 0.02033763 -0.01258175 -74.66077 -114.5894 -195.03 -438.924 -258.8271 
1786080606.570 -0.01494573 -0.01255343 0.02025515 -0.01214573 -74.53797 -114.0799 -194.295 -436.96 -258.3229 
1786080606.743 -0.01123813 -0.01352975 0.0192227 -0.01343813 -74.4113 -113.5511 -193.555 -434.916 -257.7984 
1786080606.911 -0.01691613 -0.01322996 0.01750286 -0.01411613 -74.27819 -113.0019 -192.8 -432.788 -257.2523 
1786080607.073 -0.011599 -0.01431325 0.01678602 -0.013799 -74.14632 -112.4547 -192.08 -430.66 -256.7138 
1786080607.237 -0.01101421 -0.01074573 0.01699673 -0.01321421 -74.00637 -111.874 -191.335 -428.4 -256.141 
1786080607.408 -0.01449193 -0.009309539 0.01626984 -0.01169193 -73.85538 -111.2474 -190.555 -425.952 -255.5225 
1786080607.580 -0.01401642 -0.00907685 0.01661995 -0.01159145 -73.69557 -110.5843 -189.765 -423.352 -254.8685 
1786080607.756 -0.01080227 -0.0135926 0.01494329 -0.013391 -73.52375 -109.8713 -188.955 -420.544 -254.1662 
1786080607.927 -0.01166557 -0.01026035 0.01504147 -0.01386557 -73.34758 -109.1403 -188.16 -417.664 -253.4473 
1786080608.100 -0.01141462 -0.01013403 0.01406737 -0.01361462 -73.16527 -108.3838 -187.38 -414.672 -252.7031 
1786080608.294 -0.01004153 -0.008186949 0.01428128 -0.007854746 -72.95787 -107.5232 -186.545 -411.26 -251.8586 
1786080608.467 -0.01113351 -0.009481687 0.01331778 -0.009087413 -72.75367 -106.6759 -185.775 -407.888 -251.0267 
1786080608.637 -0.009798653 -0.008527442 0.01310174 -0.01292182 -72.54899 -105.8265 -185.06 -404.504 -250.1949 
1786080608.805 -0.007089263 -0.00892909 0.01262253 -0.009289263 -72.34235 -104.9691 -184.395 -401.076 -249.3554 
1786080608.970 -0.01048563 -0.01015694 0.01305453 -0.01268563 -72.13269 -104.0991 -183.77 -397.592 -248.5058 
1786080609.139 -0.01215271 -0.005589637 0.0113605 -0.009352712 -71.90983 -103.1744 -183.17 -393.888 -247.6015 
1786080609.300 -0.01034798 -0.009380847 0.01218411 -0.007547977 -71.6923 -102.2717 -182.65 -390.26 -246.7227 
1786080609.467 -0.0115028 -0.006846263 0.01162106 -0.008702796 -71.46294 -101.32 -182.165 -386.436 -245.7956 
1786080609.630 -0.01001489 -0.00759428 0.01213341 -0.007214893 -71.22702 -100.341 -181.74 -382.496 -244.838 
1786080609.802 -0.01187869 -0.004790647 0.0110546 -0.009078691 -70.98449 -99.32838 -181.375 -378.42 -243.8601 
1786080609.969 -0.01239155 -0.008894301 0.01066107 -0.009591551 -70.72472 -98.25035 -181.07 -374.08 -242.8149 
1786080610.129 -0.01099652 -0.009525773 0.00973152 -0.008196522 -70.47353 -97.21438 -180.86 -369.908 -241.8116 
1786080610.287 -0.01113865 -0.006782629 0.009334605 -0.008338653 -70.22246 -96.17256 -180.73 -365.72 -240.8045 
1786080610.445 -0.007366228 -0.004241655 0.009827081 -0.009566228 -69.96538 -95.10582 -180.685 -361.436 -239.7758 
1786080610.605 -0.01202982 -0.00800365 0.008391844 -0.009429816 -69.6972 -93.99297 -180.72 -356.968 -238.7027 
1786080610.771 -0.00916959 -0.008491444 0.01020349 -0.01156959 -69.42103 -92.847 -180.86 -352.38 -237.6028 
1786080610.941 -0.008005425 -0.003747441 0.00937843 -0.01040543 -69.12626 -91.62384 -181.115 -347.5 -236.4281 
1786080611.116 -0.007671346 -0.001105731 0.01011637 -0.007684002 -68.81191 -90.31944 -181.505 -342.312 -235.1797 
1786080611.284 -0.005718427 -0.003325165 0.009067611 -0.01311843 -68.50126 -89.03037 -182.02 -337.2 -233.9465 
1786080611.475 -0.008230218 0.0003482641 0.009131131 -0.009217533 -68.15518 -87.59433 -182.73 -331.54 -232.5774 
1786080611.665 -0.004911818 0.0005618791 0.009223575 -0.007311818 -67.79703 -86.10038 -183.635 -325.656 -231.1487 
1786080611.854 -0.0081672 0.0003536593 0.00907604 -0.0055672 -67.42247 -84.55393 -184.725 -319.668 -229.6895 
1786080612.020 -0.009963754 0.004842277 0.009643388 -0.007363754 -67.07373 -83.10682 -185.905 -314.084 -228.3128 
1786080612.179 -0.008991727 0.003330694 0.009267924 -0.006391727 -66.74854 -81.75745 -187.14 -308.916 -227.0466 
1786080612.337 -0.006151471 0.005033768 0.009244697 -0.008551471 -66.41729 -80.38292 -188.53 -303.7 -225.7525 
1786080612.502 -0.008090185 0.006047146 0.009109063 -0.0057534 -66.06932 -78.93899 -190.125 -298.272 -224.3961 
1786080612.665 -0.009191515 0.002547922 0.009311879 -0.006591515 -65.71691 -77.47665 -191.885 -292.832 -223.0271 
1786080612.828 -0.006185608 0.002479204 0.009207347 -0.008585608 -65.36043 -75.99743 -193.815 -287.396 -221.6453 
1786080612.987 -0.01145624 0.001639776 0.008152384 -0.008856238 -64.99985 -74.50119 -195.905 -281.968 -220.2508 
1786080613.147 -0.006977913 -0.002144094 0.009367966 -0.009377913 -64.63757 -72.98852 -198.175 -276.552 -218.8475 
1786080613.307 -0.008239654 -0.007760376 0.008253571 -0.005639654 -64.26688 -71.4597 -200.61 -271.164 -217.4314 
1786080613.476 -0.008378055 -0.00683146 0.007499831 -0.01077806 -63.87109 -69.81739 -203.39 -265.476 -215.9151 
1786080613.641 -0.00914921 -0.005793843 0.00753236 -0.01154921 -63.47571 -68.17673 -206.33 -259.9 -214.4063 
1786080613.800 -0.008218743 -0.006133762 0.006938245 -0.005618743 -63.08111 -66.53935 -209.425 -254.444 -212.9052 
1786080613.959 -0.006617274 -0.006033585 0.006346471 -0.009017274 -62.69017 -64.91714 -212.645 -249.152 -211.4231 
1786080614.117 -0.01111758 -0.00831736 0.005442034 -0.008517583 -62.29325 -63.2701 -216.06 -243.896 -209.9232 
1786080614.275 -0.00557596 -0.003914772 0.006958164 -0.00797596 -61.89285 -61.60863 -219.665 -238.728 -208.4182 
1786080614.434 -0.007689933 -0.005011738 0.006493632 -0.01008993 -61.4813 -59.90089 -223.515 -233.548 -206.8752 
1786080614.602 -0.009314047 -0.009352885 0.006280924 -0.01171405 -61.05302 -58.12375 -227.68 -228.308 -205.2763 
1786080614.767 -0.007742208 -0.007087013 0.007213776 -0.01014221 -60.6077 -56.27588 -232.18 -223.036 -203.6215 
1786080614.928 -0.00689458 -0.005031225 0.006951132 -0.00429458 -60.16375 -54.4337 -236.825 -217.96 -201.9781 
1786080615.092 -0.004892436 -0.006561825 0.00544445 -0.01229244 -59.71615 -52.57635 -241.665 -213.024 -200.3271 
1786080615.254 -0.005001387 -0.003680023 0.00695168 -0.007401387 -59.26771 -50.71554 -246.66 -208.276 -198.6837 
1786080615.418 -0.004632538 -0.003529996 0.006190456 -0.007032538 -58.80444 -48.79316 -251.97 -203.576 -196.9921 
1786080615.589 -0.005619511 -0.006552539 0.006588224 -0.007431977 -58.31465 -46.76079 -257.735 -198.836 -195.2128 
1786080615.752 -0.002158371 -0.005478928 0.006539849 -0.009558371 -57.83531 -44.77178 -263.525 -194.44 -193.4805 
1786080615.917 -0.003066668 -0.008312253 0.00615043 -0.007477345 -57.34634 -42.74275 -269.56 -190.2 -191.7228 
1786080616.078 -0.007789939 -0.007295551 0.00566514 -0.005189939 -56.86584 -40.74893 -275.615 -186.284 -190.0045 
1786080616.246 -0.004865469 -0.007005716 0.006483899 -0.007265469 -56.36086 -38.65352 -282.105 -182.436 -188.21 
1786080616.412 -0.005107356 -0.01077224 0.005664504 -0.007507356 -55.85835 -36.56832 -288.67 -178.88 -186.4333 
1786080616.577 -0.006961033 -0.009958676 0.006366493 -0.004361033 -55.34619 -34.4431 -295.46 -175.528 -184.6235 
1786080616.738 -0.00593055 -0.008787561 0.005594497 -0.00833055 -54.83395 -32.31756 -302.345 -172.508 -182.8455 
1786080616.895 -0.002919103 -0.01001649 0.005586629 -0.005319103 -54.34351 -30.28243 -309.01 -169.856 -181.1336 
1786080617.053 -0.0045996 -0.01094329 0.005208524 -0.0019996 -53.84681 -28.22137 -315.815 -167.48 -179.4305 
1786080617.217 -0.001476398 -0.01227754 0.006205342 -0.008876398 -53.35325 -26.17333 -322.63 -165.38 -177.7401 
1786080617.389 0.0003579846 -0.009560138 0.005953959 -0.002042015 -52.80975 -23.90482 -330.22 -163.38 -175.8783 
1786080617.550 -0.002100165 -0.009375171 0.006244875 0.0004998353 -52.29743 -21.7922 -337.31 -161.824 -174.1587 
1786080617.709 0.003856937 -0.00795504 0.006581324 -0.003543063 -51.80078 -19.73133 -344.245 -160.588 -172.4912 
1786080617.867 0.001881968 -0.01112289 0.006428441 -0.0005180323 -51.30718 -17.68314 -351.13 -159.632 -170.8453 
1786080618.027 0.001187652 -0.008584565 0.005267845 0.0003304978 -50.8105 -15.62214 -358.05 -158.952 -169.1994 
1786080618.190 0.006616489 -0.008121674 0.005446417 0.004216489 -50.3044 -13.52206 -365.08 -158.54 -167.5357 
1786080618.354 0.005158172 -0.01072581 0.006165789 0.002758172 -49.79214 -11.39644 -372.155 -158.408 -165.8644 
1786080618.516 0.005170294 -0.01411292 0.005804988 0.002770294 -49.28295 -9.283534 -379.14 -158.56 -164.2147 
1786080618.678 0.005178675 -0.008826114 0.005576998 0.002778675 -48.77379 -7.170757 -386.065 -159 -162.5776 
1786080618.838 0.007182061 -0.01104927 0.006056494 -0.0002179387 -48.274 -5.096886 -392.795 -159.692 -160.9838 
1786080618.995 0.002728826 -0.01347951 0.005273625 0.005328826 -47.78354 -3.061668 -399.315 -160.624 -159.4306 
1786080619.162 0.005718344 -0.01230275 0.006270824 0.007635025 -47.27125 -0.9359287 -406.04 -161.864 -157.8227 
1786080619.332 0.00788777 -0.01168565 0.005641743 0.00548777 -46.74333 1.254701 -412.86 -163.416 -156.1781 
1786080619.500 0.006845483 -0.00995069 0.005653841 0.004445483 -46.20615 3.483697 -419.67 -165.276 -154.5195 
1786080619.662 0.004937612 -0.008778819 0.006162117 0.004118832 -45.70628 5.55786 -425.875 -167.252 -152.9904 
1786080619.823 0.00655122 -0.01107596 0.004962699 0.00415122 -45.2002 7.657949 -432.035 -169.484 -151.4537 
1786080619.983 0.002937742 -0.01443055 0.005130155 0.003878388 -44.69726 9.74491 -438.005 -171.928 -149.9411 
1786080620.150 0.006020776 -0.01236237 0.004637216 -0.001379224 -44.19435 11.84488 -443.905 -174.632 -148.4235 
1786080620.317 0.007563078 -0.01440213 0.00631325 0.005163078 -43.66012 14.04853 -449.85 -177.656 -146.8652 
1786080620.478 0.004044558 -0.01355272 0.004782899 0.006644558 -43.15412 16.14821 -455.37 -180.768 -145.3831 
1786080620.640 0.00701235 -0.0144225 0.004489382 0.002156203 -42.65122 18.23503 -460.685 -184.056 -143.9251 
1786080620.800 0.0002951388 -0.01581072 0.00437653 0.002895139 -42.14511 20.33512 -465.845 -187.544 -142.4723 
1786080620.960 -0.003028457 -0.01211898 0.00301131 -0.0004284571 -41.64843 22.39611 -470.725 -191.148 -141.0588 
1786080621.128 -0.006613194 -0.01590413 0.0006538402 -0.004013194 -41.12364 24.57374 -475.675 -195.124 -139.5792 
1786080621.292 -0.001750496 -0.01278283 0.0003259245 -0.004150496 -40.61136 26.71271 -480.33 -199.204 -138.1428 
1786080621.457 -0.003245489 -0.01305574 -0.002107069 -0.005645489 -40.09898 28.82559 -484.715 -203.376 -136.7369 
1786080621.616 -0.001271867 -0.01351127 -0.004246167 -0.003671867 -39.59607 30.91242 -488.835 -207.636 -135.3628 
1786080621.773 -0.004768249 -0.01305284 -0.004889061 -0.007168249 -39.10564 32.94749 -492.64 -211.912 -134.0382 
1786080621.930 -0.005006907 -0.01033979 -0.005431175 -0.002406907 -38.61522 34.98249 -496.24 -216.3 -132.7276 
1786080622.095 -0.004714632 -0.01254151 -0.004107837 -0.002114632 -38.12166 37.03054 -499.65 -220.812 -131.4245 
1786080622.261 -0.004866643 -0.01424394 -0.005002078 -0.007266643 -37.58441 39.25985 -503.115 -225.828 -130.0199 
1786080622.425 -0.006713366 -0.01148778 -0.004465828 0.0008866336 -37.07206 41.38587 -506.175 -230.704 -128.6979 
1786080622.587 -0.002122364 -0.01529339 -0.003585524 0.0004776363 -36.56606 43.49863 -508.985 -235.62 -127.3999 
1786080622.750 -0.003455744 -0.01239301 -0.002540889 0.004144256 -36.05683 45.5986 -511.54 -240.572 -126.1248 
1786080622.911 -0.001005666 -0.008648538 -0.0021702 0.001594334 -35.55706 47.67239 -513.835 -245.516 -124.8802 
1786080623.079 -0.00381261 -0.007295955 -0.002810379 0.006680259 -35.03225 49.85009 -515.99 -250.748 -123.5886 
1786080623.242 -0.005154474 -0.01057149 -0.003331151 0.002445526 -34.51995 51.9759 -517.855 -255.88 -122.344 
1786080623.400 -0.001931335 -0.01172677 -0.0039745 0.005668665 -34.02014 54.04991 -519.445 -260.908 -121.1452 
1786080623.558 0.0005838283 -0.01067268 -0.003666371 0.003183828 -33.52962 56.08533 -520.78 -265.856 -119.9844 
1786080623.716 -0.0007272974 -0.00977928 -0.003932997 0.000462028 -33.03303 58.14594 -521.915 -270.856 -118.8236 
1786080623.874 -8.273468e-05 -0.009375576 -0.003861244 0.002517265 -32.54257 60.18109 -522.81 -275.784 -117.6933 
1786080624.033 -0.001254698 -0.006489628 -0.004371762 0.001345302 -32.04595 62.24185 -523.5 -280.756 -116.563 
1786080624.200 0.000244798 -0.007761692 -0.006559958 0.002844798 -31.53358 64.36794 -523.985 -285.848 -115.4124 
1786080624.364 -0.002387112 -0.008166493 -0.005371602 0.005212888 -31.01506 66.51951 -524.245 -290.956 -114.2669 
1786080624.525 -0.001467668 -0.002736576 -0.00486854 0.006332332 -30.51212 68.60649 -524.28 -295.864 -113.1721 
1786080624.686 -0.004685227 -0.003619838 -0.005318122 0.008114773 -30.00919 70.69343 -524.1 -300.704 -112.0926 
1786080624.844 -0.002651232 -0.002884844 -0.005935485 0.005148768 -29.51249 72.75449 -523.725 -305.416 -111.0423 
1786080625.001 0.001516357 -0.003622232 -0.006097028 0.009316357 -29.01895 74.80245 -523.16 -310.02 -110.0149 
1786080625.160 0.004096039 0.0007760064 -0.005577576 0.007275732 -28.52534 76.85068 -522.405 -314.544 -109.004 
1786080625.329 0.004814081 0.00796658 -0.005374767 0.007614081 -28.00369 79.01528 -521.405 -319.228 -107.9524 
1786080625.498 0.003693658 0.006008185 -0.005673062 0.006493658 -27.47569 81.20626 -520.185 -323.872 -106.9009 
1786080625.658 0.005738578 0.007659174 -0.005591116 0.008538578 -26.96979 83.3055 -518.845 -328.156 -105.9204 
1786080625.818 0.00420844 0.005127962 -0.005913938 0.00700844 -26.47038 85.3778 -517.345 -332.288 -104.9641 
1786080625.977 0.005878119 0.006989435 -0.006020467 0.008678119 -25.97902 87.41673 -515.715 -336.236 -104.0395 
1786080626.138 0.005060033 0.007458591 -0.005001441 0.007860033 -25.49071 89.44298 -513.945 -340.032 -103.1315 
1786080626.307 0.00507502 0.008468883 -0.00511332 0.01000936 -24.99057 91.51831 -511.985 -343.784 -102.2298 
1786080626.470 0.002675655 0.007049241 -0.005719782 0.005475655 -24.4942 93.57801 -509.905 -347.364 -101.3446 
1786080626.628 0.002051176 0.007532463 -0.005134417 0.004851176 -24.03068 95.5014 -507.845 -350.576 -100.5343 
1786080626.787 0.0076786 0.008187781 -0.005422962 0.0054786 -23.57035 97.41155 -505.7 -353.636 -99.74314 
1786080626.949 0.005370017 0.01060417 -0.005263784 0.008170017 -23.11327 99.30823 -503.465 -356.544 -98.97225 
1786080627.110 0.005489597 0.01127318 -0.005081156 0.008289597 -22.65681 101.2023 -501.145 -359.312 -98.2166 
1786080627.277 0.004617942 0.01042132 -0.004618335 0.007417942 -22.19829 103.1049 -498.73 -361.952 -97.47238 
1786080627.451 0.004989536 0.008111995 -0.00437073 0.007789536 -21.72193 105.0816 -496.14 -364.544 -96.71419 
1786080627.615 0.008644513 0.01141762 -0.004407894 0.006444513 -21.27422 106.9394 -493.64 -366.844 -96.01569 
1786080627.773 0.007615017 0.01084997 -0.004273629 0.01041502 -20.85177 108.6924 -491.22 -368.884 -95.36926 
1786080627.935 0.009528354 0.01062619 -0.003948819 0.007328354 -20.4327 110.4313 -488.775 -370.784 -94.74061 
1786080628.104 0.003836062 0.008885749 -0.006268488 0.006636062 -20.00188 112.219 -486.21 -372.608 -94.10561 
1786080628.279 0.009235006 0.01021448 -0.005332721 0.002327297 -19.55515 114.0727 -483.52 -374.36 -93.46172 
1786080628.450 0.00236848 0.007477619 -0.005172137 0.00516848 -19.13812 115.8135 -480.95 -375.872 -92.8699 
1786080628.616 0.003851253 0.01053683 -0.004815248 0.006749574 -18.7278 117.5059 -478.435 -377.228 -92.30729 
1786080628.788 0.002704201 0.01028227 -0.006673103 0.005504201 -18.30746 119.25 -475.82 -378.496 -91.73706 
1786080628.952 0.007494699 0.009877788 -0.005111477 0.005294699 -17.91094 120.8954 -473.345 -379.576 -91.21382 
1786080629.114 0.00114817 0.008430013 -0.005102977 0.00394817 -17.53267 122.4651 -470.965 -380.5 -90.7236 
1786080629.277 0.0041057 0.01021025 -0.005396662 0.0019057 -17.16073 124.0084 -468.63 -381.316 -90.24862 
1786080629.439 0.002539748 0.009742945 -0.005511889 0.005339748 -16.79507 125.5258 -466.33 -382.012 -89.7965 
1786080629.628 0.007063858 0.01049731 -0.005006861 0.004863858 -16.38091 127.2443 -463.735 -382.692 -89.29358 
1786080629.794 0.00483314 0.007872238 -0.004670023 0.00763314 -16.01602 128.7584 -461.45 -383.188 -88.86051 
1786080629.953 0.004793995 0.007375838 -0.005635542 0.00571946 -15.67266 130.1832 -459.31 -383.572 -88.46046 
1786080630.112 0.001811636 0.005755808 -0.00621608 -0.0003883643 -15.3418 131.5561 -457.26 -383.864 -88.08327 
1786080630.277 0.002383821 0.008568808 -0.006238213 0.0001838215 -15.00677 132.9463 -455.2 -384.088 -87.70989 
1786080630.440 -0.0005543065 0.008543159 -0.005098658 -0.0006309117 -14.67418 134.3264 -453.17 -384.232 -87.34794 
1786080630.599 0.003478141 0.006718452 -0.005802559 0.001278141 -14.35795 135.6386 -451.26 -384.3 -87.01012 
1786080630.758 0.00299747 0.01059735 -0.005167287 0.0007974704 -14.04979 136.9174 -449.415 -384.308 -86.68882 
1786080630.924 0.0007489099 0.008484728 -0.006123436 -0.00145109 -13.74016 138.2022 -447.58 -384.248 -86.37132 
1786080631.094 0.006799358 0.01207824 -0.004883349 0.0002850381 -13.42775 139.4985 -445.76 -384.128 -86.06017 
1786080631.260 0.006282006 0.008622682 -0.004903353 -0.000917994 -13.11857 140.7815 -443.975 -383.948 -85.75791 
1786080631.429 0.004954098 0.007800892 -0.006107775 0.002754098 -12.81813 142.0282 -442.265 -383.716 -85.46962 
1786080631.593 0.006997813 0.007937245 -0.005595697 -0.000202187 -12.53483 143.2037 -440.68 -383.448 -85.20546 
1786080631.757 0.003634602 0.006231757 -0.006283509 0.001434602 -12.25623 144.3598 -439.14 -383.136 -84.95019 
1786080631.929 0.00328383 0.01044327 -0.005836803 0.00108383 -11.97435 145.5294 -437.61 -382.78 -84.69873 
1786080632.094 0.008928919 0.01037181 -0.006075736 0.006728919 -11.70418 146.6505 -436.175 -382.392 -84.46251 
1786080632.259 0.009642179 0.01236353 -0.004736616 0.002442179 -11.44544 147.7242 -434.82 -381.984 -84.2428 
1786080632.417 0.007223473 0.00609153 -0.005980061 0.005023473 -11.19619 148.7584 -433.535 -381.548 -84.03325 
1786080632.575 0.007436831 0.01090115 -0.00507732 0.005236831 -10.96069 149.7357 -432.345 -381.116 -83.84148 
1786080632.732 0.006645903 0.008855547 -0.004038834 0.004445903 -10.73112 150.6883 -431.205 -380.66 -83.6586 
1786080632.897 0.002971405 0.009336592 -0.004556612 0.0007714047 -10.50186 151.6396 -430.08 -380.176 -83.47699 
1786080633.064 0.0009252079 0.006066896 -0.005603541 -0.001274792 -10.26656 152.616 -428.96 -379.656 -83.29665 
1786080633.225 0.002886403 0.008294528 -0.004677057 -0.003182097 -10.04882 153.5195 -427.945 -379.152 -83.13409 
1786080633.388 0.002665679 0.009695344 -0.00419849 0.0004656794 -9.837441 154.3966 -426.975 -378.64 -82.97915 
1786080633.551 0.008206568 0.007863732 -0.00387637 0.006006568 -9.632347 155.2476 -426.06 -378.12 -82.83183 
1786080633.711 0.006502169 0.006094698 -0.003843272 0.004302169 -9.435987 156.0624 -425.195 -377.604 -82.6934 
1786080633.884 0.00523277 0.0104671 -0.004288789 0.002995452 -9.230653 156.9145 -424.31 -377.052 -82.55116 
1786080634.077 0.004205614 0.009533346 -0.003940647 0.00165999 -9.015689 157.8065 -423.405 -376.448 -82.40638 
1786080634.280 0.004829358 0.00608177 -0.004963597 0.002629358 -8.799511 158.7035 -422.52 -375.82 -82.26287 
1786080634.471 0.006626947 0.007887068 -0.002773057 0.004426947 -8.598914 159.5359 -421.715 -375.22 -82.1346 
1786080634.652 0.002972138 0.005383292 -0.003130998 0.004559382 -8.412948 160.3076 -420.99 -374.656 -82.01903 
1786080634.821 -0.002033741 0.0016875 -0.004831288 -0.0006912341 -8.243727 161.0098 -420.34 -374.12 -81.91235 
1786080634.991 0.007563547 0.0106868 -0.001512867 0.005363547 -8.089114 161.655 -419.77 -373.632 -81.82091 
1786080635.163 0.01406352 0.01357663 0.008228842 0.01186352 -7.937919 162.2787 -419.23 -373.148 -81.74217 
1786080635.335 0.01628134 0.01978583 0.01010484 0.01408134 -7.793032 162.8799 -418.715 -372.676 -81.65962 
1786080635.493 0.01020369 0.01367849 0.008678131 0.01300369 -7.664643 163.4127 -418.26 -372.236 -81.58342 
1786080635.657 0.01413103 0.01701431 0.009723999 0.01693103 -7.54105 163.9255 -417.84 -371.824 -81.51611 
1786080635.824 0.01049252 0.01466954 0.008547064 0.01329252 -7.421757 164.4205 -417.435 -371.412 -81.4488 
1786080636.000 0.01173695 0.01446693 0.008519254 0.009536948 -7.307766 164.8935 -417.06 -371.016 -81.38657 
1786080636.166 0.01490036 0.0159048 0.009077964 0.01270036 -7.195657 165.3587 -416.7 -370.624 -81.32688 
1786080636.336 0.007724789 0.01225923 0.007814921 0.01052479 -7.097333 165.7667 -416.38 -370.272 -81.27354 
1786080636.513 0.01307279 0.01094683 0.007587679 0.01087279 -6.99811 166.1785 -416.07 -369.912 -81.22147 
1786080636.682 0.01095752 0.01273932 0.008040707 0.01375752 -6.911008 166.5399 -415.805 -369.604 -81.17702 
1786080636.844 0.009176953 0.0079507 0.006617268 0.006976953 -6.834021 166.8594 -415.57 -369.32 -81.13638 
1786080637.008 0.01008363 0.00947948 0.006627648 0.007883634 -6.763451 167.1522 -415.36 -369.064 -81.10082 
1786080637.177 0.01052418 0.01028014 0.007087535 0.008324185 -6.698902 167.42 -415.17 -368.828 -81.06907 
1786080637.345 0.01160145 0.01294909 0.007739149 0.009401451 -6.638511 167.6706 -414.995 -368.608 -81.03986 
1786080637.505 0.009552486 0.01090985 0.007493761 0.01235249 -6.587203 167.8835 -414.845 -368.416 -81.01446 
1786080637.665 0.008977312 0.008745766 0.007104855 0.01177731 -6.54365 168.0643 -414.72 -368.252 -80.99287 
1786080637.825 0.01013525 0.008363842 0.006178101 0.007935246 -6.506192 168.2197 -414.615 -368.112 -80.97382 
1786080637.983 0.008913111 0.006237186 0.006119493 0.006713111 -6.474647 168.3506 -414.525 -367.992 -80.95858 
1786080638.151 0.0122378 0.01237167 0.008516117 0.0150378 -6.448438 168.4593 -414.455 -367.9 -80.94842 
1786080638.314 0.01118177 0.01302451 0.007604344 0.01398177 -6.429068 168.5397 -414.4 -367.828 -80.93826 
1786080638.487 0.02260313 0.02229896 0.01258357 0.02040313 -6.415946 168.5942 -414.375 -367.788 -80.93699 
1786080638.652 0.0202051 0.02217713 0.01306524 0.0230051 -6.409592 168.6205 -414.355 -367.764 -80.93445 
1786080638.822 0.01684435 0.02440303 0.01334669 0.01964435 -6.409 168.623 -414.35 -367.76 -80.93445 
1786080638.985 0.01684435 0.02040303 0.01207669 0.02464435 -6.409 168.623 -414.355 -367.76 -80.93318 
1786080639.147 0.02184435 0.02440303 0.01207669 0.01964435 -6.409 168.623 -414.355 -367.764 -80.93318 
1786080639.307 0.01684435 0.02040303 0.01207669 0.01964435 -6.409 168.623 -414.35 -367.76 -80.93318 
1786080639.471 0.02184435 0.02040303 0.01207669 0.02464435 -6.409 168.623 -414.355 -367.76 -80.93318 
1786080639.629 0.01684435 0.02040303 0.01207669 0.01964435 -6.409 168.623 -414.35 -367.76 -80.93318 
1786080639.793 0.01684435 0.01640303 0.01080669 0.01964435 -6.409 168.623 -414.35 -367.756 -80.93191 
1786080639.954 0.01684435 0.02040303 0.01080669 0.01964435 -6.409 168.623 -414.35 -367.76 -80.93191 
1786080640.113 0.01684435 0.01640303 0.01080669 0.01964435 -6.409 168.623 -414.35 -367.756 -80.93191 
1786080640.272 0.01684435 0.01640303 0.01080669 0.01464435 -6.409 168.623 -414.35 -367.756 -80.93064 
1786080640.432 0.01684435 0.01640303 0.009536693 0.01464435 -6.409 168.623 -414.345 -367.756 -80.93064 
1786080640.600 0.01684435 0.01640303 0.009536693 0.01964435 -6.409 168.623 -414.35 -367.756 -80.93191 
1786080640.764 0.01684435 0.01640303 0.009536693 0.01464435 -6.409 168.623 -414.35 -367.756 -80.93064 
1786080640.928 0.01184435 0.01240303 0.009536693 0.01464435 -6.409 168.623 -414.345 -367.752 -80.93064 
1786080641.088 0.01184435 0.01240303 0.009536693 0.01464435 -6.409 168.623 -414.345 -367.752 -80.93064 
1786080641.251 0.01758683 0.01602076 0.01021988 0.01511436 -6.410235 168.6159 -414.355 -367.76 -80.93191 
1786080641.416 0.01234053 0.01520621 0.01002649 0.01494053 -6.415982 168.583 -414.37 -367.78 -80.93445 
1786080641.581 0.01091512 0.009862027 0.01017374 0.01351512 -6.426339 168.5236 -414.405 -367.812 -80.93953 
1786080641.743 0.01192574 0.01075424 0.007948557 0.009525736 -6.441655 168.4357 -414.46 -367.868 -80.94461 
1786080641.901 0.0145487 0.01438551 0.01027197 0.0121487 -6.46069 168.3266 -414.53 -367.94 -80.95604 
1786080642.073 -0.003252398 -0.006042644 0.003501365 -0.0006523977 -6.485382 168.1849 -414.6 -368.008 -80.96112 
1786080642.246 -0.01290485 -0.0154366 -0.007462948 -0.01530485 -6.516029 168.0092 -414.7 -368.108 -80.96493 
1786080642.419 -0.01516068 -0.01786923 -0.010006 -0.01756068 -6.552956 167.7974 -414.83 -368.24 -80.98144 
1786080642.583 -0.01481676 -0.0146781 -0.009091769 -0.01721676 -6.59255 167.5703 -414.975 -368.38 -81.00049 
1786080642.757 -0.01482715 -0.01375024 -0.008981395 -0.01222715 -6.638928 167.3043 -415.145 -368.544 -81.02335 
1786080642.924 -0.007745599 -0.01036166 -0.006721706 -0.0101456 -6.688344 167.0209 -415.335 -368.72 -81.05002 
1786080643.088 -0.01058396 -0.0116005 -0.007213671 -0.009267396 -6.742896 166.7081 -415.535 -368.908 -81.07669 
1786080643.248 -0.011892 -0.01520279 -0.007801726 -0.014292 -6.799722 166.3822 -415.75 -369.1 -81.10463 
1786080643.413 -0.009588849 -0.01509717 -0.007491749 -0.01198885 -6.861815 166.0261 -415.99 -369.312 -81.13638 
1786080643.577 -0.01132963 -0.0116437 -0.007099895 -0.01372963 -6.930604 165.6316 -416.255 -369.548 -81.17194 
1786080643.741 -0.01182409 -0.01041142 -0.007129571 -0.009224094 -7.001988 165.2222 -416.535 -369.788 -81.20877 
1786080643.908 -0.01219686 -0.01197151 -0.007139347 -0.00959686 -7.079864 164.7755 -416.845 -370.044 -81.24941 
1786080644.076 -0.01077139 -0.01328084 -0.008150813 -0.01317139 -7.163596 164.2953 -417.185 -370.316 -81.29259 
1786080644.248 -0.009307931 -0.01006214 -0.00655633 -0.01170793 -7.253313 163.7808 -417.555 -370.608 -81.34212 
1786080644.419 -0.007270188 -0.01212521 -0.007340032 -0.009670188 -7.34868 163.2339 -417.955 -370.908 -81.39292 
1786080644.590 -0.01129559 -0.01448832 -0.007524804 -0.008695595 -7.450898 162.6476 -418.385 -371.224 -81.4488 
1786080644.757 -0.0109422 -0.00971091 -0.006979304 -0.008342196 -7.552749 162.06 -418.83 -371.54 -81.50595 
1786080644.928 -0.01143933 -0.01280485 -0.007061246 -0.01383933 -7.663283 161.4296 -419.31 -371.872 -81.56818 
1786080645.093 -0.01094042 -0.01148555 -0.006848207 -0.008340421 -7.776167 160.7822 -419.815 -372.2 -81.63295 
1786080645.259 -0.006577329 -0.006234675 -0.006185196 -0.005576343 -7.893183 160.1111 -420.35 -372.54 -81.70153 
1786080645.420 -0.01162335 -0.0116428 -0.006779504 -0.009023346 -8.012772 159.4252 -420.9 -372.868 -81.77138 
1786080645.582 -0.00923295 -0.01042264 -0.006939319 -0.01031871 -8.13621 158.7173 -421.485 -373.204 -81.84504 
1786080645.752 -0.008001524 -0.009586753 -0.0074171 -0.01040152 -8.266658 157.9692 -422.11 -373.548 -81.92378 
1786080645.918 -0.005638047 -0.005699946 -0.005515721 -0.008038047 -8.403478 157.1845 -422.78 -373.9 -82.01014 
1786080646.095 -0.005495933 -0.009475535 -0.006265626 -0.007895933 -8.55038 156.342 -423.51 -374.256 -82.10158 
1786080646.269 -0.007854137 -0.006850468 -0.006531512 -0.005254137 -8.707851 155.4389 -424.305 -374.628 -82.20191 
1786080646.442 -0.01026235 -0.00902574 -0.006706337 -0.007662352 -8.866298 154.5302 -425.12 -374.98 -82.30478 
1786080646.612 -0.005282681 -0.008321854 -0.005886767 -0.007682681 -9.026181 153.6133 -425.965 -375.32 -82.41146 
1786080646.774 -0.004806877 -0.007484231 -0.005685042 -0.007509277 -9.184216 152.7069 -426.805 -375.64 -82.51814 
1786080646.936 -0.00884611 -0.006541147 -0.006008286 -0.01124611 -9.345862 151.7799 -427.685 -375.944 -82.62863 
1786080647.107 -0.007976785 -0.008018032 -0.006434978 -0.005376785 -9.519389 150.7786 -428.655 -376.248 -82.75055 
1786080647.269 -0.005965631 -0.007283854 -0.005758368 -0.004427672 -9.693614 149.7855 -429.625 -376.532 -82.87374 
1786080647.439 -0.007626522 -0.007766177 -0.00742733 -0.01002652 -9.871472 148.7655 -430.64 -376.796 -83.00201 
1786080647.620 -0.005089921 -0.006339125 -0.005887449 -0.007489921 -10.07436 147.6019 -431.82 -377.068 -83.15187 
1786080647.797 -0.005615566 -0.00957335 -0.006171045 -0.009925725 -10.28067 146.4187 -433.035 -377.308 -83.30681 
1786080647.966 -0.007482419 -0.009586927 -0.006096159 -0.004882419 -10.47598 145.2986 -434.205 -377.5 -83.45667 
1786080648.129 -0.01062292 -0.00827293 -0.005939217 -0.003022923 -10.67728 144.1441 -435.425 -377.668 -83.61415 
1786080648.298 -0.007114206 -0.009084064 -0.006832154 -0.007252927 -10.88097 142.9759 -436.68 -377.8 -83.77544 
1786080648.465 -0.01481332 -0.0174322 -0.009713304 -0.01721332 -11.09583 141.7437 -438.015 -377.892 -83.94689 
1786080648.632 -0.01331734 -0.01651885 -0.01036317 -0.01402273 -11.31302 140.4981 -439.385 -377.952 -84.12596 
1786080648.794 -0.01557002 -0.01708995 -0.009409297 -0.01797002 -11.52584 139.2776 -440.745 -377.968 -84.3063 
1786080648.970 -0.01339204 -0.01198603 -0.008622308 -0.01579204 -11.75404 137.9688 -442.22 -377.944 -84.50315 
1786080649.143 -0.01044858 -0.009885532 -0.009360137 -0.01284858 -11.99987 136.5589 -443.825 -377.86 -84.71778 
1786080649.317 -0.01110968 -0.01032256 -0.007973136 -0.01350968 -12.24545 135.1505 -445.44 -377.716 -84.93876 
1786080649.486 -0.01133162 -0.01037351 -0.007851366 -0.01373162 -12.48904 133.7535 -447.055 -377.516 -85.16228 
1786080649.661 -0.01040584 -0.01193403 -0.008572035 -0.01280584 -12.74655 132.2767 -448.775 -377.24 -85.40104 
1786080649.829 -0.014197 -0.01118231 -0.008138787 -0.011597 -13.0018 130.8128 -450.485 -376.904 -85.64234 
1786080650.009 -0.009894999 -0.01012562 -0.007423735 -0.012295 -13.26364 129.3111 -452.255 -376.492 -85.89634 
1786080650.190 -0.01348522 -0.01011423 -0.008535015 -0.01088522 -13.56055 127.6083 -454.26 -375.94 -86.18844 
1786080650.366 -0.01203314 -0.01143152 -0.007925274 -0.008953916 -13.83477 126.0356 -456.12 -375.348 -86.46657 
1786080650.534 -0.009548426 -0.008874248 -0.008768038 -0.01305038 -14.11576 124.4241 -458.025 -374.668 -86.75359 
1786080650.705 -0.009239497 -0.009522292 -0.008755259 -0.0129126 -14.39363 122.8305 -459.905 -373.912 -87.04568 
1786080650.880 -0.008132048 -0.01185513 -0.007609164 -0.01553205 -14.68321 121.1698 -461.86 -373.036 -87.35556 
1786080651.059 -0.01083442 -0.01005855 -0.007502414 -0.01323442 -14.99528 119.3801 -463.95 -372 -87.69592 
1786080651.254 -0.01261794 -0.009492368 -0.008570657 -0.01501794 -15.33603 117.4258 -466.215 -370.744 -88.07692 
1786080651.427 -0.007768095 -0.009457305 -0.008577219 -0.01016809 -15.64208 115.6706 -468.235 -369.528 -88.4249 
1786080651.614 -0.009034942 -0.01045657 -0.008945431 -0.01143494 -15.98067 113.7287 -470.435 -368.06 -88.81479 
1786080651.800 -0.01077569 -0.006826705 -0.007975472 -0.01317569 -16.32723 111.7412 -472.65 -366.44 -89.22627 
1786080651.982 -0.01049941 -0.008394573 -0.0080804 -0.009645174 -16.65725 109.8485 -474.72 -364.78 -89.62505 
1786080652.160 -0.009396277 -0.008852917 -0.00794667 -0.008455563 -17.00229 107.8697 -476.84 -362.924 -90.0505 
1786080652.356 -0.006004725 -0.008142835 -0.00805228 -0.008404725 -17.36085 105.8135 -479 -360.86 -90.50389 
1786080652.523 -0.006554658 -0.008446283 -0.007127547 -0.008954658 -17.71941 103.757 -481.07 -358.692 -90.96236 
1786080652.705 -0.008594796 -0.007082699 -0.007192971 -0.0109948 -18.07577 101.7132 -483.065 -356.404 -91.42845 
1786080652.872 -0.01206947 -0.008090872 -0.008181063 -0.01028673 -18.42315 99.72093 -484.94 -354.056 -91.89073 
1786080653.044 -0.009704323 -0.003383495 -0.007192961 -0.007585453 -18.7778 97.68697 -486.77 -351.544 -92.37333 
1786080653.212 -0.009269894 -0.005194336 -0.007555672 -0.01166989 -19.12705 95.68403 -488.49 -348.956 -92.85593 
1786080653.376 -0.005942617 -0.00248723 -0.007944353 -0.008342617 -19.47478 93.68974 -490.115 -346.276 -93.34488 
1786080653.546 -0.007483254 -0.008380441 -0.007649738 -0.00906359 -19.8294 91.65596 -491.67 -343.428 -93.85288 
1786080653.724 -0.006394782 -0.007832022 -0.007531588 -0.01379478 -20.22817 89.36903 -493.295 -340.108 -94.43454 
1786080653.888 -0.0115714 -0.009632833 -0.007066215 -0.008971395 -20.59053 87.29082 -494.645 -336.98 -94.97302 
1786080654.057 -0.007104998 -0.008093982 -0.008284212 -0.009504998 -20.96886 85.12108 -495.935 -333.612 -95.54325 
1786080654.227 -0.01008065 -0.004432003 -0.007831615 -0.007480654 -21.35447 82.90961 -497.1 -330.076 -96.13634 
1786080654.409 -0.0050708 -0.009224854 -0.007439278 -0.007977667 -21.74305 80.68106 -498.13 -326.296 -96.76245 
1786080654.596 -0.008619133 -0.00716113 -0.006746466 -0.006019133 -22.18216 78.16271 -499.095 -322.144 -97.44444 
1786080654.768 -0.006464545 -0.005649132 -0.005731008 -0.008864545 -22.57089 75.93334 -499.78 -318.28 -98.07436 
1786080654.942 -0.007502851 -0.005997763 -0.007587874 -0.009902851 -22.94762 73.77278 -500.275 -314.46 -98.69412 
1786080655.101 -0.009309804 -0.008952021 -0.00682871 -0.006709804 -23.29359 71.78854 -500.585 -310.888 -99.27324 
1786080655.266 -0.006751819 -0.009974749 -0.006736678 -0.009151819 -23.63295 69.84231 -500.755 -307.316 -99.85236 
1786080655.433 -0.006845447 -0.004761544 -0.007156998 -0.009045447 -23.98858 67.80278 -500.78 -303.572 -100.4594 
1786080655.602 -0.006424261 -0.001718316 -0.00670236 -0.003624261 -24.33305 65.8272 -500.655 -299.884 -101.0601 
1786080655.768 -0.006807172 -0.001997673 -0.006464081 -0.004007172 -24.67664 63.85669 -500.38 -296.168 -101.6672 
1786080655.939 -0.004288937 -0.0002477668 -0.006147406 -0.001488937 -25.00734 61.96009 -499.975 -292.568 -102.259 
1786080656.112 -0.003792194 -0.0006108192 -0.00677233 -0.005992194 -25.3568 59.95591 -499.39 -288.74 -102.8915 
1786080656.285 -0.003762715 -0.001368298 -0.006260361 -0.005962715 -25.69505 58.01601 -498.67 -285.02 -103.5125 
1786080656.466 -0.005106303 0.002802272 -0.00656347 -0.002306303 -26.03373 56.07367 -497.795 -281.292 -104.1411 
1786080656.648 -0.005741804 0.003182056 -0.006601813 0.003156503 -26.37618 54.10971 -496.755 -277.516 -104.785 
1786080656.817 -0.003646143 -0.005348857 -0.04732179 0.005943852 -26.69279 52.29393 -495.655 -274.02 -105.3464 
1786080656.980 -0.003407302 -0.002259752 -0.07150195 0.004392698 -26.99511 50.56007 -494.475 -270.7 -105.9039 
1786080657.149 -0.00198355 0.002655194 -0.07360331 0.003852481 -27.29453 48.84289 -493.185 -267.428 -106.483 
1786080657.345 -0.003266479 -0.001225417 -0.06671903 0.009533521 -27.63443 46.89352 -491.565 -263.724 -107.1574 
1786080657.510 -0.001601675 -0.008322791 -0.06046306 0.006198325 -27.92502 45.22699 -490.06 -260.576 -107.7403 
1786080657.682 -0.003658506 -0.002976097 -0.05113509 0.004141494 -28.21578 43.55947 -488.435 -257.464 -108.3321 
1786080657.860 -0.006177953 -0.004221293 -0.04453259 0.006622047 -28.50643 41.89255 -486.695 -254.376 -108.9265 
1786080658.027 -0.003507117 -0.00193591 -0.03769911 0.004292883 -28.79173 40.25636 -484.88 -251.38 -109.5158 
1786080658.200 0.003460144 1.494283e-05 -0.03110048 0.006260144 -29.06541 38.68678 -483.04 -248.54 -110.086 
1786080658.376 -0.001256934 -0.006183705 -0.0261096 0.007967783 -29.34034 37.11002 -481.08 -245.712 -110.6626 
1786080658.543 0.002186381 -0.00412013 -0.02191222 0.004986381 -29.60534 35.59025 -479.1 -243.04 -111.2214 
1786080658.701 -0.0007484201 -0.004750405 -0.01878384 0.004073227 -29.85021 34.18589 -477.18 -240.6 -111.7421 
1786080658.865 0.001747794 -0.004823094 -0.01625763 0.004547794 -30.09054 32.80754 -475.23 -238.244 -112.2552 
1786080659.029 0.001086994 -0.003620537 -0.01388971 0.003886994 -30.33217 31.42181 -473.19 -235.912 -112.7759 
1786080659.204 0.003752345 -0.005537388 -0.009756183 0.006552345 -30.57188 30.04706 -471.09 -233.64 -113.2966 
1786080659.377 0.003565234 -0.003860468 -0.008623037 0.001365234 -30.82203 28.61243 -468.82 -231.316 -113.8414 
1786080659.544 0.002003721 -0.0076446 -0.007129562 0.004803721 -31.05169 27.29532 -466.65 -229.208 -114.3494 
1786080659.723 0.005617021 -0.006835965 -0.005337633 0.006465663 -31.28314 25.96792 -464.43 -227.156 -114.8574 
1786080659.897 0.004633755 -0.004349324 -0.003586866 0.007433755 -31.51598 24.63255 -462.115 -225.128 -115.3756 
1786080660.068 0.001910409 -0.006964186 -0.0007099105 0.002859712 -31.73949 23.35074 -459.825 -223.22 -115.8772 
1786080660.238 -0.002393298 -0.006301139 0.001915191 0.005406702 -31.95527 22.11318 -457.56 -221.428 -116.3649 
1786080660.413 0.0005496298 -0.00810551 0.007453002 0.00334963 -32.1647 20.91213 -455.315 -219.728 -116.8437 
1786080660.590 0.0002191597 -0.006574562 0.009092765 0.00301916 -32.37959 19.67968 -452.955 -218.032 -117.3339 
1786080660.775 0.0001135681 -0.00787509 0.01018334 0.0009131974 -32.59462 18.4465 -450.54 -216.38 -117.8267 
1786080660.940 0.001138446 -0.005526429 0.011292 -0.003160483 -32.78469 17.35642 -448.365 -214.964 -118.2648 
1786080661.104 -0.002386043 -0.00818848 0.01121953 0.0004139574 -32.96442 16.32565 -446.27 -213.656 -118.6801 
1786080661.270 -0.001849471 -0.007927597 0.01113479 -0.004049471 -33.14056 15.31548 -444.175 -212.404 -119.0916 
1786080661.445 0.004393871 -0.006995294 0.01350818 -0.002806129 -33.32026 14.28486 -442.015 -211.176 -119.5132 
1786080661.619 0.002372503 -0.005818647 0.01387196 -0.004827497 -33.49784 13.26643 -439.86 -209.992 -119.9298 
1786080661.791 0.003499405 -0.006129451 0.01320484 -0.003700595 -33.66901 12.28476 -437.74 -208.896 -120.3298 
1786080661.964 0.01262438 0.01052956 0.02325293 0.01228983 -33.83123 11.35444 -435.715 -207.9 -120.7235 
1786080662.135 0.01469508 0.01576198 0.02523129 0.01249508 -33.99291 10.4272 -433.66 -206.928 -121.1096 
1786080662.303 0.01383807 0.01222678 0.0260015 0.01663807 -34.14487 9.555647 -431.705 -206.036 -121.4728 
1786080662.469 0.01588423 0.01408588 0.02504262 0.01368423 -34.28585 8.747148 -429.875 -205.24 -121.8094 
1786080662.647 0.01156118 0.01153088 0.0234218 0.0101765 -34.43456 7.894309 -427.92 -204.424 -122.165 
1786080662.811 0.01379378 0.01411586 0.0223999 0.01159378 -34.56817 7.128003 -426.15 -203.72 -122.4863 
1786080662.972 0.01539591 0.01347083 0.02153814 0.01319591 -34.69399 6.406456 -424.47 -203.076 -122.7898 
1786080663.146 0.0183592 0.01554407 0.02369774 0.0161592 -34.81815 5.694343 -422.8 -202.464 -123.0933 
1786080663.315 0.01093115 0.01250394 0.02290224 0.01331628 -34.94315 4.977469 -421.095 -201.864 -123.3969 
1786080663.484 0.01030695 0.01095476 0.01995668 0.01310695 -35.06082 4.302633 -419.485 -201.32 -123.6814 
1786080663.662 0.01133456 0.01112337 0.01982408 0.01413456 -35.17601 3.642021 -417.9 -200.808 -123.9633 
1786080663.840 0.01355502 0.01020473 0.01804986 0.01135502 -35.28585 3.012072 -416.38 -200.336 -124.2313 
1786080664.011 0.01666712 0.01525297 0.0220334 0.01446712 -35.39148 2.406276 -414.91 -199.904 -124.4954 
1786080664.187 0.00940813 0.01368692 0.02053618 0.01220813 -35.48726 1.856985 -413.56 -199.52 -124.7304 
1786080664.359 0.009930041 0.01181844 0.01789797 0.01008755 -35.58328 1.306287 -412.21 -199.148 -124.9653 
1786080664.539 0.009952096 0.00985489 0.01799288 0.00971902 -35.66979 0.810159 -410.98 -198.824 -125.18 
1786080664.705 0.007063227 0.007095516 0.01569949 0.004863227 -35.75348 0.3301575 -409.79 -198.52 -125.3857 
1786080664.876 0.007135948 0.007367569 0.01665986 0.009935948 -35.82706 -0.09180001 -408.74 -198.264 -125.5711 
1786080665.044 0.0116881 0.01456596 0.02031342 0.0144881 -35.8979 -0.4980671 -407.73 -198.028 -125.7515 
1786080665.214 0.01282309 0.01248521 0.02170485 0.01062309 -35.96444 -0.8797085 -406.775 -197.812 -125.9178 
1786080665.391 0.007248571 0.006874845 0.01794153 0.009974079 -36.02719 -1.239573 -405.865 -197.608 -126.0715 
1786080665.565 0.009436358 0.01044679 0.01853812 0.007236358 -36.08236 -1.55598 -405.07 -197.44 -126.2099 
1786080665.733 0.006881772 0.009778497 0.01988212 0.009681772 -36.13396 -1.851888 -404.32 -197.284 -126.3407 
1786080665.902 0.01469764 0.01088383 0.02162274 0.01249764 -36.17927 -2.111769 -403.67 -197.152 -126.4563 
1786080666.065 0.01101148 0.01478571 0.02149831 0.01381148 -36.21821 -2.335104 -403.1 -197.044 -126.5541 
1786080666.230 0.004907543 0.007312338 0.01912094 0.007707543 -36.25246 -2.531543 -402.595 -196.94 -126.6379 
1786080666.397 0.005917679 0.006101246 0.01876419 0.008717679 -36.28236 -2.702991 -402.16 -196.856 -126.7128 
1786080666.581 0.004974634 0.00766724 0.01679727 0.007774634 -36.30934 -2.857732 -401.765 -196.784 -126.7789 
1786080666.754 0.008832644 0.008495167 0.01812734 0.006632644 -36.33047 -2.978915 -401.46 -196.728 -126.8335 
1786080666.922 0.007500458 0.008287181 0.01724795 0.005300458 -36.34542 -3.06464 -401.235 -196.684 -126.8703 
1786080667.091 0.0120889 0.01439787 0.02279906 0.01554045 -36.35534 -3.12155 -401.1 -196.668 -126.9008 
1786080667.258 0.01052342 0.01159798 0.02537967 0.01332342 -36.36031 -3.150064 -401.025 -196.652 -126.916 
1786080667.426 0.01557802 0.01740213 0.02872644 0.01837802 -36.361 -3.154 -401.02 -196.656 -126.9211 
1786080667.586 0.02057802 0.01740213 0.02999644 0.01837802 -36.361 -3.154 -401.025 -196.656 -126.9224 
1786080667.744 0.02057802 0.02140213 0.02872644 0.01837802 -36.361 -3.154 -401.025 -196.66 -126.9211 
1786080667.913 0.01557802 0.02140213 0.02745644 0.01837802 -36.361 -3.154 -401.02 -196.66 -126.9199 
1786080668.072 0.01557802 0.01740213 0.02491644 0.01837802 -36.361 -3.154 -401.02 -196.656 -126.9173 
1786080668.236 0.01557802 0.01740213 0.02364644 0.01837802 -36.361 -3.154 -401.02 -196.656 -126.916 
1786080668.399 0.01557802 0.01740213 0.02110644 0.01837802 -36.361 -3.154 -401.02 -196.656 -126.9135 
1786080668.586 0.01557802 0.01740213 0.01983644 0.01837802 -36.361 -3.154 -401.02 -196.656 -126.9122 
1786080668.751 0.02057802 0.02140213 0.01856644 0.01837802 -36.361 -3.154 -401.025 -196.66 -126.911 
1786080668.916 0.01557802 0.01740213 0.01602644 0.01837802 -36.361 -3.154 -401.02 -196.656 -126.9084 
1786080669.078 0.01557802 0.01740213 0.01475644 0.01337802 -36.361 -3.154 -401.02 -196.656 -126.9072 
1786080669.245 0.01557802 0.01740213 0.01348645 0.01837802 -36.361 -3.154 -401.02 -196.656 -126.9059 
1786080669.409 0.01557802 0.01740213 0.01221645 0.01837802 -36.361 -3.154 -401.02 -196.656 -126.9046 
1786080669.584 0.01057802 0.01340213 0.01094645 0.01337802 -36.361 -3.154 -401.015 -196.652 -126.9033 
1786080669.756 0.00432345 0.009808659 0.005424305 0.00692345 -36.36319 -3.147388 -401.025 -196.64 -126.9033 
1786080669.933 0.00218324 0.002824778 -0.006393926 0.00478324 -36.37491 -3.11195 -401.11 -196.588 -126.9211 
1786080670.101 0.001421214 -0.0009233929 -0.01648013 0.002889738 -36.396 -3.048203 -401.265 -196.504 -126.9643 
1786080670.276 -0.009268908 -0.007210412 -0.02292614 -0.003233862 -36.42769 -2.952405 -401.495 -196.376 -127.038 
1786080670.447 -0.009067507 -0.007112077 -0.02621238 -0.008453386 -36.46793 -2.830773 -401.795 -196.224 -127.137 
1786080670.624 -0.00944534 -0.007002649 -0.0279607 -0.00684534 -36.52051 -2.670863 -402.19 -196.024 -127.2691 
1786080670.789 -0.008218312 -0.01096196 -0.03020152 -0.01061831 -36.57899 -2.495058 -402.625 -195.8 -127.4139 
1786080670.966 -0.0101304 -0.01199061 -0.0310261 -0.0125304 -36.64835 -2.285411 -403.145 -195.54 -127.5904 
1786080671.136 -0.006103838 -0.005309649 -0.02970118 -0.008503838 -36.73119 -2.035016 -403.775 -195.24 -127.8012 
1786080671.310 -0.007531424 -0.007488123 -0.02956391 -0.004931424 -36.82231 -1.759583 -404.465 -194.904 -128.0336 
1786080671.476 -0.01137519 -0.01078466 -0.03292114 -0.008775189 -36.91858 -1.468589 -405.195 -194.552 -128.2762 
1786080671.659 -0.009760202 -0.007818475 -0.03193811 -0.007160202 -37.03128 -1.127912 -406.06 -194.152 -128.567 
1786080671.841 -0.005908054 -0.008518219 -0.03204915 -0.009537986 -37.16014 -0.7362626 -407.06 -193.696 -128.8985 
1786080672.013 -0.006462323 -0.006446324 -0.03234149 -0.009963684 -37.29172 -0.3406794 -408.075 -193.244 -129.2351 
1786080672.179 -0.0059029 -0.01285028 -0.03357843 -0.0083029 -37.42734 0.06928017 -409.135 -192.776 -129.5843 
1786080672.354 -0.01051068 -0.007257062 -0.03275139 -0.009966524 -37.57401 0.5126186 -410.285 -192.292 -129.9653 
1786080672.541 -0.008104594 -0.005593465 -0.03274044 -0.01050459 -37.74732 1.036497 -411.655 -191.728 -130.4162 
1786080672.727 -0.006433294 -0.00722128 -0.03201965 -0.01010839 -37.92612 1.57695 -413.08 -191.156 -130.8835 
1786080672.901 -0.01038192 -0.008951331 -0.03283361 -0.007781924 -38.12 2.163012 -414.635 -190.556 -131.3915 
1786080673.070 -0.00792216 -0.008787593 -0.03215343 -0.01032216 -38.30252 2.714721 -416.115 -190.008 -131.8754 
1786080673.237 -0.008620122 -0.00643874 -0.03300824 -0.01102012 -38.50115 3.315125 -417.735 -189.432 -132.3974 
1786080673.403 -0.005261526 -0.009281884 -0.03312526 -0.007661526 -38.70201 3.922275 -419.39 -188.864 -132.9308 
1786080673.579 -0.0179179 -0.01805016 -0.03952246 -0.01616297 -38.92617 4.59985 -421.235 -188.248 -133.5226 
1786080673.791 -0.01982621 -0.01597884 -0.04429605 -0.01722621 -39.17559 5.353782 -423.32 -187.604 -134.1868 
1786080673.973 -0.02107074 -0.01621593 -0.04439159 -0.01563056 -39.46378 6.224929 -425.755 -186.896 -134.964 
1786080674.159 -0.01399108 -0.01854185 -0.04351834 -0.01639108 -39.73297 7.038598 -428.055 -186.272 -135.6955 
1786080674.332 -0.01473986 -0.01656055 -0.04216384 -0.01713986 -40.00098 7.84874 -430.36 -185.692 -136.4283 
1786080674.541 -0.01284477 -0.01835639 -0.04192231 -0.01524477 -40.29052 8.723943 -432.875 -185.104 -137.2234 
1786080674.722 -0.01543648 -0.0144931 -0.0413321 -0.01283648 -40.62635 9.739068 -435.815 -184.484 -138.1517 
1786080674.913 -0.01179531 -0.01657417 -0.04147174 -0.01419531 -40.95158 10.72217 -438.695 -183.932 -139.061 
1786080675.099 -0.01219401 -0.01541672 -0.0417496 -0.01577285 -41.28499 11.72997 -441.67 -183.436 -139.9894 
1786080675.267 -0.01472078 -0.01544408 -0.04138196 -0.01394106 -41.60028 12.68303 -444.505 -183.02 -140.8784 
1786080675.441 -0.01584449 -0.01513177 -0.04091852 -0.01824449 -41.91012 13.61958 -447.315 -182.668 -141.7573 
1786080675.609 -0.01157069 -0.01359999 -0.04174664 -0.01397069 -42.25444 14.66038 -450.465 -182.34 -142.739 
1786080675.828 -0.01336806 -0.013665 -0.04216991 -0.01468937 -42.68664 15.96681 -454.445 -182.02 -143.981 
1786080676.021 -0.01466629 -0.01694823 -0.04215343 -0.01706629 -43.06241 17.10267 -457.93 -181.832 -145.0694 
1786080676.218 -0.01060013 -0.01461599 -0.04233355 -0.01800013 -43.50535 18.44158 -462.075 -181.72 -146.3623 
1786080676.411 -0.01434932 -0.0138968 -0.04216931 -0.01174932 -43.92444 19.70837 -466.015 -181.72 -147.5954 
1786080676.601 -0.01263915 -0.01704285 -0.04222186 -0.01187558 -44.3623 21.03191 -470.16 -181.828 -148.8934 
1786080676.810 -0.01513727 -0.01453488 -0.04337728 -0.01253727 -44.85994 22.53616 -474.895 -182.1 -150.3806 
1786080677.009 -0.009868267 -0.0176596 -0.04371689 -0.01388526 -45.31403 23.90875 -479.24 -182.476 -151.7496 
1786080677.186 -0.01128084 -0.01515255 -0.04468128 -0.01764823 -45.77003 25.28712 -483.615 -182.984 -153.1339 
1786080677.353 -0.01523118 -0.01826601 -0.04485433 -0.01263118 -46.19887 26.5834 -487.735 -183.576 -154.4471 
1786080677.541 -0.01103176 -0.01637573 -0.04528654 -0.01343176 -46.67655 28.03526 -492.365 -184.38 -155.9279 
1786080677.731 -0.01319784 -0.01446885 -0.04555492 -0.01559784 -47.17889 29.54573 -497.205 -185.376 -157.4913 
1786080677.921 -0.01092088 -0.01573027 -0.04717899 -0.01332088 -47.6877 31.08375 -502.085 -186.54 -159.0762 
1786080678.103 -0.01669687 -0.01766319 -0.04679983 -0.01409687 -48.20538 32.64857 -507.06 -187.896 -160.7133 
1786080678.297 -0.01202885 -0.01863146 -0.04618113 -0.01442885 -48.73759 34.25731 -512.17 -189.468 -162.41 
1786080678.476 -0.009373038 -0.01210916 -0.04421822 -0.008857158 -49.26183 35.84197 -517.18 -191.2 -164.0965 
1786080678.671 -0.007637911 -0.009785192 -0.03711978 -0.01136666 -49.79294 37.44737 -522.235 -193.128 -165.8237 
1786080678.841 -0.01090009 -0.01343442 -0.02883053 -0.008300091 -50.28509 38.935 -526.875 -195.068 -167.4379 
1786080679.008 -0.006675384 -0.01123684 -0.02277045 -0.00897713 -50.72929 40.2777 -531.045 -196.956 -168.9035 
1786080679.172 -0.01138346 -0.01128013 -0.0174768 -0.008783457 -51.16707 41.60102 -535.115 -198.936 -170.3564 
1786080679.342 -0.005468139 -0.009311092 -0.01172232 -0.007868139 -51.60849 42.93531 -539.195 -201.056 -171.8308 
1786080679.513 -0.005278533 -0.01326597 -0.005854903 -0.01267853 -52.03785 44.23314 -543.12 -203.228 -173.2736 
1786080679.685 -0.01113975 -0.01226527 -0.002154143 -0.00853975 -52.46008 45.50944 -546.935 -205.48 -174.6985 
1786080679.851 -0.01046032 -0.01650689 0.004878446 -0.007860317 -52.86539 46.73461 -550.565 -207.74 -176.0777 
1786080680.015 -0.003748619 -0.01195906 0.0126506 -0.006148619 -53.24981 47.89661 -553.975 -209.984 -177.3934 
1786080680.180 -0.0104609 -0.01255899 0.01676187 -0.007658235 -53.63447 49.05933 -557.335 -212.316 -178.713 
1786080680.353 -0.008701553 -0.009423421 0.01901663 -0.005162401 -54.0166 50.22113 -560.66 -214.736 -180.0363 
1786080680.519 -0.007206565 -0.01017322 0.02225607 -0.009606565 -54.38051 51.31442 -563.745 -217.088 -181.2885 
1786080680.693 -0.006951612 -0.01040657 0.02368691 -0.009351612 -54.74582 52.41865 -566.82 -219.544 -182.5573 
1786080680.866 -0.004971564 -0.006485399 0.02696112 -0.004264983 -55.1057 53.5065 -569.805 -222.04 -183.8209 
1786080681.043 -0.004305105 -0.009327147 0.02670225 -0.007870085 -55.46144 54.58179 -572.715 -224.58 -185.0592 
1786080681.211 -0.005111562 -0.01178842 0.0281205 -0.007511562 -55.79933 55.60317 -575.435 -227.056 -186.2479 
1786080681.379 -0.006279537 -0.008742596 0.02977055 -0.008468804 -56.1217 56.5776 -577.99 -229.484 -187.3871 
1786080681.561 -0.00408967 -0.007964216 0.03132079 -0.005569893 -56.45658 57.58986 -580.605 -232.064 -188.5745 
1786080681.731 -0.002472483 -0.009575825 0.03048863 -0.008301205 -56.76119 58.51062 -582.94 -234.46 -189.6565 
1786080681.915 -0.004120438 -0.009511219 0.03234881 -0.00430859 -57.05795 59.40766 -585.18 -236.848 -190.717 
1786080682.098 -0.005517717 -0.009492613 0.03285287 -0.007917717 -57.38453 60.39481 -587.605 -239.528 -191.8867 
1786080682.268 -0.004595279 -0.007685789 0.03382376 -0.001995279 -57.66225 61.23428 -589.63 -241.852 -192.8849 
1786080682.431 -0.007957292 -0.008880107 0.03373679 -0.005357292 -57.91784 62.00688 -591.46 -244.024 -193.8056 
1786080682.629 -0.005188219 -0.004899989 0.03456391 -0.007588219 -58.19116 62.83746 -593.4 -246.4 -194.8 
1786080682.821 -0.008099979 -0.003993837 0.03621806 -0.004786573 -58.47738 63.69823 -595.37 -248.9 -195.8326 
1786080682.994 -0.003506133 -0.003759193 0.03721672 -0.004968366 -58.72904 64.45892 -597.08 -251.144 -196.7482 
1786080683.156 -0.006577745 -0.007036875 0.0361193 -0.003977745 -58.94128 65.10049 -598.5 -253.056 -197.5204 
1786080683.325 -0.003025898 -0.006118474 0.03694088 -0.005425898 -59.15114 65.73485 -599.885 -254.972 -198.2875 
1786080683.508 -0.004268532 -0.007531458 0.03796145 -0.006668532 -59.35427 66.36661 -601.26 -256.932 -199.066 
1786080683.673 -0.002313412 -0.006676073 0.03779226 -0.004713412 -59.56487 66.98544 -602.545 -258.808 -199.8038 
1786080683.860 0.0009013806 -0.003602221 0.03834496 -0.006069234 -59.76762 67.5983 -603.82 -260.72 -200.5493 
1786080684.026 -0.005049519 -0.001320169 0.03901726 -0.003607299 -59.93888 68.11598 -604.875 -262.348 -201.1805 
1786080684.190 -0.007629398 -0.002666889 0.03892086 -0.005029398 -60.10005 68.60315 -605.85 -263.892 -201.7749 
1786080684.352 -0.005636608 0.003180358 0.0404477 -0.003036608 -60.24954 69.05776 -606.755 -265.348 -202.3311 
1786080684.526 -0.005217638 0.006002215 0.04019288 -0.002617638 -60.39794 69.5036 -607.63 -266.784 -202.8772 
1786080684.721 -0.005874164 0.002300743 0.03904075 -0.003274164 -60.55454 69.97696 -608.545 -268.312 -203.4602 
1786080684.895 0.006616503 0.01080239 0.0444621 0.01010707 -60.6866 70.37615 -609.32 -269.62 -203.9517 
1786080685.069 0.01527415 0.01830522 0.04939818 0.01287415 -60.80632 70.73802 -610.01 -270.812 -204.4012 
1786080685.236 0.01068534 0.01363819 0.04963221 0.01328534 -60.91181 71.05689 -610.605 -271.86 -204.7962 
1786080685.396 0.01373138 0.01211823 0.0483369 0.01133138 -61.00527 71.3394 -611.125 -272.788 -205.1404 
1786080685.597 0.009703494 0.01319981 0.04699042 0.0119198 -61.10191 71.63153 -611.655 -273.76 -205.4985 
1786080685.775 0.01518801 0.01785175 0.04847871 0.01278801 -61.18753 71.89032 -612.13 -274.624 -205.8198 
1786080685.939 0.0126548 0.01678069 0.04855897 0.0102548 -61.25422 72.0919 -612.49 -275.3 -206.07 
1786080686.106 0.01058305 0.01217518 0.04747045 0.01318305 -61.31199 72.26652 -612.8 -275.876 -206.2834 
1786080686.272 0.01459357 0.01695492 0.04725037 0.01219357 -61.35964 72.41057 -613.06 -276.364 -206.4612 
1786080686.440 0.01352742 0.01200393 0.04578396 0.01112742 -61.3991 72.52986 -613.27 -276.76 -206.6072 
1786080686.606 0.01258095 0.0142726 0.04557742 0.01018095 -61.42838 72.61881 -613.425 -277.06 -206.7165 
1786080686.779 0.02376584 0.02817163 0.06199883 0.02636584 -61.4498 72.68309 -613.55 -277.292 -206.813 
1786080686.949 0.02005229 0.02339248 0.08029033 0.02265229 -61.46087 72.71656 -613.605 -277.4 -206.8727 
1786080687.121 0.02376086 0.02568251 0.0875627 0.02136086 -61.463 72.723 -613.62 -277.424 -206.8879 
1786080687.287 0.01876086 0.02168251 0.0812127 0.02136086 -61.463 72.723 -613.615 -277.42 -206.8816 
1786080687.452 0.02376086 0.02568251 0.0710527 0.02136086 -61.463 72.723 -613.62 -277.424 -206.8714 
1786080687.628 0.02376086 0.02568251 0.06216271 0.02136086 -61.463 72.723 -613.62 -277.424 -206.8625 
1786080687.787 0.02376086 0.02568251 0.05327271 0.02636086 -61.463 72.723 -613.62 -277.424 -206.8536 
1786080687.946 0.01876086 0.02568251 0.04311272 0.02136086 -61.463 72.723 -613.615 -277.424 -206.8435 
1786080688.104 0.01876086 0.02568251 0.03041273 0.02136086 -61.463 72.723 -613.615 -277.424 -206.8308 
1786080688.265 0.01876086 0.02568251 0.02025273 0.02136086 -61.463 72.723 -613.615 -277.424 -206.8206 
1786080688.427 0.02376086 0.02568251 0.01263274 0.02136086 -61.463 72.723 -613.62 -277.424 -206.813 
1786080688.592 0.01876086 0.02168251 0.007552739 0.02136086 -61.463 72.723 -613.615 -277.42 -206.8079 
1786080688.757 0.01876086 0.02168251 0.003742741 0.01636086 -61.463 72.723 -613.615 -277.42 -206.8041 
1786080688.915 0.01876086 0.01768251 -0.002607256 0.01636086 -61.463 72.723 -613.615 -277.416 -206.7977 
1786080689.076 0.01876086 0.01768251 -0.008957252 0.01636086 -61.463 72.723 -613.615 -277.416 -206.7914 
1786080689.237 0.01376086 0.01368251 -0.01276725 0.01136086 -61.463 72.723 -613.61 -277.412 -206.7876 
1786080689.402 0.01376086 0.01768251 -0.01403725 0.01636086 -61.463 72.723 -613.61 -277.416 -206.7863 
1786080689.575 0.01876086 0.01768251 -0.01276725 0.01636086 -61.463 72.723 -613.615 -277.416 -206.7876 
1786080689.754 0.01257541 0.012115 -0.009467844 0.01517541 -61.46042 72.73308 -613.615 -277.448 -206.7812 
1786080689.933 0.01358564 0.01398773 -0.001147373 0.01618564 -61.45039 72.7723 -613.64 -277.596 -206.752 
1786080690.108 0.008192202 0.009753149 0.006042875 0.01049064 -61.43114 72.8475 -613.68 -277.872 -206.6872 
1786080690.277 0.009384667 0.0087482 0.01338443 0.01158615 -61.40608 72.94543 -613.74 -278.236 -206.6009 
1786080690.443 0.01461396 0.01451967 0.02991452 0.01672255 -61.3738 73.07161 -613.82 -278.712 -206.4967 
1786080690.631 -0.007338236 -0.01031256 0.01922258 -0.009738236 -61.33145 73.2371 -613.895 -279.304 -206.3278 
1786080690.822 -0.01410271 -0.01288922 0.01369713 -0.01150271 -61.27444 73.45989 -614.015 -280.132 -206.1094 
1786080690.993 -0.01321673 -0.01562012 0.01359608 -0.01061673 -61.21934 73.67522 -614.135 -280.932 -205.9037 
1786080691.156 -0.01103554 -0.01450963 0.01744424 -0.008435542 -61.15602 73.92269 -614.27 -281.856 -205.6712 
1786080691.322 -0.009638668 -0.01202237 0.0224265 -0.007038668 -61.08757 74.19017 -614.41 -282.856 -205.4211 
1786080691.482 -0.009420059 -0.01594044 0.0251667 -0.01182006 -61.01321 74.48077 -614.555 -283.936 -205.1467 
1786080691.665 -0.01511665 -0.01584604 0.02557895 -0.01251665 -60.92951 74.80789 -614.705 -285.156 -204.8356 
1786080691.843 -0.007741972 -0.01029831 0.02973605 -0.01014197 -60.82562 75.21388 -614.895 -286.676 -204.4533 
1786080692.017 -0.010587 -0.01335093 0.03161275 -0.012987 -60.72361 75.61255 -615.06 -288.16 -204.0761 
1786080692.188 -0.01209671 -0.01304705 0.0316143 -0.009496705 -60.61137 76.05119 -615.23 -289.796 -203.6596 
1786080692.354 -0.01011014 -0.01514431 0.03310973 -0.007510138 -60.49896 76.49047 -615.39 -291.432 -203.2443 
1786080692.518 -0.01283397 -0.01430861 0.03198779 -0.01023397 -60.37958 76.95701 -615.54 -293.172 -202.801 
1786080692.690 -0.009262067 -0.009221261 0.03270415 -0.006662067 -60.25165 77.45698 -615.69 -295.04 -202.3286 
1786080692.871 -0.008760297 -0.0123284 0.02995928 -0.0111603 -60.10662 78.02373 -615.835 -297.16 -201.7876 
1786080693.054 -0.009256319 -0.01642037 0.03024748 -0.006656319 -59.94987 78.63633 -615.965 -299.424 -201.2097 
1786080693.235 -0.01014465 -0.01293218 0.03161715 -0.007544655 -59.78085 79.29684 -616.075 -301.884 -200.5912 
1786080693.400 -0.005305333 -0.01406828 0.03189171 -0.007705333 -59.62426 79.9088 -616.155 -304.172 -200.0121 
1786080693.577 -0.006459222 -0.008257809 0.0322769 -0.008859222 -59.45665 80.56382 -616.205 -306.592 -199.3974 
1786080693.754 -0.007817423 -0.01053131 0.03096295 -0.01026938 -59.27013 81.29275 -616.225 -309.288 -198.7167 
1786080693.927 -0.006031479 -0.005205559 0.03279557 -0.003231479 -59.07864 82.0411 -616.21 -312.08 -198.0131 
1786080694.104 -0.006335233 -0.01173517 0.03094751 -0.003535233 -58.87796 82.82536 -616.15 -314.952 -197.2842 
1786080694.265 -0.005579784 -0.01141882 0.02895718 -0.007779784 -58.68839 83.56618 -616.055 -317.68 -196.592 
1786080694.429 -0.006391033 -0.00525476 0.02355593 -0.003591033 -58.50464 84.28428 -615.925 -320.324 -195.9189 
1786080694.608 -0.005768605 -0.0035541 0.01459903 -0.002968605 -58.32011 85.00544 -615.76 -322.968 -195.2407 
1786080694.780 -0.006922971 -0.003520655 0.00660287 -0.004122971 -58.13671 85.72217 -615.56 -325.588 -194.5689 
1786080694.951 -0.003521392 0.002502128 -0.001259876 0.004278608 -57.95926 86.41566 -615.335 -328.12 -193.9199 
1786080695.135 -0.0001548443 0.007471051 -0.01469374 0.00409539 -57.78416 87.09996 -615.08 -330.612 -193.276 
1786080695.304 0.0006857008 0.00592835 -0.02184832 0.008485701 -57.62654 87.71594 -614.825 -332.84 -192.7007 
1786080695.476 0.0004348323 0.008958165 -0.02698864 0.008234832 -57.48163 88.28225 -614.565 -334.888 -192.175 
1786080695.666 0.0001838592 0.006185422 -0.03416938 0.002680382 -57.33022 88.87394 -614.27 -337.016 -191.625 
1786080695.851 0.007231342 0.007524655 -0.03548631 0.005031342 -57.18598 89.43764 -613.975 -339.04 -191.1069 
1786080696.035 0.005319097 0.008767759 -0.03538032 0.007992697 -57.0485 89.97492 -613.665 -340.964 -190.6154 
1786080696.201 0.003001983 0.01031079 -0.03681987 0.005801983 -56.93329 90.42514 -613.39 -342.572 -190.2026 
1786080696.386 0.002858068 0.007644315 -0.03690799 0.005658068 -56.81862 90.87326 -613.105 -344.164 -189.7937 
1786080696.573 0.005485496 0.009875345 -0.03596787 0.008285496 -56.70604 91.31324 -612.815 -345.728 -189.3937 
1786080696.752 0.002915659 0.007227485 -0.03366078 0.005715659 -56.60897 91.6926 -612.55 -347.068 -189.0508 
1786080696.926 0.002005905 0.006664422 -0.03327572 0.004805905 -56.52344 92.02686 -612.31 -348.248 -188.7472 
1786080697.101 -0.001226507 0.004724513 -0.03517106 0.001573493 -56.44633 92.32819 -612.085 -349.308 -188.4716 
1786080697.284 -0.003333282 0.006896069 -0.03526784 0.005615761 -56.37044 92.62627 -611.855 -350.356 -188.2011 
1786080697.462 -0.002780578 0.006976703 -0.03334602 0.005019422 -56.3061 92.8762 -611.665 -351.236 -187.9763 
1786080697.639 -0.01043604 0.000839608 -0.03593218 -0.002636044 -56.25017 93.09479 -611.485 -351.996 -187.7757 
1786080697.829 -0.006770448 0.0003574706 -0.03581966 -0.006649702 -56.19856 93.29646 -611.325 -352.7 -187.5941 
1786080698.005 -0.008357425 0.004511417 -0.03446032 -0.004922317 -56.15894 93.45131 -611.2 -353.248 -187.4544 
1786080698.186 -0.003713324 0.005399051 -0.03348612 -0.005913324 -56.12814 93.5717 -611.105 -353.668 -187.3464 
1786080698.355 -0.003929008 0.006690209 -0.0331901 -0.006129008 -56.10505 93.6619 -611.03 -353.984 -187.2651 
1786080698.555 0.01249161 0.01568505 -0.01935033 0.01049055 -56.08922 93.7238 -610.995 -354.208 -187.222 
1786080698.750 0.01076225 0.01074894 -0.02088045 0.008562252 -56.08216 93.75137 -610.97 -354.3 -187.1966 
1786080698.942 0.01128964 0.00855468 -0.02285134 0.009089638 -56.082 93.752 -610.97 -354.3 -187.194 
1786080699.115 0.006289638 0.00855468 -0.02158134 0.004089638 -56.082 93.752 -610.965 -354.3 -187.1953 
1786080699.297 0.01128964 0.00855468 -0.01904134 0.009089638 -56.082 93.752 -610.97 -354.3 -187.1978 
1786080699.465 0.01128964 0.00855468 -0.01650134 0.009089638 -56.082 93.752 -610.97 -354.3 -187.2004 
1786080699.635 0.01128964 0.00855468 -0.01269135 0.009089638 -56.082 93.752 -610.97 -354.3 -187.2042 
1786080699.795 0.006289638 0.00855468 -0.008881348 0.004089638 -56.082 93.752 -610.965 -354.3 -187.208 
1786080699.963 0.01128964 0.00855468 -0.00634135 0.004089638 -56.082 93.752 -610.965 -354.3 -187.2105 
1786080700.171 0.01128964 0.00855468 -0.002531352 0.004089638 -56.082 93.752 -610.97 -354.3 -187.2143 
1786080700.376 0.01128964 0.00855468 8.64671e-06 0.004089638 -56.082 93.752 -610.97 -354.3 -187.2169 
1786080700.562 0.01128964 0.00855468 0.005088644 0.009089638 -56.082 93.752 -610.97 -354.3 -187.222 
1786080700.730 0.006289638 0.00855468 0.006358643 0.004089638 -56.082 93.752 -610.965 -354.3 -187.2232 
1786080700.922 0.01128964 0.00855468 0.006358643 0.009089638 -56.082 93.752 -610.97 -354.3 -187.2232 
1786080701.086 0.006289638 0.00855468 0.006358643 0.004089638 -56.082 93.752 -610.965 -354.3 -187.2232 
1786080701.276 0.0096765 0.01265182 0.009903087 0.0074765 -56.07561 93.74431 -610.955 -354.276 -187.2042 
1786080701.459 0.009520907 0.01209844 0.02689351 0.0128613 -56.04203 93.70395 -610.885 -354.128 -187.1026 
1786080701.654 0.01124488 0.01365899 0.04507872 0.009044885 -55.97968 93.629 -610.755 -353.856 -186.9007 
1786080701.837 0.01011471 0.01330546 0.06157029 0.007914706 -55.88569 93.51532 -610.555 -353.444 -186.5844 
1786080702.052 0.003599716 0.008374983 0.07531903 0.006399716 -55.74586 93.34791 -610.25 -352.828 -186.1069 
1786080702.231 -0.001162514 0.005134377 0.07648749 -0.001409568 -55.59419 93.16558 -609.92 -352.164 -185.5748 
1786080702.413 -0.01049712 0.006483569 0.07583817 -0.007697117 -55.42063 92.95693 -609.53 -351.412 -184.9652 
1786080702.585 -0.006483498 -0.0007213079 0.07862512 -0.008683498 -55.22434 92.72097 -609.1 -350.556 -184.2806 
1786080702.759 -0.01401215 -0.01016757 0.07593248 -0.01621215 -55.00253 92.45431 -608.595 -349.592 -183.5034 
1786080702.922 -0.01954839 -0.01480112 0.07011923 -0.01674839 -54.77012 92.17492 -608.06 -348.592 -182.6881 
1786080703.090 -0.01903483 -0.01651103 0.06812336 -0.01623483 -54.51503 91.86826 -607.47 -347.5 -181.7889 
1786080703.255 -0.01574177 -0.01430839 0.06986194 -0.01377543 -54.23379 91.53018 -606.81 -346.316 -180.8288 
1786080703.427 -0.01608543 -0.01496012 0.07070782 -0.01370027 -53.92745 91.1619 -606.075 -345.028 -179.7734 
1786080703.604 -0.0140865 -0.01461656 0.07484928 -0.01623405 -53.57526 90.73852 -605.215 -343.56 -178.5682 
1786080703.783 -0.01195599 -0.01160627 0.07706967 -0.01415599 -53.20077 90.28833 -604.28 -341.996 -177.269 
1786080703.957 -0.01200611 -0.01344641 0.07889231 -0.01420611 -52.80015 89.80672 -603.255 -340.376 -175.9304 
1786080704.119 -0.01518539 -0.0134841 0.08066901 -0.01238539 -52.40582 89.33268 -602.22 -338.78 -174.5982 
1786080704.279 -0.01186856 -0.01683161 0.08102735 -0.01406856 -51.99685 88.84103 -601.13 -337.14 -173.2228 
1786080704.444 -0.01287403 -0.01151356 0.07986888 -0.01507403 -51.56362 88.32023 -599.945 -335.42 -171.7635 
1786080704.617 -0.01466848 -0.01152354 0.07781521 -0.01186848 -51.07969 87.73847 -598.59 -333.544 -170.1621 
1786080704.793 -0.0154011 -0.01192208 0.07729219 -0.0126011 -50.55304 87.10535 -597.08 -331.52 -168.4234 
1786080704.989 -0.01017455 -0.01178823 0.07674174 -0.01237455 -49.97137 86.40609 -595.375 -329.324 -166.5184 
1786080705.196 -0.01177756 -0.01001296 0.07451041 -0.01397756 -49.30017 85.59921 -593.345 -326.844 -164.3391 
1786080705.399 -0.01038456 -0.009796165 0.07346311 -0.007584563 -48.62592 84.78867 -591.25 -324.408 -162.1725 
1786080705.569 -0.009711126 -0.01437628 0.07010366 -0.01191113 -47.96009 83.98823 -589.125 -322.056 -160.0529 
1786080705.751 -0.01018044 -0.008133497 0.06814706 -0.007380441 -47.30787 83.20417 -586.99 -319.82 -157.9993 
1786080705.951 -0.005154075 -0.0107254 0.06627276 -0.01235407 -46.55111 82.29443 -584.455 -317.288 -155.6434 
1786080706.142 -0.008217092 -0.007764568 0.06305457 -0.005417092 -45.73792 81.31684 -581.65 -314.66 -153.1441 
1786080706.314 -0.009078556 -0.01189528 0.05926708 -0.01127856 -44.98203 80.4027 -578.965 -312.288 -150.8378 
1786080706.495 -0.01046812 -0.009283211 0.05615594 -0.007668116 -44.21296 79.48362 -576.2 -309.988 -148.5479 
1786080706.669 -0.008767748 -0.01180626 0.05396832 -0.008837069 -43.40887 78.51698 -573.235 -307.66 -146.1756 
1786080706.849 -0.01112433 -0.01097005 0.04899866 -0.008324328 -42.58298 77.52413 -570.12 -305.376 -143.774 
1786080707.033 -0.008800112 -0.006682596 0.04726291 -0.006000112 -41.69197 76.453 -566.69 -303.032 -141.2264 
1786080707.209 -0.008191712 -0.008760473 0.04258053 -0.01041102 -40.79778 75.37805 -563.18 -300.8 -138.7118 
1786080707.384 -0.007124402 -0.0075797 0.04087335 -0.009324402 -39.94927 74.35802 -559.79 -298.804 -136.3699 
1786080707.550 -0.008641267 -0.007853802 0.03547455 -0.005841267 -39.03527 73.25925 -556.075 -296.784 -133.8896 
1786080707.718 -0.00596808 -0.01095185 0.03333798 -0.00816808 -38.1234 72.16304 -552.315 -294.904 -131.4665 
1786080707.890 -0.007462031 -0.01094122 0.02759416 -0.009662031 -37.19889 71.05164 -548.445 -293.144 -129.056 
1786080708.065 -0.006022232 -0.01146004 0.02416138 -0.008669757 -36.18238 69.82964 -544.135 -291.376 -126.4665 
1786080708.240 -0.006463344 -0.01241755 0.01884826 -0.008663344 -35.18634 68.63225 -539.86 -289.816 -123.9874 
1786080708.411 -0.00861168 -0.01142308 0.01553042 -0.00581168 -34.12964 67.36194 -535.275 -288.352 -121.4258 
1786080708.582 -0.008708577 -0.009260776 0.009766498 -0.005908577 -33.1149 66.14207 -530.835 -287.132 -119.0281 
1786080708.753 -0.005709801 -0.01090898 0.0054173 -0.002909801 -32.03315 64.84164 -526.07 -286.028 -116.544 
1786080708.930 -0.0103933 -0.01080952 -0.000380547 -0.003854189 -30.91987 63.5033 -521.135 -285.112 -114.0624 
1786080709.095 -0.008340601 -0.01052265 -0.01006392 -0.005540601 -29.82125 62.1826 -516.245 -284.424 -111.6888 
1786080709.260 -0.006283938 -0.009781649 -0.01781552 -0.003483938 -28.70581 60.84167 -511.275 -283.948 -109.3596 
1786080709.429 -0.006061967 -0.009266096 -0.02409834 -0.003261967 -27.56721 59.4729 -506.2 -283.692 -107.0672 
1786080709.611 -0.004939622 -0.01242069 -0.03288956 -0.002139622 -26.34381 58.00219 -500.76 -283.672 -104.6974 
1786080709.796 -0.009435659 -0.0134677 -0.05171109 -0.006635659 -25.11123 56.52044 -495.3 -283.924 -102.4012 
1786080709.966 -0.005992289 -0.01237861 -0.0698995 -0.003192289 -23.88609 55.04764 -489.915 -284.444 -100.2194 
1786080710.133 -0.008733537 -0.01155079 -0.09004821 -0.007654999 -22.78566 53.72476 -485.12 -285.136 -98.3436 
1786080710.308 -0.00762594 -0.01326077 -0.1050999 -0.00482594 -21.65137 52.36117 -480.225 -286.068 -96.5021 
1786080710.491 -0.004344967 -0.01084676 -0.1159631 -0.001544967 -20.50522 50.98332 -475.345 -287.24 -94.7368 
1786080710.664 -0.009313081 -0.01060109 -0.123908 -0.001513081 -19.44737 49.71163 -470.905 -288.516 -93.18994 
1786080710.838 -0.009412024 -0.009644785 -0.1254558 -0.001612024 -18.3906 48.44123 -466.54 -289.98 -91.72944 
1786080711.001 -0.005219843 -0.008928812 -0.1249853 -0.004098845 -17.42303 47.27806 -462.62 -291.48 -90.46452 
1786080711.168 -0.007297529 -0.008525266 -0.1242042 -0.004497529 -16.4724 46.13525 -458.825 -293.104 -89.28469 
1786080711.332 -0.005586473 -0.01167968 -0.1195723 -0.006403696 -15.56155 45.04027 -455.265 -294.792 -88.21916 
1786080711.511 -0.006150474 -0.009444235 -0.1151002 -0.003021748 -14.58131 43.86189 -451.51 -296.756 -87.13839 
1786080711.687 -0.008723505 -0.007954851 -0.1095939 -0.005923505 -13.68536 42.78481 -448.155 -298.68 -86.21257 
1786080711.860 -0.00267054 -0.01021657 -0.1028995 -0.00653417 -12.77266 41.68761 -444.825 -300.76 -85.32992 
1786080712.030 -0.001997638 -0.008433405 -0.09641784 -0.004197638 -11.90076 40.63946 -441.72 -302.864 -84.54379 
1786080712.195 -0.007604539 -0.009723552 -0.09218693 -0.004804539 -11.10198 39.67336 -438.93 -304.9 -83.86561 
1786080712.358 -0.007602465 -0.01054667 -0.08577251 -0.004802465 -10.33018 38.75138 -436.335 -306.92 -83.2649 
1786080712.521 0.001147177 -0.006273508 -0.08011779 -0.006052823 -9.580489 37.85014 -433.875 -308.992 -82.71499 
1786080712.707 0.000598171 -0.0004586188 -0.07475449 -0.001601829 -8.826697 36.94397 -431.46 -311.128 -82.2108 
1786080712.885 -0.00432403 -0.001552594 -0.06855581 -0.00652403 -7.990643 35.9389 -428.86 -313.588 -81.69645 
1786080713.066 -0.006434916 -0.007712499 -0.06659871 -0.003634916 -7.246811 35.0447 -426.625 -315.844 -81.27862 
1786080713.252 -0.00273267 -0.007218471 -0.06182286 -0.006298683 -6.502384 34.14979 -424.465 -318.176 -80.90397 
1786080713.420 -0.002432786 -0.00522492 -0.05853467 -0.004632786 -5.84328 33.35745 -422.615 -320.296 -80.60552 
1786080713.582 -0.00393398 -0.006757203 -0.05596819 -0.00113398 -5.237673 32.62942 -420.965 -322.284 -80.35914 
1786080713.754 -0.00481556 -0.005064727 -0.05296126 -0.00701556 -4.633037 31.90255 -419.37 -324.312 -80.1407 
1786080713.929 -0.007701213 -0.004443957 -0.0511333 -0.004901213 -4.05224 31.20435 -417.885 -326.296 -79.95528 
1786080714.099 -0.004860263 -0.001762304 -0.04711931 -0.004258458 -3.466206 30.49984 -416.44 -328.332 -79.79526 
1786080714.265 -0.002049376 -0.0009077005 -0.04258338 -0.002015646 -2.949538 29.87873 -415.215 -330.16 -79.67715 
1786080714.435 2.04402e-05 -0.002859759 -0.03815358 -0.00217956 -2.431738 29.25626 -414.02 -332.012 -79.57809 
1786080714.602 -0.0005003067 -0.005074837 -0.03504324 -0.002700307 -1.952561 28.68021 -412.95 -333.748 -79.50316 
1786080714.787 0.001461182 0.001546 -0.03181894 -0.0007388181 -1.467291 28.09371 -411.9 -335.544 -79.44474 
1786080714.964 0.003404323 -0.003558702 -0.02950722 -0.003795677 -0.9984541 27.53323 -410.93 -337.272 -79.4041 
1786080715.133 -0.003536667 -0.002336553 -0.02710094 -0.005736667 -0.592439 27.04514 -410.105 -338.796 -79.38251 
1786080715.299 0.0009583261 -0.0003781014 -0.02571829 -0.006241674 -0.2008249 26.57166 -409.34 -340.288 -79.37235 
1786080715.459 -0.005826839 -0.001968579 -0.0237183 -0.009133589 0.1437517 26.16013 -408.69 -341.592 -79.37362 
1786080715.649 -0.006548496 0.0009405901 -0.02258815 -0.005256041 0.513545 25.71558 -408.01 -343.016 -79.38378 
1786080715.828 -0.008640115 -0.00122767 -0.02079734 -0.005840115 0.8533294 25.30711 -407.4 -344.328 -79.40283 
1786080715.998 -0.002046467 2.542161e-05 -0.01669599 -0.004246467 1.140811 24.96151 -406.91 -345.448 -79.42823 
1786080716.180 -0.003167509 0.00127574 -0.01465519 -0.005367509 1.42578 24.61893 -406.43 -346.564 -79.45744 
1786080716.348 0.00124348 0.006313079 -0.01222918 -0.00595652 1.669712 24.32569 -406.035 -347.528 -79.48792 
1786080716.508 -0.002885094 0.005939818 -0.00998942 -0.008162638 1.874556 24.07944 -405.705 -348.336 -79.51713 
1786080716.699 -0.003295467 0.005282158 -0.009006384 -0.005495467 2.083757 23.82795 -405.375 -349.168 -79.55015 
1786080716.880 -0.008355192 0.001049979 -0.01001094 -0.01055519 2.263983 23.61129 -405.095 -349.876 -79.57682 
1786080717.054 -0.004392032 0.00478043 -0.009155896 -0.006592032 2.412499 23.43275 -404.875 -350.472 -79.60349 
1786080717.225 0.007568918 0.01274011 0.001973927 0.005368918 2.530966 23.29033 -404.71 -350.952 -79.63651 
1786080717.388 0.01322813 0.01649772 0.01795068 0.01602813 2.620061 23.18323 -404.585 -351.312 -79.66953 
1786080717.562 0.01096255 0.01346231 0.02686753 0.008762555 2.690747 23.09825 -404.48 -351.592 -79.69239 
1786080717.744 0.007762847 0.01200906 0.03150898 0.01056285 2.737019 23.04263 -404.41 -351.776 -79.70636 
1786080717.913 0.008790017 0.01348442 0.03218461 0.01159002 2.7586 23.01668 -404.38 -351.864 -79.71144 
1786080718.084 0.01080336 0.01586134 0.03189724 0.01360336 2.76 23.015 -404.38 -351.872 -79.71144 
1786080718.246 0.02080336 0.01986134 0.03570723 0.01860336 2.76 23.015 -404.39 -351.876 -79.71525 
1786080718.409 0.01580336 0.01986134 0.03443724 0.01360336 2.76 23.015 -404.385 -351.876 -79.71398 
1786080718.572 0.01580336 0.01986134 0.03189724 0.01860336 2.76 23.015 -404.385 -351.876 -79.71144 
1786080718.739 0.01580336 0.01986134 0.02554724 0.01860336 2.76 23.015 -404.385 -351.876 -79.70509 
1786080718.900 0.01580336 0.01986134 0.01919724 0.01360336 2.76 23.015 -404.385 -351.876 -79.69874 
1786080719.063 0.01580336 0.01586134 0.01411725 0.01860336 2.76 23.015 -404.385 -351.872 -79.69366 
1786080719.228 0.01580336 0.01586134 0.007767249 0.01360336 2.76 23.015 -404.385 -351.872 -79.68731 
1786080719.386 0.01580336 0.01586134 0.002687252 0.01860336 2.76 23.015 -404.385 -351.872 -79.68223 
1786080719.545 0.01080336 0.01586134 -0.001122746 0.01360336 2.76 23.015 -404.38 -351.872 -79.67842 
1786080719.709 0.01580336 0.01586134 -0.004932744 0.01360336 2.76 23.015 -404.385 -351.872 -79.67461 
1786080719.873 0.01580336 0.01586134 -0.007472742 0.01860336 2.76 23.015 -404.385 -351.872 -79.67207 
1786080720.035 0.01080336 0.01586134 -0.01001274 0.01360336 2.76 23.015 -404.38 -351.872 -79.66953 
1786080720.197 0.01580336 0.01586134 -0.01001274 0.01360336 2.76 23.015 -404.385 -351.872 -79.66953 
1786080720.359 0.01580336 0.01586134 -0.01001274 0.01360336 2.76 23.015 -404.385 -351.872 -79.66953 
1786080720.520 0.01080336 0.01186134 -0.01001274 0.01360336 2.76 23.015 -404.38 -351.868 -79.66953 
1786080720.712 0.01502564 0.01516665 -0.007311447 0.01762564 2.759213 23.01781 -404.385 -351.868 -79.67207 
1786080720.899 0.01621863 0.0204966 -0.0004126442 0.01381863 2.750326 23.04958 -404.395 -351.836 -79.67715 
1786080721.065 0.01983418 0.0214636 0.004203806 0.01743418 2.733896 23.10831 -404.415 -351.768 -79.67842 
1786080721.231 0.02073854 0.02178044 0.01288315 0.01816882 2.709814 23.19439 -404.44 -351.668 -79.68223 
1786080721.404 0.01688303 0.02058111 0.01698042 0.01426064 2.676637 23.31298 -404.47 -351.528 -79.67969 
1786080721.567 0.001721203 0.006131592 0.009320114 0.004321203 2.638238 23.45024 -404.495 -351.352 -79.66445 
1786080721.748 -3.202217e-05 0.006913152 -0.00147992 0.002235946 2.589197 23.62553 -404.545 -351.148 -79.64413 
1786080721.923 -0.006739909 0.0046685 -0.01269753 -0.004538074 2.527947 23.84447 -404.605 -350.888 -79.62127 
1786080722.088 -0.009008773 0.004478112 -0.0185227 -0.006872097 2.463461 24.07498 -404.675 -350.62 -79.60349 
1786080722.254 -0.007085956 0.0002319303 -0.0233324 -0.005018821 2.391545 24.33204 -404.76 -350.32 -79.58571 
1786080722.421 -0.004781085 -0.004768751 -0.02380362 -0.007181085 2.314307 24.60813 -404.855 -349.996 -79.57174 
1786080722.621 -0.00265454 0.00401088 -0.01660793 -0.000755427 2.210501 24.97918 -404.985 -349.58 -79.56158 
1786080722.809 -0.005987074 0.002252082 -0.0128094 -0.003387074 2.100107 25.37378 -405.125 -349.124 -79.54761 
1786080722.988 -0.005385731 -0.0005591617 -0.006657966 -0.004598507 1.984216 25.78804 -405.28 -348.648 -79.53618 
1786080723.156 -0.007233296 -0.0005902433 -0.004315427 -0.004633296 1.870313 26.19518 -405.44 -348.188 -79.52221 
1786080723.343 -0.00589406 0.0004664748 -0.001432388 -0.00329406 1.744803 26.64382 -405.625 -347.684 -79.50824 
1786080723.530 -0.0040943 0.004891968 0.002207645 -0.0064943 1.592513 27.19103 -405.86 -347.076 -79.493 
1786080723.734 -0.007466665 0.001636853 0.002810865 -0.009866665 1.428736 27.7736 -406.12 -346.428 -79.47522 
1786080723.929 -0.00668081 -0.001416051 0.001925508 -0.00408081 1.245834 28.42738 -406.43 -345.708 -79.45617 
1786080724.143 -0.005100967 0.004840713 0.007177459 -0.002500967 1.050382 29.12602 -406.78 -344.956 -79.44474 
1786080724.388 -0.004890684 0.005286679 0.008884665 -0.006355222 0.8044785 30.005 -407.245 -344.016 -79.4295 
1786080724.573 -0.005986745 0.001618686 0.00706812 -0.008386745 0.5951708 30.76503 -407.665 -343.212 -79.4168 
1786080724.778 -0.003595923 0.0008713284 0.006010554 -0.005995923 0.378709 31.52692 -408.115 -342.42 -79.40791 
1786080724.990 -0.005325626 -0.003479441 0.004503297 -0.007725626 0.1131529 32.48068 -408.7 -341.444 -79.40156 
1786080725.188 -0.007760243 -0.007678574 0.0005436386 -0.01016024 -0.1320428 33.3526 -409.26 -340.568 -79.39775 
1786080725.389 -0.01518192 -0.01698093 -0.01600054 -0.01258192 -0.3934146 34.28687 -409.89 -339.644 -79.38632 
1786080725.563 -0.01693011 -0.0148221 -0.02920258 -0.01433011 -0.6384046 35.16258 -410.51 -338.808 -79.38251 
1786080725.753 -0.0136462 -0.01219036 -0.03566172 -0.0160462 -0.8867862 36.05043 -411.175 -337.976 -79.39013 
1786080725.945 -0.0133036 -0.01294535 -0.03820992 -0.0157036 -1.184061 37.11839 -411.995 -337.008 -79.41045 
1786080726.141 -0.009500249 -0.01332861 -0.03583694 -0.01690025 -1.45754 38.09058 -412.78 -336.144 -79.43966 
1786080726.331 -0.01054736 -0.0125857 -0.02910878 -0.01294736 -1.771952 39.21444 -413.72 -335.188 -79.48411 
1786080726.501 -0.01051958 -0.01040215 -0.02234255 -0.01291958 -2.054919 40.22591 -414.6 -334.356 -79.53237 
1786080726.677 -0.01461784 -0.01331274 -0.01568726 -0.01201784 -2.348093 41.27386 -415.54 -333.52 -79.58571 
1786080726.864 -0.009863775 -0.01083774 -0.007278054 -0.01317693 -2.670893 42.4277 -416.62 -332.644 -79.65429 
1786080727.059 -0.01169142 -0.01341722 -0.004927559 -0.01040036 -3.009 43.63626 -417.785 -331.764 -79.72795 
1786080727.231 -0.01134146 -0.01004195 -0.004077477 -0.01374146 -3.323922 44.76195 -418.91 -330.988 -79.80415 
1786080727.399 -0.007027785 -0.009239883 -0.002180804 -0.009427785 -3.645426 45.91117 -420.095 -330.244 -79.88797 
1786080727.562 -0.008461518 -0.01210581 -0.00340704 -0.01327364 -3.957734 47.02751 -421.27 -329.556 -79.9756 
1786080727.730 -0.006822029 -0.006525796 -0.004560982 -0.009222029 -4.279392 48.17728 -422.52 -328.9 -80.07212 
1786080727.905 -0.00714361 -0.01186061 -0.006414713 -0.00954361 -4.628978 49.42688 -423.905 -328.228 -80.18515 
1786080728.085 -0.01182106 -0.007738268 -0.008975756 -0.009221057 -5.003698 50.76631 -425.43 -327.58 -80.31723 
1786080728.255 -0.007293893 -0.01103004 -0.01271185 -0.009693893 -5.363356 52.0519 -426.935 -327.012 -80.45185 
1786080728.418 -0.009607528 -0.01251783 -0.01642133 -0.01084931 -5.70641 53.27815 -428.395 -326.532 -80.58901 
1786080728.578 -0.009868769 -0.01003328 -0.01710548 -0.007268769 -6.031774 54.44116 -429.805 -326.128 -80.72998 
1786080728.758 -0.01124281 -0.008090914 -0.01777918 -0.008642814 -6.3755 55.66981 -431.32 -325.76 -80.88746 
1786080728.922 -0.007988767 -0.00882814 -0.01634381 -0.005388767 -6.705157 56.84816 -432.8 -325.46 -81.04875 
1786080729.090 -0.007029965 -0.009422063 -0.01541945 -0.009429965 -7.015521 57.95756 -434.21 -325.228 -81.2075 
1786080729.255 -0.01014578 -0.01064105 -0.01230102 -0.007545781 -7.327394 59.07235 -435.64 -325.044 -81.37641 
1786080729.431 -0.006095385 -0.009455265 -0.01150569 -0.008495385 -7.641998 60.1969 -437.105 -324.912 -81.55167 
1786080729.601 -0.00653629 -0.006633979 -0.009907151 -0.00893629 -7.942837 61.27225 -438.515 -324.836 -81.72693 
1786080729.789 -0.00797769 -0.007610232 -0.00667169 -0.00537769 -8.248792 62.36588 -439.96 -324.804 -81.91362 
1786080729.962 -0.003998912 -0.009280369 -0.003313055 -0.009158944 -8.545678 63.4271 -441.375 -324.82 -82.10158 
1786080730.129 -0.007334909 -0.009752485 -0.002365074 -0.009734909 -8.813076 64.38291 -442.655 -324.876 -82.2743 
1786080730.297 -0.006397174 -0.009578002 -0.00142549 -0.008797174 -9.0726 65.31058 -443.905 -324.968 -82.44829 
1786080730.473 -0.00847573 -0.009835816 0.001186634 -0.00587573 -9.331775 66.237 -445.155 -325.096 -82.62609 
1786080730.649 -0.0100257 -0.009070158 0.001689401 -0.007425698 -9.594163 67.17491 -446.425 -325.264 -82.81024 
1786080730.829 -0.008759558 -0.009689803 0.002697816 -0.01115956 -9.841924 68.06052 -447.63 -325.456 -82.98931 
1786080730.998 -0.006342514 -0.01042375 0.003299665 -0.008742514 -10.07567 68.89605 -448.77 -325.668 -83.16203 
1786080731.174 -0.004755344 -0.009642232 0.003957635 -0.008425547 -10.3024 69.7065 -449.875 -325.904 -83.33348 
1786080731.343 -0.006426023 -0.00860402 0.006405069 -0.008826023 -10.52207 70.49171 -450.945 -326.16 -83.50493 
1786080731.506 -0.007460177 -0.01106196 0.006242479 -0.009860177 -10.72137 71.20411 -451.915 -326.412 -83.66114 
1786080731.682 -0.008112874 -0.009680946 0.00647708 -0.005512874 -10.91654 71.90565 -452.87 -326.688 -83.81862 
1786080731.855 -0.009318063 -0.01149461 0.008793389 -0.006718063 -11.11812 72.62227 -453.845 -326.984 -83.98372 
1786080732.029 -0.004795219 -0.008188698 0.008650777 -0.007195219 -11.30546 73.29191 -454.76 -327.288 -84.13866 
1786080732.191 -0.00929038 -0.01058065 0.008130194 -0.006541733 -11.4723 73.88829 -455.565 -327.572 -84.27836 
1786080732.361 -0.004950371 -0.007543149 0.009508252 -0.007350371 -11.63447 74.46797 -456.355 -327.864 -84.41806 
1786080732.522 -0.00695974 -0.0105339 0.008059069 -0.00935974 -11.78896 75.02019 -457.1 -328.152 -84.55014 
1786080732.687 -0.005279575 -0.008933579 0.008596412 -0.007679575 -11.93059 75.52647 -457.785 -328.432 -84.6746 
1786080732.863 -0.006506317 -0.009075139 0.01077384 -0.007818574 -12.07811 76.05378 -458.495 -328.736 -84.80668 
1786080733.052 -0.008381749 -0.009061579 0.009380699 -0.01078175 -12.22764 76.59098 -459.215 -329.052 -84.94003 
1786080733.219 0.01529559 0.01242084 0.02608263 0.01289559 -12.35214 77.03328 -459.83 -329.348 -85.06957 
1786080733.379 0.01268874 0.01293999 0.03617278 0.01528874 -12.46467 77.43551 -460.365 -329.604 -85.1826 
1786080733.544 0.01473159 0.01346537 0.04137977 0.01233159 -12.56913 77.80892 -460.865 -329.848 -85.2842 
1786080733.712 0.01414597 0.0147259 0.04488175 0.01401315 -12.66972 78.16846 -461.345 -330.092 -85.38199 
1786080733.882 0.01166035 0.01110309 0.03826784 0.01175781 -12.76293 78.50164 -461.78 -330.312 -85.462 
1786080734.049 0.0125368 0.01319388 0.03033474 0.0101368 -12.8467 78.8011 -462.18 -330.524 -85.53312 
1786080734.227 0.01290826 0.01487496 0.0271676 0.01550826 -12.92494 79.08076 -462.55 -330.724 -85.60424 
1786080734.402 0.01087417 0.01045801 0.01554773 0.008474166 -12.9996 79.34763 -462.9 -330.912 -85.66393 
1786080734.577 0.007388564 0.01018093 0.007498683 0.009988564 -13.06092 79.56681 -463.19 -331.072 -85.71473 
1786080734.741 0.01049921 0.01114384 0.003826855 0.01309921 -13.11346 79.75463 -463.435 -331.212 -85.76172 
1786080734.925 0.01136908 0.01028533 0.001808561 0.00896908 -13.16018 79.92162 -463.655 -331.336 -85.8049 
1786080735.095 0.01111915 0.01181545 -0.001894439 0.01283024 -13.19671 80.05221 -463.825 -331.436 -85.83665 
1786080735.271 0.0105658 0.009739791 -0.003216754 0.008165802 -13.22547 80.155 -463.96 -331.512 -85.86332 
1786080735.459 0.009292095 0.01067838 -0.001463857 0.0118921 -13.24712 80.2324 -464.06 -331.572 -85.88618 
1786080735.624 0.01259223 0.01241326 0.002982556 0.01019223 -13.25818 80.27192 -464.115 -331.604 -85.90142 
1786080735.791 0.009410052 0.008684007 0.005308457 0.01201005 -13.261 80.282 -464.125 -331.608 -85.9065 
1786080735.958 0.01941005 0.02068401 0.02181845 0.02201005 -13.261 80.282 -464.135 -331.62 -85.92301 
1786080736.121 0.01441005 0.01668401 0.03070844 0.01701005 -13.261 80.282 -464.13 -331.616 -85.9319 
1786080736.279 0.01441005 0.01668401 0.03324844 0.01701005 -13.261 80.282 -464.13 -331.616 -85.93444 
1786080736.441 0.01441005 0.01668401 0.03197844 0.01701005 -13.261 80.282 -464.13 -331.616 -85.93317 
1786080736.598 0.01441005 0.01668401 0.02689845 0.01701005 -13.261 80.282 -464.13 -331.616 -85.92809 
1786080736.762 0.01441005 0.01268401 0.02054845 0.01201005 -13.261 80.282 -464.13 -331.612 -85.92174 
1786080736.925 0.01441005 0.01668401 0.01419845 0.01701005 -13.261 80.282 -464.13 -331.616 -85.91539 
1786080737.084 0.01441005 0.01668401 0.009118455 0.01201005 -13.261 80.282 -464.13 -331.616 -85.91031 
1786080737.249 0.009410052 0.01268401 0.005308457 0.01201005 -13.261 80.282 -464.125 -331.612 -85.9065 
1786080737.416 0.01441005 0.01668401 0.002768458 0.01701005 -13.261 80.282 -464.13 -331.616 -85.90396 
1786080737.595 0.01441005 0.01668401 0.001498459 0.01701005 -13.261 80.282 -464.13 -331.616 -85.90269 
1786080737.768 0.01441005 0.01668401 0.002768458 0.01701005 -13.261 80.282 -464.13 -331.616 -85.90396 
1786080737.943 0.01441005 0.01668401 0.002768458 0.01701005 -13.261 80.282 -464.13 -331.616 -85.90396 
1786080738.108 0.01441005 0.01668401 0.002768458 0.01701005 -13.261 80.282 -464.13 -331.616 -85.90396 
1786080738.277 0.01436563 0.01500596 0.001313783 0.01229028 -13.25989 80.27872 -464.12 -331.612 -85.90142 
1786080738.444 0.01127019 0.01461743 7.520446e-05 0.009070192 -13.25075 80.25174 -464.08 -331.592 -85.89126 
1786080738.611 0.01587377 0.01808644 0.005417481 0.01867377 -13.23225 80.19713 -464 -331.556 -85.87856 
1786080738.802 0.01460339 0.01675383 0.008057027 0.01240339 -13.20083 80.10378 -463.855 -331.488 -85.85062 
1786080738.979 0.01473779 0.01849118 0.01640936 0.01753779 -13.15822 79.97858 -463.66 -331.4 -85.8176 
1786080739.159 0.001076775 0.004921665 0.01178341 0.005365495 -13.1049 79.82121 -463.405 -331.276 -85.76045 
1786080739.323 -0.003631741 -0.0024318 0.0009144632 -0.0008317415 -13.04663 79.64804 -463.125 -331.148 -85.69441 
1786080739.485 -0.01066427 -0.006259311 -0.009729748 -0.007864267 -12.97959 79.45126 -462.815 -331.008 -85.61948 
1786080739.646 -0.007197753 -0.008962068 -0.01597668 -0.009397753 -12.90489 79.23076 -462.475 -330.856 -85.54201 
1786080739.827 -0.005194259 -0.004579433 -0.01527424 -0.00486773 -12.81706 78.97149 -462.075 -330.688 -85.45946 
1786080740.003 -0.01015237 -0.005666678 -0.01414343 -0.007352373 -12.70916 78.65298 -461.57 -330.48 -85.35913 
1786080740.177 -0.006825914 -0.00803107 -0.0123832 -0.009025914 -12.59697 78.32179 -461.055 -330.268 -85.25626 
1786080740.339 -0.006698214 -0.007836391 -0.008089532 -0.008898214 -12.48243 77.98366 -460.525 -330.06 -85.15466 
1786080740.502 -0.004348059 -0.005802696 -0.00421677 -0.00792513 -12.36032 77.62318 -459.96 -329.844 -85.04671 
1786080740.665 -0.003681282 -0.003459833 0.002268528 -0.005881282 -12.22849 77.23403 -459.35 -329.624 -84.93368 
1786080740.843 -0.007237146 -0.005397651 0.006497982 -0.01027098 -12.07785 76.78933 -458.645 -329.372 -84.80287 
1786080741.007 -0.005202404 -0.007733766 0.01306913 -0.007402404 -11.92261 76.33107 -457.925 -329.128 -84.67206 
1786080741.177 -0.01078277 -0.008818698 0.01467188 -0.007982773 -11.75992 75.85083 -457.165 -328.884 -84.53109 
1786080741.352 -0.007480728 -0.007197557 0.01669014 -0.004680728 -11.57717 75.31133 -456.31 -328.624 -84.37615 
1786080741.521 -0.005376765 -0.005314854 0.01981202 -0.007576765 -11.39069 74.76084 -455.44 -328.376 -84.22121 
1786080741.686 -0.004259058 -0.006460766 0.01852852 -0.006459058 -11.20032 74.19889 -454.55 -328.136 -84.06119 
1786080741.883 -0.007962417 -0.009653561 0.0178143 -0.005162417 -10.96847 73.51446 -453.46 -327.864 -83.87069 
1786080742.052 -0.01746973 -0.01775288 0.002564918 -0.01855033 -10.74519 72.85534 -452.405 -327.62 -83.67638 
1786080742.236 -0.01882579 -0.02145584 -0.01165229 -0.01602579 -10.51426 72.17363 -451.32 -327.396 -83.4808 
1786080742.403 -0.01581552 -0.01950751 -0.02301086 -0.01801552 -10.26608 71.44101 -450.16 -327.188 -83.27887 
1786080742.569 -0.01486277 -0.01708038 -0.02903625 -0.01706277 -10.02349 70.72488 -449.025 -327.012 -83.09091 
1786080742.743 -0.01461832 -0.01709684 -0.02936394 -0.01462859 -9.765194 69.96239 -447.815 -326.852 -82.90168 
1786080742.920 -0.01395521 -0.01846353 -0.02640377 -0.01615521 -9.482772 69.12869 -446.5 -326.708 -82.70356 
1786080743.084 -0.01352847 -0.01673755 -0.02098194 -0.01572847 -9.214141 68.33569 -445.25 -326.608 -82.52322 
1786080743.247 -0.01586565 -0.0186521 -0.01546764 -0.01806565 -8.943196 67.53586 -443.99 -326.536 -82.34669 
1786080743.410 -0.01278657 -0.01605971 -0.008853781 -0.01498657 -8.658122 66.69432 -442.675 -326.5 -82.16635 
1786080743.587 -0.0118702 -0.01847899 -0.003415811 -0.01569973 -8.352967 65.79351 -441.27 -326.496 -81.98093 
1786080743.768 -0.01411048 -0.01630951 0.0004748728 -0.01631048 -8.015551 64.79745 -439.725 -326.544 -81.78027 
1786080743.940 -0.01527994 -0.01550718 0.00432682 -0.01247994 -7.690155 63.83688 -438.245 -326.636 -81.59485 
1786080744.114 -0.01167914 -0.01334041 0.008090703 -0.008879136 -7.339014 62.80032 -436.655 -326.788 -81.40308 
1786080744.284 -0.01062146 -0.01637036 0.01040115 -0.01365401 -6.985341 61.75628 -435.085 -326.992 -81.21766 
1786080744.449 -0.01112355 -0.01620171 0.01057761 -0.01332355 -6.640433 60.73811 -433.56 -327.24 -81.04367 
1786080744.624 -0.01344982 -0.01358759 0.01084611 -0.01064982 -6.282109 59.68034 -431.99 -327.556 -80.87222 
1786080744.815 -0.01074173 -0.0140721 0.006719928 -0.01335549 -5.853853 58.41613 -430.145 -328 -80.67537 
1786080744.986 -0.009732528 -0.01366797 0.003192926 -0.01224937 -5.45433 57.23674 -428.45 -328.484 -80.50392 
1786080745.153 -0.01209116 -0.0116122 -0.0007222996 -0.009291165 -5.063226 56.0822 -426.815 -329.02 -80.34771 
1786080745.327 -0.009733521 -0.01470408 -0.006395463 -0.01193352 -4.660046 54.89202 -425.165 -329.632 -80.19658 
1786080745.491 -0.007186996 -0.01082846 -0.01138105 -0.009386996 -4.244789 53.66618 -423.5 -330.336 -80.05434 
1786080745.656 -0.01259168 -0.009986064 -0.0161561 -0.009791684 -3.837346 52.46341 -421.895 -331.088 -79.92734 
1786080745.831 -0.008926961 -0.01467201 -0.01997753 -0.01112696 -3.397793 51.16584 -420.215 -331.968 -79.80415 
1786080746.004 -0.01013454 -0.01297909 -0.02323633 -0.01264353 -2.945601 49.83098 -418.53 -332.944 -79.69493 
1786080746.174 -0.01301225 -0.01299204 -0.02467411 -0.01021225 -2.483069 48.46559 -416.86 -334.024 -79.60095 
1786080746.339 -0.007981327 -0.01188847 -0.02572908 -0.01018133 -2.035441 47.14419 -415.305 -335.14 -79.52475 
1786080746.509 -0.008393408 -0.009425071 -0.02465853 -0.01059341 -1.561698 45.7457 -413.715 -336.396 -79.46252 
1786080746.675 -0.01062636 -0.01189911 -0.0236526 -0.00782636 -1.086803 44.34381 -412.185 -337.724 -79.4168 
1786080746.904 -0.008590296 -0.01592314 -0.01137174 -0.0107903 -0.4790383 42.54969 -410.33 -339.528 -79.39394 
1786080747.116 -0.009181671 -0.01142991 -0.00879016 -0.01138167 0.1704174 40.6325 -408.48 -341.584 -79.38886 
1786080747.304 -0.005709188 -0.01302185 -0.007347612 -0.007909188 0.7589198 38.89525 -406.925 -343.548 -79.41045 
1786080747.491 -0.005091515 -0.00881117 -0.006903766 -0.007291515 1.363334 37.10199 -405.445 -345.676 -79.45871 
1786080747.678 -0.006120618 -0.01352481 -0.007396271 -0.008320618 1.954503 35.36589 -404.14 -347.816 -79.5311 
1786080747.863 -0.008547275 -0.0112603 -0.007546616 -0.008387304 2.554423 33.59493 -402.94 -350.088 -79.63143 
1786080748.054 -0.005825212 -0.01385949 -0.007069485 -0.007516418 3.162339 31.80036 -401.86 -352.468 -79.76097 
1786080748.252 -0.009151721 -0.010835 -0.007428426 -0.006351721 3.788587 29.95168 -400.905 -355 -79.92226 
1786080748.450 -0.006494721 -0.009869728 -0.007132573 -0.008694721 4.516656 27.80242 -399.995 -358.028 -80.14832 
1786080748.628 -0.006477661 -0.008759429 -0.007395511 -0.008677661 5.161028 25.90024 -399.37 -360.776 -80.37819 
1786080748.816 -0.006965109 -0.01316108 -0.007484608 -0.009165109 5.8133 23.96414 -398.91 -363.624 -80.64489 
1786080749.020 -0.01052557 -0.008653852 -0.007680157 -0.006833215 6.542884 21.82102 -398.62 -366.84 -80.97763 
1786080749.203 -0.01161794 -0.01357072 -0.007587897 -0.009017935 7.241038 19.76006 -398.555 -369.988 -81.33704 
1786080749.391 -0.009374793 -0.00812283 -0.007983045 -0.006774793 7.928735 17.73 -398.705 -373.088 -81.72058 
1786080749.569 -0.004839118 -0.008148313 -0.00724648 -0.007239118 8.627846 15.6662 -399.075 -376.272 -82.14984 
1786080749.737 -0.007441912 -0.009920031 -0.006620308 -0.004841912 9.295202 13.69618 -399.625 -379.316 -82.59307 
1786080749.900 -0.007038597 -0.00816619 -0.006173482 -0.009438597 9.940837 11.79026 -400.35 -382.26 -83.05281 
1786080750.065 -0.005228397 -0.009208173 -0.006597371 -0.007628397 10.58764 9.880894 -401.265 -385.192 -83.54303 
1786080750.227 -0.004388961 -0.004275152 -0.005744756 -0.006788961 11.25256 7.918043 -402.4 -388.188 -84.08024 
1786080750.400 -0.002197297 0.001524039 -0.004830863 -0.004597297 11.92987 5.918645 -403.76 -391.204 -84.66063 
1786080750.598 -0.008136693 0.005346149 -0.00382783 -0.0001662014 12.65601 3.775088 -405.435 -394.38 -85.335 
1786080750.779 -0.004306247 0.008065795 -0.002767708 -0.00239723 13.3897 1.59816 -407.38 -397.536 -86.02842 
1786080750.956 -0.001571219 0.002433963 -0.002658546 0.001028781 14.0657 -0.3863186 -409.36 -400.332 -86.70787 
1786080751.121 -0.003987257 0.002307995 -0.003013011 -0.001387257 14.69773 -2.252074 -411.39 -402.892 -87.37588 
1786080751.283 -0.00217266 0.009821266 -0.003188207 0.0004273397 15.30203 -4.03597 -413.49 -405.272 -88.04136 
1786080751.456 -0.005961003 0.003251186 -0.003547831 0.002807511 15.91123 -5.834311 -415.755 -407.58 -88.73859 
1786080751.626 -0.00352179 0.005193959 -0.004734308 -0.0003978531 16.53579 -7.678016 -418.235 -409.856 -89.48027 
1786080751.797 -0.002849771 0.00286825 -0.005916023 -0.000249771 17.1258 -9.419711 -420.715 -411.912 -90.20671 
1786080751.959 -0.005062543 0.003186594 -0.006262069 -0.007462543 17.69911 -11.11214 -423.25 -413.82 -90.93696 
1786080752.137 -0.008810608 0.005748533 -0.006895613 -0.006210608 18.28005 -12.82705 -425.96 -415.664 -91.70531 
1786080752.301 -0.003286555 0.007214239 -0.006591669 -0.008388683 18.84445 -14.49318 -428.675 -417.336 -92.46604 
1786080752.462 -0.006300541 0.005415535 -0.006668479 -0.005368334 19.3796 -16.07294 -431.365 -418.832 -93.21153 
1786080752.627 -0.005293229 0.006645789 -0.005852629 -0.007693229 19.90278 -17.61736 -434.09 -420.2 -93.96083 
1786080752.795 -0.005641748 0.0088123 -0.005911899 -0.005191781 20.42629 -19.16277 -436.9 -421.472 -94.73426 
1786080752.968 -0.005595464 0.007159259 -0.005968591 -0.002995464 20.97146 -20.77207 -439.92 -422.684 -95.55468 
1786080753.146 -0.002612754 0.008733848 -0.005932909 -0.007470432 21.5125 -22.36925 -443 -423.776 -96.38399 
1786080753.311 -0.009853789 0.008809288 -0.006564231 -0.002253789 22.01008 -23.8381 -445.9 -424.676 -97.16885 
1786080753.479 -0.001092659 0.007755973 -0.005505108 -0.008492659 22.50704 -25.31384 -448.89 -425.476 -97.9753 
1786080753.644 -0.006505369 0.006746292 -0.006304549 -0.003905369 22.98584 -26.71854 -451.785 -426.14 -98.75889 
1786080753.808 -0.004675205 0.006270961 -0.006029299 -0.007075205 23.45254 -28.09623 -454.68 -426.696 -99.54248 
1786080753.972 -0.007276226 0.007267288 -0.005026539 -0.007102397 23.90725 -29.43854 -457.545 -427.144 -100.321 
1786080754.135 -0.003932353 0.002700636 -0.005327545 -0.006332353 24.34741 -30.73789 -460.36 -427.492 -101.0919 
1786080754.304 -0.00531798 0.006399996 -0.005690068 -0.00771798 24.79457 -32.05789 -463.255 -427.752 -101.878 
1786080754.476 -0.00599973 0.005521666 -0.005588184 -0.00339973 25.23469 -33.35715 -466.14 -427.916 -102.6705 
1786080754.649 -0.004568202 0.003966424 -0.005621848 -0.006968202 25.68779 -34.69468 -469.145 -427.988 -103.4998 
1786080754.819 -0.004414247 0.007853651 -0.005297335 -0.003340188 26.1057 -35.92836 -471.945 -427.972 -104.277 
1786080754.989 0.003033495 0.01046273 -0.004280614 0.0006334954 26.51628 -37.1404 -474.72 -427.872 -105.053 
1786080755.157 0.001059728 0.005597495 -0.00359075 -0.001340272 26.92187 -38.33768 -477.475 -427.684 -105.8302 
1786080755.322 0.003938851 0.009131717 -0.003207904 -0.003461149 27.30401 -39.46575 -480.09 -427.44 -106.5719 
1786080755.491 0.007128643 0.009517832 -0.004381221 -0.005271357 27.67678 -40.57284 -482.67 -427.124 -107.3085 
1786080755.664 0.003089572 0.008055201 -0.00366514 -0.004310428 28.05995 -41.69728 -485.295 -426.732 -108.0705 
1786080755.832 -0.0007881422 0.006156793 -0.004643507 -0.003188142 28.42225 -42.7668 -487.8 -426.288 -108.7957 
1786080756.005 0.005238973 0.007766669 -0.004430215 -0.002161027 28.78734 -43.84455 -490.34 -425.776 -109.5399 
1786080756.181 0.003614147 0.008746748 -0.004080301 -0.007683378 29.14392 -44.89717 -492.82 -425.208 -110.2752 
1786080756.364 0.002351749 0.006142083 -0.00511568 -0.005048251 29.49389 -45.93027 -495.255 -424.584 -111.0042 
1786080756.534 0.002738952 0.006566991 -0.005756066 -0.009661048 29.82754 -46.9152 -497.58 -423.932 -111.7065 
1786080756.705 0.004667948 0.002110348 -0.005910823 -0.007732052 30.13446 -47.82124 -499.73 -423.272 -112.3631 
1786080756.886 0.001701018 0.003899854 -0.005793045 -0.007938196 30.46192 -48.78789 -502 -422.528 -113.0629 
1786080757.049 0.003494616 0.003977198 -0.006185905 -0.005737849 30.74923 -49.63604 -503.995 -421.824 -113.6852 
1786080757.216 -0.003320535 -0.001487565 -0.006600684 -0.005720535 31.02714 -50.45642 -505.92 -421.096 -114.2961 
1786080757.394 -0.001005384 0.00230055 -0.006024314 -0.008405384 31.30526 -51.27744 -507.85 -420.336 -114.9057 
1786080757.563 -0.001664549 0.003280001 -0.005460497 -0.004619971 31.57952 -52.08705 -509.745 -419.544 -115.5153 
1786080757.723 -0.003877217 0.002405583 -0.005106825 -0.006429935 31.82118 -52.80043 -511.41 -418.812 -116.0563 
1786080757.884 -0.0009843603 0.005180147 -0.005107268 -0.00838436 32.05407 -53.48791 -513.015 -418.08 -116.5808 
1786080758.046 0.001894921 0.002690332 -0.005066286 -0.005505079 32.27819 -54.14953 -514.555 -417.344 -117.0888 
1786080758.214 -0.0001906736 0.003443255 -0.0047919 -0.006521604 32.50136 -54.80832 -516.075 -416.588 -117.5981 
1786080758.393 -0.004214679 0.005631024 -0.004355335 -0.005125621 32.71759 -55.44663 -517.55 -415.832 -118.0946 
1786080758.554 0.0002262171 0.001976261 -0.005432966 -0.007173783 32.92771 -56.0669 -518.98 -415.068 -118.5785 
1786080758.722 0.0002063185 0.0009948125 -0.004070357 -0.007193682 33.11764 -56.62758 -520.265 -414.36 -119.0205 
1786080758.892 -0.000107459 -0.002289939 -0.004107825 -0.007507459 33.30824 -57.19024 -521.55 -413.628 -119.4675 
1786080759.066 0.00405792 0.001436901 -0.003457691 -0.003895691 33.48782 -57.72034 -522.76 -412.928 -119.8866 
1786080759.229 0.005720866 0.002301678 -0.002000564 -0.006679134 33.65555 -58.21548 -523.885 -412.256 -120.2828 
1786080759.395 0.005662274 0.006619975 -0.001379399 -0.001737726 33.80999 -58.67138 -524.915 -411.628 -120.6486 
1786080759.569 0.0009326583 0.009583798 0.0004570442 -0.001467342 33.96115 -59.11763 -525.915 -411 -121.0093 
1786080759.734 0.0172886 0.01645469 0.01140754 0.0148886 34.09834 -59.5226 -526.84 -410.424 -121.3471 
1786080759.901 0.01371481 0.01675215 0.01003114 0.01645632 34.22536 -59.89755 -527.675 -409.872 -121.6519 
1786080760.060 0.01687745 0.01717041 0.01033238 0.01447745 34.33962 -60.23485 -528.43 -409.376 -121.9237 
1786080760.232 0.01276074 0.01429015 0.009784093 0.01536074 34.45074 -60.56287 -529.155 -408.88 -122.1904 
1786080760.408 0.01629254 0.01831445 0.0113133 0.01519881 34.55545 -60.87199 -529.845 -408.412 -122.4444 
1786080760.579 0.01259804 0.01524053 0.009182477 0.01519804 34.64665 -61.14121 -530.435 -407.996 -122.6628 
1786080760.752 0.009849413 0.01081174 0.008975616 0.01244941 34.7285 -61.38284 -530.965 -407.616 -122.8609 
1786080760.922 0.01253474 0.01141123 0.008939437 0.01013474 34.80123 -61.59754 -531.44 -407.28 -123.0375 
1786080761.087 0.01699463 0.01633321 0.01100281 0.01459463 34.8615 -61.77544 -531.835 -407.004 -123.1861 
1786080761.256 0.01210875 0.01511003 0.009430227 0.009708746 34.91324 -61.92819 -532.165 -406.76 -123.3105 
1786080761.431 0.01095309 0.01262943 0.008099126 0.008553093 34.95598 -62.05501 -532.44 -406.552 -123.4147 
1786080761.605 0.01065535 0.0113272 0.008850297 0.01222608 34.9895 -62.1533 -532.655 -406.396 -123.4959 
1786080761.782 0.01756297 0.01963449 0.01284475 0.02016297 35.01231 -62.22063 -532.81 -406.296 -123.5556 
1786080761.953 0.01979813 0.02104413 0.01257511 0.02239813 35.02437 -62.25637 -532.89 -406.24 -123.5848 
1786080762.120 0.01787436 0.01755074 0.0112369 0.01547436 35.027 -62.264 -532.905 -406.224 -123.5899 
1786080762.282 0.01787436 0.01755074 0.009966898 0.01547436 35.027 -62.264 -532.9 -406.224 -123.5886 
1786080762.443 0.01787436 0.01755074 0.009966898 0.02047436 35.027 -62.264 -532.905 -406.224 -123.5886 
1786080762.600 0.01787436 0.01355074 0.009966898 0.01547436 35.027 -62.264 -532.905 -406.22 -123.5886 
1786080762.762 0.01787436 0.01755074 0.009966898 0.01547436 35.027 -62.264 -532.905 -406.224 -123.5886 
1786080762.921 0.01787436 0.01755074 0.009966898 0.01547436 35.027 -62.264 -532.905 -406.224 -123.5886 
1786080763.079 0.01787436 0.01755074 0.009966898 0.01047436 35.027 -62.264 -532.905 -406.22 -123.5886 
1786080763.242 0.01287436 0.01755074 0.009966898 0.01547436 35.027 -62.264 -532.9 -406.224 -123.5886 
1786080763.401 0.01787436 0.01755074 0.009966898 0.01547436 35.027 -62.264 -532.905 -406.224 -123.5886 
1786080763.563 0.01787436 0.01755074 0.009966898 0.01547436 35.027 -62.264 -532.905 -406.224 -123.5886 
1786080763.721 0.01787436 0.01755074 0.009966898 0.01547436 35.027 -62.264 -532.905 -406.224 -123.5886 
1786080763.898 0.01787436 0.01755074 0.009966898 0.01547436 35.027 -62.264 -532.905 -406.224 -123.5886 
1786080764.068 0.01287436 0.01355074 0.009966898 0.01047436 35.027 -62.264 -532.9 -406.22 -123.5886 
1786080764.260 0.01287436 0.01355074 0.008696898 0.01547436 35.027 -62.264 -532.9 -406.22 -123.5874 
1786080764.437 0.01287436 0.01355074 0.008696898 0.01547436 35.027 -62.264 -532.9 -406.22 -123.5874 
1786080764.608 0.01287436 0.01355074 0.007426899 0.01047436 35.027 -62.264 -532.9 -406.22 -123.5861 
1786080764.781 0.01404276 0.01404666 0.01027117 0.01717784 35.0222 -62.26252 -532.885 -406.216 -123.5772 
1786080764.954 0.0140853 0.01667443 0.01075957 0.01781858 34.99001 -62.25259 -532.775 -406.188 -123.4997 
1786080765.128 0.01132728 0.01328403 0.00868854 0.01412728 34.9271 -62.23319 -532.555 -406.124 -123.3435 
1786080765.296 0.02032524 0.02042089 0.01172593 0.02024669 34.83667 -62.2053 -532.25 -406.044 -123.1264 
1786080765.462 0.01286509 0.01456144 0.009434922 0.01566509 34.7189 -62.16898 -531.84 -405.924 -122.8381 
1786080765.635 0.01076675 0.01192249 0.01030755 0.01686417 34.56909 -62.12277 -531.325 -405.776 -122.4761 
1786080765.804 0.008442558 0.009207773 0.007446033 0.01012366 34.39418 -62.06883 -530.715 -405.6 -122.0519 
1786080765.964 0.01206854 0.01572895 0.01006022 0.01486854 34.19883 -62.00857 -530.045 -405.412 -121.5859 
1786080766.139 -0.006354205 -0.004252514 0.002081565 0.001483336 33.96704 -61.93709 -529.225 -405.16 -121.0245 
1786080766.307 -0.008226957 -0.009648637 0.0005162359 -0.005426957 33.70345 -61.85579 -528.31 -404.884 -120.3984 
1786080766.478 -0.008313102 -0.008067933 -0.001592776 -0.005513102 33.41237 -61.76601 -527.3 -404.584 -119.7075 
1786080766.650 -0.006758178 -0.008715557 -0.004446551 -0.007093607 33.08064 -61.6637 -526.145 -404.236 -118.9341 
1786080766.816 -0.005732413 -0.01006338 -0.005527813 -0.007932413 32.74789 -61.56042 -524.98 -403.876 -118.1581 
1786080766.987 -0.01024086 -0.007768784 -0.006758431 -0.007440856 32.36817 -61.44396 -523.655 -403.46 -117.2869 
1786080767.157 -0.01183419 -0.0115111 -0.007494761 -0.01036373 31.96173 -61.31861 -522.235 -403.008 -116.37 
1786080767.318 -0.022145 -0.02324969 -0.01118383 -0.02007567 31.53958 -61.18841 -520.745 -402.52 -115.42 
1786080767.481 -0.01811145 -0.02115664 -0.01111835 -0.02031145 31.09859 -61.0524 -519.2 -402.008 -114.4447 
1786080767.646 -0.02142279 -0.02097463 -0.01155639 -0.01862279 30.62546 -60.90648 -517.53 -401.448 -113.4109 
1786080767.814 -0.01762466 -0.01615189 -0.009348961 -0.01374354 30.11284 -60.74837 -515.725 -400.832 -112.3098 
1786080767.974 -0.01754625 -0.01476536 -0.00885591 -0.01474625 29.5919 -60.58771 -513.88 -400.188 -111.2062 
1786080768.137 -0.01571764 -0.01322093 -0.009261786 -0.0156379 29.04812 -60.42 -511.95 -399.5 -110.072 
1786080768.299 -0.01697878 -0.01605533 -0.00979498 -0.01417878 28.47123 -60.24207 -509.9 -398.748 -108.8897 
1786080768.475 -0.01510868 -0.01334416 -0.008982135 -0.01378385 27.84121 -60.04776 -507.655 -397.912 -107.6248 
1786080768.647 -0.01693322 -0.01626113 -0.009243073 -0.01494749 27.15851 -59.8372 -505.22 -396.976 -106.2824 
1786080768.825 -0.01231902 -0.01417331 -0.009023339 -0.01496404 26.43649 -59.61452 -502.635 -395.964 -104.8968 
1786080768.988 -0.01552892 -0.01409697 -0.008974476 -0.01272892 25.74322 -59.4007 -500.145 -394.964 -103.5989 
1786080769.160 -0.01315454 -0.01423376 -0.00818288 -0.01035454 24.98732 -59.16756 -497.43 -393.844 -102.2209 
1786080769.325 -0.01175703 -0.01248483 -0.007876482 -0.01395703 24.23437 -58.93534 -494.72 -392.7 -100.8861 
1786080769.486 -0.01018777 -0.0124236 -0.00777501 -0.007387771 23.46376 -58.69767 -491.94 -391.496 -99.55899 
1786080769.646 -0.0133309 -0.01089475 -0.007620604 -0.0105309 22.68156 -58.45642 -489.115 -390.244 -98.2547 
1786080769.814 -0.01277651 -0.01204883 -0.008530509 -0.0114172 21.85316 -58.20093 -486.12 -388.88 -96.91739 
1786080769.979 -0.008808521 -0.01114939 -0.007515001 -0.01100852 20.97675 -57.93063 -482.955 -387.4 -95.55595 
1786080770.142 -0.01321156 -0.0121431 -0.008443118 -0.01041156 20.1103 -57.66339 -479.815 -385.896 -94.25293 
1786080770.308 -0.01115484 -0.01101525 -0.007344985 -0.008354838 19.18418 -57.37776 -476.465 -384.248 -92.93594 
1786080770.472 -0.009864239 -0.009340763 -0.006504741 -0.01206424 18.23605 -57.08534 -473.035 -382.516 -91.64181 
1786080770.646 -0.009783021 -0.008634114 -0.007977042 -0.01041854 17.23046 -56.7752 -469.4 -380.628 -90.33625 
1786080770.823 -0.006226103 -0.005729689 -0.007350523 -0.008426103 16.17123 -56.44851 -465.575 -378.588 -89.04085 
1786080771.006 -0.01061074 -0.008563581 -0.007004428 -0.01002863 15.0305 -56.09668 -461.46 -376.324 -87.73529 
1786080771.180 -0.0103744 -0.009145225 -0.007208711 -0.0075744 13.90862 -55.75067 -457.42 -374.036 -86.5415 
1786080771.354 -0.009367544 -0.009396445 -0.007162017 -0.01156754 12.75591 -55.39515 -453.285 -371.624 -85.40993 
1786080771.540 -0.00979266 -0.007925135 -0.008383032 -0.009158346 11.52454 -55.01538 -448.88 -368.98 -84.3063 
1786080771.728 -0.005692926 -0.009255755 -0.007758332 -0.01289293 10.20388 -54.60806 -444.185 -366.064 -83.24712 
1786080771.916 -0.005786705 -0.008904049 -0.007087662 -0.007986705 8.897861 -54.20526 -439.56 -363.104 -82.3251 
1786080772.099 -0.005141949 -0.005767671 -0.006743745 -0.007341949 7.513611 -53.77833 -434.69 -359.888 -81.48436 
1786080772.271 -0.006943209 -0.009203358 -0.008083514 -0.009143209 6.200133 -53.37322 -430.1 -356.756 -80.81634 
1786080772.443 -0.008936481 -0.008116834 -0.008394468 -0.006136481 4.895006 -52.9707 -425.57 -353.572 -80.27786 
1786080772.609 -0.01013704 -0.007283131 -0.007862741 -0.007337043 3.576545 -52.56406 -421.035 -350.288 -79.86384 
1786080772.822 -0.004879444 -0.003645895 -0.008223342 -0.007079444 1.994813 -52.07622 -415.655 -346.26 -79.53618 
1786080773.032 -0.005948519 -0.004793693 -0.007798267 -0.01031907 0.2659962 -51.54302 -409.84 -341.744 -79.3914 
1786080773.237 -0.003829745 -0.009810614 -0.008598783 -0.01102975 -1.498611 -50.99878 -404 -337.02 -79.47141 
1786080773.404 -0.005928616 -0.003591221 -0.009578712 -0.008128616 -3.018387 -50.53005 -399.04 -332.876 -79.72541 
1786080773.575 -0.002562761 0.001005455 -0.00893598 -0.009762761 -4.53354 -50.06275 -394.175 -328.668 -80.15086 
1786080773.749 -0.008546035 -0.0009832203 -0.009758236 -0.01074604 -6.087247 -49.58355 -389.26 -324.272 -80.76173 
1786080773.939 -0.001972023 0.00514163 -0.00971921 -0.01235702 -7.782699 -49.0579 -383.95 -319.348 -81.64946 
1786080774.120 -0.01021984 0.00352056 -0.01085701 -0.007419844 -9.426155 -48.55377 -379.005 -314.604 -82.67943 
1786080774.296 -0.003634328 0.008390837 -0.01030897 -0.007630723 -11.22582 -47.99871 -373.665 -309.272 -84.05357 
1786080774.462 -0.00434613 0.004683419 -0.01120694 -0.00654613 -12.81677 -47.50803 -369.055 -304.496 -85.46327 
1786080774.632 -0.004342539 0.009015297 -0.01186605 -0.008775107 -14.49389 -46.99078 -364.315 -299.408 -87.14855 
1786080774.817 -0.005688343 0.005274769 -0.01185712 -0.005465613 -16.32177 -46.42702 -359.285 -293.796 -89.21611 
1786080774.988 -0.002955768 0.005698571 -0.01103978 -0.005155768 -18.08982 -45.88172 -354.58 -288.32 -91.44369 
1786080775.154 -0.005107726 0.005264707 -0.01279098 -0.007307726 -19.83041 -45.34489 -350.09 -282.888 -93.84907 
1786080775.323 -0.006217371 0.00168917 -0.01227151 -0.008417371 -21.56106 -44.81112 -345.775 -277.448 -96.45384 
1786080775.489 -0.007005786 0.002649465 -0.01169224 -0.004205786 -23.25338 -44.28918 -341.705 -272.108 -99.20085 
1786080775.649 -0.00620374 0.003245953 -0.01137583 -0.00840374 -24.83891 -43.80017 -338.03 -267.088 -101.9517 
1786080775.818 -0.006713276 -0.0003126824 -0.01229317 -0.008913276 -26.43767 -43.30708 -334.46 -261.98 -104.9146 
1786080775.988 -0.008889801 -0.005568768 -0.01102203 -0.006164521 -28.08524 -42.79894 -330.925 -256.776 -108.1099 
1786080776.155 -0.009188904 -0.003648929 -0.01115694 -0.006388904 -29.64739 -42.31714 -327.715 -251.816 -111.3205 
1786080776.321 -0.005157656 -0.008321819 -0.01134078 -0.007357656 -31.20004 -41.83827 -324.665 -246.888 -114.6682 
1786080776.483 -0.008660833 -0.004760598 -0.01069322 -0.004337473 -32.68902 -41.37904 -321.865 -242.18 -118.0222 
1786080776.661 -0.006611981 -0.007221506 -0.01069804 -0.008393049 -34.22123 -40.90648 -319.12 -237.352 -121.6189 
1786080776.831 -0.003896045 -0.000907958 -0.01131969 -0.006096045 -35.75003 -40.43496 -316.52 -232.564 -125.3501 
1786080776.994 -0.007698399 -0.006001119 -0.01141513 -0.009898399 -37.14644 -40.00429 -314.26 -228.204 -128.882 
1786080777.158 -0.007139396 -0.004160775 -0.01113843 -0.004339396 -38.49949 -39.58698 -312.185 -224.012 -132.4151 
1786080777.326 -0.005779466 -0.006331251 -0.00953713 -0.006485566 -39.90027 -39.15495 -310.155 -219.7 -136.1858 
1786080777.491 -0.005295655 -0.005213539 -0.009857638 -0.007495655 -41.24013 -38.74171 -308.32 -215.612 -139.8954 
1786080777.660 -0.003988217 -0.007447271 -0.009530872 -0.006416353 -42.55258 -38.33692 -306.63 -211.64 -143.6267 
1786080777.823 -0.003735322 -0.008913939 -0.009771909 -0.005935322 -43.82942 -37.94312 -305.085 -207.812 -147.3478 
1786080777.985 -0.001735256 -0.004335481 -0.009809537 -0.008935256 -45.06442 -37.56222 -303.685 -204.152 -151.0295 
1786080778.160 -0.005653892 -0.004425364 -0.009197556 -0.005369394 -46.30206 -37.18051 -302.37 -200.52 -154.8001 
1786080778.327 -0.008448606 -0.01159335 -0.008822692 -0.005648606 -47.55462 -36.7942 -301.14 -196.884 -158.6965 
1786080778.496 -0.004795358 -0.009983041 -0.008829403 -0.006995358 -48.75631 -36.42357 -300.05 -193.444 -162.5078 
1786080778.666 -0.004538972 -0.00956047 -0.008695184 -0.006738972 -49.91572 -36.06599 -299.08 -190.168 -166.2517 
1786080778.836 -0.006662875 -0.004353422 -0.008595818 -0.003862875 -51.06653 -35.71105 -298.195 -186.944 -170.0541 
1786080779.004 -0.006739199 -0.008089885 -0.007163328 -0.008939199 -52.17561 -35.36899 -297.42 -183.912 -173.7346 
1786080779.166 -0.00565207 -0.01092395 -0.007873817 -0.00785207 -53.21774 -35.04758 -296.76 -181.084 -177.2639 
1786080779.327 -0.007389186 -0.01000964 -0.008055805 -0.00624437 -54.21533 -34.7399 -296.185 -178.42 -180.6865 
1786080779.491 -0.007551357 -0.008132255 -0.007641284 -0.004751357 -55.21086 -34.43286 -295.675 -175.8 -184.1473 
1786080779.663 -0.00896292 -0.005565221 -0.006581297 -0.008690368 -56.21459 -34.12329 -295.22 -173.2 -187.6792 
1786080779.839 -0.002219203 -0.004965191 -0.005513515 -0.007354369 -57.21783 -33.81387 -294.825 -170.64 -191.2504 
1786080780.005 -0.005872049 -0.008199815 -0.006627386 -0.003072049 -58.15223 -33.52568 -294.51 -168.292 -194.6121 
1786080780.175 -0.007728019 -0.006159613 -0.00527537 -0.00355608 -59.05771 -33.24641 -294.25 -166.06 -197.9039 
1786080780.351 -0.00742451 -0.007743868 -0.006887494 -0.00462451 -59.9815 -32.9615 -294.035 -163.816 -201.2923 
1786080780.519 -0.002793445 -0.005224481 -0.004191803 -0.004993445 -60.8396 -32.69685 -293.88 -161.76 -204.4901 
1786080780.682 -0.002026099 -0.003923798 -0.002534191 -0.003697405 -61.63958 -32.45012 -293.78 -159.896 -207.4594 
1786080780.848 -0.003639774 -0.005977194 -0.002278085 -0.005839774 -62.40831 -32.21302 -293.71 -158.12 -210.3499 
1786080781.013 -0.004316295 -0.004958519 0.0005044473 -0.006516295 -63.16838 -31.9786 -293.675 -156.396 -213.2303 
1786080781.175 -0.006559607 -0.008989867 0.001413036 -0.003959607 -63.88325 -31.75812 -293.67 -154.796 -215.9557 
1786080781.334 -0.004874406 -0.005315799 0.002908269 -0.007274406 -64.555 -31.55094 -293.695 -153.324 -218.5325 
1786080781.499 -0.007629214 -0.004744584 0.005495289 -0.00538784 -65.22538 -31.34418 -293.74 -151.872 -221.1195 
1786080781.659 -0.009455315 -0.008727304 0.006011857 -0.006855315 -65.8495 -31.15169 -293.805 -150.544 -223.5376 
1786080781.827 -0.006926324 -0.0096785 0.005942903 -0.009903322 -66.46993 -30.96034 -293.895 -149.244 -225.9544 
1786080781.996 -0.005635972 -0.008010318 0.006865254 -0.003035972 -67.06267 -30.77753 -294 -148.024 -228.2747 
1786080782.166 -0.005215388 -0.007801318 0.007734243 -0.002615388 -67.64468 -30.59701 -294.125 -146.836 -230.5747 
1786080782.336 -0.001289654 -0.002191867 0.008219798 -0.003689654 -68.20035 -30.42664 -294.255 -145.74 -232.7552 
1786080782.510 -0.005460328 -0.00773526 0.007076134 -0.002860328 -68.72657 -30.26435 -294.39 -144.7 -234.838 
1786080782.679 -0.00345806 -0.004715639 0.00774393 -0.0008580602 -69.21762 -30.1129 -294.535 -143.752 -236.79 
1786080782.839 -0.004361386 -0.004362987 0.007884003 -0.001761386 -69.66388 -29.97526 -294.675 -142.9 -238.5693 
1786080783.005 -0.006200403 -0.005929635 0.007681992 -0.008600403 -70.08333 -29.8459 -294.815 -142.104 -240.2546 
1786080783.178 -0.001435641 -0.006175364 0.008757658 -0.003835641 -70.48729 -29.72131 -294.965 -141.356 -241.8662 
1786080783.342 -0.003085703 -0.004101284 0.008620492 -0.005485703 -70.86072 -29.60613 -295.105 -140.672 -243.3661 
1786080783.509 -0.003755145 -0.004377922 0.007746535 -0.006155145 -71.20191 -29.50091 -295.24 -140.052 -244.739 
1786080783.681 -0.00520822 -0.007166513 0.008409235 -0.003370234 -71.52098 -29.4025 -295.37 -139.476 -246.0267 
1786080783.867 -0.002926459 -0.005702705 0.009132892 -0.005326459 -71.83908 -29.30439 -295.51 -138.912 -247.3132 
1786080784.034 -0.004519969 -0.00468615 0.009096666 -0.001919969 -72.10104 -29.2236 -295.625 -138.448 -248.3788 
1786080784.195 0.009351341 0.005351959 0.01410445 0.01195134 -72.32223 -29.15538 -295.74 -138.076 -249.2754 
1786080784.367 0.01607854 0.01485251 0.01495153 0.01367854 -72.52166 -29.09387 -295.84 -137.74 -250.0857 
1786080784.540 0.0136377 0.01414407 0.01472737 0.0162377 -72.70487 -29.03736 -295.925 -137.424 -250.8299 
1786080784.705 0.01532589 0.01498131 0.01377462 0.01292589 -72.84564 -28.99395 -295.995 -137.184 -251.4014 
1786080784.870 0.013442 0.01202641 0.01536003 0.016042 -72.96135 -28.95826 -296.05 -136.984 -251.8738 
1786080785.045 0.01351228 0.01349198 0.01409732 0.01611228 -73.0518 -28.93036 -296.095 -136.832 -252.2408 
1786080785.216 0.01362225 0.01055409 0.01337367 0.01122225 -73.11153 -28.91194 -296.125 -136.728 -252.4834 
1786080785.383 0.01327355 0.01013524 0.01342437 0.01087355 -73.14206 -28.90252 -296.14 -136.676 -252.6079 
1786080785.554 0.01078864 0.01046617 0.01236595 0.01338864 -73.147 -28.901 -296.14 -136.668 -252.6269 
1786080785.714 0.01078864 0.01046617 0.01236595 0.008388636 -73.147 -28.901 -296.14 -136.668 -252.6269 
1786080785.875 0.01078864 0.01046617 0.01236595 0.01338864 -73.147 -28.901 -296.14 -136.668 -252.6269 
1786080786.034 0.01078864 0.01046617 0.01109595 0.01338864 -73.147 -28.901 -296.14 -136.668 -252.6257 
1786080786.195 0.01578864 0.01046617 0.01236595 0.01338864 -73.147 -28.901 -296.145 -136.668 -252.6269 
1786080786.370 0.01078864 0.01046617 0.01109595 0.01338864 -73.147 -28.901 -296.14 -136.668 -252.6257 
1786080786.529 0.01078864 0.01046617 0.01109595 0.008388636 -73.147 -28.901 -296.14 -136.668 -252.6257 
1786080786.686 0.01078864 0.01046617 0.009825954 0.008388636 -73.147 -28.901 -296.14 -136.668 -252.6244 
1786080786.844 0.01078864 0.01046617 0.009825954 0.008388636 -73.147 -28.901 -296.14 -136.668 -252.6244 
1786080787.004 0.01078864 0.01046617 0.009825954 0.008388636 -73.147 -28.901 -296.14 -136.668 -252.6244 
1786080787.161 0.01078864 0.01046617 0.009825954 0.008388636 -73.147 -28.901 -296.14 -136.668 -252.6244 
1786080787.326 0.01078864 0.01046617 0.008555954 0.008388636 -73.147 -28.901 -296.135 -136.664 -252.6231 
1786080787.488 0.01078864 0.01046617 0.008555954 0.008388636 -73.147 -28.901 -296.14 -136.668 -252.6231 
1786080787.647 0.01078864 0.01046617 0.009825954 0.008388636 -73.147 -28.901 -296.14 -136.668 -252.6231 
1786080787.806 0.01078864 0.006466175 0.008555954 0.008388636 -73.147 -28.901 -296.14 -136.664 -252.6231 
1786080787.966 0.01078864 0.006466175 0.008555954 0.008388636 -73.147 -28.901 -296.135 -136.664 -252.6231 
1786080788.126 0.005854473 0.006291419 0.008955955 0.009704473 -73.1469 -28.90103 -296.135 -136.664 -252.6231 
1786080788.301 0.02140695 0.0182563 0.01341553 0.01932652 -73.13098 -28.90669 -296.14 -136.704 -252.5634 
1786080788.472 0.01318305 0.01353318 0.01271974 0.01598305 -73.08364 -28.92351 -296.1 -136.784 -252.3691 
1786080788.638 0.0177201 0.01653892 0.01490789 0.0205201 -73.0092 -28.94995 -296.055 -136.92 -252.0681 
1786080788.809 0.01441747 0.01567856 0.01299888 0.01721747 -72.90755 -28.98606 -295.985 -137.1 -251.6528 
1786080788.998 0.01270246 0.01330779 0.01321331 0.01550246 -72.75804 -29.03918 -295.885 -137.368 -251.0445 
1786080789.158 0.009860433 0.01124655 0.01190346 0.01266043 -72.59995 -29.09534 -295.78 -137.652 -250.4006 
1786080789.328 0.009258837 0.00791256 0.01203756 0.01282527 -72.41133 -29.16234 -295.66 -137.992 -249.6348 
1786080789.491 0.003928617 0.0001745038 0.007843434 0.006728617 -72.19757 -29.23828 -295.52 -138.376 -248.7636 
1786080789.650 -0.007702657 -0.01055488 0.006719864 9.734304e-05 -71.96428 -29.32115 -295.365 -138.796 -247.8174 
1786080789.809 -0.008000942 -0.009288237 0.006994628 -0.0002009425 -71.70712 -29.4125 -295.21 -139.276 -246.7773 
1786080789.968 -0.008242195 -0.008234938 0.007564204 -0.0004421946 -71.42651 -29.51219 -295.045 -139.804 -245.6368 
1786080790.131 -0.002964328 -0.01054723 0.008252985 0.0009712221 -71.1088 -29.62505 -294.865 -140.404 -244.3643 
1786080790.297 -0.004777685 -0.00233668 0.00819829 0.009208844 -70.76857 -29.74591 -294.68 -141.064 -242.9953 
1786080790.463 -0.01549167 -0.01959724 0.0006675761 -0.01269167 -70.38809 -29.88107 -294.465 -141.784 -241.4598 
1786080790.625 -0.01744518 -0.02033941 -0.006276029 -0.01464518 -69.99194 -30.0218 -294.26 -142.56 -239.866 
1786080790.793 -0.01774085 -0.02208195 -0.007954726 -0.01494085 -69.56383 -30.17389 -294.05 -143.408 -238.154 
1786080790.963 -0.01454701 -0.01714301 -0.006660002 -0.01546031 -69.1028 -30.33766 -293.84 -144.34 -236.3189 
1786080791.150 -0.01433474 -0.02057137 -0.007163822 -0.01153474 -68.54141 -30.53709 -293.595 -145.484 -234.09 
1786080791.330 -0.01516037 -0.0167382 -0.005802243 -0.01236037 -67.97892 -30.73691 -293.365 -146.652 -231.8662 
1786080791.499 -0.01572889 -0.01738105 -0.007047098 -0.01292889 -67.41792 -30.9362 -293.155 -147.832 -229.6552 
1786080791.664 -0.01565359 -0.01556711 -0.006691568 -0.01285359 -66.84577 -31.13945 -292.96 -149.056 -227.4111 
1786080791.830 -0.01258238 -0.01514345 -0.00682167 -0.01478238 -66.25007 -31.35107 -292.78 -150.348 -225.0845 
1786080791.998 -0.01431132 -0.01607795 -0.005467102 -0.01151132 -65.61225 -31.57908 -292.605 -151.76 -222.5889 
1786080792.165 -0.008791805 -0.01440767 -0.005522817 -0.0109918 -64.94583 -31.81439 -292.455 -153.244 -220.0286 
1786080792.338 -0.01164352 -0.01540752 -0.005324072 -0.008843523 -64.2344 -32.06711 -292.315 -154.86 -217.293 
1786080792.506 -0.01191163 -0.01498975 -0.005717984 -0.009111627 -63.50231 -32.32718 -292.205 -156.564 -214.4774 
1786080792.670 -0.009191081 -0.01218458 -0.0033237 -0.01100982 -62.76391 -32.58949 -292.13 -158.288 -211.6923 
1786080792.838 -0.01261646 -0.01387881 -0.00347023 -0.009816459 -61.99849 -32.8614 -292.08 -160.112 -208.8043 
1786080793.023 -0.008648236 -0.01389332 -0.005269288 -0.01104824 -61.1175 -33.17436 -292.075 -162.248 -205.5049 
1786080793.203 -0.01256411 -0.01407938 -0.006127726 -0.009964108 -60.23359 -33.48836 -292.11 -164.428 -202.2232 
1786080793.386 -0.007934311 -0.01201554 -0.005470717 -0.01239948 -59.2711 -33.83028 -292.21 -166.844 -198.6837 
1786080793.555 -0.007374387 -0.01088803 -0.005535753 -0.009774387 -58.35013 -34.15744 -292.36 -169.208 -195.3106 
1786080793.725 -0.01044533 -0.01448929 -0.00238731 -0.007845328 -57.39984 -34.49503 -292.565 -171.656 -191.9057 
1786080793.886 -0.008514101 -0.01466221 -0.005038267 -0.0109141 -56.48885 -34.81864 -292.82 -174.052 -188.6533 
1786080794.056 -0.008526133 -0.01294896 -0.003053558 -0.01092613 -55.4993 -35.17017 -293.155 -176.696 -185.162 
1786080794.217 -0.007892684 -0.01154994 -0.0004636231 -0.01029268 -54.51766 -35.51889 -293.55 -179.356 -181.7406 
1786080794.383 -0.009545818 -0.01055019 -0.0004104184 -0.006945818 -53.5155 -35.8749 -294.015 -182.108 -178.2888 
1786080794.587 -0.009767992 -0.00813243 -0.001814727 -0.006269478 -52.29281 -36.30925 -294.68 -185.536 -174.113 
1786080794.760 -0.009680535 -0.01016352 -0.005238034 -0.005931896 -51.19099 -36.70066 -295.35 -188.628 -170.4478 
1786080794.931 -0.006373102 -0.007016427 1.279734 -0.007890913 -50.19173 -37.05563 -296.035 -191.488 -168.4298 
1786080795.120 -0.009596574 -0.007146866 2.490496 -0.006996574 -49.21061 -37.40417 -296.765 -194.324 -166.4727 
1786080795.309 0 0 0 0 -49.16426 -37.42063 -296.625 -194.46 -166.3216 
1786080795.507 0 0 0 0 -49.16426 -37.42063 -296.62 -194.468 -166.3216 
1786080795.712 0 0 0 0 -49.16426 -37.42063 -296.62 -194.468 -166.3216 
1786080795.898 0 0 0 0 -49.16426 -37.42063 -296.62 -194.468 -166.3216 
1786080796.077 0 0 0 0 -49.16426 -37.42063 -296.62 -194.468 -166.3216 
1786080796.248 0 0 0 0 -49.16426 -37.42063 -296.62 -194.468 -166.3216 
1786080796.417 0 0 0 0 -49.16426 -37.42063 -296.62 -194.468 -166.3216 
1786080796.690 0 0 0 0 -49.16426 -37.42063 -296.62 -194.468 -166.3216 
1786080796.929 0 0 0 0 -49.16426 -37.42063 -296.62 -194.468 -166.3216 
1786080797.150 0 0 0 0 -49.16426 -37.42063 -296.62 -194.468 -166.3216 
1786080797.349 0 0 0 0 -49.16426 -37.42063 -296.62 -194.468 -166.3216 
1786080797.514 0 0 0 0 -49.16426 -37.42063 -296.62 -194.468 -166.3216 
1786080797.679 0 0 0 0 -49.16426 -37.42063 -296.62 -194.468 -166.3216 
1786080797.842 0 0 0 0 -49.16426 -37.42063 -296.62 -194.468 -166.3216 
1786080798.004 0 0 0 0 -49.16426 -37.42063 -296.62 -194.468 -166.3216 
1786080798.169 0 0 0 0 -49.16426 -37.42063 -296.62 -194.468 -166.3216 
1786080798.332 0 0 0 0 -49.16426 -37.42063 -296.62 -194.468 -166.3216 
1786080798.522 0 0 0 0 -49.16426 -37.42063 -296.62 -194.468 -166.3216 
1786080798.687 0 0 0 0 -49.16426 -37.42063 -296.62 -194.468 -166.3216 
1786080798.888 0 0 0 0 -49.16426 -37.42063 -296.62 -194.468 -166.3216 
1786080799.061 0 0 0 0 -49.16426 -37.42063 -296.62 -194.468 -166.3216 
1786080799.230 0 0 0 0 -49.16426 -37.42063 -296.62 -194.468 -166.3216 
1786080799.395 0 0 0 0 -49.16426 -37.42063 -296.62 -194.468 -166.3216 
1786080799.579 0 0 0 0 -49.16426 -37.42063 -296.62 -194.468 -166.3216 
1786080799.747 0 0 0 0 -49.16426 -37.42063 -296.62 -194.468 -166.3216 
1786080799.919 0 0 0 0 -49.16426 -37.42063 -296.62 -194.468 -166.3216 
1786080800.079 0 0 0 0 -49.16426 -37.42063 -296.62 -194.468 -166.3216 
1786080800.237 0 0 0 0 -49.16426 -37.42063 -296.62 -194.468 -166.3216 
1786080800.402 0 0 0 0 -49.16426 -37.42063 -296.62 -194.468 -166.3216 
1786080800.566 0 0 0 0 -49.16426 -37.42063 -296.62 -194.468 -166.3216 
1786080800.728 0 0 0 0 -49.16426 -37.42063 -296.62 -194.468 -166.3216 
1786080800.900 0 0 0 0 -49.16426 -37.42063 -296.62 -194.468 -166.3216 
1786080801.064 0 0 0 0 -49.16426 -37.42063 -296.62 -194.468 -166.3216 
1786080801.229 0 0 0 0 -49.16426 -37.42063 -296.62 -194.468 -166.3216 
1786080801.398 0 0 0 0 -49.16426 -37.42063 -296.62 -194.468 -166.3216 
1786080801.568 0 0 0 0 -49.16426 -37.42063 -296.62 -194.468 -166.3216 
1786080801.728 0 0 0 0 -49.16426 -37.42063 -296.62 -194.468 -166.3216 
1786080801.890 0 0 0 0 -49.16426 -37.42063 -296.62 -194.468 -166.3216 
1786080802.049 0 0 0 0 -49.16426 -37.42063 -296.62 -194.468 -166.3216 
1786080802.209 0 0 0 0 -49.16426 -37.42063 -296.62 -194.468 -166.3216 
1786080802.368 0 0 0 0 -49.16426 -37.42063 -296.62 -194.468 -166.3216 
1786080802.535 0 0 0 0 -49.16426 -37.42063 -296.62 -194.468 -166.3216 
1786080802.694 0 0 0 0 -49.16426 -37.42063 -296.62 -194.468 -166.3216 
1786080802.856 0 0 0 0 -49.16426 -37.42063 -296.62 -194.468 -166.3216 
1786080803.017 0 0 0 0 -49.16426 -37.42063 -296.62 -194.468 -166.3216 
1786080803.175 0 0 0 0 -49.16426 -37.42063 -296.62 -194.468 -166.3216 
1786080803.337 0 0 0 0 -49.16426 -37.42063 -296.62 -194.468 -166.3216 
1786080803.502 0 0 0 0 -49.16426 -37.42063 -296.62 -194.468 -166.3216 
1786080803.663 0 0 0 0 -49.16426 -37.42063 -296.62 -194.468 -166.3216 
1786080803.821 0 0 0 0 -49.16426 -37.42063 -296.62 -194.468 -166.3216 
1786080803.981 0 0 0 0 -49.16426 -37.42063 -296.62 -194.468 -166.3216 
1786080804.142 0 0 0 0 -49.16426 -37.42063 -296.62 -194.468 -166.3216 
1786080804.299 0 0 0 0 -49.16426 -37.42063 -296.62 -194.468 -166.3216 
1786080804.458 0 0 0 0 -49.16426 -37.42063 -296.62 -194.468 -166.3216 
1786080804.617 0 0 0 0 -49.16426 -37.42063 -296.62 -194.468 -166.3216 
1786080804.777 0 0 0 0 -49.16426 -37.42063 -296.62 -194.468 -166.3216 
1786080804.935 0 0 0 0 -49.16426 -37.42063 -296.62 -194.468 -166.3216 
1786080805.095 0 0 0 0 -49.16426 -37.42063 -296.62 -194.468 -166.3216 
1786080805.252 0 0 0 0 -49.16426 -37.42063 -296.62 -194.468 -166.3216 
1786080805.420 0 0 0 0 -49.16426 -37.42063 -296.62 -194.468 -166.3216 
1786080805.580 0 0 0 0 -49.16426 -37.42063 -296.62 -194.468 -166.3216 
1786080805.738 0 0 0 0 -49.16426 -37.42063 -296.62 -194.468 -166.3216 
1786080805.902 0 0 0 0 -49.16426 -37.42063 -296.62 -194.468 -166.3216 
1786080806.066 0 0 0 0 -49.16426 -37.42063 -296.62 -194.468 -166.3216 
1786080806.223 0 0 0 0 -49.16426 -37.42063 -296.62 -194.468 -166.3216 
1786080806.386 0 0 0 0 -49.16426 -37.42063 -296.62 -194.468 -166.3216 
1786080806.544 0 0 0 0 -49.16426 -37.42063 -296.62 -194.468 -166.3216 
1786080806.702 0 0 0 0 -49.16426 -37.42063 -296.62 -194.468 -166.3216 
1786080806.862 0 0 0 0 -49.16426 -37.42063 -296.62 -194.468 -166.3216 
1786080807.022 0 0 0 0 -49.16426 -37.42063 -296.62 -194.468 -166.3216 
1786080807.180 0 0 0 0 -49.16426 -37.42063 -296.62 -194.468 -166.3216 
1786080807.340 0 0 0 0 -49.16426 -37.42063 -296.62 -194.468 -166.3216 
1786080807.498 0 0 0 0 -49.16426 -37.42063 -296.62 -194.468 -166.3216 
1786080807.656 0 0 0 0 -49.16426 -37.42063 -296.62 -194.468 -166.3216 
1786080807.813 0 0 0 0 -49.16426 -37.42063 -296.62 -194.468 -166.3216 
1786080807.975 0 0 0 0 -49.16426 -37.42063 -296.62 -194.468 -166.3216 
1786080808.134 0 0 0 0 -49.16426 -37.42063 -296.62 -194.468 -166.3216 
1786080808.298 0 0 0 0 -49.16426 -37.42063 -296.62 -194.468 -166.3216 
1786080808.459 0 0 0 0 -49.16426 -37.42063 -296.62 -194.468 -166.3216 
1786080808.616 0 0 0 0 -49.16426 -37.42063 -296.62 -194.468 -166.3216 
1786080808.774 0 0 0 0 -49.16426 -37.42063 -296.62 -194.468 -166.3216 
1786080808.931 0 0 0 0 -49.16426 -37.42063 -296.62 -194.468 -166.3216 
1786080809.089 0 0 0 0 -49.16426 -37.42063 -296.62 -194.468 -166.3216 
1786080809.253 0 0 0 0 -49.16426 -37.42063 -296.62 -194.468 -166.3216 
1786080809.411 0 0 0 0 -49.16426 -37.42063 -296.62 -194.468 -166.3216 
1786080809.568 0 0 0 0 -49.16426 -37.42063 -296.62 -194.468 -166.3216 
1786080809.730 0 0 0 0 -49.16426 -37.42063 -296.62 -194.468 -166.3216 
1786080809.888 0 0 0 0 -49.16426 -37.42063 -296.62 -194.468 -166.3216 
1786080810.048 0 0 0 0 -49.16426 -37.42063 -296.62 -194.468 -166.3216 
1786080810.207 0 0 0 0 -49.16426 -37.42063 -296.62 -194.468 -166.3216 
1786080810.366 0 0 0 0 -49.16426 -37.42063 -296.62 -194.468 -166.3216 
1786080810.539 0 0 0 0 -49.16426 -37.42063 -296.62 -194.468 -166.3216 
1786080810.698 0 0 0 0 -49.16426 -37.42063 -296.62 -194.468 -166.3216 
1786080810.856 0 0 0 0 -49.16426 -37.42063 -296.62 -194.468 -166.3216 
1786080811.014 0 0 0 0 -49.16426 -37.42063 -296.62 -194.468 -166.3216 
1786080811.174 0 0 0 0 -49.16426 -37.42063 -296.62 -194.468 -166.3216 
1786080811.331 0 0 0 0 -49.16426 -37.42063 -296.62 -194.468 -166.3216 
1786080811.489 0 0 0 0 -49.16426 -37.42063 -296.62 -194.468 -166.3216 
1786080811.646 0 0 0 0 -49.16426 -37.42063 -296.62 -194.468 -166.3216 
1786080811.807 0 0 0 0 -49.16426 -37.42063 -296.62 -194.468 -166.3216 
1786080811.970 0 0 0 0 -49.16426 -37.42063 -296.62 -194.468 -166.3216 
1786080812.127 0 0 0 0 -49.16426 -37.42063 -296.62 -194.468 -166.3216 
1786080812.287 0 0 0 0 -49.16426 -37.42063 -296.62 -194.468 -166.3216 
1786080812.444 0 0 0 0 -49.16426 -37.42063 -296.62 -194.468 -166.3216 
1786080812.609 0 0 0 0 -49.16426 -37.42063 -296.62 -194.468 -166.3216 
1786080812.770 0 0 0 0 -49.16426 -37.42063 -296.62 -194.468 -166.3216 
1786080812.963 0 0 0 0 -49.16426 -37.42063 -296.62 -194.468 -166.3216 
1786080813.154 0 0 0 0 -49.16426 -37.42063 -296.62 -194.468 -166.3216 
1786080813.318 0 0 0 0 -49.16426 -37.42063 -296.62 -194.468 -166.3216 
1786080813.481 0 0 0 0 -49.16426 -37.42063 -296.62 -194.468 -166.3216 
1786080813.644 0 0 0 0 -49.16426 -37.42063 -296.62 -194.468 -166.3216 
1786080813.807 0 0 0 0 -49.16426 -37.42063 -296.62 -194.468 -166.3216 
1786080813.965 0 0 0 0 -49.16426 -37.42063 -296.62 -194.468 -166.3216 
1786080814.128 0 0 0 0 -49.16426 -37.42063 -296.62 -194.468 -166.3216 
1786080814.285 0 0 0 0 -49.16426 -37.42063 -296.62 -194.468 -166.3216 
1786080814.445 0 0 0 0 -49.16426 -37.42063 -296.62 -194.468 -166.3216 
1786080814.603 0 0 0 0 -49.16426 -37.42063 -296.62 -194.468 -166.3216 
1786080814.769 0 0 0 0 -49.16426 -37.42063 -296.62 -194.468 -166.3216 
1786080814.929 0 0 0 0 -49.16426 -37.42063 -296.62 -194.468 -166.3216 
1786080815.089 0 0 0 0 -49.16426 -37.42063 -296.62 -194.468 -166.3216 
1786080815.248 0 0 0 0 -49.16426 -37.42063 -296.62 -194.468 -166.3216 
1786080815.410 0 0 0 0 -49.16426 -37.42063 -296.62 -194.468 -166.3216 
1786080815.569 0 0 0 0 -49.16426 -37.42063 -296.62 -194.468 -166.3216 
1786080815.727 0 0 0 0 -49.16426 -37.42063 -296.62 -194.468 -166.3216 
1786080815.886 0 0 0 0 -49.16426 -37.42063 -296.62 -194.468 -166.3216 
1786080816.045 0 0 0 0 -49.16426 -37.42063 -296.62 -194.468 -166.3216 
1786080816.205 0 0 0 0 -49.16426 -37.42063 -296.62 -194.468 -166.3216 
1786080816.365 0 0 0 0 -49.16426 -37.42063 -296.62 -194.468 -166.3216 
1786080816.526 0 0 0 0 -49.16426 -37.42063 -296.62 -194.468 -166.3216 
1786080816.686 0 0 0 0 -49.16426 -37.42063 -296.62 -194.468 -166.3216 
1786080816.845 0 0 0 0 -49.16426 -37.42063 -296.62 -194.468 -166.3216 
1786080817.004 0 0 0 0 -49.16426 -37.42063 -296.62 -194.468 -166.3216 
1786080817.164 0 0 0 0 -49.16426 -37.42063 -296.62 -194.468 -166.3216 
1786080817.324 0 0 0 0 -49.16426 -37.42063 -296.62 -194.468 -166.3216 
1786080817.486 0 0 0 0 -49.16426 -37.42063 -296.62 -194.468 -166.3216 
1786080817.645 0 0 0 0 -49.16426 -37.42063 -296.62 -194.468 -166.3216 
1786080817.803 0 0 0 0 -49.16426 -37.42063 -296.62 -194.468 -166.3216 
1786080817.963 0 0 0 0 -49.16426 -37.42063 -296.62 -194.468 -166.3216 
1786080818.125 0 0 0 0 -49.16426 -37.42063 -296.62 -194.468 -166.3216 
1786080818.284 0 0 0 0 -49.16426 -37.42063 -296.62 -194.468 -166.3216 
1786080818.444 0 0 0 0 -49.16426 -37.42063 -296.62 -194.468 -166.3216 
1786080818.608 0 0 0 0 -49.16426 -37.42063 -296.62 -194.468 -166.3216 
1786080818.771 0 0 0 0 -49.16426 -37.42063 -296.62 -194.468 -166.3216 
1786080818.930 0 0 0 0 -49.16426 -37.42063 -296.62 -194.468 -166.3216 
1786080819.089 0 0 0 0 -49.16426 -37.42063 -296.62 -194.468 -166.3216 
1786080819.248 0 0 0 0 -49.16426 -37.42063 -296.62 -194.468 -166.3216 
1786080819.408 0 0 0 0 -49.16426 -37.42063 -296.62 -194.468 -166.3216 
1786080819.569 0 0 0 0 -49.16426 -37.42063 -296.62 -194.468 -166.3216 
1786080819.737 0 0 0 0 -49.16426 -37.42063 -296.62 -194.468 -166.3216 
1786080819.896 0 0 0 0 -49.16426 -37.42063 -296.62 -194.468 -166.3216 
1786080820.053 0 0 0 0 -49.16426 -37.42063 -296.62 -194.468 -166.3216 
1786080820.211 0 0 0 0 -49.16426 -37.42063 -296.62 -194.468 -166.3216 
1786080820.370 0 0 0 0 -49.16426 -37.42063 -296.62 -194.468 -166.3216 
1786080820.528 0 0 0 0 -49.16426 -37.42063 -296.62 -194.468 -166.3216 
1786080820.687 0 0 0 0 -49.16426 -37.42063 -296.62 -194.468 -166.3216 
1786080820.848 0 0 0 0 -49.16426 -37.42063 -296.62 -194.468 -166.3216 
1786080821.009 0 0 0 0 -49.16426 -37.42063 -296.62 -194.468 -166.3216 
1786080821.166 0 0 0 0 -49.16426 -37.42063 -296.62 -194.468 -166.3216 
1786080821.329 0 0 0 0 -49.16426 -37.42063 -296.62 -194.468 -166.3216 
1786080821.488 0 0 0 0 -49.16426 -37.42063 -296.62 -194.468 -166.3216 
1786080821.649 0 0 0 0 -49.16426 -37.42063 -296.62 -194.468 -166.3216 
1786080821.807 0 0 0 0 -49.16426 -37.42063 -296.62 -194.468 -166.3216 
1786080821.965 0 0 0 0 -49.16426 -37.42063 -296.62 -194.468 -166.3216 
1786080822.125 0 0 0 0 -49.16426 -37.42063 -296.62 -194.468 -166.3216 
1786080822.283 0 0 0 0 -49.16426 -37.42063 -296.62 -194.468 -166.3216 
1786080822.443 0 0 0 0 -49.16426 -37.42063 -296.62 -194.468 -166.3216 
1786080822.604 0 0 0 0 -49.16426 -37.42063 -296.62 -194.468 -166.3216 
1786080822.762 0 0 0 0 -49.16426 -37.42063 -296.62 -194.468 -166.3216 
1786080822.925 0 0 0 0 -49.16426 -37.42063 -296.62 -194.468 -166.3216 
1786080823.083 0 0 0 0 -49.16426 -37.42063 -296.62 -194.468 -166.3216 
1786080823.244 0 0 0 0 -49.16426 -37.42063 -296.62 -194.468 -166.3216 
1786080823.402 0 0 0 0 -49.16426 -37.42063 -296.62 -194.468 -166.3216 
1786080823.563 0 0 0 0 -49.16426 -37.42063 -296.62 -194.468 -166.3216 
1786080823.721 0 0 0 0 -49.16426 -37.42063 -296.62 -194.468 -166.3216 
1786080823.882 0 0 0 0 -49.16426 -37.42063 -296.62 -194.468 -166.3216 
1786080824.042 0 0 0 0 -49.16426 -37.42063 -296.62 -194.468 -166.3216 
1786080824.203 0 0 0 0 -49.16426 -37.42063 -296.62 -194.468 -166.3216 
1786080824.364 0 0 0 0 -49.16426 -37.42063 -296.62 -194.468 -166.3216 
1786080824.525 0 0 0 0 -49.16426 -37.42063 -296.62 -194.468 -166.3216 
1786080824.687 0 0 0 0 -49.16426 -37.42063 -296.62 -194.468 -166.3216 
1786080824.846 0 0 0 0 -49.16426 -37.42063 -296.62 -194.468 -166.3216 
1786080825.003 0 0 0 0 -49.16426 -37.42063 -296.62 -194.468 -166.3216 
1786080825.165 0 0 0 0 -49.16426 -37.42063 -296.62 -194.468 -166.3216 
1786080825.323 0 0 0 0 -49.16426 -37.42063 -296.62 -194.468 -166.3216 
1786080825.483 0 0 0 0 -49.16426 -37.42063 -296.62 -194.468 -166.3216 
1786080825.642 0 0 0 0 -49.16426 -37.42063 -296.62 -194.468 -166.3216 
1786080825.802 0 0 0 0 -49.16426 -37.42063 -296.62 -194.468 -166.3216 
1786080825.962 0 0 0 0 -49.16426 -37.42063 -296.62 -194.468 -166.3216 
1786080826.122 0 0 0 0 -49.16426 -37.42063 -296.62 -194.468 -166.3216 
1786080826.282 0 0 0 0 -49.16426 -37.42063 -296.62 -194.468 -166.3216 
1786080826.443 0 0 0 0 -49.16426 -37.42063 -296.62 -194.468 -166.3216 
1786080826.603 0 0 0 0 -49.16426 -37.42063 -296.62 -194.468 -166.3216 
1786080826.764 0 0 0 0 -49.16426 -37.42063 -296.62 -194.468 -166.3216 
1786080826.924 0 0 0 0 -49.16426 -37.42063 -296.62 -194.468 -166.3216 
1786080827.083 0 0 0 0 -49.16426 -37.42063 -296.62 -194.468 -166.3216 
1786080827.243 0 0 0 0 -49.16426 -37.42063 -296.62 -194.468 -166.3216 
1786080827.403 0 0 0 0 -49.16426 -37.42063 -296.62 -194.468 -166.3216 
1786080827.564 0 0 0 0 -49.16426 -37.42063 -296.62 -194.468 -166.3216 
1786080827.724 0 0 0 0 -49.16426 -37.42063 -296.62 -194.468 -166.3216 
1786080827.885 0 0 0 0 -49.16426 -37.42063 -296.62 -194.468 -166.3216 
1786080828.055 0 0 0 0 -49.16426 -37.42063 -296.62 -194.468 -166.3216 
1786080828.215 0 0 0 0 -49.16426 -37.42063 -296.62 -194.468 -166.3216 
1786080828.373 0 0 0 0 -49.16426 -37.42063 -296.62 -194.468 -166.3216 
1786080828.531 0 0 0 0 -49.16426 -37.42063 -296.62 -194.468 -166.3216 
1786080828.689 0 0 0 0 -49.16426 -37.42063 -296.62 -194.468 -166.3216 
1786080828.856 0 0 0 0 -49.16426 -37.42063 -296.62 -194.468 -166.3216 
1786080829.014 0 0 0 0 -49.16426 -37.42063 -296.62 -194.468 -166.3216 
1786080829.174 0 0 0 0 -49.16426 -37.42063 -296.62 -194.468 -166.3216 
1786080829.334 0 0 0 0 -49.16426 -37.42063 -296.62 -194.468 -166.3216 
1786080829.492 0 0 0 0 -49.16426 -37.42063 -296.62 -194.468 -166.3216 
1786080829.649 0 0 0 0 -49.16426 -37.42063 -296.62 -194.468 -166.3216 
1786080829.810 0 0 0 0 -49.16426 -37.42063 -296.62 -194.468 -166.3216 
1786080829.968 0 0 0 0 -49.16426 -37.42063 -296.62 -194.468 -166.3216 
1786080830.125 0 0 0 0 -49.16426 -37.42063 -296.62 -194.468 -166.3216 
1786080830.283 0 0 0 0 -49.16426 -37.42063 -296.62 -194.468 -166.3216 
1786080830.444 0 0 0 0 -49.16426 -37.42063 -296.62 -194.468 -166.3216 
1786080830.602 0 0 0 0 -49.16426 -37.42063 -296.62 -194.468 -166.3216 
1786080830.763 0 0 0 0 -49.16426 -37.42063 -296.62 -194.468 -166.3216 
1786080830.922 0 0 0 0 -49.16426 -37.42063 -296.62 -194.468 -166.3216 
1786080831.083 0 0 0 0 -49.16426 -37.42063 -296.62 -194.468 -166.3216 
1786080831.242 0 0 0 0 -49.16426 -37.42063 -296.62 -194.468 -166.3216 
1786080831.404 0 0 0 0 -49.16426 -37.42063 -296.62 -194.468 -166.3216 
1786080831.573 0 0 0 0 -49.16426 -37.42063 -296.62 -194.468 -166.3216 
1786080831.731 0 0 0 0 -49.16426 -37.42063 -296.62 -194.468 -166.3216 
1786080831.889 0 0 0 0 -49.16426 -37.42063 -296.62 -194.468 -166.3216 
1786080832.050 0 0 0 0 -49.16426 -37.42063 -296.62 -194.468 -166.3216 
1786080832.211 0 0 0 0 -49.16426 -37.42063 -296.62 -194.468 -166.3216 
1786080832.371 0 0 0 0 -49.16426 -37.42063 -296.62 -194.468 -166.3216 
1786080832.529 0 0 0 0 -49.16426 -37.42063 -296.62 -194.468 -166.3216 
1786080832.689 0 0 0 0 -49.16426 -37.42063 -296.62 -194.468 -166.3216 
1786080832.849 0 0 0 0 -49.16426 -37.42063 -296.62 -194.468 -166.3216 
1786080833.012 0 0 0 0 -49.16426 -37.42063 -296.62 -194.468 -166.3216 
1786080833.171 0 0 0 0 -49.16426 -37.42063 -296.62 -194.468 -166.3216 
1786080833.335 0 0 0 0 -49.16426 -37.42063 -296.62 -194.468 -166.3216 
1786080833.493 0 0 0 0 -49.16426 -37.42063 -296.62 -194.468 -166.3216 
1786080833.651 0 0 0 0 -49.16426 -37.42063 -296.62 -194.468 -166.3216 
1786080833.810 0 0 0 0 -49.16426 -37.42063 -296.62 -194.468 -166.3216 
1786080833.969 0 0 0 0 -49.16426 -37.42063 -296.62 -194.468 -166.3216 
1786080834.129 0 0 0 0 -49.16426 -37.42063 -296.62 -194.468 -166.3216 
1786080834.290 0 0 0 0 -49.16426 -37.42063 -296.62 -194.468 -166.3216 
1786080834.448 0 0 0 0 -49.16426 -37.42063 -296.62 -194.468 -166.3216 
1786080834.605 0 0 0 0 -49.16426 -37.42063 -296.62 -194.468 -166.3216 
1786080834.765 0 0 0 0 -49.16426 -37.42063 -296.62 -194.468 -166.3216 
1786080834.930 0 0 0 0 -49.16426 -37.42063 -296.62 -194.468 -166.3216 
1786080835.093 0 0 0 0 -49.16426 -37.42063 -296.62 -194.468 -166.3216 
1786080835.251 0 0 0 0 -49.16426 -37.42063 -296.62 -194.468 -166.3216 
1786080835.412 0 0 0 0 -49.16426 -37.42063 -296.62 -194.468 -166.3216 
1786080835.570 0 0 0 0 -49.16426 -37.42063 -296.62 -194.468 -166.3216 
1786080835.728 0 0 0 0 -49.16426 -37.42063 -296.62 -194.468 -166.3216 
1786080835.885 0 0 0 0 -49.16426 -37.42063 -296.62 -194.468 -166.3216 
1786080836.048 0 0 0 0 -49.16426 -37.42063 -296.62 -194.468 -166.3216 
1786080836.207 0 0 0 0 -49.16426 -37.42063 -296.62 -194.468 -166.3216 
1786080836.364 0 0 0 0 -49.16426 -37.42063 -296.62 -194.468 -166.3216 
1786080836.523 0 0 0 0 -49.16426 -37.42063 -296.62 -194.468 -166.3216 
1786080836.681 0 0 0 0 -49.16426 -37.42063 -296.62 -194.468 -166.3216 
1786080836.841 0 0 0 0 -49.16426 -37.42063 -296.62 -194.468 -166.3216 
1786080837.001 0 0 0 0 -49.16426 -37.42063 -296.62 -194.468 -166.3216 
1786080837.163 0 0 0 0 -49.16426 -37.42063 -296.62 -194.468 -166.3216 
1786080837.326 0 0 0 0 -49.16426 -37.42063 -296.62 -194.468 -166.3216 
1786080837.491 0 0 0 0 -49.16426 -37.42063 -296.62 -194.468 -166.3216 
1786080837.653 0 0 0 0 -49.16426 -37.42063 -296.62 -194.468 -166.3216 
1786080837.815 0 0 0 0 -49.16426 -37.42063 -296.62 -194.468 -166.3216 
1786080837.973 0 0 0 0 -49.16426 -37.42063 -296.62 -194.468 -166.3216 
1786080838.131 0 0 0 0 -49.16426 -37.42063 -296.62 -194.468 -166.3216 
1786080838.292 0 0 0 0 -49.16426 -37.42063 -296.62 -194.468 -166.3216 
1786080838.449 0 0 0 0 -49.16426 -37.42063 -296.62 -194.468 -166.3216 
1786080838.609 0 0 0 0 -49.16426 -37.42063 -296.62 -194.468 -166.3216 
1786080838.767 0 0 0 0 -49.16426 -37.42063 -296.62 -194.468 -166.3216 
1786080838.929 0 0 0 0 -49.16426 -37.42063 -296.62 -194.468 -166.3216 
1786080839.086 0 0 0 0 -49.16426 -37.42063 -296.62 -194.468 -166.3216 
1786080839.246 0 0 0 0 -49.16426 -37.42063 -296.62 -194.468 -166.3216 
1786080839.406 0 0 0 0 -49.16426 -37.42063 -296.62 -194.468 -166.3216 
1786080839.568 0 0 0 0 -49.16426 -37.42063 -296.62 -194.468 -166.3216 
1786080839.725 0 0 0 0 -49.16426 -37.42063 -296.62 -194.468 -166.3216 
1786080839.885 0 0 0 0 -49.16426 -37.42063 -296.62 -194.468 -166.3216 
1786080840.046 0 0 0 0 -49.16426 -37.42063 -296.62 -194.468 -166.3216 
1786080840.211 0 0 0 0 -49.16426 -37.42063 -296.62 -194.468 -166.3216 
1786080840.370 0 0 0 0 -49.16426 -37.42063 -296.62 -194.468 -166.3216 
1786080840.529 0 0 0 0 -49.16426 -37.42063 -296.62 -194.468 -166.3216 
1786080840.690 0 0 0 0 -49.16426 -37.42063 -296.62 -194.468 -166.3216 
1786080840.852 0 0 0 0 -49.16426 -37.42063 -296.62 -194.468 -166.3216 
1786080841.010 0 0 0 0 -49.16426 -37.42063 -296.62 -194.468 -166.3216 
1786080841.182 0 0 0 0 -49.16426 -37.42063 -296.62 -194.468 -166.3216 
1786080841.341 0 0 0 0 -49.16426 -37.42063 -296.62 -194.468 -166.3216 
1786080841.499 0 0 0 0 -49.16426 -37.42063 -296.62 -194.468 -166.3216 
1786080841.658 0 0 0 0 -49.16426 -37.42063 -296.62 -194.468 -166.3216 
1786080841.815 0 0 0 0 -49.16426 -37.42063 -296.62 -194.468 -166.3216 
1786080841.977 0 0 0 0 -49.16426 -37.42063 -296.62 -194.468 -166.3216 
1786080842.143 0 0 0 0 -49.16426 -37.42063 -296.62 -194.468 -166.3216 
1786080842.314 0 0 0 0 -49.16426 -37.42063 -296.62 -194.468 -166.3216 
1786080842.480 0 0 0 0 -49.16426 -37.42063 -296.62 -194.468 -166.3216 
1786080842.640 0 0 0 0 -49.16426 -37.42063 -296.62 -194.468 -166.3216 
1786080842.799 0 0 0 0 -49.16426 -37.42063 -296.62 -194.468 -166.3216 
1786080842.957 0 0 0 0 -49.16426 -37.42063 -296.62 -194.468 -166.3216 
1786080843.118 0 0 0 0 -49.16426 -37.42063 -296.62 -194.468 -166.3216 
1786080843.278 0 0 0 0 -49.16426 -37.42063 -296.62 -194.468 -166.3216 
1786080843.437 0 0 0 0 -49.16426 -37.42063 -296.62 -194.468 -166.3216 
1786080843.595 0 0 0 0 -49.16426 -37.42063 -296.62 -194.468 -166.3216 
1786080843.753 0 0 0 0 -49.16426 -37.42063 -296.62 -194.468 -166.3216 
1786080843.910 0 0 0 0 -49.16426 -37.42063 -296.62 -194.468 -166.3216 
1786080844.068 0 0 0 0 -49.16426 -37.42063 -296.62 -194.468 -166.3216 
1786080844.229 0 0 0 0 -49.16426 -37.42063 -296.62 -194.468 -166.3216 
1786080844.387 0 0 0 0 -49.16426 -37.42063 -296.62 -194.468 -166.3216 
1786080844.544 0 0 0 0 -49.16426 -37.42063 -296.62 -194.468 -166.3216 
1786080844.703 0 0 0 0 -49.16426 -37.42063 -296.62 -194.468 -166.3216 
1786080844.860 0 0 0 0 -49.16426 -37.42063 -296.62 -194.468 -166.3216 
1786080845.018 0 0 0 0 -49.16426 -37.42063 -296.62 -194.468 -166.3216 
1786080845.175 0 0 0 0 -49.16426 -37.42063 -296.62 -194.468 -166.3216 
1786080845.333 0 0 0 0 -49.16426 -37.42063 -296.62 -194.468 -166.3216 
1786080845.491 0 0 0 0 -49.16426 -37.42063 -296.62 -194.468 -166.3216 
1786080845.651 0 0 0 0 -49.16426 -37.42063 -296.62 -194.468 -166.3216 
1786080845.808 0 0 0 0 -49.16426 -37.42063 -296.62 -194.468 -166.3216 
1786080845.968 0 0 0 0 -49.16426 -37.42063 -296.62 -194.468 -166.3216 
1786080846.128 0 0 0 0 -49.16426 -37.42063 -296.62 -194.468 -166.3216 
1786080846.286 0 0 0 0 -49.16426 -37.42063 -296.62 -194.468 -166.3216 
1786080846.445 0 0 0 0 -49.16426 -37.42063 -296.62 -194.468 -166.3216 
1786080846.603 0 0 0 0 -49.16426 -37.42063 -296.62 -194.468 -166.3216 
1786080846.761 0 0 0 0 -49.16426 -37.42063 -296.62 -194.468 -166.3216 
1786080846.920 0 0 0 0 -49.16426 -37.42063 -296.62 -194.468 -166.3216 
1786080847.081 0 0 0 0 -49.16426 -37.42063 -296.62 -194.468 -166.3216 
1786080847.247 0 0 0 0 -49.16426 -37.42063 -296.62 -194.468 -166.3216 
1786080847.404 0 0 0 0 -49.16426 -37.42063 -296.62 -194.468 -166.3216 
1786080847.564 0 0 0 0 -49.16426 -37.42063 -296.62 -194.468 -166.3216 
1786080847.725 0 0 0 0 -49.16426 -37.42063 -296.62 -194.468 -166.3216 
1786080847.888 0 0 0 0 -49.16426 -37.42063 -296.62 -194.468 -166.3216 
1786080848.047 0 0 0 0 -49.16426 -37.42063 -296.62 -194.468 -166.3216 
1786080848.209 0 0 0 0 -49.16426 -37.42063 -296.62 -194.468 -166.3216 
1786080848.373 0 0 0 0 -49.16426 -37.42063 -296.62 -194.468 -166.3216 
1786080848.534 0 0 0 0 -49.16426 -37.42063 -296.62 -194.468 -166.3216 
1786080848.695 0 0 0 0 -49.16426 -37.42063 -296.62 -194.468 -166.3216 
1786080848.852 0 0 0 0 -49.16426 -37.42063 -296.62 -194.468 -166.3216 
1786080849.011 0 0 0 0 -49.16426 -37.42063 -296.62 -194.468 -166.3216 
1786080849.169 0 0 0 0 -49.16426 -37.42063 -296.62 -194.468 -166.3216 
1786080849.329 0 0 0 0 -49.16426 -37.42063 -296.62 -194.468 -166.3216 
1786080849.487 0 0 0 0 -49.16426 -37.42063 -296.62 -194.468 -166.3216 
1786080849.645 0 0 0 0 -49.16426 -37.42063 -296.62 -194.468 -166.3216 
1786080849.806 0 0 0 0 -49.16426 -37.42063 -296.62 -194.468 -166.3216 
1786080849.964 0 0 0 0 -49.16426 -37.42063 -296.62 -194.468 -166.3216 
1786080850.123 0 0 0 0 -49.16426 -37.42063 -296.62 -194.468 -166.3216 
1786080850.286 0 0 0 0 -49.16426 -37.42063 -296.62 -194.468 -166.3216 
1786080850.451 0 0 0 0 -49.16426 -37.42063 -296.62 -194.468 -166.3216 
1786080850.609 0 0 0 0 -49.16426 -37.42063 -296.62 -194.468 -166.3216 
1786080850.768 0 0 0 0 -49.16426 -37.42063 -296.62 -194.468 -166.3216 
1786080850.927 0 0 0 0 -49.16426 -37.42063 -296.62 -194.468 -166.3216 
1786080851.089 0 0 0 0 -49.16426 -37.42063 -296.62 -194.468 -166.3216 
1786080851.251 0 0 0 0 -49.16426 -37.42063 -296.62 -194.468 -166.3216 
1786080851.411 0 0 0 0 -49.16426 -37.42063 -296.62 -194.468 -166.3216 
1786080851.570 0 0 0 0 -49.16426 -37.42063 -296.62 -194.468 -166.3216 
1786080851.735 0 0 0 0 -49.16426 -37.42063 -296.62 -194.468 -166.3216 
1786080851.893 0 0 0 0 -49.16426 -37.42063 -296.62 -194.468 -166.3216 
1786080852.055 0 0 0 0 -49.16426 -37.42063 -296.62 -194.468 -166.3216 
1786080852.216 0 0 0 0 -49.16426 -37.42063 -296.62 -194.468 -166.3216 
1786080852.373 0 0 0 0 -49.16426 -37.42063 -296.62 -194.468 -166.3216 
1786080852.531 0 0 0 0 -49.16426 -37.42063 -296.62 -194.468 -166.3216 
1786080852.689 0 0 0 0 -49.16426 -37.42063 -296.62 -194.468 -166.3216 
1786080852.849 0 0 0 0 -49.16426 -37.42063 -296.62 -194.468 -166.3216 
1786080853.010 0 0 0 0 -49.16426 -37.42063 -296.62 -194.468 -166.3216 
1786080853.168 0 0 0 0 -49.16426 -37.42063 -296.62 -194.468 -166.3216 
1786080853.325 0 0 0 0 -49.16426 -37.42063 -296.62 -194.468 -166.3216 
1786080853.484 0 0 0 0 -49.16426 -37.42063 -296.62 -194.468 -166.3216 
1786080853.648 0 0 0 0 -49.16426 -37.42063 -296.62 -194.468 -166.3216 
1786080853.805 0 0 0 0 -49.16426 -37.42063 -296.62 -194.468 -166.3216 
1786080853.963 0 0 0 0 -49.16426 -37.42063 -296.62 -194.468 -166.3216 
1786080854.123 0 0 0 0 -49.16426 -37.42063 -296.62 -194.468 -166.3216 
1786080854.284 0 0 0 0 -49.16426 -37.42063 -296.62 -194.468 -166.3216 
1786080854.452 0 0 0 0 -49.16426 -37.42063 -296.62 -194.468 -166.3216 
1786080854.611 0 0 0 0 -49.16426 -37.42063 -296.62 -194.468 -166.3216 
1786080854.769 0 0 0 0 -49.16426 -37.42063 -296.62 -194.468 -166.3216 
1786080854.931 0 0 0 0 -49.16426 -37.42063 -296.62 -194.468 -166.3216 
1786080855.090 0 0 0 0 -49.16426 -37.42063 -296.62 -194.468 -166.3216 
1786080855.249 0 0 0 0 -49.16426 -37.42063 -296.62 -194.468 -166.3216 
1786080855.406 0 0 0 0 -49.16426 -37.42063 -296.62 -194.468 -166.3216 
1786080855.567 0 0 0 0 -49.16426 -37.42063 -296.62 -194.468 -166.3216 
1786080855.728 0 0 0 0 -49.16426 -37.42063 -296.62 -194.468 -166.3216 
1786080855.886 0 0 0 0 -49.16426 -37.42063 -296.62 -194.468 -166.3216 
1786080856.050 0 0 0 0 -49.16426 -37.42063 -296.62 -194.468 -166.3216 
1786080856.219 0 0 0 0 -49.16426 -37.42063 -296.62 -194.468 -166.3216 
1786080856.379 0 0 0 0 -49.16426 -37.42063 -296.62 -194.468 -166.3216 
1786080856.542 0 0 0 0 -49.16426 -37.42063 -296.62 -194.468 -166.3216 
1786080856.700 0 0 0 0 -49.16426 -37.42063 -296.62 -194.468 -166.3216 
1786080856.858 0 0 0 0 -49.16426 -37.42063 -296.62 -194.468 -166.3216 
1786080857.016 0 0 0 0 -49.16426 -37.42063 -296.62 -194.468 -166.3216 
1786080857.178 0 0 0 0 -49.16426 -37.42063 -296.62 -194.468 -166.3216 
1786080857.341 0 0 0 0 -49.16426 -37.42063 -296.62 -194.468 -166.3216 
1786080857.499 0 0 0 0 -49.16426 -37.42063 -296.62 -194.468 -166.3216 
1786080857.656 0 0 0 0 -49.16426 -37.42063 -296.62 -194.468 -166.3216 
1786080857.814 0 0 0 0 -49.16426 -37.42063 -296.62 -194.468 -166.3216 
1786080857.975 0 0 0 0 -49.16426 -37.42063 -296.62 -194.468 -166.3216 
1786080858.137 0 0 0 0 -49.16426 -37.42063 -296.62 -194.468 -166.3216 
1786080858.296 0 0 0 0 -49.16426 -37.42063 -296.62 -194.468 -166.3216 
1786080858.453 0 0 0 0 -49.16426 -37.42063 -296.62 -194.468 -166.3216 
1786080858.610 0 0 0 0 -49.16426 -37.42063 -296.62 -194.468 -166.3216 
1786080858.770 0 0 0 0 -49.16426 -37.42063 -296.62 -194.468 -166.3216 
1786080858.928 0 0 0 0 -49.16426 -37.42063 -296.62 -194.468 -166.3216 
1786080859.087 0 0 0 0 -49.16426 -37.42063 -296.62 -194.468 -166.3216 
1786080859.247 0 0 0 0 -49.16426 -37.42063 -296.62 -194.468 -166.3216 
1786080859.408 0 0 0 0 -49.16426 -37.42063 -296.62 -194.468 -166.3216 
1786080859.571 0 0 0 0 -49.16426 -37.42063 -296.62 -194.468 -166.3216 
1786080859.729 0 0 0 0 -49.16426 -37.42063 -296.62 -194.468 -166.3216 
1786080859.887 0 0 0 0 -49.16426 -37.42063 -296.62 -194.468 -166.3216 
1786080860.047 0 0 0 0 -49.16426 -37.42063 -296.62 -194.468 -166.3216 
1786080860.208 0 0 0 0 -49.16426 -37.42063 -296.62 -194.468 -166.3216 
1786080860.368 0 0 0 0 -49.16426 -37.42063 -296.62 -194.468 -166.3216 
1786080860.525 0 0 0 0 -49.16426 -37.42063 -296.62 -194.468 -166.3216 
1786080860.687 0 0 0 0 -49.16426 -37.42063 -296.62 -194.468 -166.3216 
1786080860.844 0 0 0 0 -49.16426 -37.42063 -296.62 -194.468 -166.3216 
1786080861.003 0 0 0 0 -49.16426 -37.42063 -296.62 -194.468 -166.3216 
1786080861.162 0 0 0 0 -49.16426 -37.42063 -296.62 -194.468 -166.3216 
1786080861.325 0 0 0 0 -49.16426 -37.42063 -296.62 -194.468 -166.3216 
1786080861.485 0 0 0 0 -49.16426 -37.42063 -296.62 -194.468 -166.3216 
1786080861.644 0 0 0 0 -49.16426 -37.42063 -296.62 -194.468 -166.3216 
1786080861.805 0 0 0 0 -49.16426 -37.42063 -296.62 -194.468 -166.3216 
1786080862.006 0 0 0 0 -49.16426 -37.42063 -296.62 -194.468 -166.3216 
1786080862.177 0 0 0 0 -49.16426 -37.42063 -296.62 -194.468 -166.3216 
1786080862.347 0 0 0 0 -49.16426 -37.42063 -296.62 -194.468 -166.3216 
1786080862.511 0 0 0 0 -49.16426 -37.42063 -296.62 -194.468 -166.3216 
1786080862.676 0 0 0 0 -49.16426 -37.42063 -296.62 -194.468 -166.3216 
1786080862.837 0 0 0 0 -49.16426 -37.42063 -296.62 -194.468 -166.3216 
1786080862.998 0 0 0 0 -49.16426 -37.42063 -296.62 -194.468 -166.3216 
1786080863.166 0 0 0 0 -49.16426 -37.42063 -296.62 -194.468 -166.3216 
1786080863.324 0 0 0 0 -49.16426 -37.42063 -296.62 -194.468 -166.3216 
1786080863.483 0 0 0 0 -49.16426 -37.42063 -296.62 -194.468 -166.3216 
1786080863.643 0 0 0 0 -49.16426 -37.42063 -296.62 -194.468 -166.3216 
1786080863.810 0 0 0 0 -49.16426 -37.42063 -296.62 -194.468 -166.3216 
1786080863.973 0 0 0 0 -49.16426 -37.42063 -296.62 -194.468 -166.3216 
1786080864.134 0 0 0 0 -49.16426 -37.42063 -296.62 -194.468 -166.3216 
1786080864.303 0 0 0 0 -49.16426 -37.42063 -296.62 -194.468 -166.3216 
1786080864.466 0 0 0 0 -49.16426 -37.42063 -296.62 -194.468 -166.3216 
1786080864.632 0 0 0 0 -49.16426 -37.42063 -296.62 -194.468 -166.3216 
1786080864.791 0 0 0 0 -49.16426 -37.42063 -296.62 -194.468 -166.3216 
1786080864.958 0 0 0 0 -49.16426 -37.42063 -296.62 -194.468 -166.3216 
1786080865.129 0 0 0 0 -49.16426 -37.42063 -296.62 -194.468 -166.3216 
1786080865.327 -0.045 -0.06 -0.02539999 -0.0074 -49.16426 -37.42063 -296.575 -194.408 -166.2962 
1786080865.489 -0.045 -0.052 -0.02539999 -0.0524 -49.16426 -37.42063 -296.575 -194.416 -166.2962 
1786080865.653 -0.045 -0.052 -0.02412999 -0.0474 -49.16426 -37.42063 -296.575 -194.416 -166.2975 
1786080865.815 -0.045 -0.048 -0.02285999 -0.0474 -49.16426 -37.42063 -296.575 -194.42 -166.2987 
1786080866.015 -0.04 -0.048 -0.02158999 -0.0474 -49.16426 -37.42063 -296.58 -194.42 -166.3 
1786080866.257 -0.04 -0.044 -0.02158999 -0.0424 -49.16426 -37.42063 -296.58 -194.424 -166.3 
1786080866.463 -0.04 -0.044 -0.02031999 -0.0424 -49.16426 -37.42063 -296.58 -194.424 -166.3013 
1786080866.664 -0.035 -0.04 -0.02031999 -0.0424 -49.16426 -37.42063 -296.585 -194.428 -166.3013 
1786080866.832 -0.035 -0.04 -0.01904999 -0.0374 -49.16426 -37.42063 -296.585 -194.428 -166.3025 
1786080866.990 -0.035 -0.036 -0.01904999 -0.0374 -49.16426 -37.42063 -296.585 -194.432 -166.3025 
1786080867.159 -0.03 -0.036 -0.01777999 -0.0374 -49.16426 -37.42063 -296.59 -194.432 -166.3038 
1786080867.324 -0.03 -0.036 -0.01777999 -0.0324 -49.16426 -37.42063 -296.59 -194.432 -166.3038 
1786080867.493 -0.03 -0.032 -0.01650999 -0.0324 -49.16426 -37.42063 -296.59 -194.436 -166.3051 
1786080867.659 -0.03 -0.032 -0.01777999 -0.0324 -49.16426 -37.42063 -296.59 -194.436 -166.3038 
1786080867.837 -0.03 -0.032 -0.01650999 -0.0324 -49.16426 -37.42063 -296.59 -194.436 -166.3051 
1786080867.999 -0.025 -0.032 -0.01523999 -0.0274 -49.16426 -37.42063 -296.595 -194.436 -166.3063 
1786080868.174 -0.025 -0.028 -0.01523999 -0.0274 -49.16426 -37.42063 -296.595 -194.44 -166.3063 
1786080868.338 0.02 0.02 0.01015999 0.0176 -49.16426 -37.42063 -296.64 -194.488 -166.3317 
1786080868.500 0.03 0.032 0.01523999 0.0276 -49.16426 -37.42063 -296.65 -194.5 -166.3368 
1786080868.676 0.025 0.032 0.01650999 0.0276 -49.16426 -37.42063 -296.645 -194.5 -166.3381 
1786080868.839 0.025 0.028 0.01523999 0.0226 -49.16426 -37.42063 -296.645 -194.496 -166.3368 
1786080869.000 0.03 0.032 0.01523999 0.0276 -49.16426 -37.42063 -296.65 -194.5 -166.3368 
1786080869.169 0.03 0.032 0.01523999 0.0276 -49.16426 -37.42063 -296.65 -194.5 -166.3368 
1786080869.340 0.03 0.032 0.01523999 0.0226 -49.16426 -37.42063 -296.645 -194.496 -166.3368 
1786080869.505 0.025 0.028 0.01523999 0.0226 -49.16426 -37.42063 -296.645 -194.496 -166.3368 
1786080869.692 0.025 0.028 0.01396999 0.0226 -49.16426 -37.42063 -296.645 -194.496 -166.3356 
1786080869.869 0.025 0.028 0.01396999 0.0226 -49.16426 -37.42063 -296.645 -194.496 -166.3356 
1786080870.035 0.025 0.024 0.01396999 0.0226 -49.16426 -37.42063 -296.645 -194.492 -166.3356 
1786080870.213 0.02 0.024 0.01269999 0.0176 -49.16426 -37.42063 -296.64 -194.492 -166.3343 
1786080870.375 0.02 0.024 0.01269999 0.0226 -49.16426 -37.42063 -296.64 -194.492 -166.3343 
1786080870.542 0.02 0.02 0.01142999 0.0176 -49.16426 -37.42063 -296.64 -194.488 -166.333 
1786080870.710 0.02 0.02 0.01015999 0.0176 -49.16426 -37.42063 -296.64 -194.488 -166.3317 
1786080870.880 0.015 0.016 0.008889995 0.0126 -49.16426 -37.42063 -296.635 -194.484 -166.3305 
1786080871.053 0.015 0.016 0.007619996 0.0126 -49.16426 -37.42063 -296.635 -194.484 -166.3292 
1786080871.227 0.015 0.016 0.007619996 0.0126 -49.16426 -37.42063 -296.635 -194.484 -166.3292 
1786080871.394 0.015 0.016 0.007619996 0.0126 -49.16426 -37.42063 -296.635 -194.484 -166.3292 
1786080871.556 0.015 0.016 0.008889995 0.0126 -49.16426 -37.42063 -296.635 -194.484 -166.3305 
1786080871.715 0.015 0.016 0.01015999 0.0176 -49.16426 -37.42063 -296.635 -194.484 -166.3317 
1786080871.876 0.02 0.02 0.01015999 0.0176 -49.16426 -37.42063 -296.64 -194.488 -166.3317 
1786080872.051 0.02 0.02 0.01015999 0.0126 -49.16426 -37.42063 -296.64 -194.488 -166.3317 
1786080872.223 0.02 0.016 0.01015999 0.0176 -49.16426 -37.42063 -296.64 -194.484 -166.3317 
1786080872.394 0.015 0.016 0.01015999 0.0176 -49.16426 -37.42063 -296.64 -194.484 -166.3317 
1786080872.558 0.015 0.016 0.008889995 0.0176 -49.16426 -37.42063 -296.635 -194.484 -166.3305 
1786080872.725 0.015 0.016 0.008889995 0.0176 -49.16426 -37.42063 -296.635 -194.484 -166.3305 
1786080872.886 0.015 0.016 0.008889995 0.0176 -49.16426 -37.42063 -296.635 -194.484 -166.3305 
1786080873.058 0.015 0.016 0.01015999 0.0176 -49.16426 -37.42063 -296.635 -194.484 -166.3317 
1786080873.220 0.02 0.02 0.01142999 0.0176 -49.16426 -37.42063 -296.64 -194.488 -166.333 
1786080873.380 0.02 0.02 0.01142999 0.0176 -49.16426 -37.42063 -296.635 -194.488 -166.3317 
1786080873.542 0.02 0.02 0.01142999 0.0176 -49.16426 -37.42063 -296.64 -194.488 -166.333 
1786080873.707 0.015 0.02 0.01015999 0.0176 -49.16426 -37.42063 -296.635 -194.488 -166.3317 
1786080873.876 0.015 0.02 0.01015999 0.0176 -49.16426 -37.42063 -296.635 -194.488 -166.3317 
1786080874.035 0.015 0.016 0.008889995 0.0176 -49.16426 -37.42063 -296.635 -194.484 -166.3317 
1786080874.199 0.015 0.016 0.008889995 0.0176 -49.16426 -37.42063 -296.635 -194.484 -166.3305 
1786080874.363 0.02 0.02 0.01015999 0.0176 -49.16426 -37.42063 -296.64 -194.488 -166.3317 
1786080874.547 0.02 0.02 0.01142999 0.0176 -49.16426 -37.42063 -296.64 -194.488 -166.333 
1786080874.718 0.015 0.02 0.01142999 0.0226 -49.16426 -37.42063 -296.635 -194.488 -166.333 
1786080874.883 0.02 0.024 0.01269999 0.0226 -49.16426 -37.42063 -296.64 -194.492 -166.3343 
1786080875.046 0.02 0.024 0.01269999 0.0226 -49.16426 -37.42063 -296.64 -194.492 -166.3343 
1786080875.221 0.02 0.02 0.01142999 0.0226 -49.16426 -37.42063 -296.64 -194.488 -166.333 
1786080875.381 0.015 0.02 0.01015999 0.0176 -49.16426 -37.42063 -296.635 -194.488 -166.3317 
1786080875.540 0.015 0.016 0.008889995 0.0126 -49.16426 -37.42063 -296.635 -194.484 -166.3305 
1786080875.699 0.01 0.012 0.007619996 0.0126 -49.16426 -37.42063 -296.63 -194.48 -166.3292 
1786080875.864 0.01 0.012 0.006349997 0.0076 -49.16426 -37.42063 -296.63 -194.48 -166.3279 
1786080876.026 0.005 0.008 0.005079997 0.0076 -49.16426 -37.42063 -296.625 -194.476 -166.3267 
1786080876.183 0.005 0.008 0.006349997 0.0026 -49.16426 -37.42063 -296.625 -194.476 -166.3279 
1786080876.364 0.005 0.008 0.006349997 0.0026 -49.16426 -37.42063 -296.625 -194.476 -166.3279 
1786080876.529 0.005 0.008 0.006349997 0.0076 -49.16426 -37.42063 -296.625 -194.476 -166.3279 
1786080876.706 0.005 0.004 0.006349997 0.0026 -49.16426 -37.42063 -296.625 -194.472 -166.3279 
1786080876.872 0.005 0.008 0.006349997 0.0076 -49.16426 -37.42063 -296.625 -194.476 -166.3279 
1786080877.042 0.005 0.008 0.006349997 0.0076 -49.16426 -37.42063 -296.625 -194.476 -166.3279 
1786080877.205 0.005 0.008 0.006349997 0.0076 -49.16426 -37.42063 -296.625 -194.476 -166.3279 
1786080877.366 0.005 0.004 0.005079997 0.0026 -49.16426 -37.42063 -296.625 -194.472 -166.3267 
1786080877.524 0.005 0.004 0.005079997 0.0026 -49.16426 -37.42063 -296.625 -194.472 -166.3267 
1786080877.686 5.684342e-14 -2.842171e-14 0.002539999 0.0026 -49.16426 -37.42063 -296.62 -194.468 -166.3241 
1786080877.848 5.684342e-14 -0.004 0.001269999 0.0026 -49.16426 -37.42063 -296.62 -194.464 -166.3229 
1786080878.010 -0.005 -0.008 -0.002539999 -0.0024 -49.16426 -37.42063 -296.615 -194.46 -166.319 
1786080878.170 -0.01 -0.008 -0.005079997 -0.0024 -49.16426 -37.42063 -296.61 -194.46 -166.3165 
1786080878.328 -0.01 -0.008 -0.006349997 -0.0074 -49.16426 -37.42063 -296.61 -194.46 -166.3152 
1786080878.490 -0.005 -0.008 -0.005079997 -0.0074 -49.16426 -37.42063 -296.615 -194.46 -166.3165 
1786080878.648 -0.005 -0.004 -0.005079997 -0.0074 -49.16426 -37.42063 -296.615 -194.464 -166.3165 
1786080878.808 -0.005 -0.004 -0.006349997 -0.0074 -49.16426 -37.42063 -296.615 -194.464 -166.3152 
1786080878.966 -0.005 -0.008 -0.006349997 -0.0074 -49.16426 -37.42063 -296.615 -194.46 -166.3152 
1786080879.124 -0.005 -0.008 -0.006349997 -0.0074 -49.16426 -37.42063 -296.615 -194.46 -166.3152 
1786080879.287 -0.01 -0.008 -0.006349997 -0.0074 -49.16426 -37.42063 -296.61 -194.46 -166.3152 
1786080879.445 -0.01 -0.008 -0.006349997 -0.0074 -49.16426 -37.42063 -296.615 -194.46 -166.3152 
1786080879.605 -0.005 -0.008 -0.006349997 -0.0074 -49.16426 -37.42063 -296.615 -194.46 -166.3152 
1786080879.768 -0.005 -0.008 -0.006349997 -0.0124 -49.16426 -37.42063 -296.61 -194.46 -166.3152 
1786080879.928 -0.01 -0.008 -0.007619996 -0.0074 -49.16426 -37.42063 -296.61 -194.46 -166.314 
1786080880.087 -0.01 -0.008 -0.006349997 -0.0074 -49.16426 -37.42063 -296.61 -194.46 -166.3152 
1786080880.252 -0.005 -0.008 -0.006349997 -0.0074 -49.16426 -37.42063 -296.61 -194.46 -166.3152 
1786080880.413 -0.005 -0.008 -0.006349997 -0.0074 -49.16426 -37.42063 -296.615 -194.46 -166.3152 
1786080880.571 -0.005 -0.008 -0.006349997 -0.0074 -49.16426 -37.42063 -296.615 -194.46 -166.3165 
1786080880.730 -0.005 -0.004 -0.003809998 -0.0024 -49.16426 -37.42063 -296.615 -194.464 -166.3178 
1786080880.893 5.684342e-14 -0.004 -0.001269999 -0.0024 -49.16426 -37.42063 -296.62 -194.464 -166.3203 
1786080881.064 5.684342e-14 -2.842171e-14 0.003809998 0.0026 -49.16426 -37.42063 -296.62 -194.468 -166.3254 
1786080881.221 0.005 0.004 0.007619996 0.0076 -49.16426 -37.42063 -296.625 -194.472 -166.3292 
1786080881.383 0.01 0.008 0.006349997 0.0076 -49.16426 -37.42063 -296.63 -194.476 -166.3279 
1786080881.544 0.005 0.008 0.006349997 0.0076 -49.16426 -37.42063 -296.625 -194.476 -166.3279 
1786080881.705 0.005 0.004 0.006349997 0.0076 -49.16426 -37.42063 -296.625 -194.472 -166.3279 
1786080881.863 0.005 0.004 0.005079997 0.0076 -49.16426 -37.42063 -296.625 -194.472 -166.3267 
1786080882.021 0.005 0.004 0.005079997 0.0026 -49.16426 -37.42063 -296.625 -194.472 -166.3267 
1786080882.184 0.005 0.004 0.005079997 0.0026 -49.16426 -37.42063 -296.625 -194.472 -166.3267 
1786080882.343 0.005 -2.842171e-14 0.003809998 0.0026 -49.16426 -37.42063 -296.625 -194.468 -166.3254 
1786080882.506 0.005 -2.842171e-14 0.002539999 0.0026 -49.16426 -37.42063 -296.625 -194.468 -166.3241 
1786080882.667 0.005 -2.842171e-14 0.002539999 0.0026 -49.16426 -37.42063 -296.625 -194.468 -166.3241 
1786080882.825 0.005 -2.842171e-14 0.003809998 0.0026 -49.16426 -37.42063 -296.625 -194.468 -166.3254 
1786080882.982 0.005 -2.842171e-14 0.003809998 0.0076 -49.16426 -37.42063 -296.625 -194.468 -166.3254 
1786080883.141 0.005 -2.842171e-14 0.003809998 0.0026 -49.16426 -37.42063 -296.625 -194.468 -166.3254 
1786080883.304 0.005 -2.842171e-14 0.005079997 0.0026 -49.16426 -37.42063 -296.625 -194.468 -166.3267 
1786080883.463 0.005 -2.842171e-14 0.005079997 0.0026 -49.16426 -37.42063 -296.625 -194.468 -166.3267 
1786080883.624 0.005 -2.842171e-14 0.006349997 0.0076 -49.16426 -37.42063 -296.625 -194.468 -166.3279 
1786080883.783 0.005 0.004 0.006349997 0.0026 -49.16426 -37.42063 -296.625 -194.472 -166.3279 
1786080883.944 0.005 0.004 0.005079997 0.0026 -49.16426 -37.42063 -296.625 -194.472 -166.3267 
1786080884.103 5.684342e-14 0.004 0.005079997 -0.0024 -49.16426 -37.42063 -296.62 -194.472 -166.3267 
1786080884.262 -0.005 -2.842171e-14 0.005079997 -0.0074 -49.16426 -37.42063 -296.615 -194.468 -166.3267 
1786080884.422 -0.01 -0.004 0.002539999 -0.0074 -49.16426 -37.42063 -296.61 -194.464 -166.3241 
1786080884.602 -0.005 -0.008 -0.001269999 -0.0074 -49.16426 -37.42063 -296.615 -194.46 -166.3203 
1786080884.764 -0.005 -0.008 -0.005079997 -0.0074 -49.16426 -37.42063 -296.615 -194.46 -166.3165 
1786080884.927 -0.005 -0.008 -0.006349997 -0.0074 -49.16426 -37.42063 -296.615 -194.46 -166.3152 
1786080885.089 -0.01 -0.008 -0.007619996 -0.0124 -49.16426 -37.42063 -296.61 -194.46 -166.314 
1786080885.250 -0.005 -0.004 -0.006349997 -0.0074 -49.16426 -37.42063 -296.615 -194.464 -166.3152 
1786080885.417 -0.005 -0.008 -0.007619996 -0.0074 -49.16426 -37.42063 -296.615 -194.46 -166.3152 
1786080885.605 -0.005 -0.008 -0.006349997 -0.0124 -49.16426 -37.42063 -296.615 -194.46 -166.3152 
1786080885.768 -0.005 -0.004 -0.006349997 -0.0074 -49.16426 -37.42063 -296.615 -194.464 -166.3152 
1786080885.929 -0.005 -0.004 -0.005079997 -0.0074 -49.16426 -37.42063 -296.615 -194.464 -166.3165 
1786080886.092 -0.01 -0.008 -0.006349997 -0.0074 -49.16426 -37.42063 -296.61 -194.46 -166.3152 
1786080886.250 -0.01 -0.008 -0.006349997 -0.0074 -49.16426 -37.42063 -296.615 -194.46 -166.3152 
1786080886.410 -0.005 -0.008 -0.006349997 -0.0074 -49.16426 -37.42063 -296.615 -194.46 -166.3152 
1786080886.572 -0.01 -0.008 -0.006349997 -0.0124 -49.16426 -37.42063 -296.61 -194.46 -166.3152 
1786080886.737 -0.005 -0.008 -0.006349997 -0.0074 -49.16426 -37.42063 -296.615 -194.46 -166.3152 
1786080886.898 -0.01 -0.008 -0.007619996 -0.0124 -49.16426 -37.42063 -296.61 -194.46 -166.314 
1786080887.058 -0.01 -0.008 -0.006349997 -0.0074 -49.16426 -37.42063 -296.61 -194.46 -166.3152 
1786080887.219 -0.01 -0.008 -0.006349997 -0.0074 -49.16426 -37.42063 -296.61 -194.46 -166.3152 
1786080887.378 -0.005 -0.008 -0.006349997 -0.0074 -49.16426 -37.42063 -296.615 -194.46 -166.3152 
1786080887.541 -0.01 -0.008 -0.006349997 -0.0074 -49.16426 -37.42063 -296.61 -194.46 -166.3152 
1786080887.701 -0.01 -0.008 -0.006349997 -0.0074 -49.16426 -37.42063 -296.61 -194.46 -166.3152 
1786080887.863 -0.005 -0.008 -0.006349997 -0.0074 -49.16426 -37.42063 -296.615 -194.46 -166.3152 
1786080888.034 -0.005 -0.008 -0.006349997 -0.0074 -49.16426 -37.42063 -296.615 -194.46 -166.3152 
1786080888.248 -0.005 -0.008 -0.006349997 -0.0074 -49.16426 -37.42063 -296.615 -194.46 -166.3152 
1786080888.445 -0.01 -0.008 -0.006349997 -0.0074 -49.16426 -37.42063 -296.615 -194.46 -166.3165 
1786080888.648 -0.01 -0.008 -0.006349997 -0.0074 -49.16426 -37.42063 -296.61 -194.46 -166.3152 
1786080888.824 -0.005 -0.008 -0.006349997 -0.0074 -49.16426 -37.42063 -296.615 -194.46 -166.3152 
1786080889.014 -0.01 -0.008 -0.006349997 -0.0074 -49.16426 -37.42063 -296.61 -194.46 -166.3152 
1786080889.225 -0.005 -0.008 -0.006349997 -0.0074 -49.16426 -37.42063 -296.615 -194.46 -166.3152 
1786080889.415 -0.005 -0.008 -0.006349997 -0.0074 -49.16426 -37.42063 -296.615 -194.46 -166.3152 
1786080889.614 -0.01 -0.012 -0.006349997 -0.0124 -49.16426 -37.42063 -296.61 -194.456 -166.3152 
1786080889.841 -0.01 -0.008 -0.006349997 -0.0124 -49.16426 -37.42063 -296.61 -194.46 -166.3152 
1786080890.046 -0.01 -0.008 -0.006349997 -0.0074 -49.16426 -37.42063 -296.61 -194.46 -166.3152 
1786080890.238 -0.005 -0.008 -0.006349997 -0.0074 -49.16426 -37.42063 -296.615 -194.46 -166.3152 
1786080890.422 -0.005 -0.008 -0.006349997 -0.0074 -49.16426 -37.42063 -296.615 -194.46 -166.3152 
1786080890.612 -0.005 -0.008 -0.005079997 -0.0074 -49.16426 -37.42063 -296.615 -194.46 -166.3165 
1786080890.783 -0.005 -0.008 -0.005079997 -0.0074 -49.16426 -37.42063 -296.615 -194.464 -166.3165 
1786080890.953 -0.005 -0.008 -0.005079997 -0.0074 -49.16426 -37.42063 -296.615 -194.46 -166.3165 
1786080891.114 -0.005 -0.004 -0.005079997 -0.0074 -49.16426 -37.42063 -296.615 -194.464 -166.3165 
1786080891.275 -0.01 -0.008 -0.006349997 -0.0074 -49.16426 -37.42063 -296.61 -194.46 -166.3152 
1786080891.436 -0.01 -0.008 -0.005079997 -0.0074 -49.16426 -37.42063 -296.61 -194.46 -166.3165 
1786080891.602 -0.01 -0.008 -0.006349997 -0.0074 -49.16426 -37.42063 -296.61 -194.46 -166.3152 
1786080891.759 -0.01 -0.008 -0.006349997 -0.0074 -49.16426 -37.42063 -296.61 -194.46 -166.3152 
1786080891.920 -0.01 -0.008 -0.006349997 -0.0074 -49.16426 -37.42063 -296.61 -194.46 -166.3152 
1786080892.078 -0.005 -0.008 -0.005079997 -0.0074 -49.16426 -37.42063 -296.615 -194.46 -166.3165 
1786080892.239 -0.005 -0.004 -0.005079997 -0.0024 -49.16426 -37.42063 -296.615 -194.464 -166.3165 
1786080892.398 -0.005 -0.004 -0.005079997 -0.0074 -49.16426 -37.42063 -296.615 -194.464 -166.3165 
1786080892.558 -0.005 -0.008 -0.005079997 -0.0074 -49.16426 -37.42063 -296.615 -194.46 -166.3165 
1786080892.724 -0.005 -0.004 -0.005079997 -0.0024 -49.16426 -37.42063 -296.615 -194.464 -166.3165 
1786080892.888 -0.005 -0.004 -0.005079997 -0.0024 -49.16426 -37.42063 -296.615 -194.464 -166.3165 
1786080893.049 -0.005 -0.004 -0.005079997 -0.0074 -49.16426 -37.42063 -296.615 -194.464 -166.3165 
1786080893.207 -0.005 -0.004 -0.005079997 -0.0074 -49.16426 -37.42063 -296.615 -194.464 -166.3165 
1786080893.369 -0.005 -0.008 -0.006349997 -0.0074 -49.16426 -37.42063 -296.61 -194.46 -166.3152 
1786080893.552 -0.005 -0.004 -0.005079997 -0.0074 -49.16426 -37.42063 -296.61 -194.46 -166.3165 
1786080893.728 -0.005 -0.008 -0.005079997 -0.0074 -49.16426 -37.42063 -296.615 -194.46 -166.3165 
1786080893.895 -0.005 -0.008 -0.005079997 -0.0074 -49.16426 -37.42063 -296.615 -194.46 -166.3165 
1786080894.085 -0.01 -0.008 -0.005079997 -0.0024 -49.16426 -37.42063 -296.61 -194.46 -166.3165 
1786080894.246 -0.01 -0.008 -0.005079997 -0.0074 -49.16426 -37.42063 -296.61 -194.46 -166.3165 
1786080894.405 -0.005 -0.004 -0.005079997 -0.0024 -49.16426 -37.42063 -296.615 -194.464 -166.3165 
1786080894.567 -0.005 -0.004 -0.005079997 -0.0024 -49.16426 -37.42063 -296.615 -194.464 -166.3165 
1786080894.745 -0.005 -0.004 -0.005079997 -0.0024 -49.16426 -37.42063 -296.615 -194.464 -166.3165 
1786080894.927 -0.005 -0.008 -0.006349997 -0.0024 -49.16426 -37.42063 -296.615 -194.46 -166.3152 
1786080895.092 -0.005 -0.004 -0.005079997 -0.0024 -49.16426 -37.42063 -296.615 -194.464 -166.3165 
1786080895.263 -0.005 -0.004 -0.003809998 -0.0024 -49.16426 -37.42063 -296.615 -194.464 -166.3178 
1786080895.430 -0.005 -0.004 -0.003809998 -0.0024 -49.16426 -37.42063 -296.615 -194.464 -166.3178 
1786080895.600 -0.005 -0.004 -0.002539999 -0.0024 -49.16426 -37.42063 -296.615 -194.464 -166.319 
1786080895.765 5.684342e-14 -0.004 -0.002539999 0.0026 -49.16426 -37.42063 -296.62 -194.464 -166.319 
1786080895.924 5.684342e-14 -0.004 -0.001269999 0.0026 -49.16426 -37.42063 -296.62 -194.464 -166.3203 
1786080896.084 5.684342e-14 -0.004 -0.001269999 0.0026 -49.16426 -37.42063 -296.62 -194.464 -166.3203 
1786080896.245 5.684342e-14 -0.008 -0.001269999 -0.0024 -49.16426 -37.42063 -296.62 -194.46 -166.3203 
1786080896.405 5.684342e-14 -0.008 -0.001269999 -0.0024 -49.16426 -37.42063 -296.62 -194.46 -166.3203 
1786080896.574 5.684342e-14 -0.008 -0.001269999 -0.0024 -49.16426 -37.42063 -296.62 -194.464 -166.3203 
1786080896.741 5.684342e-14 -0.004 -0.001269999 -0.0024 -49.16426 -37.42063 -296.62 -194.464 -166.3203 
1786080896.899 5.684342e-14 -0.004 -0.001269999 -0.0024 -49.16426 -37.42063 -296.62 -194.464 -166.3203 
1786080897.057 5.684342e-14 -0.004 -2.842171e-14 -0.0024 -49.16426 -37.42063 -296.62 -194.464 -166.3216 
1786080897.218 5.684342e-14 -0.004 -2.842171e-14 -0.0024 -49.16426 -37.42063 -296.62 -194.464 -166.3216 
1786080897.376 -0.005 -0.004 -2.842171e-14 -0.0024 -49.16426 -37.42063 -296.615 -194.464 -166.3216 
1786080897.535 -0.005 -0.004 -2.842171e-14 -0.0024 -49.16426 -37.42063 -296.615 -194.464 -166.3216 
1786080897.696 -0.005 -0.004 -2.842171e-14 -0.0024 -49.16426 -37.42063 -296.615 -194.464 -166.3216 
1786080897.853 -0.005 -0.004 -0.001269999 -0.0024 -49.16426 -37.42063 -296.615 -194.464 -166.3203 
1786080898.010 -0.005 -0.004 -0.001269999 -0.0024 -49.16426 -37.42063 -296.615 -194.464 -166.3203 
1786080898.168 -0.005 -0.004 -0.001269999 -0.0024 -49.16426 -37.42063 -296.615 -194.464 -166.3203 
1786080898.328 -0.005 -0.004 -0.002539999 -0.0024 -49.16426 -37.42063 -296.615 -194.464 -166.319 
1786080898.485 -0.005 -0.004 -0.003809998 -0.0024 -49.16426 -37.42063 -296.615 -194.464 -166.3178 
1786080898.658 -0.005 -0.004 -0.005079997 -0.0024 -49.16426 -37.42063 -296.615 -194.464 -166.3165 
1786080898.818 -0.005 -0.004 -0.005079997 -0.0024 -49.16426 -37.42063 -296.615 -194.464 -166.3165 
1786080898.975 -0.005 -0.004 -0.005079997 -0.0024 -49.16426 -37.42063 -296.615 -194.464 -166.3165 
1786080899.132 -0.005 -0.004 -0.005079997 -0.0024 -49.16426 -37.42063 -296.615 -194.464 -166.3165 
1786080899.293 -0.005 -0.004 -0.005079997 -0.0024 -49.16426 -37.42063 -296.615 -194.464 -166.3165 
1786080899.454 -0.005 -0.004 -0.005079997 -0.0024 -49.16426 -37.42063 -296.615 -194.464 -166.3165 
1786080899.620 -0.005 -0.004 -0.005079997 -0.0024 -49.16426 -37.42063 -296.615 -194.464 -166.3165 
1786080899.780 -0.005 -0.004 -0.005079997 -0.0024 -49.16426 -37.42063 -296.615 -194.464 -166.3165 
1786080899.938 -0.005 -0.004 -0.005079997 -0.0024 -49.16426 -37.42063 -296.615 -194.464 -166.3165 
1786080900.099 -0.005 -0.004 -0.005079997 -0.0024 -49.16426 -37.42063 -296.615 -194.464 -166.3165 
1786080900.258 -0.005 -0.004 -0.005079997 -0.0024 -49.16426 -37.42063 -296.615 -194.464 -166.3165 
1786080900.418 -0.005 -0.004 -0.005079997 -0.0024 -49.16426 -37.42063 -296.615 -194.464 -166.3165 
1786080900.581 -0.005 -0.004 -0.005079997 -0.0074 -49.16426 -37.42063 -296.615 -194.464 -166.3165 
1786080900.744 -0.005 -0.004 -0.005079997 -0.0024 -49.16426 -37.42063 -296.615 -194.464 -166.3165 
1786080900.902 -0.005 -0.004 -0.005079997 -0.0024 -49.16426 -37.42063 -296.615 -194.464 -166.3165 
1786080901.060 -0.005 -0.004 -0.005079997 -0.0024 -49.16426 -37.42063 -296.615 -194.464 -166.3165 
1786080901.218 -0.005 -0.004 -0.005079997 -0.0024 -49.16426 -37.42063 -296.615 -194.464 -166.3165 
1786080901.378 -0.005 -0.004 -0.005079997 -0.0024 -49.16426 -37.42063 -296.615 -194.464 -166.3165 
1786080901.542 -0.005 -0.004 -0.005079997 -0.0074 -49.16426 -37.42063 -296.615 -194.464 -166.3165 
1786080901.702 -0.005 -0.004 -0.005079997 -0.0024 -49.16426 -37.42063 -296.615 -194.464 -166.3165 
1786080901.859 -0.005 -0.004 -0.005079997 -0.0024 -49.16426 -37.42063 -296.615 -194.464 -166.3165 
1786080902.019 -0.005 -0.004 -0.005079997 -0.0024 -49.16426 -37.42063 -296.615 -194.464 -166.3165 
1786080902.185 -0.005 -0.004 -0.005079997 -0.0024 -49.16426 -37.42063 -296.615 -194.464 -166.3165 
1786080902.349 -0.005 -0.004 -0.002539999 -0.0024 -49.16426 -37.42063 -296.615 -194.464 -166.319 
1786080902.510 -0.005 -2.842171e-14 0.001269999 0.0026 -49.16426 -37.42063 -296.615 -194.468 -166.3229 
1786080902.670 -0.005 -2.842171e-14 0.002539999 0.0026 -49.16426 -37.42063 -296.615 -194.468 -166.3241 
1786080902.827 -0.005 -2.842171e-14 0.003809998 -0.0024 -49.16426 -37.42063 -296.615 -194.468 -166.3254 
1786080902.987 -0.005 -2.842171e-14 0.005079997 -0.0024 -49.16426 -37.42063 -296.615 -194.468 -166.3267 
1786080903.145 -0.005 -2.842171e-14 0.005079997 -0.0024 -49.16426 -37.42063 -296.615 -194.468 -166.3267 
1786080903.304 -0.005 -2.842171e-14 0.005079997 0.0026 -49.16426 -37.42063 -296.615 -194.468 -166.3267 
1786080903.464 -0.005 -2.842171e-14 0.005079997 0.0026 -49.16426 -37.42063 -296.615 -194.468 -166.3267 
1786080903.621 -0.005 -2.842171e-14 0.005079997 0.0026 -49.16426 -37.42063 -296.615 -194.468 -166.3267 
1786080903.781 -0.005 -2.842171e-14 0.005079997 0.0026 -49.16426 -37.42063 -296.615 -194.468 -166.3267 
1786080903.940 -0.005 -2.842171e-14 0.005079997 0.0026 -49.16426 -37.42063 -296.615 -194.468 -166.3267 
1786080904.099 -0.005 -2.842171e-14 0.005079997 0.0026 -49.16426 -37.42063 -296.615 -194.468 -166.3267 
1786080904.258 -0.005 -2.842171e-14 0.005079997 0.0026 -49.16426 -37.42063 -296.615 -194.468 -166.3267 
1786080904.418 -0.005 -2.842171e-14 0.005079997 0.0026 -49.16426 -37.42063 -296.615 -194.468 -166.3267 
1786080904.578 -0.005 -2.842171e-14 0.005079997 0.0026 -49.16426 -37.42063 -296.615 -194.468 -166.3267 
1786080904.735 -0.005 -2.842171e-14 0.003809998 0.0026 -49.16426 -37.42063 -296.615 -194.468 -166.3254 
1786080904.896 -0.005 -0.004 0.002539999 0.0026 -49.16426 -37.42063 -296.615 -194.464 -166.3241 
1786080905.061 -0.005 -0.004 -2.842171e-14 -0.0024 -49.16426 -37.42063 -296.615 -194.464 -166.3216 
1786080905.220 -0.005 -2.842171e-14 -0.001269999 -0.0024 -49.16426 -37.42063 -296.615 -194.468 -166.3203 
1786080905.383 -0.005 -2.842171e-14 -2.842171e-14 0.0026 -49.16426 -37.42063 -296.615 -194.468 -166.3216 
1786080905.541 -0.005 -2.842171e-14 -0.001269999 0.0026 -49.16426 -37.42063 -296.615 -194.468 -166.3203 
1786080905.700 -0.005 -2.842171e-14 -0.001269999 0.0026 -49.16426 -37.42063 -296.615 -194.468 -166.3203 
1786080905.861 -0.005 -2.842171e-14 -0.002539999 0.0026 -49.16426 -37.42063 -296.615 -194.468 -166.319 
1786080906.020 -0.005 -2.842171e-14 -0.003809998 0.0026 -49.16426 -37.42063 -296.615 -194.468 -166.3178 
1786080906.178 -0.005 -2.842171e-14 -0.003809998 0.0026 -49.16426 -37.42063 -296.615 -194.468 -166.3178 
1786080906.354 -0.005 -2.842171e-14 -0.005079997 0.0026 -49.16426 -37.42063 -296.615 -194.468 -166.3165 
1786080906.530 -0.005 -2.842171e-14 -0.005079997 0.0026 -49.16426 -37.42063 -296.615 -194.468 -166.3165 
1786080906.714 -0.005 -2.842171e-14 -0.005079997 0.0026 -49.16426 -37.42063 -296.615 -194.468 -166.3165 
1786080906.882 -0.005 -2.842171e-14 -0.003809998 0.0026 -49.16426 -37.42063 -296.615 -194.468 -166.3178 
1786080907.052 -0.005 -2.842171e-14 -0.003809998 0.0026 -49.16426 -37.42063 -296.615 -194.468 -166.3178 
1786080907.211 -0.005 -2.842171e-14 -0.003809998 0.0026 -49.16426 -37.42063 -296.615 -194.468 -166.3178 
1786080907.372 -0.005 -2.842171e-14 -0.003809998 0.0026 -49.16426 -37.42063 -296.615 -194.468 -166.3178 
1786080907.530 -0.005 -2.842171e-14 -0.003809998 0.0026 -49.16426 -37.42063 -296.615 -194.468 -166.3178 
1786080907.689 -0.005 -2.842171e-14 -0.003809998 0.0026 -49.16426 -37.42063 -296.615 -194.468 -166.3178 
1786080907.848 -0.005 -2.842171e-14 -0.003809998 0.0026 -49.16426 -37.42063 -296.615 -194.468 -166.3178 
1786080908.007 -0.005 -2.842171e-14 -0.003809998 0.0026 -49.16426 -37.42063 -296.615 -194.468 -166.3178 
1786080908.169 -0.005 -2.842171e-14 -0.003809998 0.0026 -49.16426 -37.42063 -296.615 -194.468 -166.3178 
1786080908.329 -0.005 -2.842171e-14 -0.003809998 0.0026 -49.16426 -37.42063 -296.615 -194.468 -166.3178 
1786080908.488 -0.005 -2.842171e-14 -0.003809998 0.0026 -49.16426 -37.42063 -296.615 -194.468 -166.3178 
1786080908.650 -0.005 -2.842171e-14 -0.003809998 0.0026 -49.16426 -37.42063 -296.615 -194.468 -166.3178 
1786080908.817 -0.005 -2.842171e-14 -0.003809998 0.0026 -49.16426 -37.42063 -296.615 -194.468 -166.3178 
1786080908.978 -0.005 -2.842171e-14 -0.003809998 -0.0024 -49.16426 -37.42063 -296.615 -194.468 -166.3178 
1786080909.136 -0.005 -2.842171e-14 -0.003809998 0.0026 -49.16426 -37.42063 -296.615 -194.468 -166.3178 
1786080909.298 -0.005 -2.842171e-14 -0.002539999 0.0026 -49.16426 -37.42063 -296.615 -194.468 -166.319 
1786080909.456 -0.005 -2.842171e-14 -0.002539999 0.0026 -49.16426 -37.42063 -296.615 -194.468 -166.319 
1786080909.616 -0.005 -2.842171e-14 -0.001269999 0.0026 -49.16426 -37.42063 -296.615 -194.468 -166.3203 
1786080909.774 -0.005 -2.842171e-14 0.001269999 0.0026 -49.16426 -37.42063 -296.615 -194.468 -166.3229 
1786080909.933 -0.005 -2.842171e-14 0.003809998 0.0026 -49.16426 -37.42063 -296.615 -194.468 -166.3254 
1786080910.092 -0.005 0.004 0.005079997 0.0076 -49.16426 -37.42063 -296.615 -194.472 -166.3267 
1786080910.249 -0.005 0.004 0.006349997 0.0076 -49.16426 -37.42063 -296.615 -194.472 -166.3279 
1786080910.412 -0.005 0.004 0.005079997 0.0026 -49.16426 -37.42063 -296.615 -194.472 -166.3267 
1786080910.569 -0.005 0.004 0.005079997 0.0026 -49.16426 -37.42063 -296.615 -194.472 -166.3267 
1786080910.733 -0.005 0.004 0.005079997 0.0076 -49.16426 -37.42063 -296.615 -194.472 -166.3267 
1786080910.894 -0.005 0.004 0.005079997 0.0026 -49.16426 -37.42063 -296.615 -194.472 -166.3267 
1786080911.058 -0.005 0.004 0.006349997 0.0076 -49.16426 -37.42063 -296.62 -194.472 -166.3279 
1786080911.220 -0.005 0.004 0.005079997 0.0026 -49.16426 -37.42063 -296.615 -194.472 -166.3267 
1786080911.381 -0.005 0.004 0.005079997 0.0026 -49.16426 -37.42063 -296.615 -194.472 -166.3267 
1786080911.540 -0.005 0.004 0.005079997 0.0026 -49.16426 -37.42063 -296.615 -194.472 -166.3267 
1786080911.705 -0.005 0.004 0.005079997 0.0026 -49.16426 -37.42063 -296.615 -194.472 -166.3267 
1786080911.869 -0.005 0.004 0.006349997 0.0026 -49.16426 -37.42063 -296.615 -194.472 -166.3279 
1786080912.030 -0.005 0.004 0.005079997 0.0026 -49.16426 -37.42063 -296.615 -194.472 -166.3267 
1786080912.191 -0.005 0.004 0.005079997 0.0026 -49.16426 -37.42063 -296.615 -194.472 -166.3267 
1786080912.350 -0.005 0.004 0.006349997 0.0076 -49.16426 -37.42063 -296.615 -194.472 -166.3279 
1786080912.509 -0.005 0.004 0.005079997 0.0026 -49.16426 -37.42063 -296.615 -194.472 -166.3279 
1786080912.673 -0.005 0.004 0.005079997 0.0026 -49.16426 -37.42063 -296.615 -194.472 -166.3267 
1786080912.836 -0.005 0.004 0.006349997 0.0076 -49.16426 -37.42063 -296.615 -194.472 -166.3279 
1786080913.002 -0.005 0.004 0.006349997 0.0076 -49.16426 -37.42063 -296.615 -194.472 -166.3279 
1786080913.164 -0.005 0.004 0.005079997 0.0026 -49.16426 -37.42063 -296.615 -194.472 -166.3267 
1786080913.327 -0.005 0.004 0.006349997 0.0076 -49.16426 -37.42063 -296.615 -194.472 -166.3279 
1786080913.488 -0.005 0.004 0.006349997 0.0026 -49.16426 -37.42063 -296.615 -194.472 -166.3267 
1786080913.654 -0.005 0.004 0.005079997 0.0026 -49.16426 -37.42063 -296.615 -194.472 -166.3267 
1786080913.820 -0.005 0.004 0.005079997 0.0076 -49.16426 -37.42063 -296.615 -194.472 -166.3267 
1786080913.999 -0.005 0.004 0.005079997 0.0026 -49.16426 -37.42063 -296.615 -194.472 -166.3267 
1786080914.160 -0.005 0.004 0.005079997 0.0026 -49.16426 -37.42063 -296.615 -194.472 -166.3267 
1786080914.323 -0.005 0.004 0.005079997 0.0026 -49.16426 -37.42063 -296.615 -194.472 -166.3267 
1786080914.485 -0.005 -2.842171e-14 0.005079997 0.0026 -49.16426 -37.42063 -296.615 -194.468 -166.3267 
1786080914.646 -0.005 -2.842171e-14 0.005079997 0.0026 -49.16426 -37.42063 -296.615 -194.468 -166.3267 
1786080914.804 -0.005 -2.842171e-14 0.005079997 -0.0024 -49.16426 -37.42063 -296.615 -194.468 -166.3267 
1786080914.965 -0.005 -2.842171e-14 0.003809998 -0.0024 -49.16426 -37.42063 -296.615 -194.468 -166.3254 
1786080915.130 -0.005 0.004 0.005079997 -0.0024 -49.16426 -37.42063 -296.615 -194.472 -166.3254 
1786080915.290 -0.005 -2.842171e-14 0.005079997 -0.0024 -49.16426 -37.42063 -296.615 -194.468 -166.3267 
1786080915.454 -0.005 0.004 0.005079997 -0.0024 -49.16426 -37.42063 -296.615 -194.472 -166.3267 
1786080915.614 -0.005 0.004 0.005079997 -0.0024 -49.16426 -37.42063 -296.615 -194.472 -166.3267 
1786080915.777 -0.005 0.004 0.003809998 -0.0024 -49.16426 -37.42063 -296.615 -194.472 -166.3254 
1786080915.942 -0.005 -2.842171e-14 0.003809998 -0.0024 -49.16426 -37.42063 -296.615 -194.468 -166.3254 
1786080916.102 -0.005 -2.842171e-14 0.005079997 -0.0024 -49.16426 -37.42063 -296.615 -194.468 -166.3267 
1786080916.261 -0.005 -2.842171e-14 0.005079997 0.0026 -49.16426 -37.42063 -296.615 -194.468 -166.3267 
1786080916.422 -0.005 -2.842171e-14 0.005079997 0.0026 -49.16426 -37.42063 -296.615 -194.468 -166.3267 
1786080916.588 -0.005 -2.842171e-14 0.005079997 0.0026 -49.16426 -37.42063 -296.615 -194.468 -166.3267 
1786080916.745 -0.005 -2.842171e-14 0.005079997 0.0026 -49.16426 -37.42063 -296.615 -194.468 -166.3267 
1786080916.910 -0.005 -2.842171e-14 0.005079997 0.0026 -49.16426 -37.42063 -296.615 -194.468 -166.3267 
1786080917.070 -0.005 -2.842171e-14 0.005079997 0.0026 -49.16426 -37.42063 -296.615 -194.468 -166.3267 
1786080917.228 -0.005 -2.842171e-14 0.003809998 -0.0024 -49.16426 -37.42063 -296.615 -194.468 -166.3254 
1786080917.391 -0.005 -2.842171e-14 0.003809998 -0.0024 -49.16426 -37.42063 -296.615 -194.468 -166.3254 
1786080917.554 -0.005 -2.842171e-14 0.005079997 -0.0024 -49.16426 -37.42063 -296.615 -194.468 -166.3267 
1786080917.713 -0.005 -2.842171e-14 0.005079997 -0.0024 -49.16426 -37.42063 -296.615 -194.468 -166.3267 
1786080917.882 -0.005 -2.842171e-14 0.005079997 -0.0024 -49.16426 -37.42063 -296.615 -194.468 -166.3267 
1786080918.045 -0.005 -2.842171e-14 0.005079997 0.0026 -49.16426 -37.42063 -296.615 -194.468 -166.3267 
1786080918.208 -0.005 -2.842171e-14 0.005079997 0.0026 -49.16426 -37.42063 -296.615 -194.468 -166.3267 
1786080918.374 -0.005 -2.842171e-14 0.005079997 0.0026 -49.16426 -37.42063 -296.615 -194.468 -166.3267 
1786080918.548 -0.005 -2.842171e-14 0.003809998 0.0026 -49.16426 -37.42063 -296.615 -194.468 -166.3254 
1786080918.722 -0.005 -2.842171e-14 0.003809998 0.0026 -49.16426 -37.42063 -296.615 -194.468 -166.3254 
1786080918.899 -0.005 -2.842171e-14 0.002539999 0.0026 -49.16426 -37.42063 -296.615 -194.468 -166.3241 
1786080919.058 -0.005 -0.004 -2.842171e-14 -0.0024 -49.16426 -37.42063 -296.615 -194.464 -166.3216 
1786080919.218 -0.005 -0.004 -0.001269999 -0.0024 -49.16426 -37.42063 -296.615 -194.464 -166.3203 
1786080919.378 -0.005 -2.842171e-14 -0.002539999 -0.0024 -49.16426 -37.42063 -296.615 -194.468 -166.319 
1786080919.537 -0.005 -2.842171e-14 -0.003809998 -0.0024 -49.16426 -37.42063 -296.615 -194.468 -166.3178 
1786080919.702 -0.005 -2.842171e-14 -0.006349997 -0.0074 -49.16426 -37.42063 -296.615 -194.468 -166.3152 
1786080919.868 -0.005 -2.842171e-14 -0.005079997 -0.0074 -49.16426 -37.42063 -296.615 -194.468 -166.3165 
1786080920.027 -0.01 -0.004 -0.006349997 -0.0074 -49.16426 -37.42063 -296.61 -194.464 -166.3152 
1786080920.188 -0.005 -0.004 -0.006349997 -0.0024 -49.16426 -37.42063 -296.615 -194.464 -166.3152 
1786080920.350 -0.005 -0.004 -0.005079997 -0.0024 -49.16426 -37.42063 -296.615 -194.464 -166.3165 
1786080920.510 -0.01 -0.004 -0.006349997 -0.0074 -49.16426 -37.42063 -296.61 -194.464 -166.3152 
1786080920.670 -0.005 -0.004 -0.006349997 -0.0024 -49.16426 -37.42063 -296.615 -194.464 -166.3152 
1786080920.834 -0.005 -0.004 -0.005079997 -0.0024 -49.16426 -37.42063 -296.615 -194.464 -166.3165 
1786080920.998 -0.005 -0.004 -0.005079997 -0.0024 -49.16426 -37.42063 -296.615 -194.464 -166.3165 
1786080921.160 -0.005 -0.004 -0.006349997 -0.0074 -49.16426 -37.42063 -296.615 -194.464 -166.3152 
1786080921.321 -0.005 -0.004 -0.006349997 -0.0024 -49.16426 -37.42063 -296.615 -194.464 -166.3152 
1786080921.494 -0.005 -0.004 -0.005079997 -0.0024 -49.16426 -37.42063 -296.615 -194.464 -166.3165 
1786080921.655 -0.005 -0.004 -0.005079997 -0.0024 -49.16426 -37.42063 -296.615 -194.464 -166.3165 
1786080921.817 -0.005 -0.004 -0.005079997 -0.0024 -49.16426 -37.42063 -296.615 -194.464 -166.3165 
1786080921.987 -0.005 -0.004 -0.006349997 -0.0074 -49.16426 -37.42063 -296.615 -194.464 -166.3152 
1786080922.157 -0.005 -0.004 -0.006349997 -0.0074 -49.16426 -37.42063 -296.615 -194.464 -166.3152 
1786080922.319 -0.005 -0.004 -0.006349997 -0.0074 -49.16426 -37.42063 -296.615 -194.464 -166.3152 
1786080922.480 -0.005 -0.004 -0.005079997 -0.0024 -49.16426 -37.42063 -296.615 -194.464 -166.3165 
1786080922.642 -0.005 -0.004 -0.005079997 -0.0024 -49.16426 -37.42063 -296.615 -194.464 -166.3165 
1786080922.802 -0.005 -0.004 -0.005079997 -0.0024 -49.16426 -37.42063 -296.615 -194.464 -166.3165 
1786080922.986 -0.005 -0.004 -0.005079997 -0.0024 -49.16426 -37.42063 -296.615 -194.464 -166.3165 
1786080923.158 -0.005 -0.004 -0.005079997 -0.0024 -49.16426 -37.42063 -296.615 -194.464 -166.3165 
1786080923.316 -0.005 -0.004 -0.005079997 -0.0024 -49.16426 -37.42063 -296.615 -194.464 -166.3165 
1786080923.475 -0.005 -0.004 -0.005079997 -0.0024 -49.16426 -37.42063 -296.615 -194.464 -166.3165 
1786080923.638 -0.005 -0.004 -0.005079997 -0.0074 -49.16426 -37.42063 -296.615 -194.464 -166.3165 
1786080923.796 -0.005 -0.004 -0.005079997 -0.0024 -49.16426 -37.42063 -296.615 -194.464 -166.3165 
1786080923.953 -0.005 -0.004 -0.005079997 -0.0074 -49.16426 -37.42063 -296.615 -194.464 -166.3165 
1786080924.113 -0.01 -0.008 -0.005079997 -0.0074 -49.16426 -37.42063 -296.61 -194.46 -166.3165 
1786080924.273 -0.005 -0.004 -0.005079997 -0.0024 -49.16426 -37.42063 -296.615 -194.464 -166.3165 
1786080924.431 -0.005 -0.004 -0.005079997 -0.0024 -49.16426 -37.42063 -296.615 -194.464 -166.3165 
1786080924.604 -0.01 -0.008 -0.005079997 -0.0024 -49.16426 -37.42063 -296.615 -194.464 -166.3165 
1786080924.768 -0.005 -0.004 -0.005079997 -0.0024 -49.16426 -37.42063 -296.615 -194.464 -166.3165 
1786080924.931 -0.01 -0.008 -0.005079997 -0.0024 -49.16426 -37.42063 -296.615 -194.464 -166.3165 
1786080925.091 -0.005 -0.004 -0.005079997 -0.0024 -49.16426 -37.42063 -296.615 -194.464 -166.3165 
1786080925.251 -0.005 -0.004 -0.005079997 -0.0024 -49.16426 -37.42063 -296.615 -194.464 -166.3165 
1786080925.410 -0.005 -0.004 -0.003809998 0.0026 -49.16426 -37.42063 -296.615 -194.464 -166.3178 
1786080925.581 5.684342e-14 -0.004 -0.001269999 0.0026 -49.16426 -37.42063 -296.62 -194.464 -166.3203 
1786080925.747 5.684342e-14 -0.004 -2.842171e-14 0.0026 -49.16426 -37.42063 -296.62 -194.464 -166.3216 
1786080925.910 0.005 -0.004 0.002539999 0.0026 -49.16426 -37.42063 -296.625 -194.464 -166.3241 
1786080926.075 0.005 -0.004 0.002539999 0.0026 -49.16426 -37.42063 -296.625 -194.464 -166.3241 
1786080926.235 0.005 -0.004 0.002539999 -0.0024 -49.16426 -37.42063 -296.625 -194.464 -166.3241 
1786080926.403 0.005 -0.004 0.002539999 -0.0024 -49.16426 -37.42063 -296.625 -194.464 -166.3241 
1786080926.564 0.005 -0.008 0.002539999 -0.0024 -49.16426 -37.42063 -296.625 -194.464 -166.3241 
1786080926.729 5.684342e-14 -0.004 0.002539999 -0.0024 -49.16426 -37.42063 -296.62 -194.464 -166.3241 
1786080926.891 5.684342e-14 -0.004 0.002539999 -0.0024 -49.16426 -37.42063 -296.62 -194.464 -166.3241 
1786080927.048 5.684342e-14 -0.004 0.002539999 -0.0024 -49.16426 -37.42063 -296.62 -194.464 -166.3241 
1786080927.213 0.005 -0.004 0.003809998 0.0026 -49.16426 -37.42063 -296.625 -194.464 -166.3254 
1786080927.373 0.005 -0.004 0.005079997 0.0026 -49.16426 -37.42063 -296.625 -194.464 -166.3267 
1786080927.537 0.005 -0.004 0.005079997 0.0026 -49.16426 -37.42063 -296.625 -194.464 -166.3267 
1786080927.698 0.005 -0.004 0.003809998 0.0026 -49.16426 -37.42063 -296.625 -194.464 -166.3254 
1786080927.858 0.005 -0.004 0.003809998 0.0026 -49.16426 -37.42063 -296.625 -194.464 -166.3254 
1786080928.016 5.684342e-14 -0.004 0.003809998 -0.0024 -49.16426 -37.42063 -296.62 -194.464 -166.3254 
1786080928.177 5.684342e-14 -0.004 0.005079997 -0.0024 -49.16426 -37.42063 -296.62 -194.464 -166.3267 
1786080928.337 -0.005 -0.004 0.003809998 -0.0024 -49.16426 -37.42063 -296.615 -194.464 -166.3254 
1786080928.498 -0.01 -0.008 0.002539999 -0.0074 -49.16426 -37.42063 -296.61 -194.46 -166.3241 
1786080928.660 -0.005 -0.008 -2.842171e-14 -0.0074 -49.16426 -37.42063 -296.615 -194.46 -166.3216 
1786080928.817 -0.005 -0.004 -0.001269999 -0.0024 -49.16426 -37.42063 -296.615 -194.464 -166.3203 
1786080928.978 -0.005 -0.004 -0.002539999 -0.0024 -49.16426 -37.42063 -296.615 -194.464 -166.319 
1786080929.135 -0.005 -0.004 -0.001269999 -0.0024 -49.16426 -37.42063 -296.615 -194.464 -166.3203 
1786080929.292 -0.005 -0.004 -2.842171e-14 0.0026 -49.16426 -37.42063 -296.615 -194.464 -166.3216 
1786080929.457 5.684342e-14 -0.004 0.002539999 0.0076 -49.16426 -37.42063 -296.62 -194.464 -166.3241 
1786080929.616 0.005 -0.004 0.005079997 0.0076 -49.16426 -37.42063 -296.625 -194.464 -166.3267 
1786080929.779 0.005 -2.842171e-14 0.005079997 0.0076 -49.16426 -37.42063 -296.625 -194.468 -166.3267 
1786080929.937 0.005 -2.842171e-14 0.005079997 0.0026 -49.16426 -37.42063 -296.625 -194.468 -166.3267 
1786080930.099 0.005 -2.842171e-14 0.005079997 0.0026 -49.16426 -37.42063 -296.625 -194.468 -166.3267 
1786080930.257 0.005 -0.004 0.005079997 0.0026 -49.16426 -37.42063 -296.625 -194.464 -166.3267 
1786080930.417 0.005 -0.004 0.003809998 -0.0024 -49.16426 -37.42063 -296.625 -194.464 -166.3254 
1786080930.579 0.005 -0.004 0.002539999 -0.0024 -49.16426 -37.42063 -296.625 -194.464 -166.3241 
1786080930.737 5.684342e-14 -0.004 0.002539999 -0.0024 -49.16426 -37.42063 -296.62 -194.464 -166.3241 
1786080930.897 5.684342e-14 -0.004 -2.842171e-14 -0.0074 -49.16426 -37.42063 -296.615 -194.46 -166.3216 
1786080931.056 -0.005 -0.004 -0.002539999 -0.0024 -49.16426 -37.42063 -296.615 -194.464 -166.319 
1786080931.216 -0.005 -0.004 -0.005079997 -0.0024 -49.16426 -37.42063 -296.615 -194.464 -166.3165 
1786080931.377 -0.005 -0.004 -0.005079997 -0.0024 -49.16426 -37.42063 -296.615 -194.464 -166.3165 
1786080931.535 5.684342e-14 -0.004 -0.003809998 0.0026 -49.16426 -37.42063 -296.62 -194.464 -166.3178 
1786080931.693 5.684342e-14 -0.004 -0.003809998 0.0076 -49.16426 -37.42063 -296.62 -194.464 -166.3178 
1786080931.850 0.005 -2.842171e-14 -0.002539999 0.0026 -49.16426 -37.42063 -296.625 -194.468 -166.319 
1786080932.007 0.005 -2.842171e-14 -0.001269999 0.0026 -49.16426 -37.42063 -296.625 -194.468 -166.3203 
1786080932.170 0.005 -2.842171e-14 -2.842171e-14 0.0026 -49.16426 -37.42063 -296.625 -194.468 -166.3216 
1786080932.337 0.005 -2.842171e-14 0.001269999 0.0026 -49.16426 -37.42063 -296.625 -194.468 -166.3229 
1786080932.499 0.005 -2.842171e-14 0.001269999 0.0026 -49.16426 -37.42063 -296.625 -194.468 -166.3229 
1786080932.659 0.005 -2.842171e-14 0.001269999 0.0026 -49.16426 -37.42063 -296.625 -194.468 -166.3229 
1786080932.817 0.005 -2.842171e-14 -2.842171e-14 0.0026 -49.16426 -37.42063 -296.625 -194.468 -166.3216 
1786080932.976 5.684342e-14 -0.004 -2.842171e-14 -0.0024 -49.16426 -37.42063 -296.62 -194.464 -166.3216 
1786080933.136 5.684342e-14 -0.004 -0.002539999 -0.0024 -49.16426 -37.42063 -296.62 -194.464 -166.319 
1786080933.300 -0.005 -0.008 -0.005079997 -0.0074 -49.16426 -37.42063 -296.615 -194.46 -166.3165 
1786080933.468 -0.01 -0.008 -0.006349997 -0.0074 -49.16426 -37.42063 -296.61 -194.46 -166.3152 
1786080933.627 -0.005 -0.004 -0.005079997 -0.0024 -49.16426 -37.42063 -296.615 -194.464 -166.3165 
1786080933.790 5.684342e-14 -0.004 -0.005079997 0.0026 -49.16426 -37.42063 -296.62 -194.464 -166.3165 
1786080933.953 0.005 -2.842171e-14 -0.001269999 0.0076 -49.16426 -37.42063 -296.625 -194.468 -166.3203 
1786080934.169 0.01 -2.842171e-14 0.002539999 0.0076 -49.16426 -37.42063 -296.63 -194.468 -166.3241 
1786080934.353 0.005 0.004 0.005079997 0.0026 -49.16426 -37.42063 -296.625 -194.472 -166.3267 
1786080934.540 0.005 0.004 0.005079997 0.0026 -49.16426 -37.42063 -296.625 -194.472 -166.3267 
1786080934.744 0.005 0.004 0.005079997 0.0026 -49.16426 -37.42063 -296.625 -194.472 -166.3267 
1786080934.906 0.005 -2.842171e-14 0.005079997 0.0026 -49.16426 -37.42063 -296.625 -194.468 -166.3267 
1786080935.067 0.005 -2.842171e-14 0.003809998 0.0026 -49.16426 -37.42063 -296.625 -194.468 -166.3254 
1786080935.235 0.005 -2.842171e-14 0.003809998 0.0026 -49.16426 -37.42063 -296.625 -194.468 -166.3254 
1786080935.404 0.005 -2.842171e-14 0.003809998 0.0026 -49.16426 -37.42063 -296.625 -194.468 -166.3254 
1786080935.568 0.005 0.004 0.005079997 0.0026 -49.16426 -37.42063 -296.625 -194.472 -166.3267 
1786080935.738 0.01 0.004 0.006349997 0.0076 -49.16426 -37.42063 -296.63 -194.472 -166.3279 
1786080935.909 0.01 0.008 0.006349997 0.0076 -49.16426 -37.42063 -296.63 -194.476 -166.3279 
1786080936.073 0.01 0.012 0.007619996 0.0126 -49.16426 -37.42063 -296.63 -194.48 -166.3292 
1786080936.238 0.01 0.012 0.008889995 0.0126 -49.16426 -37.42063 -296.63 -194.48 -166.3305 
1786080936.401 0.01 0.012 0.008889995 0.0126 -49.16426 -37.42063 -296.63 -194.48 -166.3305 
1786080936.561 0.01 0.016 0.008889995 0.0126 -49.16426 -37.42063 -296.63 -194.484 -166.3305 
1786080936.721 0.015 0.016 0.01015999 0.0176 -49.16426 -37.42063 -296.635 -194.484 -166.3317 
1786080936.883 0.02 0.02 0.01142999 0.0226 -49.16426 -37.42063 -296.64 -194.488 -166.333 
1786080937.047 0.02 0.024 0.01269999 0.0226 -49.16426 -37.42063 -296.64 -194.492 -166.3343 
1786080937.210 0.02 0.024 0.01269999 0.0226 -49.16426 -37.42063 -296.64 -194.492 -166.3343 
1786080937.368 0.015 0.02 0.01142999 0.0176 -49.16426 -37.42063 -296.635 -194.488 -166.333 
1786080937.526 0.015 0.02 0.01015999 0.0176 -49.16426 -37.42063 -296.635 -194.488 -166.3317 
1786080937.687 0.015 0.016 0.008889995 0.0126 -49.16426 -37.42063 -296.635 -194.484 -166.3305 
1786080937.848 0.015 0.016 0.008889995 0.0176 -49.16426 -37.42063 -296.635 -194.484 -166.3305 
1786080938.008 0.015 0.016 0.008889995 0.0126 -49.16426 -37.42063 -296.635 -194.484 -166.3305 
1786080938.191 0.015 0.016 0.008889995 0.0176 -49.16426 -37.42063 -296.635 -194.484 -166.3305 
1786080938.363 0.015 0.016 0.007619996 0.0126 -49.16426 -37.42063 -296.635 -194.484 -166.3292 
1786080938.546 0.015 0.016 0.007619996 0.0126 -49.16426 -37.42063 -296.635 -194.484 -166.3292 
1786080938.743 0.015 0.012 0.008889995 0.0126 -49.16426 -37.42063 -296.635 -194.484 -166.3305 
1786080938.902 0.01 0.012 0.008889995 0.0126 -49.16426 -37.42063 -296.63 -194.48 -166.3305 
1786080939.062 0.015 0.016 0.008889995 0.0126 -49.16426 -37.42063 -296.635 -194.484 -166.3305 
1786080939.223 0.01 0.012 0.008889995 0.0176 -49.16426 -37.42063 -296.63 -194.48 -166.3305 
1786080939.381 0.01 0.012 0.007619996 0.0126 -49.16426 -37.42063 -296.63 -194.48 -166.3292 
1786080939.543 0.015 0.016 0.007619996 0.0126 -49.16426 -37.42063 -296.635 -194.484 -166.3292 
1786080939.704 0.01 0.012 0.007619996 0.0126 -49.16426 -37.42063 -296.63 -194.48 -166.3292 
1786080939.863 0.005 0.012 0.006349997 0.0076 -49.16426 -37.42063 -296.625 -194.48 -166.3279 
1786080940.028 0.005 0.004 0.001269999 0.0026 -49.16426 -37.42063 -296.625 -194.472 -166.3229 
1786080940.197 5.684342e-14 -2.842171e-14 -0.003809998 -0.0074 -49.16426 -37.42063 -296.62 -194.468 -166.3178 
1786080940.357 5.684342e-14 -0.004 -0.006349997 -0.0024 -49.16426 -37.42063 -296.62 -194.464 -166.3152 
1786080940.521 5.684342e-14 -0.008 -0.006349997 -0.0074 -49.16426 -37.42063 -296.62 -194.46 -166.3152 
1786080940.690 5.684342e-14 -0.004 -0.006349997 -0.0024 -49.16426 -37.42063 -296.62 -194.464 -166.3152 
1786080940.856 5.684342e-14 -0.004 -0.005079997 -0.0024 -49.16426 -37.42063 -296.62 -194.464 -166.3165 
1786080941.021 0.005 -0.004 -0.005079997 -0.0024 -49.16426 -37.42063 -296.625 -194.464 -166.3165 
1786080941.186 0.005 -0.004 -0.005079997 -0.0024 -49.16426 -37.42063 -296.625 -194.464 -166.3165 
1786080941.348 0.005 -0.008 -0.005079997 -0.0074 -49.16426 -37.42063 -296.625 -194.46 -166.3165 
1786080941.518 5.684342e-14 -0.004 -0.006349997 -0.0074 -49.16426 -37.42063 -296.62 -194.464 -166.3152 
1786080941.681 5.684342e-14 -0.008 -0.007619996 -0.0074 -49.16426 -37.42063 -296.62 -194.46 -166.314 
1786080941.843 -0.005 -0.008 -0.007619996 -0.0074 -49.16426 -37.42063 -296.615 -194.46 -166.314 
1786080942.002 -0.005 -0.008 -0.007619996 -0.0074 -49.16426 -37.42063 -296.61 -194.46 -166.314 
1786080942.163 -0.01 -0.012 -0.007619996 -0.0124 -49.16426 -37.42063 -296.61 -194.456 -166.314 
1786080942.323 -0.01 -0.012 -0.007619996 -0.0074 -49.16426 -37.42063 -296.61 -194.456 -166.314 
1786080942.485 -0.005 -0.008 -0.007619996 -0.0074 -49.16426 -37.42063 -296.615 -194.46 -166.314 
1786080942.643 -0.005 -0.008 -0.006349997 -0.0074 -49.16426 -37.42063 -296.615 -194.46 -166.3152 
1786080942.805 -0.005 -0.008 -0.007619996 -0.0074 -49.16426 -37.42063 -296.615 -194.46 -166.314 
1786080942.966 -0.01 -0.008 -0.007619996 -0.0074 -49.16426 -37.42063 -296.61 -194.46 -166.3152 
1786080943.126 -0.005 -0.008 -0.006349997 -0.0074 -49.16426 -37.42063 -296.615 -194.46 -166.3152 
1786080943.285 -0.005 -0.008 -0.006349997 -0.0074 -49.16426 -37.42063 -296.615 -194.46 -166.3152 
1786080943.443 -0.005 -0.008 -0.006349997 -0.0074 -49.16426 -37.42063 -296.615 -194.46 -166.3152 
1786080943.603 -0.005 -0.004 -0.005079997 -0.0024 -49.16426 -37.42063 -296.615 -194.464 -166.3165 
1786080943.763 -0.005 -0.004 -0.003809998 -0.0024 -49.16426 -37.42063 -296.615 -194.464 -166.3178 
1786080943.952 -0.005 -0.008 -0.005079997 -0.0024 -49.16426 -37.42063 -296.615 -194.46 -166.3165 
1786080944.112 -0.005 -0.004 -0.006349997 -0.0074 -49.16426 -37.42063 -296.615 -194.464 -166.3152 
1786080944.270 -0.005 -0.004 -0.005079997 -0.0024 -49.16426 -37.42063 -296.615 -194.464 -166.3165 
1786080944.428 -0.005 -0.004 -0.005079997 -0.0024 -49.16426 -37.42063 -296.615 -194.464 -166.3165 
1786080944.588 -0.005 -0.008 -0.006349997 -0.0074 -49.16426 -37.42063 -296.615 -194.46 -166.3152 
1786080944.746 -0.005 -0.008 -0.006349997 -0.0074 -49.16426 -37.42063 -296.615 -194.46 -166.3152 
1786080944.903 -0.005 -0.004 -0.005079997 -0.0024 -49.16426 -37.42063 -296.615 -194.464 -166.3165 
1786080945.061 -0.005 -0.008 -0.006349997 -0.0074 -49.16426 -37.42063 -296.615 -194.46 -166.3152 
1786080945.221 -0.005 -0.008 -0.006349997 -0.0074 -49.16426 -37.42063 -296.615 -194.46 -166.3152 
1786080945.383 -0.01 -0.008 -0.007619996 -0.0074 -49.16426 -37.42063 -296.61 -194.46 -166.314 
1786080945.546 -0.005 -0.008 -0.006349997 -0.0074 -49.16426 -37.42063 -296.615 -194.46 -166.3152 
1786080945.706 -0.005 -0.004 -0.005079997 -0.0074 -49.16426 -37.42063 -296.615 -194.46 -166.3165 
1786080945.863 -0.005 -0.004 -0.005079997 -0.0074 -49.16426 -37.42063 -296.615 -194.464 -166.3165 
1786080946.023 -0.005 -0.008 -0.005079997 -0.0074 -49.16426 -37.42063 -296.615 -194.46 -166.3165 
1786080946.181 -0.005 -0.008 -0.005079997 -0.0074 -49.16426 -37.42063 -296.615 -194.46 -166.3165 
1786080946.343 -0.005 -0.008 -0.005079997 -0.0024 -49.16426 -37.42063 -296.615 -194.46 -166.3165 
1786080946.500 -0.005 -0.008 -0.005079997 -0.0074 -49.16426 -37.42063 -296.615 -194.46 -166.3165 
1786080946.660 -0.005 -0.008 -0.006349997 -0.0074 -49.16426 -37.42063 -296.615 -194.46 -166.3152 
1786080946.818 -0.005 -0.008 -0.006349997 -0.0074 -49.16426 -37.42063 -296.615 -194.46 -166.3152 
1786080946.976 -0.01 -0.008 -0.007619996 -0.0074 -49.16426 -37.42063 -296.61 -194.46 -166.314 
1786080947.136 -0.01 -0.008 -0.007619996 -0.0074 -49.16426 -37.42063 -296.61 -194.46 -166.314 
1786080947.297 -0.005 -0.008 -0.006349997 -0.0074 -49.16426 -37.42063 -296.61 -194.46 -166.3152 
1786080947.457 -0.01 -0.008 -0.006349997 -0.0124 -49.16426 -37.42063 -296.61 -194.46 -166.3152 
1786080947.617 -0.01 -0.008 -0.006349997 -0.0074 -49.16426 -37.42063 -296.61 -194.46 -166.3152 
1786080947.778 -0.01 -0.008 -0.006349997 -0.0074 -49.16426 -37.42063 -296.61 -194.46 -166.3152 
1786080947.937 -0.005 -0.008 -0.005079997 -0.0074 -49.16426 -37.42063 -296.615 -194.46 -166.3165 
1786080948.095 -0.005 -0.004 -0.005079997 -0.0074 -49.16426 -37.42063 -296.615 -194.464 -166.3165 
1786080948.258 -0.005 -0.004 -0.005079997 -0.0074 -49.16426 -37.42063 -296.615 -194.464 -166.3165 
1786080948.416 -0.01 -0.008 -0.006349997 -0.0074 -49.16426 -37.42063 -296.61 -194.46 -166.3152 
1786080948.576 -0.005 -0.008 -0.006349997 -0.0074 -49.16426 -37.42063 -296.615 -194.46 -166.3152 
1786080948.738 -0.005 -0.008 -0.006349997 -0.0074 -49.16426 -37.42063 -296.615 -194.46 -166.3152 
1786080948.900 -0.005 -0.008 -0.006349997 -0.0074 -49.16426 -37.42063 -296.615 -194.46 -166.3152 
1786080949.060 -0.01 -0.008 -0.006349997 -0.0074 -49.16426 -37.42063 -296.61 -194.46 -166.3152 
1786080949.218 -0.01 -0.008 -0.006349997 -0.0074 -49.16426 -37.42063 -296.61 -194.46 -166.3152 
1786080949.380 -0.005 -0.008 -0.006349997 -0.0074 -49.16426 -37.42063 -296.615 -194.46 -166.3152 
1786080949.538 -0.01 -0.008 -0.006349997 -0.0074 -49.16426 -37.42063 -296.615 -194.46 -166.3152 
1786080949.695 -0.01 -0.008 -0.006349997 -0.0074 -49.16426 -37.42063 -296.61 -194.46 -166.3152 
1786080949.854 -0.01 -0.008 -0.006349997 -0.0074 -49.16426 -37.42063 -296.61 -194.46 -166.3152 
1786080950.012 -0.01 -0.008 -0.006349997 -0.0074 -49.16426 -37.42063 -296.61 -194.46 -166.3152 
1786080950.177 -0.01 -0.008 -0.005079997 -0.0074 -49.16426 -37.42063 -296.61 -194.46 -166.3165 
1786080950.338 -0.005 -0.004 -0.005079997 -0.0074 -49.16426 -37.42063 -296.615 -194.464 -166.3165 
1786080950.498 -0.005 -0.004 -0.005079997 -0.0074 -49.16426 -37.42063 -296.615 -194.464 -166.3165 
1786080950.657 -0.005 -0.008 -0.005079997 -0.0074 -49.16426 -37.42063 -296.615 -194.46 -166.3165 
1786080950.815 -0.005 -0.004 -0.005079997 -0.0074 -49.16426 -37.42063 -296.615 -194.464 -166.3165 
1786080950.974 -0.005 -0.004 -0.005079997 -0.0074 -49.16426 -37.42063 -296.615 -194.464 -166.3165 
1786080951.133 -0.005 -0.008 -0.006349997 -0.0074 -49.16426 -37.42063 -296.615 -194.46 -166.3152 
1786080951.298 -0.005 -0.008 -0.006349997 -0.0074 -49.16426 -37.42063 -296.615 -194.46 -166.3152 
1786080951.457 -0.005 -0.008 -0.006349997 -0.0074 -49.16426 -37.42063 -296.615 -194.46 -166.3152 
1786080951.616 -0.005 -0.008 -0.006349997 -0.0074 -49.16426 -37.42063 -296.615 -194.46 -166.3152 
1786080951.774 -0.005 -0.008 -0.006349997 -0.0074 -49.16426 -37.42063 -296.615 -194.46 -166.3152 
1786080951.934 -0.005 -0.008 -0.006349997 -0.0074 -49.16426 -37.42063 -296.615 -194.46 -166.3152 
1786080952.094 -0.01 -0.008 -0.006349997 -0.0074 -49.16426 -37.42063 -296.61 -194.46 -166.3152 
1786080952.252 -0.01 -0.008 -0.006349997 -0.0074 -49.16426 -37.42063 -296.61 -194.46 -166.3152 
1786080952.411 -0.01 -0.008 -0.006349997 -0.0074 -49.16426 -37.42063 -296.61 -194.46 -166.3152 
1786080952.571 -0.01 -0.008 -0.006349997 -0.0074 -49.16426 -37.42063 -296.61 -194.46 -166.3152 
1786080952.734 -0.005 -0.004 -0.005079997 -0.0024 -49.16426 -37.42063 -296.615 -194.464 -166.3165 
1786080952.895 -0.01 -0.008 -0.006349997 -0.0074 -49.16426 -37.42063 -296.61 -194.46 -166.3152 
1786080953.058 -0.005 -0.004 -0.005079997 -0.0024 -49.16426 -37.42063 -296.615 -194.464 -166.3165 
1786080953.216 -0.005 -0.008 -0.005079997 -0.0074 -49.16426 -37.42063 -296.615 -194.46 -166.3165 
1786080953.379 -0.01 -0.008 -0.006349997 -0.0074 -49.16426 -37.42063 -296.61 -194.46 -166.3152 
1786080953.538 -0.005 -0.008 -0.006349997 -0.0074 -49.16426 -37.42063 -296.615 -194.46 -166.3152 
1786080953.699 -0.005 -0.008 -0.006349997 -0.0074 -49.16426 -37.42063 -296.615 -194.46 -166.3152 
1786080953.859 -0.005 -0.008 -0.006349997 -0.0074 -49.16426 -37.42063 -296.615 -194.46 -166.3152 
1786080954.020 -0.01 -0.004 -0.006349997 -0.0074 -49.16426 -37.42063 -296.61 -194.464 -166.3152 
1786080954.179 -0.01 -0.008 -0.006349997 -0.0074 -49.16426 -37.42063 -296.61 -194.46 -166.3152 
1786080954.336 -0.01 -0.008 -0.006349997 -0.0074 -49.16426 -37.42063 -296.61 -194.46 -166.3152 
1786080954.495 -0.01 -0.008 -0.006349997 -0.0074 -49.16426 -37.42063 -296.61 -194.46 -166.3152 
1786080954.654 -0.01 -0.008 -0.006349997 -0.0074 -49.16426 -37.42063 -296.61 -194.46 -166.3152 
1786080954.814 -0.01 -0.008 -0.006349997 -0.0074 -49.16426 -37.42063 -296.61 -194.46 -166.3152 
1786080954.981 -0.01 -0.008 -0.006349997 -0.0074 -49.16426 -37.42063 -296.61 -194.46 -166.3152 
1786080955.139 -0.005 -0.008 -0.006349997 -0.0074 -49.16426 -37.42063 -296.615 -194.46 -166.3152 
1786080955.297 -0.01 -0.008 -0.006349997 -0.0074 -49.16426 -37.42063 -296.61 -194.46 -166.3152 
1786080955.455 -0.01 -0.008 -0.005079997 -0.0074 -49.16426 -37.42063 -296.61 -194.46 -166.3165 
1786080955.616 -0.005 -0.004 -0.005079997 -0.0024 -49.16426 -37.42063 -296.615 -194.464 -166.3165 
1786080955.775 -0.005 -0.004 -0.005079997 -0.0074 -49.16426 -37.42063 -296.615 -194.464 -166.3165 
1786080955.936 -0.005 -0.004 -0.005079997 -0.0074 -49.16426 -37.42063 -296.615 -194.464 -166.3165 
1786080956.104 -0.005 -0.004 -0.005079997 -0.0074 -49.16426 -37.42063 -296.615 -194.464 -166.3165 
1786080956.268 -0.005 -0.004 -0.005079997 -0.0074 -49.16426 -37.42063 -296.615 -194.464 -166.3165 
1786080956.433 -0.01 -0.004 -0.005079997 -0.0074 -49.16426 -37.42063 -296.61 -194.464 -166.3165 
1786080956.592 -0.005 -0.004 -0.005079997 -0.0024 -49.16426 -37.42063 -296.615 -194.464 -166.3165 
1786080956.752 -0.005 -0.004 -0.005079997 -0.0024 -49.16426 -37.42063 -296.615 -194.464 -166.3165 
1786080956.912 -0.005 -0.004 -0.005079997 -0.0074 -49.16426 -37.42063 -296.61 -194.46 -166.3152 
1786080957.076 -0.005 -0.004 -0.005079997 -0.0024 -49.16426 -37.42063 -296.615 -194.464 -166.3165 
1786080957.237 -0.005 -0.004 -0.005079997 -0.0024 -49.16426 -37.42063 -296.615 -194.464 -166.3165 
1786080957.428 -0.01 -0.004 -0.005079997 -0.0024 -49.16426 -37.42063 -296.615 -194.464 -166.3165 
1786080957.611 -0.005 -0.004 -0.005079997 -0.0024 -49.16426 -37.42063 -296.615 -194.464 -166.3165 
1786080957.785 -0.005 -0.004 -0.005079997 -0.0024 -49.16426 -37.42063 -296.615 -194.464 -166.3165 
1786080957.946 -0.005 -0.004 -0.005079997 -0.0074 -49.16426 -37.42063 -296.61 -194.46 -166.3152 
1786080958.109 -0.005 -0.004 -0.006349997 -0.0024 -49.16426 -37.42063 -296.615 -194.464 -166.3152 
1786080958.273 -0.005 -0.004 -0.006349997 -0.0074 -49.16426 -37.42063 -296.615 -194.464 -166.3152 
1786080958.436 -0.005 -0.004 -0.005079997 -0.0024 -49.16426 -37.42063 -296.615 -194.464 -166.3165 
1786080958.598 -0.005 -0.004 -0.005079997 -0.0024 -49.16426 -37.42063 -296.615 -194.464 -166.3165 
1786080958.765 -0.01 -0.004 -0.005079997 -0.0074 -49.16426 -37.42063 -296.61 -194.464 -166.3165 
1786080958.935 -0.01 -0.004 -0.005079997 -0.0024 -49.16426 -37.42063 -296.61 -194.464 -166.3165 
1786080959.103 -0.005 -0.004 -0.005079997 -0.0024 -49.16426 -37.42063 -296.615 -194.464 -166.3165 
1786080959.265 -0.005 -0.004 -0.005079997 -0.0024 -49.16426 -37.42063 -296.615 -194.464 -166.3165 
1786080959.432 -0.005 -0.004 -0.005079997 -0.0024 -49.16426 -37.42063 -296.615 -194.464 -166.3165 
1786080959.597 -0.005 -0.004 -0.005079997 -0.0074 -49.16426 -37.42063 -296.615 -194.464 -166.3165 
1786080959.763 -0.005 -0.004 -0.005079997 -0.0024 -49.16426 -37.42063 -296.615 -194.464 -166.3165 
1786080959.921 -0.005 -0.004 -0.005079997 -0.0074 -49.16426 -37.42063 -296.615 -194.464 -166.3165 
1786080960.086 -0.005 -0.004 -0.005079997 -0.0024 -49.16426 -37.42063 -296.615 -194.464 -166.3165 
1786080960.246 -0.005 -0.004 -0.005079997 -0.0024 -49.16426 -37.42063 -296.615 -194.464 -166.3165 
1786080960.405 -0.005 -0.004 -0.005079997 -0.0074 -49.16426 -37.42063 -296.615 -194.464 -166.3165 
1786080960.566 -0.01 -0.004 -0.005079997 -0.0074 -49.16426 -37.42063 -296.61 -194.464 -166.3165 
1786080960.728 -0.005 -0.004 -0.005079997 -0.0024 -49.16426 -37.42063 -296.615 -194.464 -166.3165 
1786080960.890 -0.005 -0.004 -0.005079997 -0.0024 -49.16426 -37.42063 -296.615 -194.464 -166.3165 
1786080961.048 -0.01 -0.004 -0.005079997 -0.0024 -49.16426 -37.42063 -296.61 -194.464 -166.3165 
1786080961.205 -0.005 -0.004 -0.005079997 -0.0024 -49.16426 -37.42063 -296.615 -194.464 -166.3165 
1786080961.365 -0.005 -0.004 -0.003809998 -0.0024 -49.16426 -37.42063 -296.615 -194.464 -166.3178 
1786080961.524 -0.005 -0.004 -0.003809998 -0.0024 -49.16426 -37.42063 -296.615 -194.464 -166.3178 
1786080961.698 -0.005 -2.842171e-14 -2.842171e-14 -0.0024 -49.16426 -37.42063 -296.615 -194.468 -166.3216 
1786080961.859 5.684342e-14 -2.842171e-14 0.002539999 0.0026 -49.16426 -37.42063 -296.62 -194.468 -166.3241 
1786080962.022 5.684342e-14 -2.842171e-14 0.005079997 0.0026 -49.16426 -37.42063 -296.62 -194.468 -166.3267 
1786080962.181 5.684342e-14 -2.842171e-14 0.005079997 0.0026 -49.16426 -37.42063 -296.62 -194.468 -166.3267 
1786080962.342 5.684342e-14 -2.842171e-14 0.006349997 0.0076 -49.16426 -37.42063 -296.62 -194.468 -166.3279 
1786080962.500 0.005 -2.842171e-14 0.006349997 0.0026 -49.16426 -37.42063 -296.625 -194.468 -166.3279 
1786080962.661 0.005 0.004 0.006349997 0.0076 -49.16426 -37.42063 -296.625 -194.472 -166.3279 
1786080962.818 0.005 0.004 0.006349997 0.0076 -49.16426 -37.42063 -296.625 -194.472 -166.3279 
1786080962.976 0.005 0.004 0.005079997 0.0026 -49.16426 -37.42063 -296.625 -194.472 -166.3267 
1786080963.133 0.005 0.004 0.005079997 0.0026 -49.16426 -37.42063 -296.625 -194.472 -166.3267 
1786080963.290 0.005 0.004 0.005079997 0.0026 -49.16426 -37.42063 -296.625 -194.472 -166.3267 
1786080963.447 5.684342e-14 0.004 0.005079997 0.0026 -49.16426 -37.42063 -296.62 -194.472 -166.3267 
1786080963.605 5.684342e-14 0.004 0.005079997 0.0026 -49.16426 -37.42063 -296.62 -194.472 -166.3267 
1786080963.763 5.684342e-14 0.004 0.005079997 0.0026 -49.16426 -37.42063 -296.62 -194.472 -166.3267 
1786080963.920 -0.005 0.004 0.005079997 0.0026 -49.16426 -37.42063 -296.615 -194.472 -166.3267 
1786080964.079 -0.005 0.004 0.003809998 0.0026 -49.16426 -37.42063 -296.615 -194.472 -166.3254 
1786080964.237 -0.005 0.004 0.003809998 0.0026 -49.16426 -37.42063 -296.615 -194.472 -166.3254 
1786080964.395 -0.005 0.004 0.003809998 0.0026 -49.16426 -37.42063 -296.615 -194.472 -166.3254 
1786080964.559 -0.005 0.004 0.005079997 0.0026 -49.16426 -37.42063 -296.615 -194.472 -166.3267 
1786080964.718 -0.005 0.004 0.005079997 0.0026 -49.16426 -37.42063 -296.615 -194.472 -166.3267 
1786080964.877 5.684342e-14 0.004 0.005079997 0.0076 -49.16426 -37.42063 -296.62 -194.472 -166.3267 
1786080965.036 5.684342e-14 0.004 0.005079997 0.0076 -49.16426 -37.42063 -296.62 -194.472 -166.3267 
1786080965.196 5.684342e-14 0.004 0.006349997 0.0076 -49.16426 -37.42063 -296.62 -194.472 -166.3279 
1786080965.356 0.005 0.004 0.005079997 0.0026 -49.16426 -37.42063 -296.625 -194.472 -166.3267 
1786080965.519 0.005 0.004 0.005079997 0.0026 -49.16426 -37.42063 -296.625 -194.472 -166.3267 
1786080965.679 0.005 0.004 0.005079997 0.0076 -49.16426 -37.42063 -296.625 -194.472 -166.3267 
1786080965.873 0.005 0.004 0.005079997 0.0026 -49.16426 -37.42063 -296.625 -194.472 -166.3267 
1786080966.036 0.005 0.004 0.005079997 0.0026 -49.16426 -37.42063 -296.625 -194.472 -166.3267 
1786080966.203 0.005 0.004 0.006349997 0.0076 -49.16426 -37.42063 -296.625 -194.472 -166.3279 
1786080966.369 0.005 0.004 0.006349997 0.0076 -49.16426 -37.42063 -296.625 -194.472 -166.3279 
1786080966.534 0.005 0.004 0.005079997 0.0026 -49.16426 -37.42063 -296.625 -194.472 -166.3267 
1786080966.696 0.005 0.004 0.005079997 0.0076 -49.16426 -37.42063 -296.625 -194.472 -166.3267 
1786080966.869 5.684342e-14 0.004 0.005079997 0.0026 -49.16426 -37.42063 -296.62 -194.472 -166.3267 
1786080967.047 5.684342e-14 0.004 0.005079997 0.0026 -49.16426 -37.42063 -296.62 -194.472 -166.3267 
1786080967.230 -0.005 0.004 0.003809998 0.0026 -49.16426 -37.42063 -296.615 -194.472 -166.3254 
1786080967.419 -0.005 0.004 0.002539999 -0.0024 -49.16426 -37.42063 -296.615 -194.472 -166.3241 
1786080967.610 -0.005 0.004 0.001269999 -0.0024 -49.16426 -37.42063 -296.615 -194.472 -166.3229 
1786080967.790 -0.005 0.004 -2.842171e-14 -0.0024 -49.16426 -37.42063 -296.615 -194.472 -166.3216 
1786080967.978 5.684342e-14 0.004 0.001269999 0.0026 -49.16426 -37.42063 -296.62 -194.472 -166.3229 
1786080968.152 5.684342e-14 0.004 0.002539999 0.0076 -49.16426 -37.42063 -296.62 -194.472 -166.3241 
1786080968.311 0.005 0.004 0.003809998 0.0026 -49.16426 -37.42063 -296.625 -194.472 -166.3254 
1786080968.468 0.005 0.004 0.005079997 0.0026 -49.16426 -37.42063 -296.625 -194.472 -166.3267 
1786080968.626 0.005 0.004 0.005079997 0.0026 -49.16426 -37.42063 -296.625 -194.472 -166.3267 
1786080968.783 0.005 0.004 0.005079997 0.0026 -49.16426 -37.42063 -296.625 -194.472 -166.3267 
1786080968.940 0.005 0.004 0.005079997 0.0026 -49.16426 -37.42063 -296.625 -194.472 -166.3267 
1786080969.099 0.005 0.004 0.006349997 0.0026 -49.16426 -37.42063 -296.625 -194.472 -166.3279 
1786080969.264 0.005 0.004 0.005079997 0.0026 -49.16426 -37.42063 -296.625 -194.472 -166.3267 
1786080969.425 5.684342e-14 0.008 0.005079997 0.0026 -49.16426 -37.42063 -296.62 -194.476 -166.3267 
1786080969.582 5.684342e-14 0.004 0.006349997 0.0026 -49.16426 -37.42063 -296.62 -194.472 -166.3279 
1786080969.740 5.684342e-14 0.004 0.005079997 0.0026 -49.16426 -37.42063 -296.62 -194.472 -166.3267 
1786080969.898 5.684342e-14 0.004 0.005079997 0.0026 -49.16426 -37.42063 -296.62 -194.472 -166.3267 
1786080970.059 5.684342e-14 0.004 0.005079997 0.0026 -49.16426 -37.42063 -296.62 -194.472 -166.3267 
1786080970.219 -0.005 0.004 0.005079997 0.0026 -49.16426 -37.42063 -296.615 -194.472 -166.3267 
1786080970.377 -0.005 0.004 0.003809998 -0.0024 -49.16426 -37.42063 -296.615 -194.472 -166.3254 
1786080970.535 -0.005 0.004 0.002539999 -0.0024 -49.16426 -37.42063 -296.615 -194.472 -166.3241 
1786080970.693 -0.005 0.004 -2.842171e-14 -0.0074 -49.16426 -37.42063 -296.615 -194.472 -166.3216 
1786080970.851 -0.005 0.004 -2.842171e-14 -0.0074 -49.16426 -37.42063 -296.615 -194.472 -166.3216 
1786080971.010 5.684342e-14 0.004 -2.842171e-14 -0.0024 -49.16426 -37.42063 -296.62 -194.472 -166.3216 
1786080971.177 5.684342e-14 0.004 0.002539999 -0.0024 -49.16426 -37.42063 -296.62 -194.472 -166.3241 
1786080971.350 0.005 0.004 0.005079997 0.0026 -49.16426 -37.42063 -296.625 -194.472 -166.3267 
1786080971.508 0.01 0.004 0.006349997 0.0076 -49.16426 -37.42063 -296.63 -194.472 -166.3279 
1786080971.666 0.005 0.004 0.006349997 0.0076 -49.16426 -37.42063 -296.625 -194.472 -166.3279 
1786080971.824 0.005 0.004 0.005079997 0.0026 -49.16426 -37.42063 -296.625 -194.472 -166.3279 
1786080971.982 0.005 0.004 0.006349997 0.0076 -49.16426 -37.42063 -296.625 -194.472 -166.3279 
1786080972.141 0.005 0.004 0.006349997 0.0076 -49.16426 -37.42063 -296.625 -194.472 -166.3279 
1786080972.298 0.005 0.004 0.006349997 0.0076 -49.16426 -37.42063 -296.625 -194.472 -166.3279 
1786080972.457 0.005 0.004 0.005079997 0.0076 -49.16426 -37.42063 -296.625 -194.472 -166.3267 
1786080972.614 0.005 0.004 0.005079997 0.0026 -49.16426 -37.42063 -296.625 -194.472 -166.3267 
1786080972.773 0.005 0.004 0.005079997 0.0026 -49.16426 -37.42063 -296.625 -194.472 -166.3267 
1786080972.937 0.005 0.004 0.005079997 0.0026 -49.16426 -37.42063 -296.625 -194.472 -166.3267 
1786080973.095 0.005 0.004 0.003809998 0.0026 -49.16426 -37.42063 -296.625 -194.472 -166.3254 
1786080973.254 0.005 0.004 0.003809998 0.0026 -49.16426 -37.42063 -296.625 -194.472 -166.3254 
1786080973.412 0.005 0.004 0.003809998 0.0026 -49.16426 -37.42063 -296.625 -194.472 -166.3254 
1786080973.573 0.005 0.004 0.005079997 0.0026 -49.16426 -37.42063 -296.625 -194.472 -166.3267 
1786080973.731 0.005 0.004 0.003809998 0.0026 -49.16426 -37.42063 -296.625 -194.472 -166.3254 
1786080973.891 0.005 0.004 0.003809998 0.0026 -49.16426 -37.42063 -296.625 -194.472 -166.3267 
1786080974.050 0.005 0.004 0.005079997 0.0026 -49.16426 -37.42063 -296.625 -194.472 -166.3267 
1786080974.209 0.005 0.004 0.005079997 0.0026 -49.16426 -37.42063 -296.625 -194.472 -166.3267 
1786080974.369 0.005 0.004 0.005079997 0.0026 -49.16426 -37.42063 -296.625 -194.472 -166.3267 
1786080974.530 0.005 0.004 0.003809998 0.0026 -49.16426 -37.42063 -296.625 -194.472 -166.3254 
1786080974.691 0.005 0.004 0.003809998 0.0026 -49.16426 -37.42063 -296.625 -194.472 -166.3254 
1786080974.851 0.005 0.004 0.005079997 0.0026 -49.16426 -37.42063 -296.625 -194.472 -166.3267 
1786080975.012 0.005 0.004 0.003809998 0.0026 -49.16426 -37.42063 -296.625 -194.472 -166.3254 
1786080975.171 0.005 0.004 0.003809998 0.0026 -49.16426 -37.42063 -296.625 -194.472 -166.3254 
1786080975.329 0.005 0.004 0.005079997 0.0026 -49.16426 -37.42063 -296.625 -194.472 -166.3267 
1786080975.488 0.005 0.004 0.003809998 0.0026 -49.16426 -37.42063 -296.625 -194.472 -166.3254 
1786080975.647 0.005 0.004 0.005079997 0.0026 -49.16426 -37.42063 -296.625 -194.472 -166.3267 
1786080975.807 0.005 0.004 0.005079997 0.0026 -49.16426 -37.42063 -296.625 -194.472 -166.3267 
1786080975.966 0.005 0.004 0.003809998 0.0026 -49.16426 -37.42063 -296.625 -194.472 -166.3254 
1786080976.125 0.005 0.004 0.005079997 0.0026 -49.16426 -37.42063 -296.625 -194.472 -166.3267 
1786080976.287 0.005 0.004 0.005079997 0.0076 -49.16426 -37.42063 -296.625 -194.472 -166.3267 
1786080976.447 0.005 0.004 0.005079997 0.0026 -49.16426 -37.42063 -296.625 -194.472 -166.3254 
1786080976.609 0.005 0.004 0.005079997 0.0026 -49.16426 -37.42063 -296.625 -194.472 -166.3267 
1786080976.767 0.005 0.004 0.005079997 0.0076 -49.16426 -37.42063 -296.625 -194.472 -166.3267 
1786080976.927 0.005 0.004 0.005079997 0.0026 -49.16426 -37.42063 -296.625 -194.472 -166.3267 
1786080977.086 0.005 0.004 0.003809998 0.0026 -49.16426 -37.42063 -296.625 -194.472 -166.3254 
1786080977.246 0.005 0.004 0.003809998 0.0026 -49.16426 -37.42063 -296.625 -194.472 -166.3254 
1786080977.407 0.005 0.004 0.002539999 0.0026 -49.16426 -37.42063 -296.625 -194.472 -166.3241 
1786080977.569 0.005 0.004 0.002539999 0.0076 -49.16426 -37.42063 -296.625 -194.472 -166.3241 
1786080977.728 0.005 0.004 0.002539999 0.0026 -49.16426 -37.42063 -296.625 -194.472 -166.3241 
1786080977.887 0.005 0.004 0.001269999 0.0026 -49.16426 -37.42063 -296.625 -194.472 -166.3229 
1786080978.047 0.005 0.004 0.001269999 0.0026 -49.16426 -37.42063 -296.625 -194.472 -166.3229 
1786080978.208 0.005 0.004 -2.842171e-14 0.0026 -49.16426 -37.42063 -296.625 -194.472 -166.3216 
1786080978.368 0.005 0.004 -2.842171e-14 0.0026 -49.16426 -37.42063 -296.625 -194.472 -166.3216 
1786080978.527 0.005 0.004 -2.842171e-14 0.0026 -49.16426 -37.42063 -296.625 -194.472 -166.3216 
1786080978.688 0.005 0.004 -2.842171e-14 0.0026 -49.16426 -37.42063 -296.625 -194.472 -166.3216 
1786080978.849 0.005 0.004 -0.001269999 0.0026 -49.16426 -37.42063 -296.625 -194.472 -166.3203 
1786080979.020 0.005 0.004 -0.001269999 0.0026 -49.16426 -37.42063 -296.625 -194.472 -166.3203 
1786080979.182 0.005 0.004 -0.002539999 0.0026 -49.16426 -37.42063 -296.625 -194.472 -166.319 
1786080979.342 0.005 0.004 -0.003809998 0.0026 -49.16426 -37.42063 -296.625 -194.472 -166.3178 
1786080979.501 0.005 0.004 -0.003809998 0.0026 -49.16426 -37.42063 -296.625 -194.472 -166.3178 
1786080979.661 0.005 0.004 -0.003809998 0.0026 -49.16426 -37.42063 -296.625 -194.472 -166.3178 
1786080979.820 5.684342e-14 0.004 -0.003809998 0.0026 -49.16426 -37.42063 -296.62 -194.472 -166.3178 
1786080979.978 5.684342e-14 0.004 -0.003809998 0.0026 -49.16426 -37.42063 -296.62 -194.472 -166.3178 
1786080980.145 5.684342e-14 -2.842171e-14 -0.003809998 0.0026 -49.16426 -37.42063 -296.62 -194.468 -166.3178 
1786080980.309 5.684342e-14 -2.842171e-14 -0.003809998 0.0026 -49.16426 -37.42063 -296.62 -194.468 -166.3178 
1786080980.467 5.684342e-14 -2.842171e-14 -0.003809998 0.0026 -49.16426 -37.42063 -296.62 -194.468 -166.3178 
1786080980.703 5.684342e-14 -2.842171e-14 -0.002539999 0.0026 -49.16426 -37.42063 -296.62 -194.468 -166.319 
1786080980.862 5.684342e-14 -2.842171e-14 -0.001269999 0.0026 -49.16426 -37.42063 -296.62 -194.468 -166.3203 
1786080981.023 5.684342e-14 -2.842171e-14 -0.001269999 0.0026 -49.16426 -37.42063 -296.62 -194.468 -166.3203 
1786080981.182 -0.005 -2.842171e-14 -2.842171e-14 0.0026 -49.16426 -37.42063 -296.615 -194.468 -166.3216 
1786080981.342 -0.005 -2.842171e-14 -2.842171e-14 0.0026 -49.16426 -37.42063 -296.615 -194.468 -166.3216 
1786080981.500 -0.005 -2.842171e-14 -0.001269999 -0.0024 -49.16426 -37.42063 -296.615 -194.468 -166.3203 
1786080981.658 -0.01 -0.004 -0.002539999 -0.0024 -49.16426 -37.42063 -296.61 -194.464 -166.319 
1786080981.816 -0.005 -0.004 -0.003809998 -0.0074 -49.16426 -37.42063 -296.615 -194.464 -166.3178 
1786080981.974 -0.005 -0.004 -0.005079997 -0.0024 -49.16426 -37.42063 -296.615 -194.464 -166.3165 
1786080982.131 -0.005 -0.004 -0.006349997 -0.0074 -49.16426 -37.42063 -296.615 -194.464 -166.3152 
1786080982.288 -0.005 -0.004 -0.005079997 -0.0024 -49.16426 -37.42063 -296.615 -194.464 -166.3165 
1786080982.446 -0.005 -0.004 -0.005079997 -0.0024 -49.16426 -37.42063 -296.615 -194.464 -166.3165 
1786080982.605 -0.005 -0.004 -0.005079997 -0.0024 -49.16426 -37.42063 -296.615 -194.464 -166.3165 
1786080982.763 -0.005 -2.842171e-14 -0.005079997 -0.0024 -49.16426 -37.42063 -296.615 -194.468 -166.3165 
1786080982.922 -0.005 -2.842171e-14 -0.005079997 -0.0024 -49.16426 -37.42063 -296.615 -194.468 -166.3165 
1786080983.083 -0.005 -2.842171e-14 -0.005079997 -0.0024 -49.16426 -37.42063 -296.615 -194.468 -166.3165 
1786080983.241 0.005 0 7.105427e-15 0 -49.16426 -37.42063 -296.715 -194.868 -166.2073 
1786080983.403 0 0 7.105427e-15 0 -49.16426 -37.42063 -296.725 -194.86 -166.2073 
1786080983.579 0 0 7.105427e-15 0 -49.16426 -37.42063 -296.725 -194.86 -166.2073 
1786080983.746 0 0 7.105427e-15 0 -49.16426 -37.42063 -296.725 -194.86 -166.2073 
1786080983.910 0 0 7.105427e-15 0 -49.16426 -37.42063 -296.725 -194.86 -166.2073 
1786080984.080 0 0 7.105427e-15 0 -49.16426 -37.42063 -296.725 -194.86 -166.2073 
1786080984.247 0 0 7.105427e-15 0 -49.16426 -37.42063 -296.725 -194.86 -166.2073 
1786080984.408 0 0 7.105427e-15 0 -49.16426 -37.42063 -296.725 -194.86 -166.2073 
1786080984.567 0 0 7.105427e-15 0 -49.16426 -37.42063 -296.725 -194.86 -166.2073 
1786080984.729 0 0 7.105427e-15 0 -49.16426 -37.42063 -296.725 -194.86 -166.2073 
1786080984.892 0 0 7.105427e-15 0 -49.16426 -37.42063 -296.725 -194.86 -166.2073 
1786080985.056 0 0 7.105427e-15 0 -49.16426 -37.42063 -296.725 -194.86 -166.2073 
1786080985.222 0 0 7.105427e-15 0 -49.16426 -37.42063 -296.725 -194.86 -166.2073 
1786080985.382 0 0 7.105427e-15 0 -49.16426 -37.42063 -296.725 -194.86 -166.2073 
1786080985.542 0 0 7.105427e-15 0 -49.16426 -37.42063 -296.725 -194.86 -166.2073 
1786080985.702 0 0 7.105427e-15 0 -49.16426 -37.42063 -296.725 -194.86 -166.2073 
1786080985.862 0 0 7.105427e-15 0 -49.16426 -37.42063 -296.725 -194.86 -166.2073 
1786080986.022 0 0 7.105427e-15 0 -49.16426 -37.42063 -296.725 -194.86 -166.2073 
1786080986.181 0 0 7.105427e-15 0 -49.16426 -37.42063 -296.725 -194.86 -166.2073 
1786080986.340 0 0 7.105427e-15 0 -49.16426 -37.42063 -296.725 -194.86 -166.2073 
1786080986.499 0 0 7.105427e-15 0 -49.16426 -37.42063 -296.725 -194.86 -166.2073 
1786080986.659 0 0 7.105427e-15 0 -49.16426 -37.42063 -296.725 -194.86 -166.2073 
1786080986.818 0 0 7.105427e-15 0 -49.16426 -37.42063 -296.725 -194.86 -166.2073 
1786080986.978 0 0 7.105427e-15 0 -49.16426 -37.42063 -296.725 -194.86 -166.2073 
1786080987.140 0 0 7.105427e-15 0 -49.16426 -37.42063 -296.725 -194.86 -166.2073 
1786080987.300 0 0 7.105427e-15 0 -49.16426 -37.42063 -296.725 -194.86 -166.2073 
1786080987.461 0 0 7.105427e-15 0 -49.16426 -37.42063 -296.725 -194.86 -166.2073 
1786080987.621 0 0 7.105427e-15 0 -49.16426 -37.42063 -296.725 -194.86 -166.2073 
1786080987.781 0 0 7.105427e-15 0 -49.16426 -37.42063 -296.725 -194.86 -166.2073 
1786080987.939 0 0 7.105427e-15 0 -49.16426 -37.42063 -296.725 -194.86 -166.2073 
1786080988.099 0 0 7.105427e-15 0 -49.16426 -37.42063 -296.725 -194.86 -166.2073 
1786080988.258 0 0 7.105427e-15 0 -49.16426 -37.42063 -296.725 -194.86 -166.2073 
1786080988.419 0 0 7.105427e-15 0 -49.16426 -37.42063 -296.725 -194.86 -166.2073 
1786080988.581 0 0 7.105427e-15 0 -49.16426 -37.42063 -296.725 -194.86 -166.2073 
1786080988.744 0 0 7.105427e-15 0 -49.16426 -37.42063 -296.725 -194.86 -166.2073 
1786080988.904 0 0 7.105427e-15 0 -49.16426 -37.42063 -296.725 -194.86 -166.2073 
1786080989.065 0 0 7.105427e-15 0 -49.16426 -37.42063 -296.725 -194.86 -166.2073 
1786080989.227 0 0 7.105427e-15 0 -49.16426 -37.42063 -296.725 -194.86 -166.2073 
1786080989.392 0 0 7.105427e-15 0 -49.16426 -37.42063 -296.725 -194.86 -166.2073 
1786080989.557 0 0 7.105427e-15 0 -49.16426 -37.42063 -296.725 -194.86 -166.2073 
1786080989.719 0 0 7.105427e-15 0 -49.16426 -37.42063 -296.725 -194.86 -166.2073 
1786080989.886 0 0 7.105427e-15 0 -49.16426 -37.42063 -296.725 -194.86 -166.2073 
1786080990.047 0 0 7.105427e-15 0 -49.16426 -37.42063 -296.725 -194.86 -166.2073 
1786080990.204 0 0 7.105427e-15 0 -49.16426 -37.42063 -296.725 -194.86 -166.2073 
1786080990.361 0 0 7.105427e-15 0 -49.16426 -37.42063 -296.725 -194.86 -166.2073 
1786080990.521 0 0 7.105427e-15 0 -49.16426 -37.42063 -296.725 -194.86 -166.2073 
1786080990.679 0 0 7.105427e-15 0 -49.16426 -37.42063 -296.725 -194.86 -166.2073 
1786080990.838 0 0 7.105427e-15 0 -49.16426 -37.42063 -296.725 -194.86 -166.2073 
1786080990.998 0 0 7.105427e-15 0 -49.16426 -37.42063 -296.725 -194.86 -166.2073 
1786080991.159 0 0 7.105427e-15 0 -49.16426 -37.42063 -296.725 -194.86 -166.2073 
1786080991.319 0 0 7.105427e-15 0 -49.16426 -37.42063 -296.725 -194.86 -166.2073 
1786080991.478 0 0 7.105427e-15 0 -49.16426 -37.42063 -296.725 -194.86 -166.2073 
1786080991.639 0 0 7.105427e-15 0 -49.16426 -37.42063 -296.725 -194.86 -166.2073 
1786080991.799 0 0 7.105427e-15 0 -49.16426 -37.42063 -296.725 -194.86 -166.2073 
1786080991.958 0 0 7.105427e-15 0 -49.16426 -37.42063 -296.725 -194.86 -166.2073 
1786080992.117 0 0 7.105427e-15 0 -49.16426 -37.42063 -296.725 -194.86 -166.2073 
1786080992.278 0 0 7.105427e-15 0 -49.16426 -37.42063 -296.725 -194.86 -166.2073 
1786080992.439 0 0 7.105427e-15 0 -49.16426 -37.42063 -296.725 -194.86 -166.2073 
1786080992.599 0 0 7.105427e-15 0 -49.16426 -37.42063 -296.725 -194.86 -166.2073 
1786080992.760 0 0 7.105427e-15 0 -49.16426 -37.42063 -296.725 -194.86 -166.2073 
1786080992.919 0 0 7.105427e-15 0 -49.16426 -37.42063 -296.725 -194.86 -166.2073 
1786080993.079 0 0 7.105427e-15 0 -49.16426 -37.42063 -296.725 -194.86 -166.2073 
1786080993.238 0 0 7.105427e-15 0 -49.16426 -37.42063 -296.725 -194.86 -166.2073 
1786080993.397 0 0 7.105427e-15 0 -49.16426 -37.42063 -296.725 -194.86 -166.2073 
1786080993.557 0 0 7.105427e-15 0 -49.16426 -37.42063 -296.725 -194.86 -166.2073 
1786080993.723 0 0 7.105427e-15 0 -49.16426 -37.42063 -296.725 -194.86 -166.2073 
1786080993.889 0 0 7.105427e-15 0 -49.16426 -37.42063 -296.725 -194.86 -166.2073 
1786080994.054 0 0 7.105427e-15 0 -49.16426 -37.42063 -296.725 -194.86 -166.2073 
1786080994.213 0 0 7.105427e-15 0 -49.16426 -37.42063 -296.725 -194.86 -166.2073 
1786080994.373 0 0 7.105427e-15 0 -49.16426 -37.42063 -296.725 -194.86 -166.2073 
1786080994.530 0 0 7.105427e-15 0 -49.16426 -37.42063 -296.725 -194.86 -166.2073 
1786080994.688 0 0 7.105427e-15 0 -49.16426 -37.42063 -296.725 -194.86 -166.2073 
1786080994.845 0 0 7.105427e-15 0 -49.16426 -37.42063 -296.725 -194.86 -166.2073 
1786080995.029 0 0 7.105427e-15 0 -49.16426 -37.42063 -296.725 -194.86 -166.2073 
1786080995.191 0 0 7.105427e-15 0 -49.16426 -37.42063 -296.725 -194.86 -166.2073 
1786080995.351 0 0 7.105427e-15 0 -49.16426 -37.42063 -296.725 -194.86 -166.2073 
1786080995.510 0 0 7.105427e-15 0 -49.16426 -37.42063 -296.725 -194.86 -166.2073 
1786080995.668 0 0 7.105427e-15 0 -49.16426 -37.42063 -296.725 -194.86 -166.2073 
1786080995.827 0 0 7.105427e-15 0 -49.16426 -37.42063 -296.725 -194.86 -166.2073 
1786080995.989 0 0 7.105427e-15 0 -49.16426 -37.42063 -296.725 -194.86 -166.2073 
1786080996.153 0 0 7.105427e-15 0 -49.16426 -37.42063 -296.725 -194.86 -166.2073 
1786080996.313 0 0 7.105427e-15 0 -49.16426 -37.42063 -296.725 -194.86 -166.2073 
1786080996.473 0 0 7.105427e-15 0 -49.16426 -37.42063 -296.725 -194.86 -166.2073 
1786080996.630 0 0 7.105427e-15 0 -49.16426 -37.42063 -296.725 -194.86 -166.2073 
1786080996.788 0 0 7.105427e-15 0 -49.16426 -37.42063 -296.725 -194.86 -166.2073 
1786080996.945 0 0 7.105427e-15 0 -49.16426 -37.42063 -296.725 -194.86 -166.2073 
1786080997.103 0 0 7.105427e-15 0 -49.16426 -37.42063 -296.725 -194.86 -166.2073 
1786080997.262 0 0 7.105427e-15 0 -49.16426 -37.42063 -296.725 -194.86 -166.2073 
1786080997.419 0 0 7.105427e-15 0 -49.16426 -37.42063 -296.725 -194.86 -166.2073 
1786080997.578 0 0 7.105427e-15 0 -49.16426 -37.42063 -296.725 -194.86 -166.2073 
1786080997.735 0 0 7.105427e-15 0 -49.16426 -37.42063 -296.725 -194.86 -166.2073 
1786080997.893 0 0 7.105427e-15 0 -49.16426 -37.42063 -296.725 -194.86 -166.2073 
1786080998.050 0 0 7.105427e-15 0 -49.16426 -37.42063 -296.725 -194.86 -166.2073 
1786080998.210 0 0 7.105427e-15 0 -49.16426 -37.42063 -296.725 -194.86 -166.2073 
1786080998.367 0 0 7.105427e-15 0 -49.16426 -37.42063 -296.725 -194.86 -166.2073 
1786080998.526 0 0 7.105427e-15 0 -49.16426 -37.42063 -296.725 -194.86 -166.2073 
1786080998.683 0 0 7.105427e-15 0 -49.16426 -37.42063 -296.725 -194.86 -166.2073 
1786080998.844 0 0 7.105427e-15 0 -49.16426 -37.42063 -296.725 -194.86 -166.2073 
1786080999.002 0 0 7.105427e-15 0 -49.16426 -37.42063 -296.725 -194.86 -166.2073 
1786080999.161 0 0 7.105427e-15 0 -49.16426 -37.42063 -296.725 -194.86 -166.2073 
1786080999.320 0 0 7.105427e-15 0 -49.16426 -37.42063 -296.725 -194.86 -166.2073 
1786080999.478 0 0 7.105427e-15 0 -49.16426 -37.42063 -296.725 -194.86 -166.2073 
1786080999.638 0 0 7.105427e-15 0 -49.16426 -37.42063 -296.725 -194.86 -166.2073 
1786080999.797 0 0 7.105427e-15 0 -49.16426 -37.42063 -296.725 -194.86 -166.2073 
1786080999.957 0 0 7.105427e-15 0 -49.16426 -37.42063 -296.725 -194.86 -166.2073 
1786081000.117 0 0 7.105427e-15 0 -49.16426 -37.42063 -296.725 -194.86 -166.2073 
1786081000.280 0 0 7.105427e-15 0 -49.16426 -37.42063 -296.725 -194.86 -166.2073 
1786081000.441 0 0 7.105427e-15 0 -49.16426 -37.42063 -296.725 -194.86 -166.2073 
1786081000.599 0 0 7.105427e-15 0 -49.16426 -37.42063 -296.725 -194.86 -166.2073 
1786081000.759 0 0 7.105427e-15 0 -49.16426 -37.42063 -296.725 -194.86 -166.2073 
1786081000.921 0 0 7.105427e-15 0 -49.16426 -37.42063 -296.725 -194.86 -166.2073 
1786081001.081 0 0 7.105427e-15 0 -49.16426 -37.42063 -296.725 -194.86 -166.2073 
1786081001.242 0 0 7.105427e-15 0 -49.16426 -37.42063 -296.725 -194.86 -166.2073 
1786081001.406 0 0 7.105427e-15 0 -49.16426 -37.42063 -296.725 -194.86 -166.2073 
1786081001.569 0 0 7.105427e-15 0 -49.16426 -37.42063 -296.725 -194.86 -166.2073 
1786081001.729 0 0 7.105427e-15 0 -49.16426 -37.42063 -296.725 -194.86 -166.2073 
1786081001.888 0 0 7.105427e-15 0 -49.16426 -37.42063 -296.725 -194.86 -166.2073 
1786081002.050 0 0 7.105427e-15 0 -49.16426 -37.42063 -296.725 -194.86 -166.2073 
1786081002.208 0 0 7.105427e-15 0 -49.16426 -37.42063 -296.725 -194.86 -166.2073 
1786081002.367 0 0 7.105427e-15 0 -49.16426 -37.42063 -296.725 -194.86 -166.2073 
1786081002.528 0 0 7.105427e-15 0 -49.16426 -37.42063 -296.725 -194.86 -166.2073 
1786081002.694 0 0 7.105427e-15 0 -49.16426 -37.42063 -296.725 -194.86 -166.2073 
1786081002.858 0 0 7.105427e-15 0 -49.16426 -37.42063 -296.725 -194.86 -166.2073 
1786081003.015 0 0 7.105427e-15 0 -49.16426 -37.42063 -296.725 -194.86 -166.2073 
1786081003.175 0 0 7.105427e-15 0 -49.16426 -37.42063 -296.725 -194.86 -166.2073 
1786081003.334 0 0 7.105427e-15 0 -49.16426 -37.42063 -296.725 -194.86 -166.2073 
1786081003.494 0 0 7.105427e-15 0 -49.16426 -37.42063 -296.725 -194.86 -166.2073 
1786081003.653 0 0 7.105427e-15 0 -49.16426 -37.42063 -296.725 -194.86 -166.2073 
1786081003.811 0 0 7.105427e-15 0 -49.16426 -37.42063 -296.725 -194.86 -166.2073 
1786081003.968 0 0 7.105427e-15 0 -49.16426 -37.42063 -296.725 -194.86 -166.2073 
1786081004.128 0 0 7.105427e-15 0 -49.16426 -37.42063 -296.725 -194.86 -166.2073 
1786081004.286 0 0 7.105427e-15 0 -49.16426 -37.42063 -296.725 -194.86 -166.2073 
1786081004.444 0 0 7.105427e-15 0 -49.16426 -37.42063 -296.725 -194.86 -166.2073 
1786081004.602 0 0 7.105427e-15 0 -49.16426 -37.42063 -296.725 -194.86 -166.2073 
1786081004.762 0 0 7.105427e-15 0 -49.16426 -37.42063 -296.725 -194.86 -166.2073 
1786081004.924 0 0 7.105427e-15 0 -49.16426 -37.42063 -296.725 -194.86 -166.2073 
1786081005.084 0 0 7.105427e-15 0 -49.16426 -37.42063 -296.725 -194.86 -166.2073 
1786081005.243 0 0 7.105427e-15 0 -49.16426 -37.42063 -296.725 -194.86 -166.2073 
1786081005.401 0 0 7.105427e-15 0 -49.16426 -37.42063 -296.725 -194.86 -166.2073 
1786081005.570 -0.045 -0.048 -0.02158999 -0.0024 -49.16426 -37.42063 -296.68 -194.812 -166.1857 
1786081005.732 -0.045 -0.056 -0.02666999 -0.0524 -49.16426 -37.42063 -296.68 -194.804 -166.1806 
1786081005.893 -0.045 -0.052 -0.02539999 -0.0474 -49.16426 -37.42063 -296.68 -194.808 -166.1819 
1786081006.050 -0.045 -0.048 -0.02285999 -0.0474 -49.16426 -37.42063 -296.68 -194.812 -166.1844 
1786081006.209 -0.04 -0.048 -0.02158999 -0.0424 -49.16426 -37.42063 -296.685 -194.812 -166.1857 
1786081006.369 -0.035 -0.044 -0.02031999 -0.0424 -49.16426 -37.42063 -296.69 -194.816 -166.187 
1786081006.528 -0.035 -0.044 -0.02031999 -0.0424 -49.16426 -37.42063 -296.69 -194.816 -166.187 
1786081006.685 -0.035 -0.04 -0.02031999 -0.0424 -49.16426 -37.42063 -296.69 -194.82 -166.187 
1786081006.843 -0.035 -0.04 -0.01904999 -0.0374 -49.16426 -37.42063 -296.69 -194.82 -166.1882 
1786081007.001 -0.035 -0.04 -0.01777999 -0.0374 -49.16426 -37.42063 -296.69 -194.82 -166.1895 
1786081007.161 -0.03 -0.036 -0.01777999 -0.0324 -49.16426 -37.42063 -296.695 -194.824 -166.1895 
1786081007.320 -0.03 -0.036 -0.01777999 -0.0324 -49.16426 -37.42063 -296.695 -194.824 -166.1895 
1786081007.481 -0.03 -0.036 -0.01650999 -0.0324 -49.16426 -37.42063 -296.695 -194.824 -166.1908 
1786081007.644 -0.03 -0.036 -0.01650999 -0.0324 -49.16426 -37.42063 -296.695 -194.824 -166.1908 
1786081007.804 -0.03 -0.032 -0.01523999 -0.0324 -49.16426 -37.42063 -296.695 -194.828 -166.192 
1786081007.964 -0.03 -0.032 -0.01523999 -0.0274 -49.16426 -37.42063 -296.695 -194.828 -166.192 
1786081008.124 -0.025 -0.032 -0.01523999 -0.0274 -49.16426 -37.42063 -296.7 -194.828 -166.192 
1786081008.282 -0.025 -0.028 -0.01523999 -0.0274 -49.16426 -37.42063 -296.7 -194.832 -166.192 
1786081008.441 -0.025 -0.028 -0.01396999 -0.0274 -49.16426 -37.42063 -296.7 -194.832 -166.1933 
1786081008.600 0.02 0.024 0.01015999 0.0176 -49.16426 -37.42063 -296.745 -194.884 -166.2174 
1786081008.760 0.03 0.032 0.01523999 0.0276 -49.16426 -37.42063 -296.755 -194.892 -166.2225 
1786081008.921 0.025 0.028 0.01523999 0.0226 -49.16426 -37.42063 -296.75 -194.888 -166.2225 
1786081009.082 0.025 0.028 0.01523999 0.0226 -49.16426 -37.42063 -296.75 -194.888 -166.2225 
1786081009.241 0.025 0.028 0.01396999 0.0226 -49.16426 -37.42063 -296.75 -194.888 -166.2213 
1786081009.399 0.025 0.024 0.01396999 0.0226 -49.16426 -37.42063 -296.75 -194.884 -166.2213 
1786081009.560 0.02 0.024 0.01269999 0.0226 -49.16426 -37.42063 -296.745 -194.884 -166.22 
1786081009.719 0.025 0.024 0.01269999 0.0226 -49.16426 -37.42063 -296.75 -194.884 -166.22 
1786081009.880 0.02 0.024 0.01269999 0.0176 -49.16426 -37.42063 -296.745 -194.884 -166.22 
1786081010.040 0.02 0.02 0.01142999 0.0176 -49.16426 -37.42063 -296.745 -194.88 -166.2187 
1786081010.201 0.02 0.02 0.01142999 0.0176 -49.16426 -37.42063 -296.745 -194.88 -166.2187 
1786081010.362 0.02 0.02 0.01269999 0.0176 -49.16426 -37.42063 -296.745 -194.88 -166.22 
1786081010.521 0.02 0.024 0.01269999 0.0176 -49.16426 -37.42063 -296.745 -194.884 -166.22 
1786081010.682 0.02 0.02 0.01142999 0.0176 -49.16426 -37.42063 -296.745 -194.88 -166.2187 
1786081010.841 0.02 0.02 0.01142999 0.0176 -49.16426 -37.42063 -296.745 -194.88 -166.2187 
1786081011.001 0.015 0.02 0.01142999 0.0176 -49.16426 -37.42063 -296.74 -194.88 -166.2187 
1786081011.162 0.015 0.016 0.01015999 0.0176 -49.16426 -37.42063 -296.74 -194.876 -166.2174 
1786081011.323 0.01 0.012 0.007619996 0.0126 -49.16426 -37.42063 -296.735 -194.872 -166.2149 
1786081011.485 0.01 0.012 0.006349997 0.0126 -49.16426 -37.42063 -296.735 -194.872 -166.2136 
1786081011.647 0.015 0.012 0.007619996 0.0076 -49.16426 -37.42063 -296.74 -194.872 -166.2149 
1786081011.806 0.01 0.012 0.007619996 0.0076 -49.16426 -37.42063 -296.735 -194.872 -166.2149 
1786081011.964 0.01 0.016 0.008889995 0.0126 -49.16426 -37.42063 -296.735 -194.876 -166.2162 
1786081012.126 0.01 0.012 0.007619996 0.0126 -49.16426 -37.42063 -296.735 -194.872 -166.2149 
1786081012.285 0.015 0.012 0.007619996 0.0126 -49.16426 -37.42063 -296.74 -194.872 -166.2149 
1786081012.447 0.015 0.016 0.008889995 0.0126 -49.16426 -37.42063 -296.74 -194.876 -166.2162 
1786081012.606 0.01 0.012 0.007619996 0.0076 -49.16426 -37.42063 -296.735 -194.872 -166.2149 
1786081012.764 0.01 0.012 0.008889995 0.0126 -49.16426 -37.42063 -296.735 -194.872 -166.2162 
1786081012.925 0.01 0.012 0.007619996 0.0076 -49.16426 -37.42063 -296.735 -194.872 -166.2149 
1786081013.084 0.01 0.012 0.007619996 0.0126 -49.16426 -37.42063 -296.735 -194.872 -166.2149 
1786081013.245 0.015 0.016 0.008889995 0.0126 -49.16426 -37.42063 -296.74 -194.876 -166.2162 
1786081013.403 0.015 0.016 0.008889995 0.0126 -49.16426 -37.42063 -296.74 -194.876 -166.2162 
1786081013.564 0.01 0.012 0.008889995 0.0126 -49.16426 -37.42063 -296.735 -194.872 -166.2162 
1786081013.723 0.01 0.012 0.007619996 0.0076 -49.16426 -37.42063 -296.735 -194.872 -166.2149 
1786081013.883 0.01 0.008 0.007619996 0.0076 -49.16426 -37.42063 -296.735 -194.868 -166.2149 
1786081014.045 0.01 0.008 0.007619996 0.0126 -49.16426 -37.42063 -296.735 -194.868 -166.2149 
1786081014.204 0.01 0.012 0.007619996 0.0076 -49.16426 -37.42063 -296.735 -194.872 -166.2149 
1786081014.363 0.01 0.012 0.007619996 0.0126 -49.16426 -37.42063 -296.735 -194.872 -166.2149 
1786081014.522 0.01 0.012 0.006349997 0.0076 -49.16426 -37.42063 -296.735 -194.872 -166.2136 
1786081014.681 0.01 0.012 0.007619996 0.0076 -49.16426 -37.42063 -296.735 -194.868 -166.2136 
1786081014.841 0.01 0.008 0.006349997 0.0076 -49.16426 -37.42063 -296.735 -194.868 -166.2136 
1786081015.001 0.01 0.008 0.007619996 0.0076 -49.16426 -37.42063 -296.735 -194.868 -166.2149 
1786081015.162 0.01 0.008 0.007619996 0.0076 -49.16426 -37.42063 -296.735 -194.868 -166.2149 
1786081015.322 0.01 0.008 0.006349997 0.0076 -49.16426 -37.42063 -296.735 -194.868 -166.2136 
1786081015.482 0.005 0.008 0.006349997 0.0076 -49.16426 -37.42063 -296.73 -194.868 -166.2136 
1786081015.649 0.005 0.004 0.006349997 0.0076 -49.16426 -37.42063 -296.73 -194.864 -166.2136 
1786081015.813 0.01 0.008 0.006349997 0.0076 -49.16426 -37.42063 -296.735 -194.868 -166.2136 
1786081015.972 0.01 0.008 0.006349997 0.0076 -49.16426 -37.42063 -296.735 -194.868 -166.2136 
1786081016.129 0.01 0.008 0.006349997 0.0076 -49.16426 -37.42063 -296.735 -194.868 -166.2136 
1786081016.286 0.01 0.008 0.006349997 0.0076 -49.16426 -37.42063 -296.735 -194.868 -166.2136 
1786081016.450 0.005 0.008 0.006349997 0.0076 -49.16426 -37.42063 -296.73 -194.868 -166.2136 
1786081016.613 0.005 0.008 0.006349997 0.0076 -49.16426 -37.42063 -296.735 -194.868 -166.2136 
1786081016.771 0.01 0.008 0.006349997 0.0026 -49.16426 -37.42063 -296.735 -194.868 -166.2136 
1786081016.930 0.005 0.008 0.006349997 0.0076 -49.16426 -37.42063 -296.73 -194.868 -166.2136 
1786081017.088 0.01 0.008 0.006349997 0.0026 -49.16426 -37.42063 -296.735 -194.868 -166.2136 
1786081017.248 0.005 0.008 0.006349997 0.0076 -49.16426 -37.42063 -296.73 -194.868 -166.2136 
1786081017.409 0.005 0.004 0.006349997 0.0076 -49.16426 -37.42063 -296.73 -194.864 -166.2136 
1786081017.570 0.01 0.008 0.006349997 0.0076 -49.16426 -37.42063 -296.735 -194.868 -166.2136 
1786081017.728 0.005 0.008 0.006349997 0.0076 -49.16426 -37.42063 -296.73 -194.868 -166.2136 
1786081017.885 0.005 0.004 0.005079997 0.0026 -49.16426 -37.42063 -296.73 -194.864 -166.2124 
1786081018.044 0.005 0.004 0.006349997 0.0076 -49.16426 -37.42063 -296.73 -194.864 -166.2136 
1786081018.202 0.005 0.004 0.006349997 0.0026 -49.16426 -37.42063 -296.73 -194.864 -166.2136 
1786081018.363 0.005 0.004 0.005079997 0.0026 -49.16426 -37.42063 -296.73 -194.864 -166.2124 
1786081018.524 0.005 0.004 0.005079997 0.0026 -49.16426 -37.42063 -296.73 -194.864 -166.2124 
1786081018.684 0.005 0.004 0.005079997 0.0026 -49.16426 -37.42063 -296.73 -194.864 -166.2124 
1786081018.842 0.005 0.004 0.005079997 0.0026 -49.16426 -37.42063 -296.73 -194.864 -166.2124 
1786081019.004 0.01 0.008 0.006349997 0.0076 -49.16426 -37.42063 -296.735 -194.868 -166.2136 
1786081019.162 0.005 0.008 0.006349997 0.0076 -49.16426 -37.42063 -296.73 -194.868 -166.2136 
1786081019.322 0.005 0.004 0.005079997 0.0026 -49.16426 -37.42063 -296.73 -194.864 -166.2124 
1786081019.481 0.005 0.004 0.005079997 0.0026 -49.16426 -37.42063 -296.73 -194.864 -166.2124 
1786081019.641 0.005 0.004 0.005079997 0.0026 -49.16426 -37.42063 -296.73 -194.864 -166.2124 
1786081019.800 0.005 0.004 0.005079997 0.0026 -49.16426 -37.42063 -296.73 -194.864 -166.2124 
1786081019.960 0.005 0.004 0.006349997 0.0076 -49.16426 -37.42063 -296.73 -194.864 -166.2136 
1786081020.120 0.005 0.008 0.005079997 0.0076 -49.16426 -37.42063 -296.73 -194.868 -166.2124 
1786081020.284 0.005 0.004 0.005079997 0.0026 -49.16426 -37.42063 -296.73 -194.864 -166.2124 
1786081020.443 0.005 0.004 0.005079997 0.0026 -49.16426 -37.42063 -296.73 -194.864 -166.2124 
1786081020.603 0.005 0.008 0.005079997 0.0076 -49.16426 -37.42063 -296.73 -194.868 -166.2124 
1786081020.786 0 0.004 0.005079997 0.0076 -49.16426 -37.42063 -296.725 -194.864 -166.2124 
1786081020.949 0 0.004 0.005079997 0.0026 -49.16426 -37.42063 -296.725 -194.864 -166.2124 
1786081021.106 0 0.004 0.005079997 0.0026 -49.16426 -37.42063 -296.725 -194.864 -166.2124 
1786081021.263 0 0.004 0.005079997 0.0026 -49.16426 -37.42063 -296.725 -194.864 -166.2124 
1786081021.421 0 0.008 0.006349997 0.0026 -49.16426 -37.42063 -296.725 -194.868 -166.2136 
1786081021.580 0 0.004 0.006349997 0.0026 -49.16426 -37.42063 -296.725 -194.864 -166.2136 
1786081021.738 0 0.004 0.005079997 0.0026 -49.16426 -37.42063 -296.725 -194.864 -166.2124 
1786081021.896 0 0.004 0.006349997 0.0026 -49.16426 -37.42063 -296.725 -194.864 -166.2136 
1786081022.056 0 0.004 0.005079997 -0.0024 -49.16426 -37.42063 -296.725 -194.864 -166.2124 
1786081022.218 0 0.004 0.005079997 -0.0024 -49.16426 -37.42063 -296.725 -194.864 -166.2124 
1786081022.383 0 0.004 0.005079997 -0.0024 -49.16426 -37.42063 -296.72 -194.864 -166.2124 
1786081022.545 0 0.004 0.005079997 -0.0024 -49.16426 -37.42063 -296.725 -194.864 -166.2124 
1786081022.703 0 0.004 0.006349997 -0.0024 -49.16426 -37.42063 -296.725 -194.864 -166.2136 
1786081022.861 -0.005 0.004 0.006349997 -0.0024 -49.16426 -37.42063 -296.72 -194.864 -166.2136 
1786081023.018 -0.005 0.004 0.005079997 -0.0024 -49.16426 -37.42063 -296.72 -194.864 -166.2124 
1786081023.178 -0.005 0.004 0.005079997 0.0026 -49.16426 -37.42063 -296.72 -194.864 -166.2124 
1786081023.335 -0.005 0.004 0.005079997 0.0026 -49.16426 -37.42063 -296.72 -194.864 -166.2124 
1786081023.494 -0.005 0.004 0.005079997 0.0076 -49.16426 -37.42063 -296.72 -194.864 -166.2124 
1786081023.652 0 0.004 0.005079997 0.0026 -49.16426 -37.42063 -296.725 -194.868 -166.2124 
1786081023.809 -0.005 0.004 0.005079997 0.0026 -49.16426 -37.42063 -296.72 -194.864 -166.2124 
1786081023.973 0 0.004 0.005079997 0.0026 -49.16426 -37.42063 -296.725 -194.864 -166.2124 
1786081024.133 -0.005 0.004 0.005079997 0.0026 -49.16426 -37.42063 -296.72 -194.864 -166.2124 
1786081024.294 -0.005 0.004 0.005079997 0.0076 -49.16426 -37.42063 -296.725 -194.864 -166.2124 
1786081024.454 -0.005 0.004 0.005079997 0.0026 -49.16426 -37.42063 -296.725 -194.864 -166.2124 
1786081024.614 -0.005 0.004 0.003809998 0.0026 -49.16426 -37.42063 -296.72 -194.864 -166.2111 
1786081024.771 -0.005 0.008 0.005079997 0.0026 -49.16426 -37.42063 -296.72 -194.868 -166.2124 
1786081024.934 -0.005 0.004 0.005079997 0.0026 -49.16426 -37.42063 -296.72 -194.864 -166.2124 
1786081025.107 -0.005 0.004 0.005079997 0.0026 -49.16426 -37.42063 -296.72 -194.864 -166.2124 
1786081025.269 -0.005 0.004 0.003809998 0.0026 -49.16426 -37.42063 -296.72 -194.864 -166.2111 
1786081025.428 0 0.004 0.005079997 0.0076 -49.16426 -37.42063 -296.725 -194.864 -166.2124 
1786081025.586 -0.005 0.004 0.005079997 0.0026 -49.16426 -37.42063 -296.725 -194.864 -166.2124 
1786081025.744 -0.005 0.004 0.005079997 0.0026 -49.16426 -37.42063 -296.72 -194.864 -166.2124 
1786081025.902 0 0.004 0.005079997 0.0026 -49.16426 -37.42063 -296.725 -194.864 -166.2124 
1786081026.061 0 0.004 0.005079997 0.0026 -49.16426 -37.42063 -296.725 -194.864 -166.2124 
1786081026.219 -0.005 0.004 0.005079997 0.0026 -49.16426 -37.42063 -296.725 -194.864 -166.2124 
1786081026.376 -0.005 0.004 0.005079997 0.0026 -49.16426 -37.42063 -296.72 -194.864 -166.2124 
1786081026.533 -0.005 0.004 0.003809998 0.0026 -49.16426 -37.42063 -296.72 -194.864 -166.2111 
1786081026.691 -0.005 0.004 0.003809998 0.0026 -49.16426 -37.42063 -296.72 -194.864 -166.2111 
1786081026.850 -0.005 0.004 0.003809998 0.0026 -49.16426 -37.42063 -296.72 -194.864 -166.2111 
1786081027.009 -0.005 0.004 0.003809998 0.0026 -49.16426 -37.42063 -296.72 -194.864 -166.2111 
1786081027.168 -0.005 0.004 0.005079997 0.0026 -49.16426 -37.42063 -296.72 -194.864 -166.2124 
1786081027.328 0 0.004 0.005079997 0.0026 -49.16426 -37.42063 -296.725 -194.864 -166.2124 
1786081027.490 0 0.008 0.005079997 0.0026 -49.16426 -37.42063 -296.725 -194.868 -166.2124 
1786081027.652 0 0.004 0.003809998 0.0026 -49.16426 -37.42063 -296.725 -194.864 -166.2111 
1786081027.826 0 0.004 0.005079997 0.0026 -49.16426 -37.42063 -296.725 -194.864 -166.2124 
1786081027.985 0 0.004 0.005079997 0.0076 -49.16426 -37.42063 -296.725 -194.864 -166.2124 
1786081028.143 0 0.004 0.005079997 0.0026 -49.16426 -37.42063 -296.725 -194.864 -166.2124 
1786081028.301 0 0.004 0.005079997 0.0026 -49.16426 -37.42063 -296.725 -194.864 -166.2124 
1786081028.467 0 0.004 0.005079997 0.0026 -49.16426 -37.42063 -296.725 -194.864 -166.2124 
1786081028.626 0 0.004 0.005079997 0.0026 -49.16426 -37.42063 -296.725 -194.864 -166.2124 
1786081028.784 0 0.004 0.005079997 0.0026 -49.16426 -37.42063 -296.725 -194.864 -166.2124 
1786081028.943 0 0.004 0.005079997 0.0026 -49.16426 -37.42063 -296.725 -194.864 -166.2124 
1786081029.109 0 0.004 0.005079997 0.0026 -49.16426 -37.42063 -296.725 -194.864 -166.2124 
1786081029.272 0 0.004 0.005079997 0.0026 -49.16426 -37.42063 -296.725 -194.864 -166.2124 
1786081029.434 0.005 0.004 0.005079997 0.0026 -49.16426 -37.42063 -296.73 -194.864 -166.2124 
1786081029.592 0.005 0.004 0.005079997 0.0026 -49.16426 -37.42063 -296.73 -194.864 -166.2124 
1786081029.752 0.005 0.004 0.003809998 0.0026 -49.16426 -37.42063 -296.73 -194.864 -166.2111 
1786081029.909 0.005 0.004 0.005079997 0.0026 -49.16426 -37.42063 -296.73 -194.864 -166.2124 
1786081030.066 0.005 0.004 0.005079997 0.0026 -49.16426 -37.42063 -296.73 -194.864 -166.2124 
1786081030.223 0.005 0.004 0.005079997 0.0026 -49.16426 -37.42063 -296.73 -194.864 -166.2124 
1786081030.381 0.005 0.004 0.005079997 0.0026 -49.16426 -37.42063 -296.73 -194.864 -166.2124 
1786081030.538 0.005 0.008 0.005079997 0.0026 -49.16426 -37.42063 -296.73 -194.868 -166.2124 
1786081030.696 0.005 0.004 0.005079997 0.0026 -49.16426 -37.42063 -296.73 -194.864 -166.2124 
1786081030.853 0.005 0.008 0.005079997 0.0076 -49.16426 -37.42063 -296.735 -194.868 -166.2124 
1786081031.011 0.005 0.004 0.005079997 0.0076 -49.16426 -37.42063 -296.73 -194.864 -166.2124 
1786081031.169 0.005 0.004 0.005079997 0.0026 -49.16426 -37.42063 -296.73 -194.864 -166.2124 
1786081031.328 0.005 0.004 0.005079997 0.0076 -49.16426 -37.42063 -296.73 -194.864 -166.2124 
1786081031.488 0.005 0.004 0.003809998 0.0026 -49.16426 -37.42063 -296.73 -194.864 -166.2111 
1786081031.649 0.005 -2.842171e-14 0.003809998 0.0026 -49.16426 -37.42063 -296.73 -194.86 -166.2111 
1786081031.807 0.005 -2.842171e-14 0.002539999 0.0026 -49.16426 -37.42063 -296.73 -194.86 -166.2098 
1786081031.966 0.005 -0.004 0.002539999 0.0026 -49.16426 -37.42063 -296.73 -194.856 -166.2098 
1786081032.125 0.005 -0.004 0.002539999 0.0026 -49.16426 -37.42063 -296.73 -194.856 -166.2098 
1786081032.285 0.005 -0.004 0.002539999 0.0026 -49.16426 -37.42063 -296.73 -194.856 -166.2098 
1786081032.447 0.005 -0.004 0.002539999 0.0026 -49.16426 -37.42063 -296.73 -194.856 -166.2098 
1786081032.612 0.005 -0.004 0.001269999 0.0026 -49.16426 -37.42063 -296.73 -194.856 -166.2086 
1786081032.770 0.005 -0.004 0.001269999 0.0076 -49.16426 -37.42063 -296.73 -194.856 -166.2086 
1786081032.929 0.005 -2.842171e-14 0.001269999 0.0076 -49.16426 -37.42063 -296.73 -194.86 -166.2086 
1786081033.087 0.005 -2.842171e-14 0.001269999 0.0076 -49.16426 -37.42063 -296.73 -194.86 -166.2086 
1786081033.246 0.005 0.004 0.002539999 0.0076 -49.16426 -37.42063 -296.73 -194.864 -166.2098 
1786081033.404 0.005 0.004 0.002539999 0.0026 -49.16426 -37.42063 -296.73 -194.864 -166.2098 
1786081033.565 0.005 0.004 0.002539999 0.0026 -49.16426 -37.42063 -296.73 -194.864 -166.2098 
1786081033.726 0.005 0.004 0.002539999 0.0026 -49.16426 -37.42063 -296.73 -194.864 -166.2098 
1786081033.886 0.005 0.004 0.002539999 0.0026 -49.16426 -37.42063 -296.73 -194.864 -166.2098 
1786081034.044 0.005 0.004 0.002539999 0.0026 -49.16426 -37.42063 -296.73 -194.864 -166.2098 
1786081034.204 0.005 0.004 0.002539999 0.0026 -49.16426 -37.42063 -296.73 -194.864 -166.2098 
1786081034.364 0.005 0.004 0.003809998 0.0076 -49.16426 -37.42063 -296.73 -194.864 -166.2111 
1786081034.527 0.005 0.004 0.003809998 0.0026 -49.16426 -37.42063 -296.73 -194.864 -166.2111 
1786081034.687 0.005 0.004 0.003809998 0.0026 -49.16426 -37.42063 -296.73 -194.864 -166.2111 
1786081034.850 0.005 0.004 0.002539999 0.0026 -49.16426 -37.42063 -296.73 -194.864 -166.2098 
1786081035.009 0.005 0.004 0.002539999 0.0026 -49.16426 -37.42063 -296.73 -194.864 -166.2098 
1786081035.169 0.005 0.004 0.002539999 0.0026 -49.16426 -37.42063 -296.73 -194.864 -166.2098 
1786081035.330 0.005 0.004 0.003809998 0.0076 -49.16426 -37.42063 -296.73 -194.864 -166.2111 
1786081035.489 0.005 0.004 0.003809998 0.0026 -49.16426 -37.42063 -296.73 -194.864 -166.2111 
1786081035.650 0.005 0.004 0.003809998 0.0026 -49.16426 -37.42063 -296.73 -194.864 -166.2111 
1786081035.808 0.005 0.004 0.002539999 0.0026 -49.16426 -37.42063 -296.73 -194.864 -166.2098 
1786081035.968 0.005 -2.842171e-14 0.002539999 0.0026 -49.16426 -37.42063 -296.73 -194.86 -166.2098 
1786081036.127 0.005 -2.842171e-14 0.002539999 0.0026 -49.16426 -37.42063 -296.73 -194.86 -166.2098 
1786081036.288 0.005 -2.842171e-14 0.002539999 0.0026 -49.16426 -37.42063 -296.73 -194.86 -166.2098 
1786081036.446 0.005 -2.842171e-14 0.002539999 0.0026 -49.16426 -37.42063 -296.73 -194.86 -166.2098 
1786081036.606 0.005 -2.842171e-14 0.002539999 0.0026 -49.16426 -37.42063 -296.73 -194.86 -166.2098 
1786081036.763 0.005 -0.004 0.001269999 0.0026 -49.16426 -37.42063 -296.73 -194.856 -166.2086 
1786081036.925 0.005 -0.004 0.001269999 0.0026 -49.16426 -37.42063 -296.73 -194.856 -166.2086 
1786081037.082 0.005 -0.004 3.552714e-14 0.0026 -49.16426 -37.42063 -296.73 -194.856 -166.2073 
1786081037.244 0.005 -0.004 -0.001269999 0.0026 -49.16426 -37.42063 -296.73 -194.856 -166.206 
1786081037.403 0.005 -2.842171e-14 -0.001269999 0.0026 -49.16426 -37.42063 -296.73 -194.86 -166.206 
1786081037.565 0.005 -2.842171e-14 -0.001269999 0.0026 -49.16426 -37.42063 -296.73 -194.86 -166.206 
1786081037.729 0.005 -2.842171e-14 -0.001269999 0.0026 -49.16426 -37.42063 -296.73 -194.86 -166.206 
1786081037.891 0.005 0.004 -0.001269999 0.0026 -49.16426 -37.42063 -296.73 -194.864 -166.206 
1786081038.049 0.005 0.004 3.552714e-14 0.0026 -49.16426 -37.42063 -296.73 -194.864 -166.2073 
1786081038.209 0.005 0.004 3.552714e-14 0.0026 -49.16426 -37.42063 -296.73 -194.864 -166.2073 
1786081038.367 0.005 0.004 3.552714e-14 0.0026 -49.16426 -37.42063 -296.73 -194.864 -166.2073 
1786081038.527 0.005 0.004 3.552714e-14 0.0026 -49.16426 -37.42063 -296.73 -194.864 -166.2073 
1786081038.686 0.005 0.004 -0.001269999 0.0026 -49.16426 -37.42063 -296.73 -194.864 -166.206 
1786081038.848 0.005 0.004 -0.001269999 0.0026 -49.16426 -37.42063 -296.73 -194.864 -166.206 
1786081039.007 0.005 0.004 3.552714e-14 0.0026 -49.16426 -37.42063 -296.73 -194.864 -166.2073 
1786081039.166 0 0.004 3.552714e-14 0.0026 -49.16426 -37.42063 -296.725 -194.864 -166.2073 
1786081039.325 0.005 0.004 3.552714e-14 0.0026 -49.16426 -37.42063 -296.73 -194.864 -166.2073 
1786081039.484 0 0.004 3.552714e-14 0.0026 -49.16426 -37.42063 -296.725 -194.864 -166.2073 
1786081039.643 0 0.004 -0.001269999 0.0026 -49.16426 -37.42063 -296.725 -194.864 -166.206 
1786081039.803 0 0.004 -0.001269999 0.0026 -49.16426 -37.42063 -296.725 -194.864 -166.206 
1786081039.962 0 0.004 -0.001269999 0.0026 -49.16426 -37.42063 -296.725 -194.864 -166.206 
1786081040.125 0 0.004 3.552714e-14 0.0026 -49.16426 -37.42063 -296.725 -194.864 -166.2073 
1786081040.290 0 0.004 3.552714e-14 0.0026 -49.16426 -37.42063 -296.725 -194.864 -166.2073 
1786081040.449 0 0.004 -0.001269999 0.0026 -49.16426 -37.42063 -296.725 -194.864 -166.206 
1786081040.607 0 0.004 3.552714e-14 0.0026 -49.16426 -37.42063 -296.725 -194.864 -166.2073 
1786081040.767 0 0.004 -0.001269999 0.0026 -49.16426 -37.42063 -296.725 -194.864 -166.206 
1786081040.925 -0.005 0.004 -0.001269999 0.0026 -49.16426 -37.42063 -296.72 -194.864 -166.206 
1786081041.087 -0.005 0.004 -0.001269999 0.0026 -49.16426 -37.42063 -296.72 -194.864 -166.206 
1786081041.245 -0.005 0.004 -0.001269999 0.0026 -49.16426 -37.42063 -296.72 -194.864 -166.206 
1786081041.405 -0.005 0.004 -0.001269999 0.0026 -49.16426 -37.42063 -296.72 -194.864 -166.206 
1786081041.566 -0.005 0.004 -0.001269999 0.0026 -49.16426 -37.42063 -296.72 -194.864 -166.206 
1786081041.725 -0.005 0.004 -0.002539999 0.0026 -49.16426 -37.42063 -296.72 -194.864 -166.2047 
1786081041.895 -0.005 0.004 -0.003809998 0.0026 -49.16426 -37.42063 -296.72 -194.864 -166.2035 
1786081042.065 -0.005 0.004 -0.003809998 0.0026 -49.16426 -37.42063 -296.72 -194.864 -166.2035 
1786081042.223 -0.005 0.004 -0.003809998 0.0026 -49.16426 -37.42063 -296.72 -194.864 -166.2035 
1786081042.380 -0.005 0.004 -0.005079997 0.0026 -49.16426 -37.42063 -296.72 -194.864 -166.2022 
1786081042.539 -0.005 0.004 -0.003809998 0.0026 -49.16426 -37.42063 -296.72 -194.864 -166.2035 
1786081042.696 -0.005 0.004 -0.003809998 0.0026 -49.16426 -37.42063 -296.72 -194.864 -166.2035 
1786081042.885 -0.005 0.004 -0.003809998 0.0026 -49.16426 -37.42063 -296.72 -194.864 -166.2035 
1786081043.050 -0.005 0.004 -0.005079997 0.0026 -49.16426 -37.42063 -296.72 -194.864 -166.2022 
1786081043.215 -0.005 0.004 -0.003809998 0.0026 -49.16426 -37.42063 -296.72 -194.864 -166.2035 
1786081043.378 -0.005 0.004 -0.003809998 0.0026 -49.16426 -37.42063 -296.72 -194.864 -166.2035 
1786081043.542 -0.005 0.004 -0.003809998 0.0026 -49.16426 -37.42063 -296.72 -194.864 -166.2035 
1786081043.702 -0.005 0.004 -0.003809998 0.0026 -49.16426 -37.42063 -296.72 -194.864 -166.2035 
1786081043.863 -0.005 0.004 -0.003809998 0.0026 -49.16426 -37.42063 -296.72 -194.864 -166.2035 
1786081044.023 -0.005 0.004 -0.003809998 0.0026 -49.16426 -37.42063 -296.72 -194.864 -166.2035 
1786081044.186 -0.005 0.004 -0.003809998 0.0026 -49.16426 -37.42063 -296.72 -194.864 -166.2035 
1786081044.347 -0.005 0.004 -0.003809998 0.0026 -49.16426 -37.42063 -296.72 -194.864 -166.2035 
1786081044.511 -0.005 0.004 -0.003809998 0.0026 -49.16426 -37.42063 -296.72 -194.864 -166.2035 
1786081044.672 -0.01 0.004 -0.003809998 0.0026 -49.16426 -37.42063 -296.715 -194.864 -166.2035 
1786081044.837 -0.005 0.004 -0.003809998 0.0026 -49.16426 -37.42063 -296.72 -194.864 -166.2035 
1786081044.997 -0.005 0.004 -0.005079997 0.0026 -49.16426 -37.42063 -296.72 -194.864 -166.2022 
1786081045.163 -0.005 0.004 -0.005079997 0.0026 -49.16426 -37.42063 -296.72 -194.864 -166.2022 
1786081045.323 -0.005 0.004 -0.003809998 0.0026 -49.16426 -37.42063 -296.72 -194.864 -166.2035 
1786081045.481 -0.005 0.004 -0.003809998 0.0026 -49.16426 -37.42063 -296.72 -194.864 -166.2035 
1786081045.642 -0.005 0.004 -0.003809998 0.0026 -49.16426 -37.42063 -296.72 -194.864 -166.2035 
1786081045.800 -0.005 0.004 -0.003809998 0.0026 -49.16426 -37.42063 -296.72 -194.864 -166.2035 
1786081045.960 -0.005 0.004 -0.003809998 0.0026 -49.16426 -37.42063 -296.72 -194.864 -166.2035 
1786081046.120 -0.005 0.004 -0.003809998 0.0026 -49.16426 -37.42063 -296.72 -194.864 -166.2035 
1786081046.282 0 0.004 -0.003809998 0.0026 -49.16426 -37.42063 -296.725 -194.864 -166.2035 
1786081046.444 0 0.004 -0.003809998 0.0026 -49.16426 -37.42063 -296.725 -194.864 -166.2035 
1786081046.606 0 -2.842171e-14 -0.003809998 0.0026 -49.16426 -37.42063 -296.725 -194.86 -166.2035 
1786081046.765 0.005 0.004 -0.003809998 0.0026 -49.16426 -37.42063 -296.73 -194.864 -166.2035 
1786081046.926 0.005 0.004 -0.003809998 0.0026 -49.16426 -37.42063 -296.73 -194.864 -166.2035 
1786081047.089 0.005 -0.012 0.002539999 -0.00385 -49.16426 -37.42063 -296.56 -194.612 -166.3063 
1786081047.247 0 -0.004 7.105427e-15 0 -49.16426 -37.42063 -296.335 -194.536 -166.286 
1786081047.422 0 0 7.105427e-15 0 -49.16426 -37.42063 -296.31 -194.52 -166.286 
1786081047.600 0 0 7.105427e-15 0 -49.16426 -37.42063 -296.31 -194.52 -166.286 
1786081047.761 0 0 7.105427e-15 0 -49.16426 -37.42063 -296.31 -194.516 -166.286 
1786081047.918 0 0 7.105427e-15 0 -49.16426 -37.42063 -296.31 -194.516 -166.286 
1786081048.100 0 0 7.105427e-15 0 -49.16426 -37.42063 -296.31 -194.52 -166.286 
1786081048.271 0 0 7.105427e-15 0 -49.16426 -37.42063 -296.31 -194.516 -166.286 
1786081048.447 0 0 7.105427e-15 0 -49.16426 -37.42063 -296.31 -194.516 -166.286 
1786081048.632 0 0 7.105427e-15 0 -49.16426 -37.42063 -296.31 -194.516 -166.286 
1786081048.793 0 0 7.105427e-15 0 -49.16426 -37.42063 -296.31 -194.516 -166.286 
1786081048.954 0 0 7.105427e-15 0 -49.16426 -37.42063 -296.31 -194.516 -166.286 
1786081049.117 0 0 7.105427e-15 0 -49.16426 -37.42063 -296.31 -194.516 -166.286 
1786081049.275 0 0 7.105427e-15 0 -49.16426 -37.42063 -296.31 -194.516 -166.286 
1786081049.432 0 0 7.105427e-15 0 -49.16426 -37.42063 -296.31 -194.516 -166.286 
1786081049.592 0 0 7.105427e-15 0 -49.16426 -37.42063 -296.31 -194.516 -166.286 
1786081049.749 0 0 7.105427e-15 0 -49.16426 -37.42063 -296.31 -194.516 -166.286 
1786081049.909 0 0 7.105427e-15 0 -49.16426 -37.42063 -296.31 -194.516 -166.286 
1786081050.074 0 0 7.105427e-15 0 -49.16426 -37.42063 -296.31 -194.516 -166.286 
1786081050.233 0 0 7.105427e-15 0 -49.16426 -37.42063 -296.31 -194.516 -166.286 
1786081050.391 0 0 7.105427e-15 0 -49.16426 -37.42063 -296.31 -194.516 -166.286 
1786081050.548 0 0 7.105427e-15 0 -49.16426 -37.42063 -296.31 -194.516 -166.286 
1786081050.707 0 0 7.105427e-15 0 -49.16426 -37.42063 -296.31 -194.516 -166.286 
1786081050.866 0 0 7.105427e-15 0 -49.16426 -37.42063 -296.31 -194.516 -166.286 
1786081051.026 0 0 7.105427e-15 0 -49.16426 -37.42063 -296.31 -194.516 -166.286 
1786081051.184 0 0 7.105427e-15 0 -49.16426 -37.42063 -296.31 -194.516 -166.286 
1786081051.345 0 0 7.105427e-15 0 -49.16426 -37.42063 -296.31 -194.516 -166.286 
1786081051.504 0 0 7.105427e-15 0 -49.16426 -37.42063 -296.31 -194.516 -166.286 
1786081051.664 0 0 7.105427e-15 0 -49.16426 -37.42063 -296.31 -194.516 -166.286 
1786081051.824 0 0 7.105427e-15 0 -49.16426 -37.42063 -296.31 -194.516 -166.286 
1786081051.983 0 0 7.105427e-15 0 -49.16426 -37.42063 -296.31 -194.516 -166.286 
1786081052.143 0 0 7.105427e-15 0 -49.16426 -37.42063 -296.31 -194.516 -166.286 
1786081052.302 0 0 7.105427e-15 0 -49.16426 -37.42063 -296.31 -194.516 -166.286 
1786081052.461 -0.055 -0.084 -0.02666999 0.1228 -49.16426 -37.42063 -296.255 -194.432 -166.2594 
1786081052.619 -0.05 -0.056 -0.02539999 -0.0422 -49.16426 -37.42063 -296.26 -194.46 -166.2606 
1786081052.779 -0.045 -0.052 -0.02539999 -0.0522 -49.16426 -37.42063 -296.265 -194.464 -166.2606 
1786081052.937 -0.045 -0.052 -0.02412999 -0.0522 -49.16426 -37.42063 -296.265 -194.464 -166.2619 
1786081053.096 -0.04 -0.048 -0.02285999 -0.0472 -49.16426 -37.42063 -296.27 -194.468 -166.2632 
1786081053.253 -0.04 -0.048 -0.02285999 -0.0522 -49.16426 -37.42063 -296.27 -194.468 -166.2632 
1786081053.412 -0.04 -0.048 -0.02158999 -0.0472 -49.16426 -37.42063 -296.27 -194.468 -166.2644 
1786081053.569 -0.035 -0.044 -0.02158999 -0.0422 -49.16426 -37.42063 -296.275 -194.472 -166.2644 
1786081053.730 -0.035 -0.044 -0.02031999 -0.0422 -49.16426 -37.42063 -296.275 -194.472 -166.2657 
1786081053.888 -0.035 -0.04 -0.02031999 -0.0422 -49.16426 -37.42063 -296.275 -194.476 -166.2657 
1786081054.048 -0.035 -0.04 -0.01904999 -0.0372 -49.16426 -37.42063 -296.275 -194.476 -166.267 
1786081054.207 -0.03 -0.036 -0.01904999 -0.0372 -49.16426 -37.42063 -296.28 -194.48 -166.267 
1786081054.365 -0.03 -0.036 -0.01777999 -0.0372 -49.16426 -37.42063 -296.28 -194.48 -166.2682 
1786081054.523 -0.03 -0.036 -0.01777999 -0.0372 -49.16426 -37.42063 -296.28 -194.48 -166.2682 
1786081054.682 -0.03 -0.032 -0.01777999 -0.0372 -49.16426 -37.42063 -296.28 -194.484 -166.2682 
1786081054.842 -0.03 -0.032 -0.01650999 -0.0322 -49.16426 -37.42063 -296.28 -194.484 -166.2695 
1786081055.004 -0.025 -0.032 -0.01523999 -0.0322 -49.16426 -37.42063 -296.285 -194.484 -166.2708 
1786081055.162 -0.025 -0.032 -0.01523999 -0.0272 -49.16426 -37.42063 -296.285 -194.484 -166.2708 
1786081055.323 -0.025 -0.032 -0.01396999 -0.0272 -49.16426 -37.42063 -296.28 -194.484 -166.2721 
1786081055.482 -0.005 -0.004 -0.003809998 -0.0072 -49.16426 -37.42063 -296.305 -194.512 -166.2822 
1786081055.643 0.025 0.028 0.01523999 0.0228 -49.16426 -37.42063 -296.335 -194.544 -166.3013 
1786081055.801 0.025 0.028 0.01523999 0.0228 -49.16426 -37.42063 -296.335 -194.544 -166.3013 
1786081055.962 0.025 0.024 0.01396999 0.0228 -49.16426 -37.42063 -296.335 -194.54 -166.3 
1786081056.122 0.025 0.024 0.01396999 0.0228 -49.16426 -37.42063 -296.335 -194.54 -166.3 
1786081056.284 0.02 0.024 0.01269999 0.0178 -49.16426 -37.42063 -296.33 -194.54 -166.2987 
1786081056.444 0.025 0.024 0.01269999 0.0228 -49.16426 -37.42063 -296.335 -194.54 -166.2987 
1786081056.605 0.025 0.024 0.01396999 0.0228 -49.16426 -37.42063 -296.335 -194.54 -166.3 
1786081056.763 0.025 0.024 0.01396999 0.0228 -49.16426 -37.42063 -296.335 -194.54 -166.3 
1786081056.923 0.025 0.024 0.01396999 0.0228 -49.16426 -37.42063 -296.335 -194.54 -166.3 
1786081057.081 0.02 0.024 0.01269999 0.0178 -49.16426 -37.42063 -296.33 -194.54 -166.2987 
1786081057.240 0.02 0.024 0.01269999 0.0178 -49.16426 -37.42063 -296.33 -194.54 -166.2987 
1786081057.401 0.02 0.024 0.01269999 0.0178 -49.16426 -37.42063 -296.33 -194.54 -166.2987 
1786081057.562 0.025 0.024 0.01269999 0.0228 -49.16426 -37.42063 -296.335 -194.54 -166.2987 
1786081057.721 0.025 0.024 0.01269999 0.0228 -49.16426 -37.42063 -296.335 -194.54 -166.2987 
1786081057.880 0.02 0.024 0.01269999 0.0228 -49.16426 -37.42063 -296.33 -194.54 -166.2987 
1786081058.042 0.02 0.02 0.01142999 0.0178 -49.16426 -37.42063 -296.33 -194.536 -166.2975 
1786081058.202 0.02 0.02 0.01015999 0.0178 -49.16426 -37.42063 -296.33 -194.536 -166.2962 
1786081058.369 0.015 0.016 0.008889995 0.0128 -49.16426 -37.42063 -296.325 -194.532 -166.2949 
1786081058.528 0.015 0.016 0.007619996 0.0128 -49.16426 -37.42063 -296.325 -194.532 -166.2936 
1786081058.689 0.015 0.016 0.008889995 0.0128 -49.16426 -37.42063 -296.325 -194.532 -166.2949 
1786081058.847 0.015 0.016 0.008889995 0.0178 -49.16426 -37.42063 -296.325 -194.532 -166.2949 
1786081059.005 0.02 0.016 0.01015999 0.0178 -49.16426 -37.42063 -296.33 -194.532 -166.2962 
1786081059.162 0.015 0.016 0.01015999 0.0178 -49.16426 -37.42063 -296.325 -194.532 -166.2962 
1786081059.324 0.02 0.02 0.01015999 0.0178 -49.16426 -37.42063 -296.33 -194.536 -166.2962 
1786081059.485 0.015 0.016 0.008889995 0.0178 -49.16426 -37.42063 -296.325 -194.532 -166.2949 
1786081059.650 0.015 0.016 0.008889995 0.0128 -49.16426 -37.42063 -296.325 -194.532 -166.2949 
1786081059.809 0.015 0.016 0.008889995 0.0128 -49.16426 -37.42063 -296.325 -194.532 -166.2949 
1786081059.966 0.01 0.016 0.008889995 0.0128 -49.16426 -37.42063 -296.32 -194.532 -166.2949 
1786081060.124 0.015 0.016 0.008889995 0.0128 -49.16426 -37.42063 -296.325 -194.532 -166.2949 
1786081060.286 0.01 0.012 0.007619996 0.0128 -49.16426 -37.42063 -296.32 -194.528 -166.2936 
1786081060.444 0.015 0.02 0.01142999 0.0178 -49.16426 -37.42063 -296.325 -194.536 -166.2975 
1786081060.601 0.015 0.016 0.01015999 0.0128 -49.16426 -37.42063 -296.325 -194.532 -166.2962 
1786081060.762 0.015 0.016 0.008889995 0.0178 -49.16426 -37.42063 -296.325 -194.532 -166.2949 
1786081060.926 0.015 0.016 0.008889995 0.0128 -49.16426 -37.42063 -296.325 -194.532 -166.2949 
1786081061.087 0.015 0.016 0.007619996 0.0128 -49.16426 -37.42063 -296.325 -194.532 -166.2936 
1786081061.245 0.015 0.012 0.007619996 0.0128 -49.16426 -37.42063 -296.325 -194.528 -166.2936 
1786081061.414 0.015 0.016 0.008889995 0.0128 -49.16426 -37.42063 -296.325 -194.532 -166.2949 
1786081061.577 0.015 0.016 0.01015999 0.0128 -49.16426 -37.42063 -296.325 -194.532 -166.2962 
1786081061.737 0.015 0.02 0.01015999 0.0178 -49.16426 -37.42063 -296.325 -194.536 -166.2962 
1786081061.898 0.015 0.016 0.008889995 0.0178 -49.16426 -37.42063 -296.325 -194.532 -166.2949 
1786081062.056 0.015 0.016 0.008889995 0.0128 -49.16426 -37.42063 -296.325 -194.532 -166.2949 
1786081062.215 0.015 0.016 0.007619996 0.0128 -49.16426 -37.42063 -296.325 -194.532 -166.2936 
1786081062.375 0.015 0.012 0.007619996 0.0128 -49.16426 -37.42063 -296.325 -194.528 -166.2936 
1786081062.533 0.01 0.012 0.007619996 0.0078 -49.16426 -37.42063 -296.32 -194.528 -166.2936 
1786081062.691 0.01 0.012 0.006349997 0.0078 -49.16426 -37.42063 -296.32 -194.528 -166.2924 
1786081062.851 0.01 0.008 0.006349997 0.0078 -49.16426 -37.42063 -296.32 -194.524 -166.2924 
1786081063.008 0.01 0.008 0.006349997 0.0078 -49.16426 -37.42063 -296.32 -194.524 -166.2924 
1786081063.166 0.01 0.008 0.006349997 0.0078 -49.16426 -37.42063 -296.32 -194.524 -166.2924 
1786081063.324 0.01 0.008 0.006349997 0.0078 -49.16426 -37.42063 -296.32 -194.524 -166.2924 
1786081063.483 0.01 0.012 0.006349997 0.0128 -49.16426 -37.42063 -296.32 -194.528 -166.2924 
1786081063.645 0.01 0.012 0.007619996 0.0078 -49.16426 -37.42063 -296.32 -194.528 -166.2936 
1786081063.804 0.01 0.012 0.007619996 0.0128 -49.16426 -37.42063 -296.32 -194.528 -166.2936 
1786081063.963 0.01 0.008 0.006349997 0.0078 -49.16426 -37.42063 -296.32 -194.524 -166.2924 
1786081064.123 0.01 0.008 0.006349997 0.0128 -49.16426 -37.42063 -296.32 -194.524 -166.2924 
1786081064.281 0.005 0.004 0.006349997 0.0078 -49.16426 -37.42063 -296.315 -194.52 -166.2924 
1786081064.439 0.005 0.004 0.005079997 0.0078 -49.16426 -37.42063 -296.315 -194.52 -166.2911 
1786081064.598 0.005 0.004 0.003809998 0.0028 -49.16426 -37.42063 -296.315 -194.52 -166.2898 
1786081064.758 -0.005 -2.842171e-14 7.105427e-15 0.0028 -49.16426 -37.42063 -296.305 -194.516 -166.286 
1786081064.918 -0.005 -0.004 -0.003809998 -0.0022 -49.16426 -37.42063 -296.305 -194.512 -166.2822 
1786081065.079 -0.005 -0.004 -0.005079997 -0.0022 -49.16426 -37.42063 -296.305 -194.512 -166.2809 
1786081065.239 -0.005 -0.004 -0.003809998 0.0028 -49.16426 -37.42063 -296.305 -194.512 -166.2822 
1786081065.398 0 -2.842171e-14 -0.001269999 0.0028 -49.16426 -37.42063 -296.31 -194.516 -166.2848 
1786081065.559 0 -2.842171e-14 0.001269999 0.0078 -49.16426 -37.42063 -296.31 -194.516 -166.2873 
1786081065.719 0.005 0.004 0.005079997 0.0028 -49.16426 -37.42063 -296.31 -194.52 -166.2911 
1786081065.879 0.005 0.004 0.006349997 0.0028 -49.16426 -37.42063 -296.315 -194.52 -166.2924 
1786081066.039 0.01 0.008 0.007619996 0.0128 -49.16426 -37.42063 -296.32 -194.524 -166.2936 
1786081066.198 0.01 0.008 0.007619996 0.0128 -49.16426 -37.42063 -296.32 -194.524 -166.2936 
1786081066.357 0.01 0.012 0.007619996 0.0128 -49.16426 -37.42063 -296.32 -194.528 -166.2936 
1786081066.518 0.01 0.008 0.007619996 0.0078 -159.8488 -37.42063 -296.32 -194.524 -166.2936 
1786081066.678 0.005 0.008 0.006349997 0.0078 -159.8125 -37.42063 -296.315 -194.524 -166.2924 
1786081066.841 0.01 0.012 0.008889995 0.0128 -159.7229 -37.42063 -296.32 -194.528 -166.2949 
1786081066.999 0.01 0.008 0.007619996 0.0078 -159.5832 -37.42063 -296.32 -194.524 -166.2936 
1786081067.162 0 -2.842171e-14 0.001269999 -0.0022 -159.3896 -37.42063 -296.31 -194.516 -166.2873 
1786081067.323 -0.02 -0.02 -0.01015999 -0.0172 -159.1469 -37.42063 -296.29 -194.496 -166.2759 
1786081067.483 -0.015 -0.02 -0.01142999 -0.0222 -158.853 -37.42063 -296.295 -194.5 -166.2746 
1786081067.643 -0.015 -0.016 -0.01015999 -0.0172 -158.5078 -37.42063 -296.295 -194.5 -166.2759 
1786081067.802 -0.015 -0.016 -0.01015999 -0.0222 -158.1115 -37.42063 -296.295 -194.5 -166.2759 
1786081067.964 -0.02 -0.02 -0.01142999 -0.0172 -157.661 -37.42063 -296.29 -194.496 -166.2746 
1786081068.126 -0.015 -0.016 -0.01015999 -0.0172 -157.1555 -37.42063 -296.295 -194.5 -166.2759 
1786081068.284 -0.015 -0.016 -0.01015999 -0.0172 -156.6082 -37.42063 -296.295 -194.5 -166.2759 
1786081068.443 -0.015 -0.016 -0.01015999 -0.0172 -156.0104 -37.42063 -296.295 -194.5 -166.2759 
1786081068.602 -0.015 -0.016 -0.008889995 -0.0172 -155.3619 -37.42063 -296.295 -194.5 -166.2771 
1786081068.762 -0.015 -0.016 -0.01015999 -0.0172 -154.6584 -37.42063 -296.295 -194.5 -166.2759 
1786081068.921 -0.015 -0.016 -0.008889995 -0.0172 -153.9086 -37.42063 -296.295 -194.5 -166.2771 
1786081069.090 -0.01 -0.012 -0.008889995 -0.0172 -153.0825 -37.42063 -296.3 -194.504 -166.2771 
1786081069.250 -0.01 -0.012 -0.008889995 -0.0122 -152.2725 -37.42063 -296.3 -194.504 -166.2771 
1786081069.407 -0.01 -0.012 -0.008889995 -0.0172 -151.4825 -37.42063 -296.3 -194.5 -166.2771 
1786081069.568 -0.01 -0.012 -0.007619996 -0.0122 -150.6776 -37.42063 -296.3 -194.504 -166.2784 
1786081069.727 -0.01 -0.012 -0.007619996 -0.0122 -149.8824 -37.42063 -296.3 -194.504 -166.2784 
1786081069.889 -0.01 -0.012 -0.007619996 -0.0122 -149.0775 -37.42063 -296.3 -194.504 -166.2784 
1786081070.049 -0.015 -0.012 -0.008889995 -0.0122 -148.2724 -37.42063 -296.295 -194.504 -166.2771 
1786081070.217 -0.015 -0.012 -0.008889995 -0.0122 -147.4475 -37.42063 -296.295 -194.504 -166.2771 
1786081070.379 -0.01 -0.012 -0.007619996 -0.0122 -146.6325 -37.42063 -296.3 -194.504 -166.2784 
1786081070.538 -0.01 -0.012 -0.007619996 -0.0122 -145.8275 -37.42063 -296.3 -194.504 -166.2784 
1786081070.697 -0.01 -0.012 -0.007619996 -0.0122 -145.0375 -37.42063 -296.3 -194.504 -166.2784 
1786081070.857 -0.01 -0.012 -0.007619996 -0.0122 -144.2375 -37.42063 -296.3 -194.504 -166.2784 
1786081071.017 -0.01 -0.012 -0.007619996 -0.0122 -143.4375 -37.42063 -296.3 -194.504 -166.2784 
1786081071.179 -0.01 -0.012 -0.006349997 -0.0072 -142.6325 -37.42063 -296.3 -194.504 -166.2797 
1786081071.339 -0.01 -0.008 -0.006349997 -0.0122 -141.8325 -37.42063 -296.3 -194.508 -166.2797 
1786081071.500 -0.01 -0.012 -0.007619996 -0.0122 -141.0176 -37.42063 -296.3 -194.504 -166.2784 
1786081071.662 -0.01 -0.012 -0.006349997 -0.0072 -140.2125 -37.42063 -296.3 -194.504 -166.2797 
1786081071.820 -0.01 -0.008 -0.007619996 -0.0122 -139.4225 -37.42063 -296.3 -194.508 -166.2784 
1786081071.981 -0.01 -0.012 -0.006349997 -0.0072 -138.6125 -37.42063 -296.3 -194.504 -166.2797 
1786081072.141 -0.01 -0.008 -0.006349997 -0.0122 -137.8225 -37.42063 -296.3 -194.508 -166.2797 
1786081072.300 -0.01 -0.012 -0.006349997 -0.0072 -137.0226 -37.42063 -296.3 -194.504 -166.2797 
1786081072.461 -0.01 -0.008 -0.005079997 -0.0072 -136.2175 -37.42063 -296.3 -194.508 -166.2809 
1786081072.620 -0.005 -0.008 -0.005079997 -0.0072 -135.4175 -37.42063 -296.305 -194.508 -166.2809 
1786081072.781 -0.01 -0.012 -0.006349997 -0.0122 -134.6175 -37.42063 -296.3 -194.504 -166.2797 
1786081072.944 -0.01 -0.012 -0.006349997 -0.0072 -133.8026 -37.42063 -296.3 -194.504 -166.2797 
1786081073.102 -0.005 -0.008 -0.005079997 -0.0072 -133.0024 -37.42063 -296.305 -194.508 -166.2809 
1786081073.261 -0.005 -0.008 -0.005079997 -0.0072 -132.2125 -37.42063 -296.305 -194.508 -166.2809 
1786081073.420 -0.005 -0.008 -0.005079997 -0.0072 -131.4226 -37.42063 -296.305 -194.508 -166.2809 
1786081073.580 -0.01 -0.008 -0.006349997 -0.0072 -130.6175 -37.42063 -296.3 -194.508 -166.2797 
1786081073.743 -0.005 -0.008 -0.006349997 -0.0072 -129.8125 -37.42063 -296.305 -194.508 -166.2797 
1786081073.902 -0.005 -0.008 -0.006349997 -0.0072 -129.0075 -37.42063 -296.305 -194.508 -166.2797 
1786081074.063 -0.005 -0.008 -0.005079997 -0.0072 -128.2125 -37.42063 -296.305 -194.508 -166.2809 
1786081074.223 -0.005 -0.008 -0.006349997 -0.0072 -127.4076 -37.42063 -296.305 -194.508 -166.2797 
1786081074.384 -0.005 -0.008 -0.005079997 -0.0072 -126.5974 -37.42063 -296.305 -194.508 -166.2809 
1786081074.541 -0.01 -0.008 -0.006349997 -0.0072 -125.8075 -37.42063 -296.3 -194.508 -166.2797 
1786081074.701 -0.005 -0.008 -0.005079997 -0.0072 -125.0125 -37.42063 -296.305 -194.508 -166.2809 
1786081074.862 -0.005 -0.008 -0.005079997 -0.0072 -124.2125 -37.42063 -296.305 -194.508 -166.2809 
1786081075.023 -0.005 -0.008 -0.005079997 -0.0072 -123.4075 -37.42063 -296.305 -194.508 -166.2797 
1786081075.182 -0.01 -0.008 -0.005079997 -0.0072 -122.6073 -37.42063 -296.3 -194.508 -166.2809 
1786081075.342 -0.005 -0.008 -0.005079997 -0.0072 -121.8075 -37.42063 -296.305 -194.508 -166.2809 
1786081075.504 -0.005 -0.004 -0.005079997 -0.0022 -121.0025 -37.42063 -296.305 -194.512 -166.2809 
1786081075.664 -0.005 -0.008 -0.005079997 -0.0072 -120.1975 -37.42063 -296.3 -194.508 -166.2809 
1786081075.824 -0.005 -0.004 -0.006349997 -0.0072 -119.4024 -37.42063 -296.305 -194.508 -166.2797 
1786081075.983 -0.01 -0.008 -0.005079997 -0.0022 -118.6025 -37.42063 -296.3 -194.508 -166.2809 
1786081076.141 -0.01 -0.008 -0.006349997 -0.0072 -117.8175 -37.42063 -296.3 -194.508 -166.2797 
1786081076.300 -0.01 -0.008 -0.005079997 -0.0072 -117.0175 -37.42063 -296.3 -194.508 -166.2809 
1786081076.459 -0.01 -0.008 -0.006349997 -0.0072 -116.2275 -37.42063 -296.3 -194.508 -166.2797 
1786081076.617 -0.01 -0.008 -0.006349997 -0.0072 -115.4325 -37.42063 -296.3 -194.508 -166.2797 
1786081076.774 -0.005 -0.004 -0.005079997 -0.0072 -114.6474 -37.42063 -296.305 -194.512 -166.2809 
1786081076.933 -0.01 -0.008 -0.006349997 -0.0072 -113.8574 -37.42063 -296.3 -194.508 -166.2797 
1786081077.090 -0.005 -0.008 -0.005079997 -0.0022 -113.0625 -37.42063 -296.305 -194.508 -166.2809 
1786081077.250 -0.005 -0.008 -0.006349997 -0.0072 -112.2675 -37.42063 -296.305 -194.508 -166.2797 
1786081077.408 -0.005 -0.004 -0.005079997 -0.0022 -111.4825 -37.42063 -296.305 -194.512 -166.2809 
1786081077.566 -0.005 -0.004 -0.005079997 -0.0022 -110.6874 -37.42063 -296.305 -194.512 -166.2809 
1786081077.724 -0.005 -0.004 -0.005079997 -0.0022 -109.8975 -37.42063 -296.305 -194.512 -166.2809 
1786081077.882 -0.01 -0.008 -0.006349997 -0.0072 -109.1075 -37.42063 -296.3 -194.508 -166.2797 
1786081078.044 -0.005 -0.004 -0.005079997 -0.0022 -108.3025 -37.42063 -296.305 -194.512 -166.2809 
1786081078.202 -0.005 -0.004 -0.005079997 -0.0022 -107.5025 -37.42063 -296.305 -194.512 -166.2809 
1786081078.361 -0.005 -0.004 -0.005079997 -0.0022 -106.7125 -37.42063 -296.305 -194.512 -166.2809 
1786081078.519 -0.005 -0.004 -0.005079997 -0.0022 -105.9225 -37.42063 -296.305 -194.512 -166.2809 
1786081078.679 -0.005 -0.004 -0.005079997 -0.0022 -105.1276 -37.42063 -296.305 -194.512 -166.2809 
1786081078.838 -0.005 -0.004 -0.005079997 -0.0022 -104.3276 -37.42063 -296.305 -194.512 -166.2809 
1786081078.999 -0.01 -0.008 -0.005079997 -0.0022 -103.5225 -37.42063 -296.3 -194.508 -166.2809 
1786081079.159 -0.005 -0.004 -0.006349997 -0.0022 -102.7225 -37.42063 -296.305 -194.512 -166.2797 
1786081079.321 -0.005 -0.004 -0.005079997 -0.0022 -101.9175 -37.42063 -296.305 -194.512 -166.2809 
1786081079.482 -0.01 -0.008 -0.005079997 -0.0022 -101.1075 -37.42063 -296.3 -194.508 -166.2809 
1786081079.643 -0.005 -0.008 -0.006349997 -0.0072 -100.3025 -37.42063 -296.305 -194.508 -166.2797 
1786081079.801 -0.005 -0.004 -0.005079997 -0.0022 -99.50747 -37.42063 -296.305 -194.512 -166.2809 
1786081079.962 -0.005 -0.004 -0.005079997 -0.0022 -98.7124 -37.42063 -296.305 -194.512 -166.2809 
1786081080.121 -0.005 -0.004 -0.005079997 -0.0022 -97.91249 -37.42063 -296.305 -194.512 -166.2809 
1786081080.279 -0.005 -0.004 -0.003809998 -0.0022 -97.12247 -37.42063 -296.305 -194.512 -166.2822 
1786081080.440 -0.005 -0.004 -0.003809998 -0.0022 -96.31756 -37.42063 -296.305 -194.512 -166.2822 
1786081080.599 -0.005 -0.004 -0.003809998 -0.0022 -95.52249 -37.42063 -296.305 -194.512 -166.2822 
1786081080.760 -0.005 -0.004 -0.003809998 -0.0022 -94.72254 -37.42063 -296.305 -194.512 -166.2822 
1786081080.919 -0.005 -0.004 -0.003809998 -0.0022 -93.92253 -37.42063 -296.305 -194.512 -166.2822 
1786081081.078 -0.005 -0.004 -0.003809998 -0.0022 -93.12749 -37.42063 -296.305 -194.512 -166.2822 
1786081081.238 -0.005 -0.004 -0.005079997 -0.0022 -92.32753 -37.42063 -296.305 -194.512 -166.2809 
1786081081.398 -0.005 -0.008 -0.005079997 -0.0022 -91.52754 -37.42063 -296.305 -194.508 -166.2809 
1786081081.558 -0.005 -0.004 -0.005079997 -0.0022 -90.72751 -37.42063 -296.305 -194.512 -166.2809 
1786081081.717 -0.005 -0.004 -0.005079997 -0.0022 -89.93248 -37.42063 -296.305 -194.512 -166.2809 
1786081081.880 -0.005 -0.004 -0.005079997 -0.0022 -89.12743 -37.42063 -296.305 -194.512 -166.2809 
1786081082.041 -0.005 -0.004 -0.005079997 -0.0022 -88.31752 -37.42063 -296.305 -194.512 -166.2809 
1786081082.203 -0.005 -0.008 -0.005079997 -0.0022 -87.50752 -37.42063 -296.305 -194.508 -166.2809 
1786081082.362 -0.005 -0.004 -0.003809998 -0.0022 -86.70748 -37.42063 -296.305 -194.512 -166.2822 
1786081082.520 -0.005 -0.004 -0.003809998 -0.0022 -85.91253 -37.42063 -296.305 -194.512 -166.2822 
1786081082.679 0 -0.004 -0.005079997 -0.0022 -85.12241 -37.42063 -296.31 -194.512 -166.2809 
1786081082.840 0 -0.004 -0.003809998 -0.0022 -84.31748 -37.42063 -296.31 -194.512 -166.2822 
1786081082.998 0 -0.004 -0.003809998 -0.0022 -83.52753 -37.42063 -296.31 -194.512 -166.2822 
1786081083.158 0 -0.004 -0.003809998 -0.0022 -82.72748 -37.42063 -296.31 -194.512 -166.2822 
1786081083.317 0.005 -0.004 -0.003809998 -0.0022 -81.93253 -37.42063 -296.315 -194.512 -166.2822 
1786081083.478 0.005 -0.004 -0.005079997 -0.0022 -81.13256 -37.42063 -296.315 -194.512 -166.2809 
1786081083.639 0.005 -0.004 -0.005079997 -0.0022 -80.3225 -37.42063 -296.315 -194.512 -166.2809 
1786081083.804 0.005 -0.004 -0.005079997 -0.0022 -79.49752 -37.42063 -296.315 -194.512 -166.2809 
1786081083.964 0 -0.004 -0.005079997 -0.0022 -78.69747 -37.42063 -296.31 -194.512 -166.2809 
1786081084.123 0 -0.004 -0.006349997 -0.0072 -77.90736 -37.42063 -296.31 -194.512 -166.2809 
1786081084.281 0 -0.004 -0.006349997 -0.0022 -77.11248 -37.42063 -296.31 -194.512 -166.2797 
1786081084.441 0 -0.004 -0.005079997 -0.0022 -76.31753 -37.42063 -296.31 -194.512 -166.2809 
1786081084.599 -0.005 -0.004 -0.005079997 -0.0072 -75.51749 -37.42063 -296.305 -194.512 -166.2809 
1786081084.765 -0.005 -0.004 -0.005079997 -0.0022 -74.70243 -37.42063 -296.305 -194.512 -166.2809 
1786081084.923 -0.005 -0.004 -0.005079997 -0.0022 -73.90251 -37.42063 -296.305 -194.512 -166.2809 
1786081085.082 -0.005 -0.004 -0.005079997 -0.0022 -73.1075 -37.42063 -296.305 -194.512 -166.2809 
1786081085.240 -0.005 -0.004 -0.006349997 -0.0072 -72.31751 -37.42063 -296.305 -194.512 -166.2797 
1786081085.403 -0.01 -0.004 -0.005079997 -0.0072 -71.50758 -37.42063 -296.3 -194.512 -166.2809 
1786081085.562 -0.005 -0.008 -0.006349997 -0.0072 -70.70748 -37.42063 -296.305 -194.508 -166.2797 
1786081085.720 -0.01 -0.008 -0.006349997 -0.0072 -69.91749 -37.42063 -296.3 -194.508 -166.2797 
1786081085.879 -0.005 -0.004 -0.006349997 -0.0072 -69.12249 -37.42063 -296.305 -194.512 -166.2797 
1786081086.042 -0.005 -0.004 -0.006349997 -0.0072 -68.30753 -37.42063 -296.305 -194.512 -166.2797 
1786081086.201 -0.005 -0.008 -0.006349997 -0.0072 -67.5075 -37.42063 -296.305 -194.508 -166.2797 
1786081086.361 -0.01 -0.008 -0.006349997 -0.0072 -66.71249 -37.42063 -296.3 -194.508 -166.2797 
1786081086.521 -0.01 -0.008 -0.006349997 -0.0072 -65.91248 -37.42063 -296.3 -194.508 -166.2797 
1786081086.680 -0.005 -0.008 -0.005079997 -0.0022 -65.11743 -37.42063 -296.305 -194.508 -166.2809 
1786081086.842 -0.005 -0.004 -0.005079997 -0.0072 -64.31255 -37.42063 -296.305 -194.512 -166.2809 
1786081087.003 -0.01 -0.008 -0.005079997 -0.0072 -63.50743 -37.42063 -296.3 -194.508 -166.2809 
1786081087.162 -0.005 -0.008 -0.006349997 -0.0072 -62.70753 -37.42063 -296.305 -194.508 -166.2797 
1786081087.322 -0.01 -0.008 -0.006349997 -0.0072 -61.90749 -37.42063 -296.3 -194.508 -166.2797 
1786081087.480 -0.01 -0.008 -0.006349997 -0.0072 -61.11252 -37.42063 -296.3 -194.508 -166.2797 
1786081087.641 -0.005 -0.008 -0.005079997 -0.0072 -60.31749 -37.42063 -296.305 -194.508 -166.2809 
1786081087.800 -0.005 -0.004 -0.005079997 -0.0022 -59.51747 -37.42063 -296.305 -194.512 -166.2809 
1786081087.962 -0.005 -0.004 -0.005079997 -0.0072 -58.71731 -37.42063 -296.305 -194.512 -166.2809 
1786081088.122 -0.005 -0.008 -0.005079997 -0.0022 -57.90749 -37.42063 -296.305 -194.508 -166.2809 
1786081088.279 -0.005 -0.008 -0.006349997 -0.0072 -57.12251 -37.42063 -296.305 -194.508 -166.2797 
1786081088.440 -0.01 -0.004 -0.005079997 -0.0022 -56.31749 -37.42063 -296.305 -194.512 -166.2809 
1786081088.599 -0.005 -0.008 -0.006349997 -0.0022 -55.52249 -37.42063 -296.305 -194.508 -166.2797 
1786081088.758 -0.005 -0.004 -0.005079997 -0.0022 -54.72746 -37.42063 -296.305 -194.512 -166.2809 
1786081088.918 -0.005 -0.004 -0.005079997 -0.0022 -53.93252 -37.42063 -296.305 -194.512 -166.2809 
1786081089.077 -0.005 -0.004 -0.005079997 -0.0072 -53.13249 -37.42063 -296.305 -194.512 -166.2809 
1786081089.238 -0.005 -0.004 -0.005079997 -0.0022 -52.33251 -37.42063 -296.305 -194.512 -166.2809 
1786081089.399 -0.005 -0.008 -0.006349997 -0.0072 -51.53248 -37.42063 -296.305 -194.508 -166.2797 
1786081089.561 -0.005 -0.004 -0.005079997 -0.0072 -50.71747 -37.42063 -296.305 -194.512 -166.2809 
1786081089.722 -0.01 -0.008 -0.005079997 -0.0072 -49.90743 -37.42063 -296.3 -194.508 -166.2809 
1786081089.884 -0.005 -0.004 -0.005079997 -0.0022 -49.10254 -37.42063 -296.305 -194.512 -166.2809 
1786081090.045 -0.005 -0.004 -0.005079997 -0.0072 -48.29757 -37.42063 -296.305 -194.512 -166.2809 
1786081090.203 -0.01 -0.008 -0.006349997 -0.0072 -47.4975 -37.42063 -296.3 -194.508 -166.2797 
1786081090.361 -0.005 -0.004 -0.005079997 -0.0022 -46.71251 -37.42063 -296.305 -194.512 -166.2809 
1786081090.520 -0.01 -0.008 -0.006349997 -0.0072 -45.91747 -37.42063 -296.3 -194.508 -166.2797 
1786081090.680 -0.005 -0.004 -0.005079997 -0.0072 -45.11738 -37.42063 -296.305 -194.512 -166.2809 
1786081090.839 -0.005 -0.008 -0.005079997 -0.0072 -44.32254 -37.42063 -296.305 -194.512 -166.2809 
1786081090.998 -0.005 -0.004 -0.005079997 -0.0022 -43.52748 -37.42063 -296.305 -194.512 -166.2809 
1786081091.158 -0.005 -0.004 -0.005079997 -0.0022 -42.72747 -37.42063 -296.305 -194.512 -166.2809 
1786081091.318 -0.005 -0.008 -0.005079997 -0.0022 -41.93248 -37.42063 -296.305 -194.508 -166.2809 
1786081091.480 -0.005 -0.004 -0.005079997 -0.0072 -41.12246 -37.42063 -296.305 -194.512 -166.2809 
1786081091.641 -0.01 -0.008 -0.005079997 -0.0072 -40.31747 -37.42063 -296.3 -194.508 -166.2809 
1786081091.801 -0.005 -0.004 -0.005079997 -0.0022 -39.51744 -37.42063 -296.305 -194.512 -166.2809 
1786081091.966 -0.005 -0.004 -0.005079997 -0.0072 -38.69742 -37.42063 -296.305 -194.512 -166.2809 
1786081092.126 -0.005 -0.004 -0.005079997 -0.0022 -37.88748 -37.42063 -296.305 -194.512 -166.2809 
1786081092.285 -0.005 -0.004 -0.005079997 -0.0022 -37.09252 -37.42063 -296.305 -194.512 -166.2809 
1786081092.445 -0.005 -0.004 -0.005079997 -0.0022 -36.29245 -37.42063 -296.305 -194.512 -166.2809 
1786081092.611 -0.005 -0.004 -0.005079997 -0.0022 -35.47744 -37.42063 -296.305 -194.512 -166.2809 
1786081092.769 -0.005 -0.008 -0.005079997 -0.0022 -34.67249 -37.42063 -296.305 -194.508 -166.2809 
1786081092.926 -0.005 -0.004 -0.005079997 -0.0022 -33.8875 -37.42063 -296.305 -194.512 -166.2809 
1786081093.085 -0.005 -0.004 -0.005079997 -0.0022 -33.09749 -37.42063 -296.305 -194.512 -166.2809 
1786081093.246 -0.005 -0.004 -0.005079997 -0.0022 -32.29251 -37.42063 -296.305 -194.512 -166.2809 
1786081093.407 -0.01 -0.004 -0.005079997 -0.0072 -31.48751 -37.42063 -296.3 -194.512 -166.2809 
1786081093.568 -0.005 -0.004 -0.005079997 -0.0022 -30.67748 -37.42063 -296.305 -194.512 -166.2809 
1786081093.727 -0.005 -0.004 -0.005079997 -0.0022 -29.88252 -37.42063 -296.305 -194.512 -166.2809 
1786081093.886 -0.005 -0.008 -0.006349997 -0.0072 -29.08751 -37.42063 -296.305 -194.508 -166.2797 
1786081094.045 -0.005 -0.004 -0.005079997 -0.0022 -28.29746 -37.42063 -296.305 -194.512 -166.2809 
1786081094.204 -0.005 -0.004 -0.005079997 -0.0022 -27.49753 -37.42063 -296.305 -194.512 -166.2809 
1786081094.363 -0.005 -0.004 -0.005079997 -0.0022 -26.70256 -37.42063 -296.305 -194.512 -166.2809 
1786081094.523 -0.005 -0.004 -0.005079997 -0.0022 -25.90251 -37.42063 -296.305 -194.512 -166.2809 
1786081094.684 -0.005 -0.004 -0.005079997 -0.0022 -25.10244 -37.42063 -296.305 -194.512 -166.2809 
1786081094.844 -0.005 -0.004 -0.005079997 -0.0022 -24.30237 -37.42063 -296.305 -194.512 -166.2809 
1786081095.004 -0.005 -0.004 -0.005079997 -0.0022 -23.50251 -37.42063 -296.305 -194.512 -166.2809 
1786081095.165 -0.005 -0.004 -0.005079997 -0.0072 -22.69749 -37.42063 -296.305 -194.512 -166.2809 
1786081095.324 -0.005 -0.004 -0.006349997 -0.0072 -21.89746 -37.42063 -296.305 -194.512 -166.2797 
1786081095.483 -0.005 -0.004 -0.005079997 -0.0022 -21.09748 -37.42063 -296.305 -194.512 -166.2809 
1786081095.642 -0.005 -0.004 -0.005079997 -0.0022 -20.30247 -37.42063 -296.305 -194.512 -166.2809 
1786081095.803 -0.005 -0.004 -0.005079997 -0.0022 -19.50249 -37.42063 -296.305 -194.512 -166.2809 
1786081095.962 -0.005 -0.004 -0.005079997 -0.0072 -18.70751 -37.42063 -296.305 -194.512 -166.2809 
1786081096.123 -0.005 -0.008 -0.005079997 -0.0072 -17.90747 -37.42063 -296.305 -194.508 -166.2809 
1786081096.281 -0.005 -0.004 -0.005079997 -0.0022 -17.10748 -37.42063 -296.305 -194.512 -166.2809 
1786081096.441 -0.005 -0.008 -0.006349997 -0.0072 -16.31253 -37.42063 -296.305 -194.508 -166.2797 
1786081096.602 -0.005 -0.004 -0.005079997 -0.0022 -15.50746 -37.42063 -296.305 -194.512 -166.2809 
1786081096.763 -0.005 -0.004 -0.005079997 -0.0022 -14.7075 -37.42063 -296.305 -194.512 -166.2809 
1786081096.923 -0.005 -0.004 -0.005079997 -0.0022 -13.90745 -37.42063 -296.305 -194.512 -166.2809 
1786081097.083 -0.005 -0.004 -0.005079997 -0.0022 -13.10247 -37.42063 -296.305 -194.512 -166.2809 
1786081097.244 -0.005 -0.004 -0.005079997 -0.0022 -12.30752 -37.42063 -296.305 -194.512 -166.2809 
1786081097.403 -0.005 -0.004 -0.005079997 -0.0022 -11.50248 -37.42063 -296.305 -194.512 -166.2809 
1786081097.562 -0.085 -0.008 -0.007619996 0.0828 -10.71253 -37.42063 -296.225 -194.508 -166.2784 
1786081097.723 0 0 0 0 -10.55156 -37.42063 -296.215 -194.508 -166.2784 
1786081097.887 0 0 0 0 -10.55156 -37.42063 -296.215 -194.508 -166.2784 
1786081098.062 0 0 0 0 -10.55156 -37.42063 -296.215 -194.508 -166.2784 
1786081098.224 0 0 0 0 -10.55156 -37.42063 -296.215 -194.508 -166.2784 
1786081098.382 0 0 -1.421085e-14 0 -10.55156 -37.42063 -296.215 -194.508 -166.2771 
1786081098.542 0 0 -1.421085e-14 0 -10.55156 -37.42063 -296.215 -194.508 -166.2771 
1786081098.699 0 0 -1.421085e-14 0 -10.55156 -37.42063 -296.215 -194.508 -166.2771 
1786081098.864 0 0 -1.421085e-14 0 -10.55156 -37.42063 -296.215 -194.508 -166.2771 
1786081099.036 0 0 -1.421085e-14 0 -10.55156 -37.42063 -296.215 -194.508 -166.2771 
1786081099.199 0 0 -1.421085e-14 0 -10.55156 -37.42063 -296.215 -194.508 -166.2771 
1786081099.360 0 0 -1.421085e-14 0 -10.55156 -37.42063 -296.215 -194.508 -166.2771 
1786081099.518 0 0 -1.421085e-14 0 -10.55156 -37.42063 -296.215 -194.508 -166.2771 
1786081099.675 0 0 -1.421085e-14 0 -10.55156 -37.42063 -296.215 -194.508 -166.2771 
1786081099.833 0 0 -1.421085e-14 0 -10.55156 -37.42063 -296.215 -194.508 -166.2771 
1786081099.992 0 0 -1.421085e-14 0 -10.55156 -37.42063 -296.215 -194.508 -166.2771 
1786081100.154 0 0 -1.421085e-14 0 -10.55156 -37.42063 -296.215 -194.508 -166.2771 
1786081100.314 0 0 -1.421085e-14 0 -10.55156 -37.42063 -296.215 -194.508 -166.2771 
1786081100.472 0 0 -1.421085e-14 0 -10.55156 -37.42063 -296.215 -194.508 -166.2771 
1786081100.629 0 0 -1.421085e-14 0 -10.55156 -37.42063 -296.215 -194.508 -166.2771 
1786081100.787 0 0 -1.421085e-14 0 -10.55156 -37.42063 -296.215 -194.508 -166.2771 
1786081100.946 0 0 -1.421085e-14 0 -10.55156 -37.42063 -296.215 -194.508 -166.2771 
1786081101.108 0 0 -1.421085e-14 0 -10.55156 -37.42063 -296.215 -194.508 -166.2771 
1786081101.269 0 0 -1.421085e-14 0 -10.55156 -37.42063 -296.215 -194.508 -166.2771 
1786081101.426 0 0 -1.421085e-14 0 -10.55156 -37.42063 -296.215 -194.508 -166.2771 
1786081101.586 0 0 -1.421085e-14 0 -10.55156 -37.42063 -296.215 -194.508 -166.2771 
1786081101.745 0 0 -1.421085e-14 0 -10.55156 -37.42063 -296.215 -194.508 -166.2771 
1786081101.904 0 0 -1.421085e-14 0 -10.55156 -37.42063 -296.215 -194.508 -166.2771 
1786081102.064 0 0 -1.421085e-14 0 -10.55156 -37.42063 -296.215 -194.508 -166.2771 
1786081102.222 0 0 -1.421085e-14 0 -10.55156 -37.42063 -296.215 -194.508 -166.2771 
1786081102.381 0 0 -1.421085e-14 0 -10.55156 -37.42063 -296.215 -194.508 -166.2771 
1786081102.541 0 0 -1.421085e-14 0 -10.55156 -37.42063 -296.215 -194.508 -166.2771 
1786081102.698 0 0 -1.421085e-14 0 -10.55156 -37.42063 -296.215 -194.508 -166.2771 
1786081102.855 0 0 -1.421085e-14 0 -10.55156 -37.42063 -296.215 -194.508 -166.2771 
1786081103.012 0 0 -1.421085e-14 0 -10.55156 -37.42063 -296.215 -194.508 -166.2771 
1786081103.177 0 0 -1.421085e-14 0 -10.55156 -37.42063 -296.215 -194.508 -166.2771 
1786081103.336 0 0 -1.421085e-14 0 -10.55156 -37.42063 -296.215 -194.508 -166.2771 
1786081103.493 0 0 -1.421085e-14 0 -10.55156 -37.42063 -296.215 -194.508 -166.2771 
1786081103.655 0 0 -1.421085e-14 0 -10.55156 -37.42063 -296.215 -194.508 -166.2771 
1786081103.813 0 0 -1.421085e-14 0 -10.55156 -37.42063 -296.215 -194.508 -166.2771 
1786081103.972 0 0 -1.421085e-14 0 -10.55156 -37.42063 -296.215 -194.508 -166.2771 
1786081104.134 0 0 -1.421085e-14 0 -10.55156 -37.42063 -296.215 -194.508 -166.2771 
1786081104.291 0 0 -1.421085e-14 0 -10.55156 -37.42063 -296.215 -194.508 -166.2771 
1786081104.449 0 0 -1.421085e-14 0 -10.55156 -37.42063 -296.215 -194.508 -166.2771 
1786081104.607 0 0 -1.421085e-14 0 -10.55156 -37.42063 -296.215 -194.508 -166.2771 
1786081104.769 0 0 -1.421085e-14 0 -10.55156 -37.42063 -296.215 -194.508 -166.2771 
1786081104.937 0 0 -1.421085e-14 0 -10.55156 -37.42063 -296.215 -194.508 -166.2771 
1786081105.097 0 0 -1.421085e-14 0 -10.55156 -37.42063 -296.215 -194.508 -166.2771 
1786081105.258 0 0 -1.421085e-14 0 -10.55156 -37.42063 -296.215 -194.508 -166.2771 
1786081105.417 0 0 -1.421085e-14 0 -10.55156 -37.42063 -296.215 -194.508 -166.2771 
1786081105.579 0 0 -1.421085e-14 0 -10.55156 -37.42063 -296.215 -194.508 -166.2771 
1786081105.736 0 0 -1.421085e-14 0 -10.55156 -37.42063 -296.215 -194.508 -166.2771 
1786081105.896 0 0 -1.421085e-14 0 -10.55156 -37.42063 -296.215 -194.508 -166.2771 
1786081106.055 0 0 -1.421085e-14 0 -10.55156 -37.42063 -296.215 -194.508 -166.2771 
1786081106.213 0 0 -1.421085e-14 0 -10.55156 -37.42063 -296.215 -194.508 -166.2771 
1786081106.376 0 0 -1.421085e-14 0 -10.55156 -37.42063 -296.215 -194.508 -166.2771 
1786081106.534 0 0 -1.421085e-14 0 -10.55156 -37.42063 -296.215 -194.508 -166.2771 
1786081106.692 0 0 -1.421085e-14 0 -10.55156 -37.42063 -296.215 -194.508 -166.2771 
1786081106.849 0 0 -1.421085e-14 0 -10.55156 -37.42063 -296.215 -194.508 -166.2771 
1786081107.006 0 0 -1.421085e-14 0 -10.55156 -37.42063 -296.215 -194.508 -166.2771 
1786081107.164 0 0 -1.421085e-14 0 -10.55156 -37.42063 -296.215 -194.508 -166.2771 
1786081107.322 0 0 -1.421085e-14 0 -10.55156 -37.42063 -296.215 -194.508 -166.2771 
1786081107.481 0 0 -1.421085e-14 0 -10.55156 -37.42063 -296.215 -194.508 -166.2771 
1786081107.641 0 0 -1.421085e-14 0 -10.55156 -37.42063 -296.215 -194.508 -166.2771 
1786081107.802 0 0 -1.421085e-14 0 -10.55156 -37.42063 -296.215 -194.508 -166.2771 
1786081107.963 0 0 -1.421085e-14 0 -10.55156 -37.42063 -296.215 -194.508 -166.2771 
1786081108.122 0 0 -1.421085e-14 0 -10.55156 -37.42063 -296.215 -194.508 -166.2771 
1786081108.283 0 0 -1.421085e-14 0 -10.55156 -37.42063 -296.215 -194.508 -166.2771 
1786081108.446 0 0 -1.421085e-14 0 -10.55156 -37.42063 -296.215 -194.508 -166.2771 
1786081108.604 0 0 -1.421085e-14 0 -10.55156 -37.42063 -296.215 -194.508 -166.2771 
1786081108.764 0 0 -1.421085e-14 0 -10.55156 -37.42063 -296.215 -194.508 -166.2771 
1786081108.928 0 0 -1.421085e-14 0 -10.55156 -37.42063 -296.215 -194.508 -166.2771 
1786081109.087 0 0 -1.421085e-14 0 -10.55156 -37.42063 -296.215 -194.508 -166.2771 
1786081109.248 0 0 -1.421085e-14 0 -10.55156 -37.42063 -296.215 -194.508 -166.2771 
1786081109.407 0 0 -1.421085e-14 0 -10.55156 -37.42063 -296.215 -194.508 -166.2771 
1786081109.568 0 0 -1.421085e-14 0 -10.55156 -37.42063 -296.215 -194.508 -166.2771 
1786081109.726 0 0 -1.421085e-14 0 -10.55156 -37.42063 -296.215 -194.508 -166.2771 
1786081109.883 0 0 -1.421085e-14 0 -10.55156 -37.42063 -296.215 -194.508 -166.2771 
1786081110.043 0 0 -1.421085e-14 0 -10.55156 -37.42063 -296.215 -194.508 -166.2771 
1786081110.203 0 0 -1.421085e-14 0 -10.55156 -37.42063 -296.215 -194.508 -166.2771 
1786081110.362 0 0 -1.421085e-14 0 -10.55156 -37.42063 -296.215 -194.508 -166.2771 
1786081110.520 0 0 -1.421085e-14 0 -10.55156 -37.42063 -296.215 -194.508 -166.2771 
1786081110.684 0 0 -1.421085e-14 0 -10.55156 -37.42063 -296.215 -194.508 -166.2771 
1786081110.850 0 0 -1.421085e-14 0 -10.55156 -37.42063 -296.215 -194.508 -166.2771 
1786081111.009 0 0 -1.421085e-14 0 -10.55156 -37.42063 -296.215 -194.508 -166.2771 
1786081111.168 0 0 -1.421085e-14 0 -10.55156 -37.42063 -296.215 -194.508 -166.2771 
1786081111.330 0 0 -1.421085e-14 0 -10.55156 -37.42063 -296.215 -194.508 -166.2771 
1786081111.489 0 0 -1.421085e-14 0 -10.55156 -37.42063 -296.215 -194.508 -166.2771 
1786081111.650 0 0 -1.421085e-14 0 -10.55156 -37.42063 -296.215 -194.508 -166.2771 
1786081111.812 0 0 -1.421085e-14 0 -10.55156 -37.42063 -296.215 -194.508 -166.2771 
1786081111.969 0 0 -1.421085e-14 0 -10.55156 -37.42063 -296.215 -194.508 -166.2771 
1786081112.139 0 0 -1.421085e-14 0 -10.55156 -37.42063 -296.215 -194.508 -166.2771 
1786081112.297 0 0 -1.421085e-14 0 -10.55156 -37.42063 -296.215 -194.508 -166.2771 
1786081112.455 0 0 -1.421085e-14 0 -10.55156 -37.42063 -296.215 -194.508 -166.2771 
1786081112.618 0 0 -1.421085e-14 0 -10.55156 -37.42063 -296.215 -194.508 -166.2771 
1786081112.780 0 0 -1.421085e-14 0 -10.55156 -37.42063 -296.215 -194.508 -166.2771 
1786081112.940 0 0 -1.421085e-14 0 -10.55156 -37.42063 -296.215 -194.508 -166.2771 
1786081113.097 0 0 -1.421085e-14 0 -10.55156 -37.42063 -296.215 -194.508 -166.2771 
1786081113.254 0 0 -1.421085e-14 0 -10.55156 -37.42063 -296.215 -194.508 -166.2771 
1786081113.414 0 0 -1.421085e-14 0 -10.55156 -37.42063 -296.215 -194.508 -166.2771 
1786081113.575 0 0 -1.421085e-14 0 -10.55156 -37.42063 -296.215 -194.508 -166.2771 
1786081113.734 0 0 -1.421085e-14 0 -10.55156 -37.42063 -296.215 -194.508 -166.2771 
1786081113.893 0 0 -1.421085e-14 0 -10.55156 -37.42063 -296.215 -194.508 -166.2771 
1786081114.061 0 0 -1.421085e-14 0 -10.55156 -37.42063 -296.215 -194.508 -166.2771 
1786081114.222 0 0 -1.421085e-14 0 -10.55156 -37.42063 -296.215 -194.508 -166.2771 
1786081114.382 0 0 -1.421085e-14 0 -10.55156 -37.42063 -296.215 -194.508 -166.2771 
1786081114.543 0 0 -1.421085e-14 0 -10.55156 -37.42063 -296.215 -194.508 -166.2771 
1786081114.704 0 0 -1.421085e-14 0 -10.55156 -37.42063 -296.215 -194.508 -166.2771 
1786081114.862 0 0 -1.421085e-14 0 -10.55156 -37.42063 -296.215 -194.508 -166.2771 
1786081115.027 0 0 -1.421085e-14 0 -10.55156 -37.42063 -296.215 -194.508 -166.2771 
1786081115.194 0 0 -1.421085e-14 0 -10.55156 -37.42063 -296.215 -194.508 -166.2771 
1786081115.352 0 0 -1.421085e-14 0 -10.55156 -37.42063 -296.215 -194.508 -166.2771 
1786081115.510 0 0 -1.421085e-14 0 -10.55156 -37.42063 -296.215 -194.508 -166.2771 
1786081115.666 0 0 -1.421085e-14 0 -10.55156 -37.42063 -296.215 -194.508 -166.2771 
1786081115.824 0 0 -1.421085e-14 0 -10.55156 -37.42063 -296.215 -194.508 -166.2771 
1786081115.982 0 0 -1.421085e-14 0 -10.55156 -37.42063 -296.215 -194.508 -166.2771 
1786081116.139 0 0 -1.421085e-14 0 -10.55156 -37.42063 -296.215 -194.508 -166.2771 
1786081116.298 0 0 -1.421085e-14 0 -10.55156 -37.42063 -296.215 -194.508 -166.2771 
1786081116.456 0 0 -1.421085e-14 0 -10.55156 -37.42063 -296.215 -194.508 -166.2771 
1786081116.613 0 0 -1.421085e-14 0 -10.55156 -37.42063 -296.215 -194.508 -166.2771 
1786081116.771 0 0 -1.421085e-14 0 -10.55156 -37.42063 -296.215 -194.508 -166.2771 
1786081116.929 0 0 -1.421085e-14 0 -10.55156 -37.42063 -296.215 -194.508 -166.2771 
1786081117.095 0 0 -1.421085e-14 0 -10.55156 -37.42063 -296.215 -194.508 -166.2771 
1786081117.253 0 0 -1.421085e-14 0 -10.55156 -37.42063 -296.215 -194.508 -166.2771 
1786081117.412 0 0 -1.421085e-14 0 -10.55156 -37.42063 -296.215 -194.508 -166.2771 
1786081117.575 0 0 -1.421085e-14 0 -10.55156 -37.42063 -296.215 -194.508 -166.2771 
1786081117.735 0 0 -1.421085e-14 0 -10.55156 -37.42063 -296.215 -194.508 -166.2771 
1786081117.896 0 0 -1.421085e-14 0 -10.55156 -37.42063 -296.215 -194.508 -166.2771 
1786081118.057 0 0 -1.421085e-14 0 -10.55156 -37.42063 -296.215 -194.508 -166.2771 
1786081118.214 0 0 -1.421085e-14 0 -10.55156 -37.42063 -296.215 -194.508 -166.2771 
1786081118.385 0 0 -1.421085e-14 0 -10.55156 -37.42063 -296.215 -194.508 -166.2771 
1786081118.544 0 0 -1.421085e-14 0 -10.55156 -37.42063 -296.215 -194.508 -166.2771 
1786081118.703 0 0 -1.421085e-14 0 -10.55156 -37.42063 -296.215 -194.508 -166.2771 
1786081118.860 0 0 -1.421085e-14 0 -10.55156 -37.42063 -296.215 -194.508 -166.2771 
1786081119.018 0 0 -1.421085e-14 0 -10.55156 -37.42063 -296.215 -194.508 -166.2771 
1786081119.175 0 0 -1.421085e-14 0 -10.55156 -37.42063 -296.215 -194.508 -166.2771 
1786081119.332 0 0 -1.421085e-14 0 -10.55156 -37.42063 -296.215 -194.508 -166.2771 
1786081119.494 0 0 -1.421085e-14 0 -10.55156 -37.42063 -296.215 -194.508 -166.2771 
1786081119.652 0 0 -1.421085e-14 0 -10.55156 -37.42063 -296.215 -194.508 -166.2771 
1786081119.809 0 0 -1.421085e-14 0 -10.55156 -37.42063 -296.215 -194.508 -166.2771 
1786081119.967 0 0 -1.421085e-14 0 -10.55156 -37.42063 -296.215 -194.508 -166.2771 
1786081120.127 0 0 -1.421085e-14 0 -10.55156 -37.42063 -296.215 -194.508 -166.2771 
1786081120.286 0 0 -1.421085e-14 0 -10.55156 -37.42063 -296.215 -194.508 -166.2771 
1786081120.450 0 0 -1.421085e-14 0 -10.55156 -37.42063 -296.215 -194.508 -166.2771 
1786081120.609 0 0 -1.421085e-14 0 -10.55156 -37.42063 -296.215 -194.508 -166.2771 
1786081120.769 0 0 -1.421085e-14 0 -10.55156 -37.42063 -296.215 -194.508 -166.2771 
1786081120.926 0 0 -1.421085e-14 0 -10.55156 -37.42063 -296.215 -194.508 -166.2771 
1786081121.093 0 0 -1.421085e-14 0 -10.55156 -37.42063 -296.215 -194.508 -166.2771 
1786081121.252 0 0 -1.421085e-14 0 -10.55156 -37.42063 -296.215 -194.508 -166.2771 
1786081121.414 0 0 -1.421085e-14 0 -10.55156 -37.42063 -296.215 -194.508 -166.2771 
1786081121.574 0 0 -1.421085e-14 0 -10.55156 -37.42063 -296.215 -194.508 -166.2771 
1786081121.733 0 0 -1.421085e-14 0 -10.55156 -37.42063 -296.215 -194.508 -166.2771 
1786081121.892 0 0 -1.421085e-14 0 -10.55156 -37.42063 -296.215 -194.508 -166.2771 
1786081122.060 0 0 -1.421085e-14 0 -10.55156 -37.42063 -296.215 -194.508 -166.2771 
1786081122.221 0 0 -1.421085e-14 0 -10.55156 -37.42063 -296.215 -194.508 -166.2771 
1786081122.382 0 0 -1.421085e-14 0 -10.55156 -37.42063 -296.215 -194.508 -166.2771 
1786081122.542 0 0 -1.421085e-14 0 -10.55156 -37.42063 -296.215 -194.508 -166.2771 
1786081122.704 0 0 -1.421085e-14 0 -10.55156 -37.42063 -296.215 -194.508 -166.2771 
1786081122.862 0 0 -1.421085e-14 0 -10.55156 -37.42063 -296.215 -194.508 -166.2771 
1786081123.021 0 0 -1.421085e-14 0 -10.55156 -37.42063 -296.215 -194.508 -166.2771 
1786081123.179 0 0 -1.421085e-14 0 -10.55156 -37.42063 -296.215 -194.508 -166.2771 
1786081123.336 0 0 -1.421085e-14 0 -10.55156 -37.42063 -296.215 -194.508 -166.2771 
1786081123.495 0 0 -1.421085e-14 0 -10.55156 -37.42063 -296.215 -194.508 -166.2771 
1786081123.652 0 0 -1.421085e-14 0 -10.55156 -37.42063 -296.215 -194.508 -166.2771 
1786081123.809 0 0 -1.421085e-14 0 -10.55156 -37.42063 -296.215 -194.508 -166.2771 
1786081123.969 0 0 -1.421085e-14 0 -10.55156 -37.42063 -296.215 -194.508 -166.2771 
1786081124.131 0 0 -1.421085e-14 0 -10.55156 -37.42063 -296.215 -194.508 -166.2771 
1786081124.291 0 0 -1.421085e-14 0 -10.55156 -37.42063 -296.215 -194.508 -166.2771 
1786081124.454 0 0 -1.421085e-14 0 -10.55156 -37.42063 -296.215 -194.508 -166.2771 
1786081124.614 0 0 -1.421085e-14 0 -10.55156 -37.42063 -296.215 -194.508 -166.2771 
1786081124.776 0 0 -1.421085e-14 0 -10.55156 -37.42063 -296.215 -194.508 -166.2771 
1786081124.936 0 0 -1.421085e-14 0 -10.55156 -37.42063 -296.215 -194.508 -166.2771 
1786081125.095 0 0 -1.421085e-14 0 -10.55156 -37.42063 -296.215 -194.508 -166.2771 
1786081125.253 0 0 -1.421085e-14 0 -10.55156 -37.42063 -296.215 -194.508 -166.2771 
1786081125.411 0 0 -1.421085e-14 0 -10.55156 -37.42063 -296.215 -194.508 -166.2771 
1786081125.569 0 0 -1.421085e-14 0 -10.55156 -37.42063 -296.215 -194.508 -166.2771 
1786081125.729 0 0 -1.421085e-14 0 -10.55156 -37.42063 -296.215 -194.508 -166.2771 
1786081125.889 0 0 -1.421085e-14 0 -10.55156 -37.42063 -296.215 -194.508 -166.2771 
1786081126.049 0 0 -1.421085e-14 0 -10.55156 -37.42063 -296.215 -194.508 -166.2771 
1786081126.211 0 0 -1.421085e-14 0 -10.55156 -37.42063 -296.215 -194.508 -166.2771 
1786081126.389 0 0 -1.421085e-14 0 -10.55156 -37.42063 -296.215 -194.508 -166.2771 
1786081126.561 0 0 -1.421085e-14 0 -10.55156 -37.42063 -296.215 -194.508 -166.2771 
1786081126.721 0 0 -1.421085e-14 0 -10.55156 -37.42063 -296.215 -194.508 -166.2771 
1786081126.879 0 0 -1.421085e-14 0 -10.55156 -37.42063 -296.215 -194.508 -166.2771 
1786081127.039 0 0 -1.421085e-14 0 -10.55156 -37.42063 -296.215 -194.508 -166.2771 
1786081127.197 0 0 -1.421085e-14 0 -10.55156 -37.42063 -296.215 -194.508 -166.2771 
1786081127.354 0 0 -1.421085e-14 0 -10.55156 -37.42063 -296.215 -194.508 -166.2771 
1786081127.511 0 0 -1.421085e-14 0 -10.55156 -37.42063 -296.215 -194.508 -166.2771 
1786081127.668 0 0 -1.421085e-14 0 -10.55156 -37.42063 -296.215 -194.508 -166.2771 
1786081127.826 0 0 -1.421085e-14 0 -10.55156 -37.42063 -296.215 -194.508 -166.2771 
1786081127.988 0 0 -1.421085e-14 0 -10.55156 -37.42063 -296.215 -194.508 -166.2771 
1786081128.147 0 0 -1.421085e-14 0 -10.55156 -37.42063 -296.215 -194.508 -166.2771 
1786081128.306 0 0 -1.421085e-14 0 -10.55156 -37.42063 -296.215 -194.508 -166.2771 
1786081128.465 0 0 -1.421085e-14 0 -10.55156 -37.42063 -296.215 -194.508 -166.2771 
1786081128.626 0 0 -1.421085e-14 0 -10.55156 -37.42063 -296.215 -194.508 -166.2771 
1786081128.784 0 0 -1.421085e-14 0 -10.55156 -37.42063 -296.215 -194.508 -166.2771 
1786081128.942 0 0 -1.421085e-14 0 -10.55156 -37.42063 -296.215 -194.508 -166.2771 
1786081129.104 0 0 -1.421085e-14 0 -10.55156 -37.42063 -296.215 -194.508 -166.2771 
1786081129.268 0 0 -1.421085e-14 0 -10.55156 -37.42063 -296.215 -194.508 -166.2771 
1786081129.425 0 0 -1.421085e-14 0 -10.55156 -37.42063 -296.215 -194.508 -166.2771 
1786081129.590 0 0 -1.421085e-14 0 -10.55156 -37.42063 -296.215 -194.508 -166.2771 
1786081129.748 0 0 -1.421085e-14 0 -10.55156 -37.42063 -296.215 -194.508 -166.2771 
1786081129.909 0 0 -1.421085e-14 0 -10.55156 -37.42063 -296.215 -194.508 -166.2771 
1786081130.068 0 0 -1.421085e-14 0 -10.55156 -37.42063 -296.215 -194.508 -166.2771 
1786081130.225 0 0 -1.421085e-14 0 -10.55156 -37.42063 -296.215 -194.508 -166.2771 
1786081130.383 0 0 -1.421085e-14 0 -10.55156 -37.42063 -296.215 -194.508 -166.2771 
1786081130.540 0 0 -1.421085e-14 0 -10.55156 -37.42063 -296.215 -194.508 -166.2771 
1786081130.697 0 0 -1.421085e-14 0 -10.55156 -37.42063 -296.215 -194.508 -166.2771 
1786081130.856 0 0 -1.421085e-14 0 -10.55156 -37.42063 -296.215 -194.508 -166.2771 
1786081131.013 0 0 -1.421085e-14 0 -10.55156 -37.42063 -296.215 -194.508 -166.2771 
1786081131.173 0 0 -1.421085e-14 0 -10.55156 -37.42063 -296.215 -194.508 -166.2771 
1786081131.361 0 0 -1.421085e-14 0 -10.55156 -37.42063 -296.215 -194.508 -166.2771 
1786081131.535 0 0 -1.421085e-14 0 -10.55156 -37.42063 -296.215 -194.508 -166.2771 
1786081131.707 0 0 -1.421085e-14 0 -10.55156 -37.42063 -296.215 -194.508 -166.2771 
1786081131.874 0 0 -1.421085e-14 0 -10.55156 -37.42063 -296.215 -194.508 -166.2771 
1786081132.048 0 0 -1.421085e-14 0 -10.55156 -37.42063 -296.215 -194.508 -166.2771 
1786081132.234 0 0 -1.421085e-14 0 -10.55156 -37.42063 -296.215 -194.508 -166.2771 
1786081132.398 0 0 -1.421085e-14 0 -10.55156 -37.42063 -296.215 -194.508 -166.2771 
1786081132.559 0 0 -1.421085e-14 0 -10.55156 -37.42063 -296.215 -194.508 -166.2771 
1786081132.720 0 0 -1.421085e-14 0 -10.55156 -37.42063 -296.215 -194.508 -166.2771 
1786081132.878 0 0 -1.421085e-14 0 -10.55156 -37.42063 -296.215 -194.508 -166.2771 
1786081133.037 0 0 -1.421085e-14 0 -10.55156 -37.42063 -296.215 -194.508 -166.2771 
1786081133.198 0 0 -1.421085e-14 0 -10.55156 -37.42063 -296.215 -194.508 -166.2771 
1786081133.360 0 0 -1.421085e-14 0 -10.55156 -37.42063 -296.215 -194.508 -166.2771 
1786081133.519 0 0 -1.421085e-14 0 -10.55156 -37.42063 -296.215 -194.508 -166.2771 
1786081133.676 0 0 -1.421085e-14 0 -10.55156 -37.42063 -296.215 -194.508 -166.2771 
1786081133.835 0 0 -1.421085e-14 0 -10.55156 -37.42063 -296.215 -194.508 -166.2771 
1786081133.992 0 0 -1.421085e-14 0 -10.55156 -37.42063 -296.215 -194.508 -166.2771 
1786081134.149 0 0 -1.421085e-14 0 -10.55156 -37.42063 -296.215 -194.508 -166.2771 
1786081134.307 0 0 -1.421085e-14 0 -10.55156 -37.42063 -296.215 -194.508 -166.2771 
1786081134.465 -0.015 -0.008 -0.003809998 -0.015 -10.55156 -37.42063 -296.2 -194.5 -166.2733 
1786081134.628 -0.045 -0.052 -0.02539999 -0.05 -10.55156 -37.42063 -296.17 -194.456 -166.2517 
1786081134.786 -0.045 -0.052 -0.02539999 -0.045 -10.55156 -37.42063 -296.17 -194.456 -166.2517 
1786081134.944 -0.04 -0.052 -0.02412999 -0.045 -10.55156 -37.42063 -296.175 -194.456 -166.253 
1786081135.104 -0.04 -0.048 -0.02158999 -0.04 -10.55156 -37.42063 -296.175 -194.46 -166.2555 
1786081135.268 -0.035 -0.044 -0.02031999 -0.04 -10.55156 -37.42063 -296.18 -194.464 -166.2568 
1786081135.430 -0.035 -0.044 -0.02031999 -0.04 -10.55156 -37.42063 -296.18 -194.464 -166.2568 
1786081135.588 -0.035 -0.044 -0.02031999 -0.035 -10.55156 -37.42063 -296.18 -194.464 -166.2568 
1786081135.745 -0.035 -0.04 -0.01904999 -0.035 -10.55156 -37.42063 -296.18 -194.468 -166.2581 
1786081135.902 -0.035 -0.04 -0.01904999 -0.035 -10.55156 -37.42063 -296.18 -194.468 -166.2581 
1786081136.061 -0.035 -0.04 -0.01904999 -0.035 -10.55156 -37.42063 -296.18 -194.468 -166.2581 
1786081136.219 -0.035 -0.036 -0.01777999 -0.03 -10.55156 -37.42063 -296.18 -194.472 -166.2594 
1786081136.379 -0.03 -0.036 -0.01777999 -0.035 -10.55156 -37.42063 -296.185 -194.472 -166.2594 
1786081136.554 -0.03 -0.032 -0.01650999 -0.03 -10.55156 -37.42063 -296.185 -194.476 -166.2606 
1786081136.714 -0.03 -0.036 -0.01650999 -0.03 -10.55156 -37.42063 -296.185 -194.472 -166.2606 
1786081136.873 -0.025 -0.032 -0.01523999 -0.03 -10.55156 -37.42063 -296.19 -194.476 -166.2619 
1786081137.030 -0.03 -0.032 -0.01523999 -0.03 -10.55156 -37.42063 -296.185 -194.476 -166.2619 
1786081137.191 -0.025 -0.028 -0.01396999 -0.025 -10.55156 -37.42063 -296.19 -194.48 -166.2632 
1786081137.352 -0.025 -0.028 -0.01523999 -0.025 -10.55156 -37.42063 -296.19 -194.48 -166.2619 
1786081137.510 0.005 -0.004 -0.001269999 0 -10.55156 -37.42063 -296.22 -194.504 -166.2759 
1786081137.673 0.025 0.028 0.01650999 0.025 -10.55156 -37.42063 -296.24 -194.536 -166.2936 
1786081137.844 0.03 0.032 0.01777999 0.03 -10.55156 -37.42063 -296.245 -194.54 -166.2949 
1786081138.002 0.03 0.028 0.01650999 0.025 -10.55156 -37.42063 -296.245 -194.536 -166.2936 
1786081138.159 0.03 0.028 0.01650999 0.03 -10.55156 -37.42063 -296.245 -194.536 -166.2936 
1786081138.322 0.025 0.024 0.01523999 0.025 -10.55156 -37.42063 -296.24 -194.532 -166.2924 
1786081138.485 0.025 0.024 0.01396999 0.025 -10.55156 -37.42063 -296.24 -194.532 -166.2911 
1786081138.649 0.025 0.024 0.01396999 0.025 -10.55156 -37.42063 -296.24 -194.532 -166.2911 
1786081138.815 0.02 0.024 0.01396999 0.025 -10.55156 -37.42063 -296.235 -194.532 -166.2911 
1786081138.979 0.025 0.024 0.01396999 0.025 -10.55156 -37.42063 -296.24 -194.532 -166.2911 
1786081139.139 0.02 0.024 0.01269999 0.025 -10.55156 -37.42063 -296.235 -194.532 -166.2898 
1786081139.298 0.02 0.024 0.01269999 0.02 -10.55156 -37.42063 -296.235 -194.532 -166.2898 
1786081139.460 0.02 0.024 0.01269999 0.025 -10.55156 -37.42063 -296.235 -194.532 -166.2898 
1786081139.620 0.02 0.024 0.01142999 0.02 -10.55156 -37.42063 -296.235 -194.532 -166.2886 
1786081139.804 0.02 0.024 0.01269999 0.02 -10.55156 -37.42063 -296.235 -194.532 -166.2898 
1786081139.986 0.02 0.024 0.01142999 0.02 -10.55156 -37.42063 -296.235 -194.532 -166.2886 
1786081140.154 0.02 0.02 0.01015999 0.015 -10.55156 -37.42063 -296.23 -194.528 -166.2873 
1786081140.319 0.015 0.016 0.008889995 0.015 -10.55156 -37.42063 -296.23 -194.524 -166.286 
1786081140.481 0.015 0.016 0.008889995 0.015 -10.55156 -37.42063 -296.23 -194.524 -166.286 
1786081140.641 0.015 0.016 0.008889995 0.015 -10.55156 -37.42063 -296.23 -194.524 -166.286 
1786081140.800 0.015 0.016 0.008889995 0.015 -10.55156 -37.42063 -296.23 -194.524 -166.286 
1786081140.958 0.015 0.016 0.008889995 0.015 -10.55156 -37.42063 -296.23 -194.524 -166.286 
1786081141.121 0.015 0.016 0.008889995 0.015 -10.55156 -37.42063 -296.23 -194.524 -166.286 
1786081141.279 0.015 0.02 0.008889995 0.015 -10.55156 -37.42063 -296.23 -194.528 -166.286 
1786081141.437 0.015 0.016 0.007619996 0.01 -10.55156 -37.42063 -296.23 -194.524 -166.2848 
1786081141.596 0.015 0.016 0.008889995 0.015 -10.55156 -37.42063 -296.23 -194.524 -166.286 
1786081141.754 0.015 0.016 0.008889995 0.01 -10.55156 -37.42063 -296.23 -194.524 -166.286 
1786081141.915 0.015 0.016 0.008889995 0.015 -10.55156 -37.42063 -296.23 -194.524 -166.286 
1786081142.075 0.015 0.016 0.008889995 0.015 -10.55156 -37.42063 -296.23 -194.524 -166.286 
1786081142.233 0.015 0.016 0.01015999 0.015 -10.55156 -37.42063 -296.23 -194.524 -166.2873 
1786081142.391 0.01 0.012 0.01015999 0.015 -10.55156 -37.42063 -296.225 -194.52 -166.2873 
1786081142.551 0.01 0.012 0.01015999 0.015 -10.55156 -37.42063 -296.225 -194.52 -166.2873 
1786081142.709 0.01 0.012 0.008889995 0.015 -10.55156 -37.42063 -296.225 -194.52 -166.286 
1786081142.866 0.01 0.012 0.008889995 0.01 -10.55156 -37.42063 -296.225 -194.52 -166.286 
1786081143.024 0.01 0.012 0.007619996 0.01 -10.55156 -37.42063 -296.225 -194.52 -166.2848 
1786081143.184 0.01 0.012 0.007619996 0.01 -10.55156 -37.42063 -296.225 -194.52 -166.2848 
1786081143.343 0.01 0.012 0.007619996 0.015 -10.55156 -37.42063 -296.225 -194.52 -166.2848 
1786081143.501 0.01 0.012 0.007619996 0.01 -10.55156 -37.42063 -296.225 -194.52 -166.2848 
1786081143.658 0.01 0.012 0.007619996 0.015 -10.55156 -37.42063 -296.225 -194.52 -166.2848 
1786081143.818 0.01 0.012 0.007619996 0.01 -10.55156 -37.42063 -296.225 -194.52 -166.2848 
1786081143.977 0.01 0.012 0.008889995 0.015 -10.55156 -37.42063 -296.225 -194.52 -166.286 
1786081144.139 0.01 0.012 0.007619996 0.01 -10.55156 -37.42063 -296.225 -194.52 -166.2848 
1786081144.300 0.005 0.008 0.007619996 0.01 -10.55156 -37.42063 -296.22 -194.516 -166.2848 
1786081144.460 0.01 0.012 0.007619996 0.01 -10.55156 -37.42063 -296.225 -194.52 -166.2848 
1786081144.620 0.01 0.012 0.006349997 0.01 -10.55156 -37.42063 -296.225 -194.52 -166.2835 
1786081144.780 0.01 0.008 0.007619996 0.01 -10.55156 -37.42063 -296.225 -194.516 -166.2848 
1786081144.939 0.01 0.008 0.007619996 0.01 -10.55156 -37.42063 -296.225 -194.516 -166.2848 
1786081145.099 0.005 0.008 0.007619996 0.01 -10.55156 -37.42063 -296.22 -194.516 -166.2848 
1786081145.258 0.005 0.008 0.006349997 0.005 -10.55156 -37.42063 -296.22 -194.516 -166.2835 
1786081145.418 0.005 0.008 0.007619996 0.01 -10.55156 -37.42063 -296.22 -194.516 -166.2848 
1786081145.577 0.01 0.008 0.006349997 0.01 -10.55156 -37.42063 -296.225 -194.516 -166.2835 
1786081145.736 0.01 0.008 0.006349997 0.01 -10.55156 -37.42063 -296.225 -194.516 -166.2835 
1786081145.895 0.01 0.008 0.006349997 0.01 -10.55156 -37.42063 -296.225 -194.516 -166.2835 
1786081146.055 0.01 0.008 0.006349997 0.01 -10.55156 -37.42063 -296.225 -194.516 -166.2835 
1786081146.220 0.01 0.008 0.006349997 0.01 -10.55156 -37.42063 -296.225 -194.516 -166.2835 
1786081146.385 0.005 0.008 0.006349997 0.01 -10.55156 -37.42063 -296.22 -194.516 -166.2835 
1786081146.543 0.005 0.008 0.006349997 0.01 -10.55156 -37.42063 -296.225 -194.516 -166.2835 
1786081146.703 0.005 0.008 0.006349997 0.005 -10.55156 -37.42063 -296.22 -194.516 -166.2835 
1786081146.863 0.005 0.008 0.006349997 0.01 -10.55156 -37.42063 -296.22 -194.516 -166.2835 
1786081147.023 0.005 0.008 0.006349997 0.005 -10.55156 -37.42063 -296.22 -194.516 -166.2835 
1786081147.184 0.005 0.004 0.005079997 0.005 -10.55156 -37.42063 -296.22 -194.512 -166.2822 
1786081147.342 0.005 0.004 0.005079997 0.005 -10.55156 -37.42063 -296.22 -194.512 -166.2822 
1786081147.504 0.005 0.008 0.005079997 0.005 -10.55156 -37.42063 -296.22 -194.516 -166.2822 
1786081147.666 0.005 0.004 0.005079997 0.005 -10.55156 -37.42063 -296.22 -194.512 -166.2822 
1786081147.830 0.01 0.008 0.006349997 0.01 -10.55156 -37.42063 -296.225 -194.516 -166.2835 
1786081147.995 0.005 0.004 0.005079997 0.005 -10.55156 -37.42063 -296.22 -194.512 -166.2822 
1786081148.156 0.01 0.008 0.005079997 0.005 -10.55156 -37.42063 -296.225 -194.516 -166.2822 
1786081148.313 0.01 0.008 0.006349997 0.01 -10.55156 -37.42063 -296.225 -194.516 -166.2835 
1786081148.471 0.01 0.008 0.005079997 0.005 -10.55156 -37.42063 -296.225 -194.516 -166.2822 
1786081148.633 0.005 0.008 0.006349997 0.005 -10.55156 -37.42063 -296.22 -194.516 -166.2835 
1786081148.790 0.005 0.004 0.005079997 0.005 -10.55156 -37.42063 -296.22 -194.512 -166.2822 
1786081148.950 0.005 0.004 0.006349997 0.01 -10.55156 -37.42063 -296.22 -194.512 -166.2835 
1786081149.108 0.005 0.004 0.005079997 0.005 -10.55156 -37.42063 -296.22 -194.512 -166.2822 
1786081149.266 0.005 0.004 0.006349997 0.005 -10.55156 -37.42063 -296.22 -194.512 -166.2835 
1786081149.426 0.005 0.004 0.005079997 0.005 -10.55156 -37.42063 -296.22 -194.512 -166.2822 
1786081149.584 0.005 0.004 0.005079997 0.005 -10.55156 -37.42063 -296.22 -194.512 -166.2822 
1786081149.746 0.005 0.004 0.006349997 0.005 -10.55156 -37.42063 -296.22 -194.512 -166.2835 
1786081149.903 0.005 0.008 0.006349997 0.005 -10.55156 -37.42063 -296.22 -194.516 -166.2835 
1786081150.063 0.01 0.008 0.006349997 0.01 -10.55156 -37.42063 -296.225 -194.516 -166.2835 
1786081150.224 0.01 0.008 0.006349997 0.005 -10.55156 -37.42063 -296.22 -194.516 -166.2822 
1786081150.381 0.005 0.008 0.006349997 0.005 -10.55156 -37.42063 -296.22 -194.512 -166.2835 
1786081150.540 0.005 0.008 0.005079997 0.005 -10.55156 -37.42063 -296.22 -194.516 -166.2822 
1786081150.698 0.005 0.008 0.006349997 0.005 -10.55156 -37.42063 -296.22 -194.516 -166.2835 
1786081150.859 0.005 0.004 0.005079997 0.005 -10.55156 -37.42063 -296.22 -194.512 -166.2822 
1786081151.017 0.005 0.004 0.005079997 0.01 -10.55156 -37.42063 -296.22 -194.512 -166.2822 
1786081151.177 0.005 0.004 0.005079997 0.005 -10.55156 -37.42063 -296.22 -194.512 -166.2822 
1786081151.338 0.005 0.004 0.005079997 0.005 -10.55156 -37.42063 -296.22 -194.512 -166.2822 
1786081151.497 0.01 0.008 0.005079997 0.01 -10.55156 -37.42063 -296.225 -194.516 -166.2822 
1786081151.656 0.005 0.008 0.005079997 0.005 -10.55156 -37.42063 -296.22 -194.516 -166.2822 
1786081151.815 0.005 0.004 0.006349997 0.01 -10.55156 -37.42063 -296.22 -194.512 -166.2835 
1786081151.977 0.005 0.004 0.005079997 0.005 -10.55156 -37.42063 -296.22 -194.512 -166.2822 
1786081152.137 0.005 0.004 0.005079997 0.005 -10.55156 -37.42063 -296.22 -194.512 -166.2822 
1786081152.298 0.01 0.008 0.006349997 0.005 -10.55156 -37.42063 -296.225 -194.516 -166.2835 
1786081152.459 0.005 0.004 0.005079997 0.005 -10.55156 -37.42063 -296.22 -194.512 -166.2822 
1786081152.619 0.005 0.004 0.005079997 0.005 -10.55156 -37.42063 -296.22 -194.512 -166.2822 
1786081152.779 0.005 0.004 0.005079997 0.01 -10.55156 -37.42063 -296.22 -194.512 -166.2822 
1786081152.937 0.005 0.004 0.005079997 0.005 -10.55156 -37.42063 -296.22 -194.512 -166.2822 
1786081153.100 0.005 0.008 0.006349997 0.005 -10.55156 -37.42063 -296.22 -194.516 -166.2835 
1786081153.258 0.005 0.008 0.005079997 0.005 -10.55156 -37.42063 -296.22 -194.516 -166.2822 
1786081153.424 0.005 0.004 0.005079997 0.005 -10.55156 -37.42063 -296.22 -194.516 -166.2835 
1786081153.583 0.005 0.004 0.005079997 0.005 -10.55156 -37.42063 -296.22 -194.512 -166.2822 
1786081153.740 0.01 0.008 0.005079997 0.005 -10.55156 -37.42063 -296.225 -194.516 -166.2822 
1786081153.900 0.005 0.008 0.005079997 0.005 -10.55156 -37.42063 -296.22 -194.516 -166.2822 
1786081154.059 0.005 0.004 0.005079997 0.005 -10.55156 -37.42063 -296.22 -194.512 -166.2822 
1786081154.221 0.005 0.004 0.005079997 0.005 -10.55156 -37.42063 -296.22 -194.512 -166.2822 
1786081154.381 0.005 0.008 0.006349997 0.01 -10.55156 -37.42063 -296.22 -194.516 -166.2835 
1786081154.540 0.005 0.008 0.005079997 0.005 -10.55156 -37.42063 -296.22 -194.516 -166.2822 
1786081154.700 0.005 0.008 0.005079997 0.005 -10.55156 -37.42063 -296.22 -194.512 -166.2822 
1786081154.864 0.005 0.004 0.005079997 0.005 -10.55156 -37.42063 -296.22 -194.512 -166.2822 
1786081155.024 0.005 0.008 0.005079997 0.005 -10.55156 -37.42063 -296.22 -194.516 -166.2822 
1786081155.182 0 0 7.105427e-15 0 -10.55156 -37.42063 -296.215 -194.516 -166.2797 
1786081155.347 0 0 7.105427e-15 0 -10.55156 -37.42063 -296.215 -194.516 -166.2797 
1786081155.505 0 0 7.105427e-15 0 -10.55156 -37.42063 -296.215 -194.516 -166.2797 
1786081155.662 0 0 7.105427e-15 0 -10.55156 -37.42063 -296.215 -194.516 -166.2797 
1786081155.820 0 0 7.105427e-15 0 -10.55156 -37.42063 -296.215 -194.516 -166.2797 
1786081155.977 0 0 7.105427e-15 0 -10.55156 -37.42063 -296.215 -194.516 -166.2797 
1786081156.135 0 0 7.105427e-15 0 -10.55156 -37.42063 -296.215 -194.516 -166.2797 
1786081156.293 0 0 7.105427e-15 0 -10.55156 -37.42063 -296.215 -194.516 -166.2797 
1786081156.451 0 0 7.105427e-15 0 -10.55156 -37.42063 -296.215 -194.516 -166.2797 
1786081156.612 0 0 7.105427e-15 0 -10.55156 -37.42063 -296.215 -194.516 -166.2797 
1786081156.771 0 0 7.105427e-15 0 -10.55156 -37.42063 -296.215 -194.516 -166.2797 
1786081156.931 0 0 7.105427e-15 0 -10.55156 -37.42063 -296.215 -194.516 -166.2797 
1786081157.090 0 0 7.105427e-15 0 -10.55156 -37.42063 -296.215 -194.516 -166.2797 
1786081157.253 0 0 7.105427e-15 0 -10.55156 -37.42063 -296.215 -194.516 -166.2797 
1786081157.412 0 0 7.105427e-15 0 -10.55156 -37.42063 -296.215 -194.516 -166.2797 
1786081157.569 0 0 7.105427e-15 0 -10.55156 -37.42063 -296.215 -194.516 -166.2797 
1786081157.730 0 0 7.105427e-15 0 -10.55156 -37.42063 -296.215 -194.516 -166.2797 
1786081157.889 0 0 7.105427e-15 0 -10.55156 -37.42063 -296.215 -194.516 -166.2797 
1786081158.047 0 0 7.105427e-15 0 -10.55156 -37.42063 -296.215 -194.516 -166.2797 
1786081158.208 -0.045 -0.084 -0.02666999 -0.035 -10.55156 -37.42063 -296.17 -194.432 -166.253 
1786081158.368 -0.045 -0.056 -0.02539999 -0.05 -10.55156 -37.42063 -296.17 -194.46 -166.2543 
1786081158.528 -0.045 -0.052 -0.02412999 -0.05 -10.55156 -37.42063 -296.17 -194.464 -166.2555 
1786081158.690 -0.045 -0.048 -0.02412999 -0.045 -10.55156 -37.42063 -296.17 -194.468 -166.2555 
1786081158.853 -0.04 -0.048 -0.02285999 -0.045 -10.55156 -37.42063 -296.175 -194.468 -166.2568 
1786081159.011 -0.04 -0.048 -0.02158999 -0.04 -10.55156 -37.42063 -296.175 -194.468 -166.2581 
1786081159.181 -0.04 -0.044 -0.02158999 -0.04 -10.55156 -37.42063 -296.175 -194.472 -166.2581 
1786081159.342 -0.035 -0.044 -0.02158999 -0.04 -10.55156 -37.42063 -296.18 -194.472 -166.2581 
1786081159.500 -0.035 -0.04 -0.02031999 -0.04 -10.55156 -37.42063 -296.18 -194.476 -166.2594 
1786081159.663 -0.035 -0.04 -0.01904999 -0.035 -10.55156 -37.42063 -296.18 -194.476 -166.2606 
1786081159.829 -0.03 -0.036 -0.01904999 -0.035 -10.55156 -37.42063 -296.185 -194.48 -166.2606 
1786081159.989 -0.035 -0.036 -0.01777999 -0.035 -10.55156 -37.42063 -296.18 -194.48 -166.2619 
1786081160.153 -0.03 -0.036 -0.01777999 -0.035 -10.55156 -37.42063 -296.185 -194.48 -166.2619 
1786081160.352 0.001 -0.028 -0.01523999 -0.001 -10.55156 -37.42063 -294.245 -194.488 -166.2644 
1786081160.574 0.005 -0.028 -0.01396999 -0.006 -10.55156 -37.42063 -283.58 -194.488 -166.2644 
1786081160.777 -0.021 -0.028 -0.01523999 -0.022 -10.55156 -37.42063 -270.31 -194.488 -166.2644 
1786081160.952 -0.024 -0.028 -0.01523999 -0.024 -10.55156 -37.42063 -258.335 -194.488 -166.2644 
1786081161.112 -0.026 -0.028 -0.01396999 -0.021 -10.55156 -37.42063 -247.965 -194.488 -166.2657 
1786081161.277 0.02 0.016 0.007619996 0.02 -10.55156 -37.42063 -237.515 -194.532 -166.2873 
1786081161.437 0.03 0.032 0.01777999 0.03 -10.55156 -37.42063 -227.285 -194.548 -166.2975 
1786081161.598 0.029 0.036 0.01777999 0.034 -10.55156 -37.42063 -216.98 -194.552 -166.2975 
1786081161.757 0.029 0.032 0.01650999 0.034 -10.55156 -37.42063 -206.74 -194.548 -166.2962 
1786081161.916 0.031 0.032 0.01650999 0.035 -10.55156 -37.42063 -196.565 -194.548 -166.2962 
1786081162.074 0.028 0.032 0.01650999 0.032 -10.55156 -37.42063 -186.455 -194.548 -166.2962 
1786081162.231 0.025 0.028 0.01523999 0.03 -10.55156 -37.42063 -176.4 -194.544 -166.2949 
1786081162.388 0.028 0.028 0.01396999 0.028 -10.55156 -37.42063 -166.355 -194.544 -166.2936 
1786081162.545 0.026 0.028 0.01396999 0.031 -10.55156 -37.42063 -156.24 -194.544 -166.2936 
1786081162.703 0.028 0.028 0.01396999 0.028 -10.55156 -37.42063 -146.195 -194.544 -166.2936 
1786081162.862 0.024 0.024 0.01396999 0.029 -10.55156 -37.42063 -136.015 -194.54 -166.2936 
1786081163.019 0.022 0.024 0.01396999 0.027 -10.55156 -37.42063 -125.965 -194.54 -166.2936 
1786081163.178 0.005 0.024 0.01269999 0.01 -10.55156 -37.42063 -115.97 -194.54 -166.2924 
1786081163.341 -0.006 0.024 0.01269999 -0.011 -10.55156 -37.42063 -109.68 -194.54 -166.2924 
1786081163.501 -5.115908e-12 0.024 0.01269999 -5.115908e-12 -10.55156 -37.42063 -108.375 -194.54 -166.2924 
1786081163.659 0.037 0.024 0.01396999 0.042 -10.55156 -37.42063 -107.32 -194.54 -166.2936 
1786081163.816 0.0506 0.024 0.01396999 0.0506 -10.55156 -37.42063 -101.535 -194.54 -166.2936 
1786081163.976 0.026 0.024 0.01142999 0.031 -10.55156 -37.42063 -91.665 -194.54 -166.2911 
1786081164.134 0.018 0.024 0.01142999 0.022 -10.55156 -37.42063 -81.48 -194.54 -166.2911 
1786081164.292 0.019 0.02 0.01142999 0.024 -10.55156 -37.42063 -71.37 -194.536 -166.2911 
1786081164.452 0.019 0.02 0.01142999 0.019 -10.55156 -37.42063 -61.13 -194.536 -166.2911 
1786081164.609 0.017 0.02 0.01142999 0.022 -10.55156 -37.42063 -51.08 -194.536 -166.2911 
1786081164.770 0.017 0.016 0.01142999 0.017 -10.55156 -37.42063 -40.84 -194.532 -166.2911 
1786081164.927 0.018 0.016 0.01142999 0.023 -10.55156 -37.42063 -30.665 -194.532 -166.2911 
1786081165.088 0.019 0.02 0.01142999 0.019 -10.55156 -37.42063 -20.425 -194.536 -166.2911 
1786081165.245 0.021 0.016 0.01015999 0.021 -10.55156 -37.42063 -10.38 -194.532 -166.2898 
1786081165.407 0.016 0.016 0.01015999 0.015 -10.55156 -37.42063 -0.07 -194.532 -166.2898 
1786081165.571 -0.008 0.016 0.008889995 -0.008 -10.55156 -37.42063 9.5 -194.532 -166.2886 
1786081165.729 -0.0212 0.012 0.008889995 -0.0212 -10.55156 -37.42063 14.585 -194.528 -166.2886 
1786081165.890 -0.007 0.016 0.008889995 -0.007 -10.55156 -37.42063 15.235 -194.532 -166.2886 
1786081166.051 -0.026 0.016 0.01015999 -0.0212 -10.55156 -37.42063 13.28 -194.532 -166.2898 
1786081166.211 -0.017 0.016 0.01015999 -0.0272 -10.55156 -37.42063 6.275 -194.532 -166.2898 
1786081166.370 0.0322 0.012 0.008889995 0.027 -10.55156 -37.42063 -2.19 -194.528 -166.2886 
1786081166.529 0.0296 0.012 0.007619996 0.0344 -10.55156 -37.42063 -5.59 -194.528 -166.2873 
1786081166.689 0.009 0.0372 0.008889995 0.0088 -10.55156 -37.42063 -5.645 -194.472 -166.2886 
1786081166.851 0.009 0.071 0.008889995 0.0088 -10.55156 -37.42063 -5.645 -190.996 -166.2886 
1786081167.010 0.009 0.056 0.007619996 0.0088 -10.55156 -37.42063 -5.645 -182.444 -166.2873 
1786081167.168 0.009 0.02 0.007619996 0.0088 -10.55156 -37.42063 -5.645 -172.296 -166.2873 
1786081167.330 0.004 0.016 0.007619996 0.0088 -10.55156 -37.42063 -5.64 -161.92 -166.2873 
1786081167.488 0.004 0.02 0.007619996 0.0088 -10.55156 -37.42063 -5.64 -151.816 -166.2873 
1786081167.647 0.004 0.016 0.007619996 0.0088 -10.55156 -37.42063 -5.64 -141.636 -166.2873 
1786081167.808 0.004 0.012 0.006349997 0.0088 -10.55156 -37.42063 -5.64 -131.392 -166.286 
1786081167.972 0.004 0.016 0.006349997 0.0038 -10.55156 -37.42063 -5.64 -121.028 -166.286 
1786081168.132 0.004 0.016 0.007619996 0.0088 -10.55156 -37.42063 -5.64 -110.596 -166.2873 
1786081168.291 0.004 0.012 0.006349997 0.0088 -10.55156 -37.42063 -5.64 -100.416 -166.286 
1786081168.451 0.004 0.016 0.007619996 0.0088 -10.55156 -37.42063 -5.64 -90.244 -166.2873 
1786081168.610 0.009 0.012 0.006349997 0.0038 -10.55156 -37.42063 -5.645 -80 -166.286 
1786081168.770 0.004 0.012 0.006349997 0.0038 -10.55156 -37.42063 -5.64 -69.824 -166.286 
1786081168.930 0.009 0.016 0.006349997 0.0088 -10.55156 -37.42063 -5.645 -59.524 -166.286 
1786081169.089 0.004 0.008 0.006349997 0.0088 -10.55156 -37.42063 -5.64 -49.34 -166.286 
1786081169.248 0.004 0.016 0.006349997 0.0088 -10.55156 -37.42063 -5.64 -39.172 -166.286 
1786081169.405 0.004 0.012 0.006349997 0.0038 -10.55156 -37.42063 -5.64 -29.12 -166.286 
1786081169.565 0.004 0.008 0.006349997 0.0088 -10.55156 -37.42063 -5.64 -18.876 -166.286 
1786081169.727 0.004 -0.0516 0.006349997 0.0038 -10.55156 -37.42063 -5.64 -10.204 -166.286 
1786081169.888 0.004 -0.0676 0.005079997 0.0038 -10.55156 -37.42063 -5.64 -6.748 -166.2848 
1786081170.054 0.004 0.0206 0.006349997 0.0038 -10.55156 -37.42063 -5.64 -6.62 -166.286 
1786081170.243 0.004 0.064 0.006349997 0.0038 -10.55156 -37.42063 -5.64 -1.764 -166.286 
1786081170.428 0.004 -0.012 0.006349997 0.0088 -10.55156 -37.42063 -5.64 8.324 -166.286 
1786081170.604 -0.001 -0.0652 0.006349997 0.0088 -10.55156 -37.42063 -5.635 14.64 -166.286 
1786081170.771 -0.006 -0.024 0.006349997 0.0038 -10.55156 -37.42063 -5.63 15.28 -166.286 
1786081170.931 -0.006 -0.0692 0.005079997 0.0038 -10.55156 -37.42063 -5.63 13.12 -166.2848 
1786081171.098 -0.006 -0.0752 0.005079997 0.0038 -10.55156 -37.42063 -5.63 5.628 -166.2848 
1786081171.262 -0.006 0.0392 0.006349997 0.0038 -10.55156 -37.42063 -5.63 -2.872 -166.286 
1786081171.423 -0.001 0.0576 0.005079997 0.0038 -10.55156 -37.42063 -5.635 -5.728 -166.2848 
1786081171.585 -0.001 0.01417 0.006349997 0.0088 -10.55156 -37.42063 -5.635 -5.604 -166.286 
1786081171.745 0.004 0.004062 0.005079997 0.0038 -10.55156 -37.42063 -5.64 -5.324 -166.2848 
1786081171.908 0.004 0.001954 0.005079997 0.0038 -10.55156 -37.42063 -5.64 -5.052 -166.2848 
1786081172.070 0.004 0.00218 0.005079997 0.0038 -10.55156 -37.42063 -5.64 -4.78 -166.2848 
1786081172.230 0.004 -0.005594 0.003809998 -0.0012 -10.55156 -37.42063 -5.64 -4.508 -166.2835 
1786081172.390 0.004 -0.007034 0.002539999 -0.0012 -10.55156 -37.42063 -5.64 -4.24 -166.2822 
1786081172.547 0.004 -0.003806 0.001269999 -0.0062 -10.55156 -37.42063 -5.64 -3.98 -166.2809 
1786081172.707 0.004 -0.005246 7.105427e-15 -0.0062 -10.55156 -37.42063 -5.64 -3.712 -166.2797 
1786081172.864 0.004 -0.003684 -0.001269999 -0.0012 -10.55156 -37.42063 -5.64 -3.448 -166.2784 
1786081173.025 0.004 -0.003458 -0.001269999 -0.0062 -10.55156 -37.42063 -5.64 -3.184 -166.2784 
1786081173.184 0.004 -0.006564 0.03627019 -0.0012 -10.55156 -37.42063 -5.64 -2.916 -165.9253 
1786081173.356 0.004 -0.00501 0.05441286 -0.0012 -10.55156 -37.42063 -5.64 -2.636 -160.9749 
1786081173.528 0.004 -0.00579 0.06720867 -0.0012 -10.55156 -37.42063 -5.64 -2.352 -150.2269 
1786081173.692 0.004 -0.001902 0.01473595 -0.0012 -10.55156 -37.42063 -5.64 -2.076 -136.7344 
1786081173.854 0.004 -0.003342 0.01187287 -0.0012 -10.55156 -37.42063 -5.64 -1.808 -123.9315 
1786081174.022 0.004 -0.00112 0.008940084 -0.0012 -10.55156 -37.42063 -5.64 -1.532 -110.5686 
1786081174.184 -0.001 0.00177 0.009837211 -0.0012 -10.55156 -37.42063 -5.635 -1.256 -97.2895 
1786081174.346 -0.006 -0.002004 0.01204417 -0.0012 -10.55156 -37.42063 -5.63 -0.988 -84.49172 
1786081174.513 -0.006 -0.001448 0.01039134 -0.0012 -10.55156 -37.42063 -5.63 -0.708 -71.12751 
1786081174.685 -0.006 -0.006228 0.004888685 0.0038 -10.55156 -37.42063 -5.63 -0.424 -57.60456 
1786081174.846 -0.006 -0.007338 0.01086581 0.0038 -10.55156 -37.42063 -5.63 -0.148 -44.33053 
1786081175.007 -0.006 -0.005446 0.009252809 0.0038 -10.55156 -37.42063 -5.63 0.12 -31.44892 
1786081175.167 -0.006 -0.008552 0.008939678 0.0038 -10.55156 -37.42063 -5.63 0.388 -18.72861 
1786081175.325 -0.006 -0.007658 0.008626547 -0.0012 -10.55156 -37.42063 -5.63 0.652 -6.008299 
1786081175.485 -0.006 -0.006764 -0.008116551 -0.0012 -10.55156 -37.42063 -5.63 0.916 6.421129 
1786081175.647 -0.006 -0.007206 -0.05345127 -0.0062 -10.55156 -37.42063 -5.63 1.188 16.20266 
1786081175.808 -0.006 -0.006312 -0.05914886 -0.0062 -10.55156 -37.42063 -5.63 1.452 20.66036 
1786081175.968 -0.006 -0.006086 -0.01699869 -0.0062 -10.55156 -37.42063 -5.63 1.72 20.98421 
1786081176.128 -0.006 -0.00586 0.005120315 -0.0062 -10.55156 -37.42063 -5.63 1.988 19.13509 
1786081176.292 -0.001 -0.006302 0.005270243 -0.0012 -10.55156 -37.42063 -5.635 2.26 19.00174 
1786081176.450 -0.001 -0.005408 -0.04628012 -0.0012 -10.55156 -37.42063 -5.635 2.524 18.32229 
1786081176.609 -0.001 -0.00618 -0.07177292 -0.0062 -10.55156 -37.42063 -5.635 2.788 13.10006 
1786081176.767 -0.001 -0.005286 -0.06243845 -0.0012 -10.55156 -37.42063 -5.635 3.052 2.910851 
1786081176.926 -0.006 -0.008392 0.03080645 -0.0062 -10.55156 -37.42063 -5.63 3.32 -6.531594 
1786081177.086 -0.006 -0.005832 0.04861412 -0.0062 -10.55156 -37.42063 -5.63 3.584 -10.8534 
1786081177.247 -0.001 -0.007272 0.01496398 -0.0062 -10.55156 -37.42063 -5.635 3.852 -11.11375 
1786081177.406 -0.006 -0.004712 0.05475544 -0.0062 -10.55156 -37.42063 -5.63 4.116 -8.417543 
1786081177.567 -0.006 -0.004486 0.06004971 -0.0062 -10.55156 -37.42063 -5.63 4.384 -0.501637 
1786081177.730 -0.006 -0.006594 -0.02435395 -0.0062 -10.55156 -37.42063 -5.63 4.656 11.27888 
1786081177.890 -0.006 -0.008034 -0.05194992 -0.0062 -10.55156 -37.42063 -5.63 4.924 18.77695 
1786081178.055 -0.006 -0.009144 -0.04790866 -0.0012 -10.55156 -37.42063 -5.63 5.2 21.06803 
1786081178.213 -0.001 -0.00425 -0.04602894 -0.0012 -10.55156 -37.42063 -5.635 5.46 20.55495 
1786081178.372 -0.001 -0.001022 -0.0672715 0.0038 -10.55156 -37.42063 -5.635 5.72 15.82039 
1786081178.533 0.004 0.003204 -0.07977688 0.0038 -10.55156 -37.42063 -5.64 5.984 5.8509 
1786081178.695 0.004 0.005096 0.0240471 -0.0012 -10.55156 -37.42063 -5.64 6.252 -5.285724 
1786081178.856 -0.001 0.001322 0.04705393 -0.0012 -10.55156 -37.42063 -5.635 6.524 -11.15693 
1786081179.015 -0.001 -0.000118 0.02479341 -0.0012 -10.55156 -37.42063 -5.635 6.792 -12.12467 
1786081179.172 -0.001 0.001444 0.009991521 -0.0012 -10.55156 -37.42063 -5.635 7.052 -11.92274 
1786081179.333 -0.001 3.999987e-06 0.008581665 -0.0012 -10.55156 -37.42063 -5.635 7.32 -11.65477 
1786081179.490 -0.006 0.000898 0.008045809 -0.0012 -10.55156 -37.42063 -5.63 7.584 -11.38934 
1786081179.651 -0.001 0.003458 0.007905953 -0.0012 100.0599 -37.42063 -5.635 7.848 -11.12264 
1786081179.810 -0.001 0.004352 0.008640095 -0.0012 100.0599 -37.42063 -5.635 8.112 -10.85594 
1786081179.971 -0.001 0.002912 0.00723024 0.0038 100.0599 -37.42063 -5.635 8.384 -10.58924 
1786081180.129 -0.001 0.003806 0.007964383 0.0038 100.0599 -37.42063 -5.635 8.644 -10.32635 
1786081180.290 0.004 0.002366 0.007824527 0.0038 100.0599 -37.42063 -5.64 8.912 -10.05965 
1786081180.451 0.009 0.006592 0.008080672 0.0088 100.0599 -37.42063 -5.645 9.176 -9.791682 
1786081180.610 0.009 0.005152 0.007940816 0.0038 100.0599 -37.42063 -5.645 9.444 -9.524982 
1786081180.770 0.009 0.007712 0.00780096 0.0038 100.0599 -37.42063 -5.645 9.708 -9.258282 
1786081180.928 0.009 0.00294 0.006869102 0.0038 100.0599 -37.42063 -5.645 9.976 -8.994122 
1786081181.093 0.004 0.006498 0.006647249 0.0038 100.0599 -37.42063 -5.64 10.244 -8.722343 
1786081181.251 0.004 0.005058 0.006507393 0.0038 100.0599 -37.42063 -5.64 10.512 -8.455643 
1786081181.408 0.004 0.00262 0.006449534 0.0038 100.0599 -37.42063 -5.64 10.776 -8.194023 
1786081181.569 0.009 0.006846 0.006705679 0.0038 100.0599 -37.42063 -5.645 11.04 -7.926053 
1786081181.728 0.004 -0.00026 0.006169822 -0.0012 100.0599 -37.42063 -5.64 11.312 -7.660623 
1786081181.889 0.004 -0.004034 0.006425967 -0.0062 100.0599 -37.42063 -5.64 11.584 -7.392653 
1786081182.056 0.004 -0.005144 0.005726116 -0.0062 100.0599 -37.42063 -5.64 11.86 -7.117063 
1786081182.232 0.004 -0.004258 0.006132269 -0.0062 100.0599 -37.42063 -5.64 12.144 -6.832584 
1786081182.398 0.004 -0.003372 0.006538423 -0.0012 100.0599 -37.42063 -5.64 12.428 -6.548104 
1786081182.581 0.004 -0.003492 0.006698585 -0.0012 100.0599 -37.42063 -5.64 12.728 -6.248384 
1786081182.747 0.004 -0.003604 0.004646737 0.0038 100.0599 -37.42063 -5.64 13.008 -5.966444 
1786081182.920 -0.001 -0.008384 -0.0004231071 -0.0062 100.0599 -37.42063 -5.635 13.296 -5.675614 
1786081183.084 -0.006 -0.00683 -0.005888952 -0.0062 100.0599 -37.42063 -5.63 13.576 -5.391134 
1786081183.252 -0.006 -0.004608 -0.005796802 -0.0062 100.0599 -37.42063 -5.63 13.852 -5.113005 
1786081183.419 0.004 0.001614 -0.004434652 -0.0012 100.0599 -37.42063 -5.64 14.124 -4.834875 
1786081183.599 0.009 0.006162 -0.001256494 0.0038 100.0599 -37.42063 -5.645 14.416 -4.542775 
1786081183.767 0.009 0.01005 0.0005016562 0.0038 100.0599 -37.42063 -5.64 14.696 -4.262105 
1786081183.956 0.004 0.009592 0.002163824 0.0088 100.0599 -37.42063 -5.64 15.004 -3.954765 
1786081184.142 0.004 0.007798 0.004139994 0.0038 100.0599 -37.42063 -5.64 15.324 -3.638535 
1786081184.303 0.004 0.006358 0.004000138 0.0038 100.0599 -37.42063 -5.64 15.596 -3.370565 
1786081184.466 0.004 -0.000418 0.001634287 0.0038 100.0599 -37.42063 -5.64 15.872 -3.096246 
1786081184.627 -0.001 -0.004192 -0.001919566 -0.0012 100.0599 -37.42063 -5.635 16.144 -2.824466 
1786081184.795 -0.001 0.000364 0.001586581 0.0088 100.0599 -37.42063 -5.635 16.416 -2.550146 
1786081184.960 0.009 0.010586 0.009298727 0.0138 100.0599 -37.42063 -5.645 16.684 -2.280906 
1786081185.120 0.014 0.014812 0.01082487 0.0138 100.0599 -37.42063 -5.65 16.948 -2.014206 
1786081185.280 0.014 0.013372 0.01068502 0.0138 100.0599 -37.42063 -5.65 17.216 -1.747506 
1786081185.440 0.009 0.011932 0.01054516 0.0138 100.0599 -37.42063 -5.645 17.484 -1.480807 
1786081185.609 0.014 0.018154 0.01063731 0.0188 100.0599 -37.42063 -5.65 17.756 -1.202677 
1786081185.770 0.019 0.021712 0.01168546 0.0188 100.0599 -37.42063 -5.655 18.024 -0.9321668 
1786081185.943 0.014 0.018598 0.01082161 0.0188 100.0599 -37.42063 -5.65 18.312 -0.646417 
1786081186.111 0.014 0.01682 0.01091376 0.0188 100.0599 -37.42063 -5.65 18.592 -0.3670171 
1786081186.275 0.009 0.013376 0.00933991 0.0138 100.0599 -37.42063 -5.645 18.872 -0.09015725 
1786081186.438 0.014 0.015268 0.008722056 0.0138 100.0599 -37.42063 -5.65 19.14 0.1803526 
1786081186.604 0.014 0.01349 0.008814207 0.0138 100.0599 -37.42063 -5.65 19.42 0.4584825 
1786081186.764 0.014 0.01205 0.008674351 0.0088 100.0599 -37.42063 -5.65 19.688 0.7251823 
1786081186.924 0.009 0.01461 0.008534495 0.0088 100.0599 -37.42063 -5.645 19.952 0.9918822 
1786081187.083 0.014 0.01317 0.008394639 0.0138 100.0599 -37.42063 -5.65 20.22 1.258582 
1786081187.246 0.014 0.011062 0.007776785 0.0138 100.0599 -37.42063 -5.65 20.492 1.529092 
1786081187.408 0.009 0.015288 0.008032929 0.0088 100.0599 -37.42063 -5.645 20.756 1.798332 
1786081187.568 0.014 0.01318 0.008685075 0.0138 100.0599 -37.42063 -5.65 21.028 2.066302 
1786081187.728 0.014 0.01574 0.008545219 0.0138 100.0599 -37.42063 -5.65 21.292 2.333001 
1786081187.885 0.014 0.014968 0.008883361 0.0138 100.0599 -37.42063 -5.65 21.556 2.595891 
1786081188.050 0.004 0.006526 0.00524751 0.0088 100.0599 -37.42063 -5.64 21.84 2.872751 
1786081188.207 -0.001 0.001754 0.001379654 0.0038 100.0599 -37.42063 -5.635 22.108 3.139451 
1786081188.366 -0.006 -0.003018 -0.000822203 0.0038 100.0599 -37.42063 -5.63 22.372 3.406151 
1786081188.527 -0.006 0.001208 -0.003106057 0.0088 100.0599 -37.42063 -5.63 22.636 3.674121 
1786081188.687 -0.001 0.001434 -0.004119912 0.0088 100.0599 -37.42063 -5.635 22.904 3.943361 
1786081188.847 -0.011 -0.008006 -0.006799766 -0.0012 100.0599 -37.42063 -5.625 23.18 4.2126 
1786081189.006 -0.016 -0.015112 -0.009875621 -0.0162 100.0599 -37.42063 -5.62 23.452 4.48057 
1786081189.167 -0.026 -0.026886 -0.01469947 -0.0262 100.0599 -37.42063 -5.61 23.732 4.75362 
1786081189.327 -0.026 -0.025992 -0.01356933 -0.0212 100.0599 -37.42063 -5.61 24 5.01905 
1786081189.487 -0.021 -0.023432 -0.01156519 -0.0212 100.0599 -37.42063 -5.615 24.26 5.28194 
1786081189.645 -0.006 -0.010538 -0.007021048 -0.0112 100.0599 -37.42063 -5.63 24.512 5.54229 
1786081189.804 0.004 0.006356 -0.001206908 0.0038 100.0599 -37.42063 -5.64 24.76 5.80137 
1786081189.966 0.014 0.018582 0.007939232 0.0188 100.0599 -37.42063 -5.65 25.016 6.060449 
1786081190.124 0.049 0.059476 0.02264337 0.0488 100.0599 -37.42063 -5.685 25.24 6.310639 
1786081190.283 0.054 0.06837 0.02464751 0.0488 100.0599 -37.42063 -5.69 25.496 6.573529 
1786081190.441 0.029 0.031598 0.01355566 0.0238 100.0599 -37.42063 -5.665 25.796 6.847849 
1786081190.603 0.009 0.007824 0.006191806 0.0088 100.0599 -37.42063 -5.645 26.088 7.123439 
1786081190.766 -0.011 -0.018284 -0.005856042 -0.0112 100.0599 -37.42063 -5.625 26.384 7.407919 
1786081190.924 -0.021 -0.027724 -0.01234589 -0.0262 100.0599 -37.42063 -5.615 26.66 7.678429 
1786081191.086 -0.026 -0.027498 -0.01462975 -0.0262 100.0599 -37.42063 -5.61 26.928 7.948938 
1786081191.245 -0.016 -0.020938 -0.01095961 -0.0162 100.0599 -37.42063 -5.62 27.188 8.211828 
1786081191.406 -0.011 -0.010378 -0.006019465 -0.0112 100.0599 -37.42063 -5.625 27.444 8.473448 
1786081191.568 -0.001 -0.000486 -0.0002873226 -0.0012 100.0599 -37.42063 -5.635 27.704 8.737608 
1786081191.725 0.009 0.008408 0.008066816 0.0088 100.0599 -37.42063 -5.645 27.96 8.994148 
1786081191.888 0.014 0.012634 0.00959296 0.0138 100.0599 -37.42063 -5.65 28.224 9.260848 
1786081192.046 0.009 0.009528 0.007787104 0.0138 100.0599 -37.42063 -5.645 28.492 9.527548 
1786081192.206 0.009 0.012088 0.007647248 0.0088 100.0599 -37.42063 -5.645 28.756 9.794247 
1786081192.365 0.009 0.008982 0.007111391 0.0088 100.0599 -37.42063 -5.645 29.024 10.05968 
1786081192.525 0.009 0.009876 0.006575535 0.0088 100.0599 -37.42063 -5.645 29.288 10.32511 
1786081192.683 0.009 0.008436 0.007705678 0.0088 100.0599 -37.42063 -5.645 29.556 10.59054 
1786081192.845 0.009 0.00933 0.007169821 0.0088 100.0599 -37.42063 -5.645 29.82 10.85597 
1786081193.009 0.009 0.008888 0.006947968 0.0088 100.0599 -37.42063 -5.645 30.092 11.12775 
1786081193.171 0.009 0.006112 0.004978118 0.0038 100.0599 -37.42063 -5.645 30.368 11.40461 
1786081193.331 0.009 0.004672 0.00571226 0.0038 100.0599 -37.42063 -5.645 30.636 11.67131 
1786081193.490 0.009 0.007232 0.005572404 0.0038 100.0599 -37.42063 -5.645 30.9 11.93547 
1786081193.649 0.004 0.004126 0.005036548 0.0038 100.0599 -37.42063 -5.64 31.168 12.2009 
1786081193.808 0.004 0.00502 0.00577069 0.0038 100.0599 -37.42063 -5.64 31.432 12.46506 
1786081193.974 0.009 0.006244 0.007214837 0.0088 100.0599 -37.42063 -5.645 31.704 12.73684 
1786081194.134 0.004 0.00647 0.006200982 0.0088 100.0599 -37.42063 -5.64 31.972 13.00608 
1786081194.291 0.009 0.009698 0.007809124 0.0088 100.0599 -37.42063 -5.645 32.232 13.2677 
1786081194.449 0.009 0.012926 0.008147266 0.0138 100.0599 -37.42063 -5.645 32.492 13.53059 
1786081194.607 0.009 0.012154 0.008485408 0.0088 100.0599 -37.42063 -5.645 32.756 13.79348 
1786081194.766 0.009 0.009048 0.006679552 0.0088 100.0599 -37.42063 -5.645 33.024 14.06018 
1786081194.925 0.004 0.001942 0.004873696 0.0038 100.0599 -37.42063 -5.64 33.296 14.32687 
1786081195.082 -0.006 -0.004496 0.003545838 -0.0012 100.0599 -37.42063 -5.63 33.564 14.58976 
1786081195.243 -0.011 -0.009936 -0.001674016 -0.0112 100.0599 -37.42063 -5.625 33.836 14.86154 
1786081195.403 -0.011 -0.01371 -0.007767868 -0.0112 100.0599 -37.42063 -5.625 34.108 15.13586 
1786081195.564 -0.011 -0.01515 -0.007907724 -0.0112 100.0599 -37.42063 -5.625 34.376 15.40256 
1786081195.722 -0.011 -0.015922 -0.008839581 -0.0112 100.0599 -37.42063 -5.625 34.64 15.66799 
1786081195.887 -0.011 -0.013032 -0.008269433 -0.0112 100.0599 -37.42063 -5.625 34.912 15.94104 
1786081196.048 -0.011 -0.01114 -0.007617287 -0.0112 100.0599 -37.42063 -5.625 35.18 16.21028 
1786081196.205 -0.011 -0.011912 -0.007279145 -0.0062 100.0599 -37.42063 -5.625 35.444 16.47317 
1786081196.364 -0.006 -0.008684 -0.005671004 -0.0062 100.0599 -37.42063 -5.63 35.704 16.73479 
1786081196.524 -0.006 -0.00779 -0.006206861 -0.0062 100.0599 -37.42063 -5.63 35.968 17.00022 
1786081196.684 -0.006 -0.00523 -0.005076717 -0.0112 100.0599 -37.42063 -5.63 36.232 17.26565 
1786081196.845 -0.001 -0.005004 -0.004820573 -0.0062 100.0599 -37.42063 -5.635 36.5 17.53362 
1786081197.009 -0.001 -0.005446 -0.005042426 -0.0062 100.0599 -37.42063 -5.635 36.772 17.80667 
1786081197.167 -0.006 -0.006886 -0.006452281 -0.0112 100.0599 -37.42063 -5.63 37.04 18.07337 
1786081197.326 -0.011 -0.011658 -0.006114139 -0.0112 100.0599 -37.42063 -5.625 37.308 18.33626 
1786081197.487 -0.011 -0.011432 -0.007127994 -0.0062 100.0599 -37.42063 -5.625 37.576 18.6055 
1786081197.645 -0.011 -0.014538 -0.007663851 -0.0112 100.0599 -37.42063 -5.625 37.844 18.87093 
1786081197.805 -0.011 -0.013644 -0.006929708 -0.0112 100.0599 -37.42063 -5.625 38.108 19.13509 
1786081197.963 -0.011 -0.01275 -0.007465565 -0.0112 100.0599 -37.42063 -5.625 38.372 19.40052 
1786081198.125 -0.011 -0.01419 -0.007605421 -0.0112 100.0599 -37.42063 -5.625 38.64 19.66722 
1786081198.283 -0.011 -0.01563 -0.007745277 -0.0162 100.0599 -37.42063 -5.625 38.908 19.93392 
1786081198.443 -0.016 -0.010736 -0.008281133 -0.0112 100.0599 -37.42063 -5.62 39.168 20.19935 
1786081198.606 -0.011 -0.015178 -0.007232987 -0.0112 100.0599 -37.42063 -5.625 39.444 20.46986 
1786081198.763 -0.011 -0.01195 -0.006894845 -0.0112 100.0599 -37.42063 -5.625 39.704 20.73275 
1786081198.925 -0.011 -0.011724 -0.006638701 -0.0112 100.0599 -37.42063 -5.625 39.972 21.00072 
1786081199.086 -0.011 -0.011498 -0.006382556 -0.0112 100.0599 -37.42063 -5.625 40.24 21.26869 
1786081199.246 -0.011 -0.008938 -0.006126411 -0.0112 100.0599 -37.42063 -5.625 40.508 21.53666 
1786081199.405 -0.006 -0.010378 -0.005392268 -0.0062 100.0599 -37.42063 -5.63 40.772 21.80082 
1786081199.565 -0.006 -0.011818 -0.006802124 -0.0112 100.0599 -37.42063 -5.63 41.04 22.06879 
1786081199.727 -0.011 -0.009258 -0.00694198 -0.0112 100.0599 -37.42063 -5.625 41.304 22.33549 
1786081199.887 -0.006 -0.009032 -0.005415836 -0.0062 100.0599 -37.42063 -5.63 41.572 22.60219 
1786081200.049 -0.006 -0.00714 -0.00603369 -0.0112 100.0599 -37.42063 -5.63 41.844 22.87397 
1786081200.207 -0.006 -0.010246 -0.006569546 -0.0112 100.0599 -37.42063 -5.63 42.108 23.13813 
1786081200.367 -0.006 0.018648 -0.005835404 -0.0112 100.0599 -37.42063 -5.63 42.344 23.40229 
1786081200.526 -0.006 0.041208 -0.00597526 -0.0112 100.0599 -37.42063 -5.625 42.588 23.66899 
1786081200.686 -0.011 0.303768 -0.007385115 -0.0112 100.0599 -37.42063 -5.625 42.592 23.93696 
1786081200.851 0 0.016 0 0 100.0599 -37.42063 -5.605 41.276 24.13 
1786081201.010 0 0.004 0 0 100.0599 -37.42063 -5.6 40.3 24.12873 
1786081201.192 0 0 0 0 100.0599 -37.42063 -5.6 40.296 24.12873 
1786081201.357 0 0 0 0 100.0599 -37.42063 -5.6 40.288 24.12873 
1786081201.516 0 0 0 0 100.0599 -37.42063 -5.6 40.288 24.12873 
1786081201.699 0 0 0 0 100.0599 -37.42063 -5.6 40.288 24.12873 
1786081201.896 0 0 0 0 100.0599 -37.42063 -5.6 40.288 24.12873 
1786081202.070 0 0 0 0 100.0599 -37.42063 -5.6 40.288 24.12873 
1786081202.241 0 0 0 0 100.0599 -37.42063 -5.6 40.288 24.12873 
1786081202.408 0 0 0 0 100.0599 -37.42063 -5.6 40.288 24.12873 
1786081202.574 0 0 0 0 100.0599 -37.42063 -5.6 40.288 24.12873 
1786081202.742 0 0 0 0 100.0599 -37.42063 -5.6 40.288 24.12873 
1786081202.901 0 0 0 0 100.0599 -37.42063 -5.6 40.288 24.12873 
1786081203.078 0 0 0 0 100.0599 -37.42063 -5.6 40.288 24.12873 
1786081203.247 0 0 0 0 100.0599 -37.42063 -5.6 40.288 24.12873 
1786081203.420 0 0 0 0 100.0599 -37.42063 -5.6 40.288 24.12873 
1786081203.581 0 0 0 0 100.0599 -37.42063 -5.6 40.288 24.12873 
1786081203.742 0 0 0 0 100.0599 -37.42063 -5.6 40.288 24.12873 
1786081203.901 0 0 0 0 100.0599 -37.42063 -5.6 40.288 24.12873 
1786081204.074 0 0 0 0 100.0599 -37.42063 -5.6 40.288 24.12873 
1786081204.235 0 0 0 0 100.0599 -37.42063 -5.6 40.288 24.12873 
1786081204.392 0 0 0 0 100.0599 -37.42063 -5.6 40.288 24.12873 
1786081204.564 0 0 0 0 100.0599 -37.42063 -5.6 40.288 24.12873 
1786081204.742 0 0 0 0 100.0599 -37.42063 -5.6 40.288 24.12873 
1786081204.913 0 0 0 0 100.0599 -37.42063 -5.6 40.288 24.12873 
1786081205.114 0 0 0 0 100.0599 -37.42063 -5.6 40.288 24.12873 
1786081205.299 0 0 0 0 100.0599 -37.42063 -5.6 40.288 24.12873 
1786081205.469 0 0 0 0 100.0599 -37.42063 -5.6 40.288 24.12873 
1786081205.636 0 0 0 0 100.0599 -37.42063 -5.6 40.288 24.12873 
1786081205.800 0 0 0 0 100.0599 -37.42063 -5.6 40.288 24.12873 
1786081205.974 0 0 0 0 100.0599 -37.42063 -5.6 40.288 24.12873 
1786081206.135 0 0 0 0 100.0599 -37.42063 -5.6 40.288 24.12873 
1786081206.301 0 0 0 0 100.0599 -37.42063 -5.6 40.288 24.12873 
1786081206.482 0 0 0 0 100.0599 -37.42063 -5.6 40.288 24.12873 
1786081206.661 0 0 0 0 100.0599 -37.42063 -5.6 40.288 24.12873 
1786081206.827 0 0 0 0 100.0599 -37.42063 -5.6 40.288 24.12873 
1786081207.000 0 0 0 0 100.0599 -37.42063 -5.6 40.288 24.12873 
1786081207.181 0 0 0 0 100.0599 -37.42063 -5.6 40.288 24.12873 
1786081207.362 0 0 0 0 100.0599 -37.42063 -5.6 40.288 24.12873 
1786081207.562 0 0 0 0 100.0599 -37.42063 -5.6 40.288 24.12873 
1786081207.734 0 0 0 0 100.0599 -37.42063 -5.6 40.288 24.12873 
1786081207.898 0 0 0 0 100.0599 -37.42063 -5.6 40.288 24.12873 
1786081208.058 0 0 0 0 100.0599 -37.42063 -5.6 40.288 24.12873 
1786081208.234 0 0 0 0 100.0599 -37.42063 -5.6 40.288 24.12873 
1786081208.402 0 0 0 0 100.0599 -37.42063 -5.6 40.288 24.12873 
1786081208.564 0 0 0 0 100.0599 -37.42063 -5.6 40.288 24.12873 
1786081208.727 0 0 0 0 100.0599 -37.42063 -5.6 40.288 24.12873 
1786081208.889 0 0 0 0 100.0599 -37.42063 -5.6 40.288 24.12873 
1786081209.049 0 0 0 0 100.0599 -37.42063 -5.6 40.288 24.12873 
1786081209.216 0 0 0 0 100.0599 -37.42063 -5.6 40.288 24.12873 
1786081209.379 0 0 0 0 100.0599 -37.42063 -5.6 40.288 24.12873 
1786081209.557 0 0 0 0 100.0599 -37.42063 -5.6 40.288 24.12873 
1786081209.726 0 0 0 0 100.0599 -37.42063 -5.6 40.288 24.12873 
1786081209.898 0 0 0 0 100.0599 -37.42063 -5.6 40.288 24.12873 
1786081210.057 0 0 0 0 100.0599 -37.42063 -5.6 40.288 24.12873 
1786081210.220 0 0 0 0 100.0599 -37.42063 -5.6 40.288 24.12873 
1786081210.381 0 0 0 0 100.0599 -37.42063 -5.6 40.288 24.12873 
1786081210.544 0 0 0 0 100.0599 -37.42063 -5.6 40.288 24.12873 
1786081210.702 0 0 0 0 100.0599 -37.42063 -5.6 40.288 24.12873 
1786081210.863 0 0 0 0 100.0599 -37.42063 -5.6 40.288 24.12873 
1786081211.026 0 0 0 0 100.0599 -37.42063 -5.6 40.288 24.12873 
1786081211.187 0 0 0 0 100.0599 -37.42063 -5.6 40.288 24.12873 
1786081211.348 0 0 0 0 100.0599 -37.42063 -5.6 40.288 24.12873 
1786081211.506 0 0 0 0 100.0599 -37.42063 -5.6 40.288 24.12873 
1786081211.665 0 0 0 0 100.0599 -37.42063 -5.6 40.288 24.12873 
1786081211.830 0 0 0 0 100.0599 -37.42063 -5.6 40.288 24.12873 
1786081211.989 0 0 0 0 100.0599 -37.42063 -5.6 40.288 24.12873 
1786081212.150 0 0 0 0 100.0599 -37.42063 -5.6 40.288 24.12873 
1786081212.315 0 0 0 0 100.0599 -37.42063 -5.6 40.288 24.12873 
1786081212.483 0 0 0 0 100.0599 -37.42063 -5.6 40.288 24.12873 
1786081212.659 0 0 0 0 100.0599 -37.42063 -5.6 40.288 24.12873 
1786081212.827 0 0 0 0 100.0599 -37.42063 -5.6 40.288 24.12873 
1786081213.004 0 0 0 0 100.0599 -37.42063 -5.6 40.288 24.12873 
1786081213.169 0 0 0 0 100.0599 -37.42063 -5.6 40.288 24.12873 
1786081213.328 0 0 0 0 100.0599 -37.42063 -5.6 40.288 24.12873 
1786081213.488 0 0 0 0 100.0599 -37.42063 -5.6 40.288 24.12873 
1786081213.674 0 0 0 0 100.0599 -37.42063 -5.6 40.288 24.12873 
1786081213.840 0 0 0 0 100.0599 -37.42063 -5.6 40.288 24.12873 
1786081214.003 0 0 0 0 100.0599 -37.42063 -5.6 40.288 24.12873 
1786081214.166 0 0 0 0 100.0599 -37.42063 -5.6 40.288 24.12873 
1786081214.328 0 0 0 0 100.0599 -37.42063 -5.6 40.288 24.12873 
1786081214.488 0 0 0 0 100.0599 -37.42063 -5.6 40.288 24.12873 
1786081214.648 0 0 0 0 100.0599 -37.42063 -5.6 40.288 24.12873 
1786081214.819 0 0 0 0 100.0599 -37.42063 -5.6 40.288 24.12873 
1786081214.982 0 0 0 0 100.0599 -37.42063 -5.6 40.288 24.12873 
1786081215.152 0 0 0 0 100.0599 -37.42063 -5.6 40.288 24.12873 
1786081215.318 0 0 0 0 100.0599 -37.42063 -5.6 40.288 24.12873 
1786081215.481 0 0 0 0 100.0599 -37.42063 -5.6 40.288 24.12873 
1786081215.649 0 0 0 0 100.0599 -37.42063 -5.6 40.288 24.12873 
1786081215.827 0 0 0 0 100.0599 -37.42063 -5.6 40.288 24.12873 
1786081215.986 0 0 0 0 100.0599 -37.42063 -5.6 40.288 24.12873 
1786081216.148 0 0 0 0 100.0599 -37.42063 -5.6 40.288 24.12873 
1786081216.306 0 0 0 0 100.0599 -37.42063 -5.6 40.288 24.12873 
1786081216.466 0 0 0 0 100.0599 -37.42063 -5.6 40.288 24.12873 
1786081216.664 0 0 0 0 100.0599 -37.42063 -5.6 40.288 24.12873 
1786081216.864 0 0 0 0 100.0599 -37.42063 -5.6 40.288 24.12873 
1786081217.026 0 0 0 0 100.0599 -37.42063 -5.6 40.288 24.12873 
1786081217.186 0 0 0 0 100.0599 -37.42063 -5.6 40.288 24.12873 
1786081217.344 0 0 0 0 100.0599 -37.42063 -5.6 40.288 24.12873 
1786081217.502 0 0 0 0 100.0599 -37.42063 -5.6 40.288 24.12873 
1786081217.665 0 0 0 0 100.0599 -37.42063 -5.6 40.288 24.12873 
1786081217.827 0 0 0 0 100.0599 -37.42063 -5.6 40.288 24.12873 
1786081218.016 0 0 0 0 100.0599 -37.42063 -5.6 40.288 24.12873 
1786081218.209 0 0 0 0 100.0599 -37.42063 -5.6 40.288 24.12873 
1786081218.375 0 0 0 0 100.0599 -37.42063 -5.6 40.288 24.12873 
1786081218.539 0 0 0 0 100.0599 -37.42063 -5.6 40.288 24.12873 
1786081218.698 0 0 0 0 100.0599 -37.42063 -5.6 40.288 24.12873 
1786081218.857 0 0 0 0 100.0599 -37.42063 -5.6 40.288 24.12873 
1786081219.030 0 0 0 0 100.0599 -37.42063 -5.6 40.288 24.12873 
1786081219.190 0 0 0 0 100.0599 -37.42063 -5.6 40.288 24.12873 
1786081219.351 0 0 0 0 100.0599 -37.42063 -5.6 40.288 24.12873 
1786081219.511 0 0 0 0 100.0599 -37.42063 -5.6 40.288 24.12873 
1786081219.692 0 0 0 0 100.0599 -37.42063 -5.6 40.288 24.12873 
1786081219.864 0 0 0 0 100.0599 -37.42063 -5.6 40.288 24.12873 
1786081220.029 0 0 0 0 100.0599 -37.42063 -5.6 40.288 24.12873 
1786081220.196 0 0 0 0 100.0599 -37.42063 -5.6 40.288 24.12873 
1786081220.361 0 0 0 0 100.0599 -37.42063 -5.6 40.288 24.12873 
1786081220.525 0 0 0 0 100.0599 -37.42063 -5.6 40.288 24.12873 
1786081220.693 0 0 0 0 100.0599 -37.42063 -5.6 40.288 24.12873 
1786081220.854 0 0 0 0 100.0599 -37.42063 -5.6 40.288 24.12873 
1786081221.013 0 0 0 0 100.0599 -37.42063 -5.6 40.288 24.12873 
1786081221.173 0 0 0 0 100.0599 -37.42063 -5.6 40.288 24.12873 
1786081221.339 0 0 0 0 100.0599 -37.42063 -5.6 40.288 24.12873 
1786081221.498 0 0 0 0 100.0599 -37.42063 -5.6 40.288 24.12873 
1786081221.667 0 0 0 0 100.0599 -37.42063 -5.6 40.288 24.12873 
1786081221.845 0 0 0 0 100.0599 -37.42063 -5.6 40.288 24.12873 
1786081222.017 0 0 0 0 100.0599 -37.42063 -5.6 40.288 24.12873 
1786081222.195 0 0 0 0 100.0599 -37.42063 -5.6 40.288 24.12873 
1786081222.373 0 0 0 0 100.0599 -37.42063 -5.6 40.288 24.12873 
1786081222.562 0 0 0 0 100.0599 -37.42063 -5.6 40.288 24.12873 
1786081222.739 0 0 0 0 100.0599 -37.42063 -5.6 40.288 24.12873 
1786081222.901 0 0 0 0 100.0599 -37.42063 -5.6 40.288 24.12873 
1786081223.074 0 0 0 0 100.0599 -37.42063 -5.6 40.288 24.12873 
1786081223.248 0 0 0 0 100.0599 -37.42063 -5.6 40.288 24.12873 
1786081223.414 0 0 0 0 100.0599 -37.42063 -5.6 40.288 24.12873 
1786081223.574 0 0 0 0 100.0599 -37.42063 -5.6 40.288 24.12873 
1786081223.735 0 0 0 0 100.0599 -37.42063 -5.6 40.288 24.12873 
1786081223.895 0 0 0 0 100.0599 -37.42063 -5.6 40.288 24.12873 
1786081224.057 0 0 0 0 100.0599 -37.42063 -5.6 40.288 24.12873 
1786081224.232 0 0 0 0 100.0599 -37.42063 -5.6 40.288 24.12873 
1786081224.392 0 0 0 0 100.0599 -37.42063 -5.6 40.288 24.12873 
1786081224.561 0 0 0 0 100.0599 -37.42063 -5.6 40.288 24.12873 
1786081224.730 0 0 0 0 100.0599 -37.42063 -5.6 40.288 24.12873 
1786081224.893 0 0 0 0 100.0599 -37.42063 -5.6 40.288 24.12873 
1786081225.055 0 0 0 0 100.0599 -37.42063 -5.6 40.288 24.12873 
1786081225.215 0 0 0 0 100.0599 -37.42063 -5.6 40.288 24.12873 
1786081225.374 0 0 0 0 100.0599 -37.42063 -5.6 40.288 24.12873 
1786081225.535 0 0 0 0 100.0599 -37.42063 -5.6 40.288 24.12873 
1786081225.693 0 0 0 0 100.0599 -37.42063 -5.6 40.288 24.12873 
1786081225.865 0 0 0 0 100.0599 -37.42063 -5.6 40.288 24.12873 
1786081226.032 0 0 0 0 100.0599 -37.42063 -5.6 40.288 24.12873 
1786081226.197 0 0 0 0 100.0599 -37.42063 -5.6 40.288 24.12873 
1786081226.363 0 0 0 0 100.0599 -37.42063 -5.6 40.288 24.12873 
1786081226.525 0 0 0 0 100.0599 -37.42063 -5.6 40.288 24.12873 
1786081226.687 0 0 0 0 100.0599 -37.42063 -5.6 40.288 24.12873 
1786081226.849 0 0 0 0 100.0599 -37.42063 -5.6 40.288 24.12873 
1786081227.008 0 0 0 0 100.0599 -37.42063 -5.6 40.288 24.12873 
1786081227.172 0 0 0 0 100.0599 -37.42063 -5.6 40.288 24.12873 
1786081227.335 0 0 0 0 100.0599 -37.42063 -5.6 40.288 24.12873 
1786081227.497 0 0 0 0 100.0599 -37.42063 -5.6 40.288 24.12873 
1786081281.337 0 0 0 0 0 0 0 0 0 
1786081281.496 0 0 0 0 0 0 0 0 0 
1786081281.654 0 0 0 0 0 -0 0 0 0 
1786081281.817 0 0 0 0 0 -0 0 0 0 
1786081281.976 0 0 0 0 0 -0 0 0 0 
1786081282.140 0 0 0 0 0 -0 0 0 0 
1786081282.299 -0.045 -0.052 -0.02412999 -0.05 0 -0 0.045 0.052 0.02412999 
1786081282.462 -0.045 -0.052 -0.02412999 -0.045 0 -0 0.045 0.052 0.02412999 
1786081282.621 -0.04 -0.052 -0.02412999 -0.045 0 -0 0.04 0.052 0.02412999 
1786081282.781 -0.04 -0.048 -0.02158999 -0.045 0 -0 0.04 0.048 0.02158999 
1786081282.946 -0.04 -0.044 -0.02031999 -0.04 0 -0 0.04 0.044 0.02031999 
1786081283.107 -0.035 -0.044 -0.02031999 -0.04 0 -0 0.035 0.044 0.02031999 
1786081283.267 -0.035 -0.044 -0.01904999 -0.035 0 -0 0.035 0.044 0.01904999 
1786081283.426 -0.035 -0.04 -0.01904999 -0.035 0 -0 0.035 0.04 0.01904999 
1786081283.586 -0.03 -0.04 -0.01777999 -0.035 0 -0 0.03 0.04 0.01777999 
1786081283.745 -0.035 -0.036 -0.01777999 -0.035 0 -0 0.035 0.036 0.01777999 
1786081283.906 -0.03 -0.036 -0.01777999 -0.035 0 -0 0.03 0.036 0.01777999 
1786081284.067 -0.03 -0.036 -0.01650999 -0.03 0 -0 0.03 0.036 0.01650999 
1786081284.226 -0.025 -0.032 -0.01650999 -0.03 0 -0 0.025 0.032 0.01650999 
1786081284.391 -0.025 -0.032 -0.01523999 -0.03 0 -0 0.025 0.032 0.01523999 
1786081284.556 -0.025 -0.032 -0.01523999 -0.03 0 -0 0.025 0.032 0.01523999 
1786081284.715 -0.025 -0.032 -0.01523999 -0.03 0 -0 0.025 0.032 0.01523999 
1786081284.875 -0.025 -0.028 -0.01396999 -0.025 0 -0 0.025 0.028 0.01396999 
1786081285.033 -0.02 -0.028 -0.01396999 -0.025 0 -0 0.02 0.028 0.01396999 
1786081285.195 0.005 0 0 0 0 -0 -0.005 0 0 
1786081285.354 0.03 0.028 0.01650999 0.03 0 -0 -0.03 -0.028 -0.01650999 
1786081285.526 0.03 0.032 0.01650999 0.03 0 -0 -0.03 -0.032 -0.01650999 
1786081285.687 0.025 0.028 0.01650999 0.03 0 -0 -0.025 -0.028 -0.01650999 
1786081285.883 0.025 0.028 0.01650999 0.03 0 -0 -0.025 -0.028 -0.01650999 
1786081286.051 0.025 0.028 0.01523999 0.03 0 -0 -0.025 -0.028 -0.01523999 
1786081286.214 0.025 0.028 0.01523999 0.025 0 -0 -0.025 -0.028 -0.01523999 
1786081286.376 0.025 0.028 0.01523999 0.025 0 -0 -0.025 -0.028 -0.01396999 
1786081286.542 0.025 0.028 0.01396999 0.025 0 -0 -0.025 -0.024 -0.01396999 
1786081286.704 0.025 0.024 0.01396999 0.02 0 -0 -0.025 -0.024 -0.01396999 
1786081286.865 0.025 0.024 0.01396999 0.025 0 -0 -0.025 -0.028 -0.01396999 
1786081287.030 0.02 0.024 0.01269999 0.025 0 -0 -0.02 -0.024 -0.01396999 
1786081287.189 0.02 0.024 0.01396999 0.02 0 -0 -0.02 -0.024 -0.01396999 
1786081287.347 0.02 0.024 0.01269999 0.02 0 -0 -0.02 -0.024 -0.01269999 
1786081287.506 0.02 0.02 0.01269999 0.02 0 -0 -0.02 -0.02 -0.01269999 
1786081287.664 0.02 0.024 0.01269999 0.02 0 -0 -0.02 -0.024 -0.01269999 
1786081287.825 0.02 0.02 0.01142999 0.02 0 -0 -0.02 -0.02 -0.01142999 
1786081288.003 0.015 0.02 0.01142999 0.02 0 -0 -0.015 -0.02 -0.01142999 
1786081288.177 0.015 0.02 0.01142999 0.015 0 -0 -0.015 -0.02 -0.01142999 
1786081288.350 0.02 0.02 0.01142999 0.02 0 -0 -0.02 -0.02 -0.01142999 
1786081288.512 0.015 0.02 0.01015999 0.02 0 -0 -0.015 -0.02 -0.01015999 
1786081288.671 0.015 0.016 0.01142999 0.015 0 -0 -0.015 -0.016 -0.01142999 
1786081288.835 0.015 0.016 0.01015999 0.015 0 -0 -0.015 -0.016 -0.01015999 
1786081288.995 0.015 0.016 0.01015999 0.015 0 -0 -0.015 -0.016 -0.01015999 
1786081289.153 0.015 0.016 0.01015999 0.015 0 -0 -0.015 -0.016 -0.01015999 
1786081289.315 0.015 0.016 0.01015999 0.015 0 -0 -0.015 -0.016 -0.01015999 
1786081289.475 0.015 0.016 0.008889995 0.015 0 -0 -0.015 -0.016 -0.008889995 
1786081289.635 0.015 0.016 0.008889995 0.015 0 -0 -0.01 -0.016 -0.008889995 
1786081289.793 0.01 0.012 0.008889995 0.01 0 -0 -0.01 -0.012 -0.008889995 
1786081289.951 0.01 0.012 0.008889995 0.01 0 -0 -0.01 -0.012 -0.008889995 
1786081290.111 0.01 0.012 0.008889995 0.015 0 -0 -0.01 -0.012 -0.008889995 
1786081290.269 0.01 0.012 0.008889995 0.015 0 -0 -0.01 -0.012 -0.008889995 
1786081290.432 0.01 0.012 0.008889995 0.015 0 -0 -0.01 -0.012 -0.008889995 
1786081290.596 0.01 0.012 0.007619996 0.015 0 -0 -0.01 -0.012 -0.007619996 
1786081290.754 0.01 0.012 0.007619996 0.01 0 -0 -0.01 -0.012 -0.007619996 
1786081290.916 0.01 0.012 0.008889995 0.015 0 -0 -0.01 -0.012 -0.008889995 
1786081291.080 0.01 0.012 0.007619996 0.01 0 -0 -0.01 -0.012 -0.007619996 
1786081291.240 0.01 0.012 0.007619996 0.01 0 -0 -0.01 -0.012 -0.007619996 
1786081291.402 0.01 0.008 0.006349997 0.01 0 -0 -0.01 -0.008 -0.006349997 
1786081291.565 0.01 0.012 0.007619996 0.01 0 -0 -0.01 -0.012 -0.007619996 
1786081291.736 0.01 0.012 0.007619996 0.01 0 -0 -0.01 -0.012 -0.007619996 
1786081291.900 0.01 0.008 0.007619996 0.01 0 -0 -0.01 -0.008 -0.007619996 
1786081292.063 0.01 0.008 0.007619996 0.01 0 -0 -0.01 -0.008 -0.007619996 
1786081292.229 0.01 0.012 0.006349997 0.01 0 -0 -0.01 -0.012 -0.006349997 
1786081292.391 0.01 0.012 0.006349997 0.01 0 -0 -0.01 -0.012 -0.006349997 
1786081292.565 0.01 0.008 0.006349997 0.01 0 -0 -0.01 -0.008 -0.006349997 
1786081292.731 0.005 0.008 0.006349997 0.01 0 -0 -0.005 -0.008 -0.006349997 
1786081292.922 0.005 0.008 0.006349997 0.005 0 -0 -0.005 -0.008 -0.006349997 
1786081293.133 0.01 0.008 0.006349997 0.01 0 -0 -0.01 -0.008 -0.006349997 
1786081293.311 0.005 0.008 0.006349997 0.005 0 -0 -0.005 -0.008 -0.006349997 
1786081293.486 0.005 0.008 0.006349997 0.01 0 -0 -0.005 -0.008 -0.006349997 
1786081293.665 0.005 0.008 0.006349997 0.01 0 -0 -0.005 -0.008 -0.006349997 
1786081293.835 0.005 0.008 0.005079997 0.005 0 -0 -0.005 -0.004 -0.005079997 
1786081294.003 0.005 0.004 0.005079997 0.005 0 -0 -296.22 -0.004 -0.005079997 
1786081294.168 0.005 0.004 0.005079997 0.0024 0 -0 -296.225 -0.004 -0.005079997 
1786081294.332 0.005 0.004 0.005079997 0.0024 0 -0 -296.225 -0.004 -0.005079997 
1786081294.495 0.005 0.004 0.005079997 0.0024 0 -0 -296.225 -0.004 -0.005079997 
1786081294.677 0.005 0.004 0.005079997 0.0024 0 -0 -296.225 -194.516 -0.005079997 
1786081294.843 0.005 0.004 0.005079997 0.0024 0 -0 -296.225 -194.516 -0.005079997 
1786081295.013 0.005 0.004 0.006349997 0.0024 0 -0 -296.225 -194.516 -0.006349997 
1786081295.178 0.005 0.004 0.005079997 0.0024 0 -0 -296.225 -194.516 -166.2873 
1786081295.341 0.01 0.004 0.005079997 0.0024 0 -0 -296.23 -194.516 -166.2873 
1786081295.501 0.005 0.004 0.005079997 0.0024 0 -0 -296.225 -194.516 -166.2873 
1786081295.667 0.005 0.004 0.005079997 0.0024 0 -0 -296.225 -194.516 -166.2873 
1786081295.829 0.005 0.004 0.005079997 0.0024 0 -0 -296.225 -194.516 -166.2873 
1786081295.987 0.005 0.004 0.005079997 0.0024 0 -0 -296.225 -194.516 -166.2873 
1786081296.149 0.005 0.004 0.005079997 0.0024 0 -0 -296.225 -194.516 -166.2873 
1786081296.306 0.005 0.004 0.005079997 0.0024 0 -0 -296.225 -194.516 -166.2873 
1786081296.465 0.005 0.004 0.006349997 0.0024 0 -0 -296.225 -194.516 -166.2885 
1786081296.624 0.005 0.004 0.005079997 0.0024 0 -0 -296.225 -194.516 -166.2873 
1786081296.783 0.005 0.004 0.005079997 0.0024 0 -0 -296.225 -194.516 -166.2873 
1786081296.941 0.01 0.004 0.005079997 0.0024 0 -0 -296.23 -194.516 -166.2873 
1786081297.106 0.005 0.004 0.005079997 0.0024 0 -0 -296.225 -194.516 -166.2873 
1786081297.269 0.005 0.004 0.005079997 0.0024 0 -0 -296.225 -194.516 -166.2873 
1786081297.431 0.005 0.004 0.006349997 0.0024 0 -0 -296.225 -194.516 -166.2885 
1786081297.636 0.005 0.004 0.005079997 0.0024 0 -0 -296.225 -194.516 -166.2873 
1786081297.830 0.005 0.004 0.005079997 0.0024 0 -0 -296.225 -194.516 -166.2873 
1786081297.997 0.005 0.004 0.005079997 0.0024 0 -0 -296.225 -194.516 -166.2873 
1786081298.159 0.005 0.004 0.005079997 0.0024 0 -0 -296.225 -194.516 -166.2873 
1786081298.319 0.005 0.004 0.005079997 0.0024 0 -0 -296.225 -194.516 -166.2873 
1786081298.486 0.005 -9.776902e-15 0.002539999 0.0024 0 -0 -296.225 -194.512 -166.2847 
1786081298.661 4.547578e-15 -0.004 -0.005079997 -0.0076 0 -0 -296.22 -194.508 -166.2771 
1786081298.858 -0.005 -0.008 -0.007619996 -0.0076 0 -0 -296.215 -194.504 -166.2746 
1786081299.019 -0.01 -0.008 -0.006349997 -0.0076 0 -0 -296.21 -194.504 -166.2759 
1786081299.181 -0.005 -0.004 -0.006349997 -0.0026 0 -0 -296.215 -194.508 -166.2759 
1786081299.340 -0.005 -0.004 -0.006349997 -0.0076 0 -0 -296.215 -194.504 -166.2759 
1786081299.499 -0.005 -0.004 -0.006349997 -0.0076 0 -0 -296.215 -194.508 -166.2759 
1786081299.661 -0.01 -0.008 -0.006349997 -0.0076 0 -0 -296.21 -194.504 -166.2759 
1786081299.825 -0.005 -0.004 -0.006349997 -0.0076 0 -0 -296.215 -194.508 -166.2759 
1786081299.985 -0.005 -0.004 -0.006349997 -0.0076 0 -0 -296.215 -194.508 -166.2759 
1786081300.145 -0.005 -0.004 -0.006349997 -0.0026 0 -0 -296.215 -194.508 -166.2759 
1786081300.302 -0.005 -0.004 -0.006349997 -0.0076 0 -0 -296.215 -194.508 -166.2759 
1786081300.463 -0.005 -0.004 -0.006349997 -0.0026 0 -0 -296.215 -194.508 -166.2759 
1786081300.620 -0.005 -0.004 -0.001269999 -0.0026 0 -0 -296.215 -194.508 -166.2809 
1786081300.779 4.547578e-15 -9.776902e-15 0.001269999 0.0024 0 -0 -296.22 -194.512 -166.2835 
1786081300.942 4.547578e-15 -9.776902e-15 0.003809998 -0.0026 0 -0 -296.22 -194.512 -166.286 
1786081301.104 4.547578e-15 1.864481e-14 0.005079997 0.0502 100.0598 -37.7283 -296.22 -194.512 -166.2873 
1786081301.265 -0.005 -0.004 0.002539999 0.0052 100.0598 -37.7283 -296.215 -194.508 -166.2847 
1786081301.424 -0.005 -0.004 0.001269999 -0.0048 100.0598 -37.7283 -296.215 -194.508 -166.2835 
1786081301.587 -0.005 -0.004 -1.281353e-14 -0.0048 100.0598 -37.7283 -296.215 -194.508 -166.2822 
1786081301.748 -0.005 -0.004 -1.281353e-14 -0.0048 100.0598 -37.7283 -296.215 -194.508 -166.2822 
1786081301.906 -0.005 -0.004 -1.281353e-14 -0.0048 100.0598 -37.7283 -296.215 -194.508 -166.2822 
1786081302.065 -0.005 -0.004 -1.281353e-14 -0.0098 100.0598 -37.7283 -296.215 -194.508 -166.2822 
1786081302.225 -0.005 -0.004 -0.001269999 -0.0098 100.0598 -37.7283 -296.215 -194.508 -166.2809 
1786081302.384 -0.01 -0.008 -0.002539999 -0.0098 100.0598 -37.7283 -296.21 -194.504 -166.2797 
1786081302.541 -0.005 -0.004 -0.003809998 -0.0098 100.0598 -37.7283 -296.215 -194.508 -166.2784 
1786081302.699 -0.01 -0.008 -0.005079997 -0.0098 100.0598 -37.7283 -296.21 -194.504 -166.2771 
1786081302.862 -0.005 -0.004 -0.005079997 -0.0048 100.0598 -37.7283 -296.215 -194.508 -166.2771 
1786081303.021 -0.005 -0.004 -0.005079997 -0.0048 100.0598 -37.7283 -296.215 -194.508 -166.2771 
1786081303.181 -0.005 -0.004 -0.005079997 -0.0048 100.0598 -37.7283 -296.215 -194.508 -166.2771 
1786081303.339 -0.005 -0.004 -0.005079997 -0.0048 100.0598 -37.7283 -296.215 -194.508 -166.2771 
1786081303.499 4.547578e-15 -0.004 -0.003809998 -0.0048 100.0598 -37.7283 -296.22 -194.508 -166.2784 
1786081303.660 0.005 1.864481e-14 -0.002539999 -0.0048 100.0598 -37.7283 -296.225 -194.512 -166.2797 
1786081303.819 0.005 0.004 0.002539999 0.0052 100.0598 -37.7283 -296.225 -194.516 -166.2847 
1786081303.977 0.01 0.008 0.005079997 0.0052 100.0598 -37.7283 -296.23 -194.52 -166.2873 
1786081304.136 0.005 0.004 0.005079997 0.0052 100.0598 -37.7283 -296.225 -194.516 -166.2873 
1786081304.296 0.01 0.008 0.005079997 0.0052 100.0598 -37.7283 -296.23 -194.52 -166.2873 
1786081304.469 0.005 0.004 0.005079997 0.0052 100.0598 -37.7283 -296.225 -194.516 -166.2873 
1786081304.629 0.01 0.004 0.005079997 0.0052 100.0598 -37.7283 -296.23 -194.516 -166.2873 
1786081304.787 0.005 0.004 0.005079997 0.0002 100.0598 -37.7283 -296.225 -194.516 -166.2873 
1786081304.945 0.005 0.004 0.005079997 0.0002 100.0598 -37.7283 -296.225 -194.516 -166.2873 
1786081305.104 0.005 0.004 0.002539999 0.0002 100.0598 -37.7283 -296.225 -194.516 -166.2847 
1786081305.263 0.005 1.864481e-14 0.001269999 0.0002 100.0598 -37.7283 -296.225 -194.512 -166.2835 
1786081305.422 4.547578e-15 -0.004 -1.281353e-14 -0.0048 100.0598 -37.7283 -296.22 -194.508 -166.2822 
1786081305.581 4.547578e-15 -0.004 -0.001269999 -0.0048 100.0598 -37.7283 -296.22 -194.508 -166.2809 
1786081305.738 4.547578e-15 -0.004 -0.001269999 -0.0048 100.0598 -37.7283 -296.22 -194.508 -166.2809 
1786081305.897 0.005 -0.004 -0.001269999 -0.0048 100.0598 -37.7283 -296.225 -194.508 -166.2809 
1786081306.059 0.005 1.864481e-14 -0.001269999 -0.0048 100.0598 -37.7283 -296.225 -194.512 -166.2809 
1786081306.220 0.005 0.004 0.002539999 0.0052 100.0598 -37.7283 -296.225 -194.516 -166.2847 
1786081306.379 0.01 0.008 0.006349997 0.0052 100.0598 -37.7283 -296.23 -194.52 -166.2885 
1786081306.540 0.01 0.012 0.007619996 0.0102 100.0598 -37.7283 -296.23 -194.524 -166.2898 
1786081306.701 0.01 0.008 0.006349997 0.0052 100.0598 -37.7283 -296.23 -194.52 -166.2885 
1786081306.862 0.01 0.012 0.007619996 0.0102 100.0598 -37.7283 -296.23 -194.524 -166.2898 
1786081307.019 0.01 0.008 0.007619996 0.0102 100.0598 -37.7283 -296.23 -194.52 -166.2898 
1786081307.177 0.01 0.008 0.006349997 0.0102 100.0598 -37.7283 -296.23 -194.52 -166.2885 
1786081307.342 0.01 0.008 0.006349997 0.0102 100.0598 -37.7283 -296.23 -194.52 -166.2885 
1786081307.501 0.005 0.008 0.006349997 0.0052 100.0598 -37.7283 -296.225 -194.52 -166.2885 
1786081307.660 0.005 0.004 0.005079997 0.0052 100.0598 -37.7283 -296.225 -194.516 -166.2873 
1786081307.820 0.005 0.004 0.005079997 0.0052 100.0598 -37.7283 -296.225 -194.516 -166.2873 
1786081307.978 0.005 0.008 0.006349997 0.0102 100.0598 -37.7283 -296.225 -194.52 -166.2885 
1786081308.137 0.01 0.008 0.006349997 0.0102 100.0598 -37.7283 -296.23 -194.52 -166.2885 
1786081308.295 0.005 0.008 0.007619996 0.0102 100.0598 -37.7283 -296.225 -194.52 -166.2898 
1786081308.455 0.01 0.012 0.007619996 0.0102 100.0598 -37.7283 -296.23 -194.524 -166.2898 
1786081308.616 0.01 0.008 0.007619996 0.0102 100.0598 -37.7283 -296.23 -194.52 -166.2898 
1786081308.776 0.01 0.016 0.008889995 0.0152 100.0598 -37.7283 -296.23 -194.528 -166.2911 
1786081308.936 0.015 0.02 0.01015999 0.0202 100.0598 -37.7283 -296.235 -194.532 -166.2924 
1786081309.096 0.015 0.02 0.01142999 0.0202 100.0598 -37.7283 -296.235 -194.532 -166.2936 
1786081309.256 0.015 0.02 0.01015999 0.0152 100.0598 -37.7283 -296.235 -194.532 -166.2924 
1786081309.416 0.015 0.016 0.01015999 0.0152 100.0598 -37.7283 -296.23 -194.528 -166.2924 
1786081309.584 0.01 0.012 0.008889995 0.0152 100.0598 -37.7283 -296.23 -194.524 -166.2911 
1786081309.745 0.01 0.012 0.007619996 0.0102 100.0598 -37.7283 -296.23 -194.524 -166.2898 
1786081309.905 0.015 0.012 0.008889995 0.0152 100.0598 -37.7283 -296.235 -194.524 -166.2911 
1786081310.063 0.015 0.012 0.008889995 0.0152 100.0598 -37.7283 -296.235 -194.524 -166.2911 
1786081310.224 0.015 0.012 0.007619996 0.0102 100.0598 -37.7283 -296.235 -194.524 -166.2898 
1786081310.382 0.01 0.012 0.006349997 0.0102 100.0598 -37.7283 -296.23 -194.524 -166.2885 
1786081310.541 0.01 0.012 0.007619996 0.0102 100.0598 -37.7283 -296.23 -194.524 -166.2898 
1786081310.700 0.01 0.012 0.007619996 0.0102 100.0598 -37.7283 -296.23 -194.524 -166.2898 
1786081310.866 0.015 0.016 0.008889995 0.0152 100.0598 -37.7283 -296.235 -194.528 -166.2911 
1786081311.037 0.01 0.012 0.007619996 0.0102 100.0598 -37.7283 -296.23 -194.524 -166.2898 
1786081311.194 0.005 0.012 0.006349997 0.0102 100.0598 -37.7283 -296.225 -194.524 -166.2885 
1786081311.352 0.005 0.008 0.005079997 0.0052 100.0598 -37.7283 -296.225 -194.52 -166.2873 
1786081311.512 0.01 0.008 0.006349997 0.0102 100.0598 -37.7283 -296.23 -194.52 -166.2885 
1786081311.676 0.01 0.012 0.007619996 0.0102 100.0598 -37.7283 -296.23 -194.524 -166.2898 
1786081311.835 0.005 0.008 0.006349997 0.0102 100.0598 -37.7283 -296.225 -194.52 -166.2885 
1786081311.993 0.005 0.008 0.005079997 0.0052 100.0598 -37.7283 -296.225 -194.52 -166.2873 
1786081312.152 4.547578e-15 -0.008 -0.005079997 -0.0098 100.0598 -37.7283 -296.22 -194.504 -166.2771 
1786081312.310 -0.02 -0.024 -0.01396999 -0.0248 100.0598 -37.7283 -296.2 -194.488 -166.2682 
1786081312.467 -0.02 -0.024 -0.01396999 -0.0248 100.0598 -37.7283 -296.2 -194.488 -166.2682 
1786081312.627 -0.015 -0.02 -0.01142999 -0.0148 100.0598 -37.7283 -296.205 -194.492 -166.2708 
1786081312.784 -0.005 -0.004 -0.003809998 -0.0048 100.0598 -37.7283 -296.215 -194.508 -166.2784 
1786081312.942 0.02 0.024 0.01142999 0.0202 100.0598 -37.7283 -296.24 -194.536 -166.2936 
1786081313.099 0.04 0.06 0.01904999 0.0402 100.0598 -37.7283 -296.26 -194.572 -166.3012 
1786081313.258 0.05 0.068 0.02285999 0.0502 100.0598 -37.7283 -296.27 -194.58 -166.3051 
1786081313.418 0.04 0.048 0.01777999 0.0352 100.0598 -37.7283 -296.26 -194.56 -166.3 
1786081313.581 0.015 0.012 0.007619996 0.0102 100.0598 -37.7283 -296.235 -194.524 -166.2885 
1786081313.739 -0.005 -0.012 -0.002539999 -0.0048 100.0598 -37.7283 -296.215 -194.5 -166.2797 
1786081313.898 -0.02 -0.028 -0.01396999 -0.0248 100.0598 -37.7283 -296.2 -194.484 -166.2682 
1786081314.057 -0.025 -0.032 -0.01523999 -0.0298 100.0598 -37.7283 -296.195 -194.48 -166.267 
1786081314.217 -0.025 -0.028 -0.01396999 -0.0248 100.0598 -37.7283 -296.195 -194.484 -166.2682 
1786081314.376 -0.015 -0.016 -0.008889995 -0.0148 100.0598 -37.7283 -296.205 -194.496 -166.2733 
1786081314.539 -0.005 -0.004 -0.005079997 -0.0048 100.0598 -37.7283 -296.215 -194.508 -166.2771 
1786081314.697 4.547578e-15 0.004 0.001269999 0.0052 100.0598 -37.7283 -296.22 -194.516 -166.2835 
1786081314.856 0.01 0.012 0.007619996 0.0152 100.0598 -37.7283 -296.23 -194.524 -166.2898 
1786081315.016 0.01 0.008 0.007619996 0.0102 100.0598 -37.7283 -296.225 -194.52 -166.2898 
1786081315.175 0.005 0.008 0.007619996 0.0102 100.0598 -37.7283 -296.225 -194.52 -166.2898 
1786081315.335 0.005 0.008 0.006349997 0.0052 100.0598 -37.7283 -296.225 -194.52 -166.2885 
1786081315.496 0.005 0.008 0.006349997 0.0102 100.0598 -37.7283 -296.225 -194.52 -166.2885 
1786081315.657 0.01 0.008 0.006349997 0.0052 100.0598 -37.7283 -296.23 -194.52 -166.2885 
1786081315.819 0.005 0.004 0.006349997 0.0052 100.0598 -37.7283 -296.225 -194.516 -166.2885 
1786081315.978 0.005 0.004 0.005079997 0.0052 100.0598 -37.7283 -296.225 -194.516 -166.2873 
1786081316.136 0.005 0.004 0.005079997 0.0052 100.0598 -37.7283 -296.225 -194.516 -166.2873 
1786081316.295 0.01 0.004 0.006349997 0.0102 100.0598 -37.7283 -296.23 -194.516 -166.2885 
1786081316.455 0.01 0.004 0.006349997 0.0102 100.0598 -37.7283 -296.23 -194.516 -166.2885 
1786081316.615 0.01 0.004 0.006349997 0.0102 100.0598 -37.7283 -296.23 -194.516 -166.2885 
1786081316.775 0.005 0.004 0.006349997 0.0052 100.0598 -37.7283 -296.225 -194.516 -166.2885 
1786081316.941 0.005 0.004 0.006349997 0.0102 100.0598 -37.7283 -296.225 -194.516 -166.2885 
1786081317.104 0.005 0.008 0.007619996 0.0102 100.0598 -37.7283 -296.23 -194.52 -166.2898 
1786081317.267 0.01 0.012 0.008889995 0.0102 100.0598 -37.7283 -296.23 -194.524 -166.2911 
1786081317.427 0.01 0.012 0.007619996 0.0102 100.0598 -37.7283 -296.23 -194.524 -166.2898 
1786081317.585 0.005 0.008 0.007619996 0.0102 100.0598 -37.7283 -296.225 -194.52 -166.2898 
1786081317.746 0.005 0.004 0.005079997 0.0052 100.0598 -37.7283 -296.225 -194.516 -166.2873 
1786081317.911 -0.005 -0.004 -1.281353e-14 -0.0098 100.0598 -37.7283 -296.215 -194.508 -166.2822 
1786081318.072 -0.01 -0.012 -0.007619996 -0.0098 100.0598 -37.7283 -296.21 -194.5 -166.2746 
1786081318.230 -0.015 -0.016 -0.008889995 -0.0098 100.0598 -37.7283 -296.21 -194.496 -166.2733 
1786081318.392 -0.01 -0.016 -0.008889995 -0.0148 100.0598 -37.7283 -296.21 -194.496 -166.2733 
1786081318.551 -0.015 -0.02 -0.01015999 -0.0148 100.0598 -37.7283 -296.205 -194.492 -166.272 
1786081318.708 -0.01 -0.016 -0.01015999 -0.0148 100.0598 -37.7283 -296.21 -194.496 -166.272 
1786081318.867 -0.015 -0.016 -0.008889995 -0.0148 100.0598 -37.7283 -296.205 -194.496 -166.2733 
1786081319.026 -0.01 -0.012 -0.007619996 -0.0098 100.0598 -37.7283 -296.21 -194.5 -166.2746 
1786081319.185 -0.01 -0.012 -0.007619996 -0.0098 100.0598 -37.7283 -296.21 -194.5 -166.2746 
1786081319.345 -0.005 -0.008 -0.006349997 -0.0048 100.0598 -37.7283 -296.215 -194.504 -166.2759 
1786081319.503 -0.005 -0.008 -0.006349997 -0.0098 100.0598 -37.7283 -296.215 -194.504 -166.2759 
1786081319.660 -0.005 -0.008 -0.006349997 -0.0098 100.0598 -37.7283 -296.215 -194.504 -166.2759 
1786081319.818 -0.01 -0.008 -0.006349997 -0.0098 100.0598 -37.7283 -296.21 -194.504 -166.2759 
1786081319.977 -0.01 -0.012 -0.007619996 -0.0098 100.0598 -37.7283 -296.21 -194.5 -166.2746 
1786081320.137 -0.01 -0.012 -0.007619996 -0.0148 100.0598 -37.7283 -296.21 -194.5 -166.2746 
1786081320.299 -0.01 -0.012 -0.007619996 -0.0098 100.0598 -37.7283 -296.21 -194.5 -166.2746 
1786081320.459 -0.015 -0.016 -0.008889995 -0.0148 100.0598 -37.7283 -296.205 -194.496 -166.2733 
1786081320.617 -0.01 -0.016 -0.008889995 -0.0148 100.0598 -37.7283 -296.205 -194.496 -166.2733 
1786081320.775 -0.01 -0.016 -0.01015999 -0.0148 100.0598 -37.7283 -296.21 -194.496 -166.272 
1786081320.934 -0.01 -0.016 -0.008889995 -0.0148 100.0598 -37.7283 -296.21 -194.496 -166.2733 
1786081321.093 -0.01 -0.016 -0.01015999 -0.0148 100.0598 -37.7283 -296.21 -194.496 -166.272 
1786081321.252 -0.015 -0.016 -0.007619996 -0.0148 100.0598 -37.7283 -296.205 -194.496 -166.2746 
1786081321.416 -0.01 -0.012 -0.007619996 -0.0098 100.0598 -37.7283 -296.21 -194.5 -166.2746 
1786081321.581 -0.01 -0.012 -0.007619996 -0.0098 100.0598 -37.7283 -296.21 -194.5 -166.2746 
1786081321.742 -0.01 -0.008 -0.006349997 -0.0098 100.0598 -37.7283 -296.21 -194.504 -166.2759 
1786081321.901 -0.01 -0.012 -0.006349997 -0.0098 100.0598 -37.7283 -296.21 -194.5 -166.2759 
1786081322.061 -0.01 -0.008 -0.007619996 -0.0098 100.0598 -37.7283 -296.21 -194.504 -166.2746 
1786081322.222 -0.01 -0.012 -0.006349997 -0.0098 100.0598 -37.7283 -296.215 -194.504 -166.2759 
1786081322.384 -0.005 -0.008 -0.005079997 -0.0098 100.0598 -37.7283 -296.21 -194.504 -166.2771 
1786081322.545 -0.005 -0.008 -0.006349997 -0.0098 100.0598 -37.7283 -296.215 -194.504 -166.2759 
1786081322.719 -0.01 -0.008 -0.005079997 -0.0098 100.0598 -37.7283 -296.21 -194.504 -166.2759 
1786081322.881 -0.005 -0.008 -0.005079997 -0.0048 100.0598 -37.7283 -296.215 -194.504 -166.2771 
1786081323.040 -0.005 -0.008 -0.006349997 -0.0098 100.0598 -37.7283 -296.215 -194.504 -166.2759 
1786081323.199 -0.005 -0.008 -0.006349997 -0.0048 100.0598 -37.7283 -296.215 -194.504 -166.2759 
1786081323.357 -0.005 -0.008 -0.006349997 -0.0098 100.0598 -37.7283 -296.215 -194.504 -166.2759 
1786081323.514 -0.005 -0.008 -0.006349997 -0.0048 100.0598 -37.7283 -296.215 -194.504 -166.2759 
1786081323.671 -0.01 -0.012 -0.006349997 -0.0098 100.0598 -37.7283 -296.21 -194.5 -166.2759 
1786081323.829 -0.01 -0.008 -0.006349997 -0.0098 100.0598 -37.7283 -296.21 -194.504 -166.2759 
1786081323.986 -0.01 -0.012 -0.006349997 -0.0098 100.0598 -37.7283 -296.21 -194.5 -166.2759 
1786081324.155 -0.01 -0.008 -0.006349997 -0.0098 100.0598 -37.7283 -296.21 -194.504 -166.2759 
1786081324.320 -0.01 -0.008 -0.005079997 -0.0098 100.0598 -37.7283 -296.21 -194.504 -166.2771 
1786081324.477 -0.01 -0.008 -0.006349997 -0.0098 100.0598 -37.7283 -296.21 -194.504 -166.2759 
1786081324.635 -0.01 -0.008 -0.006349997 -0.0098 100.0598 -37.7283 -296.21 -194.504 -166.2759 
1786081324.794 -0.01 -0.008 -0.006349997 -0.0098 100.0598 -37.7283 -296.21 -194.504 -166.2759 
1786081324.951 -0.01 -0.008 -0.006349997 -0.0098 100.0598 -37.7283 -296.21 -194.504 -166.2759 
1786081325.108 -0.01 -0.008 -0.006349997 -0.0098 100.0598 -37.7283 -296.21 -194.504 -166.2759 
1786081325.266 -0.01 -0.008 -0.006349997 -0.0048 100.0598 -37.7283 -296.21 -194.504 -166.2759 
1786081325.423 -0.005 -0.008 -0.006349997 -0.0098 100.0598 -37.7283 -296.215 -194.504 -166.2759 
1786081325.582 -0.005 -0.008 -0.006349997 -0.0048 100.0598 -37.7283 -296.215 -194.504 -166.2759 
1786081325.742 -0.005 -0.008 -0.006349997 -0.0098 100.0598 -37.7283 -296.215 -194.504 -166.2759 
1786081325.899 -0.005 -0.008 -0.005079997 -0.0048 100.0598 -37.7283 -296.215 -194.504 -166.2771 
1786081326.059 -0.005 -0.008 -0.005079997 -0.0098 100.0598 -37.7283 -296.215 -194.504 -166.2771 
1786081326.216 -0.005 -0.004 -0.005079997 -0.0048 100.0598 -37.7283 -296.215 -194.504 -166.2771 
1786081326.374 -0.005 -0.004 -0.005079997 -0.0048 100.0598 -37.7283 -296.215 -194.508 -166.2771 
1786081326.532 -0.005 -0.004 -0.005079997 -0.0048 100.0598 -37.7283 -296.215 -194.508 -166.2771 
1786081326.693 -0.005 -0.004 -0.005079997 -0.0048 100.0598 -37.7283 -296.215 -194.508 -166.2771 
1786081326.850 -0.005 -0.008 -0.005079997 -0.0048 100.0598 -37.7283 -296.215 -194.504 -166.2771 
1786081327.008 -0.005 -0.008 -0.006349997 -0.0098 100.0598 -37.7283 -296.215 -194.504 -166.2759 
1786081327.165 -1.364187e-14 0 -4.600487e-15 1.137979e-14 100.0598 -37.7283 -296.2 -194.504 -166.2733 
1786081327.331 2.04628e-14 0 -4.600487e-15 2.273182e-14 100.0598 -37.7283 -296.175 -194.504 -166.2733 
1786081327.489 2.04628e-14 0 -4.600487e-15 2.273182e-14 100.0598 -37.7283 -296.175 -194.504 -166.2733 
1786081327.645 2.04628e-14 0 -4.600487e-15 2.273182e-14 100.0598 -37.7283 -296.175 -194.504 -166.2733 
1786081327.807 2.04628e-14 0 -4.600487e-15 2.273182e-14 100.0598 -37.7283 -296.175 -194.504 -166.2733 
1786081327.964 2.04628e-14 0 -4.600487e-15 2.273182e-14 100.0598 -37.7283 -296.175 -194.504 -166.2733 
1786081328.122 2.04628e-14 0 -4.600487e-15 2.273182e-14 100.0598 -37.7283 -296.175 -194.504 -166.2733 
1786081328.280 2.04628e-14 0 -4.600487e-15 2.273182e-14 100.0598 -37.7283 -296.175 -194.504 -166.2733 
1786081328.440 2.04628e-14 0 -4.600487e-15 2.273182e-14 100.0598 -37.7283 -296.175 -194.504 -166.2733 
1786081328.600 2.04628e-14 0 -4.600487e-15 2.273182e-14 100.0598 -37.7283 -296.175 -194.504 -166.2733 
1786081328.759 2.04628e-14 0 -4.600487e-15 2.273182e-14 100.0598 -37.7283 -296.175 -194.504 -166.2733 
1786081328.919 2.04628e-14 0 -4.600487e-15 2.273182e-14 100.0598 -37.7283 -296.175 -194.504 -166.2733 
1786081329.078 2.04628e-14 0 -4.600487e-15 2.273182e-14 100.0598 -37.7283 -296.175 -194.504 -166.2733 
1786081329.238 2.04628e-14 0 -4.600487e-15 2.273182e-14 100.0598 -37.7283 -296.175 -194.504 -166.2733 
1786081329.402 2.04628e-14 0 -4.600487e-15 2.273182e-14 100.0598 -37.7283 -296.175 -194.504 -166.2733 
1786081329.561 2.04628e-14 0 -4.600487e-15 2.273182e-14 100.0598 -37.7283 -296.175 -194.504 -166.2733 
1786081329.720 2.04628e-14 0 -4.600487e-15 2.273182e-14 100.0598 -37.7283 -296.175 -194.504 -166.2733 
1786081329.881 2.04628e-14 0 -4.600487e-15 2.273182e-14 100.0598 -37.7283 -296.175 -194.504 -166.2733 
1786081330.041 2.04628e-14 0 -4.600487e-15 2.273182e-14 100.0598 -37.7283 -296.175 -194.504 -166.2733 
1786081330.200 2.04628e-14 0 -4.600487e-15 2.273182e-14 100.0598 -37.7283 -296.175 -194.504 -166.2733 
1786081330.360 -0.05 -0.076 -0.02539999 0.0152 100.0598 -37.7283 -296.125 -194.428 -166.2479 
1786081330.529 -0.045 -0.052 -0.02539999 -0.0448 100.0598 -37.7283 -296.13 -194.452 -166.2479 
1786081330.694 -0.04 -0.048 -0.02412999 -0.0498 100.0598 -37.7283 -296.135 -194.456 -166.2492 
1786081330.853 -0.045 -0.048 -0.02285999 -0.0448 100.0598 -37.7283 -296.13 -194.456 -166.2505 
1786081331.013 -0.04 -0.044 -0.02285999 -0.0448 100.0598 -37.7283 -296.135 -194.46 -166.2505 
1786081331.172 -0.04 -0.044 -0.02285999 -0.0448 100.0598 -37.7283 -296.135 -194.46 -166.2505 
1786081331.331 -0.035 -0.04 -0.02158999 -0.0398 100.0598 -37.7283 -296.14 -194.464 -166.2517 
1786081331.493 -0.035 -0.04 -0.02031999 -0.0398 100.0598 -37.7283 -296.14 -194.464 -166.253 
1786081331.653 -0.035 -0.04 -0.02031999 -0.0398 100.0598 -37.7283 -296.14 -194.464 -166.253 
1786081331.812 -0.03 -0.04 -0.01904999 -0.0348 100.0598 -37.7283 -296.145 -194.464 -166.2543 
1786081331.970 -0.035 -0.036 -0.01904999 -0.0398 100.0598 -37.7283 -296.14 -194.468 -166.2543 
1786081332.128 -0.03 -0.036 -0.01777999 -0.0348 100.0598 -37.7283 -296.145 -194.468 -166.2555 
1786081332.286 -0.03 -0.032 -0.01650999 -0.0348 100.0598 -37.7283 -296.145 -194.468 -166.2568 
1786081332.444 -0.025 -0.032 -0.01650999 -0.0298 100.0598 -37.7283 -296.15 -194.472 -166.2568 
1786081332.603 -0.025 -0.032 -0.01650999 -0.0298 100.0598 -37.7283 -296.15 -194.472 -166.2568 
1786081332.762 -0.025 -0.028 -0.01650999 -0.0298 100.0598 -37.7283 -296.15 -194.476 -166.2568 
1786081332.922 -0.025 -0.028 -0.01396999 -0.0298 100.0598 -37.7283 -296.15 -194.476 -166.2593 
1786081333.082 -0.02 -0.024 -0.01396999 -0.0248 100.0598 -37.7283 -296.15 -194.476 -166.2593 
1786081333.244 -0.025 -0.024 -0.01396999 -0.0298 100.0598 -37.7283 -296.15 -194.476 -166.2593 
1786081333.403 0.015 0.016 0.008889995 0.0152 100.0598 -37.7283 -296.19 -194.52 -166.2822 
1786081333.562 0.03 0.036 0.01777999 0.0302 100.0598 -37.7283 -296.205 -194.54 -166.2911 
1786081333.721 0.03 0.032 0.01777999 0.0302 100.0598 -37.7283 -296.205 -194.536 -166.2911 
1786081333.885 0.025 0.032 0.01650999 0.0302 100.0598 -37.7283 -296.205 -194.536 -166.2898 
1786081334.044 0.03 0.032 0.01650999 0.0252 100.0598 -37.7283 -296.205 -194.536 -166.2898 
1786081334.204 0.025 0.028 0.01523999 0.0252 100.0598 -37.7283 -296.2 -194.532 -166.2885 
1786081334.363 0.025 0.028 0.01523999 0.0252 100.0598 -37.7283 -296.2 -194.532 -166.2885 
1786081334.522 0.025 0.028 0.01523999 0.0252 100.0598 -37.7283 -296.2 -194.532 -166.2885 
1786081334.684 0.025 0.028 0.01396999 0.0252 100.0598 -37.7283 -296.2 -194.532 -166.2873 
1786081334.843 0.025 0.028 0.01396999 0.0202 100.0598 -37.7283 -296.2 -194.532 -166.2873 
1786081335.003 0.02 0.024 0.01396999 0.0202 100.0598 -37.7283 -296.195 -194.528 -166.2873 
1786081335.166 0.02 0.024 0.01396999 0.0252 100.0598 -37.7283 -296.195 -194.528 -166.2873 
1786081335.328 0.02 0.024 0.01396999 0.0202 100.0598 -37.7283 -296.195 -194.528 -166.2873 
1786081335.520 0.02 0.024 0.01269999 0.0202 100.0598 -37.7283 -296.195 -194.528 -166.286 
1786081335.681 0.02 0.02 0.01269999 0.0202 100.0598 -37.7283 -296.195 -194.524 -166.286 
1786081335.841 0.02 0.024 0.01269999 0.0202 100.0598 -37.7283 -296.195 -194.528 -166.286 
1786081336.000 0.02 0.024 0.01269999 0.0202 100.0598 -37.7283 -296.195 -194.528 -166.286 
1786081336.158 0.02 0.02 0.01015999 0.0152 100.0598 -37.7283 -296.195 -194.524 -166.2835 
1786081336.316 0.02 0.02 0.01015999 0.0152 100.0598 -37.7283 -296.195 -194.524 -166.2835 
1786081336.474 0.02 0.02 0.01015999 0.0152 100.0598 -37.7283 -296.195 -194.524 -166.2835 
1786081336.633 0.02 0.02 0.01015999 0.0152 100.0598 -37.7283 -296.195 -194.524 -166.2835 
1786081336.790 0.02 0.02 0.01015999 0.0152 100.0598 -37.7283 -296.195 -194.524 -166.2835 
1786081336.947 0.015 0.016 0.008889995 0.0152 100.0598 -37.7283 -296.19 -194.52 -166.2822 
1786081337.104 0.015 0.02 0.01015999 0.0152 100.0598 -37.7283 -296.19 -194.524 -166.2835 
1786081337.264 0.015 0.016 0.008889995 0.0152 100.0598 -37.7283 -296.19 -194.52 -166.2822 
1786081337.422 0.015 0.016 0.008889995 0.0152 100.0598 -37.7283 -296.19 -194.52 -166.2822 
1786081337.579 0.015 0.016 0.008889995 0.0102 100.0598 -37.7283 -296.19 -194.52 -166.2822 
1786081337.736 0.015 0.016 0.008889995 0.0102 100.0598 -37.7283 -296.19 -194.52 -166.2822 
1786081337.895 0.015 0.012 0.008889995 0.0102 100.0598 -37.7283 -296.19 -194.516 -166.2822 
1786081338.058 0.015 0.016 0.008889995 0.0152 100.0598 -37.7283 -296.19 -194.52 -166.2822 
1786081338.217 0.015 0.016 0.008889995 0.0152 100.0598 -37.7283 -296.19 -194.52 -166.2822 
1786081338.377 0.015 0.016 0.008889995 0.0152 100.0598 -37.7283 -296.19 -194.52 -166.2822 
1786081338.538 0.01 0.012 0.008889995 0.0102 100.0598 -37.7283 -296.185 -194.516 -166.2822 
1786081338.698 0.01 0.012 0.007619996 0.0102 100.0598 -37.7283 -296.185 -194.516 -166.2809 
1786081338.860 0.01 0.012 0.007619996 0.0102 100.0598 -37.7283 -296.185 -194.516 -166.2809 
1786081339.018 0.01 0.012 0.007619996 0.0102 100.0598 -37.7283 -296.185 -194.516 -166.2809 
1786081339.177 0.01 0.012 0.007619996 0.0052 100.0598 -37.7283 -296.185 -194.516 -166.2809 
1786081339.335 0.01 0.012 0.007619996 0.0102 100.0598 -37.7283 -296.185 -194.516 -166.2809 
1786081339.494 0.01 0.008 0.007619996 0.0052 100.0598 -37.7283 -296.185 -194.512 -166.2809 
1786081339.662 0.01 0.012 0.007619996 0.0102 100.0598 -37.7283 -296.185 -194.516 -166.2809 
1786081339.830 0.01 0.012 0.006349997 0.0052 100.0598 -37.7283 -296.185 -194.512 -166.2797 
1786081339.990 0.005 0.008 0.006349997 0.0052 100.0598 -37.7283 -296.18 -194.512 -166.2797 
1786081340.149 0.01 0.012 0.007619996 0.0102 100.0598 -37.7283 -296.185 -194.516 -166.2809 
1786081340.308 0.01 0.008 0.006349997 0.0102 100.0598 -37.7283 -296.185 -194.512 -166.2797 
1786081340.467 0.01 0.008 0.006349997 0.0102 100.0598 -37.7283 -296.185 -194.512 -166.2797 
1786081340.625 0.01 0.012 0.006349997 0.0102 100.0598 -37.7283 -296.185 -194.516 -166.2797 
1786081340.785 0.01 0.008 0.006349997 0.0102 100.0598 -37.7283 -296.185 -194.512 -166.2797 
1786081340.945 0.01 0.008 0.006349997 0.0052 100.0598 -37.7283 -296.185 -194.512 -166.2797 
1786081341.102 0.01 0.008 0.006349997 0.0052 100.0598 -37.7283 -296.185 -194.512 -166.2797 
1786081341.261 0.01 0.008 0.006349997 0.0052 100.0598 -37.7283 -296.185 -194.512 -166.2797 
1786081341.418 0.01 0.008 0.006349997 0.0102 100.0598 -37.7283 -296.185 -194.512 -166.2797 
1786081341.575 0.01 0.008 0.006349997 0.0052 100.0598 -37.7283 -296.185 -194.512 -166.2797 
1786081341.733 0.01 0.008 0.006349997 0.0102 100.0598 -37.7283 -296.185 -194.512 -166.2797 
1786081341.894 0.01 0.008 0.006349997 0.0052 100.0598 -37.7283 -296.185 -194.512 -166.2797 
1786081342.053 0.005 0.008 0.006349997 0.0052 100.0598 -37.7283 -296.18 -194.512 -166.2797 
1786081342.213 0.005 0.008 0.005079997 0.0052 100.0598 -37.7283 -296.18 -194.512 -166.2784 
1786081342.375 0.005 0.004 0.005079997 0.0052 100.0598 -37.7283 -296.18 -194.508 -166.2784 
1786081342.534 0.01 0.008 0.006349997 0.0102 100.0598 -37.7283 -296.185 -194.512 -166.2797 
1786081342.694 0.01 0.008 0.006349997 0.0052 100.0598 -37.7283 -296.185 -194.512 -166.2797 
1786081342.852 0.01 0.004 0.006349997 0.0052 100.0598 -37.7283 -296.185 -194.508 -166.2797 
1786081343.009 0.01 0.008 0.006349997 0.0052 100.0598 -37.7283 -296.185 -194.512 -166.2797 
1786081343.167 0.01 0.004 0.006349997 0.0052 100.0598 -37.7283 -296.185 -194.508 -166.2797 
1786081343.324 0.005 0.004 0.006349997 0.0052 100.0598 -37.7283 -296.18 -194.508 -166.2797 
1786081343.485 0.01 0.008 0.006349997 0.0102 100.0598 -37.7283 -296.185 -194.512 -166.2797 
1786081343.645 0.005 0.008 0.006349997 0.0052 100.0598 -37.7283 -296.18 -194.512 -166.2797 
1786081343.806 0.005 0.004 0.005079997 0.0052 100.0598 -37.7283 -296.18 -194.512 -166.2784 
1786081343.965 0.005 0.008 0.005079997 0.0102 100.0598 -37.7283 -296.18 -194.512 -166.2784 
1786081344.124 0.005 0.004 0.005079997 0.0052 100.0598 -37.7283 -296.18 -194.508 -166.2784 
1786081344.283 0.01 0.008 0.006349997 0.0102 100.0598 -37.7283 -296.185 -194.512 -166.2797 
1786081344.443 0.01 0.008 0.005079997 0.0052 100.0598 -37.7283 -296.185 -194.512 -166.2784 
1786081344.603 0.005 0.004 0.005079997 0.0052 100.0598 -37.7283 -296.18 -194.508 -166.2784 
1786081344.762 0.005 0.004 0.005079997 0.0052 100.0598 -37.7283 -296.18 -194.508 -166.2784 
1786081344.925 0.005 0.004 0.005079997 0.0052 100.0598 -37.7283 -296.18 -194.508 -166.2784 
1786081345.085 0.005 0.008 0.005079997 0.0052 100.0598 -37.7283 -296.18 -194.512 -166.2784 
1786081345.245 0.005 0.004 0.005079997 0.0052 100.0598 -37.7283 -296.18 -194.508 -166.2784 
1786081345.405 0.005 0.004 0.005079997 0.0052 100.0598 -37.7283 -296.18 -194.508 -166.2784 
1786081345.565 0.005 0.004 0.005079997 0.0052 100.0598 -37.7283 -296.18 -194.508 -166.2784 
1786081345.724 0.005 0.004 0.005079997 0.0052 100.0598 -37.7283 -296.18 -194.508 -166.2784 
1786081345.884 0.01 0.008 0.006349997 0.0102 100.0598 -37.7283 -296.185 -194.512 -166.2797 
1786081346.047 0.005 0.004 0.005079997 0.0052 100.0598 -37.7283 -296.18 -194.508 -166.2784 
1786081346.205 0.005 0.004 0.005079997 0.0052 100.0598 -37.7283 -296.18 -194.508 -166.2784 
1786081346.368 0.005 0.004 0.005079997 0.0102 100.0598 -37.7283 -296.18 -194.508 -166.2784 
1786081346.528 0.005 0 0.005079997 0.0052 100.0598 -37.7283 -296.18 -194.504 -166.2784 
1786081346.689 0.005 0 0.005079997 0.0052 100.0598 -37.7283 -296.18 -194.504 -166.2784 
1786081346.849 0.005 0 0.003809998 0.0052 100.0598 -37.7283 -296.18 -194.504 -166.2771 
1786081347.008 2.04628e-14 -0.004 0.002539999 0.0052 100.0598 -37.7283 -296.175 -194.5 -166.2759 
1786081347.168 2.04628e-14 -0.004 0.001269999 0.0052 100.0598 -37.7283 -296.175 -194.5 -166.2746 
1786081347.328 -0.005 -0.004 -4.600487e-15 0.0052 100.0598 -37.7283 -296.17 -194.5 -166.2733 
1786081347.489 -0.005 -0.004 -0.001269999 0.0052 100.0598 -37.7283 -296.17 -194.5 -166.272 
1786081347.647 -0.005 -0.004 -0.002539999 0.0052 100.0598 -37.7283 -296.17 -194.5 -166.2708 
1786081347.805 -0.01 -0.004 -0.003809998 0.0052 100.0598 -37.7283 -296.165 -194.5 -166.2695 
1786081347.964 -0.005 -0.004 -0.003809998 0.0052 100.0598 -37.7283 -296.17 -194.5 -166.2695 
1786081348.123 -0.01 -0.004 -0.005079997 0.0052 100.0598 -37.7283 -296.165 -194.5 -166.2682 
1786081348.283 -0.005 0 -0.005079997 0.0052 100.0598 -37.7283 -296.17 -194.504 -166.2682 
1786081348.442 -0.005 0 -0.005079997 0.0052 100.0598 -37.7283 -296.17 -194.504 -166.2682 
1786081348.603 -0.005 0 -0.005079997 0.0052 100.0598 -37.7283 -296.165 -194.504 -166.2682 
1786081348.763 -0.005 0.004 -0.005079997 0.0052 100.0598 -37.7283 -296.17 -194.508 -166.2682 
1786081348.926 -0.005 0.004 -0.005079997 0.0052 100.0598 -37.7283 -296.17 -194.508 -166.2682 
1786081349.084 -0.005 0.004 -0.003809998 0.0052 100.0598 -37.7283 -296.17 -194.508 -166.2695 
1786081349.244 -0.005 0.004 -0.005079997 0.0052 100.0598 -37.7283 -296.17 -194.508 -166.2682 
1786081349.403 -0.005 0.004 -0.003809998 0.0052 100.0598 -37.7283 -296.17 -194.508 -166.2695 
1786081349.568 -0.005 0.004 -0.003809998 0.0052 100.0598 -37.7283 -296.17 -194.508 -166.2695 
1786081349.727 2.04628e-14 0.004 -0.003809998 0.0002 100.0598 -37.7283 -296.175 -194.508 -166.2695 
1786081349.887 2.04628e-14 0.004 -0.003809998 0.0052 100.0598 -37.7283 -296.175 -194.508 -166.2695 
1786081350.045 2.04628e-14 0.004 -0.005079997 0.0052 100.0598 -37.7283 -296.175 -194.508 -166.2682 
1786081350.205 0.005 0.004 -0.005079997 0.0052 100.0598 -37.7283 -296.18 -194.508 -166.2682 
1786081350.364 0.005 0.004 -0.002539999 0.0102 100.0598 -37.7283 -296.18 -194.508 -166.2708 
1786081350.523 0.005 0.004 -0.001269999 0.0052 100.0598 -37.7283 -296.18 -194.508 -166.272 
1786081350.684 0.005 0 -0.001269999 0.0052 100.0598 -37.7283 -296.18 -194.504 -166.272 
1786081350.846 0.005 -0.004 -0.003809998 0.0052 100.0598 -37.7283 -296.18 -194.5 -166.2695 
1786081351.005 2.04628e-14 -0.004 -0.003809998 0.0052 100.0598 -37.7283 -296.175 -194.5 -166.2695 
1786081351.166 -0.005 -0.004 -0.003809998 0.0052 100.0598 -37.7283 -296.17 -194.5 -166.2695 
1786081351.327 -0.005 -0.004 -0.005079997 0.0002 100.0598 -37.7283 -296.17 -194.5 -166.2682 
1786081351.487 -0.005 -0.004 -0.005079997 0.0002 100.0598 -37.7283 -296.17 -194.5 -166.2682 
1786081351.645 -0.005 -0.004 -0.005079997 0.0002 100.0598 -37.7283 -296.17 -194.5 -166.2682 
1786081351.804 -0.005 -0.004 -0.005079997 0.0002 100.0598 -37.7283 -296.17 -194.5 -166.2682 
1786081351.967 -0.005 -0.004 -0.005079997 0.0002 100.0598 -37.7283 -296.17 -194.5 -166.2682 
1786081352.127 -0.005 -0.004 -0.005079997 -0.0048 100.0598 -37.7283 -296.17 -194.5 -166.2682 
1786081352.288 -0.005 -0.004 -0.005079997 -0.0048 100.0598 -37.7283 -296.17 -194.5 -166.2682 
1786081352.447 -0.005 0 -0.003809998 -0.0048 100.0598 -37.7283 -296.17 -194.504 -166.2695 
1786081352.608 2.04628e-14 0 -0.003809998 0.0002 100.0598 -37.7283 -296.175 -194.504 -166.2695 
1786081352.767 2.04628e-14 0.004 -0.003809998 0.0002 100.0598 -37.7283 -296.175 -194.508 -166.2695 
1786081352.937 2.04628e-14 0.004 -0.003809998 0.0002 100.0598 -37.7283 -296.175 -194.508 -166.2695 
1786081353.095 2.04628e-14 0.004 -0.05187056 0.0002 100.0598 -37.7283 -296.175 -194.508 -167.3134 
1786081353.252 0.005 0.004 -0.06910366 0.0052 100.0598 -37.7283 -296.18 -194.508 -173.0424 
1786081353.410 0.005 0.004 -0.06829945 0.0052 100.0598 -37.7283 -296.18 -194.508 -183.765 
1786081353.571 2.04628e-14 -0.004 0.02220443 -0.0048 100.0598 -37.7283 -296.175 -194.5 -195.1099 
1786081353.730 2.04628e-14 -0.008 0.0455711 -0.0048 100.0598 -37.7283 -296.175 -194.496 -201.2707 
1786081353.887 -0.005 -0.008 0.02991041 -0.0048 100.0598 -37.7283 -296.17 -194.496 -202.5432 
1786081354.047 -0.005 -0.004 0.05308097 -0.0048 100.0598 -37.7283 -296.17 -194.5 -201.4955 
1786081354.205 -0.005 -0.004 0.06091409 -0.0048 100.0598 -37.7283 -296.17 -194.5 -195.736 
1786081354.365 -0.005 -0.004 0.04687993 -0.0048 100.0598 -37.7283 -296.17 -194.5 5.56261 
1786081354.525 -0.005 -0.004 -0.04326462 -0.0048 100.0598 -37.7283 -296.17 -194.5 15.65275 
1786081354.685 -0.005 -0.004 -0.05212199 -0.0048 100.0598 -37.7283 -296.17 -194.5 20.54098 
1786081354.845 -0.01 -0.008 -0.01484172 -0.0098 100.0598 -37.7283 -296.165 -194.496 21.02993 
1786081355.006 -0.005 -0.004 -0.05977289 -0.0048 100.0598 -37.7283 -296.17 -194.5 18.83918 
1786081355.166 2.04628e-14 0 -0.07435683 -0.0048 100.0598 -37.7283 -296.175 -194.504 11.57225 
1786081355.326 2.04628e-14 0 -0.01468315 -0.0048 100.0598 -37.7283 -296.175 -194.504 -0.1422272 
1786081355.486 2.04628e-14 -0.004 0.03793225 -0.0048 100.0598 -37.7283 -296.175 -194.5 -8.658843 
1786081355.646 0.005 -0.004 0.05336043 -0.0048 100.0598 -37.7283 -296.18 -194.5 -12.02307 
1786081355.805 0.005 0 0.01732245 -0.0048 100.0598 -37.7283 -296.18 -194.504 -11.99005 
1786081355.964 0.01 0.004 0.009166597 -0.0048 100.0598 -37.7283 -296.185 -194.508 -11.717 
1786081356.123 0.005 0.004 0.009900739 0.0002 100.0598 -37.7283 -296.18 -194.508 -11.45284 
1786081356.283 0.01 0.008 0.009760883 0.0002 100.0598 -37.7283 -296.185 -194.512 -11.18614 
1786081356.443 0.005 0.004 0.009621027 0.0052 100.0598 -37.7283 -296.18 -194.508 -10.91944 
1786081356.604 0.005 0.004 0.009481171 0.0052 100.0598 -37.7283 -296.18 -194.508 -10.65274 
1786081356.763 0.01 0.004 0.009341315 0.0052 100.0598 -37.7283 -296.185 -194.508 -10.38604 
1786081356.923 0.005 0.004 0.01007546 0.0052 100.0598 -37.7283 -296.18 -194.508 -10.12188 
1786081357.083 0.01 0.004 0.009061603 0.0102 100.0598 -37.7283 -296.185 -194.508 -9.852642 
1786081357.244 0.005 0.004 0.008921747 0.0052 100.0598 -37.7283 -296.18 -194.508 -9.585942 
1786081357.404 0.005 0.004 0.008781891 0.0052 100.0598 -37.7283 -296.18 -194.508 -9.319242 
1786081357.569 0.005 0.004 0.00935204 0.0102 100.0598 -37.7283 -296.18 -194.508 -9.044922 
1786081357.727 0.005 0.004 0.008816183 0.0052 100.0598 -37.7283 -296.18 -194.508 -8.779493 
1786081357.887 0.005 0.004 0.008676327 0.0052 100.0598 -37.7283 -296.18 -194.508 -8.512793 
1786081358.048 0.005 0.004 0.007662472 0.0052 100.0598 -37.7283 -296.18 -194.508 -8.243553 
1786081358.207 0.005 -0.004 0.006730615 0.0002 100.0598 -37.7283 -296.18 -194.5 -7.978123 
1786081358.367 2.04628e-14 -0.004 0.006590759 -0.0048 100.0598 -37.7283 -296.175 -194.5 -7.712693 
1786081358.524 -0.005 -0.004 0.006928901 -0.0048 100.0598 -37.7283 -296.17 -194.5 -7.449803 
1786081358.684 -0.005 -0.004 0.006393044 -0.0048 100.0598 -37.7283 -296.165 -194.5 -7.183103 
1786081358.844 -0.005 -0.004 0.007523188 -0.0048 100.0598 -37.7283 -296.17 -194.5 -6.918944 
1786081359.004 -0.01 -0.004 0.007383332 -0.0048 100.0598 -37.7283 -296.165 -194.5 -6.652244 
1786081359.161 -0.005 -0.004 0.007721474 -0.0048 100.0598 -37.7283 -296.17 -194.5 -6.389354 
1786081359.322 -0.01 -0.004 0.006311618 -0.0048 100.0598 -37.7283 -296.165 -194.5 -6.121384 
1786081359.482 -0.005 -0.004 0.007441762 -0.0048 100.0598 -37.7283 -296.17 -194.5 -5.854684 
1786081359.640 -0.005 -0.004 0.006905905 -0.0048 100.0598 -37.7283 -296.17 -194.5 -5.587984 
1786081359.800 -0.005 -0.004 0.006370048 -0.0048 100.0598 -37.7283 -296.17 -194.5 -5.325094 
1786081359.959 -0.005 -0.004 0.006230192 -0.0048 100.0598 -37.7283 -296.17 -194.5 -5.058395 
1786081360.120 -0.01 -0.004 0.006486337 -0.0048 100.0598 -37.7283 -296.165 -194.5 -4.790425 
1786081360.280 -0.005 -0.004 0.00595048 -0.0048 100.0598 -37.7283 -296.17 -194.5 -4.524995 
1786081360.440 -0.005 -0.004 0.005810624 -0.0048 100.0598 -37.7283 -296.17 -194.5 -4.258295 
1786081360.601 -0.01 -0.008 0.00519277 -0.0048 100.0598 -37.7283 -296.165 -194.496 -3.987785 
1786081360.762 -0.005 -0.004 0.005448915 -0.0048 100.0598 -37.7283 -296.17 -194.5 -3.719815 
1786081360.921 -0.005 -0.008 0.004913058 -0.0048 100.0598 -37.7283 -296.17 -194.496 -3.454385 
1786081361.083 -0.005 -0.008 0.006043202 -0.0048 100.0598 -37.7283 -296.17 -194.496 -3.186416 
1786081361.247 -0.005 -0.004 0.006217349 -0.0048 100.0598 -37.7283 -296.17 -194.5 -2.913366 
1786081361.409 -0.005 -0.004 0.005121497 -0.0048 100.0598 -37.7283 -296.17 -194.5 -2.641586 
1786081361.568 -0.005 -0.004 0.006729639 -0.0048 100.0598 -37.7283 -296.17 -194.5 -2.379966 
1786081361.728 -0.005 -0.004 0.005715784 -0.0048 100.0598 -37.7283 -296.17 -194.5 -2.110726 
1786081361.888 -0.005 -0.004 0.006449927 -0.0048 100.0598 -37.7283 -296.17 -194.5 -1.846566 
1786081362.056 -0.005 -0.004 0.005668078 -0.0048 100.0598 -37.7283 -296.17 -194.5 -1.565896 
1786081362.221 -0.005 -0.004 0.006238226 -0.0048 100.0598 -37.7283 -296.17 -194.5 -1.291577 
1786081362.381 -0.005 -0.004 0.00609837 -0.0048 100.0598 -37.7283 -296.17 -194.5 -1.024877 
1786081362.540 -0.005 -0.004 0.005562514 -0.0048 100.0598 -37.7283 -296.17 -194.5 -0.7581769 
1786081362.699 -0.005 -0.004 0.005026657 -0.0048 100.0598 -37.7283 -296.17 -194.5 -0.494017 
1786081362.857 -0.005 -0.004 0.0044908 -0.0048 100.0598 -37.7283 -296.17 -194.5 -0.2285872 
1786081363.016 -0.005 -0.004 0.005224943 -0.0048 100.0598 -37.7283 -296.17 -194.5 0.03557268 
1786081363.175 -0.005 -0.004 0.005959086 -0.0048 100.0598 -37.7283 -296.17 -194.5 0.2997325 
1786081363.332 -0.005 -0.004 0.005901227 -0.0048 100.0598 -37.7283 -296.17 -194.5 0.5613524 
1786081363.493 2.04628e-14 0 0.00703137 0.0002 100.0598 -37.7283 -296.175 -194.504 0.8267823 
1786081363.669 0.005 0.004 0.007915522 0.0102 100.0598 -37.7283 -296.18 -194.508 1.107452 
1786081363.829 0.01 0.008 0.008799673 0.0102 100.0598 -37.7283 -296.185 -194.512 1.388122 
1786081363.987 0.005 0.004 0.007075815 0.0102 100.0598 -37.7283 -296.185 -194.512 1.651012 
1786081364.148 0.005 0.004 0.007331959 0.0052 100.0598 -37.7283 -296.18 -194.508 1.917712 
1786081364.308 0.005 0.004 0.006318105 0.0052 100.0598 -37.7283 -296.18 -194.508 2.186952 
1786081364.465 0.005 0.004 0.006260246 0.0052 100.0598 -37.7283 -296.18 -194.508 2.448571 
1786081364.628 0.005 0.004 0.005246391 0.0052 100.0598 -37.7283 -296.18 -194.508 2.717811 
1786081364.800 0.005 -0.004 0.001924544 -0.0048 100.0598 -37.7283 -296.18 -194.5 3.001021 
1786081364.970 0.005 -0.004 0.001456699 -0.0048 100.0598 -37.7283 -296.18 -194.5 3.290581 
1786081365.158 0.005 0 0.004306869 -0.0048 100.0598 -37.7283 -296.18 -194.504 3.601731 
1786081365.321 0.01 0.004 0.007021015 0.0002 100.0598 -37.7283 -296.185 -194.508 3.872241 
1786081365.482 0.005 0.008 0.00727716 0.0052 100.0598 -37.7283 -296.18 -194.512 4.14021 
1786081365.643 0.005 0.004 0.007929305 0.0102 100.0598 -37.7283 -296.18 -194.508 4.40945 
1786081365.807 0.005 0.008 0.007707452 0.0052 100.0598 -37.7283 -296.18 -194.512 4.68123 
1786081365.967 0.005 0.004 0.007963596 0.0102 100.0598 -37.7283 -296.18 -194.508 4.9492 
1786081366.129 0.01 0.008 -0.009728729 0.0102 100.0598 -37.7283 -296.185 -194.512 4.34595 
1786081366.289 0.005 0.008 -0.007189283 0.0052 100.0598 -37.7283 -296.18 -194.512 3.321061 
1786081366.466 0.005 0.004 -0.00591986 0.0052 100.0598 -37.7283 -296.18 -194.508 2.252991 
1786081366.637 0.01 0.004 -0.005920473 0.0052 100.0598 -37.7283 -296.185 -194.508 1.116342 
1786081366.795 0.01 0.004 -0.00718996 0.0052 100.0598 -37.7283 -296.185 -194.508 0.1079626 
1786081366.952 0.005 0 0.006337297 0.0002 100.0598 -37.7283 -296.18 -194.504 -0.006337297 
1786081367.110 0.005 -0.0492 0.005067297 0.0002 100.0598 -37.7283 -296.18 -195.04 -0.005067297 
1786081367.267 0.005 -0.071 0.005067297 0.0052 100.0598 -37.7283 -296.18 -199.932 -0.005067297 
1786081367.424 0.005 -0.036 0.005067297 0.0052 100.0598 -37.7283 -296.18 -209.284 -0.005067297 
1786081367.584 0.005 -0.02 0.006337297 0.0052 100.0598 -37.7283 -296.18 -219.412 -0.006337297 
1786081367.741 0.01 -0.016 0.006337297 0.0102 100.0598 -37.7283 -296.185 -229.592 -0.006337297 
1786081367.900 0.01 0.055 0.007607296 0.0102 100.0598 -37.7283 -296.185 -237.572 -0.007607296 
1786081368.060 0.01 0.071 0.008877295 0.0152 100.0598 -37.7283 -296.19 -240.456 -0.008877295 
1786081368.219 0.015 0.057 0.008877295 0.0152 100.0598 -37.7283 -296.19 -240.204 -0.008877295 
1786081368.379 0.015 0.0832 0.01014729 0.0152 100.0598 -37.7283 -296.19 -236.084 -0.01014729 
1786081368.538 0.015 0.028 0.01014729 0.0152 100.0598 -37.7283 -296.19 7.46 -0.01014729 
1786081368.696 0.02 -0.0362 0.01141729 0.0202 100.0598 -37.7283 -296.195 13.856 -0.01141729 
1786081368.854 0.02 -0.02 0.01141729 0.0152 100.0598 -37.7283 -296.195 15.316 -0.01141729 
1786081369.014 0.015 -0.04 0.01014729 0.0152 100.0598 -37.7283 -296.19 14.424 -0.01014729 
1786081369.175 0.015 -0.0586 0.008877295 0.0202 100.0598 -37.7283 -296.19 8.724 -0.008877295 
1786081369.333 0.015 0.0282 0.008877295 0.0152 100.0598 -37.7283 -296.19 -0.336 -0.008877295 
1786081369.493 0.01 0.067 0.008877295 0.0152 100.0598 -37.7283 -296.185 -5.272 -0.008877295 
1786081369.651 0.01 0.028 0.007607296 0.0102 100.0598 -37.7283 -296.185 -5.788 -0.007607296 
1786081369.809 0.01 0.014444 0.006337297 0.0102 100.0598 -37.7283 -296.185 -5.544 -0.006337297 
1786081369.966 0.01 0.012006 0.005067297 0.0052 100.0598 -37.7283 -296.185 -5.28 -0.005067297 
1786081370.126 0.01 0.0129 0.005067297 0.0102 100.0598 -37.7283 -296.185 -5.012 -0.005067297 
1786081370.286 0.01 0.013126 0.006337297 0.0102 100.0598 -37.7283 -296.185 -4.748 -0.006337297 
1786081370.446 0.01 0.01402 0.007607296 0.0102 100.0598 -37.7283 -296.185 -4.484 -0.007607296 
1786081370.604 0.015 0.018914 0.008877295 0.0102 100.0598 -37.7283 -296.19 -4.224 -0.008877295 
1786081370.763 0.015 0.018142 0.008877295 0.0152 100.0598 -37.7283 -296.19 -3.96 -0.008877295 
1786081370.924 0.015 0.022368 0.008877295 0.0152 100.0598 -37.7283 -296.19 -3.696 -0.008877295 
1786081371.084 0.015 0.020928 0.008877295 0.0152 100.0598 -37.7283 -296.19 -3.428 -0.008877295 
1786081371.243 0.01 0.015488 0.007607296 0.0152 100.0598 -37.7283 -296.185 -3.156 -0.007607296 
1786081371.401 0.01 0.010716 0.007607296 0.0152 100.0598 -37.7283 -296.185 -2.888 -0.007607296 
1786081371.562 0.01 0.01161 0.006337297 0.0102 100.0598 -37.7283 -296.185 -2.624 -0.006337297 
1786081371.722 0.005 0.005502 0.005067297 0.0052 100.0598 -37.7283 -296.18 -2.348 -0.005067297 
1786081371.882 2.04628e-14 -0.005604 -0.001282699 -0.0048 100.0598 -37.7283 -296.175 -2.072 0.001282699 
1786081372.044 2.04628e-14 -0.003712 -0.002552699 -0.0048 100.0598 -37.7283 -296.175 -1.804 0.002552699 
1786081372.205 -0.01 -0.007486 -0.006362697 -0.0098 100.0598 -37.7283 -296.165 -1.528 0.006362697 
1786081372.365 -0.015 -0.012926 -0.008902695 -0.0148 100.0598 -37.7283 -296.16 -1.26 0.008902695 
1786081372.523 -0.01 -0.012032 -0.008902695 -0.0098 100.0598 -37.7283 -296.165 -0.996 0.008902695 
1786081372.684 -0.01 -0.005472 -0.006362697 -0.0098 100.0598 -37.7283 -296.165 -0.736 0.006362697 
1786081372.843 -0.005 0.001088 -0.002552699 -0.0048 100.0598 -37.7283 -296.17 -0.476 0.002552699 
1786081373.003 0.015 0.025982 0.01141729 0.0202 100.0598 -37.7283 -296.19 -0.236 -0.01141729 
1786081373.163 0.02 0.030208 0.01522729 0.0252 100.0598 -37.7283 -296.195 0.028 -0.01522729 
1786081373.324 0.01 0.014434 0.01014729 0.0152 100.0598 -37.7283 -296.185 0.312 -0.01014729 
1786081373.487 -0.01 -0.011674 -0.002552699 -0.0098 100.0598 -37.7283 -296.165 0.608 0.002552699 
1786081373.647 -0.015 -0.011448 -0.008902695 -0.0148 100.0598 -37.7283 -296.16 0.876 0.008902695 
1786081373.805 -0.015 -0.02022 -0.01144269 -0.0198 100.0598 -37.7283 -296.16 1.148 0.01144269 
1786081373.965 -0.03 -0.03766 -0.01906269 -0.0348 100.0598 -37.7283 -296.145 1.432 0.01906269 
1786081374.125 -0.035 -0.0391 -0.02033269 -0.0398 100.0598 -37.7283 -296.14 1.7 0.02033269 
1786081374.284 -0.02 -0.022206 -0.01144269 -0.0198 100.0598 -37.7283 -296.155 1.948 0.01144269 
1786081374.444 -0.005 -0.005312 -0.006362697 -0.0048 100.0598 -37.7283 -296.17 2.196 0.006362697 
1786081374.604 -0.01 -0.006752 -0.006362697 -0.0098 100.0598 -37.7283 -296.165 2.464 0.006362697 
1786081374.763 -0.005 0.003808 -1.269999e-05 0.0002 100.0598 -37.7283 -296.17 2.72 1.269999e-05 
1786081374.924 0.025 0.030368 0.01649729 0.0302 100.0598 -37.7283 -296.2 2.96 -0.01649729 
1786081375.084 0.025 0.032928 0.01395729 0.0252 100.0598 -37.7283 -296.2 3.224 -0.01395729 
1786081375.245 0.01 0.013154 0.007607296 0.0102 100.0598 -37.7283 -296.185 3.512 -0.007607296 
1786081375.404 2.04628e-14 0.003714 0.005067297 0.0002 100.0598 -37.7283 -296.175 3.788 -0.005067297 
1786081375.567 -0.01 -0.006394 -1.269999e-05 -0.0098 100.0598 -37.7283 -296.165 4.072 1.269999e-05 
1786081375.726 -0.005 -0.011834 -0.006362697 -0.0098 100.0598 -37.7283 -296.17 4.34 0.006362697 
1786081375.887 -0.01 -0.011608 -0.007632696 -0.0098 100.0598 -37.7283 -296.165 4.608 0.007632696 
1786081376.047 -0.005 -0.009048 -0.006362697 -0.0048 100.0598 -37.7283 -296.17 4.872 0.006362697 
1786081376.206 -0.005 -0.015004 -0.005092697 -0.0048 100.0598 -37.7283 -296.17 4.332 0.005092697 
1786081376.366 0.005 -0.005354 -0.001282699 0.0052 100.0598 -37.7283 -296.18 3.3 0.001282699 
1786081376.525 0.015 0.008996 0.007607296 0.0152 100.0598 -37.7283 -296.19 2.268 -0.007607296 
1786081376.685 0.015 0.011346 0.008877295 0.0152 100.0598 -37.7283 -296.19 1.264 -0.008877295 
1786081376.846 0.01 0.010646 0.008877295 0.0152 100.0598 -37.7283 -296.185 0.236 -0.008877295 
1786081377.006 0.015 0.024 0.008877295 0.0202 100.0598 -37.7283 -296.19 -0.024 -0.008877295 
1786081377.164 0.0456 0.024 0.01141729 0.046 100.0598 -37.7283 -293.74 -0.024 -0.01141729 
1786081377.323 0.0472 0.02 0.01014729 0.0526 100.0598 -37.7283 -286.205 -0.02 -0.01014729 
1786081377.486 -0.0092 0.016 0.008877295 -0.0102 100.0598 -37.7283 12.46 -0.016 -0.008877295 
1786081377.646 -0.023 0.012 0.006337297 -0.0226 100.0598 -37.7283 15.275 -0.012 -0.006337297 
1786081377.804 -0.0256 0.008 0.006337297 -0.016 100.0598 -37.7283 14.99 -0.008 -0.006337297 
1786081377.964 -0.0306 0.008 0.007607296 -0.0304 100.0598 -37.7283 10.77 -0.008 -0.007607296 
1786081378.124 0.007 0.008 0.006337297 0.0022 100.0598 -37.7283 1.91 -0.008 -0.006337297 
1786081378.284 0.026 0.008 0.006337297 0.0262 100.0598 -37.7283 -4.39 -0.008 -0.006337297 
1786081378.443 0.017 0.008 0.006337297 0.0222 100.0598 -37.7283 -5.69 -0.008 -0.006337297 
1786081378.606 0.012468 0.008 0.006337297 0.012868 100.0598 -37.7283 -5.515 -0.008 -0.006337297 
1786081378.766 0.014028 0.012 0.008877295 0.016094 100.0598 -37.7283 -5.25 -0.012 -0.008877295 
1786081378.928 0.00892 0.012 0.007607296 0.01432 100.0598 -37.7283 -4.975 -0.012 -0.007607296 
1786081379.088 0.01048 0.012 0.007607296 0.01588 100.0598 -37.7283 -4.71 -0.012 -0.008877295 
1786081379.247 0.01204 0.012 0.007607296 0.01244 100.0598 -37.7283 -4.445 -0.012 -0.007607296 
1786081379.408 0.0136 0.012 0.007607296 0.014 100.0598 -37.7283 -4.18 -0.012 -0.007607296 
1786081379.565 0.006828 0.008 0.005067297 0.007228 100.0598 -37.7283 -3.91 -0.008 -0.005067297 
1786081379.726 -0.001612 0 0.003797298 -0.001212 100.0598 -37.7283 -3.635 0 -0.003797298 
1786081379.884 -0.006718 -0.008 -1.269999e-05 -0.006318 100.0598 -37.7283 -3.365 0.008 1.269999e-05 
1786081380.045 -0.010158 -0.008 -0.003822698 -0.009758 100.0598 -37.7283 -3.095 0.008 0.003822698 
1786081380.205 -0.006932 -0.008 -0.007632696 -0.006532 100.0598 -37.7283 -2.83 0.008 0.007632696 
1786081380.365 -0.010372 -0.012 -0.007632696 -0.009972 100.0598 -37.7283 -2.56 0.012 0.007632696 
1786081380.524 -0.010478 -0.012 -0.007632696 -0.010078 100.0598 -37.7283 -2.295 0.012 0.007632696 
1786081380.683 -0.010584 -0.012 -0.008902695 -0.010184 100.0598 -37.7283 -2.03 0.012 0.008902695 
1786081380.842 -0.012356 -0.016 -0.008902695 -0.01029 100.0598 -37.7283 -1.765 0.016 0.008902695 
1786081381.001 -0.015796 -0.016 -0.008902695 -0.015396 100.0598 -37.7283 -1.495 0.016 0.008902695 
1786081381.163 -0.010904 -0.016 -0.008902695 -0.015504 100.0598 -37.7283 -1.23 0.016 0.008902695 
1786081381.323 -0.009344 -0.012 -0.007632696 -0.013944 100.0598 -37.7283 -0.965 0.012 0.007632696 
1786081381.487 -0.011118 -0.012 -0.007632696 -0.014052 100.0598 -37.7283 -0.695 0.012 0.007632696 
1786081381.647 -0.006226 -0.012 -0.007632696 -0.010826 100.0598 -37.7283 -0.43 0.012 0.007632696 
1786081381.806 -0.009666 -0.008 -0.006362697 -0.009266 100.0598 -37.7283 -0.16 0.008 0.006362697 
1786081381.965 -0.009772 -0.008 -0.006362697 -0.009372 100.0598 -37.7283 0.105 0.008 0.006362697 
1786081382.123 -0.011544 -0.008 -0.006362697 -0.011144 100.0598 -37.7283 0.37 0.008 0.006362697 
1786081382.283 -0.00665 -0.008 -0.006362697 -0.009584 100.0598 -37.7283 0.635 0.008 0.006362697 
1786081382.443 -0.00509 -0.008 -0.005092697 -0.00969 100.0598 -37.7283 0.895 0.008 0.005092697 
1786081382.602 -0.010196 -0.012 -0.006362697 -0.009796 100.0598 -37.7283 1.165 0.012 0.006362697 
1786081382.762 -0.008636 -0.012 -0.007632696 -0.013236 100.0598 -37.7283 1.43 0.012 0.007632696 
1786081382.922 -0.012076 -0.012 -0.007632696 -0.011676 100.0598 -37.7283 1.7 0.012 0.007632696 
1786081383.082 -0.010516 -0.012 -0.007632696 -0.010116 100.0598 -37.7283 1.965 0.012 0.007632696 
1786081383.242 -0.010622 -0.012 -0.007632696 -0.013556 100.0598 -37.7283 2.23 0.012 0.007632696 
1786081383.401 -0.007396 -0.012 -0.008902695 -0.011996 100.0598 -37.7283 2.495 0.012 0.008902695 
1786081383.567 -0.009172 -0.008 -0.007632696 -0.008772 100.0598 -37.7283 2.77 0.008 0.007632696 
1786081383.727 -0.010946 -0.012 -0.007632696 -0.010546 100.0598 -37.7283 3.04 0.012 0.007632696 
1786081383.889 -0.006054 -0.008 -0.006362697 -0.005654 100.0598 -37.7283 3.305 0.008 0.006362697 
1786081384.051 -0.009496 -0.008 -0.006362697 -0.009096 100.0598 -37.7283 3.58 0.008 0.006362697 
1786081384.214 -0.007938 -0.004 -0.005092697 -0.007538 100.0598 -37.7283 3.85 0.004 0.005092697 
1786081384.374 -0.008044 -0.008 -0.005092697 -0.005978 100.0598 -37.7283 4.115 0.008 0.005092697 
1786081384.540 -0.003154 -0.004 -0.005092697 -0.007754 100.0598 -37.7283 4.385 0.004 0.005092697 
1786081384.707 -0.003266 -0.004 -0.005092697 -0.007866 100.0598 -37.7283 4.665 0.004 0.005092697 
1786081384.866 -0.027132 -0.008 -0.005092697 -0.018282 100.0598 -37.7283 4.9 0.008 0.005092697 
1786081385.024 -0.011782 -0.008 -0.006362697 -0.011582 100.0598 -37.7283 3.885 0.008 0.006362697 
1786081385.183 -0.005082 -0.008 -0.005092697 -0.009882 100.0598 -37.7283 2.87 0.008 0.005092697 
1786081385.340 -0.008382 -0.008 -0.005092697 -0.013182 100.0598 -37.7283 1.875 0.008 0.005092697 
1786081385.500 -0.008032 -0.008 -0.005092697 -0.007832 100.0598 -37.7283 0.865 0.008 0.005092697 
1786081385.658 0.01 -0.008 -0.005092697 0.0048 100.0598 -37.7283 -0.01 0.008 0.005092697 
1786081385.819 -0.005 -0.008 -0.005092697 -0.0002 100.0598 -37.7283 0.005 0.008 0.005092697 
1786081385.978 -0.015 -0.012 -0.007632696 -0.0102 100.0507 -37.7283 0.015 0.012 0.007632696 
1786081386.136 -0.02 -0.016 -0.01017269 -0.0152 99.99554 -37.7283 0.02 0.016 0.01017269 
1786081386.294 -0.01 -0.012 -0.006362697 -0.0102 99.89047 -37.7283 0.01 0.012 0.006362697 
1786081386.451 -0.01 -0.012 -0.006362697 -0.0102 99.73662 -37.7283 0.01 0.012 0.006362697 
1786081386.612 -0.02 -0.02 -0.01144269 -0.0202 99.52911 -37.7283 0.02 0.02 0.01144269 
1786081386.775 -0.025 -0.024 -0.01271269 -0.0252 99.26505 -37.7283 0.025 0.024 0.01271269 
1786081386.934 -0.02 -0.024 -0.01271269 -0.0202 98.95415 -37.7283 0.02 0.024 0.01271269 
1786081387.095 -0.02 -0.024 -0.01271269 -0.0202 98.59207 -37.7283 0.02 0.024 0.01271269 
1786081387.252 -0.02 -0.02 -0.01144269 -0.0202 98.1843 -37.7283 0.02 0.02 0.01144269 
1786081387.410 -0.02 -0.02 -0.01144269 -0.0202 97.72656 -37.7283 0.02 0.02 0.01144269 
1786081387.569 -0.02 -0.02 -0.01144269 -0.0202 97.21555 -37.7283 0.02 0.02 0.01144269 
1786081387.728 -0.02 -0.02 -0.01144269 -0.0152 96.65766 -37.7283 0.02 0.02 0.01144269 
1786081387.886 -0.015 -0.016 -0.01017269 -0.0202 96.04584 -37.7283 0.015 0.016 0.01017269 
1786081388.045 -0.015 -0.016 -0.01017269 -0.0152 95.38342 -37.7283 0.015 0.016 0.01017269 
1786081388.207 -0.015 -0.016 -0.01017269 -0.0152 94.66115 -37.7283 0.015 0.016 0.01017269 
1786081388.368 -0.015 -0.016 -0.01017269 -0.0152 93.88709 -37.7283 0.015 0.016 0.01017269 
1786081388.525 -0.015 -0.016 -0.01017269 -0.0152 93.09733 -37.7283 0.015 0.016 0.01017269 
1786081388.686 -0.015 -0.016 -0.008902695 -0.0152 92.30237 -37.7283 0.015 0.016 0.008902695 
1786081388.848 -0.01 -0.012 -0.008902695 -0.0102 91.4873 -37.7283 0.01 0.012 0.008902695 
1786081389.006 -0.015 -0.012 -0.008902695 -0.0152 90.69235 -37.7283 0.015 0.012 0.008902695 
1786081389.165 -0.01 -0.012 -0.008902695 -0.0152 89.89731 -37.7283 0.01 0.012 0.008902695 
1786081389.327 -0.015 -0.012 -0.007632696 -0.0102 89.09236 -37.7283 0.015 0.012 0.007632696 
1786081389.485 -0.01 -0.012 -0.007632696 -0.0102 88.29728 -37.7283 0.01 0.012 0.007632696 
1786081389.645 -0.01 -0.012 -0.008902695 -0.0102 87.49737 -37.7283 0.01 0.012 0.008902695 
1786081389.804 -0.01 -0.012 -0.007632696 -0.0102 86.70232 -37.7283 0.01 0.012 0.007632696 
1786081389.965 -0.01 -0.008 -0.007632696 -0.0102 85.90736 -37.7283 0.01 0.008 0.007632696 
1786081390.124 -0.01 -0.012 -0.007632696 -0.0102 85.10236 -37.7283 0.01 0.012 0.007632696 
1786081390.285 -0.01 -0.008 -0.007632696 -0.0102 84.30231 -37.7283 0.01 0.008 0.007632696 
1786081390.445 -0.01 -0.008 -0.007632696 -0.0102 83.49733 -37.7283 0.01 0.008 0.007632696 
1786081390.604 -0.01 -0.008 -0.007632696 -0.0052 82.70228 -37.7283 0.01 0.008 0.007632696 
1786081390.764 -0.005 -0.008 -0.006362697 -0.0102 81.90235 -37.7283 0.005 0.008 0.006362697 
1786081390.932 -0.01 -0.008 -0.007632696 -0.0102 81.10239 -37.7283 0.01 0.008 0.007632696 
1786081391.090 -0.01 -0.008 -0.006362697 -0.0102 80.27234 -37.7283 0.01 0.008 0.006362697 
1786081391.250 -0.01 -0.008 -0.006362697 -0.0102 79.47725 -37.7283 0.01 0.008 0.006362697 
1786081391.409 -0.01 -0.008 -0.006362697 -0.0052 78.67732 -37.7283 0.01 0.008 0.006362697 
1786081391.568 -0.01 -0.008 -0.006362697 -0.0052 77.88232 -37.7283 0.01 0.008 0.006362697 
1786081391.727 -0.01 -0.008 -0.006362697 -0.0102 77.08735 -37.7283 0.01 0.008 0.006362697 
1786081391.886 -0.005 -0.008 -0.006362697 -0.0052 76.2923 -37.7283 0.005 0.008 0.006362697 
1786081392.047 -0.005 -0.008 -0.006362697 -0.0102 75.49232 -37.7283 0.005 0.008 0.006362697 
1786081392.204 -0.005 -0.008 -0.006362697 -0.0102 74.69735 -37.7283 0.01 0.008 0.006362697 
1786081392.365 -0.01 -0.008 -0.007632696 -0.0102 73.89735 -37.7283 0.01 0.008 0.007632696 
1786081392.525 -0.01 -0.008 -0.006362697 -0.0102 73.10231 -37.7283 0.01 0.008 0.006362697 
1786081392.684 -0.01 -0.008 -0.005092697 -0.0052 72.30231 -37.7283 0.01 0.008 0.005092697 
1786081392.844 -0.005 -0.008 -0.006362697 -0.0052 71.50232 -37.7283 0.005 0.008 0.006362697 
1786081393.006 -0.005 -0.008 -0.006362697 -0.0052 70.6973 -37.7283 0.005 0.008 0.006362697 
1786081393.166 -0.01 -0.008 -0.006362697 -0.0052 69.89232 -37.7283 0.01 0.008 0.006362697 
1786081393.327 -0.005 -0.008 -0.006362697 -0.0102 69.08736 -37.7283 0.005 0.008 0.006362697 
1786081393.486 -0.005 -0.004 -0.005092697 -0.0052 68.29231 -37.7283 0.005 0.004 0.005092697 
1786081393.648 -0.005 -0.004 -0.006362697 -0.0052 67.49231 -37.7283 0.005 0.004 0.006362697 
1786081393.808 -0.01 -0.008 -0.006362697 -0.0052 66.68236 -37.7283 0.01 0.008 0.006362697 
1786081393.966 -0.01 -0.008 -0.006362697 -0.0052 65.89236 -37.7283 0.01 0.008 0.006362697 
1786081394.126 -0.01 -0.008 -0.006362697 -0.0102 65.09738 -37.7283 0.01 0.008 0.006362697 
1786081394.285 -0.005 -0.008 -0.006362697 -0.0052 64.29728 -37.7283 0.005 0.008 0.006362697 
1786081394.447 -0.005 -0.004 -0.005092697 -0.0052 63.49232 -37.7283 0.005 0.004 0.005092697 
1786081394.609 -0.005 -0.008 -0.005092697 -0.0052 62.6823 -37.7283 0.005 0.008 0.005092697 
1786081394.769 -0.005 -0.008 -0.005092697 -0.0052 61.87731 -37.7283 0.005 0.008 0.005092697 
1786081394.927 -0.005 -0.004 -0.005092697 -0.0052 61.08734 -37.7283 0.005 0.004 0.005092697 
1786081395.086 -0.005 -0.008 -0.005092697 -0.0052 60.29245 -37.7283 0.005 0.008 0.005092697 
1786081395.245 -0.005 -0.008 -0.005092697 -0.0052 59.49736 -37.7283 0.005 0.008 0.005092697 
1786081395.404 -0.005 -0.004 -0.005092697 -0.0052 58.70232 -37.7283 0.005 0.004 0.005092697 
1786081395.566 -0.01 -0.008 -0.006362697 -0.0102 57.89733 -37.7283 0.01 0.008 0.006362697 
1786081395.725 -0.005 -0.008 -0.006362697 -0.0052 57.09741 -37.7283 0.005 0.008 0.006362697 
1786081395.884 -0.01 -0.008 -0.006362697 -0.0052 56.30231 -37.7283 0.01 0.008 0.006362697 
1786081396.044 -0.005 -0.004 -0.005092697 -0.0052 55.50234 -37.7283 0.005 0.004 0.005092697 
1786081396.204 -0.005 -0.004 -0.006362697 -0.0052 54.70723 -37.7283 0.005 0.004 0.006362697 
1786081396.362 -0.005 -0.004 -0.005092697 -0.0052 53.91239 -37.7283 0.005 0.004 0.005092697 
1786081396.524 -0.01 -0.008 -0.006362697 -0.0102 53.10735 -37.7283 0.01 0.008 0.006362697 
1786081396.685 -0.005 -0.004 -0.005092697 -0.0052 52.29731 -37.7283 0.005 0.004 0.005092697 
1786081396.845 -0.005 -0.004 -0.006362697 -0.0052 51.50227 -37.7283 0.005 0.004 0.006362697 
1786081397.004 -0.005 -0.008 -0.006362697 -0.0102 50.70233 -37.7283 0.005 0.008 0.006362697 
1786081397.164 -0.005 -0.004 -0.006362697 -0.0052 49.90738 -37.7283 0.005 0.004 0.006362697 
1786081397.325 -0.005 -0.008 -0.006362697 -0.0052 49.09734 -37.7283 0.005 0.008 0.006362697 
1786081397.485 -0.005 -0.004 -0.005092697 -0.0052 48.29731 -37.7283 0.005 0.004 0.005092697 
1786081397.644 -0.005 -0.004 -0.005092697 -0.0102 47.5023 -37.7283 0.005 0.004 0.005092697 
1786081397.804 -0.005 -0.008 -0.005092697 -0.0052 46.70733 -37.7283 0.005 0.008 0.005092697 
1786081397.966 -0.01 -0.008 -0.006362697 -0.0052 45.89737 -37.7283 0.01 0.008 0.006362697 
1786081398.125 -0.005 -0.008 -0.006362697 -0.0052 45.09735 -37.7283 0.005 0.008 0.006362697 
1786081398.283 -0.005 -0.004 -0.005092697 -0.0052 44.30235 -37.7283 0.005 0.004 0.005092697 
1786081398.443 -0.005 -0.004 -0.005092697 -0.0052 43.51234 -37.7283 0.005 0.004 0.005092697 
1786081398.602 -0.005 -0.008 -0.005092697 -0.0052 42.71234 -37.7283 0.005 0.008 0.005092697 
1786081398.762 -0.005 -0.004 -0.005092697 -0.0052 41.91733 -37.7283 0.005 0.004 0.005092697 
1786081398.922 -0.01 -0.008 -0.006362697 -0.0102 41.11727 -37.7283 0.01 0.008 0.006362697 
1786081399.082 -0.005 -0.004 -0.005092697 -0.0052 40.31736 -37.7283 0.005 0.004 0.005092697 
1786081399.242 -0.005 -0.004 -0.006362697 -0.0052 39.51727 -37.7283 0.005 0.004 0.006362697 
1786081399.401 -0.005 -0.004 -0.005092697 -0.0052 38.71732 -37.7283 0.005 0.004 0.005092697 
1786081399.561 -0.005 -0.004 -0.006362697 -0.0102 37.91732 -37.7283 0.005 0.004 0.006362697 
1786081399.722 -0.01 -0.008 -0.006362697 -0.0102 37.11732 -37.7283 0.01 0.008 0.006362697 
1786081399.883 -0.01 -0.008 -0.006362697 -0.0052 36.31235 -37.7283 0.01 0.008 0.006362697 
1786081400.046 -0.005 -0.004 -0.006362697 -0.0102 35.50238 -37.7283 0.005 0.004 0.006362697 
1786081400.207 -0.01 -0.008 -0.006362697 -0.0052 34.6923 -37.7283 0.01 0.008 0.006362697 
1786081400.369 -0.005 -0.004 -0.005092697 -0.0052 33.87735 -37.7283 0.005 0.004 0.005092697 
1786081400.529 -0.005 -0.004 -0.005092697 -0.0052 33.07735 -37.7283 0.005 0.004 0.005092697 
1786081400.689 -0.005 -0.004 -0.005092697 -0.0052 32.27733 -37.7283 0.005 0.004 0.005092697 
1786081400.848 -0.005 -0.004 -0.005092697 -0.0052 31.48235 -37.7283 0.005 0.004 0.005092697 
1786081401.005 -0.005 -0.008 -0.005092697 -0.0052 30.69735 -37.7283 0.005 0.004 0.005092697 
1786081401.163 -0.005 -0.004 -0.005092697 -0.0052 29.90238 -37.7283 0.005 0.004 0.005092697 
1786081401.322 -0.005 -0.008 -0.005092697 -0.0102 29.11235 -37.7283 0.005 0.008 0.005092697 
1786081401.482 -0.005 -0.008 -0.005092697 -0.0052 28.31736 -37.7283 0.005 0.008 0.005092697 
1786081401.642 -0.005 -0.004 -0.005092697 -0.0052 27.51229 -37.7283 0.005 0.004 0.005092697 
1786081401.800 -0.005 -0.004 -0.005092697 -0.0052 26.71732 -37.7283 0.005 0.004 0.005092697 
1786081401.964 -0.005 -0.004 -0.002552699 -0.0002 25.91236 -37.7283 0.005 0.004 0.002552699 
1786081402.124 0 -0.004 -1.269999e-05 -0.0002 25.10236 -37.7283 0 0.004 1.269999e-05 
1786081402.283 0 -0.004 0.002527299 -0.0002 24.30736 -37.7283 0 0.004 -0.002527299 
1786081402.443 0 -0.004 0.005067297 0.0048 23.51233 -37.7283 0 0.004 -0.005067297 
1786081402.605 0.005 0 0.005067297 0.0048 22.70232 -37.7283 -0.005 0 -0.005067297 
1786081402.764 0.005 0 0.005067297 0.0048 21.90738 -37.7283 -0.005 0 -0.005067297 
1786081402.926 0.005 0 0.006337297 0.0048 21.09736 -37.7283 -0.005 0 -0.006337297 
1786081403.085 0.005 0 0.006337297 0.0098 20.29733 -37.7283 -0.005 0 -0.006337297 
1786081403.245 0.005 0 0.005067297 0.0048 19.50232 -37.7283 -0.005 0 -0.005067297 
1786081403.404 0.005 0 0.005067297 0.0048 18.70239 -37.7283 -0.005 0 -0.005067297 
1786081403.563 0.005 0 0.005067297 0.0098 17.90734 -37.7283 -0.005 0 -0.005067297 
1786081403.724 0.005 0 0.005067297 0.0048 17.10724 -37.7283 -0.005 0 -0.005067297 
1786081403.884 0.005 0 0.006337297 0.0098 16.30736 -37.7283 -0.005 0 -0.006337297 
1786081404.046 0.005 0 0.005067297 0.0048 15.50234 -37.7283 -0.005 0 -0.005067297 
1786081404.204 0.005 0 0.005067297 0.0048 14.70231 -37.7283 -0.005 0 -0.005067297 
1786081404.365 0.005 0 0.006337297 0.0098 13.90232 -37.7283 -0.005 0 -0.006337297 
1786081404.525 0.005 0 0.005067297 0.0048 13.10239 -37.7283 -0.005 0 -0.005067297 
1786081404.686 0.005 0 0.005067297 0.0048 12.29231 -37.7283 -0.005 0 -0.005067297 
1786081404.845 0.005 0 0.005067297 0.0048 11.49731 -37.7283 -0.005 0 -0.005067297 
1786081405.005 0.005 0 0.005067297 0.0048 10.69734 -37.7283 -0.005 0 -0.005067297 
1786081405.164 0.005 0 0.005067297 0.0098 9.902362 -37.7283 -0.005 0 -0.005067297 
1786081405.326 0.005 -0.004 0.003797298 0.0048 9.102319 -37.7283 -0.005 0.004 -0.003797298 
1786081405.487 -0.005 -0.008 0.001257299 -0.0002 8.297291 -37.7283 0.005 0.008 -0.001257299 
1786081405.648 -0.01 -0.008 -0.001282699 -0.0052 7.487356 -37.7283 0.01 0.008 0.001282699 
1786081405.809 -0.005 -0.004 -0.002552699 -0.0052 6.682357 -37.7283 0.005 0.004 0.002552699 
1786081405.982 -0.005 -0.004 -0.003822698 -0.0052 5.849076 -37.7283 0.005 0.004 0.003822698 
1786081406.146 -0.005 -0.004 -0.005092697 -0.0052 5.055845 -37.7283 0.005 0.004 0.005092697 
1786081406.305 -0.01 -0.008 -0.006362697 -0.0102 4.366224 -37.7283 0.01 0.008 0.006362697 
1786081406.464 -0.005 -0.004 -0.005092697 -0.0052 3.727214 -37.7283 0.005 0.004 0.005092697 
1786081406.623 -0.005 -0.004 -0.006362697 -0.0052 3.142209 -37.7283 0.005 0.004 0.006362697 
1786081406.783 -0.005 -0.004 -0.005092697 -0.0052 2.600725 -37.7283 0.005 0.004 0.005092697 
1786081406.941 -0.005 -0.004 -0.005092697 -0.0052 2.113338 -37.7283 0.005 0.004 0.005092697 
1786081407.107 -0.01 -0.004 -0.006362697 -0.0052 1.666175 -37.7283 0.01 0.004 0.006362697 
1786081407.269 -0.005 -0.004 -0.006362697 -0.0052 1.269833 -37.7283 0.005 0.004 0.006362697 
1786081407.430 -0.005 -0.004 -0.006362697 -0.0102 0.9349259 -37.7283 0.005 0.004 0.006362697 
1786081407.589 -0.005 -0.004 -0.005092697 -0.0052 0.6496754 -37.7283 0.005 0.004 0.005092697 
1786081407.748 -0.005 -0.004 -0.005092697 -0.0052 0.4187942 -37.7283 0.005 0.004 0.005092697 
1786081407.906 -0.005 -0.004 -0.006362697 -0.0052 0.2393957 -37.7283 0.005 0.004 0.006362697 
1786081408.065 0.01 0.012 0.005067297 0.0148 0.1092096 -37.7283 -0.01 -0.012 -0.005067297 
1786081408.227 0.015 0.016 0.01014729 0.0148 0.02883716 -37.7283 -0.015 -0.016 -0.01014729 
1786081408.385 0.015 0.016 0.01014729 0.0148 0.0001715552 -37.7283 -0.015 -0.016 -0.01014729 
1786081408.546 0.015 0.02 0.01141729 0.0148 1.407255e-08 -37.7283 -0.015 -0.02 -0.01014729 
1786081408.707 0.015 0.016 0.01014729 0.0198 1.407255e-08 -37.70473 -0.015 -0.016 -0.01014729 
1786081408.865 0.015 0.016 0.01014729 0.0198 1.407255e-08 -37.63065 -0.015 -0.016 -0.01014729 
1786081409.022 0.01 0.008 0.006337297 0.0098 1.407255e-08 -37.50693 -0.01 -0.008 -0.006337297 
1786081409.180 -0.005 -0.008 -0.002552699 -0.0052 1.407255e-08 -37.33455 0.005 0.008 0.002552699 
1786081409.337 -0.01 -0.012 -0.007632696 -0.0102 1.407255e-08 -37.11287 0.01 0.012 0.007632696 
1786081409.494 -0.01 -0.012 -0.007632696 -0.0102 1.407255e-08 -36.84187 0.01 0.012 0.007632696 
1786081409.651 -0.01 -0.012 -0.007632696 -0.0102 1.407255e-08 -36.52162 0.01 0.012 0.007632696 
1786081409.809 -0.01 -0.012 -0.007632696 -0.0102 1.407255e-08 -36.15206 0.01 0.012 0.007632696 
1786081409.969 -0.01 -0.012 -0.007632696 -0.0102 1.407255e-08 -35.72185 0.01 0.012 0.007632696 
1786081410.126 -0.01 -0.012 -0.007632696 -0.0102 1.407255e-08 -35.24927 0.01 0.012 0.007632696 
1786081410.288 -0.01 -0.012 -0.007632696 -0.0102 1.407255e-08 -34.71986 0.01 0.012 0.007632696 
1786081410.448 -0.01 -0.012 -0.006362697 -0.0052 1.407255e-08 -34.13922 0.01 0.012 0.006362697 
1786081410.606 -0.01 -0.008 -0.006362697 -0.0052 1.407255e-08 -33.51147 0.01 0.008 0.006362697 
1786081410.766 -0.01 -0.008 -0.006362697 -0.0102 1.407255e-08 -32.82874 0.01 0.008 0.006362697 
1786081410.928 -0.01 -0.012 -0.007632696 -0.0102 1.407255e-08 -32.09005 0.01 0.012 0.007632696 
1786081411.089 -0.01 -0.012 -0.007632696 -0.0052 1.407255e-08 -31.3008 0.01 0.012 0.007632696 
1786081411.248 -0.01 -0.012 -0.006362697 -0.0052 1.407255e-08 -30.50086 0.01 0.012 0.006362697 
1786081411.406 -0.01 -0.008 -0.006362697 -0.0102 1.407255e-08 -29.71081 0.01 0.008 0.006362697 
1786081411.565 -0.005 -0.008 -0.005092697 -0.0052 1.407255e-08 -28.92083 0.005 0.008 0.005092697 
1786081411.723 -0.005 -0.008 -0.005092697 -0.0052 1.407255e-08 -28.12085 0.005 0.008 0.005092697 
1786081411.883 -0.005 -0.008 -0.005092697 -0.0052 1.407255e-08 -27.33079 0.005 0.008 0.005092697 
1786081412.043 -0.005 -0.008 -0.005092697 -0.0052 1.407255e-08 -26.52584 0.005 0.008 0.005092697 
1786081412.202 -0.01 -0.008 -0.005092697 -0.0052 1.407255e-08 -25.73083 0.01 0.008 0.005092697 
1786081412.362 -0.01 -0.004 -0.005092697 -0.0052 1.407255e-08 -24.93083 0.01 0.004 0.005092697 
1786081412.524 -0.005 -0.008 -0.006362697 -0.0052 1.407255e-08 -24.12588 0.005 0.008 0.006362697 
1786081412.695 -0.01 -0.008 -0.006362697 -0.0052 1.407255e-08 -23.30087 0.005 0.008 0.006362697 
1786081412.866 -0.005 -0.008 -0.005092697 -0.0052 1.407255e-08 -22.41594 0.005 0.008 0.005092697 
1786081413.028 -0.005 -0.008 -0.006362697 -0.0052 1.407255e-08 -21.6058 0.005 0.008 0.006362697 
1786081413.186 -0.01 -0.008 -0.006362697 -0.0102 1.407255e-08 -20.81082 0.01 0.008 0.006362697 
1786081413.349 -0.005 -0.004 -0.005092697 -0.0052 1.407255e-08 -20.00077 0.005 0.004 0.005092697 
1786081413.509 -0.005 -0.004 -0.006362697 -0.0052 1.407255e-08 -19.19584 0.005 0.004 0.006362697 
1786081413.667 -0.005 -0.008 -0.005092697 -0.0052 1.407255e-08 -18.4058 0.005 0.008 0.005092697 
1786081413.828 -0.005 -0.004 -0.005092697 -0.0052 1.407255e-08 -17.60575 0.005 0.004 0.005092697 
1786081413.987 -0.005 -0.004 -0.005092697 -0.0052 1.407255e-08 -16.81085 0.005 0.004 0.005092697 
1786081414.152 -0.005 -0.004 -0.005092697 -0.0052 1.407255e-08 -15.99085 0.005 0.004 0.005092697 
1786081414.311 -0.005 -0.004 -0.005092697 -0.0052 1.407255e-08 -15.18081 0.005 0.004 0.005092697 
1786081414.470 -0.01 -0.004 -0.006362697 -0.0052 1.407255e-08 -14.39082 0.01 0.004 0.006362697 
1786081414.627 -0.005 -0.004 -0.005092697 -0.0052 1.407255e-08 -13.60085 0.005 0.004 0.005092697 
1786081414.784 -0.005 -0.004 -0.005092697 -0.0052 1.407255e-08 -12.82082 0.005 0.004 0.005092697 
1786081414.944 -0.005 -0.004 -0.005092697 -0.0052 1.407255e-08 -12.02082 0.01 0.004 0.005092697 
1786081415.104 -0.01 -0.008 -0.005092697 -0.0052 1.407255e-08 -11.22581 0.01 0.008 0.005092697 
1786081415.262 -0.005 -0.004 -0.005092697 -0.0052 1.407255e-08 -10.43078 0.005 0.004 0.005092697 
1786081415.420 -0.01 -0.008 -0.005092697 -0.0052 1.407255e-08 -9.645843 0.01 0.008 0.005092697 
1786081415.580 -0.005 -0.004 -0.003822698 -0.0052 1.407255e-08 -8.850726 0.005 0.004 0.003822698 
1786081415.738 -0.005 -0.004 -0.003822698 -0.0002 1.407255e-08 -8.050862 0.005 0.004 0.003822698 
1786081415.896 -0.005 -0.004 -0.003822698 -0.0002 1.407255e-08 -7.260806 0.005 0.004 0.003822698 
1786081416.054 -0.005 -0.004 -0.005092697 -0.0002 1.407255e-08 -6.470826 0.005 0.004 0.005092697 
1786081416.213 -0.005 0 -0.003822698 -0.0002 1.407255e-08 -5.689159 0.005 0 0.003822698 
1786081416.371 -0.005 0 -0.005092697 -0.0002 1.407255e-08 -4.960537 0.005 0 0.005092697 
1786081416.528 -0.005 0 -0.005092697 -0.0002 1.407255e-08 -4.285994 0.005 0 0.005092697 
1786081416.685 -0.005 0 -0.003822698 -0.0002 1.407255e-08 -3.66073 0.005 0 0.003822698 
1786081416.846 -0.005 0 -0.005092697 -0.0002 1.407255e-08 -3.074159 0.005 0 0.005092697 
1786081417.004 -0.005 0.004 -0.003822698 0.0048 1.407255e-08 -2.542054 0.005 -0.004 0.003822698 
1786081417.164 0 0.008 -0.001282699 0.0098 1.407255e-08 -2.060466 0 -0.008 0.001282699 
1786081417.324 0.005 0.008 0.002527299 0.0098 1.407255e-08 -1.629454 -0.005 -0.008 -0.002527299 
1786081417.484 0.01 0.008 0.005067297 0.0048 1.407255e-08 -1.244511 -0.01 -0.008 -0.005067297 
1786081417.644 0.005 0.008 0.006337297 0.0048 1.407255e-08 -0.9113533 -0.005 -0.008 -0.005067297 
1786081417.804 0.005 0.008 0.006337297 0.0048 1.407255e-08 -0.6332222 -0.005 -0.008 -0.006337297 
1786081417.962 0.005 0.008 0.006337297 0.0048 1.407255e-08 -0.4055849 -0.005 -0.008 -0.006337297 
1786081418.124 0.005 0.008 0.005067297 0.0048 1.407255e-08 -0.2265653 -0.005 -0.008 -0.005067297 
1786081418.284 0.01 0.008 0.006337297 0.0048 1.407255e-08 -0.09998556 -0.01 -0.008 -0.006337297 
1786081418.445 0.01 0.008 0.006337297 0.0048 1.407255e-08 -0.02419418 -0.005 -0.008 -0.006337297 
1786081418.604 0.005 0.008 0.006337297 0.0098 1.407255e-08 1.176852e-08 -0.01 -0.008 -0.006337297 
1786081418.774 0.005 0.008 0.006337297 0.0048 1.407255e-08 1.176852e-08 -0.005 -0.008 -0.006337297 
1786081418.935 0.015 0.016 0.01014729 0.0148 1.407255e-08 1.176852e-08 -0.015 -0.016 -0.01014729 
1786081419.095 0.015 0.02 0.01141729 0.0148 1.407255e-08 1.176852e-08 -0.015 -0.02 -0.01141729 
1786081419.252 0.015 0.02 0.01141729 0.0148 1.407255e-08 1.176852e-08 -0.015 -0.02 -0.01141729 
1786081419.410 0.02 0.02 0.01141729 0.0148 1.407255e-08 1.176852e-08 -0.015 -0.02 -0.01141729 
1786081419.568 0.015 0.016 0.01141729 0.0148 1.407255e-08 1.176852e-08 -0.015 -0.016 -0.01141729 
1786081419.727 0.015 0.016 0.01014729 0.0148 1.407255e-08 1.176852e-08 -0.015 -0.016 -0.01014729 
1786081419.886 0.015 0.016 0.01014729 0.0148 1.407255e-08 1.176852e-08 -0.015 -0.016 -0.01014729 
1786081420.046 0.015 0.016 0.01014729 0.0148 1.407255e-08 1.176852e-08 -0.015 -0.016 -0.01014729 
1786081420.206 0.015 0.016 0.01014729 0.0148 1.407255e-08 1.176852e-08 -0.015 -0.016 -0.01014729 
1786081420.363 0.015 0.012 0.008877295 0.0148 1.407255e-08 1.176852e-08 -0.015 -0.012 -0.008877295 
1786081420.523 0.015 0.016 0.008877295 0.0148 1.407255e-08 1.176852e-08 -0.015 -0.016 -0.008877295 
1786081420.683 0.015 0.016 0.008877295 0.0148 1.407255e-08 1.176852e-08 -0.015 -0.012 -0.008877295 
1786081420.843 0.015 0.012 0.007607296 0.0098 1.407255e-08 1.176852e-08 -0.015 -0.012 -0.007607296 
1786081421.003 0.01 0.012 0.007607296 0.0098 1.407255e-08 1.176852e-08 -0.01 -0.012 -0.007607296 
1786081421.164 0.01 0.012 0.008877295 0.0148 1.407255e-08 1.176852e-08 -0.01 -0.012 -0.008877295 
1786081421.325 0.015 0.016 0.008877295 0.0098 1.407255e-08 1.176852e-08 -0.015 -0.016 -0.008877295 
1786081421.486 0.005 0.008 0.005067297 0.0048 1.407255e-08 1.176852e-08 -0.005 -0.008 -0.005067297 
1786081421.646 0.005 0.004 0.005067297 0.0048 1.407255e-08 1.176852e-08 -0.005 -0.004 -0.005067297 
1786081421.805 0.005 0.008 0.006337297 0.0098 1.407255e-08 1.176852e-08 -0.005 -0.008 -0.006337297 
1786081421.967 0.01 0.008 -0.05271684 0.0098 1.407255e-08 1.176852e-08 -0.01 -0.008 -1.497316 
1786081422.129 0.005 0.008 -0.0346655 0.0098 1.407255e-08 1.176852e-08 -0.005 -0.008 -5.707364 
1786081422.290 0.01 0.008 -0.04298607 0.0098 1.407255e-08 1.176852e-08 -0.01 -0.012 -11.94941 
1786081422.448 0.01 0.008 -0.01072443 0.0098 1.407255e-08 1.176852e-08 -0.01 -0.008 -19.21381 
1786081422.607 0.01 0.008 -0.006465093 0.0048 1.407255e-08 1.176852e-08 -0.01 -0.008 -25.70985 
1786081422.765 0.01 0.008 -0.009147101 0.0098 1.407255e-08 1.176852e-08 -0.01 -0.008 -30.5549 
1786081422.922 0.01 0.008 -0.02551164 0.0098 1.407255e-08 1.176852e-08 -0.01 -0.008 -36.19624 
1786081423.082 0.01 0.008 0.02374036 0.0098 1.407255e-08 1.176852e-08 -0.01 -0.008 -41.77788 
1786081423.245 0.01 0.008 0.05416322 0.0048 1.407255e-08 1.176852e-08 -0.01 -0.008 -43.15456 
1786081423.417 0.01 0.008 0.01105405 0.0098 1.407255e-08 1.176852e-08 -0.01 -0.008 -43.01105 
1786081423.575 0.015 0.016 0.01359405 0.0148 1.407255e-08 1.176852e-08 -0.015 -0.016 -43.01359 
1786081423.733 0.015 0.016 0.01359405 0.0148 1.407255e-08 1.176852e-08 -0.015 -0.016 -43.01359 
1786081423.893 0.015 0.016 0.01232405 0.0098 1.407255e-08 1.176852e-08 -0.015 -0.016 -43.01232 
1786081424.054 0.01 0.012 0.01105405 0.0098 1.407255e-08 1.176852e-08 -0.01 -0.012 -43.01105 
1786081424.216 -0.01303333 0.012 0.01232405 -0.01323333 1.407255e-08 1.176852e-08 -0.635 -0.012 -43.01232 
1786081424.378 -0.02703333 0.012 0.01105405 -0.02723333 1.407255e-08 1.176852e-08 -6 -0.012 -43.01105 
1786081424.537 -0.02203333 0.008 0.01105405 -0.02223333 1.407255e-08 1.176852e-08 -16.34 -0.008 -43.01105 
1786081424.700 -0.01823333 0.012 0.01105405 -0.02343333 1.407255e-08 1.176852e-08 -31.735 -0.012 -43.01105 
1786081424.857 -0.00538117 0.008 0.00978405 -0.01058117 1.407255e-08 1.176852e-08 -51.31 -0.008 -43.00978 
1786081425.015 -0.01233655 0.008 0.00978405 -0.01802493 1.407255e-08 1.176852e-08 -72.155 -0.008 -43.00978 
1786081425.172 0.01554036 0.004 0.007244051 -0.004659643 1.407255e-08 1.176852e-08 -93.925 -0.004 -43.00724 
1786081425.329 0.009580621 0.008 0.008514051 -0.0006193786 1.407255e-08 1.176852e-08 -114.58 -0.008 -43.00851 
1786081425.491 0.008371933 0.004 0.007244051 -0.001828067 1.407255e-08 1.176852e-08 -135.125 -0.004 -43.00724 
1786081425.660 0.02072463 0.004 0.007244051 0.02052463 1.407255e-08 1.176852e-08 -156.285 -0.004 -43.00597 
1786081425.821 0.01338067 0.008 0.007244051 0.01318067 1.407255e-08 1.176852e-08 -174.9 -0.008 -43.00724 
1786081425.979 0.001364315 0.008 0.008514051 -0.008835685 1.407255e-08 1.176852e-08 -192.725 -0.008 -43.00851 
1786081426.137 0.02470547 0.008 0.007244051 0.02450547 1.407255e-08 1.176852e-08 -210.41 -0.008 -43.00724 
1786081426.294 0.03313821 0.008 0.007244051 0.02793821 1.407255e-08 1.176852e-08 -223.355 -0.008 -43.00724 
1786081426.452 0.03117243 0.008 0.007244051 0.03597243 1.407255e-08 1.176852e-08 -231.395 -0.008 -43.00724 
1786081426.614 0.0324111 0.008 0.007244051 0.0372111 1.407255e-08 1.176852e-08 -234.455 -0.008 -43.00724 
1786081426.775 0.009999912 0.008 0.007244051 0.009999912 1.407255e-08 1.176852e-08 -234.01 -0.008 -43.00724 
1786081426.935 -8.829167e-08 0.004 0.005974052 0.004999912 1.407255e-08 1.176852e-08 -234 -0.004 -43.00597 
1786081427.093 -0.005000088 0 0.004704053 0.004999912 1.407255e-08 1.176852e-08 -233.995 0 -43.0047 
1786081427.250 -0.005000088 -0.008 0.003434053 -8.82917e-08 1.407255e-08 1.176852e-08 -233.995 0.008 -43.00343 
1786081427.408 -0.01000009 -0.008 0.002164054 -0.005000088 1.407255e-08 1.176852e-08 -233.99 0.008 -43.00216 
1786081427.568 -0.01000009 -0.06303333 0.0008940547 -0.005000088 1.407255e-08 1.176852e-08 -233.99 -1.512 -43.00089 
1786081427.727 -0.005000088 -0.07503333 0.002164054 -0.005000088 1.407255e-08 1.176852e-08 -233.995 -8.076 -43.00216 
1786081427.885 -0.005000088 -0.04477401 0.003434053 -0.005000088 1.407255e-08 1.176852e-08 -233.99 -18.132 -43.00343 
1786081428.045 -0.005000088 -0.03350956 0.004704053 -8.82917e-08 1.407255e-08 1.176852e-08 -233.995 -29.944 -43.0047 
1786081428.211 -0.005000088 -0.02548275 0.005974052 -8.82917e-08 1.407255e-08 1.176852e-08 -233.995 -42.852 -43.00597 
1786081428.372 -0.005000088 -0.02368184 0.005974052 0.004999912 1.407255e-08 1.176852e-08 -233.995 -55.98 -43.00597 
1786081428.539 -0.005000088 -0.02824435 0.005974052 0.004999912 1.407255e-08 1.176852e-08 -233.995 -70.244 -43.00597 
1786081428.700 -0.005000088 -0.01853834 0.005974052 0.004999912 1.407255e-08 1.176852e-08 -233.995 -85.184 -43.00597 
1786081428.859 -0.005000088 -0.01391728 0.005974052 -8.82917e-08 1.407255e-08 1.176852e-08 -233.995 -98.964 -43.00597 
1786081429.025 -0.005000088 -0.04085041 0.004704053 -8.82917e-08 1.407255e-08 1.176852e-08 -233.995 -113.308 -43.0047 
1786081429.188 -0.005000088 -0.01540491 0.004704053 -8.82917e-08 1.407255e-08 1.176852e-08 -233.995 -128.444 -43.0047 
1786081429.348 -0.005000088 -0.01984926 0.005974052 -8.82917e-08 1.407255e-08 1.176852e-08 -233.995 -142.86 -43.00597 
1786081429.508 -0.005000088 -0.02369178 0.004704053 -0.005000088 1.407255e-08 1.176852e-08 -233.995 -157.36 -43.0047 
1786081429.672 -0.01000009 -0.02739385 0.002164054 -0.01000009 1.407255e-08 1.176852e-08 -233.99 -172.136 -43.00216 
1786081429.847 -0.01000009 -0.02060418 -0.0003759446 -0.005000088 1.407255e-08 1.176852e-08 -233.995 -187.68 -42.99962 
1786081430.034 -0.005000088 -0.02149913 -0.001645944 -0.005000088 1.407255e-08 1.176852e-08 -233.995 -205.08 -42.99835 
1786081430.201 -0.005000088 -0.02213527 -0.0003759446 -8.82917e-08 1.407255e-08 1.176852e-08 -233.995 -221.204 -42.99962 
1786081430.365 -0.005000088 -0.02013638 0.0008940547 -8.82917e-08 1.407255e-08 1.176852e-08 -233.995 -236.84 -43.00089 
1786081430.530 -0.01000009 -0.0199207 0.0008940547 -8.82917e-08 1.407255e-08 1.176852e-08 -233.99 -252.604 -43.00089 
1786081430.695 -0.01000009 -0.01322162 -0.0003759446 -0.005000088 1.407255e-08 1.176852e-08 -233.99 -268.676 -42.99962 
1786081430.857 -0.005000088 -0.008887519 -0.001645944 -0.005000088 1.407255e-08 1.176852e-08 -233.995 -283.672 -42.99835 
1786081431.015 -0.005000088 0.0101271 -0.004185943 -0.01000009 1.407255e-08 1.176852e-08 -233.995 -297.464 -42.99581 
1786081431.174 -0.005000088 0.0493391 -0.005455942 -0.005000088 1.407255e-08 1.176852e-08 -233.995 -308.748 -42.99454 
1786081431.331 -0.005000088 0.06550434 -0.005455942 -0.005000088 1.407255e-08 1.176852e-08 -233.995 -315.224 -42.99454 
1786081431.495 -0.005000088 0.05400007 -0.004185943 -0.005000088 1.407255e-08 1.176852e-08 -233.995 -316.804 -42.99581 
1786081431.654 -0.005000088 0.02200007 -0.002915943 -8.82917e-08 1.407255e-08 1.176852e-08 -233.995 -316.772 -42.99708 
1786081431.815 0.004999912 0.02200007 0.0008940547 0.004999912 1.407255e-08 1.176852e-08 -234.005 -316.772 -43.00089 
1786081431.975 0.009999912 0.01800007 0.003434053 0.004999912 1.407255e-08 1.176852e-08 -234.01 -316.768 -43.00343 
1786081432.132 0.009999912 0.01800007 0.003434053 0.004999912 1.407255e-08 1.176852e-08 -234.01 -316.768 -43.00343 
1786081432.290 0.009999912 0.01800007 0.004704053 0.009999912 1.407255e-08 1.176852e-08 -234.01 -316.768 -43.0047 
1786081432.447 0.009999912 0.01800007 0.005974052 0.009999912 1.407255e-08 1.176852e-08 -234.01 -316.768 -43.00597 
1786081432.605 0.009999912 0.01800007 0.005974052 0.009999912 1.407255e-08 1.176852e-08 -234.01 -316.768 -43.00597 
1786081432.764 0.009999912 0.01800007 0.005974052 0.009999912 1.407255e-08 1.176852e-08 -234.01 -316.768 -43.00597 
1786081432.929 -0.02223342 0.01400007 0.005974052 -0.02083342 1.407255e-08 1.176852e-08 -235.36 -316.764 -43.00597 
1786081433.095 -0.02563342 0.01800007 0.007244051 -0.03583342 1.407255e-08 1.176852e-08 -241.955 -316.768 -43.00724 
1786081433.255 -0.02303342 0.02200007 0.008514051 -0.02823342 1.407255e-08 1.176852e-08 -253.735 -316.772 -43.00851 
1786081433.412 -0.02023342 0.02600007 0.00978405 -0.02543342 1.407255e-08 1.176852e-08 -270.16 -316.776 -43.00978 
1786081433.569 -0.01278986 0.02200007 0.007244051 -0.01798986 1.407255e-08 1.176852e-08 -290.235 -316.772 -43.00724 
1786081433.726 -0.01194738 0.01800007 0.008514051 -0.01783178 1.407255e-08 1.176852e-08 -312.74 -316.768 -43.00851 
1786081433.884 0.00314847 0.01800007 0.008514051 0.00294847 1.407255e-08 1.176852e-08 -336.875 -316.768 -43.00851 
1786081434.044 0.01360161 0.01800007 0.008514051 0.006434601 1.407255e-08 1.176852e-08 -361.915 -316.768 -43.00851 
1786081434.213 0.006979712 0.01800007 0.007244051 0.001779712 1.407255e-08 1.176852e-08 -388.27 -316.768 -43.00724 
1786081434.375 0.007861666 0.01000007 0.004704053 -0.008230355 1.407255e-08 1.176852e-08 -414.345 -316.76 -43.0047 
1786081434.542 0.01133884 0.01000007 0.003434053 0.007736419 1.407255e-08 1.176852e-08 -440.47 -316.76 -43.00343 
1786081434.700 0.006616253 0.01000007 0.005974052 -0.005599409 1.407255e-08 1.176852e-08 -464.7 -316.76 -43.00597 
1786081434.858 0.004035068 0.01400007 0.007244051 -0.01116493 1.407255e-08 1.176852e-08 -489.165 -316.764 -43.00724 
1786081435.023 0.006589293 0.01400007 0.007244051 -0.00342554 1.407255e-08 1.176852e-08 -515.9 -316.764 -43.00724 
1786081435.185 0.00728707 0.01000007 0.003434053 -0.01291293 1.407255e-08 1.176852e-08 -542.775 -316.76 -43.00343 
1786081435.344 -0.000457118 -0.00199993 -0.005455942 -0.01565712 1.407255e-08 1.176852e-08 -568.77 -316.748 -42.99454 
1786081435.502 -0.00988229 -0.00999993 -0.00799594 -0.02008229 1.407255e-08 1.176852e-08 -593.935 -316.74 -42.992 
1786081435.661 0.005151999 -0.00599993 -0.006725941 -0.005048001 1.407255e-08 1.176852e-08 -619.165 -316.744 -42.99327 
1786081435.818 0.01160441 0.00600007 -0.004185943 0.001404409 1.407255e-08 1.176852e-08 -642.885 -316.756 -42.99581 
1786081435.975 0.005913097 0.01400007 0.003434053 0.005713097 1.407255e-08 1.176852e-08 -666.145 -316.764 -43.00343 
1786081436.133 0.02396125 0.01800007 0.00978405 0.01504846 1.407255e-08 1.176852e-08 -688.885 -316.768 -43.00978 
1786081436.301 0.03264214 0.03000007 0.01359405 0.03244214 1.407255e-08 1.176852e-08 -711.115 -316.78 -43.01359 
1786081436.472 0.05061071 0.03800007 0.01613405 0.05041071 1.407255e-08 1.176852e-08 -732.795 -316.788 -43.01613 
1786081436.634 0.04958415 0.03400007 0.01486405 0.04938415 1.407255e-08 1.176852e-08 -748.775 -316.784 -43.01486 
1786081436.792 0.04012445 0.01800007 0.008514051 0.03992445 1.407255e-08 1.176852e-08 -759.24 -316.768 -43.00851 
1786081436.950 0.03014186 0.00600007 0.003434053 0.02994186 1.407255e-08 1.176852e-08 -764.63 -316.756 -43.00343 
1786081437.110 0.004835729 -0.00199993 -0.002915943 0.009835729 1.407255e-08 1.176852e-08 -765.08 -316.748 -42.99708 
1786081437.269 -0.01 -0.00999993 -0.00799594 -0.01 1.407255e-08 1.176852e-08 -764.99 -316.74 -42.992 
1786081437.427 -0.015 -0.01399993 -0.00926594 -0.015 1.407255e-08 1.176852e-08 -764.985 -316.736 -42.99073 
1786081437.584 -0.015 -0.01799993 -0.01053594 -0.015 1.407255e-08 1.176852e-08 -764.985 -316.732 -42.98946 
1786081437.742 -0.015 -0.01399993 -0.00799594 -0.01 1.407255e-08 1.176852e-08 -764.985 -316.736 -42.992 
1786081437.899 -0.01 -0.00999993 -0.006725941 -0.005000002 1.407255e-08 1.176852e-08 -764.99 -316.74 -42.99327 
1786081438.059 -1.836383e-09 0.00200007 -0.0003759446 0.009999998 1.407255e-08 1.176852e-08 -765 -316.752 -42.99962 
1786081438.223 0.015 0.01800007 0.00978405 0.02 1.407255e-08 1.176852e-08 -765.015 -316.768 -43.00978 
1786081438.382 0.015 0.01800007 0.00978405 0.015 1.407255e-08 1.176852e-08 -765.015 -316.768 -43.00978 
1786081438.539 0.015 0.01800007 0.00978405 0.02 1.407255e-08 1.176852e-08 -765.015 -316.768 -43.00978 
1786081438.698 0.015 0.01800007 0.00978405 0.015 1.407255e-08 1.176852e-08 -765.015 -316.768 -43.00978 
1786081438.856 0.015 0.01800007 0.00978405 0.015 1.407255e-08 1.176852e-08 -765.015 -316.768 -43.00978 
1786081439.015 0.009999998 0.01400007 0.008514051 0.015 1.407255e-08 1.176852e-08 -765.01 -316.764 -43.00851 
1786081439.172 0.009999998 0.01000007 0.007244051 0.009999998 1.407255e-08 1.176852e-08 -765.01 -316.76 -43.00724 
1786081439.334 0.004999998 0.00600007 0.005974052 0.004999998 1.407255e-08 1.176852e-08 -765.005 -316.756 -43.00597 
1786081439.492 0.004999998 0.00200007 0.002164054 0.004999998 1.407255e-08 1.176852e-08 -765.005 -316.752 -43.00216 
1786081439.649 -0.005000002 -0.00599993 -0.001645944 -1.836383e-09 1.407255e-08 1.176852e-08 -764.995 -316.744 -42.99835 
1786081439.807 -0.005000002 -0.00599993 -0.004185943 -1.836383e-09 1.407255e-08 1.176852e-08 -764.995 -316.744 -42.99581 
1786081439.966 -0.005000002 -0.00599993 -0.004185943 -1.836383e-09 1.407255e-08 1.176852e-08 -764.995 -316.744 -42.99581 
1786081440.127 -0.005000002 -0.00599993 -0.002915943 0.004999998 1.407255e-08 1.176852e-08 -764.995 -316.744 -42.99708 
1786081440.285 -1.836383e-09 0.00200007 -0.001645944 0.009999998 1.407255e-08 1.176852e-08 -765 -316.752 -42.99835 
1786081440.445 0.004999998 0.00600007 0.002164054 0.009999998 1.407255e-08 1.176852e-08 -765.005 -316.756 -43.00216 
1786081440.603 0.004999998 0.00200007 0.002164054 0.004999998 1.407255e-08 1.176852e-08 -765.005 -316.752 -43.00216 
1786081440.763 -1.836383e-09 0.00200007 -0.0003759446 0.004999998 1.407255e-08 1.176852e-08 -765 -316.752 -42.99962 
1786081440.924 -0.005000002 0.00200007 -0.001645944 0.004999998 1.407255e-08 1.176852e-08 -764.995 -316.752 -42.99835 
1786081441.085 -0.01 -0.00199993 -0.005455942 -0.005000002 1.407255e-08 1.176852e-08 -764.99 -316.748 -42.99454 
1786081441.245 -0.01 -0.00999993 -0.006725941 -0.01 1.407255e-08 1.176852e-08 -764.99 -316.74 -42.99327 
1786081441.404 -0.01 -0.00999993 -0.006725941 -0.005000002 1.407255e-08 1.176852e-08 -764.99 -316.74 -42.99327 
1786081441.565 -0.01 -0.00999993 -0.006725941 -0.005000002 1.407255e-08 1.176852e-08 -764.99 -316.74 -42.99327 
1786081441.722 -0.01 -0.00999993 -0.006725941 -0.01 1.407255e-08 1.176852e-08 -764.99 -316.74 -42.99327 
1786081441.884 -0.005000002 -0.00999993 -0.005455942 -0.01 1.407255e-08 1.176852e-08 -764.99 -316.74 -42.99454 
1786081442.045 -0.005000002 -0.00599993 -0.005455942 -0.005000002 1.407255e-08 1.176852e-08 -764.995 -316.744 -42.99454 
1786081442.203 -0.005000002 -0.00599993 -0.005455942 -0.005000002 1.407255e-08 1.176852e-08 -764.995 -316.744 -42.99454 
1786081442.363 -0.005000002 -0.00599993 -0.004185943 -0.005000002 1.407255e-08 1.176852e-08 -764.995 -316.744 -42.99581 
1786081442.525 -0.005000002 -0.00599993 -0.005455942 -0.005000002 1.407255e-08 1.176852e-08 -764.995 -316.744 -42.99454 
1786081442.686 -0.005000002 -0.00599993 -0.005455942 -1.836383e-09 1.407255e-08 1.176852e-08 -764.995 -316.744 -42.99454 
1786081442.845 -0.005000002 -0.00199993 -0.004185943 -1.836383e-09 1.407255e-08 1.176852e-08 -764.995 -316.748 -42.99581 
1786081443.003 -1.836383e-09 0.00200007 -0.001645944 0.004999998 1.407255e-08 1.176852e-08 -765 -316.752 -42.99835 
1786081443.161 0.004999998 0.00600007 0.002164054 0.009999998 1.407255e-08 1.176852e-08 -765.005 -316.756 -43.00216 
1786081443.322 0.009999998 0.00600007 0.004704053 0.009999998 1.407255e-08 1.176852e-08 -765.01 -316.756 -43.0047 
1786081443.480 0.009999998 0.00600007 0.005974052 0.009999998 1.407255e-08 1.176852e-08 -765.01 -316.756 -43.00597 
1786081443.641 0.004999998 0.00600007 0.005974052 0.004999998 1.407255e-08 1.176852e-08 -765.005 -316.756 -43.00597 
1786081443.802 0.004999998 0.00600007 0.004704053 0.004999998 1.407255e-08 1.176852e-08 -765.005 -316.756 -43.0047 
1786081443.963 0.004999998 0.00600007 0.005974052 0.004999998 1.407255e-08 1.176852e-08 -765.01 -316.756 -43.00597 
1786081444.124 0.009999998 0.00600007 0.005974052 0.004999998 1.407255e-08 1.176852e-08 -765.01 -316.756 -43.00597 
1786081444.283 0.004999998 0.00200007 0.004704053 0.004999998 1.407255e-08 1.176852e-08 -765.005 -316.752 -43.0047 
1786081444.444 0.004999998 0.00200007 0.004704053 0.004999998 1.407255e-08 1.176852e-08 -765.005 -316.752 -43.0047 
1786081444.606 0.004999998 0.00200007 0.004704053 0.004999998 1.407255e-08 1.176852e-08 -765.005 -316.756 -43.0047 
1786081444.768 -1.836383e-09 0.00200007 0.004704053 0.004999998 1.407255e-08 1.176852e-08 -765 -316.752 -43.0047 
1786081444.927 -1.836383e-09 0.00200007 0.004704053 0.004999998 1.407255e-08 1.176852e-08 -765 -316.752 -43.0047 
1786081445.087 -1.836383e-09 0.00200007 0.004704053 0.004999998 1.407255e-08 1.176852e-08 -765 -316.752 -43.0047 
1786081445.246 -0.005000002 0.00200007 0.005974052 0.004999998 1.407255e-08 1.176852e-08 -764.995 -316.752 -43.00597 
1786081445.404 -0.005000002 -0.00199993 0.004704053 0.004999998 1.407255e-08 1.176852e-08 -764.995 -316.748 -43.0047 
1786081445.565 -0.005000002 -0.00599993 0.004704053 0.004999998 1.407255e-08 1.176852e-08 -764.995 -316.744 -43.0047 
1786081445.724 -0.01 -0.00599993 0.003434053 -1.836383e-09 1.407255e-08 1.176852e-08 -764.99 -316.744 -43.00343 
1786081445.883 -0.01 -0.00999993 0.002164054 -0.005000002 1.407255e-08 1.176852e-08 -764.99 -316.74 -43.00216 
1786081446.048 -0.005000002 -0.00599993 0.0008940547 -0.005000002 1.407255e-08 1.176852e-08 -764.995 -316.744 -43.00089 
1786081446.207 -0.005000002 -0.00599993 -0.0003759446 -0.005000002 1.407255e-08 1.176852e-08 -764.995 -316.744 -42.99962 
1786081446.368 -0.005000002 -0.00599993 0.0008940547 -0.005000002 1.407255e-08 1.176852e-08 -764.995 -316.744 -43.00089 
1786081446.526 -0.005000004 -0.00123073 0.002164053 -0.001750004 -0.0001804991 0.0001326563 -764.995 -316.748 -43.00216 
1786081446.689 -0.01501402 -0.01379089 -0.008005477 -0.01521402 -0.01601868 0.01177279 -764.985 -316.668 -42.992 
1786081446.857 -0.02019343 -0.02314996 -0.01320906 -0.02039568 -0.05986041 0.04399389 -764.98 -316.472 -42.98692 
1786081447.021 -0.02094559 -0.02177083 -0.01371925 -0.02114559 -0.1315813 0.09670453 -764.98 -316.168 -42.98692 
1786081447.180 -0.02280086 -0.02581827 -0.01371144 -0.02300086 -0.2264569 0.1664325 -764.98 -315.76 -42.98819 
1786081447.337 -0.02647949 -0.02350379 -0.01367414 -0.02667949 -0.3444403 0.2531434 -764.98 -315.26 -42.99073 
1786081447.494 -0.02295666 -0.02406637 -0.01430658 -0.02320924 -0.4880666 0.3587003 -764.99 -314.648 -42.99454 
1786081447.651 -0.02338415 -0.0232711 -0.01380086 -0.02366602 -0.6555065 0.4817588 -765 -313.936 -43.00216 
1786081447.809 -0.024233 -0.02562275 -0.01436821 -0.024433 -0.8476124 0.6229453 -765.015 -313.116 -43.01232 
1786081447.974 -0.03288444 -0.03161536 -0.01787744 -0.0332563 -1.074566 0.7897428 -765.03 -312.144 -43.02502 
1786081448.137 -0.03089362 -0.03322502 -0.01736098 -0.03109362 -1.325225 0.9739628 -765.065 -311.076 -43.04788 
1786081448.299 -0.03045159 -0.03187911 -0.0172019 -0.03565159 -1.60384 1.178728 -765.11 -309.892 -43.07836 
1786081448.457 -0.03235463 -0.03119413 -0.01655722 -0.03255463 -1.901251 1.397308 -765.165 -308.62 -43.11773 
1786081448.615 -0.02949231 -0.0326142 -0.01612659 -0.02969231 -2.221826 1.632912 -765.24 -307.264 -43.16726 
1786081448.772 -0.02915419 -0.03042077 -0.01620309 -0.02935419 -2.5651 1.885198 -765.33 -305.808 -43.22822 
1786081448.930 -0.02527573 -0.02638738 -0.01566276 -0.03047573 -2.935432 2.15737 -765.445 -304.24 -43.30442 
1786081449.089 -0.02441351 -0.02483943 -0.01557529 -0.02961351 -3.328198 2.44603 -765.58 -302.576 -43.39586 
1786081449.255 -0.02544477 -0.02421391 -0.01524804 -0.02564477 -3.770189 2.770868 -765.755 -300.692 -43.51397 
1786081449.421 -0.02670737 -0.02128923 -0.01484312 -0.02690737 -4.242753 3.118175 -765.955 -298.708 -43.65367 
1786081449.582 -0.02199485 -0.02179539 -0.01396702 -0.02219485 -4.724696 3.472374 -766.195 -296.656 -43.81623 
1786081449.740 -0.02342375 -0.0240937 -0.01369255 -0.02362375 -5.22614 3.840906 -766.465 -294.556 -44.00038 
1786081449.897 -0.02349296 -0.02110989 -0.01322495 -0.02369296 -5.746034 4.222997 -766.775 -292.372 -44.21247 
1786081450.057 -0.02170326 -0.01947012 -0.01362892 -0.02190326 -6.301233 4.631036 -767.14 -290.044 -44.46012 
1786081450.252 -0.02064364 -0.01955284 -0.01310625 -0.02365972 -6.963866 5.118032 -767.62 -287.272 -44.78651 
1786081450.435 -0.02052644 -0.02156398 -0.0126691 -0.01899196 -7.694933 5.655323 -768.2 -284.224 -45.18402 
1786081450.598 -0.01468525 -0.0138724 -0.01306883 -0.01988525 -8.363921 6.14699 -768.785 -281.456 -45.58153 
1786081450.760 -0.0193253 -0.01951271 -0.01270497 -0.0195253 -9.039653 6.643614 -769.415 -278.66 -46.01714 
1786081450.921 -0.01516042 -0.01562561 -0.01265236 -0.01536042 -9.732835 7.153062 -770.12 -275.816 -46.49847 
1786081451.085 -0.02039389 -0.0205851 -0.01182553 -0.01559389 -10.46982 7.694704 -770.915 -272.8 -47.04965 
1786081451.248 -0.01354611 -0.01491049 -0.01189169 -0.01874611 -11.229 8.252659 -771.805 -269.724 -47.65798 
1786081451.413 -0.01759229 -0.008753225 -0.01252067 -0.01779229 -12.02459 8.837367 -772.79 -266.524 -48.33997 
1786081451.583 -0.01412344 -0.01095891 -0.01167236 -0.01432344 -12.86261 9.453261 -773.905 -263.172 -49.10959 
1786081451.773 -0.01472022 -0.01368546 -0.0111916 -0.01260907 -13.80759 10.14777 -775.245 -259.428 -50.03796 
1786081451.944 -0.01637974 -0.01021427 -0.01122631 -0.01657974 -14.76947 10.85469 -776.695 -255.664 -51.04888 
1786081452.139 -0.01208797 -0.01278972 -0.01167505 -0.01728797 -15.78658 11.60221 -778.335 -251.728 -52.18934 
1786081452.323 -0.01336443 -0.01067163 -0.01121406 -0.01356443 -16.86641 12.39582 -780.18 -247.592 -53.48855 
1786081452.506 -0.01145279 -0.01235152 -0.01137368 -0.01665279 -17.92822 13.17619 -782.105 -243.624 -54.83348 
1786081452.681 -0.009683528 -0.01106179 -0.01176563 -0.009883528 -18.99749 13.96204 -784.15 -239.676 -56.27493 
1786081452.858 -0.01559389 -0.006086885 -0.01146807 -0.01079389 -20.14858 14.80802 -786.46 -235.508 -57.91704 
1786081453.030 -0.01243939 -0.007642346 -0.0119646 -0.01263939 -21.26164 15.62606 -788.815 -231.552 -59.59217 
1786081453.190 -0.0133681 -0.01284526 -0.01106755 -0.0135681 -22.31782 16.40228 -791.145 -227.872 -61.26221 
1786081453.360 -0.00921527 -0.007981552 -0.01234818 -0.01441527 -23.46806 17.24765 -793.795 -223.964 -63.16594 
1786081453.538 -0.01504698 -0.01134797 -0.0120573 -0.01024698 -24.6333 18.10403 -796.58 -220.096 -65.18778 
1786081453.708 -0.01292968 -0.0129381 -0.01317057 -0.01142076 -25.90525 19.03888 -799.755 -215.992 -67.49918 
1786081453.882 -0.01269879 -0.01501426 -0.01263412 -0.0111025 -27.14399 19.94924 -802.96 -212.1 -69.869 
1786081454.063 -0.014729 -0.0109644 -0.0129323 -0.01056613 -28.51635 20.95785 -806.64 -207.984 -72.58172 
1786081454.221 -0.01101894 -0.01168497 -0.0132017 -0.01295196 -29.75285 21.8666 -810.08 -204.392 -75.14458 
1786081454.378 -0.009311374 -0.006969723 -0.01349722 -0.01451137 -30.9763 22.76576 -813.575 -200.972 -77.77729 
1786081454.537 -0.01429718 -0.009867653 -0.01313926 -0.0133819 -32.23244 23.68895 -817.26 -197.596 -80.58017 
1786081454.703 -0.009623163 -0.008517922 -0.01317213 -0.009823163 -33.56141 24.66567 -821.27 -194.188 -83.65357 
1786081454.867 -0.01182607 -0.01082928 -0.01184394 -0.007026072 -34.89108 25.6429 -825.375 -190.944 -86.83873 
1786081455.027 -0.008849825 -0.01029999 -0.01306755 -0.009049825 -36.18838 26.59633 -829.475 -187.948 -90.04802 
1786081455.186 -0.005226412 -0.01195718 -0.01251489 -0.01042641 -37.46951 27.53789 -833.605 -185.152 -93.31827 
1786081455.343 -0.006673262 -0.0087175 -0.01248377 -0.006873262 -38.74276 28.47365 -837.775 -182.544 -96.66345 
1786081455.501 -0.007778973 -0.01181838 -0.01122704 -0.007978973 -39.99514 29.39408 -841.945 -180.136 -100.0467 
1786081455.659 -0.01126476 -0.01031391 -0.01115813 -0.006464764 -41.22286 30.29638 -846.085 -177.94 -103.4491 
1786081455.827 -0.003958569 -0.008104701 -0.009772271 -0.004158569 -42.49417 31.23623 -850.46 -175.824 -107.0838 
1786081455.989 -0.005473649 -0.008561757 -0.01006559 -0.005673649 -43.72318 32.13397 -854.675 -173.964 -110.6372 
1786081456.147 -0.005085729 -0.007608924 -0.01000977 -0.01062935 -44.89612 32.99601 -858.76 -172.332 -114.1259 
1786081456.305 -0.003584725 -0.009639009 -0.01000284 -0.008784725 -46.02225 33.82365 -862.71 -170.908 -117.5435 
1786081456.462 -0.006414238 -0.008187928 -0.008469015 -0.006614238 -47.12375 34.63319 -866.59 -169.652 -120.9509 
1786081456.619 -0.003203086 -0.009336661 -0.01034983 -0.003403086 -48.20059 35.4246 -870.405 -168.552 -124.338 
1786081456.776 -0.00382776 -0.008763208 -0.009192536 -0.00402776 -49.2528 36.19792 -874.14 -167.596 -127.7276 
1786081456.934 -0.008731618 -0.01015283 -0.008937265 -0.003931618 -50.28038 36.95312 -877.79 -166.792 -131.0677 
1786081457.101 -0.006048175 -0.01020992 -0.008034784 -0.006248175 -51.32745 37.72266 -881.52 -166.096 -134.5018 
1786081457.264 -0.005600516 -0.008724066 -0.007467829 -0.0008005156 -52.35988 38.48143 -885.195 -165.528 -137.9587 
1786081457.428 -0.006761293 -0.008950646 -0.007686285 -0.006961293 -53.33493 39.19804 -888.66 -165.1 -141.2671 
1786081457.589 -0.00576508 -0.01031929 -0.008057068 -0.00596508 -54.30135 39.9083 -892.09 -164.78 -144.6085 
1786081457.748 -0.004989503 -0.00986453 -0.007173681 -0.005151473 -55.21843 40.5823 -895.335 -164.576 -147.7784 
1786081457.906 -0.003801889 -0.00821143 -0.006762809 -0.004001889 -56.09895 41.22943 -898.44 -164.468 -150.8734 
1786081458.069 0.0004281752 -0.009706386 -0.005789288 0.0002281752 -56.96514 41.86603 -901.485 -164.444 -153.9506 
1786081458.233 -0.001458949 -0.01064353 -0.004374558 -0.001658949 -57.8315 42.50275 -904.51 -164.504 -157.0595 
1786081458.392 -0.005381878 -0.008692438 -0.005604401 -0.00293291 -58.65063 43.10477 -907.35 -164.64 -160.0237 
1786081458.551 -0.00439506 -0.0101023 -0.005054728 -0.00459506 -59.4342 43.68065 -910.06 -164.836 -162.885 
1786081458.708 -0.005342058 -0.009686102 -0.005052939 -0.005542058 -60.18306 44.23102 -912.63 -165.088 -165.6409 
1786081458.866 -0.005493792 -0.01115284 -0.004265798 -0.001105041 -60.91186 44.76664 -915.115 -165.392 -168.3435 
1786081459.023 -0.005069545 -0.01067688 -0.004194922 -0.005269545 -61.6113 45.28069 -917.485 -165.736 -170.9546 
1786081459.180 -0.004525898 -0.009916519 -0.00215127 -0.004725898 -62.28604 45.77658 -919.755 -166.12 -173.4921 
1786081459.341 -8.139437e-05 -0.008006984 0.001260425 0.001208414 -62.94022 46.25736 -921.94 -166.54 -175.9686 
1786081459.511 -0.002788458 -0.007850307 0.006104522 -0.002988458 -63.61623 46.75419 -924.18 -167.02 -178.5441 
1786081459.677 -0.009180545 -0.006333216 0.006992092 0.005619455 -64.25585 47.22428 -926.275 -167.52 -180.9914 
1786081459.839 -0.001965096 -0.008223866 0.007964704 0.002834904 -64.84598 47.65799 -928.205 -168.016 -183.2609 
1786081459.997 -0.006657713 -0.0083207 0.005700633 0.003142287 -65.39958 48.06485 -929.99 -168.516 -185.397 
1786081460.156 -0.005463253 -0.004730328 0.00824354 0.00396993 -65.9247 48.45078 -931.675 -169.02 -187.4366 
1786081460.322 -0.0008683809 -0.008325006 0.008185224 0.003931619 -66.44649 48.83427 -933.34 -169.548 -189.4686 
1786081460.489 0.001667952 -0.007581199 0.008818831 0.007300543 -66.93804 49.19553 -934.89 -170.072 -191.3914 
1786081460.657 -0.0006162902 -0.004322278 0.008399339 0.00418371 -67.41646 49.54714 -936.39 -170.608 -193.2685 
1786081460.817 -0.003276536 -0.006996211 0.00749085 0.001523464 -67.85346 49.86831 -937.745 -171.112 -194.9881 
1786081460.983 -0.0003391376 -0.00677528 0.00788017 -0.0005391376 -68.26588 50.17142 -939.02 -171.608 -196.6175 
1786081461.163 0.002097061 -0.004927426 0.008472965 0.005050443 -68.66913 50.46778 -940.255 -172.112 -198.2151 
1786081461.327 -0.001743305 -0.00446176 0.00934694 0.003056695 -69.03838 50.73915 -941.375 -172.584 -199.682 
1786081461.486 0.0002758302 -0.007595429 0.008632547 0.00507583 -69.35732 50.97356 -942.34 -173 -200.9507 
1786081461.648 0.004632956 -0.00421381 0.009015425 -0.0005670443 -69.65242 51.19044 -943.23 -173.4 -202.128 
1786081461.810 0.001587351 -0.007553854 0.007927834 0.001387351 -69.92318 51.38943 -944.035 -173.768 -203.2088 
1786081461.976 0.002221205 -0.004996345 0.008482972 0.007021205 -70.17059 51.57126 -944.77 -174.116 -204.2057 
1786081462.145 0.002289969 -0.002838497 0.00882807 0.007089969 -70.39737 51.73794 -945.44 -174.44 -205.1138 
1786081462.307 0.0003441498 -0.004272936 0.008608818 0.00514415 -70.59017 51.87963 -946.005 -174.716 -205.8821 
1786081462.464 -0.004279776 -0.005642079 0.008542588 0.005520224 -70.75045 51.99742 -946.47 -174.948 -206.526 
1786081462.621 0.002766782 0.0005856066 0.009220681 0.005297953 -70.88577 52.09688 -946.87 -175.152 -207.0708 
1786081462.782 -0.002756118 -0.0009906102 0.009672075 0.002043882 -70.99675 52.17844 -947.19 -175.316 -207.5179 
1786081462.949 0.0115307 0.01182726 0.01228254 0.0113307 -71.08472 52.2431 -947.46 -175.46 -207.8747 
1786081463.117 0.01345669 0.01330375 0.01338905 0.01325669 -71.14782 52.28947 -947.645 -175.556 -208.13 
1786081463.276 0.009095263 0.01238558 0.01302026 0.01389526 -71.18038 52.3134 -947.735 -175.604 -208.2608 
1786081463.435 0.0170127 0.01291819 0.01278433 0.0118127 -71.188 52.319 -947.765 -175.616 -208.2913 
1786081463.592 0.0170127 0.01691819 0.01405433 0.0168127 -71.188 52.319 -947.765 -175.62 -208.2926 
1786081463.749 0.0170127 0.01691819 0.01278433 0.0168127 -71.188 52.319 -947.765 -175.62 -208.2913 
1786081463.907 0.0170127 0.01691819 0.01278433 0.0168127 -71.188 52.319 -947.765 -175.62 -208.2913 
1786081464.066 0.0120127 0.01691819 0.01278433 0.0168127 -71.188 52.319 -947.76 -175.62 -208.2913 
1786081464.225 0.0170127 0.01691819 0.01278433 0.0168127 -71.188 52.319 -947.765 -175.62 -208.2913 
1786081464.384 0.0170127 0.01691819 0.01278433 0.0168127 -71.188 52.319 -947.765 -175.62 -208.2913 
1786081464.544 0.0170127 0.01691819 0.01278433 0.0168127 -71.188 52.319 -947.765 -175.62 -208.2913 
1786081464.702 0.0170127 0.01691819 0.01278433 0.0168127 -71.188 52.319 -947.765 -175.62 -208.2913 
1786081464.860 0.0170127 0.01691819 0.01278433 0.0168127 -71.188 52.319 -947.765 -175.62 -208.2913 
1786081465.017 0.0170127 0.01691819 0.01151433 0.0168127 -71.188 52.319 -947.765 -175.62 -208.29 
1786081465.174 0.0120127 0.01691819 0.01151433 0.0168127 -71.188 52.319 -947.76 -175.62 -208.29 
1786081465.333 0.0120127 0.01691819 0.01151433 0.0168127 -71.188 52.319 -947.76 -175.62 -208.29 
1786081465.497 0.0120127 0.01291819 0.01024433 0.0118127 -71.188 52.319 -947.76 -175.616 -208.2888 
1786081465.667 0.01106267 0.01415874 0.01139303 0.01119878 -71.18614 52.31812 -947.755 -175.616 -208.2824 
1786081465.831 0.02448429 0.02592365 0.0166388 0.02448429 -71.16246 52.30694 -947.715 -175.612 -208.1922 
1786081465.991 0.02650808 0.0269087 0.01664845 0.02738369 -71.11234 52.28328 -947.605 -175.58 -207.9903 
1786081466.149 0.01795458 0.01952413 0.01380219 0.01795458 -71.03895 52.24862 -947.43 -175.524 -207.6919 
1786081466.309 0.01276912 0.01644311 0.01155119 0.01276912 -70.9395 52.20167 -947.2 -175.456 -207.2893 
1786081466.478 0.02021023 0.01843732 0.01358808 0.02021023 -70.80607 52.13867 -946.905 -175.372 -206.7546 
1786081466.641 0.01945395 0.02122118 0.01342131 0.01945395 -70.65033 52.06513 -946.55 -175.276 -206.1285 
1786081466.799 0.0148065 0.01171538 0.009877454 0.009806501 -70.47278 51.9813 -946.14 -175.156 -205.4122 
1786081466.957 0.008704563 0.00956808 0.008737211 0.006815856 -70.27133 51.88618 -945.67 -175.032 -204.6032 
1786081467.114 0.0001367417 -9.471101e-05 0.006462515 0.0001367417 -70.04645 51.78 -945.145 -174.888 -203.7003 
1786081467.275 -0.005002077 -0.009338392 0.005842678 -0.005002077 -69.79189 51.6598 -944.55 -174.732 -202.6817 
1786081467.435 -0.01193826 -0.01321068 0.002797241 -0.01193826 -69.51172 51.52752 -943.89 -174.572 -201.5603 
1786081467.613 -0.01760651 -0.01481791 -0.003826463 -0.01260651 -69.18602 51.37374 -943.12 -174.396 -200.256 
1786081467.782 -0.01337769 -0.01412982 -0.006978934 -0.01320938 -68.81618 51.19911 -942.25 -174.208 -198.7828 
1786081467.979 -0.01415678 -0.01841181 -0.006993177 -0.01348663 -68.38183 50.99402 -941.21 -173.996 -197.0607 
1786081468.172 -0.007727674 -0.01194368 -0.005987218 -0.01272767 -67.89587 50.76457 -940.05 -173.784 -195.1417 
1786081468.345 -0.01099542 -0.01289185 -0.005973694 -0.01099542 -67.44246 50.55048 -938.94 -173.596 -193.346 
1786081468.534 -0.013585 -0.01364223 -0.006461663 -0.008585003 -66.90146 50.29504 -937.615 -173.392 -191.2327 
1786081468.695 -0.01045625 -0.01122975 -0.005952902 -0.01045625 -66.40783 50.06197 -936.395 -173.228 -189.3035 
1786081468.860 -0.009951191 -0.01245784 -0.005901823 -0.01177411 -65.89053 49.81772 -935.1 -173.072 -187.2893 
1786081469.033 -0.01054138 -0.008186554 -0.005338475 -0.01054138 -65.31586 49.54638 -933.65 -172.928 -185.0617 
1786081469.196 -0.01272749 -0.008811616 -0.005499928 -0.007727493 -64.7404 49.27467 -932.18 -172.804 -182.8405 
1786081469.357 -0.01058648 -0.01129479 -0.004962158 -0.01087172 -64.1418 48.99203 -930.64 -172.7 -180.5418 
1786081469.516 -0.01059322 -0.008188957 -0.004938397 -0.01059322 -63.53226 48.70423 -929.055 -172.628 -178.2126 
1786081469.674 -0.009324779 -0.008660655 -0.004133267 -0.004324779 -62.90151 48.40641 -927.4 -172.58 -175.8162 
1786081469.845 -0.007131298 -0.01199301 -0.005014851 -0.01085442 -62.22882 48.08879 -925.615 -172.56 -173.2736 
1786081470.012 -0.01058578 -0.0114285 -0.005138803 -0.01058578 -61.47275 47.7318 -923.59 -172.584 -170.4352 
1786081470.180 -0.01307317 -0.01392238 -0.005632118 -0.01064018 -60.73167 47.38189 -921.585 -172.648 -167.6729 
1786081470.347 -0.007645737 -0.01116873 -0.005386285 -0.007645737 -59.94951 47.01258 -919.45 -172.768 -164.7786 
1786081470.514 -0.00946446 -0.01466608 -0.006190346 -0.00946446 -59.14376 46.63213 -917.225 -172.936 -161.8208 
1786081470.697 -0.008299 -0.0129456 -0.005124376 -0.009045007 -58.2339 46.20252 -914.69 -173.192 -158.5124 
1786081470.864 -0.008357744 -0.008997587 -0.002853398 -0.003357744 -57.36479 45.79216 -912.245 -173.504 -155.3831 
1786081471.035 -0.01023354 -0.01168708 -0.00539942 -0.01023354 -56.46178 45.36579 -909.68 -173.884 -152.1599 
1786081471.211 -0.008883739 -0.01152859 -0.003528305 -0.008883739 -55.50807 44.91548 -906.95 -174.36 -148.7956 
1786081471.381 -0.005002711 -0.01202847 -0.004731975 -0.01326853 -54.52405 44.45086 -904.11 -174.928 -145.3628 
1786081471.547 -0.007663026 -0.01067105 -0.002472621 -0.007663026 -53.53428 43.98353 -901.23 -175.58 -141.9338 
1786081471.718 -0.01072 -0.01116544 -0.004129765 -0.007751725 -52.5155 43.5025 -898.24 -176.332 -138.4883 
1786081471.899 -0.006012972 -0.009938374 -0.001540607 -0.006012972 -51.43742 42.99347 -895.065 -177.224 -134.8739 
1786081472.072 -0.008088647 -0.008944195 0.0002837631 -0.003088647 -50.30266 42.45767 -891.695 -178.264 -131.1287 
1786081472.235 -0.007617734 -0.01070919 -0.003402288 -0.007617734 -49.23532 41.95371 -888.51 -179.336 -127.6552 
1786081472.397 -0.005921409 -0.006219505 -0.006496007 -0.005921409 -48.22039 41.4745 -885.47 -180.448 -124.404 
1786081472.569 -0.01004236 -0.007465621 -0.006635949 -0.00703959 -47.20777 40.99637 -882.425 -181.636 -121.2151 
1786081472.754 -0.004172475 -0.009597301 -0.006299675 -0.009172475 -46.10733 40.47678 -879.11 -183.02 -117.8077 
1786081472.931 -0.007947046 -0.00818903 -0.007080086 -0.007947046 -45.09214 39.99745 -876.04 -184.388 -114.719 
1786081473.093 -0.004548512 -0.008308838 -0.005827558 -0.004548512 -44.18491 39.56908 -873.3 -185.68 -112.0063 
1786081473.266 -0.004368248 -0.006569025 -0.007419487 -0.008398567 -43.26234 39.13347 -870.505 -187.064 -109.2898 
1786081473.429 -0.00610513 -0.007976595 -0.006523123 -0.00610513 -42.41533 38.73355 -867.945 -188.392 -106.8387 
1786081473.595 -0.005617722 -0.00682987 -0.007006447 -0.005657306 -41.58491 38.34145 -865.435 -189.752 -104.4727 
1786081473.763 -0.00779336 -0.01152992 -0.006719278 -0.00779336 -40.75785 37.95094 -862.935 -191.156 -102.1549 
1786081473.937 -0.006310396 -0.009408085 -0.006846453 -0.008509546 -39.96902 37.57849 -860.555 -192.552 -99.97941 
1786081474.114 -0.006678118 -0.008187807 -0.006066069 -0.006678118 -39.14614 37.18995 -858.08 -194.06 -97.74929 
1786081474.293 -0.008812274 -0.007173779 -0.006251604 -0.003812274 -38.37768 36.82711 -855.77 -195.516 -95.70079 
1786081474.464 -0.007288347 -0.005970655 -0.006754877 -0.007288347 -37.65293 36.48491 -853.6 -196.932 -93.7996 
1786081474.629 -0.008848349 -0.004505776 -0.006224942 -0.003848349 -36.99741 36.1754 -851.64 -198.248 -92.10796 
1786081474.804 -0.007525576 -0.00345969 -0.006614082 -0.006377381 -36.35371 35.87147 -849.725 -199.572 -90.47093 
1786081474.989 -0.005782676 -0.005019297 -0.005579962 -0.005782676 -35.69196 35.55901 -847.76 -200.964 -88.81485 
1786081475.153 -0.003853734 -0.003674615 -0.006460335 -0.003834433 -35.07986 35.27 -845.95 -202.284 -87.30482 
1786081475.321 -0.004181544 -0.006416625 -0.007186681 -0.009181544 -34.5309 35.01079 -844.33 -203.488 -85.97005 
1786081475.491 -0.007840607 -0.007420024 -0.006280198 -0.007840607 -34.00338 34.76172 -842.775 -204.684 -84.69116 
1786081475.670 -0.005541079 -0.005572022 -0.006661915 -0.002103813 -33.48967 34.51916 -841.27 -205.84 -83.49101 
1786081475.831 -0.006769639 -0.007200115 -0.006357819 -0.006769639 -33.0086 34.29202 -839.865 -206.952 -82.36833 
1786081476.004 -0.00655242 -0.003858356 -0.006340808 -0.00655242 -32.57227 34.086 -838.595 -207.984 -81.35614 
1786081476.205 -0.00387249 -0.002327411 -0.006385386 -0.00387249 -32.10449 33.86513 -837.24 -209.096 -80.29696 
1786081476.389 -0.003996946 -0.003605333 -0.006713194 -0.003996946 -31.66018 33.65534 -835.95 -210.172 -79.29239 
1786081476.575 0.0004088319 6.166581e-05 -0.006043048 -0.004591168 -31.28218 33.47686 -834.87 -211.096 -78.458 
1786081476.739 -0.00174506 -0.001364347 -0.00552521 -0.00674506 -30.96111 33.32526 -833.945 -211.888 -77.75189 
1786081476.920 -0.006830028 0.001502528 -0.005360844 -0.001830028 -30.6558 33.18111 -833.06 -212.656 -77.0826 
1786081477.099 -0.006453825 0.006379075 -0.007075946 -0.001453825 -30.37936 33.05058 -832.275 -213.356 -76.48443 
1786081477.260 -0.008409777 0.003965096 -0.007113268 -0.008409777 -30.15569 32.94497 -831.635 -213.916 -76.00691 
1786081477.427 -0.004984865 0.003852291 -0.006730972 -0.004984865 -29.9578 32.85153 -831.075 -214.42 -75.58527 
1786081477.604 -0.005685645 0.006545694 -0.00703369 -0.003009572 -29.77668 32.76602 -830.56 -214.884 -75.20173 
1786081477.771 0.01097962 0.01581178 -0.001391237 0.005979617 -29.63348 32.69841 -830.17 -215.264 -74.90455 
1786081477.933 0.02758539 0.03089514 0.01228956 0.02758539 -29.52001 32.64483 -829.865 -215.572 -74.67976 
1786081478.105 0.02150264 0.02333764 0.01231827 0.02150264 -29.4321 32.60332 -829.61 -215.792 -74.49561 
1786081478.269 0.02211348 0.02293974 0.01135799 0.02211348 -29.3718 32.57485 -829.44 -215.948 -74.36861 
1786081478.429 0.02064275 0.02164828 0.01065579 0.02064275 -29.34049 32.56007 -829.35 -216.028 -74.30257 
1786081478.595 0.0189952 0.0207845 0.01022511 0.0189952 -29.334 32.557 -829.33 -216.044 -74.2886 
1786081478.757 0.0139952 0.0167845 0.01022511 0.0139952 -29.334 32.557 -829.325 -216.04 -74.2886 
1786081478.923 0.0189952 0.0207845 0.01022511 0.0139952 -29.334 32.557 -829.33 -216.044 -74.2886 
1786081479.083 0.0139952 0.0167845 0.008955115 0.0139952 -29.334 32.557 -829.325 -216.04 -74.28733 
1786081479.244 0.0139952 0.0167845 0.008955115 0.0139952 -29.334 32.557 -829.325 -216.04 -74.2886 
1786081479.409 0.0139952 0.0127845 0.008955115 0.0139952 -29.334 32.557 -829.325 -216.036 -74.28733 
1786081479.572 0.0139952 0.0167845 0.008955115 0.0139952 -29.334 32.557 -829.325 -216.04 -74.28733 
1786081479.731 0.0089952 0.0127845 0.007685116 0.0089952 -29.334 32.557 -829.32 -216.036 -74.28606 
1786081479.893 0.0089952 0.0127845 0.007685116 0.0089952 -29.334 32.557 -829.32 -216.036 -74.28606 
1786081480.061 0.0139952 0.0127845 0.008955115 0.0139952 -29.334 32.557 -829.325 -216.036 -74.28733 
1786081480.219 0.0139952 0.0167845 0.008955115 0.0139952 -29.334 32.557 -829.325 -216.04 -74.28733 
1786081480.383 0.0089952 0.0127845 0.007685116 0.0089952 -29.334 32.557 -829.32 -216.036 -74.28606 
1786081480.540 0.0089952 0.0127845 0.007685116 0.0089952 -29.334 32.557 -829.32 -216.036 -74.28606 
1786081480.709 0.0089952 0.0127845 0.007685116 0.0089952 -29.334 32.557 -829.32 -216.036 -74.28606 
1786081480.871 0.0089952 0.0127845 0.008955115 0.0089952 -29.334 32.557 -829.32 -216.036 -74.28733 
1786081481.029 0.0089952 0.0127845 0.007685116 0.0089952 -29.334 32.557 -829.32 -216.036 -74.28606 
1786081481.193 0.009920963 0.008694332 0.008595361 0.01494018 -29.3293 32.5618 -829.32 -216.052 -74.27717 
1786081481.360 0.01571764 0.01538339 0.0111251 0.0157701 -29.30068 32.59106 -829.32 -216.184 -74.22002 
1786081481.518 0.01223886 0.01676348 0.00928132 0.01723886 -29.24605 32.64689 -829.305 -216.416 -74.10445 
1786081481.675 0.01421739 0.01879686 0.01091334 0.01921739 -29.16885 32.72577 -829.29 -216.748 -73.9457 
1786081481.837 0.01339539 0.008545737 0.008138115 0.01339539 -29.06537 32.83154 -829.265 -217.18 -73.72853 
1786081482.004 0.007073013 0.004722238 0.006262509 0.007073013 -28.93153 32.96831 -829.225 -217.748 -73.4504 
1786081482.170 0.006425276 -0.002529748 0.004771704 0.001425276 -28.76966 33.13374 -829.18 -218.432 -73.11639 
1786081482.341 0.009048695 -0.004315898 0.006190279 0.004432437 -28.57689 33.33075 -829.12 -219.256 -72.72396 
1786081482.515 -0.01212748 -0.01662273 -0.003647722 -0.01212748 -28.35573 33.55676 -829.03 -220.184 -72.26549 
1786081482.689 -0.01499834 -0.02317289 -0.009351403 -0.01499834 -28.0925 33.82577 -828.93 -221.3 -71.72955 
1786081482.855 -0.01431068 -0.01920579 -0.009155093 -0.01431068 -27.82197 34.10225 -828.82 -222.456 -71.1898 
1786081483.019 -0.01409597 -0.0192861 -0.00969612 -0.01409597 -27.52288 34.4079 -828.685 -223.728 -70.59798 
1786081483.179 -0.01273396 -0.01619379 -0.009074834 -0.01273396 -27.20917 34.72851 -828.525 -225.072 -69.98076 
1786081483.350 -0.01720028 -0.01857822 -0.009510973 -0.01720028 -26.86158 35.08373 -828.335 -226.536 -69.30639 
1786081483.526 -0.01296992 -0.01789509 -0.009091255 -0.01296992 -26.44981 35.50455 -828.09 -228.28 -68.52534 
1786081483.688 -0.01281287 -0.01788631 -0.0091782 -0.01281287 -26.04442 35.91885 -827.82 -229.992 -67.76207 
1786081483.847 -0.01309187 -0.01296356 -0.008698234 -0.01309187 -25.62598 36.34648 -827.515 -231.76 -66.9861 
1786081484.005 -0.0113049 -0.01626545 -0.007735754 -0.0113049 -25.18814 36.79394 -827.17 -233.596 -66.18727 
1786081484.179 -0.01498555 -0.01693957 -0.007975226 -0.01498555 -24.69882 37.29401 -826.745 -235.644 -65.30843 
1786081484.349 -0.01372866 -0.01831041 -0.00815789 -0.01372866 -24.15364 37.85116 -826.235 -237.916 -64.34831 
1786081484.508 -0.01170493 -0.0148456 -0.00784496 -0.01170493 -23.63494 38.38126 -825.71 -240.072 -63.45423 
1786081484.673 -0.01231317 -0.01491354 -0.007392633 -0.01231317 -23.07058 38.95802 -825.09 -242.4 -62.50173 
1786081484.847 -0.01038171 -0.01561352 -0.00793196 -0.0109037 -22.47942 39.56216 -824.395 -244.828 -61.52764 
1786081485.010 -0.01263648 -0.01146447 -0.006924186 -0.01263648 -21.8351 40.22064 -823.575 -247.46 -60.49386 
1786081485.174 -0.009377511 -0.01119065 -0.007243649 -0.009377511 -21.19766 40.87209 -822.71 -250.04 -59.49819 
1786081485.333 -0.0114605 -0.01689353 -0.008140557 -0.010232 -20.53845 41.54577 -821.75 -252.684 -58.49743 
1786081485.496 -0.01034153 -0.01670409 -0.00708554 -0.01034153 -19.85788 42.24129 -820.695 -255.388 -57.49794 
1786081485.655 -0.009975362 -0.01501278 -0.007923704 -0.009975362 -19.15625 42.95834 -819.54 -258.152 -56.49972 
1786081485.817 -0.01455918 -0.0142562 -0.008167986 -0.009559182 -18.43425 43.69621 -818.275 -260.964 -55.50912 
1786081485.980 -0.01029136 -0.01175842 -0.007839363 -0.0112053 -17.65892 44.48856 -816.845 -263.948 -54.48677 
1786081486.150 -0.007888886 -0.01090934 -0.008524535 -0.007957503 -16.85195 45.31327 -815.26 -267.024 -53.46061 
1786081486.317 -0.0114449 -0.01320247 -0.007808223 -0.0114449 -15.99254 46.19155 -813.49 -270.212 -52.43318 
1786081486.474 -0.00708134 -0.01410739 -0.007749101 -0.00708134 -15.17294 47.02916 -811.71 -273.216 -51.49592 
1786081486.632 -0.01165871 -0.01228478 -0.007239474 -0.008990693 -14.32894 47.8917 -809.78 -276.256 -50.58152 
1786081486.796 -0.008724461 -0.01085439 -0.0074973 -0.008724461 -13.44935 48.79061 -807.675 -279.36 -49.68236 
1786081486.988 -0.009424654 -0.01226489 -0.007852994 -0.009424654 -12.41261 49.85013 -805.07 -282.928 -48.6943 
1786081487.169 -0.009950278 -0.01358133 -0.008149056 -0.009950278 -11.3312 50.95529 -802.215 -286.544 -47.74688 
1786081487.347 -0.008148954 -0.01442814 -0.00805932 -0.008148954 -10.24111 52.06933 -799.18 -290.096 -46.87312 
1786081487.520 -0.00497547 -0.008773437 -0.00812621 -0.00497547 -9.150008 53.1844 -796.05 -293.496 -46.09588 
1786081487.682 -0.006218611 -0.01014724 -0.008139524 -0.006218611 -8.105945 54.2514 -792.91 -296.644 -45.42913 
1786081487.853 -0.009336109 -0.01500468 -0.008525122 -0.009336109 -7.036054 55.3448 -789.57 -299.744 -44.82842 
1786081488.025 -0.003877009 -0.01035915 -0.007292801 -0.008877009 -5.844452 56.56258 -785.725 -303.052 -44.26073 
1786081488.195 -0.007829666 -0.01140434 -0.007981843 -0.007829666 -4.740365 57.69092 -782.03 -305.964 -43.82639 
1786081488.361 -0.007391921 -0.008234373 -0.008643026 -0.007893678 -3.51102 58.94727 -777.79 -309.036 -43.4492 
1786081488.530 -0.003923705 -0.008979039 -0.007457017 -0.008742722 -2.343078 60.14087 -773.645 -311.776 -43.19647 
1786081488.693 -0.006643125 -0.005916794 -0.007799168 -0.006643125 -1.195995 61.31315 -769.46 -314.3 -43.04534 
1786081488.857 -0.008605431 -0.007407383 -0.008062089 -0.008605431 -0.04196391 62.49254 -765.15 -316.66 -42.992 
1786081489.021 -0.008976883 -0.008921265 -0.007640388 -0.003976883 1.104834 63.66453 -760.775 -318.828 -43.03772 
1786081489.180 -0.006345245 -0.0077782 -0.008981351 -0.006345245 2.216943 64.80107 -756.455 -320.76 -43.17361 
1786081489.347 -0.003918 -0.007720516 -0.008755113 -0.003918 3.357019 65.96619 -751.95 -322.56 -43.40983 
1786081489.513 -0.01038321 -0.001617901 -0.008699185 -0.005383209 4.532196 67.16719 -747.225 -324.228 -43.754 
1786081489.671 -0.001574887 -0.003525428 -0.008986428 -0.006574887 5.657925 68.31764 -742.65 -325.632 -44.17945 
1786081489.828 -0.005482609 0.003723054 -0.008967061 -0.005482609 6.755942 69.43978 -738.125 -326.832 -44.68491 
1786081489.987 -0.007785081 0.004185818 -0.009419161 -0.007785081 7.85454 70.56252 -733.555 -327.848 -45.27927 
1786081490.153 -0.006973979 0.002387596 -0.009203887 -0.01197398 8.962101 71.69441 -728.915 -328.688 -45.96888 
1786081490.331 -0.004597575 0.005158899 -0.009648731 -0.01459757 10.07571 72.83249 -724.22 -329.352 -46.75247 
1786081490.495 -0.01189873 0.001866167 -0.009622619 -0.01189873 11.18014 73.96118 -719.53 -329.82 -47.61988 
1786081490.655 -0.003379417 0.002615356 -0.009543391 -0.008379417 12.2002 75.00364 -715.2 -330.092 -48.49999 
1786081490.818 -0.008629024 0.00637687 -0.008187356 -0.003629024 13.18835 76.0135 -710.985 -330.208 -49.42582 
1786081491.003 -0.006309799 0.009505198 -0.006795396 -0.006338851 14.16844 77.01513 -706.81 -330.176 -50.41388 
1786081491.181 0.004152914 0.01087735 -0.006790077 -0.005847086 15.2981 78.1696 -702.01 -329.956 -51.64324 
1786081491.342 -0.002021955 0.008533078 -0.008128001 -0.007021955 16.21426 79.10588 -698.11 -329.632 -52.6948 
1786081491.499 -0.002080984 0.008749798 -0.007662323 -0.007080984 17.07203 79.98249 -694.475 -329.216 -53.74128 
1786081491.657 -0.005668074 0.007825225 -0.007966702 -0.005668074 17.9002 80.82886 -690.975 -328.708 -54.80046 
1786081491.820 -0.006623246 0.006710483 -0.008193561 -0.006623246 18.72447 81.67124 -687.51 -328.1 -55.90282 
1786081491.985 -0.005538986 0.009705838 -0.007273461 -0.01053899 19.54285 82.5076 -684.09 -327.4 -57.04582 
1786081492.150 -0.006003565 0.008499246 -0.007466757 -0.006003565 20.33466 83.31681 -680.8 -326.624 -58.19517 
1786081492.308 -0.007219331 0.006963201 -0.007315464 -0.007219331 21.07692 84.07537 -677.735 -325.812 -59.31912 
1786081492.470 -0.002586901 0.006821838 -0.007023241 -0.007586901 21.79424 84.80845 -674.8 -324.952 -60.42909 
1786081492.627 -0.003987893 0.009919685 -0.007199009 -0.003987893 22.48219 85.51151 -671.98 -324.052 -61.54034 
1786081492.788 -0.005574861 0.007485159 -0.006573336 -0.005574861 23.14953 86.19352 -669.305 -323.124 -62.63508 
1786081492.952 -0.007360608 0.008453217 -0.005987087 -0.007360608 23.80369 86.86204 -666.685 -322.14 -63.75141 
1786081493.121 -0.0004103724 0.004708837 -0.006950164 -0.005410372 24.45431 87.52696 -664.11 -321.112 -64.87663 
1786081493.280 -0.004805408 0.01093202 -0.005185224 -0.004805408 25.04825 88.13395 -661.77 -320.124 -65.93708 
1786081493.438 -0.003905426 0.006249782 -0.005835145 -0.003905426 25.60645 88.70441 -659.595 -319.14 -66.95308 
1786081493.600 -0.00836645 0.00769713 -0.006282088 -0.005683854 26.15338 89.26336 -657.48 -318.14 -67.96908 
1786081493.758 -0.002703971 0.007968772 -0.005644198 -0.002703971 26.6621 89.78325 -655.535 -317.172 -68.93301 
1786081493.923 -0.001853867 0.006353854 -0.005710779 -0.006853867 27.1643 90.29648 -653.63 -316.18 -69.90075 
1786081494.089 -0.002173941 0.008205646 -0.004736186 -0.002173941 27.64022 90.78286 -651.84 -315.212 -70.8342 
1786081494.249 -0.001378987 0.006543792 -0.005001941 -0.001378987 28.08711 91.23956 -650.175 -314.272 -71.7232 
1786081494.408 -0.002932283 0.004601816 -0.004846144 -0.007932283 28.49797 91.65945 -648.655 -313.384 -72.55251 
1786081494.570 -0.0054891 0.004026841 -0.004966855 -0.0054891 28.88886 92.05893 -647.22 -312.52 -73.35515 
1786081494.737 -0.007171417 0.003402026 -0.004797843 -0.004258344 29.26743 92.44582 -645.845 -311.664 -74.13493 
1786081494.914 -0.001193434 0.005218158 -0.004395719 -0.008952305 29.63095 92.81732 -644.535 -310.828 -74.89693 
1786081495.078 -0.003276001 0.0054758 -0.003692302 -0.008276001 29.95394 93.14741 -643.38 -310.068 -75.58019 
1786081495.245 -0.002812054 0.004516939 -0.002787914 -0.002812054 30.24972 93.44968 -642.33 -309.36 -76.21265 
1786081495.405 -0.007914022 0.005487998 -0.001033627 -0.002914022 30.509 93.71466 -641.41 -308.732 -76.77272 
1786081495.571 -0.007434554 0.004182569 -0.0004312155 -0.007434554 30.74301 93.95516 -640.585 -308.152 -77.28453 
1786081495.739 -0.002747461 0.004603263 0.002835752 -0.007747461 30.96364 94.17928 -639.825 -307.608 -77.76586 
1786081495.901 -0.002470157 0.00450554 0.005464787 -0.00383885 31.14633 94.36599 -639.19 -307.148 -78.16972 
1786081496.060 -0.001390717 0.00853666 0.006918706 -0.001390717 31.30333 94.52644 -638.65 -306.756 -78.51769 
1786081496.217 0.01304191 0.01787704 0.0123055 0.01304191 31.43099 94.6569 -638.225 -306.44 -78.80598 
1786081496.379 0.01236489 0.01820583 0.01064449 0.01236489 31.53569 94.7639 -637.865 -306.172 -79.03712 
1786081496.541 0.0169149 0.01640544 0.01148236 0.0169149 31.61735 94.84736 -637.59 -305.96 -79.22 
1786081496.713 0.03154107 0.03549908 0.01888062 0.03154107 31.6743 94.90582 -637.41 -305.832 -79.35589 
1786081496.878 0.03667569 0.03541931 0.02037478 0.03198938 31.70373 94.93563 -637.31 -305.756 -79.42193 
1786081497.040 0.02656842 0.02672473 0.01589345 0.02656842 31.708 94.94 -637.29 -305.736 -79.42701 
1786081497.198 0.02656842 0.03072473 0.01716345 0.02656842 31.708 94.94 -637.29 -305.74 -79.42828 
1786081497.356 0.03156842 0.03472473 0.01970345 0.03156842 31.708 94.94 -637.295 -305.744 -79.43082 
1786081497.514 0.03156842 0.03872473 0.01970345 0.03656842 31.708 94.94 -637.295 -305.748 -79.43082 
1786081497.673 0.03156842 0.03472473 0.01843345 0.03156842 31.708 94.94 -637.295 -305.744 -79.42955 
1786081497.845 0.02656842 0.03472473 0.01716345 0.02656842 31.708 94.94 -637.29 -305.744 -79.42828 
1786081498.016 0.02656842 0.03072473 0.01589345 0.02656842 31.708 94.94 -637.29 -305.74 -79.42701 
1786081498.195 0.02656842 0.03072473 0.01716345 0.02656842 31.708 94.94 -637.29 -305.74 -79.42828 
1786081498.371 0.02156842 0.02672473 0.01462346 0.02156842 31.708 94.94 -637.285 -305.736 -79.42574 
1786081498.544 0.01656842 0.02272473 0.01208346 0.01656842 31.708 94.94 -637.28 -305.732 -79.4232 
1786081498.703 0.01656842 0.01872473 0.01081346 0.01656842 31.708 94.94 -637.28 -305.728 -79.42193 
1786081498.880 0.01156842 0.01072473 0.00700346 0.006568423 31.708 94.94 -637.275 -305.72 -79.41812 
1786081499.071 0.001568423 0.002724726 0.003193462 0.001568423 31.708 94.94 -637.265 -305.712 -79.41431 
1786081499.250 0.006568423 0.01072473 0.008273459 0.01156842 31.708 94.94 -637.27 -305.72 -79.41939 
1786081499.422 0.02156842 0.02272473 0.01462346 0.02656842 31.708 94.94 -637.285 -305.732 -79.42574 
1786081499.582 0.02156842 0.02672473 0.01589345 0.02656842 31.708 94.94 -637.285 -305.736 -79.42701 
1786081499.747 0.01285764 0.01413639 0.01006119 0.01265764 31.70607 94.94898 -637.285 -305.704 -79.41685 
1786081499.920 0.01670339 0.01526285 0.01037133 0.01120747 31.69798 94.98651 -637.325 -305.624 -79.39907 
1786081500.080 0.01056205 0.01432248 0.01129009 0.01536205 31.68451 95.04904 -637.38 -305.488 -79.36986 
1786081500.249 0.01021596 0.01003463 0.008879544 0.009394585 31.66443 95.14225 -637.47 -305.284 -79.3216 
1786081500.419 0.009193047 0.009066801 0.007436655 0.008993047 31.63907 95.26 -637.585 -305.028 -79.26445 
1786081500.649 -0.01133376 -0.01285705 0.0001750301 -0.01255222 31.59396 95.46942 -637.77 -304.556 -79.1565 
1786081500.843 -0.01701504 -0.01960169 -0.008060743 -0.01721504 31.54637 95.6903 -637.985 -304.076 -79.0422 
1786081501.023 -0.01737906 -0.01711587 -0.008415307 -0.01757906 31.49689 95.92 -638.215 -303.588 -78.93171 
1786081501.187 -0.01605478 -0.01325642 -0.007960975 -0.01125478 31.44183 96.17561 -638.475 -303.048 -78.80979 
1786081501.354 -0.01039501 -0.01161443 -0.007056827 -0.01059501 31.38191 96.45377 -638.765 -302.46 -78.67771 
1786081501.516 -0.01201621 -0.01305412 -0.006719607 -0.01419253 31.31754 96.75258 -639.075 -301.828 -78.53547 
1786081501.732 -0.01088093 -0.01212578 -0.007389892 -0.01108093 31.23166 97.15129 -639.49 -300.992 -78.34497 
1786081501.905 -0.01145103 -0.01526287 -0.007893485 -0.01665103 31.14317 97.56207 -639.925 -300.132 -78.1494 
1786081502.105 -0.009083291 -0.008293492 -0.005345484 -0.009283291 31.04556 98.01517 -640.415 -299.188 -77.93477 
1786081502.272 -0.01070681 -0.01302714 -0.006518679 -0.01383146 30.94705 98.47248 -640.91 -298.256 -77.72014 
1786081502.452 -0.01517027 -0.01238674 -0.007664771 -0.01353416 30.84417 98.95009 -641.44 -297.28 -77.49408 
1786081502.616 -0.00675987 -0.007963127 -0.00598967 -0.01195987 30.73735 99.44596 -642.005 -296.28 -77.26294 
1786081502.776 -0.009167348 -0.01103299 -0.007399972 -0.01436735 30.63044 99.94225 -642.57 -295.28 -77.02926 
1786081502.936 -0.01032092 -0.01106877 -0.006357793 -0.01052092 30.51795 100.4644 -643.175 -294.24 -76.78669 
1786081503.093 -0.00993235 -0.01290499 -0.00691081 -0.01013235 30.40288 100.9987 -643.805 -293.184 -76.53777 
1786081503.253 -0.01195268 -0.01544053 -0.007102439 -0.01215268 30.28014 101.5684 -644.485 -292.068 -76.27361 
1786081503.422 -0.01033582 -0.009444461 -0.005663564 -0.01053582 30.15025 102.1752 -645.225 -290.9 -75.99421 
1786081503.588 -0.01271701 -0.01094655 -0.008076557 -0.01287509 30.00616 102.8403 -646.045 -289.628 -75.68687 
1786081503.751 -0.009208573 -0.006609605 -0.005800828 -0.009408573 29.86461 103.4974 -646.875 -288.392 -75.38842 
1786081503.910 -0.01248334 -0.009193376 -0.007537633 -0.01268334 29.71835 104.1764 -647.74 -287.124 -75.07727 
1786081504.068 -0.01128707 -0.009642006 -0.006245618 -0.01148707 29.56937 104.868 -648.64 -285.852 -74.76485 
1786081504.227 -0.008780021 -0.01043219 -0.007033757 -0.008980021 29.41403 105.5891 -649.595 -284.544 -74.43846 
