# t_epoch pid.x.err pid.y.err pid.z.err pid.w.err joint2.ferr joint2.posfb joint4.posfb j2.blash-filt j3.blash-filt
1786041548.305 -0.01474662 -0.01186816 -0.009927312 -0.01214662 -0.009927312 -427.4958 8.737405 -0.0126 0.0126 
1786041548.469 -0.009711288 -0.01559637 -0.008740469 -0.007111288 -0.008740469 -428.6084 9.967441 -0.0126 0.0126 
1786041548.629 -0.009676947 -0.01119135 -0.008494545 -0.007076733 -0.008494545 -429.8403 11.17502 -0.0126 0.0126 
1786041548.795 -0.009641681 -0.009549781 -0.008800305 -0.007041681 -0.008800305 -431.2373 12.40493 -0.0126 0.0126 
1786041548.975 -0.009604885 -0.005552464 -0.008207008 -0.007004461 -0.008207008 -432.887 13.71776 -0.0126 0.0126 
1786041549.148 -0.009567659 -0.01093797 -0.009984779 -0.006967449 -0.009984779 -434.6967 15.03001 -0.0126 0.0126 
1786041549.327 -0.009530663 -0.01246402 -0.009373061 -0.01193066 -0.009373061 -436.6703 16.34239 -0.0126 0.0126 
1786041549.511 -0.00949142 -0.007379347 -0.0101659 -0.01189142 -0.0101659 -438.9677 17.75234 -0.0126 0.0126 
1786041549.685 -0.009455992 -0.01359807 -0.009728781 -0.006855992 -0.009728781 -441.2182 19.03498 -0.0126 0.0126 
1786041549.858 -0.009429951 0.09298554 0.02622734 -0.006829951 0.02622734 -443.0203 19.984 -0.0126 0.0126 
1786041550.028 0.01557005 0.02898554 0.01227373 0.01817005 0.0114804 -443.5359 19.984 -0.0126 0.0126 
1786041550.196 0.02057005 0.02498554 0.01202676 0.02317005 0.01202676 -444.0998 19.984 -0.0126 0.0126 
1786041550.369 0.02057005 0.02498554 0.01019312 0.01817005 0.01019312 -444.6713 19.984 -0.0126 0.0126 
1786041550.554 0.02057005 0.02098554 0.01074612 0.01817005 0.01074612 -445.2885 19.984 -0.0126 0.0126 
1786041550.747 0.01557005 0.01698554 0.01066578 0.01317005 0.01066578 -445.9184 19.984 -0.0126 0.0126 
1786041550.948 0.01557005 0.01698554 0.01499244 0.01317005 0.01499244 -445.9475 19.984 0.0126 0.0126 
1786041551.132 0.01057005 0.01698554 0.008422447 0.01317005 0.008422447 -445.9146 19.984 -0.0126 0.0126 
1786041551.317 0.01057005 0.01298554 0.008132431 0.01317005 0.007965765 -445.9438 19.984 -0.0126 0.0126 
1786041551.540 0.01557005 0.01698554 0.008295745 0.01317005 0.008295745 -445.9807 19.984 -0.0126 0.0126 
1786041551.720 0.01057005 0.01298554 0.009045728 0.008170049 0.009045728 -446.0124 19.984 -0.0126 0.0126 
1786041551.905 0.01057005 0.01698554 0.009575711 0.01317005 0.009575711 -446.0429 19.984 -0.0126 0.0126 
1786041552.091 0.01557005 0.01698554 0.02936598 0.01317005 0.02936598 -445.5753 19.984 0.0126 0.0126 
1786041552.284 0.01056409 0.1422473 0.03191434 0.007964094 0.03191434 -442.9312 19.76632 0.0126 -0.0126 
1786041552.485 -0.01447781 0.001626353 -0.01146302 -0.01207781 -0.01146302 -439.8108 18.24377 0.0126 -0.0126 
1786041552.659 -0.01451549 -0.01079986 -0.009533693 -0.0121157 -0.01012348 -437.5223 16.87906 0.0126 -0.0126 
1786041552.844 -0.01455365 -0.01110559 -0.008799907 -0.01215365 -0.009352695 -435.395 15.50653 0.0126 -0.0126 
1786041553.021 -0.01459227 -0.01416016 -0.00948437 -0.01219248 -0.00948437 -433.4532 14.14137 0.0126 -0.0126 
1786041553.186 -0.01462772 -0.01192525 -0.008046393 -0.01222772 -0.008046393 -431.8365 12.89661 0.0126 -0.0126 
1786041553.346 -0.009662066 -0.00830944 -0.008707545 -0.01226207 -0.008707545 -430.4065 11.68148 0.0126 -0.0126 
1786041553.507 -0.01469656 -0.008029026 -0.009488876 -0.01229656 -0.009488876 -429.1149 10.48159 0.0126 -0.0126 
1786041553.671 -0.00973184 -0.006541961 -0.0086074 -0.00733184 -0.0086074 -427.9439 9.2516 0.0126 -0.0126 
1786041553.837 -0.009767241 -0.00945315 -0.007842242 -0.01236724 -0.007842242 -426.9178 8.02151 0.0126 -0.0126 
1786041554.004 -0.009803399 -0.007653934 -0.008137201 -0.007403399 -0.008137201 -426.0212 6.769145 0.0126 -0.0126 
1786041554.183 -0.009839217 -0.006924622 -0.007605134 -0.007439217 -0.007605134 -425.2846 5.53154 0.0126 -0.0126 
1786041554.352 -0.009877941 -0.007261424 -0.008173533 -0.007477941 -0.008173533 -424.6546 4.19647 0.0126 -0.0126 
1786041554.525 -0.009916295 -0.006238052 -0.007591656 -0.01251629 -0.007591656 -424.2025 2.876582 0.0126 -0.0126 
1786041554.692 -0.01495338 -0.01083362 -0.007505794 -0.01255338 -0.007505794 -423.9257 1.601489 0.0126 -0.0126 
1786041554.861 -0.009990277 -0.004719689 -0.00786256 -0.007590277 -0.00786256 -423.8063 0.3340989 0.0126 -0.0126 
1786041555.024 -1.00045e-13 -0.0317 -0.001178981 0.0024 -0.001178981 -423.8076 -1.660063e-08 0.0126 -0.0126 
1786041555.185 0.015 0.0043 0.008981014 0.0174 0.008981014 -423.8177 -1.660063e-08 0.0126 -0.0126 
1786041555.348 0.015 0.0123 0.01152101 0.0174 0.01152101 -423.8203 -1.660063e-08 0.0126 -0.0126 
1786041555.514 -2.117837e-05 0.04506998 0.002550966 -0.002621178 0.002550966 -423.837 -0.7274842 -0.0126 -0.0126 
1786041555.675 -0.01005654 0.002474168 -0.007512896 -0.01265654 -0.007512896 -423.9843 -1.942559 -0.0126 -0.0126 
1786041555.836 -0.01009166 -0.002613855 -0.008587588 -0.007691656 -0.008587588 -424.2815 -3.149937 -0.0126 -0.0126 
1786041555.996 -0.005126733 -0.007476462 -0.008692831 -0.007726733 -0.008692831 -424.7209 -4.357452 -0.0126 -0.0126 
1786041556.177 -0.01016414 -0.006585485 -0.009264273 -0.007764144 -0.009264273 -425.3457 -5.647478 -0.0126 -0.0126 
1786041556.359 -0.005204288 -0.01151293 -0.009135043 -0.007804288 -0.009135043 -426.1979 -7.04234 -0.0126 -0.0126 
1786041556.548 -0.01024561 -0.007833919 -0.00890136 -0.007845609 -0.00890136 -427.2723 -8.467694 -0.0126 -0.0126 
1786041556.718 -0.005282904 -0.009045624 -0.008859876 -0.0128829 -0.008859876 -428.4153 -9.764923 -0.0126 -0.0126 
1786041556.887 -0.01031855 -0.00846459 -0.008523632 -0.01291855 -0.008523632 -429.6637 -11.01015 -0.0126 -0.0126 
1786041557.066 -0.01035597 -0.00990962 -0.009645144 -0.007955973 -0.009645144 -431.1382 -12.3225 -0.0126 -0.0126 
1786041557.246 -0.005393842 -0.009460814 -0.009278891 -0.007993842 -0.009278891 -432.807 -13.65746 -0.0126 -0.0126 
1786041557.425 -0.005432762 -0.008189502 -0.009371207 -0.008032762 -0.009371207 -434.7082 -15.04512 -0.0126 -0.0126 
1786041557.588 -0.01046766 -0.007104891 -0.009653242 -0.008067661 -0.009653242 -436.5763 -16.28255 -0.0126 -0.0126 
1786041557.754 -0.005502546 -0.004427814 -0.01066188 -0.008102546 -0.01066188 -438.6007 -17.53488 -0.0126 -0.0126 
1786041557.921 -0.005536778 -0.01057408 -0.009323588 -0.008136778 -0.009323588 -440.7457 -18.77256 -0.0126 -0.0126 
1786041558.090 -0.01056995 -0.09557901 0.01822292 -0.008169948 0.01822292 -443.0013 -19.98033 -0.0126 -0.0126 
1786041558.261 0.02442908 0.01080369 0.01569854 0.02682908 0.01569854 -443.461 -20.016 -0.0126 -0.0126 
1786041558.437 0.02942908 0.03480369 0.01704155 0.03182908 0.01704155 -444.049 -20.016 -0.0126 -0.0126 
1786041558.623 0.03442908 0.03480369 0.01727456 0.03682908 0.01727456 -444.6459 -20.016 -0.0126 -0.0126 
1786041558.804 0.02942908 0.03480369 0.01671756 0.03182908 0.01671756 -445.272 -20.016 -0.0126 -0.0126 
1786041558.989 0.02942908 0.03480369 0.01568057 0.03182908 0.01568057 -445.8676 -20.016 -0.0126 -0.0126 
1786041559.170 0.02942908 0.03080369 0.02803376 0.02682908 0.0288271 -446.1519 -20.016 0.0126 -0.0126 
1786041559.363 0.02442908 0.02680369 0.01275052 0.02682908 0.01275052 -445.9578 -20.016 -0.0126 -0.0126 
1786041559.597 0.02442908 0.02280369 0.01325717 0.02182908 0.01325717 -445.9921 -20.016 -0.0126 -0.0126 
1786041559.792 0.01442908 0.01880369 0.03247101 0.01682908 0.03247101 -445.0826 -20.016 0.0126 -0.0126 
1786041559.986 -0.005552627 -0.06362547 -0.01113495 -0.007952421 -0.01113495 -441.7933 -19.34097 0.0126 0.0126 
1786041560.181 -0.01551332 -0.02297218 -0.01204759 -0.01791332 -0.01204759 -439.2571 -17.92357 0.0126 0.0126 
1786041560.371 -0.01547307 -0.02291335 -0.01097773 -0.01787307 -0.01097773 -436.8784 -16.47603 0.0126 0.0126 
1786041560.582 -0.01543061 -0.02166871 -0.01109705 -0.01782871 -0.01109705 -434.4997 -14.89349 0.0126 0.0126 
1786041560.794 -0.02038679 -0.0194541 -0.009364271 -0.01278679 -0.009364271 -432.4829 -13.40852 0.0126 0.0126 
1786041560.977 -0.0153444 -0.01566104 -0.01031862 -0.0127444 -0.00933122 -430.6554 -11.90845 0.0126 0.0126 
1786041561.178 -0.01530349 -0.02043662 -0.01024199 -0.01770328 -0.01027729 -429.1085 -10.47603 0.0126 0.0126 
1786041561.375 -0.0152611 -0.01372763 -0.009044813 -0.01266089 -0.009044813 -427.7204 -8.998503 0.0126 0.0126 
1786041561.554 -0.0152194 -0.02044975 -0.009440103 -0.0126194 -0.009037683 -426.5622 -7.551069 0.0126 0.0126 
1786041561.729 -0.01518212 -0.01651135 -0.008445269 -0.01758212 -0.008445269 -425.7049 -6.268622 0.0126 0.0126 
1786041561.894 -0.01514584 -0.01849791 -0.00832409 -0.01754584 -0.00832409 -425.0204 -5.016115 0.0126 0.0126 
1786041562.060 -0.01510927 -0.0194042 -0.00852136 -0.01250927 -0.00852136 -424.4845 -3.756041 0.0126 0.0126 
1786041562.233 -0.01507264 -0.01840222 -0.008771984 -0.01247199 -0.00842849 -424.0971 -2.473458 0.0126 0.0126 
1786041562.394 -0.01503642 -0.02072932 -0.008530599 -0.01243642 -0.008530599 -423.8761 -1.251066 0.0126 0.0126 
1786041562.581 -0.01000048 0.1077978 -0.007542197 -0.01240048 -0.007536397 -423.8012 -0.01231713 0.0126 0.0126 
1786041562.781 -1.00045e-13 0.0203 -0.001178981 0.0026 -0.001178981 -423.8076 9.541763e-09 0.0126 0.0126 
1786041562.958 0.015 0.0123 0.002631017 0.0076 0.002631017 -423.8114 9.541763e-09 0.0126 0.0126 
1786041563.130 0.015 0.0163 0.007711015 0.0126 0.007711015 -423.8164 9.541763e-09 0.0126 0.0126 
1786041563.303 0.015 0.0163 0.008981014 0.0126 0.008981014 -423.8177 9.541763e-09 0.0126 0.0126 
1786041563.474 0.015 0.0203 0.01025101 0.0176 0.01025101 -423.819 9.541763e-09 0.0126 0.0126 
1786041563.636 0.02 0.0243 0.01152101 0.0226 0.01152101 -423.8203 9.541763e-09 0.0126 0.0126 
1786041563.801 0.025 0.0283 0.014261 0.0226 0.014261 -423.823 9.541763e-09 -0.0126 0.0126 
1786041563.974 0.009993482 -0.01875969 -0.004648243 0.01239348 -0.004648243 -423.9843 -0.2239 -0.0126 -0.0126 
1786041564.142 0.01999348 0.02124031 0.01082144 0.02239348 0.01082144 -424.5698 -0.2239 -0.0126 -0.0126 
1786041564.308 0.02499348 0.02524031 0.01327114 0.02239348 0.01327114 -425.1222 -0.2239 -0.0126 -0.0126 
1786041564.483 0.01999348 0.02524031 0.01302417 0.02239348 0.01302417 -425.6886 -0.2239 -0.0126 -0.0126 
1786041564.689 0.02499348 0.02924031 0.01373716 0.02739348 0.01373716 -426.316 -0.2239 -0.0126 -0.0126 
1786041564.881 0.01999348 0.02524031 0.02080014 0.02739348 0.02080014 -426.9751 -0.2239 -0.0126 -0.0126 
1786041565.051 0.01999348 0.02524031 0.00424696 0.02739348 0.00424696 -426.7136 -0.2239 0.0054 -0.0126 
1786041565.214 0.01999348 0.02124031 0.01220693 0.02239348 0.01204026 -426.7491 -0.2239 -0.0126 -0.0126 
1786041565.375 0.01999348 0.02124031 0.01171025 0.01739348 0.01171025 -426.7757 -0.2239 -0.0126 -0.0126 
1786041565.549 0.01499348 0.01724031 0.009880235 0.01739348 0.009880235 -426.8024 -0.2239 -0.0126 -0.0126 
1786041565.740 0.01499348 0.01724031 0.008256886 0.01739348 0.008256886 -426.8316 -0.2239 -0.0126 -0.0126 
1786041565.904 0.009993482 0.01324031 0.007363537 0.01239348 0.007363537 -426.8596 -0.2239 -0.0126 -0.0126 
1786041566.069 0.009993482 0.009240312 0.01053019 0.007393482 0.01053019 -426.8827 -0.2239 -0.0076 -0.0126 
1786041566.237 0.004993482 0.005240312 0.02507384 0.002393482 0.02507384 -426.3298 -0.2239 0.0126 -0.0126 
1786041566.402 -6.518492e-06 -0.002759688 -0.01296327 -0.007606518 -0.01296327 -424.2076 -0.2239 0.0126 -0.0126 
1786041566.569 -0.01 0.0123 -0.01260897 -0.0124 -0.01260897 -423.7961 -1.137215e-08 0.0126 0.0126 
1786041566.747 -0.005 0.0003 -0.006258978 -0.0074 -0.006258978 -423.8025 -1.137215e-08 0.0126 0.0126 
1786041566.915 -0.01 -0.0117 -0.007528977 -0.0124 -0.007528977 -423.8012 -1.137215e-08 0.0126 0.0126 
1786041567.076 -0.015 -0.0117 -0.007528977 -0.0124 -0.007528977 -423.8012 -1.137215e-08 0.0126 0.0126 
1786041567.234 -0.01 -0.0077 -0.006258978 -0.0124 -0.006258978 -423.8025 -1.137215e-08 0.0126 0.0126 
1786041567.399 -0.01997926 -0.06928716 -0.01164233 -0.01737926 -0.01164233 -423.8217 0.7125604 -0.0126 0.0126 
1786041567.558 -0.01994455 -0.03005458 -0.01322303 -0.02234455 -0.01322303 -423.9716 1.90511 -0.0126 0.0126 
1786041567.717 -0.01990986 -0.0222346 -0.01302593 -0.02230986 -0.01302593 -424.2611 3.097435 -0.0126 0.0126 
1786041567.881 -0.01987435 -0.02529518 -0.01201724 -0.01727435 -0.01201724 -424.7018 4.319994 -0.0126 0.0126 
1786041568.042 -0.01983911 -0.02392391 -0.01190033 -0.01723911 -0.01190033 -425.2822 5.534947 -0.0126 0.0126 
1786041568.212 -0.01980242 -0.02260995 -0.012284 -0.02220242 -0.012284 -426.0391 6.802656 -0.0126 0.0126 
1786041568.379 -0.01976691 -0.02037513 -0.01201831 -0.0221667 -0.01201831 -426.9281 8.039986 -0.0126 0.0126 
1786041568.548 -0.01973022 -0.02455899 -0.01184669 -0.01713022 -0.01184669 -427.9911 9.307468 -0.0126 0.0126 
1786041568.722 -0.01469323 -0.01721253 -0.01197836 -0.01709323 -0.01197836 -429.2307 10.59746 -0.0126 0.0126 
1786041568.899 -0.01965468 -0.01859264 -0.01113411 -0.01705447 -0.01214974 -430.7064 11.95486 -0.0126 0.0126 
1786041569.072 -0.01961888 -0.0202636 -0.01271642 -0.01701888 -0.01271642 -432.2228 13.21492 -0.0126 0.0126 
1786041569.242 -0.01458157 -0.01372777 -0.01158275 -0.01198157 -0.01158275 -433.983 14.52748 -0.0126 0.0126 
1786041569.406 -0.0145468 -0.0194014 -0.01234763 -0.0169468 -0.01234763 -435.78 15.76491 -0.0126 0.0126 
1786041569.571 -0.01451244 -0.0128189 -0.01186035 -0.01691244 -0.01186035 -437.7092 16.99492 -0.0126 0.0126 
1786041569.732 -0.01447893 -0.01648668 -0.01107198 -0.01187893 -0.01107198 -439.7399 18.20245 -0.0126 0.0126 
1786041569.899 -0.01444442 -0.01591418 -0.01196166 -0.01184421 -0.01196166 -442.0005 19.46244 -0.0126 0.0126 
1786041570.069 -0.004435613 0.03029972 0.005846191 -0.006835613 0.005846191 -442.8082 19.7761 -0.0126 0.0126 
1786041570.234 0.01056439 0.01829972 0.008455887 0.01316439 0.008455887 -443.3708 19.7761 -0.0126 0.0126 
1786041570.407 0.01556439 0.01829972 0.008842255 0.01316439 0.008842255 -443.9245 19.7761 -0.0126 0.0126 
1786041570.581 0.01056439 0.01429972 0.009075266 0.01316439 0.009075266 -444.5214 19.7761 -0.0126 0.0126 
1786041570.758 0.01056439 0.01429972 0.007561613 0.008164387 0.008038278 -445.1171 19.7761 -0.0126 0.0126 
1786041570.917 0.01056439 0.01029972 0.006834657 0.008164387 0.006834657 -445.6492 19.7761 -0.0126 0.0126 
1786041571.078 0.01056439 0.01029972 0.005931424 0.003164387 0.005931424 -445.489 19.7761 0.0126 0.0126 
1786041571.248 0.005564387 0.01429972 0.003398073 0.008164387 0.003231407 -445.4955 19.7761 -0.0126 0.0126 
1786041571.412 0.01056439 0.01429972 0.009084722 0.01316439 0.009084722 -445.5286 19.7761 -0.0126 0.0126 
1786041571.573 0.01056439 0.01429972 0.009524707 0.01316439 0.009524707 -445.5565 19.7761 -0.0126 0.0126 
1786041571.732 0.01056439 0.01429972 0.009694693 0.01316439 0.009694693 -445.5832 19.7761 -0.0126 0.0126 
1786041571.893 0.01056439 0.01429972 0.009698011 0.01316439 0.009698011 -445.6098 19.7761 -0.0126 0.0126 
1786041572.053 0.01056439 0.01429972 0.00970133 0.008164387 0.00970133 -445.6365 19.7761 -0.0126 0.0126 
1786041572.213 0.005564387 0.01029972 0.02034473 0.008164387 0.02034473 -445.5322 19.7761 0.0126 0.0126 
1786041572.375 0.01056439 0.01029972 0.0118657 0.01316439 0.0118657 -443.7364 19.7761 0.0126 0.0126 
1786041572.539 -0.009460545 0.01996331 -0.01770402 -0.01206054 -0.01770402 -440.9106 18.86862 0.0126 -0.0126 
1786041572.701 -0.01449434 -0.004923923 -0.01291775 -0.01709434 -0.01291775 -438.7859 17.64618 0.0126 -0.0126 
1786041572.859 -0.01452754 -0.01783706 -0.01066093 -0.01212754 -0.01066093 -436.8441 16.45367 0.0126 -0.0126 
1786041573.020 -0.01456114 -0.01143156 -0.01039735 -0.01216114 -0.01039735 -435.0217 15.25365 0.0126 -0.0126 
1786041573.181 -0.01459515 -0.01580724 -0.01036671 -0.01719515 -0.01036671 -433.3237 14.04619 0.0126 -0.0126 
1786041573.349 -0.0146302 -0.01119506 -0.01024433 -0.0122302 -0.01024433 -431.726 12.80867 0.0126 -0.0126 
1786041573.513 -0.01466562 -0.01278193 -0.009511419 -0.01226584 -0.01004469 -430.2566 11.55618 0.0126 -0.0126 
1786041573.679 -0.014701 -0.01621703 -0.01009173 -0.01230121 -0.01009173 -428.9511 10.31844 0.0126 -0.0126 
1786041573.842 -0.01473629 -0.008245952 -0.009499465 -0.01233629 -0.009499465 -427.8055 9.0962 0.0126 -0.0126 
1786041574.018 -0.009773007 -0.01616688 -0.009385965 -0.01237301 -0.009385965 -426.7628 7.821073 0.0126 -0.0126 
1786041574.189 -0.009811136 -0.01002897 -0.008860073 -0.01241114 -0.008860073 -425.8484 6.500966 0.0126 -0.0126 
1786041574.354 -0.009847409 -0.01451145 -0.008513561 -0.01244741 -0.008513561 -425.136 5.248731 0.0126 -0.0126 
1786041574.515 -0.01488245 -0.01066475 -0.008387579 -0.007482447 -0.008387579 -424.5924 4.041135 0.0126 -0.0126 
1786041574.677 -0.009917538 -0.008846844 -0.008431638 -0.01251754 -0.008431638 -424.1898 2.833633 0.0126 -0.0126 
1786041574.843 -0.01495288 -0.01266352 -0.009008679 -0.0125531 -0.009008679 -423.9257 1.610997 0.0126 -0.0126 
1786041575.009 -0.009989997 -0.006195822 -0.008178482 -0.007589997 -0.008178482 -423.8063 0.3435369 0.0126 -0.0126 
1786041575.183 -0.005 -0.0317 -0.003718979 -0.0026 -0.003718979 -423.805 1.477024e-08 0.0126 -0.0126 
1786041575.343 -0.005 -0.0077 0.002631017 -0.0026 0.002631017 -423.8114 1.477024e-08 0.0126 -0.0126 
1786041575.503 -1.476781e-06 0.08634444 0.003955908 -0.002601477 0.003955908 -423.8128 -0.05077734 -0.0118 -0.0126 
1786041575.666 -0.01003581 0.01090144 -0.00326677 -0.01263581 -0.00326677 -423.8789 -1.229961 -0.0126 -0.0126 
1786041575.823 -0.005070288 0.0003658342 -0.008342129 -0.01267029 -0.008342129 -424.0833 -2.414885 -0.0126 -0.0126 
1786041575.987 -0.005105393 -0.007054166 -0.008854601 -0.007705393 -0.008854601 -424.4364 -3.622386 -0.0126 -0.0126 
1786041576.152 -0.0101411 -0.01075432 -0.008734551 -0.0127411 -0.009724881 -424.9444 -4.860037 -0.0126 -0.0126 
1786041576.320 -0.01017718 -0.01194028 -0.008810399 -0.01277718 -0.008810399 -425.6023 -6.097455 -0.0126 -0.0126 
1786041576.492 -0.01021535 -0.01153822 -0.008817526 -0.007815347 -0.008817526 -426.4659 -7.417622 -0.0126 -0.0126 
1786041576.651 -0.005250156 -0.007327895 -0.008417597 -0.007850156 -0.008417597 -427.4031 -8.624914 -0.0126 -0.0126 
1786041576.810 -0.00528421 -0.01160914 -0.01048735 -0.01288443 -0.01048735 -428.4636 -9.817438 -0.0126 -0.0126 
1786041576.969 -0.01031836 -0.01017196 -0.00976311 -0.007918356 -0.00976311 -429.6548 -11.00239 -0.0126 -0.0126 
1786041577.129 -0.01035258 -0.006311647 -0.009290483 -0.007952578 -0.009290483 -430.9972 -12.20242 -0.0126 -0.0126 
1786041577.297 -0.005387494 -0.009172213 -0.00964735 -0.007987707 -0.00964735 -432.5238 -13.4399 -0.0126 -0.0126 
1786041577.467 -0.01042371 -0.008885203 -0.009321797 -0.008023711 -0.009321797 -434.2484 -14.71503 -0.0126 -0.0126 
1786041577.632 -0.01045888 -0.008849081 -0.009069655 -0.008059085 -0.009069655 -436.1026 -15.97498 -0.0126 -0.0126 
1786041577.795 -0.005492986 -0.002219585 -0.009228464 -0.008092986 -0.009228464 -438.0305 -17.18983 -0.0126 -0.0126 
1786041577.957 -0.005526873 -0.006359792 -0.009552195 -0.008126873 -0.009552195 -440.1082 -18.41245 -0.0126 -0.0126 
1786041578.122 -0.005560108 -0.00686612 -0.008974611 -0.008160108 -0.008974611 -442.2964 -19.61996 -0.0126 -0.0126 
1786041578.287 -0.005576638 -0.04997727 0.008953126 -0.003176638 0.008953126 -443.5601 -20.2239 -0.0126 -0.0126 
1786041578.449 0.01442336 0.006022729 0.01219616 0.01682336 0.01219616 -444.1062 -20.2239 -0.0126 -0.0126 
1786041578.608 0.009423362 0.01402273 0.009722543 0.01682336 0.009722543 -444.637 -20.2239 -0.0126 -0.0126 
1786041578.766 0.009423362 0.01002273 0.009628927 0.01182336 0.009628927 -445.1603 -20.2239 -0.0126 -0.0126 
1786041578.926 0.009423362 0.01002273 0.008425306 0.01182336 0.008425306 -445.6924 -20.2239 -0.0126 -0.0126 
1786041579.085 0.009423362 0.01002273 0.00801502 0.01182336 0.00801502 -446.222 -20.2239 -0.0126 -0.0126 
1786041579.256 0.009423362 0.006022729 0.01482814 0.006823362 0.01482814 -446.621 -20.2239 -0.01215 -0.0126 
1786041579.427 0.004423362 0.006022729 0.001331601 0.006823362 0.001331601 -446.3807 -20.2239 -0.0126 -0.0126 
1786041579.603 0.004423362 0.006022729 0.007724915 0.006823362 0.007724915 -446.4163 -20.2239 -0.0126 -0.0126 
1786041579.773 0.009423362 0.006022729 0.006998233 0.006823362 0.006998233 -446.4442 -20.2239 -0.0126 -0.0126 
1786041579.968 0.004423362 0.006022729 0.007248216 0.006823362 0.007248216 -446.476 -20.2239 -0.0126 -0.0126 
1786041580.148 0.004423362 0.006022729 0.0059582 0.006823362 0.0059582 -446.5052 -20.2239 -0.0126 -0.0126 
1786041580.322 0.004423362 0.006022729 0.007344853 0.006823362 0.007344853 -446.5319 -20.2239 -0.0126 -0.0126 
1786041580.503 0.004423362 0.002022729 0.02632847 0.001823362 0.02632847 -446.0237 -20.2239 0.0126 -0.0126 
1786041580.677 -0.0005715122 -0.1369063 0.03215717 0.002028488 0.03215717 -443.4481 -20.02903 0.0126 0.0126 
1786041580.859 -0.00553526 -0.02401954 -0.01110532 -0.007935053 -0.01110532 -440.6312 -18.709 0.0126 0.0126 
1786041581.029 -0.01049831 -0.01005139 -0.009421569 -0.01289831 -0.009421569 -438.3465 -17.38152 0.0126 0.0126 
1786041581.204 -0.01046234 -0.01480975 -0.008830844 -0.007862133 -0.008830844 -436.2701 -16.08407 0.0126 0.0126 
1786041581.374 -0.01042593 -0.008646064 -0.008219923 -0.007825932 -0.008219923 -434.3613 -14.79421 0.0126 0.0126 
1786041581.534 -0.01039228 -0.01661735 -0.007572778 -0.007792275 -0.007572778 -432.7255 -13.59391 0.0126 0.0126 
1786041581.694 -0.005358022 -0.01449906 -0.00757218 -0.007758022 -0.00757218 -431.2256 -12.39398 0.0126 0.0126 
1786041581.851 -0.01032425 -0.012025 -0.007500816 -0.007724253 -0.007500816 -429.8782 -11.20893 0.0126 0.0126 
1786041582.009 -0.01029034 -0.01203963 -0.007748284 -0.007690344 -0.007748284 -428.664 -10.02394 0.0126 0.0126 
1786041582.175 -0.005255449 -0.01260666 -0.007375771 -0.007655449 -0.007375771 -427.5591 -8.809009 0.0126 0.0126 
1786041582.340 -0.01021936 -0.009801878 -0.006781243 -0.007619356 -0.007650047 -426.5622 -7.549058 0.0126 0.0126 
1786041582.500 -0.01018446 -0.007774464 -0.007341216 -0.007584244 -0.007341216 -425.7507 -6.341417 0.0126 0.0126 
1786041582.659 -0.005149918 -0.01143307 -0.006477885 -0.007549918 -0.006477885 -425.0915 -5.148908 0.0126 0.0126 
1786041582.825 -0.005114004 -0.008165614 -0.006639746 -0.007513786 -0.006639746 -424.5442 -3.911414 0.0126 0.0126 
1786041582.986 -0.01007913 -0.007566977 -0.006751127 -0.007479127 -0.006751127 -424.1606 -2.718981 0.0126 0.0126 
1786041583.154 -0.01004247 -0.008704979 -0.006659068 -0.007442469 -0.006659068 -423.9053 -1.458827 0.0126 0.0126 
1786041583.317 -0.005006664 -0.006958581 -0.006262231 -0.007406446 -0.006098359 -423.805 -0.2214789 0.0126 0.0126 
1786041583.479 -0.005 0.0323 -0.00244898 0.0026 -0.00244898 -423.8063 1.477024e-08 0.0126 0.0126 
1786041583.645 -1.00045e-13 0.0123 0.003901017 0.0076 0.003901017 -423.8126 1.477024e-08 0.0126 0.0126 
1786041583.803 0.005 0.0123 0.006441015 0.0076 0.006441015 -423.8152 1.477024e-08 0.0126 0.0126 
1786041583.968 0.005 0.0083 0.007711015 0.0026 0.007711015 -423.8164 1.477024e-08 0.0126 0.0126 
1786041584.145 0.005 0.0083 0.006441015 0.0026 0.006441015 -423.8152 1.477024e-08 0.0126 0.0126 
1786041584.307 0.005 0.0083 0.007711015 0.0026 0.007711015 -423.8164 1.477024e-08 0.0126 0.0126 
1786041584.481 0.01000776 0.03798111 -0.00487901 0.007607761 -0.00487901 -423.9284 0.2667 -0.0126 0.0126 
1786041584.659 0.01000776 0.01398111 0.003133992 0.007607761 0.003133992 -424.5431 0.2667 -0.0126 0.0126 
1786041584.840 0.01000776 0.009981109 0.007493671 0.007607761 0.007493671 -425.1374 0.2667 -0.0126 0.0126 
1786041585.005 0.01000776 0.01398111 0.007723363 0.01260776 0.007723363 -425.7077 0.2667 -0.0126 0.0126 
1786041585.167 0.005007761 0.009981109 0.006996407 0.007607761 0.006996407 -426.2436 0.2667 -0.0126 0.0126 
1786041585.330 0.01000776 0.009981109 0.006746115 0.007607761 0.006746115 -426.7834 0.2667 -0.0126 0.0126 
1786041585.504 0.005007761 0.009981109 0.0009395427 0.007607761 0.0009395427 -426.6346 0.2667 0.0126 0.0126 
1786041585.674 0.01000776 0.009981109 0.000559518 0.007607761 0.000559518 -426.6551 0.2667 -0.0126 0.0126 
1786041585.845 0.005007761 0.005981109 0.003809501 0.002607761 0.003809501 -426.6868 0.2667 -0.0126 0.0126 
1786041586.009 0.005007761 0.009981109 0.005519485 0.002607761 0.005519485 -426.7161 0.2667 -0.0126 0.0126 
1786041586.181 0.005007761 0.009981109 0.005626137 0.002607761 0.005626137 -426.744 0.2667 -0.0126 0.0126 
1786041586.348 0.01000776 0.009981109 0.006169454 0.007607761 0.006169454 -426.7732 0.2667 -0.0126 0.0126 
1786041586.518 0.005007761 0.005981109 0.01657283 0.002607761 0.01657283 -426.7171 0.2667 0.0126 0.0126 
1786041586.678 0.005007761 0.005981109 0.01264708 0.007607761 0.01264708 -425.0306 0.2667 0.0126 0.0126 
1786041586.839 0.00500109 0.0361953 -0.02537715 0.00240109 -0.02537715 -423.7834 0.03748466 0.0126 -0.0126 
1786041587.002 0.01 -0.0037 -0.001178981 0.0074 -0.001178981 -423.8076 -1.137215e-08 0.0126 -0.0126 
1786041587.164 0.01 0.0083 0.007711015 0.0124 0.007711015 -423.8164 -1.137215e-08 0.0126 -0.0126 
1786041587.329 0.005004036 -0.1308628 0.008157356 0.007604226 0.008157356 -423.8179 0.1453305 -0.0126 0.0126 
1786041587.489 -0.004960498 -0.02400782 -0.005267187 -0.002360498 -0.004987463 -423.8941 1.36502 -0.0126 0.0126 
1786041587.653 -0.009925379 -0.01126276 -0.00888817 -0.01232538 -0.00888817 -424.1189 2.572537 -0.0126 0.0126 
1786041587.825 -0.009889422 -0.01215776 -0.008833596 -0.007289204 -0.008833596 -424.5037 3.810231 -0.0126 0.0126 
1786041587.991 -0.00985156 -0.009711316 -0.009386161 -0.00725156 -0.009386161 -425.0638 5.107713 -0.0126 0.0126 
1786041588.152 -0.009816377 -0.01701557 -0.01000893 -0.007216161 -0.009522209 -425.7407 6.330162 -0.0126 0.0126 
1786041588.319 -0.00977998 -0.0124872 -0.009333505 -0.00717998 -0.009333505 -426.584 7.582397 -0.0126 0.0126 
1786041588.483 -0.009744551 -0.01087239 -0.009993663 -0.01214455 -0.009993663 -427.5581 8.812272 -0.0126 0.0126 
1786041588.651 -0.004708595 -0.01390977 -0.009867046 -0.007108595 -0.009867046 -428.6998 10.06492 -0.0126 0.0126 
1786041588.814 -0.004673421 -0.01172415 -0.009323413 -0.007073421 -0.009323413 -429.9673 11.2949 -0.0126 0.0126 
1786041588.978 -0.00963861 -0.01210142 -0.009181875 -0.0120384 -0.009181875 -431.3782 12.52497 -0.0126 0.0126 
1786041589.138 -0.009604388 -0.008071026 -0.009828617 -0.007004388 -0.009828617 -432.8921 13.72495 -0.0126 0.0126 
1786041589.297 -0.004570552 -0.0102054 -0.01028008 -0.006970552 -0.01028008 -434.5418 14.92493 -0.0126 0.0126 
1786041589.454 -0.009537534 -0.01622138 -0.009393862 -0.006937534 -0.009393862 -436.2931 16.10263 -0.0126 0.0126 
1786041589.619 -0.009504086 -0.01233821 -0.01106562 -0.01190409 -0.01106562 -438.2083 17.30242 -0.0126 0.0126 
1786041589.786 -0.009468786 -0.01012869 -0.01067464 -0.01186879 -0.01067464 -440.3914 18.57741 -0.0126 0.0126 
1786041589.948 -0.004435392 -0.007181635 -0.009987421 -0.006835186 -0.009987421 -442.6253 19.79996 -0.0126 0.0126 
1786041590.108 -0.004422426 0.05184616 0.008070901 -0.001822426 0.008070901 -443.6731 20.2667 -0.0126 0.0126 
1786041590.268 0.005577574 0.01584616 0.008137279 0.008177574 0.008137279 -444.2065 20.2667 -0.0126 0.0126 
1786041590.427 0.005577574 0.01184616 0.007726993 0.008177574 0.008203658 -444.7399 20.2667 -0.0126 0.0126 
1786041590.587 0.005577574 0.01184616 0.007316707 0.008177574 0.007316707 -445.2657 20.2667 -0.0126 0.0126 
1786041590.754 0.005577574 0.01184616 0.007703075 0.008177574 0.007703075 -445.8194 20.2667 -0.0126 0.0126 
1786041590.917 0.01057757 0.01184616 0.007612778 0.01317757 0.007612778 -446.3693 20.2667 -0.0126 0.0126 
1786041591.077 0.005577574 0.007846155 0.0226093 0.008177574 0.0226093 -446.6567 20.2667 0.01015 0.0126 
1786041591.235 0.005577574 0.007846155 0.002432746 0.008177574 0.002432746 -446.4277 20.2667 -0.0126 0.0126 
1786041591.394 0.005577574 0.01184616 0.007849396 0.008177574 0.007849396 -446.4595 20.2667 -0.0126 0.0126 
1786041591.552 0.005577574 0.007846155 0.008019381 0.008177574 0.008019381 -446.4861 20.2667 -0.0126 0.0126 
1786041591.710 0.005577574 0.01184616 0.007252701 0.008177574 0.007252701 -446.5115 20.2667 -0.0126 0.0126 
1786041591.874 0.005577574 0.01184616 0.00675602 0.008177574 0.00675602 -446.5382 20.2667 -0.0126 0.0126 
1786041592.036 0.005577574 0.007846155 0.007529338 0.008177574 0.007529338 -446.5661 20.2667 -0.0126 0.0126 
1786041592.199 0.005577574 0.01184616 0.006862682 0.008177574 0.006862682 -446.5723 20.2667 0.0126 0.0126 
1786041592.359 0.005577574 0.01184616 0.02513657 0.008177574 0.02513657 -445.5461 20.2667 0.0126 0.0126 
1786041592.520 0.005566913 0.08781746 0.01219276 0.002966913 0.01219276 -442.9515 19.87682 0.0126 -0.0126 
1786041592.678 -0.009465637 0.008420507 -0.01048971 -0.01206564 -0.01048971 -440.5944 18.69173 0.0126 -0.0126 
1786041592.838 -0.009498415 0.0006765431 -0.01038828 -0.01209842 -0.01038828 -438.5484 17.5068 0.0126 -0.0126 
1786041593.010 -0.009533504 -0.009963592 -0.009334761 -0.007133504 -0.009334761 -436.5164 16.24675 0.0126 -0.0126 
1786041593.175 -0.009569028 -0.005250551 -0.00946469 -0.01216903 -0.00946469 -434.6203 14.97928 0.0126 -0.0126 
1786041593.338 -0.009603916 -0.01023639 -0.009204171 -0.01220392 -0.009204171 -432.9147 13.74189 0.0126 -0.0126 
1786041593.500 -0.009638349 -0.01001887 -0.007621084 -0.007238349 -0.007621084 -431.3818 12.52678 0.0126 -0.0126 
1786041593.665 -0.00967273 -0.003617586 -0.00922532 -0.01227273 -0.00922532 -429.9937 11.31933 0.0126 -0.0126 
1786041593.832 -0.009708761 -0.01016908 -0.008244811 -0.01230898 -0.008586529 -428.6882 10.05177 0.0126 -0.0126 
1786041593.995 -0.009744286 -0.005401922 -0.007871482 -0.01234429 -0.007871482 -427.568 8.821805 0.0126 -0.0126 
1786041594.157 -0.009779065 -0.01112941 -0.007430632 -0.01237907 -0.007430632 -426.6092 7.614265 0.0126 -0.0126 
1786041594.322 -0.009814593 -0.005839304 -0.007517484 -0.007414593 -0.007517484 -425.7761 6.384254 0.0126 -0.0126 
1786041594.485 -0.009850206 -0.006714005 -0.007466594 -0.007450423 -0.007466594 -425.0852 5.146706 0.0126 -0.0126 
1786041594.652 -0.004886759 -0.007085825 -0.007453412 -0.007486759 -0.007453412 -424.5365 3.894054 0.0126 -0.0126 
1786041594.816 -0.009922495 -0.006044411 -0.007569659 -0.007522495 -0.007569659 -424.1454 2.664233 0.0126 -0.0126 
1786041594.986 -0.009959794 -0.006473509 -0.007412058 -0.01255979 -0.007412058 -423.8939 1.381804 0.0126 -0.0126 
1786041595.144 -0.004994494 -0.003329294 -0.006726297 -0.007594494 -0.006726297 -423.8037 0.1892732 0.0126 -0.0126 
1786041595.305 -1.00045e-13 -0.0197 9.101872e-05 0.0024 9.101872e-05 -423.8088 -1.660063e-08 0.0126 -0.0126 
1786041595.464 0.01 0.0043 0.01025101 0.0124 0.01025101 -423.819 -1.660063e-08 0.0126 -0.0126 
1786041595.624 0.01 0.0123 0.01025101 0.0124 0.01025101 -423.819 -1.660063e-08 0.0126 -0.0126 
1786041595.784 0.009999211 0.07492237 0.004915254 0.01239921 0.004915254 -423.8137 -0.02706772 -0.00655 -0.0126 
1786041595.949 -3.426488e-05 0.01640922 -0.0009171256 -0.002634265 -0.0009171256 -423.8751 -1.177463 -0.0126 -0.0126 
1786041596.109 -0.005069824 0.003650258 -0.008535818 -0.007669824 -0.008535818 -424.0795 -2.399965 -0.0126 -0.0126 
1786041596.266 -0.005104044 -0.0007968362 -0.008133052 -0.007704044 -0.008133052 -424.4212 -3.577546 -0.0126 -0.0126 
1786041596.425 -0.005138655 -0.01055372 -0.009184518 -0.007738655 -0.009184518 -424.9025 -4.769935 -0.0126 -0.0126 
1786041596.583 -0.005172772 -0.006701791 -0.008241527 -0.01277277 -0.008241527 -425.5146 -5.947671 -0.0126 -0.0126 
1786041596.748 -0.01020833 -0.007259576 -0.008484468 -0.007808332 -0.008484468 -426.2957 -7.177473 -0.0126 -0.0126 
1786041596.913 -0.005243796 -0.004916609 -0.009299484 -0.007844012 -0.009299484 -427.2279 -8.414809 -0.0126 -0.0126 
1786041597.071 -0.005278286 -0.0108992 -0.00854494 -0.007878286 -0.00854494 -428.2667 -9.614948 -0.0126 -0.0126 
1786041597.230 -0.005312655 -0.002957828 -0.009372097 -0.007912655 -0.009372097 -429.4478 -10.80741 -0.0126 -0.0126 
1786041597.388 -0.01034646 -0.006756916 -0.009421255 -0.01294646 -0.009421255 -430.7496 -11.99248 -0.0126 -0.0126 
1786041597.545 -0.005379904 -0.007447001 -0.01002043 -0.007979904 -0.01002043 -432.1745 -13.16995 -0.0126 -0.0126 
1786041597.703 -0.005413187 -0.002780428 -0.009496614 -0.008013187 -0.009668939 -433.7417 -14.355 -0.0126 -0.0126 
1786041597.863 -0.005446506 -0.01127837 -0.009462482 -0.008046506 -0.009462482 -435.4295 -15.53241 -0.0126 -0.0126 
1786041598.031 -0.005481933 -0.005190695 -0.009992506 -0.008081933 -0.009992506 -437.3904 -16.79986 -0.0126 -0.0126 
1786041598.195 -0.005516087 -0.01031524 -0.008774418 -0.008116087 -0.008774418 -439.4376 -18.03006 -0.0126 -0.0126 
1786041598.354 -0.005549385 -0.006926857 -0.009357294 -0.008149385 -0.009357294 -441.5814 -19.23765 -0.0126 -0.0126 
1786041598.514 -0.005562987 -0.0490944 0.007620639 -0.003162987 0.008097303 -442.6291 -19.7333 -0.0126 -0.0126 
1786041598.671 0.009437013 -0.005094402 0.009273687 0.006837013 0.009273687 -443.1537 -19.7333 -0.0126 -0.0126 
1786041598.829 0.009437013 0.002905598 0.008386736 0.006837013 0.008386736 -443.6794 -19.7333 -0.0126 -0.0126 
1786041598.991 0.004437013 0.006905598 0.00797645 0.006837013 0.00797645 -444.209 -19.7333 -0.0126 -0.0126 
1786041599.157 0.004437013 0.006905598 0.008839482 0.006837013 0.008839482 -444.7666 -19.7333 -0.0126 -0.0126 
1786041599.317 0.004437013 0.006905598 0.008112526 0.006837013 0.008112526 -445.3025 -19.7333 -0.0126 -0.0126 
1786041599.475 0.004437013 0.006905598 0.01799231 0.006837013 0.01799231 -445.7013 -19.7333 -0.0126 -0.0126 
1786041599.633 0.004437013 0.006905598 0.001092469 0.006837013 0.001092469 -445.4344 -19.7333 0.0126 -0.0126 
1786041599.791 0.004437013 0.006905598 0.008192438 0.01183701 0.008192438 -445.4663 -19.7333 -0.0126 -0.0126 
1786041599.949 0.004437013 0.006905598 0.00852909 0.01183701 0.00852909 -445.493 -19.7333 -0.0126 -0.0126 
1786041600.107 0.004437013 0.006905598 0.009032409 0.006837013 0.009032409 -445.5197 -19.7333 -0.0126 -0.0126 
1786041600.273 0.009437013 0.006905598 0.009472394 0.006837013 0.009472394 -445.5476 -19.7333 -0.0126 -0.0126 
1786041600.436 0.009437013 0.006905598 0.008809046 0.01183701 0.008809046 -445.5743 -19.7333 -0.0126 -0.0126 
1786041600.598 0.009437013 0.0109056 0.008079056 0.006837013 0.008079056 -445.5817 -19.7333 0.0126 -0.0126 
1786041600.760 0.004437013 0.006905598 0.02379967 0.01183701 0.02379967 -444.4463 -19.7333 0.0126 -0.0126 
1786041600.921 0.004449151 -0.07861728 0.008118422 0.007049357 0.008118422 -441.8034 -19.2834 0.0126 0.0126 
1786041601.080 -0.005517769 -0.01703719 -0.0108686 -0.007917769 -0.0108686 -439.5403 -18.09083 0.0126 0.0126 
1786041601.246 -0.01048363 -0.01373782 -0.009587947 -0.007883418 -0.009587947 -437.4766 -16.85341 0.0126 0.0126 
1786041601.414 -0.01044863 -0.01344146 -0.009718257 -0.007848631 -0.009718257 -435.5424 -15.60806 0.0126 0.0126 
1786041601.578 -0.01041342 -0.0180885 -0.008431353 -0.007813421 -0.008431353 -433.744 -14.35603 0.0126 0.0126 
1786041601.739 -0.01037929 -0.01288904 -0.008162941 -0.007779289 -0.008162941 -432.1489 -13.14844 0.0126 0.0126 
1786041601.902 -0.01034456 -0.005430646 -0.009002735 -0.007744561 -0.009002735 -430.6732 -11.92559 0.0126 0.0126 
1786041602.067 -0.0103101 -0.01401177 -0.008428337 -0.007710105 -0.008428337 -429.3562 -10.71836 0.0126 0.0126 
1786041602.238 -0.005273143 -0.01030777 -0.008675139 -0.007672928 -0.008675139 -428.0951 -9.420928 0.0126 0.0126 
1786041602.405 -0.005236907 -0.00974635 -0.008611252 -0.007636691 -0.007771269 -427.0257 -8.160981 0.0126 0.0126 
1786041602.569 -0.01020121 -0.008043359 -0.006665514 -0.007601207 -0.006665514 -426.1291 -6.93083 0.0126 0.0126 
1786041602.729 -0.005166281 -0.00635211 -0.007478493 -0.007566281 -0.007478493 -425.3887 -5.723307 0.0126 0.0126 
1786041602.896 -0.01013041 -0.01299179 -0.007666496 -0.007530411 -0.007666496 -424.7766 -4.485949 0.0126 0.0126 
1786041603.061 -0.005094263 -0.01286816 -0.007725867 -0.007494045 -0.007725867 -424.3079 -3.233342 0.0126 0.0126 
1786041603.224 -0.005058724 -0.00826574 -0.006967756 -0.007458724 -0.006772385 -423.9981 -2.010826 0.0126 0.0126 
1786041603.384 -0.01002359 -0.00540686 -0.006395006 -0.007423595 -0.006395006 -423.8342 -0.8109194 0.0126 0.0126 
1786041603.542 -0.005 0.1003 -0.004988979 -0.0074 -0.004988979 -423.8037 -1.660063e-08 0.0126 0.0126 
1786041603.699 -1.00045e-13 0.0163 0.002631017 0.0026 0.002631017 -423.8114 -1.660063e-08 0.0126 0.0126 
1786041603.861 0.005 0.0083 0.006441015 0.0026 0.006441015 -423.8152 -1.660063e-08 0.0126 0.0126 
1786041604.023 0.005 0.0083 0.006441015 0.0076 0.006441015 -423.8152 -1.660063e-08 0.0126 0.0126 
1786041604.181 0.01 0.0083 0.006441015 0.0026 0.006441015 -423.8152 -1.660063e-08 0.0126 0.0126 
1786041604.339 0.01 0.0083 0.007711015 0.0076 0.007711015 -423.8164 -1.660063e-08 0.0126 0.0126 
1786041604.499 0.01 0.0083 0.006441015 0.0026 0.006441015 -423.8152 -1.660063e-08 0.0126 0.0126 
1786041604.657 0.005 0.0083 0.007711015 0.0076 0.007711015 -423.8164 -1.660063e-08 0.0126 0.0126 
1786041604.815 0.005000178 -0.01766221 0.002928222 0.00260022 0.002928222 -423.8117 0.007534465 0.0054 0.0126 
1786041604.984 0.01000244 0.01411536 -0.002855936 0.01260244 -0.002855936 -424.124 0.08360001 -0.0126 0.0126 
1786041605.148 0.01500244 0.01411536 0.006580422 0.01260244 0.006580422 -424.6968 0.08360001 -0.0126 0.0126 
1786041605.309 0.01000244 0.01411536 0.00760013 0.007602441 0.00760013 -425.2378 0.08360001 -0.0126 0.0126 
1786041605.470 0.01000244 0.01411536 0.008143173 0.01260244 0.008143173 -425.775 0.08360001 -0.0126 0.0126 
1786041605.628 0.01000244 0.01411536 0.007256222 0.01260244 0.007256222 -426.3008 0.08360001 -0.0126 0.0126 
1786041605.787 0.01000244 0.01011536 0.006845936 0.01260244 0.006845936 -426.8304 0.08360001 -0.0126 0.0126 
1786041605.947 0.01000244 0.01411536 0.005329376 0.01260244 0.005329376 -426.6587 0.08360001 0.0126 0.0126 
1786041606.106 0.01000244 0.01411536 0.005512689 0.01260244 0.005512689 -426.6716 0.08360001 -0.0126 0.0126 
1786041606.272 0.01000244 0.01011536 0.007389339 0.01260244 0.007389339 -426.7008 0.08360001 -0.0126 0.0126 
1786041606.433 0.01000244 0.01411536 0.007059325 0.01260244 0.007059325 -426.7275 0.08360001 -0.0126 0.0126 
1786041606.592 0.01000244 0.01011536 0.007062644 0.007602441 0.007062644 -426.7542 0.08360001 -0.0126 0.0126 
1786041606.762 0.01000244 0.01011536 0.008605962 0.007602441 0.008605962 -426.7834 0.08360001 -0.0126 0.0126 
1786041606.925 0.01000244 0.01411536 0.007775947 0.01260244 0.007775947 -426.81 0.08360001 -0.0126 0.0126 
1786041607.087 0.01000244 0.01011536 0.02389941 0.007602441 0.02389941 -426.6028 0.08360001 0.0126 0.0126 
1786041607.257 0.01000244 0.01011536 0.005671358 0.007602441 0.005671358 -424.5518 0.08360001 0.0126 0.0126 
1786041607.433 0.005 -0.0157 -0.01260897 0.0074 -0.01260897 -423.7961 -1.137215e-08 0.0126 -0.0126 
1786041607.595 0.01 0.0043 9.101872e-05 0.0074 9.101872e-05 -423.8088 -1.137215e-08 0.0126 -0.0126 
1786041607.757 0.01 0.0083 0.006441015 0.0124 0.006441015 -423.8152 -1.137215e-08 0.0126 -0.0126 
1786041607.932 2.452529e-05 -0.05168576 -0.002295948 -0.007375475 -0.002911818 -423.8408 0.8476098 -0.0126 0.0126 
1786041608.099 -0.009938261 -0.01905121 -0.01035602 -0.01233826 -0.01035602 -424.016 2.114978 -0.0126 0.0126 
1786041608.266 -0.00990217 -0.01582578 -0.01055051 -0.01230217 -0.01055051 -424.345 3.352347 -0.0126 0.0126 
1786041608.431 -0.01486569 -0.01526114 -0.009575162 -0.00726547 -0.009575162 -424.8339 4.612442 -0.0126 0.0126 
1786041608.598 -0.009829489 -0.01283414 -0.01009533 -0.01222949 -0.01009533 -425.4626 5.849876 -0.0126 0.0126 
1786041608.783 -0.009791198 -0.01402323 -0.01023141 -0.0121912 -0.01023141 -426.297 7.169872 -0.0126 0.0126 
1786041608.974 -0.009748469 -0.01452221 -0.0110251 -0.01214847 -0.0110251 -427.4298 8.647447 -0.0126 0.0126 
1786041609.154 -0.009708927 -0.01458337 -0.01150148 -0.01210893 -0.01150148 -428.6706 10.01999 -0.0126 0.0126 
1786041609.318 -0.009673416 -0.01361191 -0.01093632 -0.0120732 -0.01093632 -429.9533 11.26495 -0.0126 0.0126 
1786041609.478 -0.009638913 -0.01417153 -0.01007763 -0.007038913 -0.01007763 -431.33 12.46492 -0.0126 0.0126 
1786041609.636 -0.009605209 -0.01120145 -0.01073976 -0.007005209 -0.01073976 -432.8222 13.64997 -0.0126 0.0126 
1786041609.795 -0.009571462 -0.01240831 -0.01069172 -0.00697125 -0.01069172 -434.4694 14.84987 -0.0126 0.0126 
1786041609.954 -0.00953769 -0.01435755 -0.01008698 -0.01193769 -0.01008698 -436.2411 16.04267 -0.0126 0.0126 
1786041610.122 -0.009503285 -0.009337765 -0.01020493 -0.006903285 -0.01020493 -438.207 17.27244 -0.0126 0.0126 
1786041610.287 -0.009468485 -0.01157539 -0.01042223 -0.01186849 -0.01042223 -440.3533 18.52495 -0.0126 0.0126 
1786041610.463 -0.004432909 -0.006061383 -0.009055582 -0.006832909 -0.009055582 -442.7307 19.82254 -0.0126 0.0126 
1786041610.624 0.0005744627 0.0340022 0.007951808 -0.001825537 0.007951808 -443.4826 20.0836 -0.0126 0.0126 
1786041610.785 0.01557446 0.0180022 0.009288186 0.01317446 0.009288186 -444.0173 20.0836 -0.0126 0.0126 
1786041610.960 0.01557446 0.0180022 0.009041214 0.01317446 0.009041214 -444.5837 20.0836 -0.0126 0.0126 
1786041611.130 0.01557446 0.0180022 0.008954236 0.01317446 0.0094309 -445.1641 20.0836 -0.0126 0.0126 
1786041611.291 0.01557446 0.0180022 0.008863939 0.01317446 0.008863939 -445.7102 20.0836 -0.0126 0.0126 
1786041611.449 0.01057446 0.0140022 0.009246987 0.01317446 0.009246987 -446.2372 20.0836 -0.0126 0.0126 
1786041611.615 0.01057446 0.0140022 0.01104371 0.01317446 0.01104371 -446.1595 20.0836 0.0126 0.0126 
1786041611.787 0.01557446 0.0140022 0.0077237 0.01317446 0.007557033 -446.1521 20.0836 -0.0126 0.0126 
1786041611.953 0.01057446 0.0140022 0.008767018 0.01317446 0.008767018 -446.1813 20.0836 -0.0126 0.0126 
1786041612.112 0.01057446 0.0140022 0.008770337 0.008174463 0.008770337 -446.208 20.0836 -0.0126 0.0126 
1786041612.269 0.01057446 0.0140022 0.009273655 0.01317446 0.009273655 -446.2347 20.0836 -0.0126 0.0126 
1786041612.428 0.01057446 0.0140022 0.008340308 0.01317446 0.008340308 -446.2601 20.0836 -0.0126 0.0126 
1786041612.595 0.01057446 0.0140022 0.01591367 0.008174463 0.01591367 -446.2307 20.0836 0.0126 0.0126 
1786041612.761 0.01057446 0.0100022 0.01478457 0.008174463 0.01478457 -444.5682 20.0836 0.0126 0.0126 
1786041612.926 -0.004448013 0.0339895 -0.01689023 -0.00204822 -0.01689023 -441.6714 19.25863 0.0126 -0.0126 
1786041613.090 -0.009482248 0.0008838871 -0.01120251 -0.01208225 -0.01120251 -439.4844 18.02859 0.0126 -0.0126 
1786041613.260 -0.009517563 -0.01044234 -0.009596172 -0.01211777 -0.009596172 -437.361 16.7537 0.0126 -0.0126 
1786041613.429 -0.009553325 -0.008375391 -0.009357869 -0.007153325 -0.009357869 -435.3988 15.48634 0.0126 -0.0126 
1786041613.596 -0.009588459 -0.009688603 -0.008902544 -0.007188671 -0.008902544 -433.6081 14.23364 0.0126 -0.0126 
1786041613.757 -0.009623148 -0.009217305 -0.009165098 -0.01222315 -0.009165098 -432.0118 13.01869 0.0126 -0.0126 
1786041613.917 -0.00965715 -0.007192161 -0.008724417 -0.01225715 -0.008724417 -430.5817 11.82625 0.0126 -0.0126 
1786041614.080 -0.009692378 -0.01126787 -0.008704249 -0.007292378 -0.008704249 -429.2482 10.59618 0.0126 -0.0126 
1786041614.254 -0.009729259 -0.007390129 -0.009380359 -0.01232926 -0.009380359 -428.0113 9.313728 0.0126 -0.0126 
1786041614.417 -0.009765192 -0.008659534 -0.008075396 -0.01236519 -0.008075396 -426.9635 8.068702 0.0126 -0.0126 
1786041614.577 -0.009799932 -0.00590316 -0.008241502 -0.007400149 -0.008322513 -426.0885 6.86118 0.0126 -0.0126 
1786041614.738 -0.009834977 -0.004767979 -0.007527995 -0.007434977 -0.007527995 -425.3595 5.661177 0.0126 -0.0126 
1786041614.897 -0.009869877 -0.007331335 -0.007764459 -0.007469877 -0.007764459 -424.7689 4.461134 0.0126 -0.0126 
1786041615.054 -0.004904179 -0.004257764 -0.007562857 -0.007504179 -0.007562857 -424.3257 3.283534 0.0126 -0.0126 
1786041615.215 -0.009938958 -0.01386566 -0.008205209 -0.007538958 -0.008205209 -424.0133 2.091075 0.0126 -0.0126 
1786041615.383 -0.009975735 -0.01006131 -0.008122202 -0.01257595 -0.007518302 -423.8342 0.8234986 0.0126 -0.0126 
1786041615.544 -0.01 -0.1037 -0.006258978 -0.0076 -0.006258978 -423.8025 1.477024e-08 0.0126 -0.0126 
1786041615.705 0.01 -0.0037 0.008981014 0.0124 0.008981014 -423.8177 1.477024e-08 0.0126 -0.0126 
1786041615.865 0.01 0.0083 0.01025101 0.0124 0.01025101 -423.819 1.477024e-08 0.0126 -0.0126 
1786041616.025 0.01 0.0123 0.008981014 0.0124 0.008981014 -423.8177 1.477024e-08 0.0126 -0.0126 
1786041616.183 0.01 0.0123 0.008981014 0.0124 0.008981014 -423.8177 1.477024e-08 0.0126 -0.0126 
1786041616.346 0.009992336 0.1400929 0.008366905 0.007392336 0.008366905 -423.8205 -0.2625387 -0.0126 -0.0126 
1786041616.509 -0.005043573 0.006095921 -0.005233486 -0.007643573 -0.005233486 -423.9119 -1.49255 -0.0126 -0.0126 
1786041616.668 -0.01007837 -0.0006172308 -0.008838678 -0.01267837 -0.008838678 -424.1507 -2.685114 -0.0126 -0.0126 
1786041616.828 -0.005113565 -0.00636025 -0.0090375 -0.007713565 -0.0090375 -424.5367 -3.892347 -0.0126 -0.0126 
1786041616.986 -0.005148058 -0.006710083 -0.008871801 -0.007748058 -0.008871801 -425.0536 -5.077513 -0.0126 -0.0126 
1786041617.143 -0.00518227 -0.00872853 -0.009463263 -0.00778227 -0.009463263 -425.7013 -6.254932 -0.0126 -0.0126 
1786041617.301 -0.0102164 -0.01344901 -0.009569947 -0.0128164 -0.009569947 -426.4836 -7.43994 -0.0126 -0.0126 
1786041617.458 -0.005250665 -0.006273814 -0.008775318 -0.01285066 -0.008775318 -427.4069 -8.617723 -0.0126 -0.0126 
1786041617.622 -0.01028568 -0.01073445 -0.01033568 -0.007885681 -0.01033568 -428.4915 -9.832309 -0.0126 -0.0126 
1786041617.785 -0.005320783 -0.006682111 -0.009072468 -0.007920783 -0.009072468 -429.7285 -11.055 -0.0126 -0.0126 
1786041617.945 -0.01035531 -0.008254655 -0.009592958 -0.01295531 -0.009592958 -431.0976 -12.26998 -0.0126 -0.0126 
1786041618.103 -0.01038904 -0.005988563 -0.01035546 -0.007989043 -0.01035546 -432.5682 -13.45495 -0.0126 -0.0126 
1786041618.262 -0.005423032 -0.006574125 -0.01023505 -0.008023032 -0.01023505 -434.1824 -14.64746 -0.0126 -0.0126 
1786041618.421 -0.01045641 -0.0150676 -0.009843177 -0.008056414 -0.009843177 -435.9197 -15.83239 -0.0126 -0.0126 
1786041618.578 -0.0104896 -0.008846256 -0.01011969 -0.008089601 -0.01011969 -437.7879 -17.01755 -0.0126 -0.0126 
1786041618.740 -0.005522994 -0.01116475 -0.009734705 -0.008122994 -0.009734705 -439.8136 -18.21744 -0.0126 -0.0126 
1786041618.904 -0.01055698 -0.0115346 -0.008896863 -0.008156984 -0.008896863 -442.0284 -19.44764 -0.0126 -0.0126 
1786041619.067 -0.005569875 -0.04554274 0.008854435 -0.003169875 0.008854435 -443.0813 -19.9164 -0.0126 -0.0126 
1786041619.227 0.004430125 -0.005542736 0.008127479 0.006830125 0.008127479 -443.6172 -19.9164 -0.0126 -0.0126 
1786041619.385 0.004430125 0.006457264 0.008033863 0.006830125 0.008510527 -444.1443 -19.9164 -0.0126 -0.0126 
1786041619.542 0.009430125 0.01045726 0.008416911 0.006830125 0.008416911 -444.6675 -19.9164 -0.0126 -0.0126 
1786041619.700 0.009430125 0.006457264 0.008323296 0.01183012 0.008323296 -445.1933 -19.9164 -0.0126 -0.0126 
1786041619.857 0.009430125 0.01045726 0.008706344 0.01183012 0.008706344 -445.7178 -19.9164 -0.0126 -0.0126 
1786041620.027 0.004430125 0.006457264 0.02180954 0.006830125 0.02180954 -445.9919 -19.9164 0.0126 -0.0126 
1786041620.191 0.009430125 0.01045726 0.00427298 0.01183012 0.00427298 -445.7749 -19.9164 -0.0126 -0.0126 
1786041620.350 0.009430125 0.006457264 0.008086297 0.006830125 0.008086297 -445.8054 -19.9164 -0.0126 -0.0126 
1786041620.508 0.009430125 0.01045726 0.008422949 0.01183012 0.008422949 -445.8321 -19.9164 -0.0126 -0.0126 
1786041620.667 0.009430125 0.01045726 0.008759602 0.01183012 0.008759602 -445.8588 -19.9164 -0.0126 -0.0126 
1786041620.825 0.009430125 0.01045726 0.008929587 0.006830125 0.008929587 -445.8854 -19.9164 -0.0126 -0.0126 
1786041620.983 0.009430125 0.01045726 0.008162907 0.01183012 0.008162907 -445.9108 -19.9164 -0.0126 -0.0126 
1786041621.152 0.009430125 0.006457264 0.008062914 0.01183012 0.008062914 -445.9233 -19.9164 0.0126 -0.0126 
1786041621.320 0.009430125 0.006457264 0.02919335 0.01183012 0.02934335 -445.1093 -19.9164 0.0126 -0.0126 
1786041621.480 0.004438987 -0.1060787 0.01921239 0.007038987 0.01921239 -442.5464 -19.59393 0.0126 0.0126 
1786041621.639 -0.005528092 -0.02158717 -0.01078301 -0.007928092 -0.01078301 -440.1347 -18.40132 0.0126 0.0126 
1786041621.798 -0.01049494 -0.01678412 -0.0094292 -0.007894942 -0.0094292 -438.1027 -17.20897 0.0126 0.0126 
1786041621.956 -0.01046179 -0.01672846 -0.009579931 -0.01286179 -0.009467861 -436.2015 -16.01643 0.0126 0.0126 
1786041622.122 -0.01042717 -0.01299017 -0.009603542 -0.007827166 -0.009603542 -434.3905 -14.79402 0.0126 0.0126 
1786041622.284 -0.01039256 -0.01419263 -0.00812666 -0.00779256 -0.00812666 -432.7217 -13.57144 0.0126 0.0126 
1786041622.444 -0.005358204 -0.01181769 -0.008457077 -0.007758204 -0.008457077 -431.2104 -12.36385 0.0126 0.0126 
1786041622.603 -0.01032412 -0.009763919 -0.008653294 -0.007724118 -0.008653294 -429.854 -11.17152 0.0126 0.0126 
1786041622.763 -0.005289891 -0.01452405 -0.008735369 -0.007689891 -0.008735369 -428.6336 -9.971292 0.0126 0.0126 
1786041622.923 -0.01025532 -0.01259899 -0.007926153 -0.007655323 -0.007926153 -427.5439 -8.778999 0.0126 0.0126 
1786041623.082 -0.01022086 -0.01206304 -0.007189595 -0.007620643 -0.007189595 -426.5927 -7.578964 0.0126 0.0126 
1786041623.251 -0.01018478 -0.009837866 -0.007908072 -0.007584777 -0.007908072 -425.7557 -6.341428 0.0126 0.0126 
1786041623.416 -0.00514839 -0.01138945 -0.008354294 -0.00754839 -0.008354294 -425.0598 -5.089008 0.0126 0.0126 
1786041623.582 -0.01011171 -0.01221275 -0.00821806 -0.007511712 -0.00821806 -424.5137 -3.829041 0.0126 0.0126 
1786041623.741 -0.01007695 -0.0073368 -0.007887944 -0.00747695 -0.007887944 -424.139 -2.636446 0.0126 0.0126 
1786041623.901 -0.01004194 -0.01063643 -0.007598451 -0.007441935 -0.007822803 -423.9003 -1.428943 0.0126 0.0126 
1786041624.064 -0.005006245 -0.006916526 -0.007216379 -0.01240625 -0.007216379 -423.8037 -0.2140225 0.0126 0.0126 
1786041624.239 -1.00045e-13 0.0283 9.101872e-05 0.0026 9.101872e-05 -423.8088 -1.137215e-08 0.0126 0.0126 
1786041624.406 0.01 0.0123 0.007711015 0.0076 0.007711015 -423.8164 -1.137215e-08 0.0126 0.0126 
1786041624.569 0.01 0.0123 0.007711015 0.0076 0.007711015 -423.8164 -1.137215e-08 0.0126 0.0126 
1786041624.727 0.01 0.0123 0.007711015 0.0076 0.007711015 -423.8164 -1.137215e-08 0.0126 0.0126 
1786041624.887 0.01 0.0083 0.007711015 0.0076 0.007711015 -423.8164 -1.137215e-08 0.0126 0.0126 
1786041625.048 0.005 0.0123 0.006441015 0.0076 0.006441015 -423.8152 -1.137215e-08 0.0126 0.0126 
1786041625.209 0.005 0.0083 0.006441015 0.0076 0.006441015 -423.8152 -1.137215e-08 0.0126 0.0126 
1786041625.375 0.005003258 0.0381407 0.006027294 0.002603258 0.006027294 -423.8154 0.1115 -0.0126 0.0126 
1786041625.544 0.01500326 0.0181407 0.003728688 0.01760326 0.003728688 -424.3208 0.1115 -0.0126 0.0126 
1786041625.703 0.01500326 0.0181407 0.008875064 0.01260326 0.008875064 -424.8593 0.1115 -0.0126 0.0126 
1786041625.861 0.01500326 0.0181407 0.009258112 0.01260326 0.009258112 -425.3864 0.1115 -0.0126 0.0126 
1786041626.023 0.01500326 0.0141407 0.008847826 0.01260326 0.008847826 -425.916 0.1115 -0.0126 0.0126 
1786041626.200 0.01500326 0.0141407 0.008760848 0.01260326 0.008760848 -426.4925 0.1115 -0.0126 0.0126 
1786041626.371 0.01000326 0.0141407 0.01645395 0.01260326 0.01645395 -426.9222 0.1115 -0.0118 0.0126 
1786041626.532 0.01500326 0.0141407 -0.002285898 0.01260326 -0.002285898 -426.6439 0.1115 -0.0094 0.0126 
1786041626.695 0.01000326 0.0141407 0.008574079 0.01260326 0.008574079 -426.6818 0.1115 -0.0126 0.0126 
1786041626.878 0.01000326 0.0141407 0.008784064 0.01260326 0.008784064 -426.711 0.1115 -0.0126 0.0126 
1786041627.055 0.01000326 0.0141407 0.008597381 0.007603258 0.008597381 -426.7415 0.1115 -0.0126 0.0126 
1786041627.220 0.01000326 0.0141407 0.008204032 0.01260326 0.008204032 -426.7694 0.1115 -0.0126 0.0126 
1786041627.377 0.01500326 0.0141407 0.008540684 0.01260326 0.008540684 -426.7961 0.1115 -0.0126 0.0126 
1786041627.541 0.01000326 0.0141407 0.01164069 0.01260326 0.01164069 -426.8022 0.1115 0.0126 0.0126 
1786041627.707 0.01000326 0.0101407 0.0166782 0.01260326 0.0166782 -425.2541 0.1115 0.0126 0.0126 
1786041627.870 0.01000143 0.1072778 -0.02132763 0.01260143 -0.02132763 -423.7923 0.04898511 0.0126 -0.01255 
1786041628.030 0.01 0.0003 -0.00244898 0.0074 -0.00244898 -423.8063 -1.137215e-08 0.0126 -0.0126 
1786041628.193 0.005 0.0043 0.003901017 0.0074 0.003901017 -423.8126 -1.137215e-08 0.0126 -0.0126 
1786041628.356 0.01000097 -0.06439493 0.002697496 0.01260097 0.002697496 -423.8115 0.03313716 -0.00855 0.00855 
1786041628.523 -0.009964724 -0.0307796 -0.008090371 -0.0123645 -0.008090371 -423.8725 1.214997 -0.0126 0.0126 
1786041628.682 -0.01492946 -0.01518706 -0.01188167 -0.01732946 -0.01188167 -424.0808 2.414931 -0.0126 0.0126 
1786041628.840 -0.01489467 -0.02391928 -0.01090581 -0.01229467 -0.01090581 -424.4313 3.60743 -0.0126 0.0126 
1786041629.002 -0.01485949 -0.01534195 -0.01037612 -0.01225949 -0.01037612 -424.9266 4.814922 -0.0126 0.0126 
1786041629.161 -0.01482502 -0.01398846 -0.009919134 -0.01222502 -0.009919134 -425.5502 6.000031 -0.0126 0.0126 
1786041629.327 -0.01478911 -0.02096871 -0.01078539 -0.01218911 -0.01098039 -426.3503 7.244914 -0.0126 0.0126 
1786041629.491 -0.00975351 -0.01176791 -0.01119296 -0.01215351 -0.01119296 -427.2825 8.467543 -0.0126 0.0126 
1786041629.654 -0.01471803 -0.01687267 -0.0112769 -0.01211803 -0.0112769 -428.3658 9.697427 -0.0126 0.0126 
1786041629.816 -0.009683101 -0.01097678 -0.009922221 -0.0120831 -0.009922221 -429.5799 10.91259 -0.0126 0.0126 
1786041629.978 -0.009648105 -0.01478034 -0.01111369 -0.01204789 -0.01111369 -430.9502 12.14244 -0.0126 0.0126 
1786041630.149 -0.009613268 -0.01013469 -0.01108295 -0.01201263 -0.0106099 -432.4857 13.3876 -0.0126 0.0126 
1786041630.318 -0.009576064 -0.01397807 -0.01092874 -0.01197585 -0.01092874 -434.2306 14.67784 -0.0126 0.0126 
1786041630.476 -0.01454224 -0.0168694 -0.01117914 -0.01194203 -0.01119571 -435.9947 15.87741 -0.0126 0.0126 
1786041630.639 -0.009508204 -0.009905714 -0.01131824 -0.0119082 -0.01131824 -437.906 17.08496 -0.0126 0.0126 
1786041630.811 -0.009472721 -0.0145138 -0.0115935 -0.01187272 -0.0115935 -440.0714 18.35992 -0.0126 0.0126 
1786041630.998 -0.009435643 -0.01192473 -0.01217269 -0.006835437 -0.01217269 -442.5275 19.70986 -0.0126 0.0126 
1786041631.166 0.0005755923 0.03826561 0.009610455 0.003175592 0.009610455 -443.5334 20.1115 -0.0126 0.0126 
1786041631.341 0.01557559 0.02226561 0.01222015 0.01817559 0.01222015 -444.096 20.1115 -0.0126 0.0126 
1786041631.514 0.01557559 0.02226561 0.01118316 0.01817559 0.01118316 -444.6916 20.1115 -0.0126 0.0126 
1786041631.683 0.02057559 0.02226561 0.01172952 0.01817559 0.01172952 -445.2555 20.1115 -0.0126 0.0126 
1786041631.847 0.01557559 0.01826561 0.01163923 0.01817559 0.01163923 -445.8054 20.1115 -0.0126 0.0126 
1786041632.010 0.01557559 0.01826561 0.01107227 0.01317559 0.01107227 -446.3515 20.1115 -0.0126 0.0126 
1786041632.181 0.01557559 0.01826561 0.00464904 0.01817559 0.00464904 -446.1773 20.1115 0.0126 0.0126 
1786041632.349 0.01557559 0.01826561 0.01108234 0.01817559 0.01108234 -446.2093 20.1115 -0.0126 0.0126 
1786041632.516 0.01557559 0.01826561 0.01135566 0.01817559 0.01135566 -446.2372 20.1115 -0.0126 0.0126 
1786041632.679 0.01057559 0.01426561 0.01069231 0.01317559 0.01069231 -446.2639 20.1115 -0.0126 0.0126 
1786041632.867 0.01057559 0.01426561 0.01083896 0.01317559 0.0106723 -446.2944 20.1115 -0.0126 0.0126 
1786041633.043 0.01057559 0.01426561 0.01004895 0.01317559 0.009882281 -446.3236 20.1115 -0.0126 0.0126 
1786041633.216 0.01057559 0.01426561 0.009925609 0.01317559 0.009925609 -446.3337 20.1115 -0.0126 0.0126 
1786041633.402 0.01057559 0.01426561 0.02161632 0.01317559 0.02161632 -445.0343 20.1115 0.0126 0.0126 
1786041633.571 -0.004443379 0.04152508 -0.01083967 -0.007043379 -0.01083967 -442.0041 19.4214 0.0126 -0.0126 
1786041633.732 -0.01447636 -0.0004923823 -0.01221163 -0.01207636 -0.01221163 -439.8413 18.2291 0.0126 -0.0126 
1786041633.909 -0.01451165 -0.01098027 -0.01170198 -0.01211165 -0.01170198 -437.7039 16.96152 0.0126 -0.0126 
1786041634.079 -0.0145493 -0.01286076 -0.01107086 -0.0171493 -0.01107086 -435.6033 15.61899 0.0126 -0.0126 
1786041634.254 -0.009586134 -0.01025332 -0.0114301 -0.01218613 -0.0114301 -433.7224 14.31406 0.0126 -0.0126 
1786041634.426 -0.009621688 -0.01203903 -0.01066621 -0.0122219 -0.01066621 -432.06 13.05391 0.0126 -0.0126 
1786041634.601 -0.009659996 -0.01165542 -0.009204385 -0.01226 -0.009204385 -430.4636 11.71914 0.0126 -0.0126 
1786041634.774 -0.0146972 -0.0145942 -0.009726854 -0.0122972 -0.009726854 -429.073 10.42155 0.0126 -0.0126 
1786041634.957 -0.009735421 -0.01059092 -0.009099598 -0.01233542 -0.009099598 -427.8182 9.094132 0.0126 -0.0126 
1786041635.122 -0.009773134 -0.0158561 -0.009500323 -0.01237313 -0.009500323 -426.7489 7.789093 0.0126 -0.0126 
1786041635.286 -0.009808571 -0.008005042 -0.009361457 -0.01240857 -0.009361457 -425.8967 6.566592 0.0126 -0.0126 
1786041635.447 -0.009843658 -0.009177591 -0.009119356 -0.01244388 -0.009119356 -425.1931 5.351536 0.0126 -0.0126 
1786041635.606 -0.009878596 -0.0101613 -0.008692296 -0.007478596 -0.008692296 -424.6419 4.159081 0.0126 -0.0126 
1786041635.772 -0.009914463 -0.008131713 -0.008625937 -0.01251446 -0.008625937 -424.2178 2.929016 0.0126 -0.0126 
1786041635.937 -0.009950588 -0.008742693 -0.008411423 -0.007550588 -0.008411423 -423.9396 1.684154 0.0126 -0.0126 
1786041636.097 -0.009986079 -0.01049531 -0.00808059 -0.0125863 -0.00808059 -423.8114 0.4690668 0.0126 -0.0126 
1786041636.273 -0.005 -0.0397 -0.00244898 -0.0026 -0.00244898 -423.8063 9.541763e-09 0.0126 -0.0126 
1786041636.434 0.01 0.0043 0.01025101 0.0124 0.01025101 -423.819 9.541763e-09 0.0126 -0.0126 
1786041636.593 0.01 0.0123 0.01025101 0.0124 0.01025101 -423.819 9.541763e-09 0.0126 -0.0126 
1786041636.751 0.01 0.0123 0.01025101 0.0124 0.01025101 -423.819 9.541763e-09 0.0126 -0.0126 
1786041636.916 -2.651271e-05 0.0278544 0.0001632032 -0.002626732 0.0001632032 -423.8497 -0.9150567 -0.0126 -0.0126 
1786041637.079 -0.01006265 -0.001593898 -0.009095615 -0.01266265 -0.009095615 -424.0237 -2.145092 -0.0126 -0.0126 
1786041637.242 -0.01009855 -0.01040065 -0.009373565 -0.007698548 -0.009373565 -424.3539 -3.374948 -0.0126 -0.0126 
1786041637.400 -0.01013287 -0.007891187 -0.008882749 -0.007732867 -0.008882749 -424.8085 -4.552433 -0.0126 -0.0126 
1786041637.561 -0.01016778 -0.007180775 -0.009499323 -0.007767785 -0.009499323 -425.4092 -5.752437 -0.0126 -0.0126 
1786041637.729 -0.005204151 -0.009751358 -0.009976236 -0.007804151 -0.009976236 -426.1852 -7.004866 -0.0126 -0.0126 
1786041637.892 -0.0102402 -0.008369177 -0.01002666 -0.007840203 -0.01002666 -427.1072 -8.249798 -0.0126 -0.0126 
1786041638.055 -0.005274844 -0.01231892 -0.01018867 -0.007874844 -0.01018867 -428.1372 -9.449952 -0.0126 -0.0126 
1786041638.230 -0.01031195 -0.008709341 -0.009649562 -0.007912164 -0.009649562 -429.4072 -10.74735 -0.0126 -0.0126 
1786041638.401 -0.01034932 -0.007672584 -0.008890584 -0.007949324 -0.008890584 -430.8385 -12.04495 -0.0126 -0.0126 
1786041638.574 -0.005385879 -0.006289978 -0.009463547 -0.01298588 -0.009463547 -432.4095 -13.32742 -0.0126 -0.0126 
1786041638.738 -0.005421392 -0.003325497 -0.01106591 -0.008021604 -0.01106591 -434.1036 -14.58733 -0.0126 -0.0126 
1786041638.900 -0.01045565 -0.01314744 -0.0100333 -0.008055649 -0.009997167 -435.8816 -15.80245 -0.0126 -0.0126 
1786041639.060 -0.01048949 -0.005618951 -0.009740985 -0.008089492 -0.009740985 -437.7727 -17.00243 -0.0126 -0.0126 
1786041639.227 -0.005523742 -0.01235825 -0.0105014 -0.008123742 -0.0105014 -439.8491 -18.23241 -0.0126 -0.0126 
1786041639.393 -0.01055858 -0.007376442 -0.01016372 -0.008158577 -0.01016372 -442.1224 -19.49241 -0.0126 -0.0126 
1786041639.559 -0.00556947 -0.03494262 0.006716093 -0.00316947 0.006716093 -443.0216 -19.8885 -0.0126 -0.0126 
1786041639.720 0.00943053 0.001057377 0.0090058 0.01183053 0.0090058 -443.5639 -19.8885 -0.0126 -0.0126 
1786041639.878 0.00943053 0.009057377 0.008595514 0.01183053 0.008595514 -444.0935 -19.8885 -0.0126 -0.0126 
1786041640.041 0.00943053 0.009057377 0.008661893 0.01183053 0.008661893 -444.6269 -19.8885 -0.0126 -0.0126 
1786041640.213 0.00943053 0.009057377 0.007938255 0.00683053 0.007938255 -445.1933 -19.8885 -0.0126 -0.0126 
1786041640.379 0.00943053 0.009057377 0.008644612 0.01183053 0.008644612 -445.7635 -19.8885 -0.0126 -0.0126 
1786041640.549 0.00943053 0.009057377 0.01557127 0.00683053 0.01557127 -445.8116 -19.8885 0.0126 -0.0126 
1786041640.717 0.00443053 0.005057377 0.005431292 0.00683053 0.005431292 -445.7394 -19.8885 -0.0126 -0.0126 
1786041640.890 0.00943053 0.009057377 0.008514608 0.01183053 0.008514608 -445.7711 -19.8885 -0.0126 -0.0126 
1786041641.066 0.00443053 0.005057377 0.008057926 0.00683053 0.008057926 -445.8003 -19.8885 -0.0126 -0.0126 
1786041641.226 0.00443053 0.005057377 0.007894578 0.00683053 0.007894578 -445.827 -19.8885 -0.0126 -0.0126 
1786041641.389 0.00943053 0.009057377 0.00773123 0.00683053 0.00773123 -445.8537 -19.8885 -0.0126 -0.0126 
1786041641.557 0.00443053 0.009057377 0.01695126 0.00683053 0.01695126 -445.8166 -19.8885 0.0126 -0.0126 
1786041641.723 0.00943053 0.009057377 0.01247218 0.00683053 0.01247218 -444.1225 -19.8885 0.0126 -0.0126 
1786041641.888 -0.0005457102 -0.04472017 -0.01664527 -0.00294571 -0.01664527 -441.2573 -19.02607 0.0126 0.0126 
1786041642.048 -0.01051245 -0.01305383 -0.01088031 -0.00791224 -0.01088031 -439.1339 -17.81844 0.0126 0.0126 
1786041642.209 -0.005478962 -0.01263475 -0.009293385 -0.01287896 -0.009293385 -437.1654 -16.62601 0.0126 0.0126 
1786041642.379 -0.005443787 -0.01460804 -0.008296225 -0.01284379 -0.008296225 -435.2401 -15.37359 0.0126 0.0126 
1786041642.547 -0.01040776 -0.01084284 -0.009698167 -0.007807762 -0.009698167 -433.4291 -14.09097 0.0126 0.0126 
1786041642.707 -0.01037324 -0.015235 -0.007979161 -0.01277324 -0.007540712 -431.8403 -12.87595 0.0126 0.0126 
1786041642.871 -0.01033813 -0.009652549 -0.007564739 -0.00773813 -0.007564739 -430.3912 -11.65363 0.0126 0.0126 
1786041643.047 -0.01030092 -0.01346638 -0.008690259 -0.0127007 -0.008690259 -428.993 -10.34116 0.0126 0.0126 
1786041643.214 -0.005264204 -0.008437395 -0.007802623 -0.007664204 -0.007802623 -427.8081 -9.081084 0.0126 0.0126 
1786041643.377 -0.01022909 -0.01135021 -0.007680593 -0.01262888 -0.007680593 -426.8035 -7.858308 0.0126 0.0126 
1786041643.538 -0.005193664 -0.01259383 -0.006711805 -0.007593664 -0.006711805 -425.9488 -6.643477 0.0126 0.0126 
1786041643.696 -0.005159236 -0.00782702 -0.006938629 -0.007559236 -0.006938629 -425.2515 -5.458616 0.0126 0.0126 
1786041643.855 -0.005124522 -0.01380163 -0.008099092 -0.007524522 -0.008099092 -424.6864 -4.265989 0.0126 0.0126 
1786041644.021 -0.0100891 -0.01144643 -0.007620246 -0.007488878 -0.007620246 -424.2521 -3.043353 0.0126 0.0126 
1786041644.191 -0.005051661 -0.009200296 -0.007412482 -0.007451661 -0.007412482 -423.9523 -1.761023 0.0126 0.0126 
1786041644.355 -0.005015295 -0.008506612 -0.006524848 -0.007415075 -0.006524848 -423.8152 -0.5158979 0.0126 0.0126 
1786041644.516 -0.005 0.0603 -0.001178981 0.0026 -0.001178981 -423.8076 -1.137215e-08 0.0126 0.0126 
1786041644.676 -1.00045e-13 0.0123 0.006441015 0.0076 0.006441015 -423.8152 -1.137215e-08 0.0126 0.0126 
1786041644.842 0.005 0.0083 0.006441015 0.0026 0.006441015 -423.8152 -1.137215e-08 0.0126 0.0126 
1786041645.002 0.005 0.0083 0.006441015 0.0026 0.006441015 -423.8152 -1.137215e-08 0.0126 0.0126 
1786041645.160 0.005 0.0083 0.006441015 0.0076 0.006441015 -423.8152 -1.137215e-08 0.0126 0.0126 
1786041645.321 0.0100011 0.001577991 0.007841321 0.007601103 0.007841321 -423.8166 0.03789024 -0.0126 0.0126 
1786041645.485 0.0100011 0.01353387 -0.001618936 0.007601104 -0.001618936 -424.2383 0.03789999 -0.0126 0.0126 
1786041645.645 0.0100011 0.009533865 0.00448077 0.0126011 0.00448077 -424.7844 0.03789999 -0.0126 0.0126 
1786041645.803 0.0100011 0.009533865 0.007403817 0.007601104 0.007403817 -425.314 0.03789999 -0.0126 0.0126 
1786041645.966 0.0100011 0.009533865 0.006993531 0.007601104 0.006993531 -425.8436 0.03789999 -0.0126 0.0126 
1786041646.133 0.0100011 0.009533865 0.006586564 0.0126011 0.006586564 -426.3998 0.03789999 -0.0126 0.0126 
1786041646.299 0.0100011 0.009533865 0.01565961 0.007601104 0.01565961 -426.9358 0.03789999 -0.0126 0.0126 
1786041646.461 0.005001104 0.009533865 -0.002020235 0.007601104 -0.002020235 -426.6701 0.03789999 0.0126 0.0126 
1786041646.622 0.0100011 0.009533865 0.002643068 0.007601104 0.002643068 -426.7008 0.03789999 -0.0126 0.0126 
1786041646.784 0.0100011 0.009533865 0.006289718 0.007601104 0.006289718 -426.7313 0.03789999 -0.0126 0.0126 
1786041646.955 0.0100011 0.009533865 0.006563036 0.007601104 0.006563036 -426.7592 0.03789999 -0.0126 0.0126 
1786041647.124 0.005001104 0.009533865 0.006939687 0.007601104 0.006939687 -426.7884 0.03789999 -0.0126 0.0126 
1786041647.287 0.005001104 0.009533865 0.006109673 0.007601104 0.006109673 -426.8151 0.03789999 -0.0126 0.0126 
1786041647.482 0.005001104 0.009533865 0.009036341 0.007601104 0.009036341 -426.837 0.03789999 0.01215 0.0126 
1786041647.675 0.005001104 0.005533865 0.02226361 0.002601104 0.02226361 -425.724 0.03789999 0.0126 0.0126 
1786041647.867 0.005001068 0.01234623 -0.02370634 0.005801048 -0.02316034 -423.8012 0.03603571 0.0126 0.01015 
1786041648.038 0.005 -0.0037 -0.003718979 0.0024 -0.003718979 -423.805 -1.660063e-08 0.0126 -0.0126 
1786041648.210 0.005 -0.0037 9.101872e-05 0.0024 9.101873e-05 -423.8088 -1.660063e-08 0.0126 -0.0126 
1786041648.405 2.118271e-05 -0.05730036 -0.001264304 -0.002378817 -0.001264304 -423.8332 0.7275672 -0.0126 0.0126 
1786041648.576 -0.009940176 -0.01733538 -0.009050846 -0.007340176 -0.009050846 -424.0046 2.05487 -0.0126 0.0126 
1786041648.747 -0.004904182 -0.009225408 -0.008624263 -0.007303964 -0.008624263 -424.3285 3.299923 -0.0126 0.0126 
1786041648.915 -0.009866927 -0.01076083 -0.009091135 -0.007266927 -0.009091135 -424.8149 4.57489 -0.0126 0.0126 
1786041649.076 -0.009831042 -0.01224881 -0.008483954 -0.007231042 -0.008483954 -425.4384 5.812407 -0.0126 0.0126 
1786041649.240 -0.00979632 -0.01171095 -0.009567015 -0.01219632 -0.009567015 -426.1827 7.012521 -0.0126 0.0126 
1786041649.403 -0.004760823 -0.00722651 -0.009410089 -0.007160823 -0.009410089 -427.0907 8.24255 -0.0126 0.0126 
1786041649.575 -0.009724143 -0.01251283 -0.009164109 -0.007124143 -0.009164109 -428.1854 9.517348 -0.0126 0.0126 
1786041649.750 -0.009686527 -0.008551209 -0.009329697 -0.007086313 -0.009549196 -429.4821 10.83748 -0.0126 0.0126 
1786041649.911 -0.009651212 -0.009365215 -0.008776657 -0.007051212 -0.008776657 -430.841 12.06734 -0.0126 0.0126 
1786041650.071 -0.009616909 -0.01274022 -0.009809646 -0.007016909 -0.009809646 -432.3129 13.27489 -0.0126 0.0126 
1786041650.312 -0.004574324 -0.005841337 -0.008685886 -0.001974324 -0.008685886 -434.3462 14.78992 -0.0126 0.0126 
1786041650.542 -0.009521981 -0.006517988 -0.009905957 -0.006921981 -0.009905957 -437.1694 16.65749 -0.0126 0.0126 
1786041650.715 -0.004482588 -0.006179895 -0.009692686 -0.006882588 -0.009692686 -439.51 18.06767 -0.0126 0.0126 
1786041650.887 -0.009446394 -0.01070774 -0.009499623 -0.006846394 -0.009499623 -441.8532 19.37994 -0.0126 0.0126 
1786041651.052 -0.004428359 0.06498702 0.008417111 -0.001828359 0.008417111 -443.1727 20.0379 -0.0126 0.0126 
1786041651.217 0.005571641 0.01698702 0.008326814 0.008171641 0.008326814 -443.7226 20.0379 -0.0126 0.0126 
1786041651.385 0.01057164 0.01298702 0.009189846 0.01317164 0.008396512 -444.2827 20.0379 -0.0126 0.0126 
1786041651.549 0.01057164 0.01698702 0.008782879 0.01317164 0.008782879 -444.8364 20.0379 -0.0126 0.0126 
1786041651.709 0.01557164 0.01698702 0.008372593 0.01317164 0.008372593 -445.366 20.0379 -0.0126 0.0126 
1786041651.870 0.01057164 0.01298702 0.008915636 0.008171641 0.008915636 -445.9032 20.0379 -0.0126 0.0126 
1786041652.031 0.01057164 0.01298702 0.02418212 0.008171641 0.02418212 -446.2461 20.0379 0.00145 0.0126 
1786041652.198 0.01057164 0.01298702 0.004072257 0.008171641 0.004072257 -445.9883 20.0379 -0.0126 0.0126 
1786041652.368 0.01057164 0.01298702 0.009092239 0.008171641 0.008925573 -446.0213 20.0379 -0.0126 0.0126 
1786041652.536 0.01057164 0.01298702 0.009032224 0.01317164 0.009032224 -446.0493 20.0379 -0.0126 0.0126 
1786041652.718 0.01057164 0.01298702 0.008908875 0.01317164 0.008908875 -446.0785 20.0379 -0.0126 0.0126 
1786041652.918 0.01057164 0.01298702 0.008865523 0.008171641 0.008865523 -446.1128 20.0379 -0.0126 0.0126 
1786041653.099 0.01057164 0.01298702 0.02995045 0.008171641 0.02995045 -445.2515 20.0379 0.0126 0.0126 
1786041653.286 0.005558079 0.06314548 0.003482171 0.002958079 0.003482171 -442.2606 19.54271 0.0126 -0.0126 
1786041653.474 -0.004480363 0.008484915 -0.0101391 -0.00708057 -0.0101391 -439.6356 18.1405 0.0126 -0.0126 
1786041653.676 -0.009523714 -0.003598684 -0.009125374 -0.01212371 -0.009125374 -437.06 16.58787 0.0126 -0.0126 
1786041653.865 -0.009561095 -0.008435868 -0.008541835 -0.007161095 -0.00900183 -435.0128 15.24546 0.0126 -0.0126 
1786041654.036 -0.009599773 -0.005331322 -0.00790503 -0.007199773 -0.00790503 -433.1052 13.88041 0.0126 -0.0126 
1786041654.214 -0.004637616 -0.005944465 -0.007738994 -0.007237616 -0.007738994 -431.4085 12.5455 0.0126 -0.0126 
1786041654.409 -0.009678012 -0.005958579 -0.007109726 -0.007278226 -0.007109726 -429.7842 11.11304 0.0126 -0.0126 
1786041654.582 -0.004717098 -0.005937535 -0.008026876 -0.0123171 -0.008026876 -428.4151 9.763008 0.0126 -0.0126 
1786041654.744 -0.004751809 -0.003389463 -0.007381265 -0.007352025 -0.007381265 -427.3407 8.547943 0.0126 -0.0126 
1786041654.906 -0.009786847 -0.007545301 -0.007450818 -0.007387064 -0.007450818 -426.4072 7.333048 0.0126 -0.0126 
1786041655.097 -0.009824587 -0.003722871 -0.007775438 -0.007425021 -0.007208244 -425.5589 6.012946 0.0126 -0.0126 
1786041655.264 -0.009864376 -0.005994994 -0.006745269 -0.007464376 -0.006745269 -424.8566 4.663018 0.0126 -0.0126 
1786041655.464 -0.004906859 -0.0002296524 -0.006845133 -0.007507078 -0.006845133 -424.2965 3.19295 0.0126 -0.0126 
1786041655.635 -0.00494482 -0.008623907 -0.007762822 -0.007545038 -0.007762822 -423.9739 1.887799 0.0126 -0.0126 
1786041655.809 -0.009982591 -0.004628593 -0.007098407 -0.007582809 -0.006665905 -423.819 0.5904523 0.0126 -0.0126 
1786041655.995 -0.005 -0.0437 -0.00244898 -0.0026 -0.00244898 -423.8063 -1.137215e-08 0.0126 -0.0126 
1786041656.164 0.01 0.0003 0.008981014 0.0124 0.008981014 -423.8177 -1.137215e-08 0.0126 -0.0126 
1786041656.354 0.01 0.0083 0.01025101 0.0124 0.01025101 -423.819 -1.137215e-08 0.0126 -0.0126 
1786041656.556 -2.795189e-05 0.02671785 0.001285999 0.002372048 0.001285999 -423.8547 -0.9600033 -0.0126 -0.0126 
1786041656.742 -0.005072044 0.007772442 -0.007379552 -0.007672044 -0.007379552 -424.0986 -2.47491 -0.0126 -0.0126 
1786041656.954 -0.010115 0.0007754205 -0.008593241 -0.007715215 -0.008593241 -424.5609 -3.959763 -0.0126 -0.0126 
1786041657.138 -0.005157874 -0.004043599 -0.008408031 -0.007757874 -0.008408031 -425.2302 -5.42987 -0.0126 -0.0126 
1786041657.311 -0.005195875 -0.006383817 -0.00883697 -0.007795875 -0.00883697 -426.0036 -6.742438 -0.0126 -0.0126 
1786041657.499 -0.005235503 -0.004713201 -0.008410743 -0.007835719 -0.008410743 -426.9967 -8.122444 -0.0126 -0.0126 
1786041657.708 -0.00527758 -0.009842268 -0.008627838 -0.00787758 -0.008627838 -428.2413 -9.577388 -0.0126 -0.0126 
1786041657.889 -0.005321191 -0.004761933 -0.00790893 -0.007921191 -0.00790893 -429.7615 -11.09992 -0.0126 -0.0126 
1786041658.106 -0.005361165 -0.01035053 -0.009145255 -0.007961165 -0.009145255 -431.3554 -12.50243 -0.0126 -0.0126 
1786041658.344 -0.005411301 -0.001780141 -0.009129239 -0.003012359 -0.009129239 -433.6858 -14.31014 -0.0126 -0.0126 
1786041658.545 -0.005456215 -0.008440571 -0.008175241 -0.008057265 -0.008175241 -436.0023 -15.90771 -0.0126 -0.0126 
1786041658.778 -0.005507645 -0.002712074 -0.009449469 -0.008107645 -0.009449469 -438.908 -17.71473 -0.0126 -0.0126 
1786041658.986 -0.01055031 -0.006445063 -0.009696394 -0.008150309 -0.009486701 -441.6462 -19.26757 -0.0126 -0.0126 
1786041659.171 -0.005569567 -0.04849778 0.009086353 -0.003169567 0.009086353 -443.0825 -19.9621 -0.0126 -0.0126 
1786041659.365 0.009430433 0.007502218 0.01011602 0.01183043 0.01011602 -443.7036 -19.9621 -0.0126 -0.0126 
1786041659.545 0.01443043 0.01550222 0.01051234 0.01183043 0.01051234 -444.3373 -19.9621 -0.0126 -0.0126 
1786041659.730 0.009430433 0.01150222 0.01027201 0.01183043 0.01027201 -444.9571 -19.9621 -0.0126 -0.0126 
1786041659.898 0.01443043 0.01550222 0.009708365 0.01183043 0.009708365 -445.5298 -19.9621 -0.0126 -0.0126 
1786041660.079 0.01443043 0.01150222 0.01352473 0.01183043 0.01352473 -446.0886 -19.9621 -0.0126 -0.0126 
1786041660.253 0.01443043 0.01150222 0.004703193 0.01183043 0.004703193 -445.8737 -19.9621 0.0124 -0.0126 
1786041660.425 0.01443043 0.01150222 0.009901494 0.01183043 0.009901494 -445.9083 -19.9621 -0.0126 -0.0126 
1786041660.604 0.009430433 0.01150222 0.009508146 0.01183043 0.009508146 -445.9362 -19.9621 -0.0126 -0.0126 
1786041660.789 0.009430433 0.01150222 0.009424795 0.01183043 0.009424795 -445.968 -19.9621 -0.0126 -0.0126 
1786041660.962 0.009430433 0.01150222 0.009468113 0.01183043 0.009468113 -445.9972 -19.9621 -0.0126 -0.0126 
1786041661.141 0.009430433 0.01150222 0.008701453 0.01183043 0.008701453 -446.0097 -19.9621 0.0126 -0.0126 
1786041661.341 0.009430433 0.01150222 0.0223488 0.01183043 0.0223488 -444.7511 -19.9621 0.0126 -0.0126 
1786041661.526 -0.000548992 -0.05395029 -0.01374161 -0.002948992 -0.01374161 -441.5444 -19.20447 0.0126 0.0126 
1786041661.697 -0.01051276 -0.01731426 -0.0111751 -0.01291276 -0.0111751 -439.2203 -17.89944 0.0126 0.0126 
1786041661.856 -0.01047919 -0.01659995 -0.008690319 -0.007879193 -0.008690319 -437.2264 -16.69209 0.0126 0.0126 
1786041662.021 -0.01044478 -0.0131221 -0.008356828 -0.01284457 -0.008356828 -435.3214 -15.45469 0.0126 0.0126 
1786041662.188 -0.01040974 -0.01008156 -0.008884952 -0.01280931 -0.008884952 -433.5383 -14.20221 0.0126 0.0126 
1786041662.352 -0.01037471 -0.0184819 -0.009025519 -0.007774715 -0.009025519 -431.9406 -12.97958 0.0126 0.0126 
1786041662.517 -0.01033994 -0.01102834 -0.008665027 -0.01273973 -0.008665027 -430.4763 -11.74966 0.0126 0.0126 
1786041662.676 -0.01030502 -0.0171308 -0.008554231 -0.01270502 -0.008554231 -429.1708 -10.5346 0.0126 0.0126 
1786041662.835 -0.01027103 -0.0119704 -0.008725491 -0.01267103 -0.008725491 -428.0328 -9.349482 0.0126 0.0126 
1786041663.002 -0.01023564 -0.0126787 -0.007602517 -0.01263564 -0.007602517 -426.9953 -8.119649 0.0126 0.0126 
1786041663.174 -0.00519926 -0.01176002 -0.007414237 -0.00759926 -0.007414237 -426.0821 -6.859385 0.0126 0.0126 
1786041663.335 -0.01016279 -0.00924485 -0.007808859 -0.01256279 -0.007808859 -425.3214 -5.59962 0.0126 0.0126 
1786041663.504 -0.01012667 -0.01458805 -0.007856933 -0.01252667 -0.007856933 -424.7181 -4.34725 0.0126 0.0126 
1786041663.681 -0.01008854 -0.0101882 -0.008228015 -0.01248854 -0.008228015 -424.2495 -3.042091 0.0126 0.0126 
1786041663.847 -0.01005166 -0.0125282 -0.00792935 -0.007451446 -0.00792935 -423.9523 -1.767162 0.0126 0.0126 
1786041664.006 -0.01001629 -0.01175113 -0.006217005 -0.007416294 -0.006217005 -423.8177 -0.5595332 0.0126 0.0126 
1786041664.170 -0.005 0.0563 -0.003718979 -0.0024 -0.003718979 -423.805 -1.137215e-08 0.0126 0.0126 
1786041664.344 -0.005 0.0083 9.101872e-05 -0.0024 9.101873e-05 -423.8088 -1.137215e-08 0.0126 0.0126 
1786041664.528 -1.00045e-13 0.0043 0.005171016 -0.0024 0.005171016 -423.8139 -1.137215e-08 0.0126 0.0126 
1786041664.701 -1.00045e-13 0.0083 0.005171016 -0.0024 0.005171016 -423.8139 -1.137215e-08 0.0126 0.0126 
1786041664.866 -1.00045e-13 0.0043 0.005171016 -0.0024 0.005171016 -423.8139 -1.137215e-08 0.0126 0.0126 
1786041665.031 -1.00045e-13 0.0083 0.006441015 -0.0024 0.006441015 -423.8152 -1.137215e-08 0.0126 0.0126 
1786041665.193 -1.00045e-13 0.0083 0.006441015 -0.0024 0.006441015 -423.8152 -1.137215e-08 0.0126 0.0126 
1786041665.380 0.009997672 -0.01899997 -0.0003057424 -0.002602328 -0.0003057424 -423.8268 -0.07990001 -0.0126 -0.0126 
1786041665.543 0.01499767 0.01700003 0.005780612 0.01739767 0.005780612 -424.4059 -0.07990001 -0.0126 -0.0126 
1786041665.704 0.01499767 0.02100003 0.01013365 0.01739767 0.01061032 -424.9508 -0.07990001 -0.0126 -0.0126 
1786041665.869 0.01499767 0.02100003 0.01036003 0.01739767 0.01036003 -425.4905 -0.07990001 -0.0126 -0.0126 
1786041666.034 0.01999767 0.02100003 0.01074639 0.01739767 0.01074639 -426.0442 -0.07990001 -0.0126 -0.0126 
1786041666.219 0.01999767 0.02100003 0.01002608 0.01239767 0.01002608 -426.6335 -0.07990001 -0.0126 -0.0126 
1786041666.393 0.01499767 0.02100003 0.02285261 0.01739767 0.02285261 -426.8975 -0.07990001 0.0126 -0.0126 
1786041666.566 0.01499767 0.01700003 0.008046037 0.01739767 0.008046037 -426.7046 -0.07990001 -0.0126 -0.0126 
1786041666.737 0.01499767 0.01700003 0.009859354 0.01239767 0.009859354 -426.7351 -0.07990001 -0.0126 -0.0126 
1786041666.897 0.01499767 0.01700003 0.009529339 0.01739767 0.009529339 -426.7618 -0.07990001 -0.0126 -0.0126 
1786041667.057 0.01499767 0.01700003 0.009699325 0.01739767 0.009699325 -426.7884 -0.07990001 -0.0126 -0.0126 
1786041667.216 0.01499767 0.01700003 0.009177668 0.01239767 0.009177668 -426.7959 -0.07990001 0.0126 -0.0126 
1786041667.385 0.01499767 0.01700003 0.02949317 0.01739767 0.02949317 -425.865 -0.07990001 0.0126 -0.0126 
1786041667.552 0.01499767 0.01700003 -0.0157007 0.01239767 -0.0157007 -423.9117 -0.07990001 0.0126 -0.0126 
1786041667.729 -0.005 0.0043 -0.01006898 -0.0074 -0.01006898 -423.7987 -1.660063e-08 0.0126 0.0126 
1786041667.899 -0.01 -0.0117 -0.007528977 -0.0124 -0.007528977 -423.8012 -1.660063e-08 0.0126 0.0126 
1786041668.075 -0.01 -0.0117 -0.007528977 -0.0124 -0.007528977 -423.8012 -1.660063e-08 0.0126 0.0126 
1786041668.238 -0.01 -0.0117 -0.007528977 -0.0124 -0.007528977 -423.8012 -1.660063e-08 0.0126 0.0126 
1786041668.405 -0.009975959 -0.05525152 -0.009907287 -0.01237596 -0.009907287 -423.8319 0.8249579 -0.0126 0.0126 
1786041668.570 -0.009940344 -0.02106452 -0.01026613 -0.01234034 -0.01026613 -424.0021 2.047528 -0.0126 0.0126 
1786041668.732 -0.01490498 -0.01601584 -0.009814787 -0.01230498 -0.009814787 -424.3158 3.262401 -0.0126 0.0126 
1786041668.898 -0.01486834 -0.0124913 -0.009616806 -0.01226834 -0.009616806 -424.792 4.522541 -0.0126 0.0126 
1786041669.066 -0.01483199 -0.01527628 -0.009088956 -0.01223199 -0.009088956 -425.4181 5.774796 -0.0126 0.0126 
1786041669.230 -0.01479637 -0.01586837 -0.01026737 -0.01219615 -0.01026737 -426.1839 7.012347 -0.0126 0.0126 
1786041669.400 -0.01475998 -0.008919686 -0.009788452 -0.01215998 -0.009788452 -427.111 8.26504 -0.0126 0.0126 
1786041669.576 -0.009721544 -0.01001929 -0.01091331 -0.01212133 -0.01091331 -428.2705 9.60737 -0.0126 0.0126 
1786041669.748 -0.00968498 -0.01202044 -0.0103775 -0.01208498 -0.0103775 -429.5342 10.88282 -0.0126 0.0126 
1786041669.913 -0.014649 -0.01576977 -0.00953596 -0.012049 -0.00953596 -430.9248 12.135 -0.0126 0.0126 
1786041670.085 -0.009612977 -0.01231303 -0.01117296 -0.01201276 -0.01117296 -432.492 13.40993 -0.0126 0.0126 
1786041670.263 -0.009574606 -0.01595813 -0.01087573 -0.006974606 -0.01087573 -434.3208 14.76766 -0.0126 0.0126 
1786041670.422 -0.009540675 -0.01225984 -0.009628905 -0.006940675 -0.009628905 -436.1026 15.9676 -0.0126 0.0126 
1786041670.582 -0.009507366 -0.009834175 -0.01068588 -0.006907366 -0.01068588 -437.9937 17.15988 -0.0126 0.0126 
1786041670.749 -0.009473233 -0.01234049 -0.01059017 -0.01187303 -0.01059017 -440.0968 18.39752 -0.0126 0.0126 
1786041670.911 -0.009438931 -0.0118986 -0.01067659 -0.01183893 -0.01067659 -442.3409 19.63489 -0.0126 0.0126 
1786041671.070 -0.004431113 0.03891784 0.007432285 -0.001831113 0.007432285 -443.1003 19.9201 -0.0126 0.0126 
1786041671.247 0.005568887 0.01091784 0.006708648 0.003168887 0.006708648 -443.6629 19.9201 -0.0126 0.0126 
1786041671.460 0.01056889 0.01091784 0.007424961 0.008168887 0.007424961 -444.3208 19.9201 -0.0126 0.0126 
1786041671.642 0.005568887 0.01091784 0.007667929 0.008168887 0.007667929 -444.9939 19.9201 -0.0126 0.0126 
1786041671.834 0.01056889 0.01491784 0.008380924 0.01316889 0.008380924 -445.6213 19.9201 -0.0126 0.0126 
1786041672.003 0.01056889 0.01491784 0.02313404 0.008168887 0.02313404 -446.031 19.9201 -0.0028 0.0126 
1786041672.174 0.01056889 0.01491784 0.004150834 0.01316889 0.004150834 -445.7876 19.9201 -0.0126 0.0126 
1786041672.348 0.01056889 0.01091784 0.008940815 0.008168887 0.008940815 -445.8219 19.9201 -0.0126 0.0126 
1786041672.520 0.01056889 0.01491784 0.0091508 0.008168887 0.0091508 -445.8511 19.9201 -0.0126 0.0126 
1786041672.689 0.01056889 0.01091784 0.009090785 0.008168887 0.009090785 -445.8791 19.9201 -0.0126 0.0126 
1786041672.856 0.01056889 0.01091784 0.00776077 0.008168887 0.00776077 -445.9057 19.9201 -0.0126 0.0126 
1786041673.026 0.005568887 0.01091784 0.008980756 0.01316889 0.008980756 -445.9324 19.9201 -0.0126 0.0126 
1786041673.214 0.005568887 0.01091784 0.02900438 0.008168887 0.02900438 -445.4268 19.9201 0.0126 0.0126 
1786041673.389 0.00556395 0.1418636 0.03170538 0.00796395 0.03170538 -442.9376 19.74 0.0126 -0.0126 
1786041673.552 -0.009471157 0.0107175 -0.01163564 -0.01207116 -0.01163564 -440.2147 18.46507 0.0126 -0.0126 
1786041673.717 -0.009505693 -0.001391114 -0.01068451 -0.007105693 -0.01068451 -438.0925 17.22006 0.0126 -0.0126 
1786041673.878 -0.009539202 -0.009683987 -0.009125718 -0.01213941 -0.009125718 -436.1723 16.01271 0.0126 -0.0126 
1786041674.042 -0.009573124 -0.007019637 -0.009591434 -0.01217312 -0.009591434 -434.3968 14.81254 0.0126 -0.0126 
1786041674.232 -0.009612123 -0.01066283 -0.008818869 -0.007212123 -0.008818869 -432.5236 13.43257 0.0126 -0.0126 
1786041674.401 -0.009650066 -0.003432887 -0.008098648 -0.007250279 -0.008098648 -430.8738 12.09024 0.0126 -0.0126 
1786041674.563 -0.009684334 -0.01154183 -0.008933337 -0.007284334 -0.008933337 -429.5505 10.89757 0.0126 -0.0126 
1786041674.733 -0.009721541 -0.009410267 -0.00932202 -0.01232154 -0.00932202 -428.2653 9.600203 0.0126 -0.0126 
1786041674.919 -0.009758243 -0.007919357 -0.00871689 -0.007358243 -0.007755661 -427.1553 8.317716 0.0126 -0.0126 
1786041675.092 -0.009798752 -0.009767443 -0.008241912 -0.007398969 -0.008241912 -426.1202 6.915007 0.0126 -0.0126 
1786041675.261 -0.004835467 -0.007264846 -0.007605595 -0.007435467 -0.007605595 -425.3531 5.655006 0.0126 -0.0126 
1786041675.445 -0.009874659 -0.01009534 -0.008137339 -0.01247466 -0.008137339 -424.7004 4.305203 0.0126 -0.0126 
1786041675.615 -0.009912393 -0.003440928 -0.007356635 -0.007512393 -0.007356635 -424.2406 3.007624 0.0126 -0.0126 
1786041675.792 -0.009950827 -0.01103301 -0.007416952 -0.007550827 -0.007416952 -423.9396 1.687611 0.0126 -0.0126 
1786041675.961 -0.004988632 -0.006866432 -0.007301146 -0.007588632 -0.007301146 -423.8088 0.3902592 0.0126 -0.0126 
1786041676.130 -1.00045e-13 -0.0317 9.101872e-05 0.0024 9.101873e-05 -423.8088 -1.660063e-08 0.0126 -0.0126 
1786041676.299 0.01499968 0.0445488 0.006875267 0.01739968 0.006875267 -423.8155 -0.01272679 0.00135 -0.0126 
1786041676.464 -3.409375e-05 0.01572735 -0.001425071 -0.002634094 -0.001425071 -423.8738 -1.170009 -0.0126 -0.0126 
1786041676.635 -0.005070794 0.004919463 -0.008337922 -0.01267079 -0.008337922 -424.0872 -2.429913 -0.0126 -0.0126 
1786041676.807 -0.005108114 -0.007459616 -0.008499373 -0.007708114 -0.008499373 -424.4694 -3.712408 -0.0126 -0.0126 
1786041676.972 -0.01014451 -0.006938806 -0.008626364 -0.007744727 -0.008626364 -425.0003 -4.97245 -0.0126 -0.0126 
1786041677.149 -0.01018236 -0.008311748 -0.008582806 -0.007782356 -0.008582806 -425.7077 -6.270017 -0.0126 -0.0126 
1786041677.320 -0.005220108 -0.0101654 -0.008949877 -0.007820108 -0.008949877 -426.5827 -7.574811 -0.0126 -0.0126 
1786041677.511 -0.005259042 -0.01038627 -0.008857122 -0.007859042 -0.008857122 -427.6609 -8.924921 -0.0126 -0.0126 
1786041677.708 -0.01030127 -0.00396555 -0.008745669 -0.007901487 -0.008745669 -429.0414 -10.40237 -0.0126 -0.0126 
1786041677.912 -0.01034523 -0.005918689 -0.009508466 -0.007945228 -0.009508466 -430.6899 -11.93251 -0.0126 -0.0126 
1786041678.077 -0.01038298 -0.007433875 -0.009118149 -0.007982982 -0.009118149 -432.3015 -13.26018 -0.0126 -0.0126 
1786041678.242 -0.005418204 -0.00866452 -0.009215923 -0.008018204 -0.009215923 -433.9639 -14.50515 -0.0126 -0.0126 
1786041678.413 -0.005453648 -0.007257733 -0.008840025 -0.008053648 -0.008840025 -435.7953 -15.76511 -0.0126 -0.0126 
1786041678.595 -0.01049138 -0.004902542 -0.009274749 -0.008091381 -0.009274749 -437.9213 -17.11493 -0.0126 -0.0126 
1786041678.779 -0.005529462 -0.00787185 -0.009574887 -0.008129669 -0.009574887 -440.2695 -18.4948 -0.0126 -0.0126 
1786041678.951 -0.005565595 -0.007004312 -0.009359458 -0.008165595 -0.009359458 -442.652 -19.80021 -0.0126 -0.0126 
1786041679.113 0.004426737 -0.02255517 0.009946042 0.006826737 0.01042271 -443.4242 -20.0799 -0.0126 -0.0126 
1786041679.275 0.009426737 0.005444835 0.00969575 0.01182674 0.00969575 -443.9601 -20.0799 -0.0126 -0.0126 
1786041679.442 0.01442674 0.009444835 0.009128789 0.01182674 0.009128789 -444.5062 -20.0799 -0.0126 -0.0126 
1786041679.613 0.009426737 0.009444835 0.009198486 0.006826737 0.009675151 -445.0701 -20.0799 -0.0126 -0.0126 
1786041679.782 0.009426737 0.009444835 0.008951514 0.01182674 0.008951514 -445.6327 -20.0799 -0.0126 -0.0126 
1786041679.972 0.009426737 0.009444835 0.007917844 0.006826737 0.007917844 -446.255 -20.0799 -0.0126 -0.0126 
1786041680.151 0.009426737 0.005444835 5.12771e-05 0.006826737 5.12771e-05 -446.096 -20.0799 0.0126 -0.0126 
1786041680.336 0.009426737 0.005444835 0.006857912 0.006826737 0.006857912 -446.1305 -20.0799 -0.0126 -0.0126 
1786041680.534 0.004426737 0.005444835 0.006837895 0.006826737 0.006837895 -446.161 -20.0799 -0.0126 -0.0126 
1786041680.709 0.004426737 0.001444835 0.006421211 0.006826737 0.006421211 -446.1928 -20.0799 -0.0126 -0.0126 
1786041680.869 0.004426737 0.001444835 0.006257864 0.006826737 0.006257864 -446.2194 -20.0799 -0.0126 -0.0126 
1786041681.027 0.004426737 0.001444835 0.006427849 0.006826737 0.006427849 -446.2461 -20.0799 -0.0126 -0.0126 
1786041681.195 0.004426737 -0.002555165 0.01270454 0.001826737 0.01270454 -446.223 -20.0799 0.0126 -0.0126 
1786041681.358 0.004426737 -0.006555165 0.01367872 0.001826737 0.01367872 -444.6584 -20.0799 0.0126 -0.0126 
1786041681.559 -0.0005485596 -0.0405256 -0.01503872 0.00205144 -0.01503872 -441.4948 -19.17978 0.0126 0.0126 
1786041681.752 -0.01050667 -0.012221 -0.008528759 -0.007906673 -0.008528759 -438.8367 -17.66505 0.0126 0.0126 
1786041681.929 -0.01046947 -0.01383621 -0.008879527 -0.00786905 -0.008879527 -436.6409 -16.31487 0.0126 0.0126 
1786041682.107 -0.01043243 -0.01156412 -0.008302871 -0.007832221 -0.008302871 -434.6699 -15.00241 0.0126 0.0126 
1786041682.282 -0.01039495 -0.01316495 -0.008347744 -0.007794953 -0.008347744 -432.85 -13.6826 0.0126 0.0126 
1786041682.467 -0.01035491 -0.01218309 -0.007560351 -0.007754914 -0.007560351 -431.0885 -12.27253 0.0126 0.0126 
1786041682.644 -0.005318093 -0.01344232 -0.008005052 -0.007717878 -0.008005052 -429.633 -10.97495 0.0126 0.0126 
1786041682.820 -0.0102796 -0.01158951 -0.008240096 -0.007679602 -0.008240096 -428.3034 -9.639932 0.0126 0.0126 
1786041683.007 -0.01024139 -0.009421444 -0.00738025 -0.007641391 -0.00738025 -427.1464 -8.297336 0.0126 0.0126 
1786041683.204 -0.005198276 -0.01203178 -0.007508775 -0.002597625 -0.007508775 -426.0428 -6.79733 0.0126 0.0126 
1786041683.377 -0.005159379 -0.006050237 -0.00675156 -0.002559162 -0.00675156 -425.2541 -5.469959 0.0126 0.0126 
1786041683.547 -0.01012214 -0.01295916 -0.007133534 -0.007522139 -0.007133534 -424.6559 -4.194866 0.0126 0.0126 
1786041683.714 -0.005085055 -0.00510762 -0.006665537 -0.002484837 -0.006665537 -424.214 -2.912382 0.0126 0.0126 
1786041683.908 -0.005044433 -0.009551776 -0.00743402 -0.007444433 -0.00743402 -423.9142 -1.517287 0.0126 0.0126 
1786041684.119 -0.005000817 0.1056918 -0.00628374 -0.007400657 -0.00628374 -423.8025 -0.0225196 0.0126 0.0126 
1786041684.312 0.01 0.0243 0.006441015 0.0126 0.006441015 -423.8152 1.477024e-08 0.0126 0.0126 
1786041684.507 0.015 0.0163 0.01025101 0.0176 0.01025101 -423.819 1.477024e-08 0.0126 0.0126 
1786041684.692 0.01 0.0163 0.01025101 0.0126 0.01025101 -423.819 1.477024e-08 0.0126 0.0126 
1786041684.871 0.01 0.0163 0.01025101 0.0126 0.01025101 -423.819 1.477024e-08 0.0126 0.0126 
1786041685.033 0.01 0.0163 0.01025101 0.0126 0.01025101 -423.819 1.477024e-08 0.0126 0.0126 
1786041685.196 0.01 0.0163 0.008981014 0.0126 0.008981014 -423.8177 1.477024e-08 0.0126 0.0126 
1786041685.367 0.01000367 -0.1204293 0.008409367 0.01260385 0.008332623 -423.8179 0.1322312 -0.0126 0.0126 
1786041685.544 0.01500752 0.02025201 -0.001150743 0.01260752 -0.001150743 -424.1253 0.2584 -0.0126 0.0126 
1786041685.735 0.01500752 0.01625201 0.008292252 0.01760752 0.008292252 -424.7552 0.2584 -0.0126 0.0126 
1786041685.907 0.01500752 0.01625201 0.009638587 0.01760752 0.009638587 -425.366 0.2584 -0.0126 0.0126 
1786041686.085 0.01500752 0.01625201 0.01002827 0.01760752 0.01002827 -425.9464 0.2584 -0.0126 0.0126 
1786041686.260 0.01500752 0.01625201 0.01057795 0.01760752 0.01057795 -426.537 0.2584 -0.0126 0.0126 
1786041686.429 0.01500752 0.01625201 0.02232774 0.01760752 0.02232774 -426.9411 0.2584 -0.00655 0.0126 
1786041686.604 0.01500752 0.01625201 0.008631208 0.01760752 0.008631208 -426.6843 0.2584 -0.0126 0.0126 
1786041686.780 0.01500752 0.02025201 0.01038119 0.01260752 0.01038119 -426.7161 0.2584 -0.0126 0.0126 
1786041686.944 0.01500752 0.01625201 0.01032118 0.01760752 0.01032118 -426.744 0.2584 -0.0126 0.0126 
1786041687.102 0.01500752 0.02025201 0.01192783 0.01760752 0.01192783 -426.7719 0.2584 -0.0126 0.0126 
1786041687.263 0.01500752 0.02025201 0.01226448 0.01760752 0.01226448 -426.7986 0.2584 -0.0126 0.0126 
1786041687.439 0.02000752 0.02425201 0.0128078 0.02260752 0.0128078 -426.8278 0.2584 -0.0126 0.0126 
1786041687.601 0.02000752 0.02425201 0.03320143 0.02260752 0.03320143 -426.2917 0.2584 0.0126 0.0126 
1786041687.792 0.02000752 0.02425201 -0.004879208 0.02260752 -0.004879208 -424.0806 0.2584 0.0126 0.0126 
1786041687.966 0.005 -0.0237 -0.006258978 0.0074 -0.006258978 -423.8025 -1.660063e-08 0.0126 -0.0126 
1786041688.144 0.01 0.0003 0.003901017 0.0074 0.003901017 -423.8126 -1.660063e-08 0.0126 -0.0126 
1786041688.303 0.005 0.0043 0.006441015 0.0074 0.006441015 -423.8152 -1.660063e-08 0.0126 -0.0126 
1786041688.469 -0.009974467 -0.05219814 -0.007843079 -0.01237447 -0.007843079 -423.8382 0.8775033 -0.0126 0.0126 
1786041688.629 -0.01493934 -0.02048876 -0.01239917 -0.01733934 -0.01239917 -424.0071 2.084981 -0.0126 0.0126 
1786041688.796 -0.01490316 -0.01969176 -0.0128401 -0.01730316 -0.0128401 -424.3335 3.329831 -0.0126 0.0126 
1786041688.962 -0.0148668 -0.01971002 -0.01302545 -0.0172668 -0.01302545 -424.8136 4.582397 -0.0126 0.0126 
1786041689.123 -0.0148318 -0.01877093 -0.0112849 -0.0172318 -0.0112849 -425.4219 5.790075 -0.0126 0.0126 
1786041689.285 -0.01479645 -0.01830487 -0.01182033 -0.01719645 -0.01182033 -426.1788 7.01242 -0.0126 0.0126 
1786041689.452 -0.01476055 -0.01589217 -0.01160231 -0.01716055 -0.01160231 -427.0983 8.257646 -0.0126 0.0126 
1786041689.647 -0.01471894 -0.01750414 -0.01263901 -0.01711894 -0.01263901 -428.3531 9.704873 -0.0126 0.0126 
1786041689.830 -0.01468009 -0.01405434 -0.0122202 -0.01208009 -0.0122202 -429.7133 11.06995 -0.0126 0.0126 
1786041689.999 -0.01464333 -0.01791025 -0.01150159 -0.01704333 -0.01150159 -431.1687 12.35248 -0.0126 0.0126 
1786041690.186 -0.01460591 -0.01724775 -0.01223786 -0.01200591 -0.01223786 -432.8197 13.67251 -0.0126 0.0126 
1786041690.361 -0.01456764 -0.01818681 -0.01210462 -0.01696743 -0.01210462 -434.7005 15.03748 -0.0126 0.0126 
1786041690.547 -0.01452773 -0.01209398 -0.01247905 -0.01192773 -0.01247905 -436.838 16.45504 -0.0126 0.0126 
1786041690.720 -0.01449165 -0.01186928 -0.01226088 -0.01189165 -0.01226088 -438.9588 17.75237 -0.0126 0.0126 
1786041690.896 -0.009454792 -0.01882715 -0.01212105 -0.01185479 -0.01212105 -441.3033 19.08741 -0.0126 0.0126 
1786041691.086 -0.009422709 0.1378577 0.03752537 -0.01182271 0.03752537 -443.5435 20.25842 -0.0126 0.0126 
1786041691.268 0.01557729 0.02585679 0.01092478 0.01817729 0.01092478 -443.988 20.2584 -0.0126 0.0126 
1786041691.457 0.02057729 0.02985679 0.0127511 0.02317729 0.0127511 -444.6332 20.2584 -0.0126 0.0126 
1786041691.634 0.02557729 0.02985679 0.01393744 0.02317729 0.01393744 -445.2377 20.2584 -0.0126 0.0126 
1786041691.830 0.02557729 0.03385679 0.0138571 0.02817729 0.0138571 -445.8676 20.2584 -0.0126 0.0126 
1786041692.001 0.02557729 0.02985679 0.01377344 0.02817729 0.01377344 -446.4709 20.2584 -0.0126 0.0126 
1786041692.168 0.02057729 0.02585679 0.02118007 0.02317729 0.02118007 -446.5494 20.2584 0.0126 0.0126 
1786041692.334 0.01557729 0.02185679 0.01016013 0.01817729 0.01016013 -446.4277 20.2584 -0.0126 0.0126 
1786041692.523 0.01557729 0.01785679 0.01047344 0.01317729 0.01047344 -446.4582 20.2584 -0.0126 0.0126 
1786041692.703 0.01557729 0.01385679 0.009453427 0.01817729 0.009453427 -446.4887 20.2584 -0.0126 0.0126 
1786041692.875 0.01057729 0.01385679 0.007456746 0.01317729 0.007456746 -446.5153 20.2584 -0.0126 0.0126 
1786041693.050 0.01057729 0.009856794 0.007333397 0.008177291 0.007333397 -446.5446 20.2584 -0.0126 0.0126 
1786041693.233 0.005577291 0.005856794 0.01707011 0.008177291 0.01707011 -446.4885 20.2584 0.0126 0.0126 
1786041693.409 0.005577291 0.005856794 0.009941142 0.003177291 0.009941142 -444.572 20.2584 0.0126 0.0126 
1786041693.591 -0.01445147 0.01044663 -0.01680987 -0.01705147 -0.01680987 -441.519 19.20069 0.0126 -0.0126 
1786041693.760 -0.01948768 -0.01055863 -0.01256303 -0.02208768 -0.01256303 -439.2025 17.89579 0.0126 -0.0126 
1786041693.945 -0.0195252 -0.01650857 -0.01221286 -0.01712541 -0.01221286 -436.9698 16.53848 0.0126 -0.0126 
1786041694.125 -0.01456319 -0.01580546 -0.01251292 -0.02216319 -0.01251292 -434.9188 15.18818 0.0126 -0.0126 
1786041694.320 -0.01460334 -0.01601246 -0.01158635 -0.01720334 -0.01158635 -432.9401 13.76348 0.0126 -0.0126 
1786041694.514 -0.01464416 -0.01192269 -0.01143506 -0.01724416 -0.01143506 -431.1342 12.32335 0.0126 -0.0126 
1786041694.705 -0.01468756 -0.01460019 -0.01103655 -0.01728756 -0.01103655 -429.4387 10.80094 0.0126 -0.0126 
1786041694.873 -0.01472365 -0.01435432 -0.01024862 -0.01732365 -0.01024862 -428.203 9.533576 0.0126 -0.0126 
1786041695.039 -0.01475901 -0.01356498 -0.01011185 -0.01235901 -0.01043977 -427.1362 8.303411 0.0126 -0.0126 
1786041695.231 -0.01480076 -0.01036962 -0.008549332 -0.01240098 -0.008549332 -426.077 6.856106 0.0126 -0.0126 
1786041695.423 -0.01484112 -0.01461512 -0.01000066 -0.01244133 -0.01000066 -425.2439 5.46078 0.0126 -0.0126 
1786041695.587 -0.01487852 -0.01249716 -0.009335857 -0.01247852 -0.009335857 -424.6458 4.178448 0.0126 -0.0126 
1786041695.791 -0.01492056 -0.0108766 -0.00847193 -0.01252056 -0.00847193 -424.1619 2.730882 0.0126 -0.0126 
1786041695.971 -0.009960912 -0.015265 -0.00898723 -0.01256113 -0.00898723 -423.8863 1.335751 0.0126 -0.0126 
1786041696.170 -0.009999855 -0.1433283 -0.0075302 -0.01259986 -0.0075302 -423.8012 0.004962264 0.0126 -0.0126 
1786041696.354 0.015 0.0043 0.01152101 0.0224 0.01152101 -423.8203 -1.137215e-08 0.0126 -0.0126 
1786041696.549 0.02 0.0203 0.01406101 0.0224 0.01406101 -423.8228 -1.137215e-08 0.0126 -0.0126 
1786041696.724 0.01 0.0123 0.01025101 0.0174 0.01025101 -423.819 -1.137215e-08 0.0126 -0.0126 
1786041696.907 -1.571317e-05 0.06529482 0.002658127 0.002384287 0.002658127 -423.8255 -0.5398402 -0.0126 -0.0126 
1786041697.094 -0.01005826 -0.003456106 -0.01020734 -0.01265848 -0.01020734 -423.9944 -2.010044 -0.0126 -0.0126 
1786041697.281 -0.01509859 -0.01483265 -0.01079336 -0.01769859 -0.01079336 -424.3551 -3.389863 -0.0126 -0.0126 
1786041697.463 -0.01513842 -0.01313155 -0.01034715 -0.01273864 -0.01034715 -424.9012 -4.769955 -0.0126 -0.0126 
1786041697.631 -0.01017623 -0.0146789 -0.01056129 -0.01277623 -0.01056129 -425.5819 -6.067372 -0.0126 -0.0126 
1786041697.801 -0.01021286 -0.01084013 -0.009578639 -0.01281286 -0.009578639 -426.4049 -7.335081 -0.0126 -0.0126 
1786041697.970 -0.0102496 -0.005683686 -0.009361909 -0.0128496 -0.009361909 -427.3879 -8.609853 -0.0126 -0.0126 
1786041698.151 -0.01028815 -0.009555947 -0.01080469 -0.01288837 -0.01080469 -428.5969 -9.959969 -0.0126 -0.0126 
1786041698.321 -0.01032419 -0.007423944 -0.01068615 -0.01292419 -0.01068615 -429.8758 -11.21236 -0.0126 -0.0126 
1786041698.493 -0.01036135 -0.01401745 -0.01083758 -0.01296135 -0.01083758 -431.3668 -12.5175 -0.0126 -0.0126 
1786041698.662 -0.01039769 -0.009839683 -0.0103119 -0.007997693 -0.0103119 -432.9899 -13.80006 -0.0126 -0.0126 
1786041698.842 -0.01043573 -0.01356609 -0.01108055 -0.008035729 -0.01108055 -434.8644 -15.14969 -0.0126 -0.0126 
1786041699.026 -0.01047352 -0.01152629 -0.01016404 -0.008073732 -0.01016404 -436.923 -16.50761 -0.0126 -0.0126 
1786041699.195 -0.01050939 -0.009069774 -0.01109992 -0.008109392 -0.01109992 -439.0236 -17.79013 -0.0126 -0.0126 
1786041699.375 -0.01054645 -0.008890205 -0.01113887 -0.008146652 -0.01113887 -441.3998 -19.13981 -0.0126 -0.0126 
1786041699.550 -0.0005631596 -0.0521442 0.008783529 -0.00316316 0.009260194 -442.6241 -19.7416 -0.0126 -0.0126 
1786041699.715 0.01443684 0.007855803 0.01028322 0.01683684 0.01028322 -443.1918 -19.7416 -0.0126 -0.0126 
1786041699.876 0.01943684 0.0158558 0.009716259 0.01683684 0.009716259 -443.7379 -19.7416 -0.0126 -0.0126 
1786041700.039 0.01943684 0.0198558 0.0115293 0.01683684 0.0115293 -444.2763 -19.7416 -0.0126 -0.0126 
1786041700.205 0.01943684 0.0158558 0.01112233 0.01683684 0.01112233 -444.8326 -19.7416 -0.0126 -0.0126 
1786041700.371 0.01443684 0.0158558 0.009762038 0.01683684 0.009762038 -445.3812 -19.7416 -0.0126 -0.0126 
1786041700.535 0.00943684 0.0118558 0.02457521 0.01683684 0.02457521 -445.6938 -19.7416 0.00415 -0.0126 
1786041700.718 0.00943684 0.007855803 0.003085326 0.01183684 0.003085326 -445.4663 -19.7416 -0.0126 -0.0126 
1786041700.909 0.00943684 0.007855803 0.007748639 0.01183684 0.007748639 -445.5032 -19.7416 -0.0126 -0.0126 
1786041701.110 0.00943684 0.007855803 0.006165289 0.00683684 0.006165289 -445.5349 -19.7416 -0.0126 -0.0126 
1786041701.287 0.00943684 0.007855803 0.006978606 0.00683684 0.006978606 -445.5654 -19.7416 -0.0126 -0.0126 
1786041701.468 0.00443684 0.003855803 0.00668859 0.00683684 0.00668859 -445.5946 -19.7416 -0.0126 -0.0126 
1786041701.653 0.00443684 0.003855803 0.01610529 0.00683684 0.01610529 -445.5626 -19.7416 0.0126 -0.0126 
1786041701.832 0.00443684 0.003855803 0.01148959 0.00683684 0.01148959 -443.7719 -19.7416 0.0126 -0.0126 
1786041702.008 -0.005537615 -0.03878235 -0.01732149 -0.007937615 -0.01732149 -440.8001 -18.81139 0.0126 0.0126 
1786041702.197 -0.01549779 -0.01748739 -0.01025633 -0.01289758 -0.01025633 -438.3097 -17.36426 0.0126 0.0126 
1786041702.368 -0.01546121 -0.01953385 -0.01014844 -0.01286121 -0.01014844 -436.2243 -16.05894 0.0126 0.0126 
1786041702.557 -0.01042333 -0.0134553 -0.009509247 -0.01282312 -0.009509247 -434.2241 -14.70167 0.0126 0.0126 
1786041702.759 -0.01038055 -0.01610395 -0.007577375 -0.01278034 -0.007577375 -432.1972 -13.1865 0.0126 0.0126 
1786041702.948 -0.010339 -0.01218044 -0.008079511 -0.012739 -0.008079511 -430.4522 -11.73145 0.0126 0.0126 
1786041703.126 -0.01030109 -0.01235477 -0.009151559 -0.007701087 -0.009151559 -429.0349 -10.40396 0.0126 0.0126 
1786041703.302 -0.01026323 -0.01023756 -0.008386274 -0.007663231 -0.008386274 -427.7941 -9.08418 0.0126 0.0126 
1786041703.489 -0.01022351 -0.01321809 -0.007706147 -0.007623506 -0.007706147 -426.6752 -7.70418 0.0126 0.0126 
1786041703.677 -0.010183 -0.009245498 -0.007410297 -0.007583 -0.007410297 -425.7253 -6.301757 0.0126 0.0126 
1786041703.884 -0.01513978 -0.01012746 -0.008688972 -0.01253956 -0.008688972 -424.9175 -4.801423 0.0126 0.0126 
1786041704.061 -0.01009776 -0.008391215 -0.008049425 -0.007497763 -0.008049425 -424.3486 -3.361579 0.0126 0.0126 
1786041704.242 -0.01005874 -0.01291429 -0.008375136 -0.007458741 -0.008375136 -423.9981 -2.019327 0.0126 0.0126 
1786041704.419 -0.01001991 -0.009918199 -0.007366421 -0.007419906 -0.007366421 -423.8241 -0.6841395 0.0126 0.0126 
1786041704.630 0.005 0.0443 -0.001178981 0.0026 -0.001178981 -423.8076 1.477024e-08 0.0126 0.0126 
1786041704.818 0.02 0.0243 0.01152101 0.0176 0.01152101 -423.8203 1.477024e-08 0.0126 0.0126 
1786041704.998 0.02 0.0203 0.01152101 0.0226 0.01152101 -423.8203 1.477024e-08 0.0126 0.0126 
1786041705.175 0.02 0.0243 0.01152101 0.0226 0.01152101 -423.8203 1.477024e-08 0.0126 0.0126 
1786041705.346 0.015 0.0203 0.01025101 0.0176 0.01025101 -423.819 1.477024e-08 0.0126 0.0126 
1786041705.522 0.02 0.0203 0.01025101 0.0176 0.01025101 -423.819 1.477024e-08 0.0126 0.0126 
1786041705.710 0.015 0.0163 0.008981014 0.0176 0.008981014 -423.8177 1.477024e-08 0.0126 0.0126 
1786041705.888 0.01499885 0.09825679 0.007066251 0.01419865 0.007066251 -423.8159 -0.04653793 -0.01135 -0.01135 
1786041706.065 0.009997601 -0.001599557 -0.006325693 0.007397601 -0.006325693 -424.2205 -0.08250001 -0.0126 -0.0126 
1786041706.243 0.009997601 0.006400443 -0.003396007 0.007397601 -0.003396007 -424.8034 -0.08250001 -0.0126 -0.0126 
1786041706.443 0.009997601 0.01040044 0.0006503205 0.007397601 0.00160365 -425.4384 -0.08250001 -0.0126 -0.0126 
1786041706.640 0.009997601 0.01040044 0.006769939 0.0123976 0.007246604 -426.1407 -0.08250001 -0.0126 -0.0126 
1786041706.827 0.0149976 0.01440044 0.009226279 0.0123976 0.009226279 -426.7453 -0.08250001 -0.0126 -0.0126 
1786041707.018 0.0149976 0.01440044 0.01503961 0.0123976 0.01503961 -426.773 -0.08250001 0.0126 -0.0126 
1786041707.213 0.0149976 0.01440044 0.008386287 0.0123976 0.008386287 -426.7275 -0.08250001 -0.0126 -0.0126 
1786041707.400 0.0149976 0.01440044 0.009239603 0.0123976 0.009239603 -426.7605 -0.08250001 -0.0126 -0.0126 
1786041707.590 0.0149976 0.01440044 0.008822919 0.0123976 0.008822919 -426.7923 -0.08250001 -0.0126 -0.0126 
1786041707.773 0.0149976 0.01440044 0.009906235 0.0123976 0.009906235 -426.824 -0.08250001 -0.0126 -0.0126 
1786041707.976 0.0149976 0.01440044 0.01009288 0.0123976 0.01009288 -426.857 -0.08250001 -0.0126 -0.0126 
1786041708.167 0.009997601 0.01440044 0.0221096 0.0123976 0.0221096 -426.787 -0.08250001 0.0126 -0.0126 
1786041708.346 0.009997601 0.01440044 0.01299403 0.0123976 0.01299403 -424.755 -0.08250001 0.0126 -0.0126 
1786041708.528 0.005 0.0283 -0.01641897 0.0026 -0.01641897 -423.7923 9.541763e-09 0.0126 0.0126 
1786041708.698 -1.00045e-13 0.0043 -0.004988979 0.0026 -0.004988979 -423.8037 9.541763e-09 0.0126 0.0126 
1786041708.886 -1.00045e-13 0.0043 -0.006258978 -0.0024 -0.006258978 -423.8025 9.541763e-09 0.0126 0.0126 
1786041709.079 -0.005 0.0003 -0.004988979 -0.0024 -0.004988979 -423.8037 9.541763e-09 0.0126 0.0126 
1786041709.251 -0.005 -0.0077 -0.006258978 -0.0074 -0.006258978 -423.8025 9.541763e-09 0.0126 0.0126 
1786041709.431 -0.01497536 -0.05511184 -0.01100236 -0.01737514 -0.01100236 -423.8332 0.8551168 -0.0126 0.0126 
1786041709.615 -0.01493547 -0.02368653 -0.01151033 -0.01733525 -0.01151033 -424.0376 2.227536 -0.0126 0.0126 
1786041709.815 -0.01989323 -0.02401024 -0.01130461 -0.01729323 -0.01130461 -424.4516 3.674978 -0.0126 0.0126 
1786041710.022 -0.01984953 -0.01752288 -0.01123975 -0.01724823 -0.01104811 -425.1209 5.227468 -0.0126 0.0126 
1786041710.229 -0.0148029 -0.02214728 -0.01193629 -0.0172029 -0.01193629 -426.0315 6.794955 -0.0126 0.0126 
1786041710.418 -0.01476054 -0.01405467 -0.01222733 -0.01716054 -0.01222733 -427.1009 8.264997 -0.0126 0.0126 
1786041710.606 -0.01472176 -0.0190084 -0.01124976 -0.01712176 -0.01124976 -428.2667 9.622521 -0.0126 0.0126 
1786041710.786 -0.01468143 -0.01351084 -0.0104601 -0.01208143 -0.0104601 -429.6701 11.02484 -0.0126 0.0126 
1786041710.980 -0.01464151 -0.01449961 -0.01074376 -0.01204151 -0.01074376 -431.2525 12.4274 -0.0126 0.0126 
1786041711.167 -0.009600317 -0.01350144 -0.01045594 -0.01200032 -0.01045594 -433.0915 13.88245 -0.0126 0.0126 
1786041711.344 -0.009562959 -0.01231296 -0.01013047 -0.01196296 -0.01013047 -434.9431 15.21 -0.0126 0.0126 
1786041711.513 -0.009527509 -0.01082188 -0.01047094 -0.0119273 -0.01047094 -436.8761 16.48535 -0.0126 0.0126 
1786041711.684 -0.009491459 -0.007945258 -0.01203093 -0.01189146 -0.01203093 -438.9842 17.7749 -0.0126 0.0126 
1786041711.845 -0.01445794 -0.01813621 -0.01106595 -0.01185794 -0.01106595 -441.1128 18.98987 -0.0126 0.0126 
1786041712.015 -0.00943251 0.1057746 0.02892624 -0.00683251 0.02892624 -442.8704 19.9175 -0.0126 0.0126 
1786041712.185 -0.00443251 0.01377463 0.006069309 -0.00183251 0.006069309 -443.3696 19.9175 -0.0126 0.0126 
1786041712.363 0.00556749 0.009774635 0.005508985 0.00316749 0.005508985 -443.969 19.9175 -0.0126 0.0126 
1786041712.540 0.01056749 0.01377463 0.005898672 0.00816749 0.005898672 -444.5494 19.9175 -0.0126 0.0126 
1786041712.712 0.01056749 0.009774635 0.006448353 0.00816749 0.006448353 -445.1399 19.9175 -0.0126 0.0126 
1786041712.876 0.01056749 0.01377463 0.00715139 0.01316749 0.00715139 -445.6873 19.9175 -0.0126 0.0126 
1786041713.038 0.01056749 0.01377463 0.02506788 0.01316749 0.02506788 -446.0279 19.9175 0.0054 0.0126 
1786041713.200 0.01556749 0.01377463 0.003461337 0.01316749 0.003461337 -445.7864 19.9175 -0.0126 0.0126 
1786041713.358 0.01056749 0.01377463 0.008544653 0.01316749 0.008544653 -445.8181 19.9175 -0.0126 0.0126 
1786041713.520 0.01056749 0.01377463 0.008381305 0.00816749 0.008381305 -445.8448 19.9175 -0.0126 0.0126 
1786041713.679 0.01056749 0.01377463 0.008384624 0.00816749 0.008384624 -445.8715 19.9175 -0.0126 0.0126 
1786041713.841 0.01056749 0.01377463 0.008721277 0.01316749 0.008721277 -445.8981 19.9175 -0.0126 0.0126 
1786041714.024 0.01056749 0.009774635 0.01237795 0.00816749 0.01237795 -445.9157 19.9175 0.0118 0.0126 
1786041714.208 0.01056749 0.009774635 0.02168193 0.00816749 0.02168193 -444.7206 19.9175 0.0126 0.0126 
1786041714.380 0.0005516751 0.0581216 -0.002511259 -0.002048325 -0.002511259 -441.8111 19.33982 0.0126 -0.0126 
1786041714.550 -0.01448323 0.004291649 -0.01134643 -0.01208323 -0.01134643 -439.4933 18.07279 0.0126 -0.0126 
1786041714.713 -0.01451734 -0.00855525 -0.009677347 -0.01211734 -0.009677347 -437.4461 16.84259 0.0126 -0.0126 
1786041714.871 -0.01455084 -0.007345767 -0.009058317 -0.01215084 -0.009058317 -435.583 15.64259 0.0126 -0.0126 
1786041715.029 -0.0145839 -0.009490958 -0.01017513 -0.0171839 -0.01017513 -433.8837 14.46504 0.0126 -0.0126 
1786041715.194 -0.009618618 -0.01432796 -0.008487171 -0.01221862 -0.008487171 -432.2505 13.23511 0.0126 -0.0126 
1786041715.359 -0.009653301 -0.006332288 -0.008324708 -0.0122533 -0.008324708 -430.7583 12.00498 0.0126 -0.0126 
1786041715.526 -0.009689213 -0.01163456 -0.009307818 -0.007289213 -0.009307818 -429.3854 10.75259 0.0126 -0.0126 
1786041715.688 -0.009724415 -0.008526692 -0.008618848 -0.01232442 -0.008618848 -428.184 9.522538 0.0126 -0.0126 
1786041715.847 -0.01475888 -0.005997686 -0.007683252 -0.01235888 -0.007683252 -427.1515 8.322556 0.0126 -0.0126 
1786041716.004 -0.009792804 -0.007238886 -0.007943841 -0.0123928 -0.007943841 -426.2714 7.145059 0.0126 -0.0126 
1786041716.170 -0.009828332 -0.005814801 -0.008482826 -0.01242833 -0.008482826 -425.4941 5.914931 0.0126 -0.0126 
1786041716.333 -0.01486351 -0.01229346 -0.007999976 -0.01246351 -0.007999976 -424.8667 4.692609 0.0126 -0.0126 
1786041716.495 -0.009899175 -0.01191229 -0.007884766 -0.007499175 -0.007884766 -424.3841 3.469989 0.0126 -0.0126 
1786041716.659 -0.009934237 -0.01149721 -0.007893351 -0.007534237 -0.008791999 -424.0463 2.254754 0.0126 -0.0126 
1786041716.830 -0.009971945 -0.009835505 -0.00820298 -0.01257194 -0.00820298 -423.8457 0.965249 0.0126 -0.0126 
1786041717.013 -0.01 -0.0997 -0.006258978 -0.0076 -0.006258978 -423.8025 -1.660063e-08 0.0126 -0.0126 
1786041717.179 0.01 -0.0037 0.007711015 0.0124 0.007711015 -423.8164 -1.660063e-08 0.0126 -0.0126 
1786041717.353 0.004990188 0.1143371 0.007222542 0.00738997 0.007222542 -423.8217 -0.3448991 -0.0126 -0.0126 
1786041717.533 -0.005048619 0.001929689 -0.005706296 -0.007648619 -0.005706296 -423.9386 -1.672601 -0.0126 -0.0126 
1786041717.698 -0.01008544 -0.004232892 -0.009117726 -0.007685658 -0.009117726 -424.2205 -2.947489 -0.0126 -0.0126 
1786041717.862 -0.01012091 -0.01076877 -0.008342485 -0.007720914 -0.008342485 -424.6396 -4.162515 -0.0126 -0.0126 
1786041718.024 -0.01015655 -0.008765364 -0.008207397 -0.00775655 -0.008207397 -425.2086 -5.392537 -0.0126 -0.0126 
1786041718.201 -0.01019255 -0.01380652 -0.008714874 -0.007792548 -0.008714874 -425.9325 -6.637455 -0.0126 -0.0126 
1786041718.371 -0.005231262 -0.006755663 -0.009046111 -0.007831477 -0.009046111 -426.8862 -7.987515 -0.0126 -0.0126 
1786041718.538 -0.01026791 -0.008330946 -0.00994941 -0.01286791 -0.00994941 -427.9403 -9.254856 -0.0126 -0.0126 
1786041718.700 -0.01030271 -0.005586277 -0.009810399 -0.007902714 -0.009810399 -429.096 -10.46991 -0.0126 -0.0126 
1786041718.861 -0.01033674 -0.0104058 -0.01030196 -0.007936953 -0.01030196 -430.3749 -11.66989 -0.0126 -0.0126 
1786041719.028 -0.005372532 -0.007287568 -0.009322258 -0.007972532 -0.009322258 -431.857 -12.92236 -0.0126 -0.0126 
1786041719.192 -0.0104073 -0.003306211 -0.01037867 -0.008007299 -0.01037867 -433.4547 -14.15253 -0.0126 -0.0126 
1786041719.353 -0.01044146 -0.01148283 -0.00959656 -0.008041458 -0.00959656 -435.1743 -15.3676 -0.0126 -0.0126 
1786041719.516 -0.01047542 -0.01357188 -0.00960028 -0.01307542 -0.00960028 -437.0424 -16.58984 -0.0126 -0.0126 
1786041719.677 -0.01050916 -0.00448984 -0.01082492 -0.008109164 -0.01082492 -439.0236 -17.79732 -0.0126 -0.0126 
1786041719.839 -0.01054248 -0.0105094 -0.01023943 -0.01314248 -0.01023943 -441.1407 -19.00495 -0.0126 -0.0126 
1786041720.004 -0.005571982 -0.1431438 0.03405981 -0.008171982 0.03405981 -443.1854 -20.08193 -0.0126 -0.0126 
1786041720.168 0.004428003 -0.008227423 0.008766709 0.006828003 0.008766709 -443.5689 -20.0825 -0.0126 -0.0126 
1786041720.327 0.014428 0.007772577 0.008039753 0.011828 0.008039753 -444.1049 -20.0825 -0.0126 -0.0126 
1786041720.489 0.009428003 0.01177258 0.008582797 0.006828003 0.008582797 -444.6421 -20.0825 -0.0126 -0.0126 
1786041720.647 0.009428003 0.007772577 0.007695846 0.011828 0.007695846 -445.1679 -20.0825 -0.0126 -0.0126 
1786041720.810 0.009428003 0.01177258 0.008715554 0.011828 0.008715554 -445.7089 -20.0825 -0.0126 -0.0126 
1786041720.977 0.009428003 0.007772577 0.007831922 0.011828 0.007831922 -446.2613 -20.0825 -0.0126 -0.0126 
1786041721.142 0.009428003 0.007772577 0.008228686 0.006828003 0.008228686 -446.1075 -20.0825 0.0126 -0.0126 
1786041721.314 0.009428003 0.007772577 0.007825336 0.011828 0.007825336 -446.1128 -20.0825 -0.0126 -0.0126 
1786041721.473 0.009428003 0.007772577 0.008931987 0.006828003 0.008931987 -446.1407 -20.0825 -0.0126 -0.0126 
1786041721.640 0.009428003 0.007772577 0.00876864 0.011828 0.00876864 -446.1674 -20.0825 -0.0126 -0.0126 
1786041721.814 0.009428003 0.007772577 0.008311957 0.011828 0.008311957 -446.1966 -20.0825 -0.0126 -0.0126 
1786041721.978 0.009428003 0.007772577 0.007648609 0.011828 0.007648609 -446.2232 -20.0825 -0.0126 -0.0126 
1786041722.153 0.004428003 0.007772577 0.006918619 0.006828003 0.006918619 -446.2307 -20.0825 0.0126 -0.0126 
1786041722.322 0.004428003 0.007772577 0.02072594 0.011828 0.02135928 -445.014 -20.0825 0.0126 -0.0126 
1786041722.490 -0.0005564048 -0.06220509 -0.001477848 -0.002956405 -0.001477848 -442.1324 -19.51251 0.0126 0.0126 
1786041722.656 -0.01052257 -0.01581138 -0.009357093 -0.01292257 -0.009357093 -439.8591 -18.28256 0.0126 0.0126 
1786041722.824 -0.01048829 -0.01522652 -0.009712674 -0.01288829 -0.009712674 -437.7737 -17.04475 0.0126 0.0126 
1786041723.004 -0.01045189 -0.01883869 -0.009429595 -0.01285189 -0.009429595 -435.729 -15.73997 0.0126 0.0126 
1786041723.179 -0.01041315 -0.01459726 -0.009836431 -0.007813146 -0.009836431 -433.739 -14.3598 0.0126 0.0126 
1786041723.339 -0.01037862 -0.01618909 -0.008176367 -0.01277862 -0.008176367 -432.1273 -13.13761 0.0126 0.0126 
1786041723.498 -0.01034499 -0.01497248 -0.007735507 -0.01274478 -0.008003354 -430.6897 -11.94493 0.0126 0.0126 
1786041723.662 -0.01031014 -0.01851294 -0.008882886 -0.01271014 -0.008882886 -429.3625 -10.72994 0.0126 0.0126 
1786041723.834 -0.01027365 -0.01255472 -0.00778998 -0.007673649 -0.00778998 -428.1154 -9.44767 0.0126 0.0126 
1786041724.001 -0.01023702 -0.01247581 -0.007155493 -0.007637019 -0.007155493 -427.0384 -8.179965 0.0126 0.0126 
1786041724.160 -0.01020244 -0.01341043 -0.007055077 -0.007602435 -0.007055077 -426.1596 -6.980095 0.0126 0.0126 
1786041724.320 -0.01016798 -0.009870107 -0.007427608 -0.01256798 -0.007427608 -425.423 -5.787596 0.0126 0.0126 
1786041724.483 -0.01013302 -0.01676351 -0.007924764 -0.0125328 -0.007924764 -424.8134 -4.572616 0.0126 0.0126 
1786041724.646 -0.01009712 -0.01021048 -0.007730311 -0.01249712 -0.007730311 -424.3422 -3.342601 0.0126 0.0126 
1786041724.810 -0.01006162 -0.01058866 -0.008119175 -0.007461623 -0.008119175 -424.0184 -2.119952 0.0126 0.0126 
1786041724.995 -0.01002282 -0.008939752 -0.006909696 -0.007422822 -0.006341861 -423.8304 -0.7699388 0.0126 0.0126 
1786041725.169 -0.005 0.0643 -0.004988979 -0.0024 -0.004988979 -423.8037 -1.137215e-08 0.0126 0.0126 
1786041725.369 0.01 0.0163 0.006441015 0.0126 0.006441015 -423.8152 -1.137215e-08 0.0126 0.0126 
1786041725.564 0.01 0.0123 0.007711015 0.0126 0.007711015 -423.8164 -1.137215e-08 0.0126 0.0126 
1786041725.738 0.01 0.0123 0.007711015 0.0126 0.007711015 -423.8164 -1.137215e-08 0.0126 0.0126 
1786041725.914 0.01 0.0123 0.007711015 0.0126 0.007711015 -423.8164 -1.137215e-08 0.0126 0.0126 
1786041726.088 0.01 0.0123 0.006441015 0.0076 0.006441015 -423.8152 -1.137215e-08 0.0126 0.0126 
1786041726.258 0.01 0.0123 0.007711015 0.0076 0.007711015 -423.8164 -1.137215e-08 0.0126 0.0126 
1786041726.450 0.01499886 0.005711011 -0.003249907 0.01239886 -0.003249907 -423.9233 -0.03910001 -0.0126 -0.0126 
1786041726.645 0.009998862 0.01371101 0.006673072 0.01239886 0.007149737 -424.5837 -0.03910001 -0.0126 -0.0126 
1786041726.843 0.009998862 0.01371101 0.00818272 0.01239886 0.00818272 -425.2314 -0.03910001 -0.0126 -0.0126 
1786041727.032 0.009998862 0.009711011 0.007312364 0.01239886 0.007312364 -425.8906 -0.03910001 -0.0126 -0.0126 
1786041727.207 0.009998862 0.009711011 0.007385381 0.01239886 0.007385381 -426.4773 -0.03910001 -0.0126 -0.0126 
1786041727.401 0.009998862 0.009711011 0.01527012 0.01239886 0.01527012 -426.9574 -0.03910001 -0.0124 -0.0126 
1786041727.577 0.009998862 0.009711011 0.000225263 0.007398862 0.000225263 -426.6957 -0.03910001 -0.0126 -0.0126 
1786041727.765 0.009998862 0.009711011 0.005618577 0.007398862 0.005618577 -426.7313 -0.03910001 -0.0126 -0.0126 
1786041727.963 0.009998862 0.009711011 0.006908559 0.01239886 0.006908559 -426.7656 -0.03910001 -0.0126 -0.0126 
1786041728.155 0.009998862 0.009711011 0.006158541 0.007398862 0.006158541 -426.7973 -0.03910001 -0.0126 -0.0126 
1786041728.352 0.009998862 0.009711011 0.005908524 0.007398862 0.007011857 -426.8304 -0.03910001 -0.0126 -0.0126 
1786041728.529 0.004998862 0.009711011 0.00634853 0.007398862 0.00634853 -426.8441 -0.03910001 0.0126 -0.0126 
1786041728.742 0.004998862 0.009711011 0.02077583 0.007398862 0.02077583 -425.6668 -0.03910001 0.0126 -0.0126 
1786041728.935 0.00499929 -0.04016564 -0.02474991 0.00864929 -0.02474991 -423.7885 -0.0244261 0.0126 0.0001 
1786041729.110 0.01 0.0083 -0.004988979 0.0026 -0.004988979 -423.8037 1.477024e-08 0.0126 0.0126 
1786041729.273 0.005 0.0083 -0.004988979 0.0026 -0.004988979 -423.8037 1.477024e-08 0.0126 0.0126 
1786041729.442 -0.009974235 -0.04844445 -0.009150842 -0.01237402 -0.009150842 -423.8382 0.8924799 -0.0126 0.0126 
1786041729.607 -0.009937565 -0.01993851 -0.01085181 -0.01233756 -0.01085181 -424.0211 2.145129 -0.0126 0.0126 
1786041729.776 -0.009900707 -0.01929521 -0.01088701 -0.01230071 -0.01088701 -424.3627 3.412564 -0.0126 0.0126 
1786041729.945 -0.009864768 -0.01511286 -0.009474236 -0.01226477 -0.009474236 -424.8479 4.649935 -0.0126 0.0126 
1786041730.122 -0.009826286 -0.01263706 -0.009788328 -0.01222629 -0.009788328 -425.5311 5.977602 -0.0126 0.0126 
1786041730.303 -0.009786814 -0.0151655 -0.009917289 -0.01218681 -0.009917289 -426.4113 7.342612 -0.0126 0.0126 
1786041730.468 -0.009750486 -0.0133944 -0.01007664 -0.01215049 -0.01007664 -427.3828 8.602727 -0.0126 0.0126 
1786041730.630 -0.01471535 -0.01913381 -0.0100804 -0.01211535 -0.0100804 -428.4712 9.824973 -0.0126 0.0126 
1786041730.793 -0.009680566 -0.01119447 -0.01038046 -0.01208057 -0.01038046 -429.6942 11.03989 -0.0126 0.0126 
1786041730.954 -0.009645921 -0.01182207 -0.01031728 -0.01204592 -0.01031728 -431.0582 12.25503 -0.0126 0.0126 
1786041731.133 -0.009609312 -0.01607718 -0.01104399 -0.0120091 -0.01104399 -432.6685 13.55239 -0.0126 0.0126 
1786041731.315 -0.00957037 -0.01307827 -0.009767962 -0.01197037 -0.009767962 -434.5469 14.92496 -0.0126 0.0126 
1786041731.503 -0.009530419 -0.01114988 -0.01063754 -0.006930419 -0.01063754 -436.6817 16.34992 -0.0126 0.0126 
1786041731.678 -0.009493878 -0.009880828 -0.01021331 -0.006893878 -0.01021331 -438.8166 17.66258 -0.0126 0.0126 
1786041731.863 -0.009455332 -0.01500366 -0.01086088 -0.006855126 -0.01086088 -441.2728 19.06495 -0.0126 0.0126 
1786041732.057 -0.009430541 0.06960569 0.01423303 -0.006830541 0.01423303 -442.9898 19.9609 -0.0126 0.0126 
1786041732.258 0.01556946 0.02160569 0.009809359 0.01316946 0.009809359 -443.6185 19.9609 -0.0126 0.0126 
1786041732.444 0.01556946 0.01760569 0.009412348 0.01816946 0.009889013 -444.2586 19.9609 -0.0126 0.0126 
1786041732.634 0.01056946 0.01760569 0.008855344 0.01316946 0.008855344 -444.8809 19.9609 -0.0126 0.0126 
1786041732.848 0.01556946 0.01760569 0.00878496 0.01816946 0.00878496 -445.5908 19.9609 -0.0126 0.0126 
1786041733.046 0.01056946 0.01360569 0.01582135 0.01316946 0.01582135 -446.1001 19.9609 -0.0126 0.0126 
1786041733.247 0.01056946 0.01360569 0.01419802 0.01316946 0.01419802 -446.0952 19.9609 -0.0076 0.0126 
1786041733.425 0.01056946 0.01360569 0.00326482 0.01316946 0.00326482 -445.8499 19.9609 -0.0126 0.0126 
1786041733.605 0.01056946 0.01760569 0.009158134 0.01316946 0.009158134 -445.8854 19.9609 -0.0126 0.0126 
1786041733.790 0.01056946 0.01360569 0.008368119 0.008169459 0.008368119 -445.9146 19.9609 -0.0126 0.0126 
1786041733.996 0.01056946 0.01360569 0.008888101 0.01316946 0.008888101 -445.9477 19.9609 -0.0126 0.0126 
1786041734.209 0.01056946 0.01360569 0.008178082 0.01316946 0.008178082 -445.9819 19.9609 -0.0126 0.0126 
1786041734.411 0.01056946 0.01360569 0.02555488 0.01316946 0.02555488 -445.757 19.9609 0.0126 0.0126 
1786041734.613 0.01056601 0.1329113 0.03068162 0.007966007 0.03068162 -443.1674 19.83499 0.0126 -0.0126 
1786041734.831 -0.01448049 0.0004064504 -0.01123949 -0.01208049 -0.01123949 -439.6419 18.1458 0.0126 -0.0126 
1786041735.042 -0.009522577 -0.0128143 -0.009694661 -0.01712258 -0.009694661 -437.126 16.631 0.0126 -0.0126 
1786041735.275 -0.01457112 -0.01015301 -0.0100072 -0.01217112 -0.0100072 -434.5086 14.89833 0.0126 -0.0126 
1786041735.476 -0.01461644 -0.01473831 -0.008274563 -0.01221644 -0.008274563 -432.3369 13.29341 0.0126 -0.0126 
1786041735.668 -0.009656287 -0.008067972 -0.0090119 -0.0122565 -0.0090119 -430.6275 11.88324 0.0126 -0.0126 
1786041735.881 -0.01470193 -0.01454187 -0.009434029 -0.01230214 -0.009434029 -428.9193 10.28577 0.0126 -0.0126 
1786041736.137 -0.009750172 -0.009319876 -0.007918011 -0.01235017 -0.007918011 -427.394 8.613104 0.0126 -0.0126 
1786041736.403 -0.00980839 -0.006484127 -0.008059318 -0.01240839 -0.008059318 -425.9094 6.595867 0.0126 -0.0126 
1786041736.628 -0.009864887 -0.01325766 -0.00870209 -0.01246532 -0.00870209 -424.8401 4.63083 0.0126 -0.0126 
1786041736.847 -0.00990693 -0.00279817 -0.007215223 -0.00750693 -0.007215223 -424.2978 3.198388 0.0126 -0.0126 
1786041737.059 -0.009953616 -0.01110056 -0.007761179 -0.007554052 -0.007761179 -423.9219 1.578379 0.0126 -0.0126 
1786041737.250 -0.009998353 -0.08220434 -0.007684489 -0.007598353 -0.007684489 -423.8012 0.05654822 0.0126 -0.0126 
1786041737.465 0.015 0.0003 0.008981014 0.0124 0.008981014 -423.8177 -1.660063e-08 0.0126 -0.0126 
1786041737.663 0.02 0.0163 0.01152101 0.0174 0.01152101 -423.8203 -1.660063e-08 0.0126 -0.0126 
1786041737.879 0.015 0.0163 0.01025101 0.0174 0.01025101 -423.819 -1.660063e-08 0.0126 -0.0126 
1786041738.106 0.015 0.0163 0.01025101 0.0174 0.01025101 -423.819 -1.660063e-08 0.0126 -0.0126 
1786041738.318 0.015 0.0163 0.01025101 0.0174 0.01025101 -423.819 -1.660063e-08 0.0126 -0.0126 
1786041738.537 -1.615808e-05 0.06226504 0.003123749 0.002383842 0.003123749 -423.8268 -0.5548438 -0.0126 -0.0126 
1786041738.721 -0.01005807 -0.0009746339 -0.01011976 -0.01265829 -0.01011976 -423.9932 -2.002492 -0.0126 -0.0126 
1786041738.918 -0.01010082 -0.01271023 -0.01061682 -0.01270082 -0.01061682 -424.3805 -3.464864 -0.0126 -0.0126 
1786041739.129 -0.0151435 -0.01157164 -0.009572769 -0.01274372 -0.009572769 -424.9838 -4.942523 -0.0126 -0.0126 
1786041739.344 -0.01019086 -0.01198033 -0.01039934 -0.01279129 -0.009498308 -425.9058 -6.592432 -0.0126 -0.0126 
1786041739.563 -0.01023785 -0.00852199 -0.009633584 -0.01283807 -0.009633584 -427.0602 -8.20508 -0.0126 -0.0126 
1786041739.770 -0.01028486 -0.01008556 -0.01035348 -0.01288508 -0.01035348 -428.4852 -9.839966 -0.0126 -0.0126 
1786041739.965 -0.01032757 -0.008693855 -0.00967256 -0.007927789 -0.00967256 -430.0104 -11.33251 -0.0126 -0.0126 
1786041740.147 -0.01036644 -0.009216261 -0.009733668 -0.007966658 -0.009733668 -431.5903 -12.69745 -0.0126 -0.0126 
1786041740.335 -0.0104068 -0.006342615 -0.01086541 -0.008006801 -0.01086541 -433.4166 -14.1149 -0.0126 -0.0126 
1786041740.535 -0.01044649 -0.01102029 -0.009327468 -0.0130467 -0.009327468 -435.4346 -15.53256 -0.0126 -0.0126 
1786041740.752 -0.01049008 -0.006266148 -0.01103886 -0.008090284 -0.01103886 -437.8692 -17.09258 -0.0126 -0.0126 
1786041740.979 -0.0105364 -0.01391956 -0.01042374 -0.0131364 -0.01042374 -440.7191 -18.75748 -0.0126 -0.0126 
1786041741.161 -0.0105716 -0.1444066 0.03705173 -0.008171599 0.03705173 -443.1333 -20.0391 -0.0126 -0.0126 
1786041741.352 0.009428401 -0.004406648 0.009348124 0.0118284 0.009348124 -443.6401 -20.0391 -0.0126 -0.0126 
1786041741.559 0.009428401 0.01159335 0.008164416 0.0118284 0.008164416 -444.3322 -20.0391 -0.0126 -0.0126 
1786041741.739 0.0144284 0.01159335 0.009354076 0.0168284 0.009354076 -444.9634 -20.0391 -0.0126 -0.0126 
1786041741.973 0.0144284 0.01159335 0.009443687 0.0168284 0.009443687 -445.6835 -20.0391 -0.0126 -0.0126 
1786041742.293 0.009428401 0.01159335 0.006476845 0.0118284 0.006476845 -446.0325 -20.0391 0.0126 -0.0126 
1786041742.503 0.0144284 0.01159335 0.009120152 0.0118284 0.009120152 -446.0556 -20.0391 -0.0126 -0.0126 
1786041742.705 0.0144284 0.01159335 0.009783466 0.0118284 0.009783466 -446.0924 -20.0391 -0.0126 -0.0126 
1786041742.886 0.009428401 0.01159335 0.009596783 0.0118284 0.009596783 -446.1229 -20.0391 -0.0126 -0.0126 
1786041743.080 0.009428401 0.01159335 0.008743433 0.0168284 0.008743433 -446.1534 -20.0391 -0.0126 -0.0126 
1786041743.337 0.009428401 0.01159335 0.02459687 0.0118284 0.02459687 -445.9957 -20.0391 0.0126 -0.0126 
1786041743.530 0.009431523 -0.1126531 0.02986477 0.01203152 0.02986477 -443.3554 -19.92497 0.0126 0.0126 
1786041743.714 -0.01052976 -0.02717463 -0.01181806 -0.01292955 -0.01127667 -440.2769 -18.50913 0.0126 0.0126 
1786041743.885 -0.01049464 -0.01832075 -0.01049456 -0.01289464 -0.01049456 -438.1268 -17.24895 0.0126 0.0126 
1786041744.065 -0.01545718 -0.01668264 -0.009216763 -0.01285718 -0.009216763 -435.9983 -15.90662 0.0126 0.0126 
1786041744.267 -0.01541545 -0.01412044 -0.009598396 -0.01281545 -0.009598396 -433.838 -14.42165 0.0126 0.0126 
1786041744.463 -0.01037238 -0.01609289 -0.009331217 -0.01277238 -0.009331217 -431.839 -12.89925 0.0126 0.0126 
1786041744.654 -0.0103344 -0.01538812 -0.008199497 -0.01273418 -0.008199497 -430.2592 -11.55673 0.0126 0.0126 
1786041744.843 -0.01029086 -0.01394222 -0.008487737 -0.007690643 -0.008838975 -428.6729 -10.0341 0.0126 0.0126 
1786041745.034 -0.010251 -0.01156547 -0.00767853 -0.01265078 -0.00767853 -427.422 -8.646544 0.0126 0.0126 
1786041745.242 -0.01020861 -0.01393151 -0.007982819 -0.007608611 -0.007982819 -426.3018 -7.184114 0.0126 0.0126 
1786041745.441 -0.01016304 -0.01024609 -0.008695183 -0.01256283 -0.008695183 -425.3214 -5.60127 0.0126 0.0126 
1786041745.682 -0.01011343 -0.01593568 -0.008347578 -0.01251343 -0.008347578 -424.5378 -3.899019 0.0126 0.0126 
1786041745.865 -0.01006961 -0.01334618 -0.008172098 -0.007469609 -0.008172098 -424.0781 -2.39147 0.0126 0.0126 
1786041746.140 -0.01001853 -0.005732509 -0.007683698 -0.007418315 -0.007683698 -423.8203 -0.6290663 0.0126 0.0126 
1786041746.322 -1.00045e-13 0.0323 -0.001178981 0.0026 -0.001178981 -423.8076 1.477024e-08 0.0126 0.0126 
1786041746.545 0.01 0.0123 0.007711015 0.0126 0.007711015 -423.8164 1.477024e-08 0.0126 0.0126 
1786041746.740 0.01 0.0163 0.007711015 0.0126 0.007711015 -423.8164 1.477024e-08 0.0126 0.0126 
1786041746.942 0.01 0.0123 0.007711015 0.0076 0.007711015 -423.8164 1.477024e-08 0.0126 0.0126 
1786041747.146 0.01 0.0123 0.007711015 0.0076 0.007711015 -423.8164 1.477024e-08 0.0126 0.0126 
1786041747.349 0.009996657 -0.01726997 0.006000707 0.007396657 0.006000707 -423.8154 -0.1149383 -0.0126 -0.0126 
1786041747.539 0.01499665 0.01169614 0.001311825 0.01239665 0.001311825 -424.3285 -0.1151 -0.0126 -0.0126 
1786041747.747 0.01499665 0.01169614 0.008061464 0.01239665 0.008061464 -424.9952 -0.1151 -0.0126 -0.0126 
1786041747.918 0.01499665 0.01569614 0.007344465 0.01239665 0.00782113 -425.615 -0.1151 -0.0126 -0.0126 
1786041748.102 0.01499665 0.01169614 0.007260806 0.01239665 0.007260806 -426.2144 -0.1151 -0.0126 -0.0126 
1786041748.285 0.009996652 0.01169614 0.006700482 0.01239665 0.006700482 -426.8138 -0.1151 -0.0126 -0.0126 
1786041748.462 0.009996652 0.01169614 0.01324052 0.007396652 0.01251385 -426.7679 -0.1151 0.0126 -0.0126 
1786041748.637 0.009996652 0.01169614 0.00238386 0.007396652 0.00238386 -426.7313 -0.1151 -0.0126 -0.0126 
1786041748.807 0.009996652 0.01169614 0.006570509 0.01239665 0.006570509 -426.7643 -0.1151 -0.0126 -0.0126 
1786041748.976 0.009996652 0.01169614 0.006510494 0.01239665 0.006510494 -426.7923 -0.1151 -0.0126 -0.0126 
1786041749.147 0.009996652 0.01169614 0.007220478 0.01239665 0.007220478 -426.8215 -0.1151 -0.0126 -0.0126 
1786041749.310 0.009996652 0.01169614 0.006557131 0.007396652 0.006390464 -426.8481 -0.1151 -0.0126 -0.0126 
1786041749.477 0.009996652 0.01169614 0.006997115 0.007396652 0.006830449 -426.8761 -0.1151 -0.0126 -0.0126 
1786041749.649 0.009996652 0.007696141 0.01432381 0.007396652 0.01432381 -426.8543 -0.1151 0.0126 -0.0126 
1786041749.823 0.009996652 0.01169614 0.01266145 0.01239665 0.01266145 -425.0395 -0.1151 0.0126 -0.0126 
1786041749.999 0.004999974 0.01885689 -0.02276898 0.002599987 -0.02276898 -423.786 -0.000430221 0.0126 0.0126 
1786041750.172 0.005 0.0083 -0.004988979 -0.0024 -0.004988979 -423.8037 1.477024e-08 0.0126 0.0126 
1786041750.346 1.047112e-05 -0.1115371 -0.005992598 -0.007389529 -0.005992598 -423.809 0.3599131 -0.0126 0.0126 
1786041750.514 -0.01495201 -0.02441348 -0.01103149 -0.01735201 -0.01103149 -423.9297 1.649786 -0.0126 0.0126 
1786041750.684 -0.009915612 -0.01659731 -0.0105138 -0.01231561 -0.0105138 -424.2065 2.902515 -0.0126 0.0126 
1786041750.849 -0.01487903 -0.0186335 -0.009975974 -0.01227903 -0.009975974 -424.6383 4.162306 -0.0126 0.0126 
1786041751.012 -0.01484338 -0.0115848 -0.01008726 -0.01224338 -0.01008726 -425.2073 5.392417 -0.0126 0.0126 
1786041751.175 -0.01480824 -0.01736571 -0.01045554 -0.01220802 -0.01045554 -425.9172 6.61488 -0.0126 0.0126 
1786041751.338 -0.01477318 -0.01718038 -0.01064564 -0.01217296 -0.01064564 -426.7656 7.829886 -0.0126 0.0126 
1786041751.509 -0.01473714 -0.01407182 -0.011227 -0.01213714 -0.011227 -427.7816 9.074969 -0.0126 0.0126 
1786041751.687 -0.01469823 -0.01399317 -0.01114612 -0.01209823 -0.01114612 -429.0592 10.43991 -0.0126 0.0126 
1786041751.860 -0.009660765 -0.0128355 -0.01092582 -0.01206055 -0.01092582 -430.4702 11.75246 -0.0126 0.0126 
1786041752.023 -0.01462646 -0.01735269 -0.01075416 -0.01202646 -0.01075416 -431.8964 12.9599 -0.0126 0.0126 
1786041752.206 -0.009588507 -0.009125735 -0.01094641 -0.01198851 -0.01094641 -433.6528 14.29506 -0.0126 0.0126 
1786041752.393 -0.009548893 -0.01089472 -0.009820719 -0.01194868 -0.009820719 -435.6924 15.71247 -0.0126 0.0126 
1786041752.592 -0.009508302 -0.007157304 -0.01039732 -0.0119083 -0.01039732 -437.967 17.15985 -0.0126 0.0126 
1786041752.768 -0.009470095 -0.01204521 -0.01069911 -0.0118701 -0.01069911 -440.3165 18.53989 -0.0126 0.0126 
1786041752.945 -0.00943517 0.04571497 0.007725406 -0.01183504 0.0091798 -442.6647 19.81589 -0.0126 0.0126 
1786041753.123 0.01056684 0.03311334 0.01103559 0.01316684 0.01103559 -443.1778 19.8849 -0.0126 0.0126 
1786041753.303 0.02056684 0.02511334 0.01221861 0.01816684 0.01221861 -443.7556 19.8849 -0.0126 0.0126 
1786041753.468 0.02056684 0.02511334 0.01181496 0.01816684 0.01181496 -444.3386 19.8849 -0.0126 0.0126 
1786041753.630 0.02056684 0.02511334 0.01156467 0.01816684 0.01156467 -444.8783 19.8849 -0.0126 0.0126 
1786041753.795 0.01556684 0.02111334 0.01020437 0.01816684 0.01020437 -445.427 19.8849 -0.0126 0.0126 
1786041753.957 0.02056684 0.02111334 0.01759742 0.01816684 0.01759742 -445.9515 19.8849 -0.0126 0.0126 
1786041754.120 0.01556684 0.02111334 0.005250895 0.01816684 0.005250895 -445.7176 19.8849 0.0126 0.0126 
1786041754.285 0.01556684 0.01711334 0.01051753 0.01316684 0.01051753 -445.7495 19.8849 -0.0126 0.0126 
1786041754.451 0.01556684 0.01711334 0.01018752 0.01816684 0.01018752 -445.7762 19.8849 -0.0126 0.0126 
1786041754.621 0.01556684 0.01711334 0.01056417 0.01316684 0.01056417 -445.8054 19.8849 -0.0126 0.0126 
1786041754.791 0.01556684 0.01711334 0.01067082 0.01316684 0.01067082 -445.8334 19.8849 -0.0126 0.0126 
1786041754.963 0.01556684 0.01711334 0.009944137 0.01316684 0.009944137 -445.8613 19.8849 -0.0126 0.0126 
1786041755.138 0.01556684 0.01711334 0.02391421 0.01316684 0.02391421 -445.7481 19.8849 0.0126 0.0126 
1786041755.305 0.01056684 0.01311334 0.0129286 0.01316684 0.0129286 -443.791 19.8849 0.0126 0.0126 
1786041755.476 -0.01446114 0.01439528 -0.01686485 -0.01206114 -0.01686485 -440.889 18.86501 0.0126 -0.0126 
1786041755.643 -0.01449574 -0.005476477 -0.01225105 -0.01709595 -0.01107725 -438.7046 17.60487 0.0126 -0.0126 
1786041755.804 -0.01453017 -0.0152786 -0.01098266 -0.01713017 -0.01098266 -436.7082 16.375 0.0126 -0.0126 
1786041755.965 -0.01456376 -0.01229498 -0.0110492 -0.01716376 -0.0110492 -434.8959 15.17488 0.0126 -0.0126 
1786041756.127 -0.01459775 -0.01590257 -0.01144589 -0.01719796 -0.01144589 -433.1979 13.95993 0.0126 -0.0126 
1786041756.291 -0.01463213 -0.01361927 -0.01007232 -0.01223213 -0.01007232 -431.6498 12.75225 0.0126 -0.0126 
1786041756.459 -0.01466796 -0.0143611 -0.009595499 -0.01226796 -0.009595499 -430.1804 11.49207 0.0126 -0.0126 
1786041756.618 -0.01470267 -0.0144241 -0.01014676 -0.01730267 -0.01014676 -428.9053 10.27746 0.0126 -0.0126 
1786041756.786 -0.01473793 -0.01466332 -0.008870412 -0.01733793 -0.008870412 -427.7598 9.047457 0.0126 -0.0126 
1786041756.953 -0.01477462 -0.01616573 -0.009323237 -0.01237462 -0.009323237 -426.7235 7.772489 0.0126 -0.0126 
1786041757.119 -0.009810117 -0.01132564 -0.009235561 -0.01241033 -0.009235561 -425.8675 6.534967 0.0126 -0.0126 
1786041757.308 -0.009850263 -0.01327173 -0.00841981 -0.01245048 -0.00841981 -425.0839 5.14746 0.0126 -0.0126 
1786041757.473 -0.01488767 -0.009480565 -0.008759627 -0.01248767 -0.008759627 -424.5238 3.864998 0.0126 -0.0126 
1786041757.633 -0.009922297 -0.007872938 -0.00824183 -0.0125223 -0.00824183 -424.1466 2.672518 0.0126 -0.0126 
1786041757.802 -0.009958704 -0.01063538 -0.008741681 -0.007558704 -0.008741681 -423.8977 1.419707 0.0126 -0.0126 
1786041757.971 -0.009995905 -0.02578438 -0.007220521 -0.01259591 -0.007220521 -423.8025 0.1408529 0.0126 -0.0126 
1786041758.143 0.005 -0.0117 0.002631017 0.0074 0.002631017 -423.8114 -1.660063e-08 0.0126 -0.0126 
1786041758.315 0.01499597 0.1467971 0.01078773 0.01239597 0.01078773 -423.8205 -0.1386131 -0.0126 -0.0126 
1786041758.487 -0.005041226 0.005907136 -0.004164988 -0.007641444 -0.004164988 -423.903 -1.424988 -0.0126 -0.0126 
1786041758.649 -0.01007742 -0.002463355 -0.00929239 -0.007677415 -0.00929239 -424.143 -2.662393 -0.0126 -0.0126 
1786041758.813 -0.01011292 -0.01051639 -0.009755411 -0.01271292 -0.009755411 -424.5304 -3.884882 -0.0126 -0.0126 
1786041758.981 -0.01014923 -0.006398075 -0.009640417 -0.01274923 -0.009640417 -425.0778 -5.137541 -0.0126 -0.0126 
1786041759.149 -0.01018591 -0.009090952 -0.009002723 -0.01278591 -0.009002723 -425.7864 -6.404859 -0.0126 -0.0126 
1786041759.319 -0.01022228 -0.006450437 -0.009001151 -0.007822285 -0.009001151 -426.6437 -7.664967 -0.0126 -0.0126 
1786041759.486 -0.01025877 -0.01118126 -0.009261113 -0.007858765 -0.009261113 -427.6597 -8.932487 -0.0126 -0.0126 
1786041759.654 -0.00529469 -0.01410886 -0.01021496 -0.00789469 -0.01021496 -428.8217 -10.19251 -0.0126 -0.0126 
1786041759.816 -0.01032962 -0.007284034 -0.009751054 -0.01292962 -0.009751054 -430.0866 -11.40748 -0.0126 -0.0126 
1786041759.978 -0.01036397 -0.01443054 -0.008650747 -0.007963971 -0.008650747 -431.4836 -12.6151 -0.0126 -0.0126 
1786041760.142 -0.01039859 -0.0115388 -0.009207983 -0.007998585 -0.009207983 -433.0368 -13.83758 -0.0126 -0.0126 
1786041760.317 -0.01043534 -0.008828956 -0.01022989 -0.008035546 -0.01022989 -434.8606 -15.15021 -0.0126 -0.0126 
1786041760.490 -0.005471859 -0.009249362 -0.01042755 -0.01307186 -0.01042755 -436.8227 -16.44763 -0.0126 -0.0126 
1786041760.658 -0.005507099 -0.00683753 -0.01100297 -0.008107099 -0.01100297 -438.8903 -17.71491 -0.0126 -0.0126 
1786041760.826 -0.01054189 -0.01121883 -0.009241068 -0.008141885 -0.009241068 -441.095 -18.97503 -0.0126 -0.0126 
1786041760.996 -0.01057303 -0.138216 0.0317079 -0.008173034 0.0317079 -443.2476 -20.1114 -0.0126 -0.0126 
1786041761.162 0.009426864 -0.006841674 0.00959594 0.01182686 0.00959594 -443.6604 -20.1151 -0.0126 -0.0126 
1786041761.326 0.01442686 0.01315833 0.01029898 0.01682686 0.01029898 -444.2078 -20.1151 -0.0126 -0.0126 
1786041761.486 0.01942686 0.01715833 0.009572021 0.01682686 0.009572021 -444.7437 -20.1151 -0.0126 -0.0126 
1786041761.644 0.01442686 0.01715833 0.009161735 0.01682686 0.009161735 -445.2733 -20.1151 -0.0126 -0.0126 
1786041761.807 0.01442686 0.01315833 0.009704779 0.01182686 0.009704779 -445.8105 -20.1151 -0.0126 -0.0126 
1786041761.979 0.01442686 0.01315833 0.009764478 0.01182686 0.009764478 -446.3668 -20.1151 -0.0126 -0.0126 
1786041762.147 0.01442686 0.01315833 0.01199112 0.01682686 0.01199112 -446.415 -20.1151 -0.0126 -0.0126 
1786041762.312 0.01442686 0.01315833 0.01908779 0.01182686 0.02071779 -446.4125 -20.1151 0.00145 -0.0126 
1786041762.474 0.01442686 0.01315833 0.005381248 0.01182686 0.005381248 -446.1763 -20.1151 -0.0126 -0.0126 
1786041762.643 0.009426864 0.009158326 0.008194565 0.01182686 0.008194565 -446.2067 -20.1151 -0.0126 -0.0126 
1786041762.814 0.009426864 0.009158326 0.009237882 0.01182686 0.009237882 -446.2359 -20.1151 -0.0126 -0.0126 
1786041762.978 0.01442686 0.01315833 0.008844534 0.01182686 0.008844534 -446.2639 -20.1151 -0.0126 -0.0126 
1786041763.144 0.01442686 0.01315833 0.008951185 0.01182686 0.008951185 -446.2918 -20.1151 -0.0126 -0.0126 
1786041763.308 0.009426864 0.009158326 0.01448785 0.01182686 0.01448785 -446.313 -20.1151 0.0094 -0.0126 
1786041763.476 0.009426864 0.009158326 0.02810822 0.01182686 0.02810822 -445.6274 -20.1151 0.0126 -0.0126 
1786041763.652 0.004435066 -0.1124218 0.02102634 0.007035271 0.02102634 -442.8906 -19.80758 0.0126 0.0126 
1786041763.820 -0.01053032 -0.02382904 -0.01218146 -0.007930321 -0.01218146 -440.3417 -18.55501 0.0126 0.0126 
1786041763.982 -0.01549628 -0.01630771 -0.01067763 -0.01289628 -0.01067763 -438.2386 -17.32504 0.0126 0.0126 
1786041764.175 -0.0104572 -0.01769825 -0.009393079 -0.01285657 -0.009406268 -435.9767 -15.90015 0.0126 0.0126 
1786041764.349 -0.01541931 -0.01684359 -0.009453661 -0.01281931 -0.009453661 -434.0387 -14.57277 0.0126 0.0126 
1786041764.529 -0.01038311 -0.01559883 -0.008708074 -0.007782895 -0.008023041 -432.3153 -13.2827 0.0126 0.0126 
1786041764.697 -0.01034564 -0.01078635 -0.008126096 -0.01274564 -0.008126096 -430.7214 -11.97009 0.0126 0.0126 
1786041764.883 -0.01530628 -0.01660874 -0.0085013 -0.01270628 -0.0085013 -429.2216 -10.59039 0.0126 0.0126 
1786041765.089 -0.01026394 -0.01108028 -0.008879675 -0.007663939 -0.008879675 -427.8169 -9.112644 0.0126 0.0126 
1786041765.266 -0.01022402 -0.01159308 -0.008185725 -0.007624017 -0.008185725 -426.6892 -7.72511 0.0126 0.0126 
1786041765.442 -0.01018526 -0.01275209 -0.008045433 -0.01258526 -0.008045433 -425.7735 -6.382778 0.0126 0.0126 
1786041765.615 -0.01014771 -0.01232987 -0.00803703 -0.007547714 -0.00803703 -425.0534 -5.08512 0.0126 0.0126 
1786041765.797 -0.010109 -0.01424175 -0.008139181 -0.007508782 -0.008139181 -424.4794 -3.742829 0.0126 0.0126 
1786041765.971 -0.01507088 -0.01457627 -0.008516167 -0.01247088 -0.008516167 -424.0882 -2.43765 0.0126 0.0126 
1786041766.145 -0.01003229 -0.01332534 -0.007578233 -0.007432287 -0.007578233 -423.8609 -1.102639 0.0126 0.0126 
1786041766.341 -0.01 0.1203 -0.006258978 -0.0074 -0.006258978 -423.8025 1.999872e-08 0.0126 0.0126 
1786041766.517 0.01 0.0163 0.002631017 0.0076 0.002631017 -423.8114 9.541763e-09 0.0126 0.0126 
1786041766.700 0.01 0.0123 0.006441015 0.0076 0.006441015 -423.8152 9.541763e-09 0.0126 0.0126 
1786041766.884 0.01 0.0123 0.007711015 0.0126 0.007711015 -423.8164 9.541763e-09 0.0126 0.0126 
1786041767.093 0.01 0.0123 0.007711015 0.0126 0.007711015 -423.8164 9.541763e-09 0.0126 0.0126 
1786041767.273 0.01 0.0123 0.007711015 0.0126 0.007711015 -423.8164 9.541763e-09 0.0126 0.0126 
1786041767.451 0.01 0.0123 0.006441015 0.0076 0.006441015 -423.8152 9.541763e-09 0.0126 0.0126 
1786041767.650 0.01000192 0.01720978 -0.006567129 0.007601922 -0.006567129 -423.8801 0.06600001 -0.0126 0.0126 
1786041767.851 0.01500192 0.02120978 0.007959183 0.01760192 0.007959183 -424.538 0.06600001 -0.0126 0.0126 
1786041768.052 0.02000192 0.02120978 0.0104288 0.01760192 0.0104288 -425.2505 0.06600001 -0.0126 0.0126 
1786041768.232 0.02000192 0.02120978 0.009235134 0.01760192 0.009711799 -425.8664 0.06600001 -0.0126 0.0126 
1786041768.414 0.01500192 0.01720978 0.009468145 0.01260192 0.009468145 -426.4595 0.06600001 -0.0126 0.0126 
1786041768.588 0.01500192 0.01720978 0.01681457 0.01760192 0.01681457 -426.9091 0.06600001 -0.01255 0.0126 
1786041768.768 0.01500192 0.01720978 0.004091374 0.01260192 0.004091374 -426.6526 0.06600001 -0.0126 0.0126 
1786041768.964 0.01500192 0.01320978 0.008921354 0.01260192 0.008588021 -426.6894 0.06600001 -0.0126 0.0126 
1786041769.149 0.01500192 0.01320978 0.008838004 0.01260192 0.008838004 -426.7211 0.06600001 -0.0126 0.0126 
1786041769.349 0.01500192 0.01720978 0.009024652 0.01260192 0.009024652 -426.7542 0.06600001 -0.0126 0.0126 
1786041769.530 0.01500192 0.01720978 0.009107969 0.01260192 0.009107969 -426.7859 0.06600001 -0.0126 0.0126 
1786041769.708 0.01000192 0.01320978 0.008391288 0.01260192 0.008391288 -426.8113 0.06600001 -0.0126 0.0126 
1786041769.876 0.01000192 0.01320978 0.02736483 0.007601922 0.02736483 -426.4453 0.06600001 0.0126 0.0126 
1786041770.042 0.01000192 0.01320978 -0.001283206 0.007601922 -0.001283206 -424.3422 0.06600001 0.0126 0.0126 
1786041770.208 0.005 -0.0117 -0.01133898 0.0074 -0.01133898 -423.7974 -1.660063e-08 0.0126 -0.0126 
1786041770.393 0.01 0.0043 9.101872e-05 0.0074 9.101872e-05 -423.8088 -1.660063e-08 0.0126 -0.0126 
1786041770.564 0.005 0.0083 0.005171016 0.0124 0.005171016 -423.8139 -1.660063e-08 0.0126 -0.0126 
1786041770.733 0.01 0.0083 0.006441015 0.0074 0.006441015 -423.8152 -1.660063e-08 0.0126 -0.0126 
1786041770.915 -0.009976412 -0.05674913 -0.004884766 -0.01237641 -0.004207206 -423.837 0.8174685 -0.0126 0.0126 
1786041771.086 -0.01493777 -0.02166257 -0.01189705 -0.01733777 -0.01189705 -424.0186 2.137372 -0.0126 0.0126 
1786041771.255 -0.01490002 -0.02163892 -0.01090219 -0.01730002 -0.01090219 -424.3704 3.43504 -0.0126 0.0126 
1786041771.427 -0.01486364 -0.01438019 -0.01151096 -0.01226342 -0.01111267 -424.8669 4.695288 -0.0126 0.0126 
1786041771.597 -0.01482602 -0.01561174 -0.01082046 -0.01722602 -0.01082046 -425.535 5.98491 -0.0126 0.0126 
1786041771.765 -0.01479 -0.01813886 -0.0113161 -0.01219 -0.0113161 -426.3312 7.237474 -0.0126 0.0126 
1786041771.943 -0.01475085 -0.01652835 -0.01133304 -0.01715085 -0.01133304 -427.3701 8.587372 -0.0126 0.0126 
1786041772.106 -0.01471549 -0.0175756 -0.01065101 -0.01211527 -0.01141652 -428.4712 9.825001 -0.0126 0.0126 
1786041772.267 -0.01468069 -0.01169625 -0.01043091 -0.01208069 -0.01043091 -429.6879 11.03244 -0.0126 0.0126 
1786041772.425 -0.009646673 -0.02009302 -0.01003786 -0.01204667 -0.01003786 -431.0252 12.22496 -0.0126 0.0126 
1786041772.586 -0.01461281 -0.01925948 -0.0112054 -0.01201281 -0.0112054 -432.4958 13.4175 -0.0126 0.0126 
1786041772.765 -0.01457595 -0.01172841 -0.01170147 -0.01197595 -0.01170147 -434.2599 14.72258 -0.0126 0.0126 
1786041772.927 -0.009540564 -0.01759786 -0.01036366 -0.01194056 -0.01036366 -436.1166 15.98241 -0.0126 0.0126 
1786041773.084 -0.01450749 -0.01055244 -0.01092977 -0.01190749 -0.01092977 -437.9962 17.16746 -0.0126 0.0126 
1786041773.242 -0.009474831 -0.01567899 -0.0104909 -0.01187483 -0.0104909 -439.9939 18.34494 -0.0126 0.0126 
1786041773.401 -0.01444198 -0.01307456 -0.01075265 -0.01184198 -0.01075265 -442.1465 19.53737 -0.0126 0.0126 
1786041773.559 -0.009427502 0.0532431 0.006768725 -0.006827502 0.006768725 -443.2476 20.066 -0.0126 0.0126 
1786041773.728 0.0155725 0.0212431 0.01017176 0.0131725 0.01017176 -443.8077 20.066 -0.0126 0.0126 
1786041773.893 0.0205725 0.0212431 0.01008146 0.0181725 0.01008146 -444.3576 20.066 -0.0126 0.0126 
1786041774.052 0.0155725 0.0172431 0.009831167 0.0181725 0.009831167 -444.8974 20.066 -0.0126 0.0126 
1786041774.211 0.0155725 0.0172431 0.008944217 0.0131725 0.008944217 -445.4231 20.066 -0.0126 0.0126 
1786041774.370 0.0155725 0.0172431 0.00980393 0.0131725 0.00980393 -445.954 20.066 -0.0126 0.0126 
1786041774.527 0.0155725 0.0172431 0.02342041 0.0131725 0.02342041 -446.3105 20.066 -0.00415 0.0126 
1786041774.690 0.0155725 0.0212431 0.003080554 0.0181725 0.003080554 -446.0342 20.066 -0.01255 0.0126 
1786041774.855 0.0105725 0.0172431 0.009670535 0.0131725 0.009670535 -446.0683 20.066 -0.0126 0.0126 
1786041775.015 0.0155725 0.0172431 0.009507187 0.0131725 0.009340521 -446.095 20.066 -0.0126 0.0126 
1786041775.174 0.0155725 0.0172431 0.009510506 0.0131725 0.009510506 -446.1216 20.066 -0.0126 0.0126 
1786041775.333 0.0105725 0.0132431 0.009680492 0.0131725 0.009680492 -446.1483 20.066 -0.0126 0.0126 
1786041775.493 0.0105725 0.0172431 0.008580478 0.0131725 0.008580478 -446.1737 20.066 -0.0126 0.0126 
1786041775.654 0.0105725 0.0132431 0.01310715 0.0131725 0.01310715 -446.1932 20.066 0.01015 0.0126 
1786041775.824 0.0105725 0.0132431 0.02836747 0.008172498 0.02836747 -445.5906 20.066 0.0126 0.0126 
1786041775.991 0.00556675 0.1383249 0.03049249 0.002966544 0.03049249 -443.0925 19.84848 0.0126 -0.0126 
1786041776.158 -0.01446831 0.007258959 -0.0123692 -0.01206831 -0.0123692 -440.4077 18.58119 0.0126 -0.0126 
1786041776.326 -0.01450364 -0.01028887 -0.01079558 -0.01710364 -0.01079558 -438.2246 17.3062 0.0126 -0.0126 
1786041776.496 -0.014539 -0.01698683 -0.01011148 -0.017139 -0.01011148 -436.2028 16.03841 0.0126 -0.0126 
1786041776.670 -0.014575 -0.01158352 -0.009314407 -0.01217522 -0.009314407 -434.299 14.74843 0.0126 -0.0126 
1786041776.831 -0.01460995 -0.01357052 -0.008890473 -0.01220995 -0.008890473 -432.629 13.51854 0.0126 -0.0126 
1786041776.989 -0.009643799 -0.01300861 -0.009025008 -0.0122438 -0.009025008 -431.1456 12.32603 0.0126 -0.0126 
1786041777.150 -0.0146778 -0.01497863 -0.008966129 -0.01227802 -0.008966129 -429.7893 11.12606 0.0126 -0.0126 
1786041777.308 -0.009712159 -0.009204588 -0.009746018 -0.01231216 -0.009746018 -428.5764 9.933501 0.0126 -0.0126 
1786041777.477 -0.009747291 -0.009151324 -0.008228557 -0.01234772 -0.008228557 -427.4639 8.696145 0.0126 -0.0126 
1786041777.641 -0.009783836 -0.01189748 -0.008218411 -0.01238384 -0.008218411 -426.486 7.443593 0.0126 -0.0126 
1786041777.803 -0.01481875 -0.01173443 -0.007776831 -0.01241897 -0.007776831 -425.6821 6.228535 0.0126 -0.0126 
1786041777.963 -0.01485375 -0.008197262 -0.008500111 -0.01245375 -0.008500111 -425.0268 5.028516 0.0126 -0.0126 
1786041778.121 -0.01488815 -0.009118954 -0.00799954 -0.01248815 -0.009016059 -424.5137 3.836053 0.0126 -0.0126 
1786041778.286 -0.009923697 -0.008550887 -0.008166317 -0.007523697 -0.008166317 -424.1339 2.621162 0.0126 -0.0126 
1786041778.453 -0.009960368 -0.01283518 -0.00853252 -0.01256037 -0.00853252 -423.8901 1.361169 0.0126 -0.0126 
1786041778.623 -0.009996422 -0.0350239 -0.006992183 -0.007596422 -0.006992183 -423.8025 0.1229533 0.0126 -0.0126 
1786041778.792 0.005 -0.0117 0.001361018 0.0074 0.001361018 -423.8101 1.477024e-08 0.0126 -0.0126 
1786041778.962 0.015 0.0123 0.01025101 0.0174 0.01025101 -423.819 1.477024e-08 0.0126 -0.0126 
1786041779.127 0.015 0.0163 0.01025101 0.0174 0.01152101 -423.8203 1.477024e-08 0.0126 -0.0126 
1786041779.289 0.01499994 0.02286775 0.009720828 0.01239994 0.009720828 -423.8178 -0.002731148 0.0094 -0.0126 
1786041779.456 -0.005031887 0.01429114 -0.002025699 -0.007631887 -0.002025699 -423.8649 -1.094829 -0.0126 -0.0126 
1786041779.620 -0.01006813 -0.004297894 -0.008904395 -0.01266813 -0.008904395 -424.0656 -2.339909 -0.0126 -0.0126 
1786041779.779 -0.01010303 -0.01083539 -0.009597822 -0.01270303 -0.009597822 -424.4072 -3.539847 -0.0126 -0.0126 
1786041779.947 -0.01013832 -0.01486043 -0.009392194 -0.007738318 -0.009392194 -424.8961 -4.762797 -0.0126 -0.0126 
1786041780.113 -0.01017485 -0.009843105 -0.009212011 -0.01277485 -0.008505974 -425.5591 -6.022496 -0.0126 -0.0126 
1786041780.275 -0.005210647 -0.009114841 -0.009310247 -0.007810647 -0.009310247 -426.349 -7.252423 -0.0126 -0.0126 
1786041780.434 -0.005245265 -0.005451606 -0.009308652 -0.007845265 -0.009308652 -427.2609 -8.452549 -0.0126 -0.0126 
1786041780.592 -0.005279346 -0.008585246 -0.009133311 -0.007879346 -0.009133311 -428.2972 -9.637403 -0.0126 -0.0126 
1786041780.751 -0.005313307 -0.01053909 -0.009994208 -0.007913307 -0.009994208 -429.4745 -10.83001 -0.0126 -0.0126 
1786041780.908 -0.01034713 -0.006087442 -0.008850666 -0.007947133 -0.008850666 -430.7724 -12.00743 -0.0126 -0.0126 
1786041781.078 -0.005382513 -0.009122399 -0.01035726 -0.007982513 -0.01035726 -432.285 -13.2524 -0.0126 -0.0126 
1786041781.245 -0.005418135 -0.005879424 -0.01030556 -0.008018135 -0.01030556 -433.9665 -14.51258 -0.0126 -0.0126 
1786041781.411 -0.005453344 -0.009399909 -0.009680226 -0.008053344 -0.009680226 -435.7864 -15.76487 -0.0126 -0.0126 
1786041781.575 -0.01048771 -0.005966085 -0.01105562 -0.00808771 -0.01105562 -437.7143 -16.99492 -0.0126 -0.0126 
1786041781.747 -0.01052227 -0.01421635 -0.008799527 -0.008122266 -0.008799527 -439.8123 -18.24028 -0.0126 -0.0126 
1786041781.920 -0.00555884 -0.009783349 -0.009449118 -0.008159046 -0.009449118 -442.2177 -19.57538 -0.0126 -0.0126 
1786041782.092 -0.0005688856 -0.02654705 0.009286627 0.001831114 0.009286627 -443.1257 -19.934 -0.0126 -0.0126 
1786041782.254 0.009431114 -0.002547052 0.00792633 0.01183111 0.00792633 -443.6744 -19.934 -0.0126 -0.0126 
1786041782.435 0.009431114 0.005452948 0.006886023 0.006831114 0.006886023 -444.2433 -19.934 -0.0126 -0.0126 
1786041782.597 0.004431114 0.005452948 0.006322381 0.006831114 0.006322381 -444.8161 -19.934 -0.0126 -0.0126 
1786041782.759 0.009431114 0.009452948 0.006072089 0.006831114 0.006072089 -445.3558 -19.934 -0.0126 -0.0126 
1786041782.918 0.009431114 0.009452948 0.006931802 0.01183111 0.006931802 -445.8867 -19.934 -0.0126 -0.0126 
1786041783.084 0.004431114 0.005452948 0.01401181 0.006831114 0.01401181 -445.8916 -19.934 0.0126 -0.0126 
1786041783.256 0.009431114 0.005452948 0.002865163 0.01183111 0.002865163 -445.8359 -19.934 -0.0126 -0.0126 
1786041783.426 0.004431114 0.005452948 0.007051812 0.006831114 0.007051812 -445.8689 -19.934 -0.0126 -0.0126 
1786041783.598 0.004431114 0.005452948 0.007428463 0.006831114 0.007428463 -445.8981 -19.934 -0.0126 -0.0126 
1786041783.765 0.009431114 0.005452948 0.006765115 0.006831114 0.006765115 -445.9248 -19.934 -0.0126 -0.0126 
1786041783.939 0.004431114 0.005452948 0.006641766 0.006831114 0.006641766 -445.954 -19.934 -0.0126 -0.0126 
1786041784.110 0.004431114 0.005452948 0.02469194 0.006831114 0.02469194 -445.6554 -19.934 0.0126 -0.0126 
1786041784.270 0.004431708 -0.04401841 0.01849155 0.01223171 0.01849155 -443.5637 -19.9123 0.0126 0.00415 
1786041784.433 -0.005537151 -0.02740116 -0.01202684 -0.002937151 -0.01202684 -440.7608 -18.77906 0.0126 0.0126 
1786041784.602 -0.01050249 -0.01092095 -0.008305667 -0.007902491 -0.008305667 -438.5942 -17.52669 0.0126 0.0126 
1786041784.773 -0.01046738 -0.01234371 -0.008568776 -0.007867382 -0.008568776 -436.5571 -16.26662 0.0126 0.0126 
1786041784.963 -0.005430147 -0.007925875 -0.008384629 -0.007829936 -0.008384629 -434.5606 -14.93149 0.0126 0.0126 
1786041785.149 -0.01038907 -0.01298031 -0.007706838 -0.01278886 -0.007706838 -432.5756 -13.47645 0.0126 0.0126 
1786041785.357 -0.005345182 -0.0084211 -0.006742826 -0.007744755 -0.006742826 -430.6783 -11.92402 0.0126 0.0126 
1786041785.533 -0.005306196 -0.01266474 -0.007616513 -0.007706196 -0.007616513 -429.2127 -10.56666 0.0126 0.0126 
1786041785.723 -0.01026509 -0.01035463 -0.007569501 -0.007665095 -0.007569501 -427.8423 -9.13414 0.0126 0.0126 
1786041785.902 -0.005227074 -0.01570675 -0.006789411 -0.007627074 -0.006789411 -426.7667 -7.821589 0.0126 0.0126 
1786041786.066 -0.01019024 -0.01140803 -0.006429187 -0.007590235 -0.006429187 -425.8802 -6.546391 0.0126 0.0126 
1786041786.237 -0.01015352 -0.009100084 -0.006630784 -0.007553302 -0.006630784 -425.1499 -5.271453 0.0126 0.0126 
1786041786.399 -0.005117383 -0.009228044 -0.007120481 -0.007517383 -0.007120481 -424.5911 -4.034036 0.0126 0.0126 
1786041786.558 -0.0100825 -0.007491352 -0.00739133 -0.007482499 -0.00739133 -424.1911 -2.833969 0.0126 0.0126 
1786041786.722 -0.005047143 -0.01606185 -0.006475785 -0.007447143 -0.006475785 -423.9295 -1.61906 0.0126 0.0126 
1786041786.881 -0.005012202 -0.009253533 -0.005891126 -0.007412202 -0.005891126 -423.8114 -0.4190455 0.0126 0.0126 
1786041787.045 -0.005 0.0523 -0.00244898 -0.0024 -0.00244898 -423.8063 -1.137215e-08 0.0126 0.0126 
1786041787.229 0.01 0.0123 0.003901017 0.0026 0.003901017 -423.8126 -1.137215e-08 0.0126 0.0126 
1786041787.401 0.005 0.0083 0.006441015 0.0076 0.006441015 -423.8152 -1.137215e-08 0.0126 0.0126 
1786041787.602 0.01 0.0123 0.006441015 0.0076 0.006441015 -423.8152 -1.137215e-08 0.0126 0.0126 
1786041787.773 0.005 0.0083 0.006441015 0.0076 0.006441015 -423.8152 -1.137215e-08 0.0126 0.0126 
1786041787.970 0.009996514 -0.005977722 -0.004501726 0.007396514 -0.004501726 -423.9627 -0.1198 -0.0126 -0.0126 
1786041788.147 0.01499651 0.01402228 0.007797938 0.01739651 0.007797938 -424.5888 -0.1198 -0.0126 -0.0126 
1786041788.318 0.01499651 0.01402228 0.009934289 0.01739651 0.009934289 -425.1705 -0.1198 -0.0126 -0.0126 
1786041788.481 0.01499651 0.01402228 0.009367327 0.01239651 0.009367327 -425.7166 -0.1198 -0.0126 -0.0126 
1786041788.654 0.01499651 0.01402228 0.009753695 0.01239651 0.00896036 -426.2728 -0.1198 -0.0126 -0.0126 
1786041788.848 0.01499651 0.01802228 0.008888353 0.01739651 0.008888353 -426.9027 -0.1198 -0.0126 -0.0126 
1786041789.053 0.009996514 0.01402228 -0.0007298682 0.01239651 -0.0008765356 -426.7138 -0.1198 0.0028 -0.0126 
1786041789.265 0.01499651 0.01402228 0.009333431 0.01739651 0.009166765 -426.758 -0.1198 -0.0126 -0.0126 
1786041789.442 0.009996514 0.01402228 0.008146748 0.01239651 0.008146748 -426.7884 -0.1198 -0.0126 -0.0126 
1786041789.614 0.009996514 0.01402228 0.008086733 0.01239651 0.008086733 -426.8164 -0.1198 -0.0126 -0.0126 
1786041789.808 0.01499651 0.01402228 0.008336716 0.01239651 0.008336716 -426.8481 -0.1198 -0.0126 -0.0126 
1786041790.006 0.009996514 0.01002228 0.008303366 0.01239651 0.008303366 -426.8799 -0.1198 -0.0126 -0.0126 
1786041790.206 0.009996514 0.01402228 0.02262011 0.01239651 0.02262011 -426.7527 -0.1198 0.0126 -0.0126 
1786041790.391 0.009996514 0.01402228 0.007142342 0.01239651 0.007142342 -424.5429 -0.1198 0.0126 -0.0126 
1786041790.579 0.005 0.0203 -0.01260897 0.0026 -0.01260897 -423.7961 1.477024e-08 0.0126 0.0126 
1786041790.779 -1.00045e-13 0.0043 -0.006258978 -0.0074 -0.006258978 -423.8025 1.477024e-08 0.0126 0.0126 
1786041790.981 -1.00045e-13 0.0003 -0.006258978 -0.0074 -0.006258978 -423.8025 1.477024e-08 0.0126 0.0126 
1786041791.173 -0.005 -0.0077 -0.006258978 -0.0074 -0.006258978 -423.8025 1.477024e-08 0.0126 0.0126 
1786041791.365 -0.004997765 -0.1186127 -0.005075578 -0.007397623 -0.005154144 -423.8039 0.08668916 -0.0126 0.0126 
1786041791.566 -0.01495396 -0.0221185 -0.009268636 -0.01235374 -0.009268636 -423.9221 1.589937 -0.0126 0.0126 
1786041791.772 -0.009908829 -0.01605084 -0.01010676 -0.01230883 -0.01010676 -424.2751 3.134838 -0.0126 0.0126 
1786041791.954 -0.01486877 -0.0153765 -0.008580874 -0.01226877 -0.008580874 -424.7882 4.514953 -0.0126 0.0126 
1786041792.149 -0.009825959 -0.01505306 -0.009063775 -0.01222574 -0.009063775 -425.5438 6.000122 -0.0126 0.0126 
1786041792.336 -0.00978673 -0.01536221 -0.009823391 -0.01218673 -0.009823391 -426.4151 7.349922 -0.0126 0.0126 
1786041792.525 -0.009746541 -0.01478116 -0.01044337 -0.007146541 -0.01043254 -427.506 8.752463 -0.0126 0.0126 
1786041792.699 -0.009706933 -0.01145192 -0.009924664 -0.01210672 -0.009924664 -428.7646 10.1325 -0.0126 0.0126 
1786041792.888 -0.009669205 -0.01290169 -0.009904157 -0.0120692 -0.009904157 -430.1298 11.44496 -0.0126 0.0126 
1786041793.086 -0.00962676 -0.01538289 -0.009962557 -0.01202676 -0.01040623 -431.9002 12.95292 -0.0126 0.0126 
1786041793.278 -0.009584145 -0.01021906 -0.01021128 -0.006984145 -0.01021128 -433.8636 14.44509 -0.0126 0.0126 
1786041793.484 -0.01454161 -0.01414875 -0.01055596 -0.01194161 -0.01055596 -436.0709 15.95991 -0.0126 0.0126 
1786041793.686 -0.009498975 -0.008376583 -0.009925696 -0.01189898 -0.009925696 -438.5182 17.48967 -0.0126 0.0126 
1786041793.908 -0.009453813 -0.01320098 -0.009771472 -0.006853606 -0.009771472 -441.3858 19.13253 -0.0126 0.0126 
1786041794.110 -0.0044331 0.05036851 0.007826041 -0.0018331 0.007826041 -442.9352 19.8802 -0.0126 0.0126 
1786041794.293 0.0155669 0.01836851 0.008222365 0.0131669 0.008222365 -443.5689 19.8802 -0.0126 0.0126 
1786041794.467 0.0105669 0.01436851 0.007818717 0.0131669 0.007818717 -444.1519 19.8802 -0.0126 0.0126 
1786041794.644 0.0105669 0.01436851 0.007891733 0.0131669 0.008368398 -444.7424 19.8802 -0.0126 0.0126 
1786041794.812 0.0105669 0.01436851 0.007804755 0.0131669 0.007804755 -445.3152 19.8802 -0.0126 0.0126 
1786041794.991 0.0105669 0.01436851 0.007241113 0.0081669 0.007241113 -445.888 19.8802 -0.0126 0.0126 
1786041795.175 0.0105669 0.01036851 0.0004812315 0.0131669 0.0004812315 -445.6935 19.8802 0.0126 0.0126 
1786041795.351 0.0105669 0.01436851 0.006621199 0.0131669 0.006621199 -445.7279 19.8802 -0.0126 0.0126 
1786041795.527 0.0105669 0.01036851 0.007601183 0.0081669 0.007601183 -445.7584 19.8802 -0.0126 0.0126 
1786041795.701 0.0105669 0.01436851 0.0081445 0.0131669 0.0081445 -445.7876 19.8802 -0.0126 0.0126 
1786041795.891 0.0105669 0.01036851 0.008394483 0.0131669 0.008227817 -445.8194 19.8802 -0.0126 0.0126 
1786041796.099 0.0105669 0.01036851 0.008281135 0.0131669 0.009551135 -445.8473 19.8802 -0.0126 0.0126 
1786041796.286 0.0105669 0.01436851 0.01484871 0.0081669 0.01484871 -444.1949 19.8802 0.0126 0.0126 
1786041796.476 -0.00445862 0.02440112 -0.01474921 -0.00705862 -0.01474921 -441.0503 18.95018 0.0126 -0.0126 
1786041796.658 -0.009495294 0.004286114 -0.00912495 -0.0120955 -0.00912495 -438.7288 17.61527 0.0126 -0.0126 
1786041796.825 -0.00953182 -0.007533714 -0.008007314 -0.01213182 -0.008007314 -436.6142 16.31019 0.0126 -0.0126 
1786041797.002 -0.01456901 -0.008194723 -0.008599311 -0.01216901 -0.008599311 -434.6241 14.98278 0.0126 -0.0126 
1786041797.174 -0.009604317 -0.009597589 -0.00878546 -0.01220432 -0.009056028 -432.8881 13.72233 0.0126 -0.0126 
1786041797.345 -0.009641515 -0.008607067 -0.00863012 -0.01224173 -0.00863012 -431.2396 12.41004 0.0126 -0.0126 
1786041797.512 -0.00967783 -0.009566695 -0.007507831 -0.00727783 -0.007507831 -429.8032 11.14266 0.0126 -0.0126 
1786041797.679 -0.009713445 -0.007590437 -0.008004747 -0.01231345 -0.008004747 -428.5396 9.897833 0.0126 -0.0126 
1786041797.845 -0.009748549 -0.006178545 -0.00658183 -0.007348764 -0.00658183 -427.4385 8.667636 0.0126 -0.0126 
1786041798.006 -0.009784199 -0.0106545 -0.007969373 -0.007384199 -0.007969373 -426.4796 7.437754 0.0126 -0.0126 
1786041798.170 -0.009819299 -0.007001382 -0.007662809 -0.0124193 -0.007662809 -425.677 6.222688 0.0126 -0.0126 
1786041798.335 -0.00985535 -0.01375366 -0.008173737 -0.00745535 -0.008173737 -425.0014 4.977685 0.0126 -0.0126 
1786041798.534 -0.00989735 -0.008439797 -0.007160778 -0.01249735 -0.007160778 -424.4057 3.530263 0.0126 -0.0126 
1786041798.740 -0.009938106 -0.01556176 -0.007792781 -0.007538761 -0.007792781 -424.0158 2.105064 0.0126 -0.0126 
1786041798.937 -0.009984137 -0.007628833 -0.007580308 -0.007584355 -0.007580308 -423.8152 0.5377655 0.0126 -0.0126 
1786041799.173 -1.00045e-13 -0.0157 0.001361018 0.0024 0.001361018 -423.8101 -1.660063e-08 0.0126 -0.0126 
1786041799.357 0.01 0.0083 0.008981014 0.0124 0.008981014 -423.8177 -1.660063e-08 0.0126 -0.0126 
1786041799.538 -2.924011e-05 0.02074964 0.0008416291 -0.00262924 0.0008416291 -423.8586 -1.004939 -0.0126 -0.0126 
1786041799.706 -0.01006676 0.002093147 -0.007442619 -0.007666758 -0.007442619 -424.0567 -2.294993 -0.0126 -0.0126 
1786041799.875 -0.01010337 -0.005411154 -0.007856312 -0.00770337 -0.007856312 -424.4135 -3.562287 -0.0126 -0.0126 
1786041800.045 -0.01014015 -0.008932828 -0.007965362 -0.01274015 -0.007965362 -424.9279 -4.822583 -0.0126 -0.0126 
1786041800.211 -0.01017621 -0.009881609 -0.007851548 -0.007776211 -0.007851548 -425.5845 -6.067443 -0.0126 -0.0126 
1786041800.376 -0.005212405 -0.009382093 -0.007589619 -0.007812405 -0.007589619 -426.396 -7.320078 -0.0126 -0.0126 
1786041800.541 -0.005248281 -0.005479177 -0.008511132 -0.007848281 -0.008511132 -427.3511 -8.564876 -0.0126 -0.0126 
1786041800.705 -0.0102834 -0.007171981 -0.008533868 -0.007883395 -0.008533868 -428.4344 -9.78752 -0.0126 -0.0126 
1786041800.873 -0.01031902 -0.006778818 -0.008922016 -0.007919023 -0.008922016 -429.684 -11.03242 -0.0126 -0.0126 
1786041801.048 -0.01035663 -0.01197169 -0.009530141 -0.007956632 -0.009530141 -431.1699 -12.35232 -0.0126 -0.0126 
1786041801.214 -0.01039193 -0.01033984 -0.009651264 -0.01299193 -0.009651264 -432.7232 -13.59751 -0.0126 -0.0126 
1786041801.376 -0.005426412 -0.004915552 -0.009580826 -0.008026412 -0.009580826 -434.3907 -14.81993 -0.0126 -0.0126 
1786041801.566 -0.005463635 -0.007955731 -0.009129822 -0.008063635 -0.009129822 -436.3604 -16.14722 -0.0126 -0.0126 
1786041801.770 -0.005507265 -0.00755296 -0.009559202 -0.008107473 -0.009559202 -438.9093 -17.73001 -0.0126 -0.0126 
1786041801.960 -0.01054557 -0.007713401 -0.008513314 -0.008145775 -0.009455121 -441.3452 -19.11008 -0.0126 -0.0126 
1786041802.143 -0.005573451 -0.08261989 0.01896167 -0.003173451 0.01896167 -443.2718 -20.1198 -0.0126 -0.0126 
1786041802.318 0.009426549 -0.002619889 0.0077947 0.01182655 0.0077947 -443.8306 -20.1198 -0.0126 -0.0126 
1786041802.488 0.01442655 0.005380111 0.007387732 0.01182655 0.007387732 -444.3868 -20.1198 -0.0126 -0.0126 
1786041802.657 0.009426549 0.009380111 0.008094089 0.01182655 0.008570754 -444.9647 -20.1198 -0.0126 -0.0126 
1786041802.844 0.009426549 0.009380111 0.007533765 0.006826549 0.007533765 -445.5603 -20.1198 -0.0126 -0.0126 
1786041803.020 0.01442655 0.009380111 0.008403436 0.006826549 0.008403436 -446.1712 -20.1198 -0.0126 -0.0126 
1786041803.199 0.009426549 0.009380111 0.01724339 0.01182655 0.01724339 -446.2878 -20.1198 0.0126 -0.0126 
1786041803.370 0.01442655 0.01338011 0.007036759 0.01182655 0.007036759 -446.1902 -20.1198 -0.0126 -0.0126 
1786041803.567 0.009426549 0.009380111 0.009763406 0.01182655 0.009763406 -446.2258 -20.1198 -0.0126 -0.0126 
1786041803.755 0.01442655 0.01338011 0.00924339 0.01182655 0.00924339 -446.2563 -20.1198 -0.0126 -0.0126 
1786041803.937 0.01442655 0.01338011 0.009993373 0.01182655 0.009993373 -446.288 -20.1198 -0.0126 -0.0126 
1786041804.110 0.009426549 0.009380111 0.008496691 0.01182655 0.008496691 -446.3147 -20.1198 -0.0126 -0.0126 
1786041804.299 0.009426549 0.009380111 0.02298345 0.01182655 0.02298345 -446.1761 -20.1198 0.0126 -0.0126 
1786041804.476 0.009426798 -0.01810364 0.01709072 0.0140268 0.01709072 -443.998 -20.11073 0.0126 -0.00415 
1786041804.662 -0.005539717 -0.02530709 -0.01259872 -0.007939717 -0.01259872 -440.9437 -18.88982 0.0126 0.0126 
1786041804.853 -0.01049949 -0.01563055 -0.009518025 -0.007899493 -0.009518025 -438.4138 -17.42735 0.0126 0.0126 
1786041805.035 -0.01546062 -0.01504005 -0.008442199 -0.01286041 -0.008442199 -436.1837 -16.03217 0.0126 0.0126 
1786041805.218 -0.01542169 -0.01416337 -0.008954879 -0.007821694 -0.008954879 -434.1542 -14.65233 0.0126 0.0126 
1786041805.389 -0.01038549 -0.01278024 -0.007445251 -0.01278528 -0.007445251 -432.4207 -13.36247 0.0126 0.0126 
1786041805.576 -0.01034568 -0.008479325 -0.008426446 -0.007745676 -0.008426446 -430.7202 -11.96732 0.0126 0.0126 
1786041805.761 -0.01030716 -0.01296425 -0.007603 -0.007707157 -0.007603 -429.252 -10.61734 0.0126 0.0126 
1786041805.940 -0.01026696 -0.009968751 -0.007924366 -0.007666961 -0.007924366 -427.9097 -9.214692 0.0126 0.0126 
1786041806.131 -0.01022747 -0.01236626 -0.006558333 -0.007627253 -0.006558333 -426.7743 -7.8349 0.0126 0.0126 
1786041806.318 -0.01018589 -0.009839149 -0.007342546 -0.007585678 -0.007342546 -425.7824 -6.394864 0.0126 0.0126 
1786041806.496 -0.01014746 -0.01214131 -0.007187512 -0.007547464 -0.007187512 -425.0458 -5.067262 0.0126 0.0126 
1786041806.663 -0.01011026 -0.01345717 -0.007457559 -0.007510261 -0.007457559 -424.4984 -3.792445 0.0126 0.0126 
1786041806.868 -0.005067115 -0.01361147 -0.007042139 -0.007466679 -0.006647882 -424.0552 -2.28493 0.0126 0.0126 
1786041807.035 -0.01002894 -0.01359353 -0.006538376 -0.007428725 -0.006538376 -423.8495 -0.9871695 0.0126 0.0126 
1786041807.196 -0.01 0.1443 -0.006258978 -0.0074 -0.006258978 -423.8025 -2.055707e-06 0.0126 0.0126 
1786041807.359 0.005 0.0203 -0.001178981 0.0026 -0.001178981 -423.8076 -1.137215e-08 0.0126 0.0126 
1786041807.523 0.01 0.0123 0.005171016 0.0076 0.005171016 -423.8139 -1.137215e-08 0.0126 0.0126 
1786041807.686 0.01 0.0123 0.007711015 0.0076 0.007711015 -423.8164 -1.137215e-08 0.0126 0.0126 
1786041807.850 0.01 0.0123 0.007711015 0.0126 0.007711015 -423.8164 -1.137215e-08 0.0126 0.0126 
1786041808.008 0.015 0.0123 0.007711015 0.0126 0.007711015 -423.8164 -1.137215e-08 0.0126 0.0126 
1786041808.167 0.015 0.0163 0.008981014 0.0126 0.008981014 -423.8177 -1.137215e-08 0.0126 0.0126 
1786041808.331 0.01500049 -0.03343169 0.009167095 0.01260049 0.009167095 -423.8179 0.01684668 -0.0126 0.0126 
1786041808.506 0.0100084 0.01922087 -0.0056294 0.007608404 -0.0056294 -424.0249 0.2894 -0.0126 0.0126 
1786041808.680 0.0100084 0.01122087 0.002223606 0.0126084 0.002223606 -424.6294 0.2894 -0.0126 0.0126 
1786041808.844 0.0100084 0.01122087 0.007213307 0.0126084 0.007213307 -425.1844 0.2894 -0.0126 0.0126 
1786041809.011 0.0100084 0.01122087 0.00712301 0.0126084 0.00712301 -425.7343 0.2894 -0.0126 0.0126 
1786041809.181 0.0100084 0.007220873 0.006876037 0.007608404 0.006876037 -426.3008 0.2894 -0.0126 0.0126 
1786041809.348 0.005008404 0.007220873 0.0061524 0.007608404 0.0061524 -426.8634 0.2894 -0.0126 0.0126 
1786041809.517 0.005008404 0.007220873 -0.0002986033 0.007608404 -0.0002986033 -426.6892 0.2894 0.0126 0.0126 
1786041809.680 0.0100084 0.01122087 0.004185812 0.0126084 0.004185812 -426.7173 0.2894 -0.0126 0.0126 
1786041809.845 0.0100084 0.01122087 0.007499129 0.0126084 0.007499129 -426.7478 0.2894 -0.0126 0.0126 
1786041810.006 0.0100084 0.01122087 0.007939114 0.0126084 0.007939114 -426.7757 0.2894 -0.0126 0.0126 
1786041810.178 0.0100084 0.01122087 0.008045766 0.0126084 0.008045766 -426.8037 0.2894 -0.0126 0.0126 
1786041810.350 0.0100084 0.01122087 0.008422417 0.007608404 0.008422417 -426.8329 0.2894 -0.0126 0.0126 
1786041810.551 0.0100084 0.01122087 0.01022242 0.0126084 0.01022242 -426.8513 0.2894 0.0124 0.0126 
1786041810.730 0.0100084 0.01122087 0.02580967 0.0126084 0.02580967 -425.7672 0.2894 0.0126 0.0126 
1786041810.902 0.01000725 0.09140472 -0.0179745 0.01060725 -0.0179745 -423.8711 0.2497616 0.0126 -0.01015 
1786041811.083 0.015 0.0043 9.101872e-05 0.0124 9.101872e-05 -423.8088 1.477024e-08 0.0126 -0.0126 
1786041811.253 0.02 0.0203 0.01152101 0.0174 0.01152101 -423.8203 1.477024e-08 0.0126 -0.0126 
1786041811.422 0.01000461 -0.1320281 0.009121299 0.01260481 0.009121299 -423.8192 0.165687 -0.0126 0.0126 
1786041811.604 -0.01495557 -0.02446036 -0.00886325 -0.01235557 -0.00886325 -423.9132 1.530017 -0.0126 0.0126 
1786041811.777 -0.01491792 -0.01536916 -0.01065937 -0.01231792 -0.01065937 -424.1849 2.827402 -0.0126 0.0126 
1786041811.956 -0.009879444 -0.01619287 -0.01069645 -0.01227944 -0.01069645 -424.6333 4.154839 -0.0126 0.0126 
1786041812.154 -0.01483865 -0.01209844 -0.01027933 -0.01223865 -0.01027933 -425.2962 5.565115 -0.0126 0.0126 
1786041812.328 -0.01479881 -0.01618072 -0.0110522 -0.01219881 -0.0110522 -426.1293 6.944884 -0.0126 0.0126 
1786041812.497 -0.009762324 -0.01250642 -0.009825547 -0.01216232 -0.009825547 -427.0577 8.212438 -0.0126 0.0126 
1786041812.669 -0.00972488 -0.01575136 -0.01014608 -0.01212488 -0.01014608 -428.1727 9.517598 -0.0126 0.0126 
1786041812.834 -0.009689504 -0.0119844 -0.0102558 -0.0120895 -0.0102558 -429.3805 10.75503 -0.0126 0.0126 
1786041813.026 -0.009649588 -0.01543932 -0.00961493 -0.01204959 -0.00961493 -430.9261 12.15757 -0.0126 0.0126 
1786041813.222 -0.009610729 -0.01347867 -0.0109264 -0.01201052 -0.0109264 -432.6266 13.53732 -0.0126 0.0126 
1786041813.419 -0.009567254 -0.01215249 -0.009816596 -0.01196725 -0.009816596 -434.7348 15.07511 -0.0126 0.0126 
1786041813.610 -0.009527016 -0.012876 -0.01111218 -0.01192681 -0.01111218 -436.9192 16.52242 -0.0126 0.0126 
1786041813.814 -0.009485213 -0.008854685 -0.01105525 -0.006885213 -0.01105525 -439.3894 18.02242 -0.0126 0.0126 
1786041813.993 -0.009447257 -0.009931037 -0.01031637 -0.01184705 -0.01016753 -441.8595 19.40995 -0.0126 0.0126 
1786041814.169 -0.009423031 0.08328572 0.02309979 -0.006823031 0.02309979 -443.555 20.2894 -0.0126 0.0126 
1786041814.347 0.01557697 0.02328572 0.009566151 0.01317697 0.009566151 -444.1265 20.2894 -0.0126 0.0126 
1786041814.525 0.02057697 0.02328572 0.009639168 0.01817697 0.009639168 -444.7132 20.2894 -0.0126 0.0126 
1786041814.693 0.01557697 0.01928572 0.01034552 0.01817697 0.01082219 -445.2911 20.2894 -0.0126 0.0126 
1786041814.869 0.02057697 0.02328572 0.01152855 0.01817697 0.01152855 -445.8651 20.2894 -0.0126 0.0126 
1786041815.052 0.02057697 0.01928572 0.01112822 0.01817697 0.01112822 -446.4747 20.2894 -0.0126 0.0126 
1786041815.227 0.01557697 0.01928572 0.02395753 0.01817697 0.02395753 -446.7387 20.2894 0.0126 0.0126 
1786041815.403 0.02057697 0.01928572 0.009578175 0.01817697 0.009411509 -446.5509 20.2894 -0.0126 0.0126 
1786041815.580 0.01557697 0.01928572 0.009891492 0.01817697 0.009891492 -446.5814 20.2894 -0.0126 0.0126 
1786041815.765 0.01557697 0.01928572 0.009538142 0.01317697 0.009538142 -446.6119 20.2894 -0.0126 0.0126 
1786041815.938 0.01557697 0.01528572 0.009914793 0.01317697 0.009914793 -446.6411 20.2894 -0.0126 0.0126 
1786041816.107 0.01557697 0.01528572 0.008584779 0.01317697 0.008584779 -446.6677 20.2894 -0.0126 0.0126 
1786041816.272 0.01557697 0.01528572 0.008994766 0.01317697 0.008994766 -446.6906 20.2894 -0.0126 0.0126 
1786041816.444 0.01057697 0.01128572 0.02832172 0.01317697 0.02832172 -446.1926 20.2894 0.0126 0.0126 
1786041816.604 0.01057548 0.09989229 0.02566863 0.01377548 0.0263979 -443.9955 20.23054 0.0126 -0.0124 
1786041816.772 -0.01445708 0.001437183 -0.01444294 -0.01705708 -0.01444294 -441.1875 19.04448 0.0126 -0.0126 
1786041816.967 -0.01449532 -0.01500705 -0.01244235 -0.01709553 -0.01244235 -438.7542 17.64201 0.0126 -0.0126 
1786041817.172 -0.01453888 -0.01541985 -0.009989349 -0.01713888 -0.009989349 -436.2459 16.08197 0.0126 -0.0126 
1786041817.361 -0.01457941 -0.01439549 -0.009997034 -0.01717941 -0.009997034 -434.1187 14.64197 0.0126 -0.0126 
1786041817.576 -0.0146236 -0.01292617 -0.009513013 -0.01222403 -0.009775047 -431.9991 13.04451 0.0126 -0.0126 
1786041817.779 -0.01466616 -0.01053883 -0.009039548 -0.01226616 -0.009039548 -430.2617 11.57434 0.0126 -0.0126 
1786041817.983 -0.01470937 -0.009501717 -0.009504621 -0.01230937 -0.009504621 -428.6844 10.05935 0.0126 -0.0126 
1786041818.161 -0.01474999 -0.01234841 -0.008529056 -0.01234999 -0.008529056 -427.408 8.641972 0.0126 -0.0126 
1786041818.325 -0.01478644 -0.01391357 -0.009372111 -0.01238665 -0.009372111 -426.4225 7.366866 0.0126 -0.0126 
1786041818.492 -0.01482169 -0.01017979 -0.008704925 -0.01242212 -0.008704925 -425.6211 6.136813 0.0126 -0.0126 
1786041818.662 -0.01485898 -0.01668368 -0.007931504 -0.01245898 -0.007931504 -424.9442 4.861949 0.0126 -0.0126 
1786041818.830 -0.01489547 -0.01159712 -0.007872307 -0.01249547 -0.007872307 -424.4286 3.601909 0.0126 -0.0126 
1786041819.016 -0.01493549 -0.01583359 -0.008614102 -0.01253571 -0.008614102 -424.0374 2.214297 0.0126 -0.0126 
1786041819.191 -0.01497294 -0.01202635 -0.007651533 -0.01257294 -0.007651533 -423.8431 0.9317677 0.0126 -0.0126 
1786041819.358 -0.01 -0.1117 -0.006258978 -0.0126 -0.006258978 -423.8025 -1.660063e-08 0.0126 -0.0126 
1786041819.539 0.02 0.0163 0.01279101 0.0224 0.01279101 -423.8215 -1.660063e-08 0.0126 -0.0126 
1786041819.758 0.025 0.0283 0.01533101 0.0274 0.01533101 -423.8241 -1.660063e-08 0.0126 -0.0126 
1786041819.952 0.025 0.0243 0.01406101 0.0274 0.01406101 -423.8228 -1.660063e-08 0.0126 -0.0126 
1786041820.158 0.004983665 0.06161271 0.003614993 0.002383447 0.003614993 -423.8281 -0.5699653 -0.0126 -0.0126 
1786041820.344 -0.01005836 -0.006015653 -0.009811589 -0.01265858 -0.01000328 -423.9957 -2.017408 -0.0126 -0.0126 
1786041820.534 -0.01509882 -0.01381886 -0.01078817 -0.01269882 -0.01078817 -424.3589 -3.404895 -0.0126 -0.0126 
1786041820.710 -0.01013814 -0.0120706 -0.01101312 -0.01773814 -0.01101312 -424.8987 -4.770255 -0.0126 -0.0126 
1786041820.886 -0.01517587 -0.01730157 -0.01008762 -0.01277609 -0.01008762 -425.5832 -6.07504 -0.0126 -0.0126 
1786041821.079 -0.01021696 -0.01348421 -0.00942726 -0.01281718 -0.00942726 -426.5179 -7.499952 -0.0126 -0.0126 
1786041821.247 -0.01025426 -0.01513732 -0.0108808 -0.01285426 -0.0108808 -427.5301 -8.789894 -0.0126 -0.0126 
1786041821.414 -0.01029036 -0.01323236 -0.01036251 -0.01289036 -0.01036251 -428.6744 -10.04978 -0.0126 -0.0126 
1786041821.611 -0.01533059 -0.01057694 -0.01107292 -0.0129308 -0.01107292 -430.1412 -11.46743 -0.0126 -0.0126 
1786041821.808 -0.01537146 -0.01195813 -0.01013506 -0.01297146 -0.01013506 -431.8189 -12.89998 -0.0126 -0.0126 
1786041822.007 -0.01041337 -0.01236798 -0.01086373 -0.01301337 -0.01086373 -433.7607 -14.38506 -0.0126 -0.0126 
1786041822.206 -0.01045646 -0.01376427 -0.01108773 -0.01305646 -0.01108773 -435.9896 -15.92248 -0.0126 -0.0126 
1786041822.397 -0.01049715 -0.01081803 -0.01027881 -0.01309715 -0.01027881 -438.315 -17.39255 -0.0126 -0.0126 
1786041822.579 -0.01053442 -0.01642802 -0.01053249 -0.01313463 -0.01053249 -440.6492 -18.74258 -0.0126 -0.0126 
1786041822.761 -0.01056117 -0.09924774 0.02474917 -0.01316117 0.02474917 -442.4539 -19.7106 -0.0126 -0.0126 
1786041822.941 0.009438825 -0.007247738 0.006572207 0.006838825 0.006572207 -443.0089 -19.7106 -0.0126 -0.0126 
1786041823.114 0.009438825 0.0007522618 0.006325235 0.006838825 0.006325235 -443.5753 -19.7106 -0.0126 -0.0126 
1786041823.303 0.009438825 0.004752262 0.00640157 0.006838825 0.00640157 -444.1963 -19.7106 -0.0126 -0.0126 
1786041823.474 0.009438825 0.008752262 0.006474587 0.006838825 0.006474587 -444.7754 -19.7106 -0.0126 -0.0126 
1786041823.640 0.009438825 0.008752262 0.006704279 0.01183883 0.006704279 -445.3457 -19.7106 -0.0126 -0.0126 
1786041823.811 0.009438825 0.008752262 0.02078083 0.01183883 0.02078083 -445.5906 -19.7106 0.0126 -0.0126 
1786041823.980 0.009438825 0.008752262 0.002937581 0.01183883 0.002937581 -445.4028 -19.7106 -0.0126 -0.0126 
1786041824.150 0.009438825 0.008752262 0.006520897 0.01183883 0.006520897 -445.4346 -19.7106 -0.0126 -0.0126 
1786041824.338 0.004438825 0.004752262 0.006167547 0.006838825 0.006000881 -445.4651 -19.7106 -0.0126 -0.0126 
1786041824.523 0.004438825 0.004752262 0.005814198 0.006838825 0.005814198 -445.4955 -19.7106 -0.0126 -0.0126 
1786041824.702 0.004438825 0.004752262 0.004254183 0.001838825 0.004254183 -445.5235 -19.7106 -0.0126 -0.0126 
1786041824.887 -0.0005611746 0.0007522618 0.01046084 -0.008161175 0.01046084 -445.5491 -19.7106 0.0054 -0.0126 
1786041825.065 -0.005561175 0.0007522618 0.02510801 -0.003161175 0.02510801 -444.6355 -19.7106 0.0126 -0.0126 
1786041825.233 -0.005551322 -0.1010153 0.01456654 -0.007951322 0.01456654 -441.9571 -19.35075 0.0126 0.0126 
1786041825.402 -0.01051646 -0.01498823 -0.01000135 -0.01291646 -0.01000135 -439.4946 -18.08304 0.0126 0.0126 
1786041825.578 -0.01048093 -0.01687022 -0.009049125 -0.01288093 -0.009049125 -437.3635 -16.80047 0.0126 0.0126 
1786041825.771 -0.01044222 -0.01414239 -0.008138507 -0.01284201 -0.008138507 -435.2185 -15.40571 0.0126 0.0126 
1786041825.943 -0.01040388 -0.01567354 -0.00810596 -0.01280388 -0.00810596 -433.3046 -14.04065 0.0126 0.0126 
1786041826.125 -0.01036659 -0.01361441 -0.008432461 -0.007766593 -0.008432461 -431.6092 -12.72809 0.0126 0.0126 
1786041826.292 -0.01032932 -0.0127147 -0.008172112 -0.007729108 -0.008172112 -430.0788 -11.40811 0.0126 0.0126 
1786041826.473 -0.01029273 -0.01546915 -0.008771032 -0.007692735 -0.008771032 -428.7567 -10.13319 0.0126 0.0126 
1786041826.652 -0.01025299 -0.01162701 -0.006592197 -0.007652773 -0.006592197 -427.4906 -8.738139 0.0126 0.0126 
1786041826.842 -0.01021266 -0.01365728 -0.007479957 -0.007612445 -0.007479957 -426.4022 -7.335579 0.0126 0.0126 
1786041827.012 -0.01017459 -0.01154941 -0.006623948 -0.00757459 -0.006623948 -425.5513 -6.015674 0.0126 0.0126 
1786041827.185 -0.01013686 -0.01093815 -0.006494049 -0.01253664 -0.006494049 -424.8756 -4.710759 0.0126 0.0126 
1786041827.361 -0.01009993 -0.006883806 -0.007098871 -0.01249993 -0.007098871 -424.3752 -3.443112 0.0126 0.0126 
1786041827.539 -0.01006034 -0.0125561 -0.006737665 -0.007460117 -0.006737665 -424.0095 -2.070645 0.0126 0.0126 
1786041827.722 -0.01002158 -0.002394094 -0.006315999 -0.007421361 -0.005779243 -423.8291 -0.7357851 0.0126 0.0126 
1786041827.892 -0.005 0.0683 -0.003718979 -0.0024 -0.00244898 -423.8063 1.477024e-08 0.0126 0.0126 
1786041828.081 0.02 0.0283 0.01025101 0.0176 0.01025101 -423.819 1.477024e-08 0.0126 0.0126 
1786041828.273 0.015 0.0163 0.008981014 0.0176 0.008981014 -423.8177 1.477024e-08 0.0126 0.0126 
1786041828.436 0.015 0.0163 0.008981014 0.0126 0.008981014 -423.8177 1.477024e-08 0.0126 0.0126 
1786041828.597 0.01 0.0163 0.007711015 0.0126 0.007711015 -423.8164 1.477024e-08 0.0126 0.0126 
1786041828.758 0.015 0.0163 0.008981014 0.0126 0.008981014 -423.8177 1.477024e-08 0.0126 0.0126 
1786041828.946 0.005007255 0.05472554 0.00609752 0.002607255 0.00609752 -423.8179 0.2495 -0.0126 0.0126 
1786041829.116 0.02500725 0.03072554 0.01243389 0.02760725 0.01243389 -424.3653 0.2495 -0.0126 0.0126 
1786041829.297 0.02000725 0.02672554 0.01330024 0.02260725 0.01330024 -424.9495 0.2495 -0.0126 0.0126 
1786041829.474 0.02000725 0.02272554 0.01305991 0.02260725 0.01305991 -425.5718 0.2495 -0.0126 0.0126 
1786041829.646 0.02000725 0.02272554 0.01170293 0.01760725 0.01170293 -426.1446 0.2495 -0.0126 0.0126 
1786041829.815 0.01500725 0.01872554 0.0108193 0.01760725 0.0108193 -426.697 0.2495 -0.0126 0.0126 
1786041829.984 0.01000725 0.01472554 0.01583929 0.01260725 0.01583929 -426.7298 0.2495 0.0126 0.0126 
1786041830.156 0.01000725 0.01072554 0.001269326 0.007607255 0.001269326 -426.6462 0.2495 -0.0126 0.0126 
1786041830.330 0.01000725 0.01072554 0.004185976 0.002607255 0.004185976 -426.678 0.2495 -0.0126 0.0126 
1786041830.502 0.01000725 0.01072554 0.005332626 0.007607255 0.005332626 -426.7084 0.2495 -0.0126 0.0126 
1786041830.674 0.005007255 0.01072554 0.006375943 0.002607255 0.006375943 -426.7376 0.2495 -0.0126 0.0126 
1786041830.843 0.01000725 0.01072554 0.005649262 0.007607255 0.005649262 -426.7656 0.2495 -0.0126 0.0126 
1786041831.016 0.01000725 0.01072554 0.006359246 0.007607255 0.006359246 -426.7948 0.2495 -0.0126 0.0126 
1786041831.186 0.01000725 0.01072554 0.01871597 0.007607255 0.01871597 -426.7146 0.2495 0.0126 0.0126 
1786041831.366 0.01000725 0.01072554 0.01090027 0.007607255 0.01026361 -424.9099 0.2495 0.0126 0.0126 
1786041831.544 -1.00045e-13 -0.0557 -0.01768897 -0.0026 -0.01768897 -423.791 -1.660063e-08 0.0126 -0.0126 
1786041831.715 0.01 0.0003 0.001361018 0.0074 0.001361018 -423.8101 -1.660063e-08 0.0126 -0.0126 
1786041831.881 0.01 0.0083 0.008981014 0.0074 0.008981014 -423.8177 -1.660063e-08 0.0126 -0.0126 
1786041832.055 0.005 0.0083 0.007711015 0.0074 0.007711015 -423.8164 -1.660063e-08 0.0126 -0.0126 
1786041832.219 0.01 0.0083 0.006441015 0.0074 0.006441015 -423.8152 -1.660063e-08 0.0126 -0.0126 
1786041832.407 -0.009977974 -0.06229477 -0.003387741 -0.01237797 -0.003387741 -423.8332 0.757187 -0.0126 0.0126 
1786041832.599 -0.01493655 -0.0211131 -0.01208504 -0.01233655 -0.01208504 -424.0275 2.189939 -0.0126 0.0126 
1786041832.789 -0.01489408 -0.02027279 -0.01091044 -0.01729408 -0.01091044 -424.4415 3.64492 -0.0126 0.0126 
1786041832.977 -0.01485342 -0.01984444 -0.01172739 -0.0122532 -0.01172739 -425.0346 5.054974 -0.0126 0.0126 
1786041833.149 -0.01481588 -0.02018704 -0.01076095 -0.01721588 -0.01076095 -425.747 6.344975 -0.0126 0.0126 
1786041833.339 -0.01477433 -0.01745394 -0.01063448 -0.01217411 -0.01063448 -426.7364 7.792385 -0.0126 0.0126 
1786041833.525 -0.01473658 -0.01793553 -0.01067787 -0.01713658 -0.01067787 -427.8006 9.097428 -0.0126 0.0126 
1786041833.724 -0.009694032 -0.01921953 -0.01030134 -0.01209403 -0.010461 -429.2408 10.61242 -0.0126 0.0126 
1786041833.895 -0.01465511 -0.01816978 -0.01126532 -0.01205489 -0.01126532 -430.6988 11.95507 -0.0126 0.0126 
1786041834.066 -0.0146185 -0.01286314 -0.01124255 -0.0120185 -0.01124255 -432.252 13.23751 -0.0126 0.0126 
1786041834.249 -0.009580397 -0.009879638 -0.01167796 -0.01198019 -0.01074067 -434.0655 14.59491 -0.0126 0.0126 
1786041834.419 -0.01454379 -0.0140832 -0.01039147 -0.01194379 -0.01039147 -435.9604 15.89231 -0.0126 0.0126 
1786041834.616 -0.009503039 -0.01229037 -0.01105241 -0.01190304 -0.01105241 -438.2832 17.35477 -0.0126 0.0126 
1786041834.787 -0.009466952 -0.01236016 -0.01114029 -0.006866952 -0.01114029 -440.5235 18.65989 -0.0126 0.0126 
1786041834.949 -0.0144334 -0.01288373 -0.01148513 -0.0118334 -0.01148513 -442.7638 19.88247 -0.0126 0.0126 
1786041835.108 -0.004423373 0.04473035 0.006500804 -0.001823373 0.006500804 -443.6388 20.2495 -0.0126 0.0126 
1786041835.276 0.0005766266 0.01273035 0.007363837 0.008176627 0.007363837 -444.1963 20.2495 -0.0126 0.0126 
1786041835.444 0.005576627 0.01273035 0.007750204 0.008176627 0.007750204 -444.75 20.2495 -0.0126 0.0126 
1786041835.638 0.01057663 0.01273035 0.007986534 0.008176627 0.007986534 -445.3736 20.2495 -0.0126 0.0126 
1786041835.824 0.01057663 0.01673035 0.008859523 0.01317663 0.008066189 -446.0137 20.2495 -0.0126 0.0126 
1786041835.999 0.01057663 0.01273035 0.01239921 0.01317663 0.01239921 -446.5915 20.2495 -0.0126 0.0126 
1786041836.183 0.005576627 0.01273035 0.001975988 0.008176627 0.001975988 -446.4102 20.2495 0.01135 0.0126 
1786041836.369 0.005576627 0.01273035 0.007639287 0.008176627 0.007639287 -446.448 20.2495 -0.0126 0.0126 
1786041836.555 0.005576627 0.008730345 0.007619271 0.008176627 0.007619271 -446.4785 20.2495 -0.0126 0.0126 
1786041836.753 0.005576627 0.008730345 0.007369254 0.008176627 0.007369254 -446.5103 20.2495 -0.0126 0.0126 
1786041836.942 0.005576627 0.008730345 0.006015904 0.003176627 0.007119237 -446.542 20.2495 -0.0126 0.0126 
1786041837.115 0.005576627 0.008730345 0.02079598 0.003176627 0.02079598 -446.4313 20.2495 0.0126 0.0126 
1786041837.281 0.005576627 0.008730345 0.009820324 0.003176627 0.009820324 -444.5543 20.2495 0.0126 0.0126 
1786041837.470 -0.004452525 0.01562557 -0.01385018 -0.007052731 -0.01385018 -441.4517 19.17719 0.0126 -0.0126 
1786041837.647 -0.009490579 3.425412e-05 -0.00955472 -0.007090579 -0.00955472 -439.0387 17.80447 0.0126 -0.0126 
1786041837.817 -0.009526419 -0.01108196 -0.009288928 -0.01212642 -0.009288928 -436.9254 16.5145 0.0126 -0.0126 
1786041837.992 -0.009562709 -0.008161454 -0.009211783 -0.01216271 -0.009211783 -434.9556 15.21711 0.0126 -0.0126 
1786041838.160 -0.009598588 -0.01169026 -0.008703642 -0.01219859 -0.008703642 -433.1738 13.94197 0.0126 -0.0126 
1786041838.345 -0.009636156 -0.01276934 -0.0084089 -0.007236156 -0.0084089 -431.4809 12.61433 0.0126 -0.0126 
1786041838.520 -0.009674775 -0.005158437 -0.007606005 -0.01227477 -0.007606005 -429.9226 11.25702 0.0126 -0.0126 
1786041838.709 -0.00971465 -0.00848174 -0.008296673 -0.007314865 -0.008296673 -428.4951 9.854411 0.0126 -0.0126 
1786041838.931 -0.009759873 -0.01140529 -0.008267089 -0.0123603 -0.008267089 -427.1108 8.264538 0.0126 -0.0126 
1786041839.102 -0.00980008 -0.00965294 -0.008021222 -0.01240008 -0.008021222 -426.0999 6.892021 0.0126 -0.0126 
1786041839.274 -0.0098378 -0.005523222 -0.007776309 -0.0074378 -0.007776309 -425.3125 5.587042 0.0126 -0.0126 
1786041839.468 -0.009877128 -0.01057303 -0.007930924 -0.007477128 -0.007930924 -424.6673 4.229385 0.0126 -0.0126 
1786041839.651 -0.00991892 -0.008852075 -0.007369309 -0.00751892 -0.007369309 -424.1784 2.789596 0.0126 -0.0126 
1786041839.816 -0.009956185 -0.01174235 -0.008364882 -0.007556185 -0.008364882 -423.9104 1.507063 0.0126 -0.0126 
1786041839.976 -0.009991291 -0.002942375 -0.006797 -0.007591291 -0.006797 -423.8063 0.299536 0.0126 -0.0126 
1786041840.139 -0.005 -0.0317 -0.001178981 -0.0026 -0.001178981 -423.8076 1.477024e-08 0.0126 -0.0126 
1786041840.313 -1.363742e-06 0.08075547 0.003254178 0.002398636 0.003254178 -423.8121 -0.05067382 -0.0118 -0.0126 
1786041840.505 -0.005040341 0.008196854 -0.003591728 -0.007640777 -0.003591728 -423.9005 -1.402659 -0.0126 -0.0126 
1786041840.678 -0.005080877 0.002624067 -0.009089824 -0.007680877 -0.009089824 -424.1748 -2.782342 -0.0126 -0.0126 
1786041840.841 -0.01011723 -0.006159113 -0.00863723 -0.007717231 -0.00863723 -424.5888 -4.034974 -0.0126 -0.0126 
1786041841.005 -0.005152661 -0.007538923 -0.008654693 -0.007752661 -0.008654693 -425.1387 -5.257557 -0.0126 -0.0126 
1786041841.164 -0.005187805 -0.007576529 -0.008515277 -0.007787805 -0.008515277 -425.8283 -6.472479 -0.0126 -0.0126 
1786041841.324 -0.005222216 -0.003575108 -0.008121933 -0.007822216 -0.008121933 -426.6437 -7.664914 -0.0126 -0.0126 
1786041841.486 -0.005257177 -0.002499282 -0.008649734 -0.007857177 -0.008649734 -427.6139 -8.879977 -0.0126 -0.0126 
1786041841.653 -0.005292452 -0.009500052 -0.008943002 -0.007892452 -0.008943002 -428.7404 -10.10994 -0.0126 -0.0126 
1786041841.816 -0.00532802 -0.004567611 -0.007422774 -0.00792802 -0.007422774 -430.0295 -11.35498 -0.0126 -0.0126 
1786041841.976 -0.005362368 -0.008466535 -0.00877049 -0.007962368 -0.00877049 -431.4176 -12.56239 -0.0126 -0.0126 
1786041842.136 -0.005396132 -0.004012436 -0.008855431 -0.002996132 -0.008855431 -432.9251 -13.75491 -0.0126 -0.0126 
1786041842.294 -0.005429514 -0.004571938 -0.008885756 -0.003029514 -0.008885756 -434.5558 -14.94001 -0.0126 -0.0126 
1786041842.455 -0.005463131 -0.004198051 -0.00862191 -0.003063131 -0.00862191 -436.3528 -16.14747 -0.0126 -0.0126 
1786041842.624 -0.005497794 -0.004104587 -0.008720178 -0.003097794 -0.008720178 -438.3353 -17.3849 -0.0126 -0.0126 
1786041842.793 -0.005532841 -0.01050197 -0.009246672 -0.003132841 -0.009246672 -440.5121 -18.65241 -0.0126 -0.0126 
1786041842.958 -0.005562979 -0.1345517 0.03595604 -0.003162987 0.03669053 -442.5631 -19.75032 -0.0126 -0.0126 
1786041843.125 -0.0005629919 -0.01215854 0.008016583 0.006837008 0.008016583 -442.9759 -19.7505 -0.0126 -0.0126 
1786041843.307 0.009437008 -0.0001585449 0.007296265 0.006837008 0.007296265 -443.5651 -19.7505 -0.0126 -0.0126 
1786041843.482 0.009437008 0.007841455 0.007212606 0.006837008 0.007212606 -444.1684 -19.7505 -0.0126 -0.0126 
1786041843.644 0.004437008 0.003841455 0.007915644 0.006837008 0.007915644 -444.7158 -19.7505 -0.0126 -0.0126 
1786041843.810 0.009437008 0.007841455 0.008142017 0.01183701 0.008142017 -445.2593 -19.7505 -0.0126 -0.0126 
1786041843.980 0.004437008 0.003841455 0.01818843 0.006837008 0.01818843 -445.7216 -19.7505 -0.0126 -0.0126 
1786041844.145 0.004437008 0.007841455 -0.0006314284 0.006837008 -0.0006314284 -445.4671 -19.7505 -0.01215 -0.0126 
1786041844.324 0.009437008 0.007841455 0.007835218 0.006837008 0.007835218 -445.5044 -19.7505 -0.0126 -0.0126 
1786041844.508 0.004437008 0.007841455 0.008648535 0.006837008 0.008648535 -445.5349 -19.7505 -0.0126 -0.0126 
1786041844.680 0.004437008 0.007841455 0.008628518 0.006837008 0.008628518 -445.5654 -19.7505 -0.0126 -0.0126 
1786041844.845 0.009437008 0.01184146 0.009838502 0.01183701 0.009838502 -445.5946 -19.7505 -0.0126 -0.0126 
1786041845.008 0.009437008 0.01184146 0.009508488 0.01183701 0.009508488 -445.6213 -19.7505 -0.0126 -0.0126 
1786041845.174 0.009437008 0.01184146 0.0117385 0.01183701 0.0117385 -445.6198 -19.7505 0.0126 -0.0126 
1786041845.345 0.009437008 0.01184146 0.01859262 0.01183701 0.01859262 -444.1606 -19.7505 0.0126 -0.0126 
1786041845.515 0.004456138 -0.05368126 -0.009144184 0.002056138 -0.009144184 -441.2434 -19.04547 0.0126 0.0126 
1786041845.705 -0.01050848 -0.01522444 -0.009023639 -0.00790848 -0.009023639 -438.9815 -17.77075 0.0126 0.0126 
1786041845.875 -0.005468868 -0.01652221 -0.007992037 -0.007868868 -0.007992037 -436.6612 -16.34561 0.0126 0.0126 
1786041846.039 -0.01043444 -0.01127855 -0.009063372 -0.007834443 -0.009063372 -434.8083 -15.11542 0.0126 0.0126 
1786041846.227 -0.005397276 -0.0140178 -0.008231249 -0.007797064 -0.008231249 -432.9693 -13.78806 0.0126 0.0126 
1786041846.432 -0.00535436 -0.01056922 -0.008690866 -0.007754147 -0.008690866 -431.072 -12.273 0.0126 0.0126 
1786041846.614 -0.01031248 -0.01200201 -0.0092927 -0.007712482 -0.0092927 -429.4464 -10.80998 0.0126 0.0126 
1786041846.780 -0.01027685 -0.01286332 -0.008115528 -0.007676852 -0.008115528 -428.2246 -9.565557 0.0126 0.0126 
1786041846.944 -0.01024131 -0.009477416 -0.007440684 -0.007641307 -0.007440684 -427.1565 -8.32808 0.0126 0.0126 
1786041847.107 -0.01020608 -0.01425777 -0.006371269 -0.007605866 -0.006371269 -426.2409 -7.097846 0.0126 0.0126 
1786041847.285 -0.01016773 -0.006386074 -0.007392761 -0.007567726 -0.007392761 -425.4179 -5.778152 0.0126 0.0126 
1786041847.452 -0.01013124 -0.01533217 -0.006925318 -0.007531237 -0.006925318 -424.7905 -4.518021 0.0126 0.0126 
1786041847.624 -0.005094248 -0.007566489 -0.007809231 -0.007494248 -0.007809231 -424.3105 -3.243029 0.0126 0.0126 
1786041847.792 -0.005057214 -0.008713993 -0.007248933 -0.007457214 -0.007091317 -423.9879 -1.960617 0.0126 0.0126 
1786041847.965 -0.0100195 -0.008215401 -0.00772706 -0.007419496 -0.00772706 -423.8228 -0.6705813 0.0126 0.0126 
1786041848.141 -0.005 0.0603 -0.004988979 -0.0024 -0.004988979 -423.8037 1.477024e-08 0.0126 0.0126 
1786041848.316 -0.005 0.0123 0.001361018 -0.0024 0.001361018 -423.8101 1.477024e-08 0.0126 0.0126 
1786041848.494 -1.00045e-13 0.0083 0.006441015 -0.0024 0.006441015 -423.8152 1.477024e-08 0.0126 0.0126 
1786041848.657 -1.00045e-13 0.0083 0.007711015 0.0026 0.007711015 -423.8164 1.477024e-08 0.0126 0.0126 
1786041848.818 -1.00045e-13 0.0083 0.006441015 -0.0024 0.006441015 -423.8152 1.477024e-08 0.0126 0.0126 
1786041848.987 0.004995683 -0.00716753 -0.004230966 0.002395683 -0.004230966 -424.03 -0.1485 -0.0126 -0.0126 
1786041849.164 0.009995683 0.00883247 -0.0005079457 0.007395683 -0.0005079457 -424.6104 -0.1485 -0.0126 -0.0126 
1786041849.329 0.004995683 0.00883247 0.003531744 0.007395683 0.003531744 -425.1844 -0.1485 -0.0126 -0.0126 
1786041849.489 0.004995683 0.00883247 0.006138122 0.007395683 0.006614786 -425.7242 -0.1485 -0.0126 -0.0126 
1786041849.648 0.009995683 0.00883247 0.0062045 0.007395683 0.0062045 -426.2538 -0.1485 -0.0126 -0.0126 
1786041849.806 0.009995683 0.00883247 0.006587549 0.007395683 0.006587549 -426.7808 -0.1485 -0.0126 -0.0126 
1786041849.966 0.004995683 0.00883247 0.01446753 0.002395683 0.01446753 -426.8365 -0.1485 0.0126 -0.0126 
1786041850.133 0.004995683 0.00883247 -0.00116242 0.002395683 -0.00116242 -426.7237 -0.1485 -0.0126 -0.0126 
1786041850.298 0.004995683 0.00883247 0.00148423 0.007395683 0.00148423 -426.7542 -0.1485 -0.0126 -0.0126 
1786041850.461 0.004995683 0.00483247 0.003527548 0.002395683 0.003527548 -426.7834 -0.1485 -0.0126 -0.0126 
1786041850.623 0.004995683 0.00883247 0.005737532 0.007395683 0.005737532 -426.8126 -0.1485 -0.0126 -0.0126 
1786041850.785 0.004995683 0.00883247 0.006677517 0.002395683 0.006677517 -426.8405 -0.1485 -0.0126 -0.0126 
1786041850.949 0.009995683 0.00883247 0.007254171 0.007395683 0.007254171 -426.8634 -0.1485 -0.0126 -0.0126 
1786041851.124 0.004995683 0.00483247 0.01895152 0.002395683 0.01895152 -425.6173 -0.1485 0.0126 -0.0126 
1786041851.292 0.009996174 -0.04591236 -0.02191301 0.01144624 -0.02191301 -423.8291 -0.129237 0.0126 0.0028 
1786041851.463 0.005 0.0083 -0.006258978 0.0026 -0.006258978 -423.8025 -1.137215e-08 0.0126 0.0126 
1786041851.630 0.005 0.0043 -0.003718979 0.0026 -0.003718979 -423.805 -1.137215e-08 0.0126 0.0126 
1786041851.797 2.096117e-06 -0.1040289 -0.003771226 0.002602096 -0.003771226 -423.8052 0.07214033 -0.0126 0.0126 
1786041851.968 -0.004961628 -0.02823736 -0.009202368 -0.007361628 -0.009202368 -423.884 1.327624 -0.0126 0.0126 
1786041852.136 -0.009924583 -0.01128725 -0.009714396 -0.01232458 -0.009714396 -424.1278 2.60229 -0.0126 0.0126 
1786041852.296 -0.009889533 -0.01325676 -0.0104391 -0.01228953 -0.0104391 -424.5024 3.809867 -0.0126 0.0126 
1786041852.455 -0.009854967 -0.01488719 -0.01026227 -0.01225497 -0.01026227 -425.0066 4.994874 -0.0126 0.0126 
1786041852.620 -0.009819814 -0.00871812 -0.009725272 -0.007219814 -0.009725272 -425.6658 6.210072 -0.0126 0.0126 
1786041852.789 -0.004783012 -0.01340339 -0.009206143 -0.007183012 -0.009206143 -426.5103 7.485043 -0.0126 0.0126 
1786041852.955 -0.009747395 -0.01177081 -0.01004115 -0.01214739 -0.01004115 -427.4781 8.722701 -0.0126 0.0126 
1786041853.125 -0.009710607 -0.01370951 -0.01037185 -0.007110607 -0.01037185 -428.6363 10.01239 -0.0126 0.0126 
1786041853.294 -0.004675675 -0.009222074 -0.009141493 -0.01207546 -0.009141493 -429.8961 11.23514 -0.0126 0.0126 
1786041853.466 -0.009637485 -0.01100725 -0.01009694 -0.007037485 -0.01009694 -431.4239 12.5699 -0.0126 0.0126 
1786041853.634 -0.009601822 -0.01006781 -0.009754736 -0.01200161 -0.009754736 -433.0318 13.83751 -0.0126 0.0126 
1786041853.797 -0.009567405 -0.01529947 -0.01108289 -0.006967194 -0.0104704 -434.7247 15.05989 -0.0126 0.0126 
1786041853.964 -0.009533184 -0.01489337 -0.01006602 -0.006932975 -0.01006602 -436.5586 16.28236 -0.0126 0.0126 
1786041854.130 -0.009497929 -0.004221589 -0.01071088 -0.006897929 -0.01071088 -438.5931 17.5425 -0.0126 0.0126 
1786041854.290 -0.004464364 -0.01062243 -0.0102975 -0.006864364 -0.0102975 -440.7089 18.76512 -0.0126 0.0126 
1786041854.450 -0.004434548 0.1149252 0.0287102 -0.006834548 0.0287102 -442.7282 19.84415 -0.0126 0.0126 
1786041854.618 0.01056565 0.02865393 0.0113054 0.008165652 0.0113054 -443.1257 19.8515 -0.0126 0.0126 
1786041854.796 0.02056565 0.02465393 0.01185177 0.01816565 0.01185177 -443.6896 19.8515 -0.0126 0.0126 
1786041854.958 0.01556565 0.02065393 0.01176479 0.01816565 0.01176479 -444.2662 19.8515 -0.0126 0.0126 
1786041855.157 0.01556565 0.02065393 0.01200112 0.01316565 0.01200112 -444.8897 19.8515 -0.0126 0.0126 
1786041855.335 0.01556565 0.02065393 0.01064746 0.01816565 0.01064746 -445.4917 19.8515 -0.0126 0.0126 
1786041855.500 0.01556565 0.02065393 0.02254391 0.01816565 0.02254391 -445.9001 19.8515 -0.00855 0.0126 
1786041855.669 0.01556565 0.01665393 0.008710705 0.01316565 0.008710705 -445.6556 19.8515 -0.0126 0.0126 
1786041855.847 0.01556565 0.01665393 0.01035735 0.01316565 0.01035735 -445.686 19.8515 -0.0126 0.0126 
1786041856.025 0.01056565 0.01665393 0.009900672 0.01316565 0.009900672 -445.7152 19.8515 -0.0126 0.0126 
1786041856.193 0.01556565 0.01665393 0.01071399 0.01316565 0.01071399 -445.7457 19.8515 -0.0126 0.0126 
1786041856.361 0.01556565 0.01665393 0.009717308 0.01316565 0.009717308 -445.7724 19.8515 -0.0126 0.0126 
1786041856.555 0.01556565 0.01265393 0.0142973 0.01316565 0.0142973 -445.8006 19.8515 -0.0076 0.0126 
1786041856.757 0.01056565 0.01265393 0.02741788 0.01316565 0.02741788 -444.7371 19.8515 0.0126 0.0126 
1786041856.947 0.00055189 0.06506468 0.00260604 0.00295189 0.00260604 -441.8657 19.34901 0.0126 -0.0126 
1786041857.121 -0.009486742 0.003326738 -0.01257871 -0.01208674 -0.01257871 -439.2749 17.94654 0.0126 -0.0126 
1786041857.294 -0.009522757 -0.01439452 -0.01047861 -0.01212276 -0.01047861 -437.1235 16.64161 0.0126 -0.0126 
1786041857.462 -0.01455818 -0.01399297 -0.01069801 -0.01715818 -0.01069801 -435.1931 15.38131 0.0126 -0.0126 
1786041857.622 -0.01459233 -0.01096704 -0.009956481 -0.01219254 -0.009956481 -433.4634 14.15903 0.0126 -0.0126 
1786041857.786 -0.009626455 -0.01351347 -0.009991307 -0.01222646 -0.009991307 -431.9013 12.95887 0.0126 -0.0126 
1786041857.955 -0.009662668 -0.00939737 -0.009344474 -0.01226267 -0.009803834 -430.3823 11.6766 0.0126 -0.0126 
1786041858.119 -0.009697975 -0.01415598 -0.0101491 -0.01229798 -0.0101491 -429.0717 10.44651 0.0126 -0.0126 
1786041858.281 -0.01473299 -0.01021817 -0.008943206 -0.01233299 -0.008943206 -427.9135 9.224045 0.0126 -0.0126 
1786041858.438 -0.009767053 -0.009244758 -0.008289541 -0.01236705 -0.008289541 -426.9267 8.038998 0.0126 -0.0126 
1786041858.596 -0.014801 -0.006586729 -0.008916771 -0.012401 -0.008916771 -426.0783 6.861584 0.0126 -0.0126 
1786041858.760 -0.009836325 -0.0112371 -0.007801613 -0.007436325 -0.007801613 -425.3404 5.638973 0.0126 -0.0126 
1786041858.928 -0.009872816 -0.01253281 -0.008476821 -0.01247303 -0.008476821 -424.7258 4.371608 0.0126 -0.0126 
1786041859.092 -0.009908279 -0.005028763 -0.007578588 -0.007508279 -0.007578588 -424.2838 3.156562 0.0126 -0.0126 
1786041859.253 -0.009944003 -0.01040899 -0.008275131 -0.012544 -0.008275131 -423.9803 1.926384 0.0126 -0.0126 
1786041859.418 -0.009979534 -0.00850068 -0.007414148 -0.01257953 -0.007414148 -423.8253 0.7040094 0.0126 -0.0126 
1786041859.578 -0.005 -0.0797 -0.006258978 -0.0076 -0.006258978 -423.8025 9.541763e-09 0.0126 -0.0126 
1786041859.744 0.01 0.0003 0.008981014 0.0124 0.008981014 -423.8177 9.541763e-09 0.0126 -0.0126 
1786041859.906 0.01 0.0123 0.01025101 0.0124 0.01025101 -423.819 9.541763e-09 0.0126 -0.0126 
1786041860.072 0.015 0.0123 0.01025101 0.0124 0.01025101 -423.819 9.541763e-09 0.0126 -0.0126 
1786041860.236 0.01 0.0123 0.01025101 0.0124 0.01025101 -423.819 9.541763e-09 0.0126 -0.0126 
1786041860.405 -2.071353e-05 0.04829259 0.00236245 -0.002620714 0.00236245 -423.8357 -0.7125212 -0.0126 -0.0126 
1786041860.580 -0.01005864 -2.068281e-05 -0.008952034 -0.01265864 -0.008952034 -423.997 -2.017395 -0.0126 -0.0126 
1786041860.752 -0.01009589 -0.0108645 -0.01033782 -0.007695886 -0.01033782 -424.3259 -3.299945 -0.0126 -0.0126 
1786041860.926 -0.01013417 -0.01133889 -0.009750654 -0.007734169 -0.009750654 -424.8326 -4.619944 -0.0126 -0.0126 
1786041861.092 -0.01016956 -0.007914257 -0.009295974 -0.01276978 -0.009295974 -425.4562 -5.849934 -0.0126 -0.0126 
1786041861.255 -0.01020574 -0.005929575 -0.01002046 -0.007805742 -0.01002046 -426.2347 -7.102464 -0.0126 -0.0126 
1786041861.415 -0.00524053 -0.005947242 -0.009015007 -0.00784053 -0.009015007 -427.1339 -8.302314 -0.0126 -0.0126 
1786041861.576 -0.010275 -0.01143862 -0.01013317 -0.007874995 -0.01013317 -428.1639 -9.502392 -0.0126 -0.0126 
1786041861.737 -0.005309341 -0.007048914 -0.01056513 -0.007909555 -0.01056513 -429.3399 -10.70991 -0.0126 -0.0126 
1786041861.895 -0.01034355 -0.006409934 -0.009449649 -0.00794355 -0.009449649 -430.6391 -11.90248 -0.0126 -0.0126 
1786041862.053 -0.005376972 -0.01131537 -0.01055269 -0.01297718 -0.01055269 -432.0615 -13.08741 -0.0126 -0.0126 
1786041862.212 -0.01041066 -0.005909506 -0.01084694 -0.008010657 -0.01084694 -433.6172 -14.27245 -0.0126 -0.0126 
1786041862.375 -0.005444795 -0.01007737 -0.009654322 -0.008044795 -0.009654322 -435.3622 -15.49495 -0.0126 -0.0126 
1786041862.537 -0.005478942 -0.008558878 -0.009700798 -0.008078942 -0.009700798 -437.2329 -16.70994 -0.0126 -0.0126 
1786041862.704 -0.01051266 -0.008302201 -0.009906559 -0.008112663 -0.009906559 -439.2408 -17.92513 -0.0126 -0.0126 
1786041862.886 -0.005549242 -0.006158297 -0.009978023 -0.008149448 -0.009741659 -441.6043 -19.26019 -0.0126 -0.0126 
1786041863.081 -0.005573766 -0.05843978 0.0091152 -0.003173766 0.008605198 -443.334 -20.1485 -0.0126 -0.0126 
1786041863.301 0.009426234 0.001560224 0.008668182 0.01182623 0.008668182 -443.9804 -20.1485 -0.0126 -0.0126 
1786041863.475 0.009426234 0.009560224 0.00891115 0.006826234 0.00891115 -444.6573 -20.1485 -0.0126 -0.0126 
1786041863.651 0.009426234 0.009560224 0.008190832 0.01182623 0.008190832 -445.2466 -20.1485 -0.0126 -0.0126 
1786041863.826 0.009426234 0.009560224 0.009373853 0.01182623 0.008580519 -445.827 -20.1485 -0.0126 -0.0126 
1786041863.992 0.009426234 0.009560224 0.008650216 0.01182623 0.008650216 -446.3871 -20.1485 -0.0126 -0.0126 
1786041864.157 0.009426234 0.009560224 0.008703631 0.006826234 0.008703631 -446.2611 -20.1485 0.0126 -0.0126 
1786041864.342 0.009426234 0.009560224 0.007496945 0.01182623 0.007496945 -446.2715 -20.1485 -0.0126 -0.0126 
1786041864.510 0.004426234 0.009560224 0.008040263 0.006826234 0.008040263 -446.3007 -20.1485 -0.0126 -0.0126 
1786041864.692 0.004426234 0.009560224 0.008020246 0.006826234 0.008020246 -446.3312 -20.1485 -0.0126 -0.0126 
1786041864.879 0.009426234 0.009560224 0.007666897 0.01182623 0.007666897 -446.3617 -20.1485 -0.0126 -0.0126 
1786041865.055 0.009426234 0.005560224 0.007718547 0.01182623 0.007612992 -446.3909 -20.1485 -0.0126 -0.0126 
1786041865.223 0.004426234 0.009560224 0.02524372 0.006826234 0.02524372 -446.1049 -20.1485 0.0126 -0.0126 
1786041865.382 0.004426286 -0.0003438217 0.01277399 0.009276308 0.01277399 -444.1009 -20.14576 0.0126 -0.0094 
1786041865.565 -0.005541922 -0.02363088 -0.01235268 -0.002941716 -0.01235268 -441.0897 -18.97865 0.0126 0.0126 
1786041865.735 -0.01050632 -0.01086521 -0.009856824 -0.01290612 -0.009856824 -438.8393 -17.68113 0.0126 0.0126 
1786041865.901 -0.01047089 -0.0146029 -0.009597939 -0.007870889 -0.009597939 -436.7755 -16.42087 0.0126 0.0126 
1786041866.073 -0.01043543 -0.01067723 -0.008810583 -0.01283543 -0.008810583 -434.8616 -15.15342 0.0126 0.0126 
1786041866.242 -0.01039891 -0.01316246 -0.009138194 -0.007798912 -0.009138194 -433.057 -13.85604 0.0126 0.0126 
1786041866.404 -0.005364317 -0.01230809 -0.008480039 -0.007764317 -0.008480039 -431.5025 -12.63358 0.0126 0.0126 
1786041866.570 -0.005329342 -0.01194922 -0.008823361 -0.007729129 -0.00821247 -430.0725 -11.39594 0.0126 0.0126 
1786041866.731 -0.01029465 -0.01460214 -0.008850483 -0.01269443 -0.00910703 -428.8088 -10.18111 0.0126 0.0126 
1786041866.898 -0.01025874 -0.008236891 -0.008044732 -0.007658739 -0.008044732 -427.662 -8.936112 0.0126 0.0126 
1786041867.062 -0.005223357 -0.01094792 -0.007268981 -0.007623141 -0.007268981 -426.6689 -7.698603 0.0126 0.0126 
1786041867.220 -0.005188739 -0.01327799 -0.007778647 -0.007588739 -0.007778647 -425.8497 -6.506083 0.0126 0.0126 
1786041867.378 -0.01015447 -0.009758292 -0.008093518 -0.01255447 -0.008093518 -425.1715 -5.320964 0.0126 0.0126 
1786041867.548 -0.0101184 -0.01268531 -0.007866651 -0.01251818 -0.007866651 -424.6026 -4.068585 0.0126 0.0126 
1786041867.707 -0.01008292 -0.01043721 -0.008282996 -0.007482924 -0.008282996 -424.1949 -2.853575 0.0126 0.0126 
1786041867.874 -0.005047193 -0.01456306 -0.008234011 -0.007447193 -0.008234011 -423.9282 -1.623524 0.0126 0.0126 
1786041868.049 -0.00501035 -0.007053547 -0.007320729 -0.00741035 -0.007320729 -423.8076 -0.3556751 0.0126 0.0126 
1786041868.224 -1.00045e-13 0.0323 -0.00244898 -0.0024 -0.00244898 -423.8063 -1.660063e-08 0.0126 0.0126 
1786041868.404 -1.00045e-13 0.0083 0.005171016 0.0026 0.005171016 -423.8139 -1.660063e-08 0.0126 0.0126 
1786041868.575 0.005 0.0083 0.006441015 0.0026 0.006441015 -423.8152 -1.660063e-08 0.0126 0.0126 
1786041868.737 0.005 0.0083 0.006441015 0.0026 0.006441015 -423.8152 -1.660063e-08 0.0126 0.0126 
1786041868.899 0.005 0.0083 0.006441015 0.0026 0.006441015 -423.8152 -1.660063e-08 0.0126 0.0126 
1786041869.057 0.005 0.0083 0.006441015 0.0076 0.006441015 -423.8152 -1.660063e-08 0.0126 0.0126 
1786041869.219 0.005 0.0083 0.006441015 0.0076 0.006441015 -423.8152 -1.660063e-08 0.0126 0.0126 
1786041869.390 0.004991688 -0.04822681 0.006501481 0.002391688 0.006501481 -423.8192 -0.2851031 -0.0126 -0.0126 
1786041869.577 0.009991589 -0.005259963 -0.004473707 0.007391589 -0.004473707 -424.3094 -0.2885 -0.0126 -0.0126 
1786041869.773 0.004991589 0.002740037 -0.0001073904 0.007391589 -0.0001073904 -424.9571 -0.2885 -0.0126 -0.0126 
1786041869.939 0.004991589 0.006740037 0.004092294 0.007391589 0.004092294 -425.5413 -0.2885 -0.0126 -0.0126 
1786041870.102 0.004991589 0.006740037 0.006382001 0.007391589 0.006382001 -426.0836 -0.2885 -0.0126 -0.0126 
1786041870.289 0.004991589 0.006740037 0.006771688 0.007391589 0.006771688 -426.664 -0.2885 -0.0126 -0.0126 
1786041870.482 0.004991589 0.006740037 0.01657492 0.007391589 0.01609826 -426.8644 -0.2885 0.0126 -0.0126 
1786041870.656 0.009991589 0.01074004 0.001948335 0.007391589 0.001948335 -426.7247 -0.2885 0.0126 -0.0126 
1786041870.826 0.004991589 0.01074004 0.005061649 0.002391589 0.005061649 -426.7364 -0.2885 -0.0126 -0.0126 
1786041870.998 0.004991589 0.006740037 0.006541632 0.007391589 0.006541632 -426.7669 -0.2885 -0.0126 -0.0126 
1786041871.170 0.004991589 0.006740037 0.005981617 0.007391589 0.005981617 -426.7948 -0.2885 -0.0126 -0.0126 
1786041871.336 0.004991589 0.006740037 0.006588269 0.002391589 0.006588269 -426.8227 -0.2885 -0.0126 -0.0126 
1786041871.512 0.009991589 0.01074004 0.00696492 0.007391589 0.00696492 -426.8519 -0.2885 -0.0126 -0.0126 
1786041871.687 0.004991589 0.006740037 0.006674904 0.007391589 0.006674904 -426.8812 -0.2885 -0.0126 -0.0126 
1786041871.858 0.004991589 0.006740037 0.008484916 0.002391589 0.008484916 -426.8848 -0.2885 0.0126 -0.0126 
1786041872.037 0.004991589 0.006740037 0.01277912 0.007391589 0.01277912 -425.263 -0.2885 0.0126 -0.0126 
1786041872.201 0.00499721 -0.1028773 -0.02490561 0.00259721 -0.02490561 -423.7898 -0.09569024 0.0126 0.0126 
1786041872.383 0.01 0.0163 -0.004988979 0.0026 -0.004988979 -423.8037 1.477024e-08 0.0126 0.0126 
1786041872.546 0.005 0.0083 -0.001178981 0.0026 -0.001178981 -423.8076 1.477024e-08 0.0126 0.0126 
1786041872.712 0.005 0.0043 0.001361018 0.0026 0.001361018 -423.8101 1.477024e-08 0.0126 0.0126 
1786041872.882 1.836754e-05 -0.06364143 -0.003756024 -0.002381632 -0.003756024 -423.8243 0.629915 -0.0126 0.0126 
1786041873.045 -0.00994578 -0.01886914 -0.009055325 -0.00734578 -0.009055325 -423.9678 1.859717 -0.0126 0.0126 
1786041873.209 -0.009910172 -0.01162331 -0.009193895 -0.01231017 -0.009193895 -424.2611 3.082438 -0.0126 0.0126 
1786041873.373 -0.00987395 -0.01749831 -0.01011927 -0.01227395 -0.01011927 -424.7082 4.327543 -0.0126 0.0126 
1786041873.538 -0.00983844 -0.00731052 -0.00940661 -0.00723844 -0.00940661 -425.2949 5.549958 -0.0126 0.0126 
1786041873.699 -0.009803004 -0.01107616 -0.00974081 -0.012203 -0.00974081 -426.0303 6.779934 -0.0126 0.0126 
1786041873.859 -0.009768091 -0.01100053 -0.009343017 -0.007168091 -0.009343017 -426.8888 7.979956 -0.0126 0.0126 
1786041874.020 -0.004733281 -0.01525368 -0.009568721 -0.007133281 -0.009568721 -427.8921 9.187427 -0.0126 0.0126 
1786041874.179 -0.009699235 -0.0136486 -0.01025061 -0.007099235 -0.01025061 -429.0122 10.38001 -0.0126 0.0126 
1786041874.345 -0.004663817 -0.00585367 -0.009557589 -0.007063817 -0.009557589 -430.3267 11.60999 -0.0126 0.0126 
1786041874.509 -0.00462877 -0.01139102 -0.009469794 -0.00702877 -0.009469794 -431.777 12.83984 -0.0126 0.0126 
1786041874.674 -0.009593682 -0.008763596 -0.01048603 -0.01199368 -0.01048603 -433.3797 14.07742 -0.0126 0.0126 
1786041874.844 -0.004557939 -0.007041698 -0.009520192 -0.006957939 -0.009520192 -435.173 15.34543 -0.0126 0.0126 
1786041875.010 -0.004523461 -0.007915872 -0.009798068 -0.006923252 -0.009798068 -437.0678 16.58254 -0.0126 0.0126 
1786041875.199 -0.004484417 -0.004873268 -0.009686625 -0.006884209 -0.009686625 -439.3881 17.98503 -0.0126 0.0126 
1786041875.366 -0.00444857 -0.01114038 -0.00942151 -0.00684857 -0.00942151 -441.683 19.27492 -0.0126 0.0126 
1786041875.529 -0.004436573 0.04963082 0.008219364 -0.001836573 0.008219364 -442.6495 19.7115 -0.0126 0.0126 
1786041875.700 0.01056343 0.01763082 0.00924239 0.01316343 0.00924239 -443.2172 19.7115 -0.0126 0.0126 
1786041875.866 0.01056343 0.01363082 0.009312088 0.01316343 0.009312088 -443.7772 19.7115 -0.0126 0.0126 
1786041876.026 0.01056343 0.01363082 0.008585132 0.008163427 0.008585132 -444.3132 19.7115 -0.0126 0.0126 
1786041876.192 0.01056343 0.01363082 0.008494835 0.008163427 0.008494835 -444.8631 19.7115 -0.0126 0.0126 
1786041876.351 0.01056343 0.01363082 0.007767879 0.01316343 0.007767879 -445.399 19.7115 -0.0126 0.0126 
1786041876.512 0.01056343 0.01363082 0.02348108 0.01316343 0.02348108 -445.6681 19.7115 0.0108 0.0126 
1786041876.682 0.01056343 0.01363082 0.004037861 0.008163427 0.004037861 -445.432 19.7115 -0.0126 0.0126 
1786041876.856 0.01056343 0.01363082 0.008661176 0.01316343 0.008661176 -445.4663 19.7115 -0.0126 0.0126 
1786041877.022 0.01056343 0.01363082 0.008934494 0.01316343 0.008934494 -445.4943 19.7115 -0.0126 0.0126 
1786041877.189 0.01056343 0.009630823 0.00810448 0.01316343 0.007937813 -445.5209 19.7115 -0.0126 0.0126 
1786041877.356 0.01056343 0.01363082 0.008981131 0.01316343 0.008981131 -445.5501 19.7115 -0.0126 0.0126 
1786041877.523 0.01056343 0.01363082 0.007817783 0.008163427 0.007817783 -445.5768 19.7115 -0.0126 0.0126 
1786041877.687 0.01056343 0.01363082 0.0118678 0.008163427 0.0118678 -445.5766 19.7115 0.0126 0.0126 
1786041877.850 0.005563427 0.009630823 0.0170419 0.008163427 0.0170419 -444.1568 19.7115 0.0126 0.0126 
1786041878.015 0.0005467218 0.05612796 -0.004669547 0.002946722 -0.004669547 -441.4123 19.10402 0.0126 -0.0126 
1786041878.181 -0.00948812 0.006465165 -0.01095364 -0.01208812 -0.01095364 -439.1453 17.84415 0.0126 -0.0126 
1786041878.344 -0.009522581 -0.007988382 -0.008794762 -0.01212258 -0.008794762 -437.107 16.60652 0.0126 -0.0126 
1786041878.506 -0.009556421 -0.008971392 -0.009417748 -0.007156421 -0.009417748 -435.2528 15.39906 0.0126 -0.0126 
1786041878.667 -0.009590459 -0.008328675 -0.009489461 -0.01219046 -0.009489461 -433.5358 14.19154 0.0126 -0.0126 
1786041878.825 -0.009624039 -0.01102479 -0.008735608 -0.01222404 -0.008735608 -431.9851 12.99906 0.0126 -0.0126 
1786041878.987 -0.009658422 -0.008374085 -0.008622619 -0.007258422 -0.008622619 -430.5411 11.79904 0.0126 -0.0126 
1786041879.155 -0.009694461 -0.009371317 -0.008520292 -0.007294461 -0.008520292 -429.1822 10.53898 0.0126 -0.0126 
1786041879.320 -0.009729569 -0.004216137 -0.008416042 -0.01232957 -0.008416042 -428.0087 9.316609 0.0126 -0.0126 
1786041879.484 -0.009765666 -0.01015845 -0.007507002 -0.01236567 -0.007507002 -426.9559 8.064257 0.0126 -0.0126 
1786041879.650 -0.009801007 -0.004578702 -0.008489518 -0.007401007 -0.008489518 -426.072 6.84151 0.0126 -0.0126 
1786041879.815 -0.009836873 -0.006573959 -0.008348367 -0.007436873 -0.008348367 -425.3252 5.604196 0.0126 -0.0126 
1786041879.994 -0.004876087 -0.009377346 -0.007638733 -0.007476087 -0.007638733 -424.68 4.254291 0.0126 -0.0126 
1786041880.160 -0.00491253 -0.005228764 -0.008318615 -0.01251253 -0.008318615 -424.2381 3.00158 0.0126 -0.0126 
1786041880.318 -0.009947485 -0.005291444 -0.007738706 -0.007547485 -0.007738706 -423.9587 1.801493 0.0126 -0.0126 
1786041880.476 -0.009982026 -0.008474194 -0.006948324 -0.007582026 -0.006948324 -423.8203 0.6165232 0.0126 -0.0126 
1786041880.640 -0.005 -0.0597 -0.004988979 -0.0026 -0.004988979 -423.8037 9.541763e-09 0.0126 -0.0126 
1786041880.803 0.01 0.0043 0.008981014 0.0124 0.008981014 -423.8177 9.541763e-09 0.0126 -0.0126 
1786041880.969 0.01 0.0123 0.01025101 0.0124 0.01025101 -423.819 9.541763e-09 0.0126 -0.0126 
1786041881.127 0.01 0.0123 0.01025101 0.0124 0.01025101 -423.819 9.541763e-09 0.0126 -0.0126 
1786041881.285 0.009999571 0.05829282 0.005340402 0.01239957 0.005340402 -423.8141 -0.01473855 -0.0001 -0.0126 
1786041881.449 -3.279773e-05 0.01220485 -0.001517656 -0.002632798 -0.001517656 -423.8687 -1.132312 -0.0126 -0.0126 
1786041881.607 -0.01006777 0.0007100828 -0.008772951 -0.01266799 -0.008772951 -424.0643 -2.332524 -0.0126 -0.0126 
1786041881.767 -0.01010271 -0.007916895 -0.008950129 -0.01270271 -0.008950129 -424.4034 -3.525069 -0.0126 -0.0126 
1786041881.928 -0.005137821 -0.009800547 -0.009163208 -0.007737821 -0.009163208 -424.8873 -4.732338 -0.0126 -0.0126 
1786041882.103 -0.01017396 -0.0101579 -0.008977649 -0.007774178 -0.008977649 -425.5388 -5.984841 -0.0126 -0.0126 
1786041882.267 -0.005211319 -0.008699534 -0.008782772 -0.007811319 -0.008782772 -426.363 -7.275038 -0.0126 -0.0126 
1786041882.424 -0.01024576 -0.003095089 -0.009210016 -0.007845759 -0.009210016 -427.271 -8.459934 -0.0126 -0.0126 
1786041882.585 -0.01028031 -0.008651696 -0.009825737 -0.01288031 -0.009825737 -428.3226 -9.659956 -0.0126 -0.0126 
1786041882.743 -0.005314306 -0.01172083 -0.01075211 -0.01291431 -0.01075211 -429.4961 -10.84507 -0.0126 -0.0126 
1786041882.902 -0.0103486 -0.002778579 -0.009454712 -0.007948596 -0.009454712 -430.8232 -12.04492 -0.0126 -0.0126 
1786041883.067 -0.005382946 -0.01038865 -0.0098083 -0.007982946 -0.0098083 -432.2952 -13.25248 -0.0126 -0.0126 
1786041883.233 -0.005418608 -0.003441054 -0.01039081 -0.008018608 -0.01039081 -433.9779 -14.51232 -0.0126 -0.0126 
1786041883.400 -0.005453647 -0.01153799 -0.009371991 -0.008053647 -0.009371991 -435.7889 -15.75743 -0.0126 -0.0126 
1786041883.566 -0.00548868 -0.008671515 -0.01011925 -0.00808889 -0.01011925 -437.7676 -17.0174 -0.0126 -0.0126 
1786041883.734 -0.0105239 -0.006958436 -0.009805531 -0.008123896 -0.009805531 -439.8948 -18.27734 -0.0126 -0.0126 
1786041883.924 -0.01056194 -0.008819001 -0.0106224 -0.008162151 -0.0106224 -442.4056 -19.66476 -0.0126 -0.0126 
1786041884.088 -0.005579235 -0.04991113 0.008845758 -0.003179235 0.008845758 -443.7023 -20.2885 -0.0126 -0.0126 
1786041884.249 0.01942076 0.01008887 0.01272213 0.01682076 0.01272213 -444.2395 -20.2885 -0.0126 -0.0126 
1786041884.409 0.01942076 0.01808887 0.01278851 0.01682076 0.01278851 -444.7729 -20.2885 -0.0126 -0.0126 
1786041884.578 0.01942076 0.02208887 0.01190488 0.01682076 0.01238155 -445.3292 -20.2885 -0.0126 -0.0126 
1786041884.745 0.01942076 0.01808887 0.01245124 0.01682076 0.01245124 -445.8892 -20.2885 -0.0126 -0.0126 
1786041884.907 0.01942076 0.01808887 0.01220095 0.01682076 0.01220095 -446.429 -20.2885 -0.0126 -0.0126 
1786041885.066 0.01442076 0.01808887 0.02837746 0.01682076 0.02837746 -446.744 -20.2885 0.0076 -0.0126 
1786041885.225 0.01442076 0.01808887 0.01088091 0.01682076 0.01088091 -446.5103 -20.2885 -0.0126 -0.0126 
1786041885.383 0.01442076 0.01808887 0.01138423 0.01682076 0.01138423 -446.5369 -20.2885 -0.0126 -0.0126 
1786041885.555 0.01442076 0.01808887 0.01259421 0.01682076 0.01242754 -446.5661 -20.2885 -0.0126 -0.0126 
1786041885.727 0.01442076 0.01808887 0.01186753 0.01682076 0.01186753 -446.5941 -20.2885 -0.0126 -0.0126 
1786041885.893 0.01442076 0.01808887 0.01147418 0.01182076 0.01147418 -446.622 -20.2885 -0.0126 -0.0126 
1786041886.057 0.01442076 0.01408887 0.0109775 0.01682076 0.0109775 -446.6487 -20.2885 -0.0126 -0.0126 
1786041886.223 0.01442076 0.01408887 0.02529093 0.01182076 0.02529093 -446.5012 -20.2885 0.0126 -0.0126 
1786041886.390 0.01442076 0.01408887 0.01297866 0.01682076 0.01297866 -444.5212 -20.2885 0.0126 -0.01255 
1786041886.554 -0.01055063 -0.03670128 -0.01604511 -0.007950632 -0.01604511 -441.6231 -19.24616 0.0126 0.0126 
1786041886.724 -0.01551644 -0.0180692 -0.01200733 -0.01291603 -0.01180405 -439.4006 -17.99333 0.0126 0.0126 
1786041886.887 -0.0154818 -0.02198771 -0.01025911 -0.01288159 -0.01025911 -437.3445 -16.75605 0.0126 0.0126 
1786041887.053 -0.01544715 -0.01685398 -0.009994911 -0.01284715 -0.009994911 -435.4408 -15.52592 0.0126 0.0126 
1786041887.220 -0.01541165 -0.01696129 -0.009853715 -0.01281165 -0.009853715 -433.6374 -14.26596 0.0126 0.0126 
1786041887.379 -0.01537744 -0.01828316 -0.009260288 -0.01277744 -0.009986986 -432.0397 -13.05108 0.0126 0.0126 
1786041887.538 -0.01034328 -0.0147492 -0.009227425 -0.01274328 -0.009227425 -430.6084 -11.85856 0.0126 0.0126 
1786041887.702 -0.01530832 -0.01910158 -0.009970768 -0.01270832 -0.009970768 -429.28 -10.63607 0.0126 0.0126 
1786041887.865 -0.01527344 -0.01706109 -0.009159813 -0.007673437 -0.009159813 -428.1027 -9.420985 0.0126 0.0126 
1786041888.029 -0.01023822 -0.01183825 -0.009296969 -0.01263822 -0.009296969 -427.0549 -8.191038 0.0126 0.0126 
1786041888.195 -0.0102018 -0.01459947 -0.008514568 -0.0126018 -0.008514568 -426.1367 -6.938497 0.0126 0.0126 
1786041888.358 -0.01016659 -0.0106659 -0.007977688 -0.01256659 -0.007977688 -425.3912 -5.723675 0.0126 0.0126 
1786041888.521 -0.01513088 -0.01630591 -0.009012121 -0.01253088 -0.009012121 -424.7804 -4.493087 0.0126 0.0126 
1786041888.692 -0.01009597 -0.008383179 -0.008836658 -0.007495752 -0.008836658 -424.3244 -3.286095 0.0126 0.0126 
1786041888.871 -0.01005534 -0.01026765 -0.008665477 -0.007455341 -0.008665477 -423.9752 -1.898457 0.0126 0.0126 
1786041889.040 -0.01001774 -0.007469447 -0.007742128 -0.007417741 -0.007742128 -423.819 -0.6085376 0.0126 0.0126 
1786041889.203 -0.005 0.0603 -0.004988979 -0.0074 -0.004988979 -423.8037 9.541763e-09 0.0126 0.0126 
1786041889.369 -0.005 0.0123 0.001361018 -0.0024 0.001361018 -423.8101 9.541763e-09 0.0126 0.0126 
1786041889.530 -0.005 0.0083 0.006441015 0.0026 0.006441015 -423.8152 9.541763e-09 0.0126 0.0126 
1786041889.690 -1.00045e-13 0.0083 0.006441015 0.0076 0.006441015 -423.8152 9.541763e-09 0.0126 0.0126 
1786041889.851 -1.00045e-13 0.0083 0.007711015 0.0076 0.007711015 -423.8164 9.541763e-09 0.0126 0.0126 
1786041890.012 -1.00045e-13 0.0083 0.006441015 0.0026 0.006441015 -423.8152 9.541763e-09 0.0126 0.0126 
1786041890.172 -1.00045e-13 0.0083 0.006441015 0.0026 0.006441015 -423.8152 9.541763e-09 0.0126 0.0126 
1786041890.335 0.004999741 0.005689544 0.006090498 0.007399741 0.006090498 -423.8166 -0.008899989 -0.0126 -0.0126 
1786041890.499 0.01499974 0.01768954 0.006553555 0.01739974 0.006553555 -424.3297 -0.008899989 -0.0126 -0.0126 
1786041890.660 0.01499974 0.01768954 0.009636596 0.01239974 0.009636596 -424.8695 -0.008899989 -0.0126 -0.0126 
1786041890.826 0.01499974 0.01768954 0.009069635 0.01239974 0.009069635 -425.4156 -0.008899989 -0.0126 -0.0126 
1786041890.987 0.009999741 0.01368954 0.008026009 0.01239974 0.008026009 -425.9579 -0.008899989 -0.0126 -0.0126 
1786041891.147 0.009999741 0.01368954 0.008569052 0.01239974 0.008569052 -426.4951 -0.008899989 -0.0126 -0.0126 
1786041891.305 0.009999741 0.01368954 0.01813549 0.01239974 0.01813549 -426.9269 -0.008899989 -0.0126 -0.0126 
1786041891.463 0.009999741 0.01368954 -0.0009510434 0.01239974 -0.0009510434 -426.6748 -0.008899989 -0.01015 -0.0126 
1786041891.631 0.009999741 0.01368954 0.008822268 0.01239974 0.008822268 -426.7122 -0.008899989 -0.0126 -0.0126 
1786041891.799 0.009999741 0.01368954 0.00892892 0.01239974 0.00892892 -426.7402 -0.008899989 -0.0126 -0.0126 
1786041892.004 0.009999741 0.01368954 0.007972237 0.01239974 0.007972237 -426.7694 -0.008899989 -0.0126 -0.0126 
1786041892.178 0.009999741 0.01368954 0.007992219 0.01239974 0.007992219 -426.8024 -0.008899989 -0.0126 -0.0126 
1786041892.346 0.009999741 0.009689544 0.007765538 0.007399741 0.007765538 -426.8304 -0.008899989 -0.0126 -0.0126 
1786041892.538 0.009999741 0.01368954 0.02221562 0.01239974 0.02221562 -426.6968 -0.008899989 0.0126 -0.0126 
1786041892.730 0.009999741 0.009689544 -0.00310672 0.007399741 -0.00310672 -424.2978 -0.008899989 0.0126 -0.0126 
1786041892.945 -1.00045e-13 0.0043 -0.01006898 0.0026 -0.01006898 -423.7987 9.541763e-09 0.0126 0.0126 
1786041893.142 -0.01 -0.0077 -0.007528977 -0.0124 -0.006258978 -423.8025 9.541763e-09 0.0126 0.0126 
1786041893.324 -0.01 -0.0117 -0.006258978 -0.0124 -0.006258978 -423.8025 9.541763e-09 0.0126 0.0126 
1786041893.499 -0.009982348 -0.07012545 -0.009585697 -0.01238191 -0.009585697 -423.8179 0.6299325 -0.0126 0.0126 
1786041893.675 -0.01494335 -0.02291571 -0.01111793 -0.01734335 -0.01111793 -423.9817 1.949916 -0.0126 0.0126 
1786041893.860 -0.01490395 -0.01610513 -0.01117885 -0.01230395 -0.01117885 -424.3272 3.307408 -0.0126 0.0126 
1786041894.024 -0.009866773 -0.0161501 -0.01106111 -0.01226677 -0.01106111 -424.8174 4.589962 -0.0126 0.0126 
1786041894.186 -0.009831832 -0.01739944 -0.01058074 -0.01223183 -0.01058074 -425.4245 5.797421 -0.0126 0.0126 
1786041894.349 -0.009796101 -0.01761784 -0.01091977 -0.0121961 -0.01091977 -426.1915 7.034947 -0.0126 0.0126 
1786041894.514 -0.009761327 -0.0149152 -0.0100905 -0.01216133 -0.0100905 -427.0831 8.242493 -0.0126 0.0126 
1786041894.683 -0.009724725 -0.01343147 -0.01134687 -0.01212472 -0.01134687 -428.174 9.517495 -0.0126 0.0126 
1786041894.871 -0.009688259 -0.01168103 -0.01026723 -0.007086974 -0.01026723 -429.4694 10.84503 -0.0126 0.0126 
1786041895.048 -0.009648112 -0.01402251 -0.01035792 -0.007047899 -0.01035792 -430.9909 12.21019 -0.0126 0.0126 
1786041895.222 -0.009610085 -0.01195976 -0.0104187 -0.01201009 -0.0104187 -432.6419 13.54502 -0.0126 0.0126 
1786041895.384 -0.009575221 -0.0106734 -0.01104231 -0.006975011 -0.01104231 -434.3322 14.78992 -0.0126 0.0126 
1786041895.545 -0.009541184 -0.01504015 -0.01049659 -0.01194118 -0.01049659 -436.1115 15.99745 -0.0126 0.0126 
1786041895.719 -0.00950548 -0.009987995 -0.01125695 -0.00690548 -0.01125695 -438.1486 17.27995 -0.0126 0.0126 
1786041895.892 -0.009470024 -0.01361676 -0.01172845 -0.01187002 -0.01172845 -440.3381 18.56245 -0.0126 0.0126 
1786041896.075 -0.009433279 0.03652749 0.00377185 -0.006833279 0.00377185 -442.8019 19.90201 -0.0126 0.0126 
1786041896.244 0.0005691576 0.02319999 0.007195251 0.003169158 0.007195251 -443.3086 19.9911 -0.0126 0.0126 
1786041896.408 0.01056916 0.01519999 0.007104954 0.008169158 0.007104954 -443.8585 19.9911 -0.0126 0.0126 
1786041896.571 0.01056916 0.01519999 0.008124662 0.008169158 0.008124662 -444.3995 19.9911 -0.0126 0.0126 
1786041896.737 0.01056916 0.01119999 0.0075577 0.01316916 0.0075577 -444.9456 19.9911 -0.0126 0.0126 
1786041896.897 0.005569158 0.01119999 0.006990739 0.008169158 0.006990739 -445.4917 19.9911 -0.0126 0.0126 
1786041897.055 0.005569158 0.01119999 0.007373788 0.008169158 0.007373788 -446.0188 19.9911 -0.0126 0.0126 
1786041897.222 0.01056916 0.01519999 0.01668045 0.008169158 0.01668045 -446.0592 19.9911 0.0126 0.0126 
1786041897.388 0.005569158 0.01119999 0.005007145 0.008169158 0.005007145 -445.9743 19.9911 -0.0126 0.0126 
1786041897.551 0.01056916 0.01119999 0.008153795 0.01316916 0.008153795 -446.0048 19.9911 -0.0126 0.0126 
1786041897.717 0.01056916 0.01119999 0.007490447 0.008169158 0.007490447 -446.0315 19.9911 -0.0126 0.0126 
1786041897.883 0.005569158 0.01119999 0.007930432 0.008169158 0.007930432 -446.0594 19.9911 -0.0126 0.0126 
1786041898.063 0.01056916 0.01119999 0.007140417 0.008169158 0.007140417 -446.0886 19.9911 -0.0126 0.0126 
1786041898.234 0.005569158 0.01119999 0.006347092 0.008169158 0.006347092 -446.0973 19.9911 0.0126 0.0126 
1786041898.394 0.01056916 0.01119999 0.02078775 0.008169158 0.02015109 -444.8667 19.9911 0.0126 0.0126 
1786041898.556 0.0005562365 0.07096215 0.004667082 0.002956236 0.004667082 -442.1895 19.51874 0.0126 -0.0126 
1786041898.724 -0.009477782 0.007956506 -0.00993817 -0.01207778 -0.00993817 -439.8464 18.28132 0.0126 -0.0126 
1786041898.886 -0.009511835 -0.0003163564 -0.009942123 -0.01211184 -0.009942123 -437.775 17.05104 0.0126 -0.0126 
1786041899.050 -0.009545904 -0.005624087 -0.009061796 -0.007146114 -0.009061796 -435.8446 15.82121 0.0126 -0.0126 
1786041899.210 -0.009579758 -0.00408496 -0.008259284 -0.007179758 -0.008259284 -434.0971 14.62108 0.0126 -0.0126 
1786041899.368 -0.009613162 -0.008305983 -0.007289623 -0.007213374 -0.007289623 -432.4944 13.42863 0.0126 -0.0126 
1786041899.527 -0.004647158 -0.003578124 -0.008202943 -0.007247158 -0.008202943 -431.0237 12.23622 0.0126 -0.0126 
1786041899.694 -0.009682164 -0.009880552 -0.008669539 -0.01228216 -0.008669539 -429.6483 11.00608 0.0126 -0.0126 
1786041899.860 -0.009717746 -0.00617521 -0.008600459 -0.007317961 -0.008600459 -428.3961 9.753459 0.0126 -0.0126 
1786041900.021 -0.0097526 -0.009657709 -0.007324312 -0.0123526 -0.007324312 -427.3318 8.546061 0.0126 -0.0126 
1786041900.186 -0.009788213 -0.008049828 -0.007633249 -0.007388213 -0.007633249 -426.3844 7.308519 0.0126 -0.0126 
1786041900.348 -0.004823491 -0.006346597 -0.007660527 -0.007423491 -0.007660527 -425.5932 6.086203 0.0126 -0.0126 
1786041900.511 -0.004858416 -0.008237248 -0.007555421 -0.007458416 -0.007555421 -424.9531 4.878699 0.0126 -0.0126 
1786041900.685 -0.004896448 -0.008594457 -0.007237777 -0.007496448 -0.007237777 -424.4172 3.566138 0.0126 -0.0126 
1786041900.852 -0.009932575 -0.007272953 -0.007635061 -0.007532793 -0.007635061 -424.0603 2.313461 0.0126 -0.0126 
1786041901.014 -0.00496808 -0.003883001 -0.007556384 -0.00756808 -0.007556384 -423.8596 1.091002 0.0126 -0.0126 
1786041901.175 -0.009999803 -0.1332629 -0.006261229 -0.007599803 -0.006261229 -423.8025 0.006761545 0.0126 -0.0126 
1786041901.346 0.01 -0.0037 0.007711015 0.0124 0.007711015 -423.8164 -1.137215e-08 0.0126 -0.0126 
1786041901.510 0.015 0.0123 0.01025101 0.0124 0.01025101 -423.819 -1.137215e-08 0.0126 -0.0126 
1786041901.670 0.01 0.0123 0.01025101 0.0124 0.01025101 -423.819 -1.137215e-08 0.0126 -0.0126 
1786041901.835 0.004990411 0.1132073 0.007473907 0.007390193 0.007473907 -423.8217 -0.3373679 -0.0126 -0.0126 
1786041901.997 -4.554042e-05 0.009879062 -0.004391727 -0.00764554 -0.004391727 -423.9233 -1.567383 -0.0126 -0.0126 
1786041902.158 -0.005080383 0.0002573398 -0.008597223 -0.007680383 -0.009339511 -424.1722 -2.774926 -0.0126 -0.0126 
1786041902.325 -0.01011671 -0.009462933 -0.008567699 -0.007716711 -0.008567699 -424.5825 -4.019839 -0.0126 -0.0126 
1786041902.491 -0.01015255 -0.008724234 -0.00895202 -0.01275255 -0.00895202 -425.1374 -5.257518 -0.0126 -0.0126 
1786041902.651 -0.005187885 -0.008284044 -0.009196048 -0.007787885 -0.009196048 -425.8309 -6.479894 -0.0126 -0.0126 
1786041902.811 -0.005222055 -0.006412749 -0.008596127 -0.007822055 -0.008596127 -426.6411 -7.665085 -0.0126 -0.0126 
1786041902.985 -0.01025699 -0.01018859 -0.009765974 -0.01285721 -0.009765974 -427.6165 -8.887337 -0.0126 -0.0126 
1786041903.158 -0.005295028 -0.00950176 -0.009344084 -0.007895028 -0.009344084 -428.8319 -10.20738 -0.0126 -0.0126 
1786041903.348 -0.005334188 -0.01040193 -0.009303783 -0.007934402 -0.009303783 -430.2797 -11.58741 -0.0126 -0.0126 
1786041903.519 -0.005374007 -0.009688992 -0.009246099 -0.007974007 -0.009246099 -431.9269 -12.98247 -0.0126 -0.0126 
1786041903.686 -0.01040917 -0.00669716 -0.01006477 -0.008009166 -0.01006477 -433.5512 -14.22751 -0.0126 -0.0126 
1786041903.852 -0.005443713 -0.008828129 -0.00974465 -0.008043713 -0.00974465 -435.3 -15.45744 -0.0126 -0.0126 
1786041904.020 -0.005479098 -0.006693573 -0.009813 -0.008079098 -0.009813 -437.2494 -16.72496 -0.0126 -0.0126 
1786041904.181 -0.005513005 -0.006876909 -0.009461859 -0.003113005 -0.009461859 -439.2713 -17.94743 -0.0126 -0.0126 
1786041904.340 -0.005545856 -0.004927009 -0.009635636 -0.008145856 -0.009635636 -441.3757 -19.13993 -0.0126 -0.0126 
1786041904.499 -0.005569644 -0.113778 0.03043763 -0.003169644 0.03043763 -443.033 -20.0089 -0.0126 -0.0126 
1786041904.657 0.009430356 -0.001778013 0.01105404 0.01683036 0.01153071 -443.5067 -20.0089 -0.0126 -0.0126 
1786041904.817 0.009430356 0.01422199 0.01112042 0.01683036 0.01112042 -444.0363 -20.0089 -0.0126 -0.0126 
1786041904.977 0.01443036 0.01422199 0.0111868 0.01683036 0.01166346 -444.5735 -20.0089 -0.0126 -0.0126 
1786041905.139 0.009430356 0.01422199 0.01045984 0.01683036 0.01045984 -445.1056 -20.0089 -0.0126 -0.0126 
1786041905.305 0.01443036 0.01422199 0.01163954 0.01683036 0.01163954 -445.6568 -20.0089 -0.0126 -0.0126 
1786041905.464 0.009430356 0.01422199 0.01477592 0.01683036 0.01477592 -446.1915 -20.0089 -0.0126 -0.0126 
1786041905.625 0.009430356 0.01422199 0.004006061 0.01683036 0.004006061 -445.9614 -20.0089 0.0126 -0.0126 
1786041905.787 0.01443036 0.01422199 0.01133603 0.01683036 0.01133603 -445.9921 -20.0089 -0.0126 -0.0126 
1786041905.947 0.01443036 0.01422199 0.01133935 0.01683036 0.01133935 -446.0188 -20.0089 -0.0126 -0.0126 
1786041906.107 0.009430356 0.01422199 0.011176 0.01183036 0.011176 -446.0454 -20.0089 -0.0126 -0.0126 
1786041906.272 0.01443036 0.01422199 0.01051265 0.01183036 0.01051265 -446.0721 -20.0089 -0.0126 -0.0126 
1786041906.439 0.01443036 0.01422199 0.01078597 0.01183036 0.01078597 -446.1001 -20.0089 -0.0126 -0.0126 
1786041906.618 0.01443036 0.01422199 0.008579317 0.01183036 0.008579317 -446.1037 -20.0089 0.0126 -0.0126 
1786041906.793 0.009430356 0.01022199 0.0217367 0.01183036 0.0217367 -444.7791 -20.0089 0.0126 -0.0126 
1786041906.959 0.004446974 -0.06359632 -0.004193216 0.002046974 -0.004193216 -441.8974 -19.40151 0.0126 0.0126 
1786041907.129 -0.01051774 -0.01843611 -0.01074215 -0.01291774 -0.01074215 -439.5644 -18.11902 0.0126 0.0126 
1786041907.287 -0.0104847 -0.0208943 -0.009678274 -0.0128847 -0.009678274 -437.5731 -16.9265 0.0126 0.0126 
1786041907.445 -0.01045187 -0.01933222 -0.009289312 -0.01285187 -0.009289312 -435.7354 -15.74895 0.0126 0.0126 
1786041907.604 -0.01041821 -0.01106935 -0.01023519 -0.01281821 -0.01023519 -433.9942 -14.54895 0.0126 0.0126 
1786041907.767 -0.01038437 -0.01384126 -0.009015169 -0.007784373 -0.009015169 -432.3902 -13.34898 0.0126 0.0126 
1786041907.934 -0.0103493 -0.01226884 -0.009594223 -0.0127493 -0.009594223 -430.8764 -12.11147 0.0126 0.0126 
1786041908.098 -0.01031342 -0.01643953 -0.008469939 -0.01271342 -0.008469939 -429.4857 -10.85145 0.0126 0.0126 
1786041908.258 -0.01027911 -0.01327799 -0.008267723 -0.007679112 -0.008267723 -428.2932 -9.64387 0.0126 0.0126 
1786041908.416 -0.01024511 -0.01516313 -0.007942512 -0.00764511 -0.007942512 -427.2658 -8.466465 0.0126 0.0126 
1786041908.574 -0.01021079 -0.0183568 -0.008594371 -0.01261079 -0.008594371 -426.359 -7.273973 0.0126 0.0126 
1786041908.733 -0.01017659 -0.009602738 -0.008038318 -0.007576589 -0.008038318 -425.5944 -6.088889 0.0126 0.0126 
1786041908.901 -0.01014058 -0.0150338 -0.007746972 -0.01254058 -0.008045202 -424.9328 -4.836393 0.0126 0.0126 
1786041909.064 -0.01010472 -0.01160319 -0.008526709 -0.01250472 -0.008526709 -424.4299 -3.606523 0.0126 0.0126 
1786041909.222 -0.01007012 -0.0119972 -0.009001357 -0.007470119 -0.009001357 -424.0819 -2.413874 0.0126 0.0126 
1786041909.379 -0.005035923 -0.01097041 -0.0078975 -0.007435923 -0.0078975 -423.8749 -1.236517 0.0126 0.0126 
1786041909.538 -0.005002212 0.05076667 -0.006540011 -0.007402212 -0.006540011 -423.8025 -0.07619596 0.0126 0.0126 
1786041909.699 -0.005 0.0243 -0.00244898 -0.0024 -0.00244898 -423.8063 1.477024e-08 0.0126 0.0126 
1786041909.858 -0.005 0.0083 -0.001178981 -0.0074 -0.001178981 -423.8076 1.477024e-08 0.0126 0.0126 
1786041910.018 -0.005 0.0083 9.101872e-05 -0.0024 9.101872e-05 -423.8088 1.477024e-08 0.0126 0.0126 
1786041910.176 -0.005 0.0083 0.001361018 -0.0024 0.001361018 -423.8101 1.477024e-08 0.0126 0.0126 
1786041910.333 -0.005 0.0043 0.002631017 -0.0024 0.002631017 -423.8114 1.477024e-08 0.0126 0.0126 
1786041910.490 -0.005 0.0043 0.003901017 -0.0074 0.003901017 -423.8126 1.477024e-08 0.0126 0.0126 
1786041910.650 -0.005 0.0043 0.003901017 -0.0024 0.003901017 -423.8126 1.477024e-08 0.0126 0.0126 
1786041910.811 -0.004999127 -0.06243751 -5.282516e-05 -0.002399127 -5.282516e-05 -423.8087 0.03004397 -0.0076 0.0126 
1786041910.980 0.01000494 0.01624216 -0.001219697 0.007604943 -0.001219697 -424.11 0.17 -0.0126 0.0126 
1786041911.145 0.01500494 0.02024216 0.009166671 0.01760494 0.009166671 -424.6637 0.17 -0.0126 0.0126 
1786041911.308 0.01500494 0.01624216 0.01082304 0.01760494 0.01082304 -425.2187 0.17 -0.0126 0.0126 
1786041911.466 0.01500494 0.02024216 0.009936087 0.01260494 0.009936087 -425.7445 0.17 -0.0126 0.0126 
1786041911.624 0.01500494 0.01624216 0.009049137 0.01260494 0.009049137 -426.2703 0.17 -0.0126 0.0126 
1786041911.783 0.01500494 0.01624216 0.008638851 0.01260494 0.008638851 -426.7999 0.17 -0.0126 0.0126 
1786041911.944 0.01500494 0.01624216 0.0110456 0.01760494 0.0110456 -426.6752 0.17 0.0126 0.0126 
1786041912.106 0.01500494 0.01624216 0.008452254 0.01260494 0.008452254 -426.6716 0.17 -0.0126 0.0126 
1786041912.276 0.01500494 0.01624216 0.009995571 0.01760494 0.009995571 -426.7008 0.17 -0.0126 0.0126 
1786041912.456 0.01500494 0.01624216 0.008872222 0.01260494 0.008872222 -426.73 0.17 -0.0126 0.0126 
1786041912.617 0.01000494 0.01624216 0.009478874 0.01260494 0.009312207 -426.758 0.17 -0.0126 0.0126 
1786041912.779 0.01500494 0.01624216 0.009482192 0.01260494 0.009482192 -426.7846 0.17 -0.0126 0.0126 
1786041912.947 0.01000494 0.01624216 0.008818845 0.01260494 0.008818845 -426.8113 0.17 -0.0126 0.0126 
1786041913.117 0.01000494 0.01224216 0.02036889 0.01260494 0.02036889 -426.7476 0.17 0.0126 0.0126 
1786041913.281 0.01000494 0.01224216 0.01327652 0.01260494 0.01327652 -424.9721 0.17 0.0126 0.0126 
1786041913.439 0.005000389 0.02208083 -0.02404769 0.007400389 -0.02404769 -423.7847 0.01147025 0.0126 -0.0126 
1786041913.599 0.005 -0.0077 -0.004988979 0.0024 -0.004988979 -423.8037 9.541763e-09 0.0126 -0.0126 
1786041913.756 0.005 -0.0037 9.101872e-05 0.0024 9.101872e-05 -423.8088 9.541763e-09 0.0126 -0.0126 
1786041913.931 -0.004974268 -0.05016583 -0.008455496 -0.01237427 -0.008455496 -423.8382 0.8849396 -0.0126 0.0126 
1786041914.095 -0.009937644 -0.02072379 -0.01056698 -0.01233764 -0.01056698 -424.0211 2.144877 -0.0126 0.0126 
1786041914.259 -0.01490236 -0.02005998 -0.01072542 -0.01230236 -0.01072542 -424.345 3.359965 -0.0126 0.0126 
1786041914.421 -0.009866897 -0.01652736 -0.009717931 -0.0122669 -0.009717931 -424.8161 4.582627 -0.0126 0.0126 
1786041914.578 -0.009832582 -0.01423497 -0.0101792 -0.01223258 -0.0101792 -425.4092 5.767465 -0.0126 0.0126 
1786041914.741 -0.009798122 -0.015609 -0.01012297 -0.01219812 -0.01012297 -426.1433 6.960088 -0.0126 0.0126 
1786041914.906 -0.009762238 -0.01408719 -0.0101493 -0.01216202 -0.0101493 -427.0615 8.212421 -0.0126 0.0126 
1786041915.069 -0.009726682 -0.01959482 -0.01059627 -0.01212668 -0.01059627 -428.1092 9.442425 -0.0126 0.0126 
1786041915.227 -0.009692539 -0.02038812 -0.01050646 -0.007092539 -0.01050646 -429.2637 10.6349 -0.0126 0.0126 
1786041915.385 -0.009658956 -0.01097955 -0.01034042 -0.007058743 -0.01034042 -430.5451 11.81997 -0.0126 0.0126 
1786041915.542 -0.009625305 -0.01311117 -0.01082572 -0.01202531 -0.01082572 -431.9497 12.99759 -0.0126 0.0126 
1786041915.702 -0.009591603 -0.009780011 -0.01031001 -0.006991392 -0.01031001 -433.5169 14.19747 -0.0126 0.0126 
1786041915.865 -0.009557867 -0.01281953 -0.01084985 -0.006957867 -0.01084985 -435.2073 15.38997 -0.0126 0.0126 
1786041916.030 -0.009522863 -0.01019348 -0.01093317 -0.006922863 -0.01093317 -437.1262 16.6424 -0.0126 0.0126 
1786041916.198 -0.009488294 -0.008386958 -0.0105451 -0.006888086 -0.01064035 -439.1913 17.8949 -0.0126 0.0126 
1786041916.361 -0.009453966 -0.01243822 -0.009612775 -0.01185397 -0.009612775 -441.3744 19.13241 -0.0126 0.0126 
1786041916.523 -0.009425561 0.1304945 0.03561637 -0.006825557 0.03663581 -443.3581 20.16998 -0.0126 0.0126 
1786041916.685 0.005574444 0.02566681 0.00934212 0.008174444 0.008548786 -443.7645 20.17 -0.0126 0.0126 
1786041916.855 0.01057444 0.01766681 0.009888483 0.01317444 0.009888483 -444.3259 20.17 -0.0126 0.0126 
1786041917.026 0.01057444 0.01366681 0.008371511 0.01317444 0.008371511 -444.891 20.17 -0.0126 0.0126 
1786041917.210 0.01057444 0.01366681 0.008924511 0.008174444 0.008924511 -445.5082 20.17 -0.0126 0.0126 
1786041917.376 0.01057444 0.01366681 0.008517544 0.008174444 0.008517544 -446.0645 20.17 -0.0126 0.0126 
1786041917.541 0.01057444 0.01366681 0.01920062 0.008174444 0.01920062 -446.5407 20.17 -0.0126 0.0126 
1786041917.704 0.01057444 0.01366681 -0.0009959137 0.01317444 -0.0009959137 -446.2976 20.17 -0.01015 0.0126 
1786041917.868 0.01057444 0.01366681 0.008174065 0.008174444 0.008174065 -446.3337 20.17 -0.0126 0.0126 
1786041918.028 0.01057444 0.01366681 0.008947383 0.01317444 0.008947383 -446.3617 20.17 -0.0126 0.0126 
1786041918.194 0.01057444 0.01366681 0.00784737 0.01317444 0.00784737 -446.3871 20.17 -0.0126 0.0126 
1786041918.371 0.01057444 0.01366681 0.00772402 0.008174444 0.007557354 -446.4163 20.17 -0.0126 0.0126 
1786041918.539 0.01057444 0.009666811 0.009277339 0.008174444 0.009277339 -446.443 20.17 -0.0126 0.0126 
1786041918.711 0.01057444 0.009666811 0.02694428 0.008174444 0.02694428 -445.9538 20.17 0.0126 0.0126 
1786041918.885 0.005570296 0.1338649 0.03116063 0.002970109 0.03116063 -443.4392 20.01144 0.0126 -0.0126 
1786041919.063 -0.009465656 0.01164131 -0.01223564 -0.01206586 -0.01223564 -440.5931 18.70002 0.0126 -0.0126 
1786041919.255 -0.009504855 -0.001663001 -0.01043342 -0.01210506 -0.01043342 -438.1636 17.28248 0.0126 -0.0126 
1786041919.456 -0.009547924 -0.007912728 -0.009265457 -0.007147924 -0.009265457 -435.7379 15.74497 0.0126 -0.0126 
1786041919.627 -0.009584771 -0.006660749 -0.009330402 -0.01218477 -0.009330402 -433.8406 14.4326 0.0126 -0.0126 
1786041919.795 -0.009619924 -0.008808405 -0.008127427 -0.01222014 -0.008127427 -432.1819 13.17995 0.0126 -0.0126 
1786041919.967 -0.009656751 -0.007418426 -0.009119481 -0.01225696 -0.008160921 -430.6186 11.8826 0.0126 -0.0126 
1786041920.153 -0.009694397 -0.01264349 -0.009043749 -0.007294611 -0.009043749 -429.1911 10.56255 0.0126 -0.0126 
1786041920.319 -0.009732205 -0.008778218 -0.008638911 -0.007332205 -0.008638911 -427.9376 9.25003 0.0126 -0.0126 
1786041920.484 -0.009767995 -0.009300849 -0.007833516 -0.012368 -0.007833516 -426.9013 7.997513 0.0126 -0.0126 
1786041920.657 -0.009804978 -0.00609427 -0.008156425 -0.007404978 -0.008156425 -425.9881 6.722647 0.0126 -0.0126 
1786041920.826 -0.009841842 -0.005688485 -0.008187866 -0.01244184 -0.008187866 -425.2338 5.439963 0.0126 -0.0126 
1786041920.994 -0.009878349 -0.009403268 -0.008573766 -0.01247835 -0.008573766 -424.6496 4.187566 0.0126 -0.0126 
1786041921.169 -0.009914696 -0.009882439 -0.008748036 -0.007514914 -0.008748036 -424.2152 2.92742 0.0126 -0.0126 
1786041921.331 -0.004952175 -0.009606352 -0.007849232 -0.007552175 -0.007849232 -423.932 1.644956 0.0126 -0.0126 
1786041921.509 -0.009990114 -0.006158414 -0.007807606 -0.007590332 -0.007807606 -423.8063 0.3250138 0.0126 -0.0126 
1786041921.679 -0.005 -0.0277 -0.001178981 -0.0026 -0.001178981 -423.8076 -1.660063e-08 0.0126 -0.0126 
1786041921.838 0.01 -0.0037 0.008981014 0.0074 0.008981014 -423.8177 -1.660063e-08 0.0126 -0.0126 
1786041921.997 0.01 0.0043 0.008981014 0.0074 0.008981014 -423.8177 -1.660063e-08 0.0126 -0.0126 
1786041922.159 0.005 0.0083 0.007711015 0.0074 0.007711015 -423.8164 -1.660063e-08 0.0126 -0.0126 
1786041922.323 0.00499433 0.1551894 0.007337341 0.00739433 0.007337341 -423.8179 -0.1949243 -0.0126 -0.0126 
1786041922.486 -0.00504143 0.01292182 -0.004132205 -0.00764143 -0.004132205 -423.903 -1.424959 -0.0126 -0.0126 
1786041922.651 -0.005076954 0.005402736 -0.009129375 -0.007676954 -0.009129375 -424.1392 -2.647456 -0.0126 -0.0126 
1786041922.810 -0.01011201 -0.006361871 -0.008690494 -0.007712225 -0.008690494 -424.5228 -3.862638 -0.0126 -0.0126 
1786041922.969 -0.005146576 -0.005713132 -0.009300706 -0.007746576 -0.009300706 -425.0333 -5.047362 -0.0126 -0.0126 
1786041923.129 -0.01018152 -0.00883059 -0.009209598 -0.007781515 -0.009209598 -425.6937 -6.254951 -0.0126 -0.0126 
1786041923.294 -0.01021637 -0.0100482 -0.008953579 -0.00781659 -0.008953579 -426.5002 -7.470111 -0.0126 -0.0126 
1786041923.461 -0.01025243 -0.009184791 -0.008118306 -0.00785243 -0.008118306 -427.4742 -8.714919 -0.0126 -0.0126 
1786041923.619 -0.005287291 -0.01117916 -0.008894009 -0.007887291 -0.008894009 -428.5664 -9.929963 -0.0126 -0.0126 
1786041923.780 -0.01032138 -0.008443452 -0.009633813 -0.007921381 -0.009633813 -429.7755 -11.12257 -0.0126 -0.0126 
1786041923.937 -0.01035533 -0.008295242 -0.009720164 -0.007955332 -0.009720164 -431.1204 -12.31493 -0.0126 -0.0126 
1786041924.098 -0.005389129 -0.005543251 -0.009840447 -0.007989129 -0.009840447 -432.6 -13.50748 -0.0126 -0.0126 
1786041924.257 -0.005423179 -0.006413466 -0.008912143 -0.008023179 -0.008912143 -434.2357 -14.71513 -0.0126 -0.0126 
1786041924.426 -0.00545809 -0.01093915 -0.008818981 -0.00805809 -0.008818981 -436.0645 -15.95985 -0.0126 -0.0126 
1786041924.595 -0.01049362 -0.009641402 -0.009442814 -0.008093618 -0.009442814 -438.0864 -17.23493 -0.0126 -0.0126 
1786041924.764 -0.005528281 -0.009518613 -0.00914207 -0.008128488 -0.008381681 -440.2339 -18.49529 -0.0126 -0.0126 
1786041924.924 -0.0105617 -0.03432238 -0.002836345 -0.008161703 -0.002836345 -442.4361 -19.70398 -0.0126 -0.0126 
1786041925.088 -0.0005651536 -0.01531519 0.009619482 0.006834846 0.009619482 -442.9632 -19.83 -0.0126 -0.0126 
1786041925.258 0.009434846 0.008684812 0.00937251 0.01183485 0.00937251 -443.5296 -19.83 -0.0126 -0.0126 
1786041925.421 0.009434846 0.01268481 0.008805548 0.01183485 0.008805548 -444.0757 -19.83 -0.0126 -0.0126 
1786041925.584 0.009434846 0.01268481 0.009031921 0.01183485 0.009031921 -444.6192 -19.83 -0.0126 -0.0126 
1786041925.746 0.009434846 0.01268481 0.009258294 0.01183485 0.009258294 -445.1628 -19.83 -0.0126 -0.0126 
1786041925.911 0.009434846 0.008684812 0.008214668 0.01183485 0.008214668 -445.7051 -19.83 -0.0126 -0.0126 
1786041926.079 0.009434846 0.008684812 0.0124947 0.01183485 0.0124947 -445.6655 -19.83 0.0126 -0.0126 
1786041926.246 0.009434846 0.008684812 0.007831362 0.01183485 0.007831362 -445.6543 -19.83 -0.0126 -0.0126 
1786041926.405 0.009434846 0.01268481 0.008938014 0.01183485 0.008938014 -445.6822 -19.83 -0.0126 -0.0126 
1786041926.565 0.009434846 0.01268481 0.007838 0.006834846 0.007838 -445.7076 -19.83 -0.0126 -0.0126 
1786041926.727 0.009434846 0.008684812 0.008777985 0.006834846 0.008777985 -445.7356 -19.83 -0.0126 -0.0126 
1786041926.892 0.009434846 0.008684812 0.008281304 0.01183485 0.008281304 -445.7622 -19.83 -0.0126 -0.0126 
1786041927.056 0.009434846 0.008684812 0.0151613 0.01183485 0.0151613 -445.7877 -19.83 0.0028 -0.0126 
1786041927.220 0.004434846 0.008684812 0.02740495 0.006834846 0.02740495 -445.2121 -19.83 0.0126 -0.0126 
1786041927.382 0.004438131 -0.1185621 0.0291261 0.007038131 0.0291261 -442.9236 -19.71001 0.0126 0.0126 
1786041927.540 -0.005529315 -0.02803898 -0.01194181 -0.007929315 -0.01194181 -440.2833 -18.52506 0.0126 0.0126 
1786041927.701 -0.01049612 -0.01240391 -0.009513078 -0.01289612 -0.009513078 -438.2348 -17.32502 0.0126 0.0126 
1786041927.860 -0.01046291 -0.01831956 -0.008376959 -0.01286291 -0.008376959 -436.3298 -16.13256 0.0126 0.0126 
1786041928.028 -0.01042824 -0.01225799 -0.00872471 -0.01282803 -0.00872471 -434.4806 -14.88752 0.0126 0.0126 
1786041928.195 -0.01039273 -0.01726838 -0.008546207 -0.01279273 -0.008546207 -432.7674 -13.63485 0.0126 0.0126 
1786041928.360 -0.01035704 -0.01080209 -0.007497016 -0.007757036 -0.007497016 -431.1939 -12.3754 0.0126 0.0126 
1786041928.522 -0.005322665 -0.01125822 -0.007337268 -0.007722665 -0.007337268 -429.8261 -11.16764 0.0126 0.0126 
1786041928.689 -0.005287291 -0.01117916 -0.009093995 -0.007687076 -0.008264405 -428.5599 -9.922656 0.0126 0.0126 
1786041928.856 -0.005251567 -0.01386657 -0.007248425 -0.007651567 -0.007248425 -427.4499 -8.685122 0.0126 0.0126 
1786041929.025 -0.01021529 -0.01383809 -0.007242347 -0.007615293 -0.007242347 -426.4695 -7.425234 0.0126 0.0126 
1786041929.189 -0.01017891 -0.009693845 -0.007415189 -0.01257891 -0.007415189 -425.6414 -6.165133 0.0126 0.0126 
1786041929.352 -0.01014353 -0.01059403 -0.008261251 -0.007543535 -0.008261251 -424.9836 -4.942576 0.0126 0.0126 
1786041929.512 -0.01010874 -0.01128948 -0.007876873 -0.01250874 -0.007876873 -424.4794 -3.742499 0.0126 0.0126 
1786041929.675 -0.01007369 -0.006703428 -0.007754359 -0.007473686 -0.007754359 -424.1124 -2.535062 0.0126 0.0126 
1786041929.839 -0.01003772 -0.01092263 -0.006561839 -0.007437506 -0.006891461 -423.8825 -1.289951 0.0126 0.0126 
1786041930.001 -0.005002827 0.04264709 -0.006668711 -0.007402672 -0.006668711 -423.8025 -0.09189841 0.0126 0.0126 
1786041930.166 -0.005 0.0243 -0.00244898 -0.0024 -0.00244898 -423.8063 9.541763e-09 0.0126 0.0126 
1786041930.328 -0.005 0.0083 -0.001178981 -0.0024 -0.001178981 -423.8076 9.541763e-09 0.0126 0.0126 
1786041930.490 -0.005 0.0083 0.001361018 -0.0024 0.001361018 -423.8101 9.541763e-09 0.0126 0.0126 
1786041930.650 -0.005 0.0083 0.002631017 -0.0024 0.002631017 -423.8114 9.541763e-09 0.0126 0.0126 
1786041930.809 -0.004999631 -0.03421851 0.0004431363 -0.002399631 0.0004431363 -423.8092 0.01274242 0.00135 0.0126 
1786041930.975 0.005007495 0.02483461 -0.004322848 0.002607495 -0.004322848 -424.0021 0.2578 -0.0126 0.0126 
1786041931.139 0.0150075 0.01683461 0.005270185 0.0126075 0.005270185 -424.5583 0.2578 -0.0126 0.0126 
1786041931.299 0.0150075 0.01683461 0.007876562 0.0126075 0.008353227 -425.0981 0.2578 -0.0126 0.0126 
1786041931.463 0.0100075 0.01283461 0.00889627 0.0126075 0.00889627 -425.6353 0.2578 -0.0126 0.0126 
1786041931.631 0.0100075 0.01283461 0.007695969 0.0126075 0.007695969 -426.1941 0.2578 -0.0126 0.0126 
1786041931.803 0.0100075 0.01283461 0.007925661 0.007607495 0.007925661 -426.7643 0.2578 -0.0126 0.0126 
1786041931.975 0.0100075 0.01283461 0.007512385 0.0126075 0.007512385 -426.6828 0.2578 0.0126 0.0126 
1786041932.141 0.0100075 0.01283461 0.007245701 0.0126075 0.007245701 -426.6894 0.2578 -0.0126 0.0126 
1786041932.303 0.0100075 0.01283461 0.007852353 0.0126075 0.007852353 -426.7173 0.2578 -0.0126 0.0126 
1786041932.469 0.0100075 0.01283461 0.007355672 0.007607495 0.007355672 -426.744 0.2578 -0.0126 0.0126 
1786041932.639 0.0100075 0.01283461 0.008065656 0.0126075 0.008065656 -426.7732 0.2578 -0.0126 0.0126 
1786041932.801 0.0100075 0.01283461 0.007735641 0.007607495 0.007568975 -426.7999 0.2578 -0.0126 0.0126 
1786041932.968 0.0100075 0.008834608 0.01438563 0.007607495 0.01438563 -426.8261 0.2578 -0.00415 0.0126 
1786041933.131 0.0100075 0.01283461 0.02925596 0.0126075 0.02925596 -426.2421 0.2578 0.0126 0.0126 
1786041933.299 0.0100075 0.01283461 -0.007548682 0.0126075 -0.007548682 -424.1403 0.2578 0.0126 0.0126 
1786041933.476 0.005 -0.0237 -0.007528977 0.0024 -0.007528977 -423.8012 -1.137215e-08 0.0126 -0.0126 
1786041933.643 0.01 0.0043 0.006441015 0.0074 0.006441015 -423.8152 -1.137215e-08 0.0126 -0.0126 
1786041933.827 0.005 0.0083 0.007711015 0.0074 0.007711015 -423.8164 -1.137215e-08 0.0126 -0.0126 
1786041934.009 -0.004978195 -0.05770117 -0.0008438184 -0.007377977 -0.0008438184 -423.8357 0.7575943 -0.0126 0.0126 
1786041934.177 -0.009941356 -0.01983346 -0.01023003 -0.01234136 -0.01023003 -423.9957 2.017489 -0.0126 0.0126 
1786041934.344 -0.009905416 -0.01339549 -0.009871026 -0.0123052 -0.009871026 -424.3145 3.26261 -0.0126 0.0126 
1786041934.514 -0.01486822 -0.0164695 -0.01005336 -0.007268217 -0.01005336 -424.7958 4.537526 -0.0126 0.0126 
1786041934.687 -0.01483195 -0.01478608 -0.009869697 -0.01223195 -0.009869697 -425.4257 5.7977 -0.0126 0.0126 
1786041934.855 -0.009794034 -0.01238933 -0.0101857 -0.007193817 -0.01025757 -426.2449 7.110092 -0.0126 0.0126 
1786041935.018 -0.009758813 -0.01093696 -0.01070493 -0.01215881 -0.01070493 -427.1504 8.325075 -0.0126 0.0126 
1786041935.193 -0.009721338 -0.01326498 -0.01047409 -0.01212112 -0.01047409 -428.2883 9.637618 -0.0126 0.0126 
1786041935.367 -0.009683793 -0.01164517 -0.01099574 -0.01208358 -0.01099574 -429.5901 10.94979 -0.0126 0.0126 
1786041935.536 -0.009648119 -0.01601631 -0.009667498 -0.01204812 -0.009492213 -431.0048 12.2176 -0.0126 0.0126 
1786041935.704 -0.009612401 -0.01366326 -0.01069895 -0.007012401 -0.01069895 -432.5301 13.45497 -0.0126 0.0126 
1786041935.874 -0.009576027 -0.008616407 -0.009845888 -0.006975816 -0.009845888 -434.2865 14.75244 -0.0126 0.0126 
1786041936.046 -0.009540706 -0.01441487 -0.01014104 -0.01194071 -0.01014104 -436.1306 16.01258 -0.0126 0.0126 
1786041936.209 -0.009505607 -0.009793338 -0.01017562 -0.006905607 -0.01017562 -438.1334 17.26491 -0.0126 0.0126 
1786041936.391 -0.0094693 -0.01187643 -0.01041509 -0.01186909 -0.01041509 -440.3889 18.58491 -0.0126 0.0126 
1786041936.563 -0.009433067 -0.007934736 -0.01047515 -0.01183307 -0.01047515 -442.7904 19.89757 -0.0126 0.0126 
1786041936.737 -0.004423228 0.03303332 0.007141616 -0.001823228 0.007141616 -443.7226 20.2578 -0.0126 0.0126 
1786041936.911 0.01057677 0.01703332 0.009117972 0.01317677 0.009117972 -444.2979 20.2578 -0.0126 0.0126 
1786041937.078 0.01057677 0.01303332 0.008394335 0.01317677 0.008394335 -444.8605 20.2578 -0.0126 0.0126 
1786041937.258 0.01057677 0.01303332 0.008150681 0.01317677 0.008150681 -445.4536 20.2578 -0.0126 0.0126 
1786041937.448 0.01057677 0.01303332 0.008227017 0.01317677 0.008227017 -446.067 20.2578 -0.0126 0.0126 
1786041937.613 0.01057677 0.01303332 0.008616703 0.008176772 0.008616703 -446.6474 20.2578 -0.0126 0.0126 
1786041937.797 0.01057677 0.01303332 0.002033483 0.01317677 0.002033483 -446.4631 20.2578 0.0126 0.0126 
1786041937.973 0.01057677 0.01303332 0.007863453 0.008176772 0.007863453 -446.4938 20.2578 -0.0126 0.0126 
1786041938.155 0.01057677 0.01303332 0.00767677 0.008176772 0.00767677 -446.5242 20.2578 -0.0126 0.0126 
1786041938.325 0.01057677 0.01303332 0.007886754 0.008176772 0.007886754 -446.5534 20.2578 -0.0126 0.0126 
1786041938.493 0.01057677 0.009033319 0.007826739 0.008176772 0.007826739 -446.5814 20.2578 -0.0126 0.0126 
1786041938.660 0.01057677 0.009033319 0.007163391 0.008176772 0.007163391 -446.6081 20.2578 -0.0126 0.0126 
1786041938.838 0.005576772 0.009033319 0.006623403 0.008176772 0.006623403 -446.6117 20.2578 0.0126 0.0126 
1786041939.021 0.005576772 0.009033319 0.01531421 0.003176772 0.01531421 -445.1093 20.2578 0.0126 0.0126 
1786041939.199 0.0005558553 0.04375317 -0.01410274 -0.007044145 -0.01410274 -442.032 19.49299 0.0126 -0.0126 
1786041939.369 -0.009478809 0.004209992 -0.009924633 -0.007079016 -0.009924633 -439.7587 18.22538 0.0126 -0.0126 
1786041939.544 -0.01451602 -0.008960617 -0.008979573 -0.007116021 -0.008979573 -437.5236 16.89034 0.0126 -0.0126 
1786041939.708 -0.009550137 -0.00513312 -0.008663184 -0.01215014 -0.008663184 -435.6211 15.66792 0.0126 -0.0126 
1786041939.868 -0.009584459 -0.006192969 -0.009365358 -0.01218446 -0.009365358 -433.8571 14.44539 0.0126 -0.0126 
1786041940.030 -0.009618333 -0.01274069 -0.008739992 -0.007218333 -0.008739992 -432.2632 13.24539 0.0126 -0.0126 
1786041940.213 -0.009655787 -0.01152371 -0.008122536 -0.01225579 -0.008122536 -430.6668 11.92536 0.0126 -0.0126 
1786041940.423 -0.009699213 -0.009849934 -0.008470198 -0.01230029 -0.008935791 -428.9917 10.36528 0.0126 -0.0126 
1786041940.609 -0.009740266 -0.005301855 -0.0086313 -0.007340266 -0.008490631 -427.6849 8.962601 0.0126 -0.0126 
1786041940.817 -0.009782562 -0.007313813 -0.007894153 -0.01238256 -0.007894153 -426.5228 7.500463 0.0126 -0.0126 
1786041940.987 -0.0098237 -0.006467558 -0.007438158 -0.0074237 -0.007438158 -425.5881 6.075273 0.0126 -0.0126 
1786041941.153 -0.00985995 -0.01135358 -0.00743064 -0.00745995 -0.00743064 -424.9277 4.82262 0.0126 -0.0126 
1786041941.328 -0.004896919 -0.01076478 -0.007644354 -0.007496919 -0.007644354 -424.4083 3.540338 0.0126 -0.0126 
1786041941.525 -0.004938951 -0.01129508 -0.007897699 -0.007538951 -0.007897699 -424.0146 2.100005 0.0126 -0.0126 
1786041941.713 -0.009980149 -0.006951863 -0.008036996 -0.007580367 -0.007548898 -423.8228 0.6678957 0.0126 -0.0126 
1786041941.906 -0.005 -0.0477 -0.00244898 -0.0026 -0.00244898 -423.8063 -1.137215e-08 0.0126 -0.0126 
1786041942.112 0.01 0.0043 0.01025101 0.0124 0.01025101 -423.819 -1.137215e-08 0.0126 -0.0126 
1786041942.297 0.015 0.0123 0.01025101 0.0174 0.01025101 -423.819 -1.137215e-08 0.0126 -0.0126 
1786041942.488 0.009995183 0.1599333 0.01027286 0.01239498 0.01027286 -423.8205 -0.1728358 -0.0126 -0.0126 
1786041942.705 -0.005049055 0.00502294 -0.006875782 -0.007649272 -0.00683487 -423.9411 -1.694984 -0.0126 -0.0126 
1786041942.896 -0.01009502 -0.004427367 -0.009703778 -0.01269502 -0.009703778 -424.317 -3.270012 -0.0126 -0.0126 
1786041943.089 -0.01013374 -0.01331967 -0.009444718 -0.00773374 -0.009444718 -424.8263 -4.605017 -0.0126 -0.0126 
1786041943.277 -0.01017716 -0.008949817 -0.008224355 -0.007777158 -0.008224355 -425.6048 -6.104978 -0.0126 -0.0126 
1786041943.461 -0.0052157 -0.008068533 -0.00861378 -0.0078157 -0.00861378 -426.4786 -7.439904 -0.0126 -0.0126 
1786041943.661 -0.01025886 -0.004292268 -0.01018208 -0.007858864 -0.01018208 -427.6635 -8.93992 -0.0126 -0.0126 
1786041943.849 -0.01029949 -0.00496796 -0.009836112 -0.007899492 -0.009836112 -428.983 -10.35753 -0.0126 -0.0126 
1786041944.049 -0.005339509 -0.01019058 -0.008786833 -0.007939509 -0.008786833 -430.4778 -11.76028 -0.0126 -0.0126 
1786041944.248 -0.01038442 -0.009405492 -0.009455768 -0.007984417 -0.009455768 -432.3866 -13.34249 -0.0126 -0.0126 
1786041944.435 -0.005423341 -0.007609882 -0.009379634 -0.008023341 -0.009379634 -434.2446 -14.72238 -0.0126 -0.0126 
1786041944.610 -0.005462437 -0.008696527 -0.008975813 -0.008062437 -0.008975813 -436.3046 -16.11742 -0.0126 -0.0126 
1786041944.789 -0.005499388 -0.007633311 -0.009860282 -0.008099388 -0.009860282 -438.4318 -17.44505 -0.0126 -0.0126 
1786041944.980 -0.005538754 -0.009332698 -0.009234931 -0.008138754 -0.009234931 -440.9108 -18.87734 -0.0126 -0.0126 
1786041945.181 -0.005562685 -0.06670825 0.009712236 -0.003162685 0.009712236 -442.5695 -19.7422 -0.0126 -0.0126 
1786041945.390 0.009437315 -0.002708251 0.007375196 0.01183731 0.007375196 -443.2603 -19.7422 -0.0126 -0.0126 
1786041945.585 0.009437315 0.009291749 0.008571493 0.01183731 0.008571493 -443.9449 -19.7422 -0.0126 -0.0126 
1786041945.779 0.01443731 0.009291749 0.008654466 0.01183731 0.008654466 -444.6116 -19.7422 -0.0126 -0.0126 
1786041945.986 0.01443731 0.01329175 0.008100781 0.01683731 0.008100781 -445.2644 -19.7422 -0.0126 -0.0126 
1786041946.177 0.01443731 0.01329175 0.0255039 0.01183731 0.0255039 -445.6828 -19.7422 0.01135 -0.0126 
1786041946.373 0.01443731 0.01329175 0.007773999 0.01683731 0.007773999 -445.4765 -19.7422 -0.0126 -0.0126 
1786041946.587 0.01443731 0.01329175 0.01000065 0.01683731 0.01000065 -445.512 -19.7422 -0.0126 -0.0126 
1786041946.790 0.01443731 0.01329175 0.009893961 0.01683731 0.009893961 -445.5476 -19.7422 -0.0126 -0.0126 
1786041946.983 0.01443731 0.01729175 0.01108061 0.01683731 0.01108061 -445.5806 -19.7422 -0.0126 -0.0126 
1786041947.175 0.01443731 0.01729175 0.01897396 0.02183731 0.01897396 -445.5715 -19.7422 0.0126 -0.0126 
1786041947.360 0.01443731 0.01729175 0.01639495 0.02183731 0.01702829 -443.725 -19.7422 0.0126 -0.0126 
1786041947.548 -0.005535099 -0.03136769 -0.01559535 -0.002935099 -0.01559535 -440.6541 -18.73732 0.0126 0.0126 
1786041947.729 -0.01049778 -0.0178626 -0.01051926 -0.01289778 -0.01051926 -438.3224 -17.37973 0.0126 0.0126 
1786041947.930 -0.01045579 -0.01397122 -0.009740504 -0.01285579 -0.009740504 -435.9399 -15.87969 0.0126 0.0126 
1786041948.122 -0.01541665 -0.01368989 -0.009148994 -0.01281644 -0.009148994 -433.9015 -14.4772 0.0126 0.0126 
1786041948.328 -0.01037195 -0.0183858 -0.008324821 -0.01277195 -0.008324821 -431.8327 -12.90217 0.0126 0.0126 
1786041948.512 -0.0103321 -0.01467796 -0.009041238 -0.01273188 -0.009041238 -430.1779 -11.49226 0.0126 0.0126 
1786041948.711 -0.01529097 -0.01636416 -0.009068963 -0.01269097 -0.009068963 -428.6907 -10.05987 0.0126 0.0126 
1786041948.915 -0.01024643 -0.01166737 -0.007847014 -0.01264643 -0.007847014 -427.3013 -8.507245 0.0126 0.0126 
1786041949.091 -0.01020625 -0.01488863 -0.008086344 -0.00760603 -0.008086344 -426.2434 -7.104758 0.0126 0.0126 
1786041949.284 -0.01016725 -0.01019353 -0.008504349 -0.007567245 -0.008504349 -425.4078 -5.754791 0.0126 0.0126 
1786041949.477 -0.01012511 -0.01389508 -0.008169823 -0.007525108 -0.008169823 -424.6991 -4.307235 0.0126 0.0126 
1786041949.654 -0.0100842 -0.0114502 -0.007771129 -0.007484196 -0.007771129 -424.2076 -2.897294 0.0126 0.0126 
1786041949.833 -0.0100452 -0.01607216 -0.007805165 -0.007445195 -0.007805165 -423.918 -1.554783 0.0126 0.0126 
1786041950.016 -0.01000552 -0.01159923 -0.00659975 -0.007405299 -0.00659975 -423.8037 -0.18236 0.0126 0.0126 
1786041950.201 0.005 0.0283 0.002631017 0.0076 0.002631017 -423.8114 9.541763e-09 0.0126 0.0126 
1786041950.386 0.01 0.0163 0.007711015 0.0126 0.007711015 -423.8164 9.541763e-09 0.0126 0.0126 
1786041950.562 0.015 0.0123 0.007711015 0.0076 0.007711015 -423.8164 9.541763e-09 0.0126 0.0126 
1786041950.744 0.01 0.0123 0.007711015 0.0076 0.007711015 -423.8164 9.541763e-09 0.0126 0.0126 
1786041950.926 0.01000439 -0.1305756 0.009345578 0.01260439 0.009345578 -423.8192 0.1509527 -0.0126 0.0126 
1786041951.107 0.01500791 0.02210311 0.0007334198 0.01760791 0.0007334198 -424.1608 0.2717 -0.0126 0.0126 
1786041951.275 0.01500791 0.01810311 0.007946449 0.01260791 0.007946449 -424.7247 0.2717 -0.0126 0.0126 
1786041951.467 0.01000791 0.01410311 0.007549438 0.01260791 0.007549438 -425.361 0.2717 -0.0126 0.0126 
1786041951.655 0.01000791 0.01410311 0.007785768 0.01260791 0.007785768 -425.9845 0.2717 -0.0126 0.0126 
1786041951.840 0.01000791 0.01010311 0.007702109 0.01260791 0.007702109 -426.5916 0.2717 -0.0126 0.0126 
1786041952.027 0.01500791 0.01410311 0.01814201 0.01260791 0.01814201 -426.806 0.2717 0.0126 0.0126 
1786041952.215 0.01000791 0.01410311 0.00420873 0.007607907 0.00420873 -426.6729 0.2717 -0.0126 0.0126 
1786041952.395 0.01000791 0.01410311 0.007832045 0.01260791 0.007832045 -426.7072 0.2717 -0.0126 0.0126 
1786041952.589 0.01500791 0.01410311 0.009622026 0.01760791 0.009622026 -426.7415 0.2717 -0.0126 0.0126 
1786041952.779 0.01500791 0.01810311 0.009372009 0.01760791 0.009372009 -426.7732 0.2717 -0.0126 0.0126 
1786041952.996 0.01500791 0.01810311 0.009725325 0.01260791 0.009725325 -426.8062 0.2717 -0.0126 0.0126 
1786041953.183 0.01500791 0.01810311 0.02808881 0.01760791 0.02808881 -426.5508 0.2717 0.0126 0.0126 
1786041953.393 0.01500791 0.01810311 -0.00591551 0.01760791 -0.00591551 -424.1276 0.2717 0.0126 0.0126 
1786041953.584 0.01 -0.0117 -0.00244898 0.0124 -0.00244898 -423.8063 -1.137215e-08 0.0126 -0.0126 
1786041953.769 0.015 0.0163 0.01025101 0.0174 0.01025101 -423.819 -1.137215e-08 0.0126 -0.0126 
1786041953.966 -0.009974026 -0.04832299 -0.005326673 -0.01237403 -0.005326673 -423.842 0.8925355 -0.0126 0.0126 
1786041954.162 -0.01493061 -0.02052664 -0.01269164 -0.01733061 -0.01269164 -424.0719 2.384857 -0.0126 0.0126 
1786041954.355 -0.01988942 -0.02379806 -0.0126847 -0.0172892 -0.0126847 -424.4999 3.809985 -0.0126 0.0126 
1786041954.561 -0.01484503 -0.01680745 -0.01148237 -0.01724503 -0.01148237 -425.1755 5.332378 -0.0126 0.0126 
1786041954.739 -0.01480444 -0.02100751 -0.01173903 -0.01720444 -0.01173903 -425.9947 6.734999 -0.0126 0.0126 
1786041954.975 -0.01475727 -0.01375828 -0.011093 -0.01715727 -0.011093 -427.1898 8.369925 -0.0126 0.0126 
1786041955.170 -0.01471395 -0.01871356 -0.01130394 -0.01711395 -0.01130394 -428.5182 9.877591 -0.0126 0.0126 
1786041955.375 -0.01466869 -0.01847118 -0.01153753 -0.01206869 -0.01153753 -430.1463 11.45993 -0.0126 0.0126 
1786041955.567 -0.009629219 -0.0176316 -0.01086349 -0.01202922 -0.01086349 -431.7707 12.84755 -0.0126 0.0126 
1786041955.755 -0.01458763 -0.01566835 -0.01070789 -0.01198763 -0.01070789 -433.6896 14.31744 -0.0126 0.0126 
1786041955.941 -0.01454737 -0.01339502 -0.0108563 -0.01194716 -0.0108563 -435.7661 15.7574 -0.0126 0.0126 
1786041956.137 -0.01450864 -0.00985355 -0.0109096 -0.01190864 -0.0109096 -437.9378 17.13754 -0.0126 0.0126 
1786041956.318 -0.009470617 -0.01234546 -0.0104331 -0.01187062 -0.0104331 -440.2733 18.51014 -0.0126 0.0126 
1786041956.498 -0.01443248 -0.01122543 -0.01094609 -0.01183248 -0.01094609 -442.8095 19.89727 -0.0126 0.0126 
1786041956.675 -0.004422256 0.03133256 0.008894718 0.003177744 0.008894718 -443.8014 20.2717 -0.0126 0.0126 
1786041956.843 0.01057774 0.01533256 0.007057757 0.008177744 0.007534422 -444.35 20.2717 -0.0126 0.0126 
1786041957.025 0.01057774 0.01533256 0.007927427 0.01317774 0.008404092 -444.9609 20.2717 -0.0126 0.0126 
1786041957.199 0.01557774 0.01533256 0.009110448 0.01817774 0.009110448 -445.5349 20.2717 -0.0126 0.0126 
1786041957.378 0.01557774 0.02333256 0.01093013 0.01817774 0.01093013 -446.1267 20.2717 -0.0126 0.0126 
1786041957.578 0.02057774 0.02733256 0.02337314 0.02817774 0.02337314 -446.7147 20.2717 -0.0126 0.0126 
1786041957.748 0.02557774 0.03133256 0.005766623 0.02817774 0.005766623 -446.4505 20.2717 -0.00855 0.0126 
1786041957.934 0.02057774 0.02733256 0.01327993 0.02317774 0.01327993 -446.4887 20.2717 -0.0126 0.0126 
1786041958.107 0.02057774 0.02733256 0.01271992 0.02317774 0.01271992 -446.5166 20.2717 -0.0126 0.0126 
1786041958.319 0.02057774 0.02733256 0.01467657 0.02317774 0.0145099 -446.5509 20.2717 -0.0126 0.0126 
1786041958.540 0.02557774 0.03133256 0.01681654 0.03317774 0.01681654 -446.5915 20.2717 -0.0126 0.0126 
1786041958.758 0.02557774 0.03133256 0.01478322 0.02817774 0.01513322 -446.5977 20.2717 0.0126 0.0126 
1786041958.952 0.01557774 0.01933256 0.01406095 0.01817774 0.01406095 -444.633 20.2717 0.0126 0.0126 
1786041959.130 -0.01445061 0.005596831 -0.0182585 -0.01705081 -0.0182585 -441.5583 19.22937 0.0126 -0.0126 
1786041959.312 -0.01948702 -0.01181348 -0.01367957 -0.01708702 -0.01367957 -439.2393 17.91679 0.0126 -0.0126 
1786041959.492 -0.01452538 -0.01756929 -0.0128452 -0.01712538 -0.0128452 -436.9686 16.53677 0.0126 -0.0126 
1786041959.657 -0.01956086 -0.01814381 -0.01156628 -0.02216086 -0.01156628 -435.0394 15.26934 0.0126 -0.0126 
1786041959.824 -0.01459549 -0.01990353 -0.01174176 -0.01719549 -0.01174176 -433.3097 14.03154 0.0126 -0.0126 
1786041959.994 -0.01463137 -0.01479481 -0.01163121 -0.01723137 -0.01163121 -431.6765 12.77181 0.0126 -0.0126 
1786041960.189 -0.01467128 -0.01575596 -0.01091418 -0.0172715 -0.01031896 -430.0394 11.36181 0.0126 -0.0126 
1786041960.404 -0.01471441 -0.01619142 -0.01169069 -0.01731441 -0.01169069 -428.4964 9.854181 0.0126 -0.0126 
1786041960.602 -0.01475751 -0.01211492 -0.009660755 -0.01735751 -0.009660755 -427.1845 8.361851 0.0126 -0.0126 
1786041960.790 -0.01480208 -0.01595247 -0.01090821 -0.01740208 -0.01090821 -426.0491 6.816681 0.0126 -0.0126 
1786041960.990 -0.01484484 -0.01238001 -0.009999138 -0.01244505 -0.009999138 -425.1766 5.331857 0.0126 -0.0126 
1786041961.173 -0.009883994 -0.01114274 -0.00950477 -0.01248399 -0.00950477 -424.5708 3.989275 0.0126 -0.0126 
1786041961.350 -0.009923872 -0.01116788 -0.009396755 -0.01252387 -0.009396755 -424.1314 2.6166 0.0126 -0.0126 
1786041961.556 -0.009966629 -0.009029612 -0.00869135 -0.01256707 -0.00869135 -423.8622 1.13165 0.0126 -0.0126 
1786041961.756 -0.01 -0.1077 -0.007528977 -0.0126 -0.007528977 -423.8012 -1.137215e-08 0.0126 -0.0126 
1786041961.964 0.015 0.0083 0.01152101 0.0174 0.01152101 -423.8203 -1.137215e-08 0.0126 -0.0126 
1786041962.146 0.01499974 0.04688095 0.00685695 0.01739974 0.00685695 -423.8156 -0.009118576 0.00415 -0.0126 
1786041962.325 -0.01003601 0.007895931 -0.006312058 -0.01263623 -0.006312058 -423.8776 -1.244973 -0.0126 -0.0126 
1786041962.502 -0.0100755 -0.0087235 -0.01006296 -0.0126755 -0.01006296 -424.1253 -2.594981 -0.0126 -0.0126 
1786041962.675 -0.01011407 -0.01411561 -0.01039813 -0.01271407 -0.01039813 -424.5444 -3.922451 -0.0126 -0.0126 
1786041962.852 -0.01515258 -0.01120201 -0.009834304 -0.01275258 -0.009834304 -425.1349 -5.250089 -0.0126 -0.0126 
1786041963.024 -0.01018992 -0.01500452 -0.009646573 -0.01278992 -0.009646573 -425.8766 -6.547801 -0.0126 -0.0126 
1786041963.196 -0.01022717 -0.009193381 -0.009818345 -0.01282717 -0.009818345 -426.7681 -7.829909 -0.0126 -0.0126 
1786041963.370 -0.01026473 -0.01105507 -0.01042102 -0.01286473 -0.01042102 -427.8375 -9.134911 -0.0126 -0.0126 
1786041963.543 -0.01030216 -0.01114502 -0.01030424 -0.01290216 -0.01030424 -429.0706 -10.44001 -0.0126 -0.0126 
1786041963.713 -0.01033772 -0.007725013 -0.009693114 -0.01293772 -0.01051882 -430.4067 -11.69256 -0.0126 -0.0126 
1786041963.878 -0.01037397 -0.01624591 -0.01080484 -0.01297397 -0.01080484 -431.9104 -12.96001 -0.0126 -0.0126 
1786041964.055 -0.01041088 -0.01051418 -0.01106347 -0.008010885 -0.01106347 -433.6287 -14.2725 -0.0126 -0.0126 
1786041964.236 -0.01044737 -0.01349031 -0.009673787 -0.013048 -0.009673787 -435.5083 -15.58502 -0.0126 -0.0126 
1786041964.447 -0.01048969 -0.008291281 -0.01059516 -0.008089687 -0.01059516 -437.84 -17.07738 -0.0126 -0.0126 
1786041964.648 -0.01053311 -0.01577745 -0.01073351 -0.008133107 -0.01073351 -440.526 -18.65247 -0.0126 -0.0126 
1786041964.842 -0.005562883 -0.1009743 0.02596092 -0.008162883 0.02596092 -442.5301 -19.7283 -0.0126 -0.0126 
1786041965.053 0.01443712 0.003025692 0.008990591 0.01183712 0.009467255 -443.1422 -19.7283 -0.0126 -0.0126 
1786041965.227 0.01443712 0.01502569 0.009706904 0.01683712 0.009706904 -443.7925 -19.7283 -0.0126 -0.0126 
1786041965.420 0.01943712 0.01502569 0.0104199 0.01683712 0.0104199 -444.4198 -19.7283 -0.0126 -0.0126 
1786041965.586 0.01443712 0.01502569 0.009856256 0.01683712 0.009856256 -444.9926 -19.7283 -0.0126 -0.0126 
1786041965.768 0.01443712 0.01502569 0.01008927 0.01183712 0.01008927 -445.5895 -19.7283 -0.0126 -0.0126 
1786041965.961 0.01443712 0.01502569 0.00348938 0.01683712 0.00348938 -445.4052 -19.7283 0.0126 -0.0126 
1786041966.158 0.01443712 0.01502569 0.009566014 0.01683712 0.009566014 -445.4409 -19.7283 -0.0126 -0.0126 
1786041966.361 0.01943712 0.01502569 0.01018933 0.01683712 0.01018933 -445.4752 -19.7283 -0.0126 -0.0126 
1786041966.546 0.01443712 0.01902569 0.009669312 0.01683712 0.009669312 -445.5057 -19.7283 -0.0126 -0.0126 
1786041966.729 0.01443712 0.01502569 0.008982629 0.01683712 0.008982629 -445.5362 -19.7283 -0.0126 -0.0126 
1786041966.935 0.01443712 0.01502569 0.01067928 0.01683712 0.01067928 -445.5667 -19.7283 -0.0126 -0.0126 
1786041967.130 0.009437117 0.01102569 0.0300464 0.01183712 0.0300464 -444.76 -19.7283 0.0126 -0.0126 
1786041967.322 -0.0005493015 -0.07484021 0.002852907 -0.002949302 0.002852907 -441.679 -19.23331 0.0126 0.0126 
1786041967.493 -0.01551247 -0.01690535 -0.01144236 -0.01291247 -0.01144236 -439.2101 -17.89831 0.0126 0.0126 
1786041967.661 -0.01547745 -0.02460407 -0.0102334 -0.01287745 -0.0102334 -437.1324 -16.63828 0.0126 0.0126 
1786041967.828 -0.01544263 -0.02001294 -0.009796385 -0.01284263 -0.009796385 -435.2236 -15.38581 0.0126 0.0126 
1786041968.005 -0.0154059 -0.01876206 -0.009480453 -0.0128059 -0.009480453 -433.3783 -14.08841 0.0126 0.0126 
1786041968.187 -0.01036896 -0.01772507 -0.008111263 -0.01276896 -0.008111263 -431.6943 -12.78331 0.0126 0.0126 
1786041968.354 -0.01033054 -0.01838481 -0.008955163 -0.01273054 -0.008955163 -430.1195 -11.43333 0.0126 0.0126 
1786041968.533 -0.01029259 -0.01896334 -0.009426167 -0.007692591 -0.009426167 -428.7402 -10.10599 0.0126 0.0126 
1786041968.707 -0.01025513 -0.009944013 -0.008076686 -0.01265513 -0.008076686 -427.5502 -8.800876 0.0126 0.0126 
1786041968.877 -0.01021905 -0.01689914 -0.008798576 -0.01261905 -0.008798576 -426.5596 -7.548293 0.0126 0.0126 
1786041969.040 -0.01018264 -0.01328157 -0.00722424 -0.007582644 -0.00722424 -425.7176 -6.288366 0.0126 0.0126 
1786041969.219 -0.0151455 -0.01511645 -0.008270692 -0.01254528 -0.008270692 -425.0115 -4.998347 0.0126 0.0126 
1786041969.402 -0.01010502 -0.01251237 -0.008459803 -0.007504799 -0.008459803 -424.4299 -3.603297 0.0126 0.0126 
1786041969.581 -0.01006643 -0.01568804 -0.007649121 -0.007466434 -0.007649121 -424.0539 -2.283397 0.0126 0.0126 
1786041969.762 -0.01002585 -0.01041924 -0.007703881 -0.007425852 -0.007703881 -423.8393 -0.8882941 0.0126 0.0126 
1786041969.928 -0.01 0.1083 -0.006258978 -0.0124 -0.006258978 -423.8025 1.477024e-08 0.0126 0.0126 
1786041970.112 0.01 0.0163 0.002631017 0.0076 0.002631017 -423.8114 1.477024e-08 0.0126 0.0126 
1786041970.289 0.015 0.0163 0.008981014 0.0126 0.008981014 -423.8177 1.477024e-08 0.0126 0.0126 
1786041970.461 0.01 0.0163 0.007711015 0.0126 0.007711015 -423.8164 1.477024e-08 0.0126 0.0126 
1786041970.629 0.01 0.0123 0.007711015 0.0126 0.007711015 -423.8164 1.477024e-08 0.0126 0.0126 
1786041970.809 0.015 0.0163 0.008981014 0.0126 0.008981014 -423.8177 1.477024e-08 0.0126 0.0126 
1786041971.021 0.01000538 0.02453821 -0.005777718 0.007605381 -0.005777718 -424.0224 0.1853 -0.0126 0.0126 
1786041971.233 0.01500538 0.01653821 0.00351524 0.01260538 0.00351524 -424.7183 0.1853 -0.0126 0.0126 
1786041971.435 0.01000538 0.01653821 0.007731519 0.01260538 0.007731519 -425.4359 0.1853 -0.0126 0.0126 
1786041971.608 0.01000538 0.01253821 0.0070112 0.01260538 0.0070112 -426.0252 0.1853 -0.0126 0.0126 
1786041971.794 0.01000538 0.01253821 0.007087536 0.007605381 0.007087536 -426.6386 0.1853 -0.0126 0.0126 
1786041971.974 0.01000538 0.01253821 0.01593081 0.007605381 0.01545414 -426.7781 0.1853 0.0126 0.0126 
1786041972.163 0.01000538 0.01253821 0.001397517 0.007605381 0.001397517 -426.6741 0.1853 -0.0126 0.0126 
1786041972.353 0.01000538 0.01253821 0.006290831 0.007605381 0.006290831 -426.7097 0.1853 -0.0126 0.0126 
1786041972.539 0.005005381 0.008538207 0.00570748 0.007605381 0.00570748 -426.7415 0.1853 -0.0126 0.0126 
1786041972.704 0.005005381 0.004538207 0.005647465 0.007605381 0.005647465 -426.7694 0.1853 -0.0126 0.0126 
1786041972.882 0.005005381 0.008538207 0.005357449 0.007605381 0.005190783 -426.7986 0.1853 -0.0126 0.0126 
1786041973.059 0.005005381 0.004538207 0.007407453 0.002605381 0.007407453 -426.8173 0.1853 0.01255 0.0126 
1786041973.255 0.005005381 0.004538207 0.01908478 0.002605381 0.01908478 -425.5957 0.1853 0.0126 0.0126 
1786041973.444 0.00500187 0.1021712 -0.026068 0.002401507 -0.026068 -423.7847 0.05189863 0.0126 -0.0126 
1786041973.636 0.005 -0.0077 -0.00244898 0.0024 -0.00244898 -423.8063 -6.14367e-09 0.0126 -0.0126 
1786041973.818 0.01 0.0043 0.006441015 0.0124 0.006441015 -423.8152 -6.14367e-09 0.0126 -0.0126 
1786041973.994 0.01000147 -0.08104539 0.005226217 0.01135147 0.005226217 -423.8141 0.05071225 -0.0118 0.01215 
1786041974.170 -0.009961016 -0.02917415 -0.008201557 -0.01236102 -0.008201557 -423.8878 1.342598 -0.0126 0.0126 
1786041974.345 -0.009923793 -0.01412898 -0.01059321 -0.01232379 -0.009961101 -424.1341 2.632608 -0.0126 0.0126 
1786041974.537 -0.01488422 -0.01629047 -0.01050695 -0.01228422 -0.01050695 -424.5685 3.997576 -0.0126 0.0126 
1786041974.722 -0.009844059 -0.01415103 -0.01024467 -0.01224406 -0.01024467 -425.1971 5.377418 -0.0126 0.0126 
1786041974.903 -0.009802478 -0.01299844 -0.008831559 -0.01220226 -0.008831559 -426.0518 6.824945 -0.0126 0.0126 
1786041975.102 -0.009761236 -0.01224245 -0.00925905 -0.01216124 -0.00925905 -427.0882 8.249975 -0.0126 0.0126 
1786041975.305 -0.009717782 -0.01529865 -0.01036475 -0.01211778 -0.01036475 -428.4102 9.7725 -0.0126 0.0126 
1786041975.515 -0.009671536 -0.01169862 -0.009585856 -0.01207154 -0.009585856 -430.0523 11.3851 -0.0126 0.0126 
1786041975.707 -0.01463001 -0.01507451 -0.01072233 -0.0120298 -0.01072233 -431.763 12.85481 -0.0126 0.0126 
1786041975.906 -0.009588726 -0.01529942 -0.01106516 -0.006988726 -0.01106516 -433.6579 14.31741 -0.0126 0.0126 
1786041976.098 -0.009548548 -0.01276483 -0.009723595 -0.006948548 -0.009723595 -435.7191 15.74253 -0.0126 0.0126 
1786041976.299 -0.009509068 -0.01284644 -0.01118211 -0.01190907 -0.01033914 -437.9695 17.1752 -0.0126 0.0126 
1786041976.495 -0.009465555 -0.01060533 -0.01123246 -0.006865349 -0.01123246 -440.6492 18.74237 -0.0126 0.0126 
1786041976.688 -0.009426961 0.07795574 0.01691643 -0.01182696 0.01691643 -443.2654 20.14436 -0.0126 0.0126 
1786041976.867 0.01057416 0.02845389 0.0100119 0.01317416 0.009218566 -443.7506 20.1853 -0.0126 0.0126 
1786041977.042 0.01557416 0.02045389 0.008658242 0.01317416 0.008658242 -444.35 20.1853 -0.0126 0.0126 
1786041977.215 0.01557416 0.01645389 0.008887934 0.01317416 0.008887934 -444.9202 20.1853 -0.0126 0.0126 
1786041977.386 0.01557416 0.01645389 0.008007621 0.01317416 0.008007621 -445.4993 20.1853 -0.0126 0.0126 
1786041977.557 0.01057416 0.01645389 0.008077319 0.01317416 0.008077319 -446.0594 20.1853 -0.0126 0.0126 
1786041977.745 0.01557416 0.01645389 0.0192437 0.01317416 0.0192437 -446.5928 20.1853 -0.0126 0.0126 
1786041977.932 0.01557416 0.01645389 0.005830501 0.01317416 0.005830501 -446.3401 20.1853 -0.0126 0.0126 
1786041978.103 0.01057416 0.01645389 0.00924715 0.01317416 0.00924715 -446.3718 20.1853 -0.0126 0.0126 
1786041978.279 0.01557416 0.01645389 0.008790468 0.01317416 0.008790468 -446.401 20.1853 -0.0126 0.0126 
1786041978.461 0.01057416 0.01245389 0.008333785 0.008174157 0.008333785 -446.4303 20.1853 -0.0126 0.0126 
1786041978.644 0.01057416 0.01245389 0.007877103 0.01317416 0.007710436 -446.4595 20.1853 -0.0126 0.0126 
1786041978.809 0.01057416 0.01245389 0.007753754 0.01317416 0.007753754 -446.4887 20.1853 -0.0126 0.0126 
1786041978.987 0.005574157 0.008453886 0.02590061 0.008174157 0.02590061 -446.157 20.1853 0.0126 0.0126 
1786041979.167 0.005572978 0.08864402 0.02243892 0.009772878 0.02243892 -443.8481 20.13847 0.0126 -0.01135 
1786041979.338 -0.009460942 0.01184103 -0.01303823 -0.01206115 -0.01303823 -440.9208 18.89538 0.0126 -0.0126 
1786041979.510 -0.0144961 -0.01283749 -0.01105159 -0.0120961 -0.01105159 -438.7199 17.6203 0.0126 -0.0126 
1786041979.691 -0.009533605 -0.01462728 -0.009653075 -0.0121336 -0.009653075 -436.538 16.27776 0.0126 -0.0126 
1786041979.867 -0.009569892 -0.01229676 -0.008900719 -0.0121701 -0.009580641 -434.5886 14.97274 0.0126 -0.0126 
1786041980.056 -0.01460809 -0.01245648 -0.009553149 -0.0122083 -0.00991811 -432.7293 13.61477 0.0126 -0.0126 
1786041980.238 -0.009649707 -0.008068218 -0.008567322 -0.01224992 -0.008567322 -430.9132 12.14535 0.0126 -0.0126 
1786041980.403 -0.01468535 -0.01000389 -0.008411101 -0.01228535 -0.008411101 -429.534 10.90022 0.0126 -0.0126 
1786041980.577 -0.009722211 -0.00949362 -0.009686189 -0.01232243 -0.009094145 -428.2526 9.602646 0.0126 -0.0126 
1786041980.751 -0.009759 -0.01125118 -0.008168424 -0.012359 -0.008496123 -427.1451 8.320045 0.0126 -0.0126 
1786041980.928 -0.009797856 -0.01036037 -0.00799844 -0.01239786 -0.00799844 -426.1545 6.977621 0.0126 -0.0126 
1786041981.115 -0.009837257 -0.009240147 -0.008421793 -0.007437257 -0.008421793 -425.3239 5.612855 0.0126 -0.0126 
1786041981.294 -0.009876968 -0.01002489 -0.007671173 -0.007477403 -0.007671173 -424.6648 4.225333 0.0126 -0.0126 
1786041981.457 -0.009913052 -0.009518792 -0.008617229 -0.01251305 -0.008617229 -424.2343 2.995361 0.0126 -0.0126 
1786041981.627 -0.009949395 -0.008622679 -0.008483165 -0.01254939 -0.008490751 -423.946 1.735303 0.0126 -0.0126 
1786041981.800 -0.009987068 -0.005524692 -0.006967617 -0.01258707 -0.006967617 -423.8114 0.4453839 0.0126 -0.0126 
1786041981.992 -1.00045e-13 -0.0237 9.101872e-05 0.0024 9.101873e-05 -423.8088 -1.137215e-08 0.0126 -0.0126 
1786041982.162 0.015 0.0083 0.01025101 0.0174 0.01025101 -423.819 -1.137215e-08 0.0126 -0.0126 
1786041982.331 0.01 0.0123 0.01025101 0.0124 0.01025101 -423.819 -1.137215e-08 0.0126 -0.0126 
1786041982.508 -2.199816e-05 0.04563963 0.001726997 -0.002621998 0.001726997 -423.8382 -0.7574373 -0.0126 -0.0126 
1786041982.697 -0.01006271 -0.0005620675 -0.0086392 -0.01266293 -0.0086392 -424.0275 -2.167478 -0.0126 -0.0126 
1786041982.884 -0.01010383 -0.0100423 -0.009384965 -0.01270383 -0.009384965 -424.4186 -3.577391 -0.0126 -0.0126 
1786041983.054 -0.01014054 -0.006997051 -0.01000828 -0.01274054 -0.01000828 -424.9342 -4.844879 -0.0126 -0.0126 
1786041983.233 -0.01017761 -0.009002908 -0.008724164 -0.007777828 -0.008724164 -425.62 -6.135034 -0.0126 -0.0126 
1786041983.413 -0.01021848 -0.00831757 -0.009195646 -0.01281848 -0.009195646 -426.551 -7.544924 -0.0126 -0.0126 
1786041983.593 -0.0102575 -0.006369972 -0.01065946 -0.007857932 -0.01065946 -427.6393 -8.91726 -0.0126 -0.0126 
1786041983.781 -0.005295945 -0.01028331 -0.01039949 -0.00789616 -0.01039949 -428.8801 -10.26008 -0.0126 -0.0126 
1786041983.961 -0.01033657 -0.006840313 -0.009249619 -0.007936574 -0.009249619 -430.3686 -11.66998 -0.0126 -0.0126 
1786041984.137 -0.01037317 -0.01666032 -0.01000329 -0.007973174 -0.01000329 -431.8938 -12.96018 -0.0126 -0.0126 
1786041984.320 -0.0104117 -0.01148739 -0.01004944 -0.0130117 -0.01004944 -433.6795 -14.32498 -0.0126 -0.0126 
1786041984.497 -0.005449775 -0.0109888 -0.009770787 -0.008049775 -0.009770787 -435.6289 -15.68244 -0.0126 -0.0126 
1786041984.669 -0.005484893 -0.00788509 -0.01050471 -0.008085102 -0.009929659 -437.6038 -16.95009 -0.0126 -0.0126 
1786041984.850 -0.0055235 -0.006536408 -0.01071677 -0.0131235 -0.01071677 -439.9355 -18.3373 -0.0126 -0.0126 
1786041985.034 -0.01056026 -0.02214563 -0.004544898 -0.008160259 -0.004544898 -442.3599 -19.67627 -0.0126 -0.0126 
1786041985.222 0.004435957 -0.01141423 0.009456114 0.006835957 0.009456114 -442.9911 -19.8147 -0.0126 -0.0126 
1786041985.394 0.009435957 0.01258577 0.009372455 0.01183596 0.009372455 -443.5943 -19.8147 -0.0126 -0.0126 
1786041985.578 0.009435957 0.01258577 0.008972125 0.01183596 0.008972125 -444.2039 -19.8147 -0.0126 -0.0126 
1786041985.757 0.01443596 0.01258577 0.009205137 0.01683596 0.009205137 -444.8008 -19.8147 -0.0126 -0.0126 
1786041985.944 0.01443596 0.01258577 0.008964802 0.01183596 0.008964802 -445.4206 -19.8147 -0.0126 -0.0126 
1786041986.122 0.009435957 0.01258577 0.02648792 0.01183596 0.02648792 -445.8259 -19.8147 0.00415 -0.0126 
1786041986.308 0.01443596 0.01258577 0.007124711 0.01183596 0.007124711 -445.5895 -19.8147 -0.0126 -0.0126 
1786041986.490 0.009435957 0.01258577 0.00904136 0.01183596 0.00904136 -445.6213 -19.8147 -0.0126 -0.0126 
1786041986.660 0.009435957 0.008585769 0.009251344 0.01183596 0.009251344 -445.6505 -19.8147 -0.0126 -0.0126 
1786041986.836 0.01443596 0.01258577 0.008357996 0.01183596 0.008357996 -445.6784 -19.8147 -0.0126 -0.0126 
1786041987.020 0.01443596 0.01258577 0.008671313 0.01183596 0.008671313 -445.7089 -19.8147 -0.0126 -0.0126 
1786041987.191 0.009435957 0.008585769 0.007711322 0.01183596 0.007711322 -445.7176 -19.8147 0.0126 -0.0126 
1786041987.370 0.009435957 0.01258577 0.01832207 0.01183596 0.01768541 -444.3231 -19.8147 0.0126 -0.0126 
1786041987.566 -0.0005418567 -0.0520302 -0.01747885 -0.007941651 -0.01663502 -441.0872 -18.9897 0.0126 0.0126 
1786041987.739 -0.01050423 -0.01566068 -0.01072603 -0.01290423 -0.01072603 -438.7402 -17.63961 0.0126 0.0126 
1786041987.921 -0.01546652 -0.02134673 -0.008874442 -0.01286652 -0.009914102 -436.533 -16.27458 0.0126 0.0126 
1786041988.092 -0.01543086 -0.01498248 -0.009400932 -0.01283086 -0.009400932 -434.6381 -15.00729 0.0126 0.0126 
1786041988.276 -0.01039224 -0.01879882 -0.00859547 -0.01279224 -0.00859547 -432.756 -13.63468 0.0126 0.0126 
1786041988.455 -0.01035382 -0.01630311 -0.008369041 -0.01275382 -0.008369041 -431.0681 -12.27729 0.0126 0.0126 
1786041988.624 -0.01031756 -0.01850193 -0.007831774 -0.007717558 -0.007831774 -429.6419 -11.00219 0.0126 0.0126 
1786041988.811 -0.01027834 -0.0158177 -0.008617849 -0.007678344 -0.008617849 -428.278 -9.629773 0.0126 0.0126 
1786041988.989 -0.0102394 -0.01330326 -0.008101182 -0.007639402 -0.008101182 -427.107 -8.272294 0.0126 0.0126 
1786041989.161 -0.0152027 -0.01023702 -0.008388507 -0.0126027 -0.008388507 -426.1672 -6.997173 0.0126 0.0126 
1786041989.336 -0.01016482 -0.0106985 -0.007996987 -0.0125646 -0.007996987 -425.3595 -5.677262 0.0126 0.0126 
1786041989.525 -0.01012468 -0.01464952 -0.007656639 -0.007524028 -0.007656639 -424.6851 -4.267244 0.0126 0.0126 
1786041989.692 -0.01008751 -0.006427366 -0.007908053 -0.00748751 -0.007908053 -424.2406 -3.01451 0.0126 0.0126 
1786041989.880 -0.01004725 -0.01567357 -0.007409732 -0.01244725 -0.007409732 -423.9295 -1.627241 0.0126 0.0126 
1786041990.063 -0.0100074 -0.007015046 -0.006859834 -0.007407397 -0.006677637 -423.805 -0.2475275 0.0126 0.0126 
1786041990.254 0.005 0.0283 0.001361018 0.0076 0.001361018 -423.8101 9.541763e-09 0.0126 0.0126 
1786041990.452 0.015 0.0123 0.007711015 0.0126 0.007711015 -423.8164 9.541763e-09 0.0126 0.0126 
1786041990.638 0.01 0.0123 0.007711015 0.0076 0.007711015 -423.8164 9.541763e-09 0.0126 0.0126 
1786041990.825 0.015 0.0123 0.007711015 0.0076 0.007711015 -423.8164 9.541763e-09 0.0126 0.0126 
1786041990.998 0.01 0.0123 0.007711015 0.0126 0.007711015 -423.8164 9.541763e-09 0.0126 0.0126 
1786041991.163 0.01 0.0123 0.007711015 0.0076 0.007711015 -423.8164 9.541763e-09 0.0126 0.0126 
1786041991.333 0.009999735 0.04292308 0.003046949 0.005399735 0.003046949 -423.8118 -0.009159708 0.00415 0.00415 
1786041991.517 0.009996621 0.005604793 -0.00284576 0.01239662 -0.00284576 -424.171 -0.116 -0.0126 -0.0126 
1786041991.709 0.009996621 0.01360479 0.005013885 0.01239662 0.005013885 -424.8288 -0.116 -0.0126 -0.0126 
1786041991.891 0.01499662 0.01360479 0.006990241 0.01239662 0.006990241 -425.4041 -0.116 -0.0126 -0.0126 
1786041992.067 0.009996621 0.01360479 0.007703235 0.007396621 0.007703235 -426.0315 -0.116 -0.0126 -0.0126 
1786041992.246 0.009996621 0.009604793 0.007776252 0.01239662 0.007776252 -426.6183 -0.116 -0.0126 -0.0126 
1786041992.419 0.009996621 0.01360479 0.02103945 0.007396621 0.02103945 -426.9025 -0.116 0.0126 -0.0126 
1786041992.605 0.009996621 0.009604793 0.003069531 0.01239662 0.003069531 -426.7173 -0.116 -0.0126 -0.0126 
1786041992.812 0.009996621 0.01360479 0.007669511 0.01239662 0.007669511 -426.7554 -0.116 -0.0126 -0.0126 
1786041993.007 0.009996621 0.01360479 0.007189493 0.01239662 0.007189493 -426.7884 -0.116 -0.0126 -0.0126 
1786041993.179 0.009996621 0.009604793 0.007669477 0.007396621 0.007669477 -426.8189 -0.116 -0.0126 -0.0126 
1786041993.355 0.009996621 0.009604793 0.007879461 0.007396621 0.007879461 -426.8481 -0.116 -0.0126 -0.0126 
1786041993.526 0.009996621 0.01360479 0.006959468 0.01239662 0.006959468 -426.8594 -0.116 0.0126 -0.0126 
1786041993.703 0.009996621 0.01360479 0.02203678 0.007396621 0.02203678 -425.6567 -0.116 0.0126 -0.0126 
1786041993.885 0.009997181 -0.04134324 -0.02178661 0.01144718 -0.02178661 -423.8126 -0.09436965 0.0126 0.00415 
1786041994.056 0.005 0.0043 -0.006258978 0.0026 -0.006258978 -423.8025 1.477024e-08 0.0126 0.0126 
1786041994.225 0.01 0.0043 -0.003718979 0.0076 -0.003718979 -423.805 1.477024e-08 0.0126 0.0126 
1786041994.394 0.005004826 -0.1374839 -0.002312704 0.002604826 -0.002312704 -423.8078 0.1657144 -0.0126 0.0126 
1786041994.588 -0.01495478 -0.02887059 -0.01116451 -0.01735457 -0.01116451 -423.9157 1.559878 -0.0126 0.0126 
1786041994.786 -0.009912439 -0.01466884 -0.01072176 -0.01231244 -0.01072176 -424.237 3.00759 -0.0126 0.0126 
1786041994.962 -0.01487146 -0.0178076 -0.01059517 -0.01227146 -0.01059517 -424.745 4.417673 -0.0126 0.0126 
1786041995.132 -0.01483468 -0.01486951 -0.01070279 -0.01223446 -0.01070279 -425.3699 5.692647 -0.0126 0.0126 
1786041995.305 -0.009796902 -0.01651606 -0.01034935 -0.01219669 -0.01034935 -426.1725 6.99764 -0.0126 0.0126 
1786041995.474 -0.01476009 -0.01440817 -0.00943197 -0.01216009 -0.00943197 -427.1098 8.264902 -0.0126 0.0126 
1786041995.641 -0.01472405 -0.01817208 -0.0106342 -0.01212405 -0.0106342 -428.1854 9.517317 -0.0126 0.0126 
1786041995.819 -0.009686422 -0.01661846 -0.009961912 -0.01208621 -0.01018404 -429.4834 10.83762 -0.0126 0.0126 
1786041996.010 -0.01464768 -0.01635206 -0.01041241 -0.01204768 -0.01041241 -430.982 12.18746 -0.0126 0.0126 
1786041996.178 -0.009609767 -0.01318859 -0.01000161 -0.007009555 -0.01000161 -432.6444 13.52985 -0.0126 0.0126 
1786041996.353 -0.009572914 -0.01111451 -0.01014872 -0.006972914 -0.01014872 -434.4123 14.82761 -0.0126 0.0126 
1786041996.536 -0.009534184 -0.01607359 -0.01055179 -0.01193397 -0.01055179 -436.4773 16.21488 -0.0126 0.0126 
1786041996.721 -0.009496349 -0.009975319 -0.01056697 -0.01189635 -0.01056697 -438.6718 17.57263 -0.0126 0.0126 
1786041996.933 -0.00945322 -0.010923 -0.01008716 -0.01185322 -0.01008716 -441.3909 19.1251 -0.0126 0.0126 
1786041997.125 -0.004432381 0.05310238 0.008001575 -0.006832381 0.00720824 -442.939 19.884 -0.0126 0.0126 
1786041997.332 0.01556762 0.02110238 0.009831212 0.01316762 0.009831212 -443.6083 19.884 -0.0126 0.0126 
1786041997.537 0.02056762 0.02110238 0.009444159 0.01816762 0.009444159 -444.3246 19.884 -0.0126 0.0126 
1786041997.723 0.01556762 0.02110238 0.009520494 0.01316762 0.009520494 -444.938 19.884 -0.0126 0.0126 
1786041997.921 0.01556762 0.01710238 0.009283478 0.01316762 0.009283478 -445.5844 19.884 -0.0126 0.0126 
1786041998.100 0.01556762 0.01710238 0.02430664 0.01316762 0.02430664 -445.9352 19.884 0.01215 0.0126 
1786041998.282 0.01556762 0.01710238 0.00755007 0.01316762 0.00755007 -445.7241 19.884 -0.0126 0.0126 
1786041998.512 0.01556762 0.01710238 0.009483382 0.01316762 0.009483382 -445.7622 19.884 -0.0126 0.0126 
1786041998.725 0.01556762 0.01710238 0.00971003 0.01316762 0.00971003 -445.7978 19.884 -0.0126 0.0126 
1786041998.898 0.01056762 0.01710238 0.009793346 0.01316762 0.009793346 -445.8295 19.884 -0.0126 0.0126 
1786041999.089 0.01056762 0.01710238 0.009543329 0.01316762 0.009376662 -445.8613 19.884 -0.0126 0.0126 
1786041999.280 0.01556762 0.01710238 0.02651682 0.01316762 0.02651682 -445.5969 19.884 0.0126 0.0126 
1786041999.473 0.01056327 0.1358603 0.03249692 0.007963269 0.03249692 -442.9299 19.7253 0.0126 -0.0126 
1786041999.670 -0.01447677 0.002436431 -0.01216724 -0.01207677 -0.01216724 -439.8667 18.2715 0.0126 -0.0126 
1786041999.858 -0.01451655 -0.01594035 -0.01142741 -0.01211655 -0.01142741 -437.4524 16.83161 0.0126 -0.0126 
1786042000.054 -0.01455748 -0.01570022 -0.01102903 -0.01715769 -0.01012854 -435.1969 15.36945 0.0126 -0.0126 
1786042000.242 -0.01459848 -0.01289428 -0.01007278 -0.01219848 -0.01007278 -433.1611 13.92161 0.0126 -0.0126 
1786042000.435 -0.01463889 -0.01158304 -0.009598614 -0.0122391 -0.009598614 -431.3412 12.48899 0.0126 -0.0126 
1786042000.623 -0.009679087 -0.01255823 -0.00922696 -0.0122793 -0.00922696 -429.7397 11.0791 0.0126 -0.0126 
1786042000.819 -0.01472056 -0.012651 -0.01027049 -0.01232056 -0.01027049 -428.2983 9.639134 0.0126 -0.0126 
1786042001.034 -0.009765024 -0.01281667 -0.008910348 -0.01236502 -0.008910348 -426.9749 8.094145 0.0126 -0.0126 
1786042001.232 -0.009810309 -0.01199984 -0.008108092 -0.01241031 -0.008108092 -425.8662 6.526356 0.0126 -0.0126 
1786042001.441 -0.009854866 -0.01432999 -0.008586202 -0.007454866 -0.008586202 -425.0077 4.988999 0.0126 -0.0126 
1786042001.650 -0.00989691 -0.01243733 -0.007882673 -0.00749691 -0.007882673 -424.3892 3.466575 0.0126 -0.0126 
1786042001.857 -0.01494579 -0.009358376 -0.008096351 -0.01254579 -0.008096351 -423.9688 1.839014 0.0126 -0.0126 
1786042002.041 -0.009986631 -0.005078734 -0.007597584 -0.007586631 -0.007597584 -423.8114 0.4590232 0.0126 -0.0126 
1786042002.244 -1.00045e-13 -0.0157 0.001361018 0.0024 0.001361018 -423.8101 -1.137215e-08 0.0126 -0.0126 
1786042002.435 0.015 0.0123 0.01152101 0.0174 0.01152101 -423.8203 -1.137215e-08 0.0126 -0.0126 
1786042002.608 0.015 0.0123 0.01025101 0.0174 0.01025101 -423.819 -1.137215e-08 0.0126 -0.0126 
1786042002.780 0.015 0.0123 0.01025101 0.0174 0.01025101 -423.819 -1.137215e-08 0.0126 -0.0126 
1786042002.992 -0.005034514 0.01367011 -0.003972768 -0.007634732 -0.003972768 -423.8738 -1.192378 -0.0126 -0.0126 
1786042003.189 -0.01007971 -0.004846096 -0.0098364 -0.01267992 -0.0098364 -424.1646 -2.74507 -0.0126 -0.0126 
1786042003.360 -0.01011983 -0.01224191 -0.008786265 -0.01272005 -0.008786265 -424.6256 -4.125072 -0.0126 -0.0126 
1786042003.554 -0.0101601 -0.01061218 -0.009270803 -0.0127601 -0.009270803 -425.2695 -5.505159 -0.0126 -0.0126 
1786042003.747 -0.01020158 -0.01278569 -0.009229883 -0.01280158 -0.009229883 -426.1331 -6.93753 -0.0126 -0.0126 
1786042003.927 -0.01024207 -0.008141363 -0.009988769 -0.01284207 -0.009988769 -427.1694 -8.340136 -0.0126 -0.0126 
1786042004.104 -0.01028112 -0.009937155 -0.01011496 -0.01288112 -0.01011496 -428.3531 -9.697481 -0.0126 -0.0126 
1786042004.297 -0.01032023 -0.01197622 -0.009569879 -0.01292044 -0.009569879 -429.7298 -11.07005 -0.0126 -0.0126 
1786042004.492 -0.01036193 -0.01303673 -0.00958828 -0.01296193 -0.00958828 -431.3846 -12.52499 -0.0126 -0.0126 
1786042004.686 -0.00540466 -0.007297647 -0.01042677 -0.00800466 -0.01042677 -433.3099 -14.03242 -0.0126 -0.0126 
1786042004.867 -0.0104429 -0.01129022 -0.0104312 -0.0130429 -0.0104312 -435.2276 -15.3898 -0.0126 -0.0126 
1786042005.051 -0.01048069 -0.01071775 -0.01089416 -0.00808069 -0.01148403 -437.3167 -16.74735 -0.0126 -0.0126 
1786042005.240 -0.01051987 -0.01188432 -0.01058839 -0.008120077 -0.01058839 -439.67 -18.15751 -0.0126 -0.0126 
1786042005.426 -0.01055873 -0.009177537 -0.01021957 -0.008158735 -0.01021957 -442.1923 -19.55999 -0.0126 -0.0126 
1786042005.601 -0.0005739688 -0.03972608 0.008393504 0.001826031 0.008076834 -443.428 -20.116 -0.0126 -0.0126 
1786042005.775 0.009426031 0.004273924 0.008783191 0.01182603 0.008783191 -444.002 -20.116 -0.0126 -0.0126 
1786042005.945 0.01442603 0.01227392 0.008059554 0.01182603 0.008059554 -444.5646 -20.116 -0.0126 -0.0126 
1786042006.115 0.009426031 0.008273924 0.00876591 0.01182603 0.00876591 -445.1387 -20.116 -0.0126 -0.0126 
1786042006.308 0.01442603 0.01227392 0.008682251 0.01182603 0.008682251 -445.7419 -20.116 -0.0126 -0.0126 
1786042006.480 0.009426031 0.01227392 0.009305254 0.01182603 0.009305254 -446.3541 -20.116 -0.0126 -0.0126 
1786042006.682 0.009426031 0.01227392 -0.003931302 0.01182603 -0.00290797 -446.1619 -20.116 -0.00415 -0.0126 
1786042006.859 0.009426031 0.008273924 0.007592002 0.01182603 0.007592002 -446.2029 -20.116 -0.0126 -0.0126 
1786042007.043 0.009426031 0.01227392 0.009008652 0.006826031 0.009008652 -446.2347 -20.116 -0.0126 -0.0126 
1786042007.221 0.01442603 0.01227392 0.00805197 0.01182603 0.00805197 -446.2639 -20.116 -0.0126 -0.0126 
1786042007.386 0.01442603 0.01227392 0.008158621 0.01182603 0.008158621 -446.2918 -20.116 -0.0126 -0.0126 
1786042007.561 0.009426031 0.008273924 0.01571528 0.01182603 0.01571528 -446.3183 -20.116 0.0001 -0.0126 
1786042007.742 0.009426031 0.01227392 0.03034687 0.01182603 0.03034687 -445.4306 -20.116 0.0126 -0.0126 
1786042007.938 0.00444062 -0.07000082 0.001173 0.002040826 0.001173 -442.3013 -19.57601 0.0126 0.0126 
1786042008.122 -0.01052114 -0.01675179 -0.01029005 -0.01292114 -0.01029005 -439.7372 -18.18828 0.0126 0.0126 
1786042008.291 -0.01048406 -0.01832856 -0.008802957 -0.01288406 -0.008802957 -437.502 -16.86107 0.0126 0.0126 
1786042008.468 -0.01044841 -0.01654169 -0.008422721 -0.007848406 -0.008422721 -435.5208 -15.58597 0.0126 0.0126 
1786042008.641 -0.01041041 -0.01750449 -0.008941225 -0.007810408 -0.008941225 -433.5878 -14.23595 0.0126 0.0126 
1786042008.816 -0.01537367 -0.01730921 -0.008741029 -0.01277367 -0.008741029 -431.8924 -12.93877 0.0126 0.0126 
1786042008.980 -0.01033824 -0.01168892 -0.008461392 -0.007738245 -0.008461392 -430.4154 -11.69351 0.0126 0.0126 
1786042009.175 -0.01029728 -0.01463931 -0.008706371 -0.01269728 -0.008706371 -428.8977 -10.26103 0.0126 0.0126 
1786042009.355 -0.01025808 -0.01006076 -0.00757296 -0.00765808 -0.00757296 -427.6353 -8.896035 0.0126 0.0126 
1786042009.546 -0.01021851 -0.01481904 -0.008244202 -0.0126183 -0.007864086 -426.5393 -7.515876 0.0126 0.0126 
1786042009.732 -0.01017795 -0.00945671 -0.008561873 -0.01257795 -0.008561873 -425.6135 -6.113655 0.0126 0.0126 
1786042009.908 -0.01013837 -0.01255842 -0.007710929 -0.01253815 -0.008064344 -424.8947 -4.748487 0.0126 0.0126 
1786042010.102 -0.01009762 -0.006909079 -0.008594359 -0.01249741 -0.008594359 -424.3435 -3.338385 0.0126 0.0126 
1786042010.267 -0.01005944 -0.01206682 -0.007806283 -0.007459437 -0.007806283 -424.0031 -2.0411 0.0126 0.0126 
1786042010.445 -0.01002187 -0.007743321 -0.007695447 -0.007421656 -0.007695447 -423.8279 -0.7359397 0.0126 0.0126 
1786042010.647 -1.00045e-13 0.0483 -0.001178981 0.0026 -0.001178981 -423.8076 9.541763e-09 0.0126 0.0126 
1786042010.832 0.015 0.0163 0.006441015 0.0126 0.006441015 -423.8152 9.541763e-09 0.0126 0.0126 
1786042011.013 0.01 0.0123 0.007711015 0.0076 0.007711015 -423.8164 9.541763e-09 0.0126 0.0126 
1786042011.204 0.01 0.0163 0.007711015 0.0126 0.008981014 -423.8177 9.541763e-09 0.0126 0.0126 
1786042011.371 0.01 0.0123 0.007711015 0.0126 0.007711015 -423.8164 9.541763e-09 0.0126 0.0126 
1786042011.534 0.015 0.0123 0.007711015 0.0126 0.007711015 -423.8164 9.541763e-09 0.0126 0.0126 
1786042011.700 0.01 0.0123 0.007711015 0.0076 0.007711015 -423.8164 9.541763e-09 0.0126 0.0126 
1786042011.881 0.01000617 0.00108953 0.005731704 0.002606174 0.005731704 -423.8166 0.2117736 -0.0126 0.0126 
1786042012.077 0.01000658 0.01607797 -0.0008424171 0.01260658 -0.0008424171 -424.2878 0.2256 -0.0126 0.0126 
1786042012.255 0.01500658 0.01607797 0.007330579 0.01260658 0.007807243 -424.9101 0.2256 -0.0126 0.0126 
1786042012.424 0.01500658 0.01607797 0.008353606 0.01260658 0.008353606 -425.474 0.2256 -0.0126 0.0126 
1786042012.590 0.01000658 0.01607797 0.008106633 0.01260658 0.008106633 -426.0404 0.2256 -0.0126 0.0126 
1786042012.766 0.01500658 0.01607797 0.007859661 0.01260658 0.007859661 -426.6068 0.2256 -0.0126 0.0126 
1786042012.952 0.01000658 0.01207797 0.01845291 0.01260658 0.01845291 -426.7819 0.2256 0.0126 0.0126 
1786042013.136 0.01500658 0.01607797 0.00439297 0.01260658 0.00439297 -426.6513 0.2256 -0.0126 0.0126 
1786042013.301 0.01000658 0.01207797 0.007309619 0.01260658 0.007309619 -426.683 0.2256 -0.0126 0.0126 
1786042013.466 0.01000658 0.01207797 0.008082938 0.007606578 0.008082938 -426.711 0.2256 -0.0126 0.0126 
1786042013.633 0.01000658 0.01207797 0.008022923 0.007606578 0.008022923 -426.7389 0.2256 -0.0126 0.0126 
1786042013.801 0.01000658 0.01207797 0.006859575 0.01260658 0.006859575 -426.7656 0.2256 -0.0126 0.0126 
1786042013.975 0.01000658 0.01207797 0.008016226 0.01260658 0.008016226 -426.7935 0.2256 -0.0126 0.0126 
1786042014.161 0.01000658 0.01207797 0.02871651 0.01260658 0.02871651 -426.298 0.2256 0.0126 0.0126 
1786042014.331 0.01000658 0.01207797 -0.01140052 0.007606578 -0.01140052 -424.0882 0.2256 0.0126 0.0126 
1786042014.502 -1.00045e-13 -0.0237 -0.007528977 0.0024 -0.007528977 -423.8012 1.477024e-08 0.0126 -0.0126 
1786042014.666 0.01 0.0043 0.005171016 0.0124 0.005171016 -423.8139 1.477024e-08 0.0126 -0.0126 
1786042014.849 0.01000197 -0.0957044 0.007739106 0.007551969 0.007739106 -423.8166 0.07203831 -0.0126 0.0126 
1786042015.028 -0.01495955 -0.03306441 -0.009434948 -0.01235955 -0.009434948 -423.8928 1.387478 -0.0126 0.0126 
1786042015.208 -0.01491891 -0.01961231 -0.01136987 -0.01731891 -0.01136987 -424.1735 2.782432 -0.0126 0.0126 
1786042015.375 -0.01488202 -0.01849943 -0.01071134 -0.0172818 -0.01071134 -424.5977 4.057664 -0.0126 0.0126 
1786042015.543 -0.01484584 -0.01829146 -0.01114098 -0.01724584 -0.01114098 -425.159 5.294947 -0.0126 0.0126 
1786042015.706 -0.01480973 -0.0218406 -0.01084574 -0.01720973 -0.01084574 -425.874 6.540021 -0.0126 0.0126 
1786042015.882 -0.01477307 -0.01636319 -0.01083133 -0.01217307 -0.01083133 -426.7554 7.807577 -0.0126 0.0126 
1786042016.058 -0.01473457 -0.01680182 -0.01164169 -0.01213457 -0.01164169 -427.8502 9.1425 -0.0126 0.0126 
1786042016.225 -0.01469815 -0.01608216 -0.01117898 -0.01709815 -0.01117898 -429.049 10.41742 -0.0126 0.0126 
1786042016.406 -0.01466017 -0.01430326 -0.01069863 -0.01205996 -0.01031239 -430.4867 11.75239 -0.0126 0.0126 
1786042016.572 -0.01462322 -0.01494844 -0.01141987 -0.01202322 -0.01141987 -432.0183 13.03504 -0.0126 0.0126 
1786042016.741 -0.009587738 -0.01189057 -0.01014626 -0.01198774 -0.01014626 -433.6769 14.29502 -0.0126 0.0126 
1786042016.911 -0.01455203 -0.01567779 -0.01009099 -0.01195203 -0.01009099 -435.4841 15.555 -0.0126 0.0126 
1786042017.088 -0.009514657 -0.009313212 -0.01035677 -0.006914657 -0.01035677 -437.5606 16.89001 -0.0126 0.0126 
1786042017.262 -0.009477964 -0.01328882 -0.01053963 -0.01187796 -0.01053963 -439.7767 18.2098 -0.0126 0.0126 
1786042017.434 -0.01444258 -0.01552553 -0.01039007 -0.01184258 -0.01039007 -442.0843 19.49246 -0.0126 0.0126 
1786042017.601 -0.009422475 0.06508728 0.01296753 -0.006822475 0.01296753 -443.5232 20.2256 -0.0126 0.0126 
1786042017.793 0.01557753 0.02108728 0.0101272 0.01317753 0.0101272 -444.1493 20.2256 -0.0126 0.0126 
1786042017.965 0.01557753 0.01708728 0.009246883 0.01317753 0.009246883 -444.7285 20.2256 -0.0126 0.0126 
1786042018.140 0.01557753 0.02108728 0.009159905 0.01817753 0.009159905 -445.305 20.2256 -0.0126 0.0126 
1786042018.315 0.01557753 0.01708728 0.009549592 0.01817753 0.009549592 -445.8854 20.2256 -0.0126 0.0126 
1786042018.488 0.01557753 0.01708728 0.01009927 0.01317753 0.01009927 -446.476 20.2256 -0.0126 0.0126 
1786042018.657 0.01557753 0.02108728 0.01844928 0.01317753 0.01844928 -446.4821 20.2256 0.0126 0.0126 
1786042018.826 0.01557753 0.01708728 0.009172646 0.01317753 0.009172646 -446.4023 20.2256 -0.0126 0.0126 
1786042019.008 0.01557753 0.01708728 0.009652629 0.01817753 0.009652629 -446.4328 20.2256 -0.0126 0.0126 
1786042019.186 0.01557753 0.01708728 0.009799279 0.01317753 0.009799279 -446.4633 20.2256 -0.0126 0.0126 
1786042019.373 0.01557753 0.01708728 0.01021593 0.01317753 0.01021593 -446.495 20.2256 -0.0126 0.0126 
1786042019.540 0.01557753 0.01708728 0.009052581 0.01317753 0.009052581 -446.5217 20.2256 -0.0126 0.0126 
1786042019.706 0.01557753 0.01708728 0.009262576 0.01317753 0.009262576 -446.5319 20.2256 -0.0126 0.0126 
1786042019.888 0.01557753 0.01708728 0.02438934 0.01317753 0.02438934 -446.3767 20.2256 0.0126 0.0126 
1786042020.059 0.01557753 0.01308728 0.01150707 0.01317753 0.01150707 -444.4019 20.2256 0.0126 0.0124 
1786042020.239 -0.0144546 0.004933322 -0.01526863 -0.0170546 -0.01526863 -441.2764 19.05572 0.0126 -0.0126 
1786042020.414 -0.01448945 -0.01096744 -0.01124516 -0.01708966 -0.01124516 -439.0501 17.78812 0.0126 -0.0126 
1786042020.581 -0.01452644 -0.01486192 -0.01065549 -0.01712644 -0.01065549 -436.886 16.46806 0.0126 -0.0126 
1786042020.771 -0.01456389 -0.01349619 -0.01072902 -0.01716474 -0.01054529 -434.8185 15.09557 0.0126 -0.0126 
1786042020.950 -0.0146037 -0.01453702 -0.01048699 -0.0172037 -0.01048699 -432.9058 13.72315 0.0126 -0.0126 
1786042021.119 -0.01464013 -0.0105787 -0.009546555 -0.01724013 -0.009546555 -431.2904 12.44076 0.0126 -0.0126 
1786042021.308 -0.01467909 -0.01544228 -0.009785464 -0.01728016 -0.009406799 -429.7016 11.03819 0.0126 -0.0126 
1786042021.482 -0.0147178 -0.01179231 -0.00937945 -0.0123178 -0.00937945 -428.3846 9.725804 0.0126 -0.0126 
1786042021.659 -0.01475472 -0.01207461 -0.008342131 -0.01235472 -0.008342131 -427.2581 8.443165 0.0126 -0.0126 
1786042021.871 -0.01479763 -0.01383978 -0.009060136 -0.01239763 -0.009060136 -426.1494 6.950785 0.0126 -0.0126 
1786042022.082 -0.01484328 -0.008418269 -0.008340168 -0.01244415 -0.008340168 -425.1919 5.353178 0.0126 -0.0126 
1786042022.276 -0.009889053 -0.009018205 -0.008371785 -0.01248905 -0.008371785 -424.5048 3.808199 0.0126 -0.0126 
1786042022.455 -0.009929009 -0.009948549 -0.008728862 -0.007529009 -0.008728862 -424.0882 2.435688 0.0126 -0.0126 
1786042022.637 -0.00996835 -0.008365603 -0.007646662 -0.01256835 -0.007646662 -423.8584 1.085572 0.0126 -0.0126 
1786042022.822 -0.01 -0.1437 -0.006258978 -0.0076 -0.006258978 -423.8025 -1.002563e-07 0.0126 -0.0126 
1786042022.996 0.015 0.0043 0.01025101 0.0174 0.01025101 -423.819 -1.660063e-08 0.0126 -0.0126 
1786042023.200 0.02 0.0163 0.01152101 0.0174 0.01152101 -423.8203 -1.660063e-08 0.0126 -0.0126 
1786042023.416 0.015 0.0163 0.01152101 0.0174 0.01152101 -423.8203 -1.660063e-08 0.0126 -0.0126 
1786042023.599 0.004979883 0.05038549 0.002555121 -0.002620117 0.002555121 -423.8344 -0.6899674 -0.0126 -0.0126 
1786042023.798 -0.010061 -0.002466485 -0.01052458 -0.012661 -0.01052458 -424.011 -2.099992 -0.0126 -0.0126 
1786042023.965 -0.01010075 -0.01072798 -0.01020236 -0.01270075 -0.01020236 -424.3793 -3.464833 -0.0126 -0.0126 
1786042024.137 -0.01013826 -0.01008207 -0.009735064 -0.007738259 -0.009735064 -424.8936 -4.747433 -0.0126 -0.0126 
1786042024.305 -0.01017462 -0.01448395 -0.008839199 -0.01277462 -0.008839199 -425.5477 -6.000018 -0.0126 -0.0126 
1786042024.506 -0.01021436 -0.01205171 -0.009663878 -0.01281436 -0.009663878 -426.4367 -7.372533 -0.0126 -0.0126 
1786042024.710 -0.01026176 -0.007671578 -0.01010454 -0.01286176 -0.01010454 -427.7397 -9.014972 -0.0126 -0.0126 
1786042024.880 -0.01029927 -0.008293441 -0.009912229 -0.01289927 -0.009912229 -428.9601 -10.31987 -0.0126 -0.0126 
1786042025.043 -0.01033426 -0.01259868 -0.009180638 -0.01293426 -0.009180638 -430.2517 -11.54254 -0.0126 -0.0126 
1786042025.221 -0.01037124 -0.01472005 -0.009614826 -0.01297124 -0.009614826 -431.777 -12.83981 -0.0126 -0.0126 
1786042025.395 -0.01040908 -0.006726834 -0.009814113 -0.008009082 -0.009814113 -433.5131 -14.17492 -0.0126 -0.0126 
1786042025.557 -0.01044354 -0.008941214 -0.01101815 -0.01304376 -0.01067941 -435.2606 -15.40487 -0.0126 -0.0126 
1786042025.728 -0.01047927 -0.009630753 -0.01120363 -0.008079271 -0.01120363 -437.2228 -16.67996 -0.0126 -0.0126 
1786042025.904 -0.01051497 -0.01191576 -0.01050152 -0.008114969 -0.01050152 -439.336 -17.95505 -0.0126 -0.0126 
1786042026.074 -0.01055165 -0.01092413 -0.01083523 -0.01315165 -0.01083523 -441.6957 -19.28242 -0.0126 -0.0126 
1786042026.243 -0.0005651636 -0.04141242 0.009264408 0.001834836 0.009264408 -442.7892 -19.7744 -0.0126 -0.0126 
1786042026.405 0.01443484 0.002587577 0.009490781 0.01183484 0.009490781 -443.3327 -19.7744 -0.0126 -0.0126 
1786042026.576 0.01443484 0.01458758 0.008767144 0.01183484 0.008767144 -443.8953 -19.7744 -0.0126 -0.0126 
1786042026.757 0.01443484 0.01058758 0.008680166 0.01183484 0.008680166 -444.4719 -19.7744 -0.0126 -0.0126 
1786042026.932 0.01443484 0.01458758 0.009706512 0.01183484 0.009706512 -445.0663 -19.7744 -0.0126 -0.0126 
1786042027.105 0.01443484 0.01058758 0.008826199 0.01183484 0.008826199 -445.6454 -19.7744 -0.0126 -0.0126 
1786042027.278 0.009434836 0.01058758 0.002926285 0.01183484 0.002926285 -445.5118 -19.7744 0.0126 -0.0126 
1786042027.473 0.009434836 0.01058758 0.008459587 0.01183484 0.008459587 -445.5438 -19.7744 -0.0126 -0.0126 
1786042027.666 0.009434836 0.01058758 0.009082902 0.01183484 0.009082902 -445.5781 -19.7744 -0.0126 -0.0126 
1786042027.841 0.009434836 0.01058758 0.00812622 0.01183484 0.00812622 -445.6073 -19.7744 -0.0126 -0.0126 
1786042028.016 0.01443484 0.01058758 0.008336204 0.01183484 0.008336204 -445.6365 -19.7744 -0.0126 -0.0126 
1786042028.198 0.009434836 0.01058758 0.0214796 0.01183484 0.0213496 -445.5398 -19.7744 0.0126 -0.0126 
1786042028.386 0.00943487 0.0006314794 0.0122968 0.01363489 0.0122968 -443.4621 -19.77253 0.0126 -0.01015 
1786042028.566 -0.01053087 -0.02620392 -0.0124407 -0.007930874 -0.0124407 -440.3353 -18.52941 0.0126 0.0126 
1786042028.766 -0.01549153 -0.01646205 -0.009887317 -0.01289153 -0.009887317 -437.9223 -17.11164 0.0126 0.0126 
1786042028.953 -0.0104502 -0.01786921 -0.008498878 -0.0128502 -0.008498878 -435.6046 -15.63424 0.0126 0.0126 
1786042029.143 -0.01541111 -0.01509159 -0.00912587 -0.0128109 -0.00912587 -433.6018 -14.23939 0.0126 0.0126 
1786042029.322 -0.01537221 -0.01668416 -0.008846667 -0.012772 -0.008846667 -431.8111 -12.86666 0.0126 0.0126 
1786042029.496 -0.01033417 -0.00951164 -0.008467053 -0.007734172 -0.008467053 -430.249 -11.5395 0.0126 0.0126 
1786042029.660 -0.01029853 -0.01654343 -0.008736253 -0.007698531 -0.008736253 -428.9358 -10.29454 0.0126 0.0126 
1786042029.830 -0.01026232 -0.008982395 -0.008199589 -0.007662316 -0.008199589 -427.7585 -9.034526 0.0126 0.0126 
1786042029.994 -0.01022662 -0.01351517 -0.008098487 -0.007626625 -0.008098487 -426.7501 -7.796826 0.0126 0.0126 
1786042030.160 -0.01019148 -0.01377252 -0.00752004 -0.01259126 -0.00752004 -425.8992 -6.574317 0.0126 0.0126 
1786042030.334 -0.01015407 -0.01429689 -0.008478435 -0.01255407 -0.008478435 -425.1601 -5.284503 0.0126 0.0126 
1786042030.533 -0.01011157 -0.008038759 -0.007381025 -0.007511567 -0.007381025 -424.4972 -3.784571 0.0126 0.0126 
1786042030.703 -0.01007249 -0.01205737 -0.008296065 -0.01247249 -0.008296065 -424.1009 -2.486938 0.0126 0.0126 
1786042030.867 -0.01003642 -0.007124325 -0.007180979 -0.01243642 -0.007180979 -423.8774 -1.249519 0.0126 0.0126 
1786042031.032 -0.01000155 0.07169369 -0.007665983 -0.01240155 -0.007665983 -423.8012 -0.05299895 0.0126 0.0126 
1786042031.207 0.005 0.0243 9.101872e-05 0.0026 9.101872e-05 -423.8088 1.477024e-08 0.0126 0.0126 
1786042031.374 0.015 0.0163 0.008981014 0.0126 0.008981014 -423.8177 1.477024e-08 0.0126 0.0126 
1786042031.542 0.01 0.0163 0.007711015 0.0126 0.007711015 -423.8164 1.477024e-08 0.0126 0.0126 
1786042031.705 0.015 0.0163 0.007711015 0.0126 0.007711015 -423.8164 1.477024e-08 0.0126 0.0126 
1786042031.889 0.004994516 -0.05239571 0.00619461 0.007394516 0.00619461 -423.8166 -0.1878 -0.0126 -0.0126 
1786042032.057 0.01499452 0.00760429 0.0002343479 0.01239452 0.0002343479 -424.3018 -0.1878 -0.0126 -0.0126 
1786042032.225 0.01499452 0.01560429 0.007924041 0.01239452 0.007924041 -424.8695 -0.1878 -0.0126 -0.0126 
1786042032.392 0.01499452 0.01560429 0.009580408 0.01239452 0.009580408 -425.4245 -0.1878 -0.0126 -0.0126 
1786042032.557 0.01499452 0.01560429 0.008696777 0.01239452 0.008696777 -425.9769 -0.1878 -0.0126 -0.0126 
1786042032.720 0.01499452 0.01560429 0.00892315 0.01739452 0.00892315 -426.5205 -0.1878 -0.0126 -0.0126 
1786042032.886 0.01499452 0.01160429 0.01944623 0.01239452 0.01944623 -426.9866 -0.1878 -0.0126 -0.0126 
1786042033.061 0.01499452 0.01560429 -0.002923617 0.01239452 -0.002923617 -426.7109 -0.1878 -0.0094 -0.0126 
1786042033.239 0.009994516 0.01160429 0.008129692 0.01239452 0.007963025 -426.7516 -0.1878 -0.0126 -0.0126 
1786042033.406 0.01499452 0.01560429 0.008506343 0.01239452 0.008506343 -426.7808 -0.1878 -0.0126 -0.0126 
1786042033.570 0.01499452 0.01160429 0.009112994 0.01239452 0.008946327 -426.8088 -0.1878 -0.0126 -0.0126 
1786042033.751 0.009994516 0.01160429 0.008052979 0.01239452 0.009156312 -426.838 -0.1878 -0.0126 -0.0126 
1786042033.940 0.009994516 0.01160429 0.007802962 0.01239452 0.007802962 -426.8685 -0.1878 -0.0126 -0.0126 
1786042034.160 0.009994516 0.01560429 0.02237635 0.01239452 0.02237635 -426.7882 -0.1878 0.0126 -0.0126 
1786042034.355 0.009994516 0.01160429 0.006449649 0.01239452 0.007228268 -424.5569 -0.1878 0.0126 -0.0126 
1786042034.532 -1.00045e-13 0.0283 -0.01387897 -0.0024 -0.01387897 -423.7949 1.477024e-08 0.0126 0.0126 
1786042034.714 0.005 0.0083 -0.004988979 0.0026 -0.004988979 -423.8037 1.477024e-08 0.0126 0.0126 
1786042034.898 -0.004979853 -0.06353698 -0.008909506 -0.01237985 -0.008909506 -423.823 0.6899536 -0.0126 0.0126 
1786042035.103 -0.01493651 -0.01813162 -0.01146287 -0.01733651 -0.01146287 -424.0275 2.174891 -0.0126 0.0126 
1786042035.297 -0.01489298 -0.01832063 -0.01145124 -0.01729298 -0.01145124 -424.4516 3.667383 -0.0126 0.0126 
1786042035.470 -0.01485411 -0.01776193 -0.01030347 -0.01225411 -0.01030347 -425.0155 5.002469 -0.0126 0.0126 
1786042035.640 -0.009817284 -0.01592575 -0.00981309 -0.01221728 -0.00981309 -425.7102 6.270192 -0.0126 0.0126 
1786042035.813 -0.01478033 -0.01593898 -0.0106341 -0.01218011 -0.0106341 -426.57 7.552417 -0.0126 0.0126 
1786042035.977 -0.01474391 -0.01358849 -0.01114949 -0.01214391 -0.01114949 -427.5631 8.805242 -0.0126 0.0126 
1786042036.180 -0.009704597 -0.01349731 -0.01109944 -0.0121046 -0.01109944 -428.8179 10.17002 -0.0126 0.0126 
1786042036.360 -0.009662235 -0.009897446 -0.009920409 -0.01206181 -0.009920409 -430.3952 11.66249 -0.0126 0.0126 
1786042036.536 -0.01462373 -0.01491594 -0.01091538 -0.01202373 -0.01091538 -431.984 12.99742 -0.0126 0.0126 
1786042036.720 -0.009585424 -0.009966244 -0.01114421 -0.01198542 -0.01114421 -433.7633 14.34748 -0.0126 0.0126 
1786042036.906 -0.009546931 -0.01358938 -0.01028301 -0.006946931 -0.01028301 -435.7381 15.71241 -0.0126 0.0126 
1786042037.106 -0.009505137 -0.003550181 -0.0100093 -0.006905137 -0.009683494 -438.1092 17.21249 -0.0126 0.0126 
1786042037.276 -0.009467622 -0.01232604 -0.01000852 -0.01186741 -0.01062056 -440.4206 18.56231 -0.0126 0.0126 
1786042037.441 -0.009434526 0.0666516 0.01176789 -0.006834526 0.01176789 -442.6253 19.75497 -0.0126 0.0126 
1786042037.604 0.005567048 0.03008631 0.008961839 0.008167048 0.008961839 -443.0851 19.8122 -0.0126 0.0126 
1786042037.765 0.01556705 0.02208631 0.009981547 0.01316705 0.009981547 -443.6261 19.8122 -0.0126 0.0126 
1786042037.923 0.01556705 0.02208631 0.01084126 0.01816705 0.01084126 -444.157 19.8122 -0.0126 0.0126 
1786042038.096 0.01556705 0.02208631 0.009957628 0.01316705 0.009957628 -444.7094 19.8122 -0.0126 0.0126 
1786042038.270 0.01556705 0.01808631 0.00923731 0.01816705 0.00923731 -445.2987 19.8122 -0.0126 0.0126 
1786042038.438 0.01556705 0.01808631 0.01721368 0.01816705 0.01721368 -445.8486 19.8122 -0.0126 0.0126 
1786042038.618 0.01556705 0.01808631 0.003863269 0.01316705 0.003863269 -445.6056 19.8122 0.01215 0.0126 
1786042038.789 0.01556705 0.01808631 0.01043379 0.01316705 0.01043379 -445.6403 19.8122 -0.0126 0.0126 
1786042038.952 0.01556705 0.01808631 0.01004044 0.01816705 0.01004044 -445.6683 19.8122 -0.0126 0.0126 
1786042039.113 0.01556705 0.01808631 0.01021043 0.01816705 0.01021043 -445.6949 19.8122 -0.0126 0.0126 
1786042039.274 0.01556705 0.01808631 0.009880415 0.01316705 0.009880415 -445.7216 19.8122 -0.0126 0.0126 
1786042039.436 0.01056705 0.01408631 0.009883734 0.01316705 0.009883734 -445.7483 19.8122 -0.0126 0.0126 
1786042039.612 0.01556705 0.01808631 0.02027378 0.01316705 0.02027378 -445.6808 19.8122 0.0126 0.0126 
1786042039.783 0.01556705 0.01408631 0.0125748 0.01316705 0.0125748 -443.8075 19.8122 0.0126 0.0126 
1786042039.968 -0.009462512 0.01172736 -0.01569913 -0.01206251 -0.01569913 -440.7316 18.73978 0.0126 -0.0126 
1786042040.136 -0.01449853 -0.006340571 -0.01166558 -0.01709853 -0.01166558 -438.4888 17.44214 0.0126 -0.0126 
1786042040.301 -0.01453374 -0.0161551 -0.0100765 -0.01213374 -0.0100765 -436.458 16.1823 0.0126 -0.0126 
1786042040.468 -0.01456834 -0.01255459 -0.01077716 -0.01716834 -0.01077716 -434.6165 14.95231 0.0126 -0.0126 
1786042040.632 -0.01460356 -0.01369658 -0.009447627 -0.01220356 -0.009447627 -432.8995 13.70722 0.0126 -0.0126 
1786042040.799 -0.01463919 -0.01425005 -0.009769528 -0.01723919 -0.009769528 -431.3183 12.45466 0.0126 -0.0126 
1786042040.963 -0.01467455 -0.0119293 -0.009074131 -0.01227455 -0.009074131 -429.9036 11.21728 0.0126 -0.0126 
1786042041.123 -0.009708774 -0.01056473 -0.009279373 -0.01230899 -0.009279373 -428.6704 10.01714 0.0126 -0.0126 
1786042041.286 -0.009743989 -0.01015766 -0.007689664 -0.01234399 -0.007689664 -427.5642 8.802276 0.0126 -0.0126 
1786042041.446 -0.009778887 -0.009223149 -0.007561458 -0.007378887 -0.007561458 -426.6041 7.594662 0.0126 -0.0126 
1786042041.605 -0.009813447 -0.01266331 -0.007555433 -0.007413447 -0.007555433 -425.7938 6.402227 0.0126 -0.0126 
1786042041.774 -0.009849833 -0.007433946 -0.008204997 -0.01244983 -0.008204997 -425.0903 5.14983 0.0126 -0.0126 
1786042041.943 -0.009886728 -0.005041964 -0.007927853 -0.01248673 -0.007927853 -424.534 3.882247 0.0126 -0.0126 
1786042042.121 -0.009925429 -0.005801197 -0.007595555 -0.01252543 -0.007595555 -424.1187 2.554892 0.0126 -0.0126 
1786042042.292 -0.00996198 -0.009066755 -0.007500487 -0.00756198 -0.007500487 -423.8838 1.302313 0.0126 -0.0126 
1786042042.458 -0.009998446 -0.08442429 -0.007667013 -0.007598446 -0.007667013 -423.8012 0.05317635 0.0126 -0.0126 
1786042042.626 0.005 -0.0117 0.003901017 0.0074 0.003901017 -423.8126 -1.137215e-08 0.0126 -0.0126 
1786042042.785 0.01499998 0.0162037 0.01072099 0.01739998 0.01072099 -423.8195 -0.0007036233 0.01135 -0.0126 
1786042042.949 -3.065785e-05 0.01551789 -2.26739e-05 -0.002630658 -2.26739e-05 -423.8624 -1.05001 -0.0126 -0.0126 
1786042043.110 -0.01006612 0.0002587778 -0.009314935 -0.01266612 -0.009314935 -424.0491 -2.264984 -0.0126 -0.0126 
1786042043.272 -0.01010155 -0.008678709 -0.009773503 -0.01270155 -0.009773503 -424.3881 -3.479931 -0.0126 -0.0126 
1786042043.433 -0.0101365 -0.009708357 -0.009649667 -0.0127365 -0.009649667 -424.8644 -4.687486 -0.0126 -0.0126 
1786042043.605 -0.01017292 -0.01495007 -0.007888619 -0.007772917 -0.007888619 -425.5121 -5.932799 -0.0126 -0.0126 
1786042043.775 -0.01021034 -0.008496829 -0.008958069 -0.007810336 -0.008958069 -426.3351 -7.222608 -0.0126 -0.0126 
1786042043.944 -0.005247431 -0.00777103 -0.008307257 -0.007847431 -0.008307257 -427.3142 -8.505131 -0.0126 -0.0126 
1786042044.112 -0.01028397 -0.009156172 -0.009532216 -0.007883971 -0.009532216 -428.4356 -9.772438 -0.0126 -0.0126 
1786042044.287 -0.01032102 -0.00593264 -0.008563355 -0.01292102 -0.008563355 -429.7374 -11.06253 -0.0126 -0.0126 
1786042044.454 -0.005357472 -0.01150304 -0.008963988 -0.007957472 -0.008963988 -431.1788 -12.33738 -0.0126 -0.0126 
1786042044.628 -0.005393538 -0.006880013 -0.008989518 -0.007993751 -0.008989518 -432.7752 -13.61244 -0.0126 -0.0126 
1786042044.808 -0.005430469 -0.01023673 -0.009630804 -0.008030469 -0.009630804 -434.557 -14.91017 -0.0126 -0.0126 
1786042044.971 -0.005467176 -0.007590489 -0.01010421 -0.008067176 -0.01010421 -436.509 -16.21498 -0.0126 -0.0126 
1786042045.133 -0.01050134 -0.006065123 -0.009960176 -0.008101344 -0.009960176 -438.4826 -17.43739 -0.0126 -0.0126 
1786042045.305 -0.005535698 -0.01325607 -0.008418922 -0.008135906 -0.008418922 -440.6365 -18.68272 -0.0126 -0.0126 
1786042045.476 -0.005571244 -0.01287887 -0.00935447 -0.00317145 -0.00935447 -443.0165 -19.97269 -0.0126 -0.0126 
1786042045.656 -0.0005773541 -0.01319808 0.008519817 0.006822646 0.008519817 -443.7544 -20.1878 -0.0126 -0.0126 
1786042045.824 0.009422646 0.002801916 0.008749509 0.01182265 0.008749509 -444.3246 -20.1878 -0.0126 -0.0126 
1786042045.987 0.009422646 0.01080192 0.008499218 0.01182265 0.007705883 -444.8669 -20.1878 -0.0126 -0.0126 
1786042046.153 0.009422646 0.01080192 0.007615586 0.01182265 0.007615586 -445.4168 -20.1878 -0.0126 -0.0126 
1786042046.317 0.009422646 0.006801916 0.008318624 0.006822646 0.008318624 -445.9642 -20.1878 -0.0126 -0.0126 
1786042046.478 0.009422646 0.01080192 0.01193167 0.01182265 0.01193167 -446.5026 -20.1878 -0.0126 -0.0126 
1786042046.640 0.009422646 0.01080192 0.002115133 0.01182265 0.002115133 -446.2802 -20.1878 0.0126 -0.0126 
1786042046.807 0.009422646 0.006801916 0.007945103 0.01182265 0.007945103 -446.3109 -20.1878 -0.0126 -0.0126 
1786042046.973 0.01442265 0.01080192 0.008988421 0.01182265 0.008988421 -446.3401 -20.1878 -0.0126 -0.0126 
1786042047.143 0.009422646 0.01080192 0.008158406 0.01182265 0.00799174 -446.3668 -20.1878 -0.0126 -0.0126 
1786042047.319 0.009422646 0.006801916 0.008805057 0.006822646 0.008805057 -446.3972 -20.1878 -0.0126 -0.0126 
1786042047.481 0.009422646 0.006801916 0.009245041 0.006822646 0.009245041 -446.4252 -20.1878 -0.0126 -0.0126 
1786042047.653 0.009422646 0.01080192 0.01647841 0.01182265 0.01647841 -446.3843 -20.1878 0.0126 -0.0126 
1786042047.825 0.009422646 0.006801916 0.01121941 0.006822646 0.01121941 -444.5289 -20.1878 0.0126 -0.0126 
1786042047.995 -0.005550344 -0.03567433 -0.01404182 -0.002950344 -0.01404182 -441.5774 -19.20548 0.0126 0.0126 
1786042048.153 -0.01051714 -0.01787657 -0.008790673 -0.007917137 -0.008790673 -439.4476 -18.00532 0.0126 0.0126 
1786042048.316 -0.0104837 -0.01940077 -0.008558903 -0.0128837 -0.008558903 -437.4461 -16.80535 0.0126 0.0126 
1786042048.476 -0.01044963 -0.01401606 -0.008242316 -0.007849634 -0.008242316 -435.5563 -15.59042 0.0126 0.0126 
1786042048.651 -0.01041303 -0.009001644 -0.009554139 -0.01281303 -0.009554139 -433.6894 -14.29254 0.0126 0.0126 
1786042048.817 -0.01037813 -0.01370144 -0.008130106 -0.01277813 -0.008130106 -432.0689 -13.06273 0.0126 0.0126 
1786042048.984 -0.01034242 -0.006496715 -0.007930311 -0.007742205 -0.007930311 -430.5563 -11.80285 0.0126 0.0126 
1786042049.156 -0.01030503 -0.0103874 -0.009021861 -0.007704819 -0.009021861 -429.1479 -10.49749 0.0126 0.0126 
1786042049.330 -0.01026749 -0.008498996 -0.007055318 -0.007667492 -0.007055318 -427.9122 -9.200359 0.0126 0.0126 
1786042049.492 -0.01023198 -0.0148612 -0.006718758 -0.00763198 -0.006718758 -426.8822 -7.962878 0.0126 0.0126 
1786042049.660 -0.01019658 -0.008104835 -0.007259459 -0.007596578 -0.007259459 -426.0148 -6.747958 0.0126 0.0126 
1786042049.828 -0.01015912 -0.009139871 -0.007006568 -0.007559125 -0.007006568 -425.2503 -5.457857 0.0126 0.0126 
1786042049.993 -0.01012312 -0.009586416 -0.007784935 -0.01252312 -0.007784935 -424.6673 -4.220323 0.0126 0.0126 
1786042050.171 -0.01008465 -0.01247405 -0.007868252 -0.007484651 -0.007868252 -424.2101 -2.900368 0.0126 0.0126 
1786042050.342 -0.005047233 -0.01089713 -0.00662383 -0.007447233 -0.00662383 -423.9295 -1.617835 0.0126 0.0126 
1786042050.518 -0.005008915 -0.009138454 -0.006985944 -0.007408915 -0.006985944 -423.8063 -0.3051028 0.0126 0.0126 
1786042050.702 -0.005 0.0323 -0.00244898 -0.0024 -0.00244898 -423.8063 -1.137215e-08 0.0126 0.0126 
1786042050.877 0.005 0.0083 9.101872e-05 0.0026 9.101872e-05 -423.8088 -1.137215e-08 0.0126 0.0126 
1786042051.055 0.01 0.0083 0.002631017 0.0076 0.002631017 -423.8114 -1.137215e-08 0.0126 0.0126 
1786042051.236 0.005 0.0083 0.005171016 0.0026 0.005171016 -423.8139 -1.137215e-08 0.0126 0.0126 
1786042051.407 0.005 0.0083 0.006441015 0.0076 0.006441015 -423.8152 -1.137215e-08 0.0126 0.0126 
1786042051.575 0.005 0.0083 0.006441015 0.0076 0.006441015 -423.8152 -1.137215e-08 0.0126 0.0126 
1786042051.743 0.005 0.0083 0.006441015 0.0076 0.006441015 -423.8152 -1.137215e-08 0.0126 0.0126 
1786042051.913 0.00999586 -0.02093702 0.0008737375 0.00739586 0.0008737375 -423.8268 -0.1421 -0.0126 -0.0126 
1786042052.078 0.01499586 0.01106298 0.00113678 0.01239586 0.00113678 -424.3653 -0.1421 -0.0126 -0.0126 
1786042052.273 0.01499586 0.01506298 0.008039777 0.01239586 0.008039777 -424.9889 -0.1421 -0.0126 -0.0126 
1786042052.467 0.00999586 0.01506298 0.008119431 0.01239586 0.008119431 -425.6289 -0.1421 -0.0126 -0.0126 
1786042052.651 0.00999586 0.01506298 0.008355761 0.01239586 0.008832426 -426.2563 -0.1421 -0.0126 -0.0126 
1786042052.842 0.01499586 0.01106298 0.007325411 0.01239586 0.007325411 -426.9053 -0.1421 -0.0126 -0.0126 
1786042053.023 0.00999586 0.01106298 -6.781101e-05 0.01239586 -6.781101e-05 -426.7197 -0.1421 0.0126 -0.0126 
1786042053.194 0.00999586 0.01106298 0.007468824 0.01239586 0.007468824 -426.7529 -0.1421 -0.0126 -0.0126 
1786042053.367 0.01499586 0.01106298 0.009115474 0.01239586 0.009115474 -426.7834 -0.1421 -0.0126 -0.0126 
1786042053.556 0.00999586 0.01106298 0.008492125 0.01239586 0.008492125 -426.8126 -0.1421 -0.0126 -0.0126 
1786042053.748 0.00999586 0.01106298 0.009012107 0.01239586 0.009012107 -426.8456 -0.1421 -0.0126 -0.0126 
1786042053.923 0.00999586 0.01106298 0.008055425 0.01239586 0.008055425 -426.8748 -0.1421 -0.0126 -0.0126 
1786042054.100 0.00999586 0.01106298 0.01133209 0.00739586 0.01133209 -426.895 -0.1421 0.0108 -0.0126 
1786042054.290 0.00999586 0.01106298 0.02320269 0.00739586 0.02320269 -425.7938 -0.1421 0.0126 -0.0126 
1786042054.453 0.009995869 0.009254409 -0.01941781 0.01284587 -0.01941781 -423.8774 -0.1417713 0.0126 -0.0118 
1786042054.624 -1.00045e-13 0.0123 -0.007528977 -0.0024 -0.007528977 -423.8012 9.541763e-09 0.0126 0.0126 
1786042054.793 -0.005 0.0003 -0.006258978 -0.0074 -0.006258978 -423.8025 9.541763e-09 0.0126 0.0126 
1786042054.954 -0.005 0.0003 -0.006258978 -0.0024 -0.006258978 -423.8025 9.541763e-09 0.0126 0.0126 
1786042055.114 -0.005 0.0003 -0.004988979 -0.0074 -0.004988979 -423.8037 9.541763e-09 0.0126 0.0126 
1786042055.274 -0.005 -0.0037 -0.006258978 -0.0074 -0.006258978 -423.8025 9.541763e-09 0.0126 0.0126 
1786042055.455 -0.01496831 -0.0311003 -0.01015082 -0.0123681 -0.009675681 -423.8573 1.095196 -0.0126 0.0126 
1786042055.624 -0.01493009 -0.01541108 -0.01014853 -0.01233009 -0.009358994 -424.0808 2.407386 -0.0126 0.0126 
1786042055.784 -0.01489517 -0.01594567 -0.009111807 -0.01229517 -0.009111807 -424.4288 3.599805 -0.0126 0.0126 
1786042055.958 -0.009857909 -0.01716008 -0.00986958 -0.01225791 -0.00986958 -424.9558 4.882459 -0.0126 0.0126 
1786042056.124 -0.009821583 -0.0107938 -0.008397418 -0.007221583 -0.008397418 -425.6264 6.142407 -0.0126 0.0126 
1786042056.299 -0.00978361 -0.01524101 -0.009746561 -0.00718361 -0.009746561 -426.4887 7.447318 -0.0126 0.0126 
1786042056.461 -0.01474834 -0.01494946 -0.009663267 -0.01214834 -0.009663267 -427.4425 8.669736 -0.0126 0.0126 
1786042056.627 -0.009712542 -0.01612086 -0.01077466 -0.01211254 -0.01077466 -428.5601 9.915007 -0.0126 0.0126 
1786042056.789 -0.009677522 -0.008525228 -0.01023762 -0.01207752 -0.01023762 -429.8034 11.13745 -0.0126 0.0126 
1786042056.955 -0.009642435 -0.00966053 -0.008651571 -0.007042435 -0.008651571 -431.1992 12.3676 -0.0126 0.0126 
1786042057.115 -0.009607725 -0.0107581 -0.00997072 -0.01200772 -0.00997072 -432.7257 13.58989 -0.0126 0.0126 
1786042057.275 -0.00957425 -0.007985889 -0.01018936 -0.01197425 -0.01018936 -434.3411 14.77501 -0.0126 0.0126 
1786042057.435 -0.009540537 -0.01068553 -0.01030147 -0.01194054 -0.01030147 -436.1115 15.97499 -0.0126 0.0126 
1786042057.612 -0.009504729 -0.005423768 -0.008971115 -0.006904729 -0.008971115 -438.1537 17.25775 -0.0126 0.0126 
1786042057.784 -0.009468548 -0.01147405 -0.01011856 -0.006868341 -0.01011856 -440.399 18.57 -0.0126 0.0126 
1786042057.951 -0.009434375 0.06585428 0.01338099 -0.01183437 0.01338099 -442.6799 19.80428 -0.0126 0.0126 
1786042058.116 0.005567094 0.02537257 0.008642672 0.003167094 0.008642672 -443.1041 19.8579 -0.0126 0.0126 
1786042058.308 0.01056709 0.01337257 0.007609003 0.008167094 0.007609003 -443.7264 19.8579 -0.0126 0.0126 
1786042058.480 0.01056709 0.01737257 0.008635349 0.01316709 0.008635349 -444.3208 19.8579 -0.0126 0.0126 
1786042058.646 0.01056709 0.01737257 0.009021716 0.01316709 0.009021716 -444.8745 19.8579 -0.0126 0.0126 
1786042058.812 0.01056709 0.01737257 0.008138085 0.01316709 0.008138085 -445.427 19.8579 -0.0126 0.0126 
1786042058.985 0.01056709 0.01337257 0.0183445 0.01316709 0.0183445 -445.8994 19.8579 -0.0126 0.0126 
1786042059.152 0.01056709 0.01337257 0.004337954 0.008167094 0.004337954 -445.6683 19.8579 -0.0126 0.0126 
1786042059.323 0.01056709 0.01337257 0.009357937 0.01316709 0.009357937 -445.7013 19.8579 -0.0126 0.0126 
1786042059.494 0.01556709 0.01737257 0.009901254 0.01316709 0.009901254 -445.7305 19.8579 -0.0126 0.0126 
1786042059.656 0.01556709 0.01737257 0.00907124 0.01316709 0.00907124 -445.7572 19.8579 -0.0126 0.0126 
1786042059.818 0.01056709 0.01337257 0.008907892 0.008167094 0.008907892 -445.7838 19.8579 -0.0126 0.0126 
1786042059.980 0.01556709 0.01737257 0.00968121 0.01316709 0.00968121 -445.8118 19.8579 -0.0126 0.0126 
1786042060.147 0.01056709 0.01337257 0.00835457 0.01316709 0.00835457 -445.7887 19.8579 0.0126 0.0126 
1786042060.311 0.01056709 0.01337257 0.02539468 0.008167094 0.02539468 -445.5753 19.8579 0.0126 0.0126 
1786042060.474 0.01056706 0.01978418 0.01254433 0.00691706 0.01254433 -443.6272 19.85667 0.0126 0.0108 
1786042060.636 -0.009462189 0.01791147 -0.01392737 -0.007062189 -0.01392737 -440.7925 18.78545 0.0126 -0.0126 
1786042060.795 -0.0144952 -0.001998326 -0.01048528 -0.0120952 -0.01048528 -438.7237 17.60037 0.0126 -0.0126 
1786042060.955 -0.009528633 -0.01210895 -0.008793167 -0.01212863 -0.008793167 -436.773 16.40027 0.0126 -0.0126 
1786042061.124 -0.009563753 -0.008763848 -0.008912822 -0.01216375 -0.008912822 -434.8781 15.14047 0.0126 -0.0126 
1786042061.294 -0.009599293 -0.01308999 -0.01018748 -0.01219929 -0.01018748 -433.1192 13.88796 0.0126 -0.0126 
1786042061.464 -0.01463609 -0.01275869 -0.008908921 -0.01223609 -0.008908921 -431.4669 12.59023 0.0126 -0.0126 
1786042061.625 -0.009670723 -0.01093279 -0.008509026 -0.01227072 -0.008509026 -430.056 11.36797 0.0126 -0.0126 
1786042061.791 -0.01470529 -0.008828573 -0.008965446 -0.0123055 -0.008965446 -428.7999 10.16055 0.0126 -0.0126 
1786042061.961 -0.009741923 -0.00481138 -0.007460434 -0.01234192 -0.007460434 -427.6341 8.88526 0.0126 -0.0126 
1786042062.131 -0.009779337 -0.007199151 -0.007190316 -0.007379337 -0.007190316 -426.599 7.595411 0.0126 -0.0126 
1786042062.289 -0.009814258 -0.009745294 -0.00715052 -0.007414258 -0.00715052 -425.7811 6.387928 0.0126 -0.0126 
1786042062.449 -0.009848827 -0.007666905 -0.008067557 -0.01244883 -0.008067557 -425.1106 5.19551 0.0126 -0.0126 
1786042062.608 -0.009883461 -0.005082119 -0.008099179 -0.01248346 -0.008099179 -424.5784 4.002828 0.0126 -0.0126 
1786042062.777 -0.009919891 -0.007358826 -0.007789478 -0.007519891 -0.007789478 -424.1682 2.750324 0.0126 -0.0126 
1786042062.941 -0.009955705 -0.01149004 -0.008186316 -0.01255592 -0.008186316 -423.9117 1.512953 0.0126 -0.0126 
1786042063.114 -0.009993942 -0.008627728 -0.00708887 -0.007593942 -0.00708887 -423.8037 0.2078831 0.0126 -0.0126 
1786042063.284 -1.00045e-13 -0.0237 -0.001178981 0.0024 -0.001178981 -423.8076 -1.660063e-08 0.0126 -0.0126 
1786042063.445 0.01 0.0003 0.008981014 0.0124 0.008981014 -423.8177 -1.660063e-08 0.0126 -0.0126 
1786042063.603 0.015 0.0083 0.008981014 0.0124 0.008981014 -423.8177 -1.660063e-08 0.0126 -0.0126 
1786042063.768 0.01 0.008369561 0.008931014 0.0124 0.008931014 -423.8177 -1.149311e-05 0.01215 -0.0126 
1786042063.933 -3.059259e-05 0.0150551 9.152747e-05 -0.002630593 9.152747e-05 -423.8624 -1.049987 -0.0126 -0.0126 
1786042064.109 -0.01006838 0.004107673 -0.009478113 -0.01266838 -0.009478113 -424.0668 -2.347305 -0.0126 -0.0126 
1786042064.281 -0.01010657 -0.008582818 -0.008788436 -0.007706789 -0.008788436 -424.4529 -3.667488 -0.0126 -0.0126 
1786042064.451 -0.0101434 -0.007157369 -0.009468951 -0.01274362 -0.009468951 -424.9812 -4.934929 -0.0126 -0.0126 
1786042064.613 -0.01017929 -0.01062179 -0.00850256 -0.007779286 -0.00850256 -425.6442 -6.165209 -0.0126 -0.0126 
1786042064.779 -0.00521509 -0.008477 -0.009135482 -0.00781509 -0.009135482 -426.457 -7.402432 -0.0126 -0.0126 
1786042064.945 -0.01025079 -0.009494634 -0.008670603 -0.01285079 -0.008670603 -427.4184 -8.639974 -0.0126 -0.0126 
1786042065.113 -0.005287243 -0.01239255 -0.009940901 -0.007887243 -0.009940901 -428.5537 -9.907374 -0.0126 -0.0126 
1786042065.275 -0.01032248 -0.002874772 -0.01023762 -0.01292248 -0.01023762 -429.8034 -11.13742 -0.0126 -0.0126 
1786042065.438 -0.01035714 -0.01127734 -0.009833964 -0.007957138 -0.009833964 -431.1801 -12.35238 -0.0126 -0.0126 
1786042065.599 -0.01039143 -0.006923242 -0.01015566 -0.007991426 -0.01015566 -432.6863 -13.56742 -0.0126 -0.0126 
1786042065.776 -0.01042786 -0.01192109 -0.01021105 -0.008027863 -0.01021105 -434.4478 -14.85004 -0.0126 -0.0126 
1786042065.952 -0.01046534 -0.009819738 -0.01013398 -0.008065343 -0.01013398 -436.4354 -16.18467 -0.0126 -0.0126 
1786042066.121 -0.01050111 -0.006607444 -0.009725158 -0.01310111 -0.009725158 -438.5017 -17.46778 -0.0126 -0.0126 
1786042066.288 -0.0105358 -0.009444392 -0.009013529 -0.0081358 -0.009013529 -440.667 -18.7202 -0.0126 -0.0126 
1786042066.453 -0.005569821 -0.007877279 -0.009711931 -0.008169821 -0.009711931 -442.9466 -19.95739 -0.0126 -0.0126 
1786042066.618 0.004425125 -0.0146243 0.009375349 0.006825125 0.009375349 -443.5791 -20.1421 -0.0126 -0.0126 
1786042066.789 0.009425125 0.009375696 0.009128377 0.01682512 0.009128377 -444.1455 -20.1421 -0.0126 -0.0126 
1786042066.956 0.01442512 0.0133757 0.009831415 0.01182512 0.009831415 -444.6929 -20.1421 -0.0126 -0.0126 
1786042067.152 0.01442512 0.0133757 0.01022774 0.01182512 0.009434404 -445.3292 -20.1421 -0.0126 -0.0126 
1786042067.359 0.01442512 0.0133757 0.01031403 0.01182512 0.01031403 -446.02 -20.1421 -0.0126 -0.0126 
1786042067.542 0.01442512 0.0173757 0.02301047 0.01682512 0.02301047 -446.4566 -20.1421 -0.0054 -0.0126 
1786042067.707 0.01442512 0.0133757 0.006930585 0.01682512 0.006930585 -446.2296 -20.1421 -0.0126 -0.0126 
1786042067.871 0.01442512 0.0133757 0.009743902 0.01682512 0.009743902 -446.2601 -20.1421 -0.0126 -0.0126 
1786042068.033 0.01442512 0.0173757 0.01085055 0.01682512 0.01085055 -446.288 -20.1421 -0.0126 -0.0126 
1786042068.198 0.01442512 0.0173757 0.0109572 0.01682512 0.0109572 -446.316 -20.1421 -0.0126 -0.0126 
1786042068.359 0.01442512 0.0133757 0.01079386 0.01182512 0.01079386 -446.3426 -20.1421 -0.0126 -0.0126 
1786042068.527 0.01442512 0.0133757 0.01523051 0.01682512 0.01523051 -446.367 -20.1421 -0.0076 -0.0126 
1786042068.703 0.01442512 0.0133757 0.03067089 0.01682512 0.03067089 -445.6922 -20.1421 0.0126 -0.0126 
1786042068.873 0.004432517 -0.1224542 0.02397451 0.007032723 0.02397451 -443.0646 -19.86423 0.0126 0.0126 
1786042069.046 -0.01053179 -0.0240966 -0.01085162 -0.01293179 -0.01085162 -440.4064 -18.57461 0.0126 0.0126 
1786042069.213 -0.01549665 -0.01842157 -0.009889973 -0.01289665 -0.009889973 -438.2348 -17.30729 0.0126 0.0126 
1786042069.375 -0.01046253 -0.01852234 -0.009878748 -0.01286232 -0.009878748 -436.2688 -16.0772 0.0126 0.0126 
1786042069.550 -0.01042651 -0.01760252 -0.009513278 -0.01282651 -0.009513278 -434.3803 -14.80235 0.0126 0.0126 
1786042069.732 -0.01538816 -0.01935612 -0.009005981 -0.01278816 -0.009005981 -432.5375 -13.44442 0.0126 0.0126 
1786042069.903 -0.01035129 -0.0122705 -0.008814915 -0.01275129 -0.008814915 -430.9386 -12.14718 0.0126 0.0126 
1786042070.094 -0.01031339 -0.01955881 -0.008814934 -0.007713385 -0.008814934 -429.4603 -10.81206 0.0126 0.0126 
1786042070.263 -0.01027337 -0.01749532 -0.008516612 -0.01267337 -0.008516612 -428.104 -9.424635 0.0126 0.0126 
1786042070.436 -0.01023666 -0.01324439 -0.008402613 -0.01263644 -0.008402613 -427.0143 -8.142127 0.0126 0.0126 
1786042070.602 -0.01020048 -0.01506877 -0.007265294 -0.007600479 -0.007265294 -426.1088 -6.897128 0.0126 0.0126 
1786042070.772 -0.01016507 -0.009058011 -0.007914606 -0.007565073 -0.007914606 -425.3633 -5.674593 0.0126 0.0126 
1786042070.949 -0.01012523 -0.01530938 -0.008695907 -0.007525016 -0.008695907 -424.6953 -4.294632 0.0126 0.0126 
1786042071.125 -0.01508751 -0.01124355 -0.00768254 -0.007487506 -0.00768254 -424.2394 -3.004941 0.0126 0.0126 
1786042071.305 -0.01004908 -0.01852089 -0.008219919 -0.007448859 -0.008219919 -423.9371 -1.677024 0.0126 0.0126 
1786042071.485 -0.01000888 -0.01265768 -0.006955555 -0.007408875 -0.006955555 -423.8063 -0.3045654 0.0126 0.0126 
1786042071.659 -1.00045e-13 0.0323 -0.001178981 0.0026 -0.001178981 -423.8076 9.541763e-09 0.0126 0.0126 
1786042071.844 0.015 0.0163 0.008981014 0.0126 0.008981014 -423.8177 9.541763e-09 0.0126 0.0126 
1786042072.015 0.015 0.0163 0.008981014 0.0126 0.008981014 -423.8177 9.541763e-09 0.0126 0.0126 
1786042072.181 0.015 0.0163 0.008981014 0.0126 0.008981014 -423.8177 9.541763e-09 0.0126 0.0126 
1786042072.338 0.015 0.0163 0.008981014 0.0126 0.008981014 -423.8177 9.541763e-09 0.0126 0.0126 
1786042072.503 0.015 0.0163 0.007711015 0.0076 0.007711015 -423.8164 9.541763e-09 0.0126 0.0126 
1786042072.664 0.01 0.0123 0.007711015 0.0126 0.007711015 -423.8164 9.541763e-09 0.0126 0.0126 
1786042072.832 0.009999892 0.02883403 0.00791032 0.009399892 0.00791032 -423.8166 -0.003673801 -0.0126 0.00855 
1786042073.008 0.01499819 0.006603572 -0.00270109 0.01239819 -0.00270109 -424.1507 -0.06240001 -0.0126 -0.0126 
1786042073.180 0.01499819 0.01460357 0.004355263 0.01239819 0.004355263 -424.731 -0.06240001 -0.0126 -0.0126 
1786042073.387 0.01499819 0.01060357 0.0074549 0.01239819 0.0074549 -425.4041 -0.06240001 -0.0126 -0.0126 
1786042073.567 0.009998187 0.01060357 0.007214565 0.007398187 0.007214565 -426.0239 -0.06240001 -0.0126 -0.0126 
1786042073.767 0.01499819 0.01060357 0.006497566 0.01239819 0.00665756 -426.65 -0.06240001 -0.0126 -0.0126 
1786042073.942 0.009998187 0.01060357 0.0163008 0.01239819 0.0163008 -426.8441 -0.06240001 0.0126 -0.0126 
1786042074.105 0.009998187 0.01060357 0.001867524 0.01239819 0.001867524 -426.7173 -0.06240001 -0.0126 -0.0126 
1786042074.274 0.01499819 0.01460357 0.007054173 0.01239819 0.007054173 -426.7503 -0.06240001 -0.0126 -0.0126 
1786042074.437 0.009998187 0.01060357 0.007494158 0.01239819 0.007494158 -426.7783 -0.06240001 -0.0126 -0.0126 
1786042074.596 0.01499819 0.01460357 0.008767476 0.01239819 0.008767476 -426.8062 -0.06240001 -0.0126 -0.0126 
1786042074.756 0.01499819 0.01460357 0.008937462 0.01239819 0.008937462 -426.8329 -0.06240001 -0.0126 -0.0126 
1786042074.942 0.01499819 0.01460357 0.007914137 0.01239819 0.007914137 -426.8429 -0.06240001 0.0126 -0.0126 
1786042075.118 0.009998187 0.01460357 0.02681805 0.01239819 0.02681805 -425.7773 -0.06240001 0.0126 -0.0126 
1786042075.296 0.01499819 0.01460357 -0.01857364 0.01239819 -0.01857364 -423.8393 -0.06240001 0.0126 -0.0126 
1786042075.472 -0.005 0.0003 -0.008798976 -0.0024 -0.008798976 -423.7999 1.477024e-08 0.0126 0.0126 
1786042075.652 -0.005 -0.0037 -0.006258978 -0.0024 -0.006258978 -423.8025 1.477024e-08 0.0126 0.0126 
1786042075.823 -0.004997626 -0.1211134 -0.003842657 0.002602374 -0.003842657 -423.8052 0.08669708 -0.0126 0.0126 
1786042076.018 -0.01495664 -0.02974698 -0.01106574 -0.01735664 -0.01106574 -423.9055 1.492487 -0.0126 0.0126 
1786042076.195 -0.01491809 -0.01564276 -0.01139186 -0.01231809 -0.01139186 -424.1824 2.820022 -0.0126 0.0126 
1786042076.361 -0.01488046 -0.01908177 -0.01018002 -0.01728024 -0.01063136 -424.6218 4.124941 -0.0126 0.0126 
1786042076.533 -0.01484353 -0.01849861 -0.0112575 -0.01724353 -0.0112575 -425.2048 5.392474 -0.0126 0.0126 
1786042076.715 -0.01480409 -0.01917082 -0.01030423 -0.01220409 -0.01030423 -426.0074 6.757362 -0.0126 0.0126 
1786042076.898 -0.01476412 -0.01422108 -0.01065008 -0.01216412 -0.01065008 -427.0056 8.145023 -0.0126 0.0126 
1786042077.056 -0.01472987 -0.02329478 -0.01096161 -0.01212965 -0.01096161 -428.0178 9.345084 -0.0126 0.0126 
1786042077.221 -0.01469445 -0.01553519 -0.0104994 -0.01209445 -0.0104994 -429.1989 10.57508 -0.0126 0.0126 
1786042077.418 -0.01465534 -0.01444181 -0.01049668 -0.01205512 -0.01049668 -430.695 11.95501 -0.0126 0.0126 
1786042077.622 -0.01461324 -0.01354407 -0.01012634 -0.01201324 -0.01012634 -432.4971 13.43282 -0.0126 0.0126 
1786042077.811 -0.009570982 -0.0161882 -0.0100717 -0.01197098 -0.0100717 -434.5367 14.93257 -0.0126 0.0126 
1786042077.991 -0.01453236 -0.01966086 -0.01026269 -0.01193215 -0.01026269 -436.6106 16.3201 -0.0126 0.0126 
1786042078.176 -0.01449422 -0.01177641 -0.0104779 -0.01189422 -0.0104779 -438.8255 17.6924 -0.0126 0.0126 
1786042078.390 -0.01445267 -0.01227438 -0.01181278 -0.01185123 -0.01181278 -441.5662 19.24476 -0.0126 0.0126 
1786042078.598 0.0005677324 0.04339649 0.009073526 0.003167732 0.009073526 -443.047 19.9376 -0.0126 0.0126 
1786042078.794 0.02056773 0.02739649 0.01248983 0.02316773 0.01248983 -443.7137 19.9376 -0.0126 0.0126 
1786042079.002 0.02056773 0.02339649 0.01289279 0.02316773 0.01289279 -444.4008 19.9376 -0.0126 0.0126 
1786042079.198 0.02056773 0.02339649 0.01297245 0.02316773 0.01297245 -445.0409 19.9376 -0.0126 0.0126 
1786042079.393 0.02056773 0.02339649 0.01305542 0.02316773 0.01226209 -445.7102 19.9376 -0.0126 0.0126 
1786042079.580 0.02056773 0.02339649 0.02712189 0.02316773 0.02712189 -446.0993 19.9376 0.01135 0.0126 
1786042079.748 0.02056773 0.02339649 0.01050867 0.01816773 0.01050867 -445.874 19.9376 -0.0126 0.0126 
1786042079.934 0.02056773 0.02339649 0.01209198 0.01816773 0.01209198 -445.9057 19.9376 -0.0126 0.0126 
1786042080.121 0.02056773 0.01939649 0.0109053 0.02316773 0.0109053 -445.9362 19.9376 -0.0126 0.0126 
1786042080.285 0.02056773 0.02339649 0.01084528 0.02316773 0.01084528 -445.9642 19.9376 -0.0126 0.0126 
1786042080.466 0.01556773 0.01939649 0.0108886 0.01816773 0.01199193 -445.9946 19.9376 -0.0126 0.0126 
1786042080.638 0.02056773 0.01939649 0.01110859 0.01816773 0.01110859 -446.02 19.9376 -0.0126 0.0126 
1786042080.819 0.01556773 0.01939649 0.03076556 0.01816773 0.03115556 -445.4725 19.9376 0.0126 0.0126 
1786042081.010 0.005561171 0.1364512 0.02856805 0.007961171 0.02856805 -442.7369 19.69762 0.0126 -0.0126 
1786042081.187 -0.01947674 -0.002669946 -0.0135945 -0.02207674 -0.0135945 -439.9073 18.31771 0.0126 -0.0126 
1786042081.357 -0.01951246 -0.01351623 -0.0119792 -0.02211246 -0.0119792 -437.7356 17.02763 0.0126 -0.0126 
1786042081.532 -0.01954884 -0.01703537 -0.01236984 -0.01714884 -0.01236984 -435.6935 15.72254 0.0126 -0.0126 
1786042081.713 -0.01958567 -0.01554349 -0.01258789 -0.01718567 -0.01258789 -433.7999 14.41016 0.0126 -0.0126 
1786042081.902 -0.01462568 -0.01628695 -0.01066178 -0.0222259 -0.01066178 -431.9292 12.98525 0.0126 -0.0126 
1786042082.072 -0.01966337 -0.01563184 -0.01034325 -0.01726337 -0.01034325 -430.3658 11.66503 0.0126 -0.0126 
1786042082.231 -0.0146978 -0.01893997 -0.0111635 -0.0172978 -0.0111635 -429.0793 10.45766 0.0126 -0.0126 
1786042082.396 -0.0147328 -0.01844957 -0.0104913 -0.0173328 -0.0104913 -427.9198 9.235054 0.0126 -0.0126 
1786042082.564 -0.01476879 -0.01785536 -0.01015272 -0.01736879 -0.01015272 -426.8797 7.982662 0.0126 -0.0126 
1786042082.731 -0.01480488 -0.0121601 -0.01042748 -0.01240488 -0.01042748 -425.9894 6.730072 0.0126 -0.0126 
1786042082.895 -0.0148402 -0.01438567 -0.009897023 -0.0174402 -0.009897023 -425.2668 5.507605 0.0126 -0.0126 
1786042083.061 -0.01487625 -0.01668808 -0.008975822 -0.01247647 -0.008975822 -424.6762 4.255245 0.0126 -0.0126 
1786042083.240 -0.0149154 -0.0129055 -0.009349972 -0.0175154 -0.009349972 -424.2101 2.912508 0.0126 -0.0126 
1786042083.416 -0.01495329 -0.01868122 -0.009599723 -0.01255351 -0.009599723 -423.9231 1.599973 0.0126 -0.0126 
1786042083.576 -0.009989028 -0.007265829 -0.009083598 -0.01258925 -0.009083598 -423.8063 0.3701537 0.0126 -0.0126 
1786042083.763 0.01 -0.0157 0.003901017 0.0124 0.003901017 -423.8126 -1.137215e-08 0.0126 -0.0126 
1786042083.943 0.02 0.0163 0.01152101 0.0174 0.01152101 -423.8203 -1.137215e-08 0.0126 -0.0126 
1786042084.148 0.015 0.0163 0.01152101 0.0174 0.01152101 -423.8203 -1.137215e-08 0.0126 -0.0126 
1786042084.315 0.015 0.0163 0.01152101 0.0174 0.01152101 -423.8203 -1.137215e-08 0.0126 -0.0126 
1786042084.491 -0.005030292 0.01358244 -0.004083154 -0.01263029 -0.004083154 -423.8573 -1.042384 -0.0126 -0.0126 
1786042084.668 -0.01007081 -0.008294178 -0.01055252 -0.01267081 -0.01055252 -424.0859 -2.437658 -0.0126 -0.0126 
1786042084.843 -0.01010846 -0.01410688 -0.01087879 -0.01270846 -0.01087879 -424.4732 -3.734792 -0.0126 -0.0126 
1786042085.019 -0.01514627 -0.009079248 -0.0112022 -0.01774627 -0.0112022 -425.027 -5.039943 -0.0126 -0.0126 
1786042085.219 -0.01518811 -0.01265882 -0.01021459 -0.01278811 -0.01021459 -425.8347 -6.487561 -0.0126 -0.0126 
1786042085.417 -0.01023243 -0.01252795 -0.009696875 -0.01283243 -0.01043037 -426.918 -8.032488 -0.0126 -0.0126 
1786042085.609 -0.01027185 -0.01449745 -0.01059326 -0.01287207 -0.01059326 -428.0724 -9.404951 -0.0126 -0.0126 
1786042085.789 -0.01531283 -0.01330036 -0.01062573 -0.01291305 -0.01062573 -429.4694 -10.83739 -0.0126 -0.0126 
1786042085.956 -0.01034893 -0.01547786 -0.01017551 -0.01294893 -0.01017551 -430.8601 -12.09736 -0.0126 -0.0126 
1786042086.135 -0.01038443 -0.01076315 -0.01022112 -0.01298464 -0.01022112 -432.4006 -13.35738 -0.0126 -0.0126 
1786042086.313 -0.01042396 -0.008832794 -0.01071707 -0.008023962 -0.01071707 -434.2802 -14.75244 -0.0126 -0.0126 
1786042086.473 -0.01045843 -0.01084564 -0.009933216 -0.01305843 -0.009933216 -436.0899 -15.98267 -0.0126 -0.0126 
1786042086.644 -0.01049309 -0.009691595 -0.0108352 -0.008093094 -0.0108352 -438.0635 -17.22745 -0.0126 -0.0126 
1786042086.831 -0.01053063 -0.01811794 -0.01050987 -0.01313125 -0.009818509 -440.4206 -18.60766 -0.0126 -0.0126 
1786042087.017 -0.01056891 -0.06162901 0.005690503 -0.008168911 0.005690503 -442.9543 -19.98076 -0.0126 -0.0126 
1786042087.189 0.02442886 0.01204133 0.01573436 0.02682886 0.01573436 -443.4839 -20.0624 -0.0126 -0.0126 
1786042087.353 0.02942886 0.03604133 0.01739073 0.03182886 0.01739073 -444.0388 -20.0624 -0.0126 -0.0126 
1786042087.547 0.03442886 0.04004133 0.01746706 0.03682886 0.01746706 -444.6523 -20.0624 -0.0126 -0.0126 
1786042087.739 0.03442886 0.03604133 0.01866004 0.03682886 0.01866004 -445.3101 -20.0624 -0.0126 -0.0126 
1786042087.915 0.03442886 0.04004133 0.01920972 0.03682886 0.01841639 -445.9032 -20.0624 -0.0126 -0.0126 
1786042088.096 0.02942886 0.03204133 0.03412619 0.03182886 0.03412619 -446.2945 -20.0624 0.0076 -0.0126 
1786042088.293 0.02442886 0.02404133 0.01258297 0.02182886 0.01258297 -446.062 -20.0624 -0.0126 -0.0126 
1786042088.483 0.01942886 0.02004133 0.01116629 0.02182886 0.01116629 -446.0937 -20.0624 -0.0126 -0.0126 
1786042088.663 0.01442886 0.01204133 0.008772937 0.01682886 0.008772937 -446.1216 -20.0624 -0.0126 -0.0126 
1786042088.859 0.00942886 0.008041328 0.007419588 0.00682886 0.007419588 -446.1521 -20.0624 -0.0126 -0.0126 
1786042089.027 0.00442886 4.132786e-05 0.004922907 0.00682886 0.004922907 -446.1788 -20.0624 -0.0126 -0.0126 
1786042089.193 -0.0005711402 -0.007958672 0.001552894 -0.00317114 0.001552894 -446.2029 -20.0624 -0.0126 -0.0126 
1786042089.376 -0.00557114 -0.007958672 0.00979293 -0.00817114 0.00979293 -446.1608 -20.0624 0.0126 -0.0126 
1786042089.560 -0.00557114 -0.01195867 0.007094027 -0.00817114 0.007094027 -444.1288 -20.0624 0.0126 -0.0126 
1786042089.741 -0.02054177 -0.03766027 -0.01698063 -0.01794177 -0.01698063 -441.0973 -18.98995 0.0126 0.0126 
1786042089.915 -0.02050473 -0.02245299 -0.01339252 -0.01790473 -0.01339252 -438.7593 -17.64742 0.0126 0.0126 
1786042090.099 -0.02046826 -0.02438291 -0.01211935 -0.01786826 -0.01211935 -436.632 -16.33494 0.0126 0.0126 
1786042090.268 -0.0204307 -0.01805346 -0.0110103 -0.0178307 -0.0110103 -434.6216 -14.9923 0.0126 0.0126 
1786042090.443 -0.01539417 -0.02222113 -0.01149539 -0.01779417 -0.01149539 -432.8373 -13.69472 0.0126 0.0126 
1786042090.615 -0.02035787 -0.02034153 -0.01043303 -0.01275766 -0.01043303 -431.2218 -12.40497 0.0126 0.0126 
1786042090.791 -0.01532074 -0.01792922 -0.01017645 -0.01772074 -0.01017645 -429.755 -11.10742 0.0126 0.0126 
1786042090.963 -0.01528281 -0.0189953 -0.009520994 -0.01268281 -0.009520994 -428.4202 -9.779916 0.0126 0.0126 
1786042091.136 -0.01524688 -0.01738563 -0.009921975 -0.01264688 -0.009921975 -427.314 -8.527299 0.0126 0.0126 
1786042091.323 -0.01520586 -0.01741513 -0.008978042 -0.01260564 -0.008978042 -426.2345 -7.094903 0.0126 0.0126 
1786042091.521 -0.01516557 -0.01348349 -0.00902507 -0.01256557 -0.00902507 -425.376 -5.707445 0.0126 0.0126 
1786042091.701 -0.01012411 -0.01863885 -0.008967968 -0.01252389 -0.008967968 -424.6813 -4.267194 0.0126 0.0126 
1786042091.876 -0.01508539 -0.01518421 -0.008194527 -0.01248539 -0.008194527 -424.219 -2.940053 0.0126 0.0126 
1786042092.056 -0.01004641 -0.01969724 -0.009181664 -0.01244641 -0.009181664 -423.9231 -1.597488 0.0126 0.0126 
1786042092.224 -0.01000915 -0.01609636 -0.007252351 -0.01240915 -0.007252351 -423.8063 -0.3150216 0.0126 0.0126 
1786042092.404 -1.00045e-13 0.0323 -0.001178981 0.0026 -0.001178981 -423.8076 1.477024e-08 0.0126 0.0126 
1786042092.581 0.01 0.0123 0.007711015 0.0126 0.007711015 -423.8164 1.477024e-08 0.0126 0.0126 
1786042092.746 0.01 0.0083 0.007711015 0.0076 0.007711015 -423.8164 1.477024e-08 0.0126 0.0126 
1786042092.915 0.01 0.0123 0.007711015 0.0076 0.007711015 -423.8164 1.477024e-08 0.0126 0.0126 
1786042093.083 0.01 0.0123 0.008981014 0.0126 0.008981014 -423.8177 1.477024e-08 0.0126 0.0126 
1786042093.250 0.015 0.0163 0.01025101 0.0126 0.01025101 -423.819 1.477024e-08 0.0126 0.0126 
1786042093.425 0.0100009 0.01619706 -0.005448779 0.007600901 -0.005448779 -423.8878 0.03090001 -0.0126 0.0126 
1786042093.607 0.0100009 0.01219706 2.422379e-05 0.0126009 2.422379e-05 -424.5024 0.03090001 -0.0126 0.0126 
1786042093.778 0.0100009 0.01219706 0.006763907 0.0126009 0.006763907 -425.0866 0.03090001 -0.0126 0.0126 
1786042093.961 0.0150009 0.01619706 0.009060252 0.0176009 0.009060252 -425.6823 0.03090001 -0.0126 0.0126 
1786042094.145 0.0100009 0.01219706 0.007706594 0.0126009 0.008659923 -426.2919 0.03090001 -0.0126 0.0126 
1786042094.311 0.005000901 0.01219706 0.006892948 0.007600901 0.006892948 -426.8634 0.03090001 -0.0126 0.0126 
1786042094.481 0.0100009 0.008197059 0.0005630497 0.0126009 0.0005630497 -426.6993 0.03090001 0.0126 0.0126 
1786042094.647 0.0100009 0.008197059 0.006496352 0.0126009 0.006496352 -426.7313 0.03090001 -0.0126 0.0126 
1786042094.825 0.0100009 0.01219706 0.007373003 0.007600901 0.007206336 -426.7605 0.03090001 -0.0126 0.0126 
1786042094.990 0.0100009 0.008197059 0.006479655 0.007600901 0.006479655 -426.7884 0.03090001 -0.0126 0.0126 
1786042095.172 0.005000901 0.008197059 0.005522972 0.007600901 0.005522972 -426.8177 0.03090001 -0.0126 0.0126 
1786042095.334 0.005000901 0.008197059 0.005962957 0.002600901 0.005962957 -426.8456 0.03090001 -0.0126 0.0126 
1786042095.509 0.005000901 0.008197059 0.01989302 0.007600901 0.01956303 -426.7438 0.03090001 0.0126 0.0126 
1786042095.682 0.005000901 0.008197059 0.01012408 0.007600901 0.01012408 -424.7918 0.03090001 0.0126 0.0126 
1786042095.863 0.01 0.0003 -0.01514897 0.0074 -0.01514897 -423.7936 -1.137215e-08 0.0126 -0.0126 
1786042096.059 0.015 0.0123 0.002631017 0.0124 0.002631017 -423.8114 -1.137215e-08 0.0126 -0.0126 
1786042096.233 0.01 0.0123 0.008981014 0.0124 0.008981014 -423.8177 -1.137215e-08 0.0126 -0.0126 
1786042096.415 1.596636e-05 -0.07482112 0.001828776 -0.002383815 0.001828776 -423.8255 0.5549636 -0.0126 0.0126 
1786042096.599 -0.01494336 -0.02472064 -0.0116424 -0.01734336 -0.0116424 -423.9805 1.942356 -0.0126 0.0126 
1786042096.777 -0.01490513 -0.02094593 -0.01145302 -0.01230491 -0.01145302 -424.317 3.270406 -0.0126 0.0126 
1786042096.964 -0.01486541 -0.01899474 -0.01081429 -0.01726498 -0.01081429 -424.8415 4.635213 -0.0126 0.0126 
1786042097.155 -0.009824038 -0.01703487 -0.01133272 -0.0122236 -0.01133272 -425.5807 6.06017 -0.0126 0.0126 
1786042097.334 -0.009784723 -0.01861137 -0.01078884 -0.01218429 -0.01078884 -426.4684 7.417362 -0.0126 0.0126 
1786042097.524 -0.01474358 -0.01572218 -0.01163593 -0.01214358 -0.01163593 -427.5835 8.835107 -0.0126 0.0126 
1786042097.701 -0.0097054 -0.01655273 -0.0116775 -0.01210432 -0.0116775 -428.8331 10.19253 -0.0126 0.0126 
1786042097.913 -0.01466352 -0.01458968 -0.01139089 -0.01206266 -0.01048853 -430.4118 11.69235 -0.0126 0.0126 
1786042098.083 -0.009621217 -0.01796726 -0.01072012 -0.01202122 -0.01072012 -432.1059 13.10251 -0.0126 0.0126 
1786042098.262 -0.01458468 -0.01287094 -0.01124516 -0.01198468 -0.01124516 -433.8128 14.39241 -0.0126 0.0126 
1786042098.438 -0.009546871 -0.01705391 -0.01140128 -0.01194687 -0.01140128 -435.7559 15.73498 -0.0126 0.0126 
1786042098.622 -0.009508269 -0.009360269 -0.01044608 -0.01190827 -0.01044608 -437.9302 17.11506 -0.0126 0.0126 
1786042098.798 -0.01447161 -0.01421273 -0.010716 -0.01187161 -0.01122828 -440.1869 18.44234 -0.0126 0.0126 
1786042098.988 -0.01443338 -0.007257602 -0.01065438 -0.01183338 -0.01065438 -442.7066 19.82258 -0.0126 0.0126 
1786042099.177 -0.004427671 0.02551549 0.007348978 0.003172329 0.007348978 -443.4546 20.0309 -0.0126 0.0126 
1786042099.358 0.01057233 0.01751549 0.008378643 0.01317233 0.008378643 -444.0757 20.0309 -0.0126 0.0126 
1786042099.517 0.01557233 0.01751549 0.009398351 0.01317233 0.008605016 -444.6192 20.0309 -0.0126 0.0126 
1786042099.675 0.01557233 0.01751549 0.0097814 0.01317233 0.0097814 -445.1437 20.0309 -0.0126 0.0126 
1786042099.833 0.01057233 0.01351549 0.008101114 0.01317233 0.008101114 -445.6721 20.0309 -0.0126 0.0126 
1786042100.001 0.01057233 0.01351549 0.01590416 0.01317233 0.01590416 -446.2067 20.0309 -0.0126 0.0126 
1786042100.175 0.005572329 0.009515486 -0.0001756669 0.008172329 -0.0001756669 -445.9094 20.0309 0.0126 0.0126 
1786042100.339 0.005572329 0.009515486 0.004757636 0.008172329 0.004757636 -445.9413 20.0309 -0.0126 0.0126 
1786042100.500 0.005572329 0.009515486 0.007134286 0.003172329 0.007134286 -445.9705 20.0309 -0.0126 0.0126 
1786042100.664 0.005572329 0.005515486 0.005700939 0.003172329 0.005700939 -445.9959 20.0309 -0.0126 0.0126 
1786042100.859 0.005572329 0.009515486 0.005950922 0.003172329 0.005950922 -446.0277 20.0309 -0.0126 0.0126 
1786042101.036 0.01057233 0.009515486 0.007200905 0.008172329 0.007200905 -446.0594 20.0309 -0.0126 0.0126 
1786042101.204 0.005572329 0.009515486 0.01164092 0.003172329 0.01164092 -446.0554 20.0309 0.0126 0.0126 
1786042101.366 0.01057233 0.009515486 0.01668838 0.008172329 0.01668838 -444.5873 20.0309 0.0126 0.0126 
1786042101.530 0.0005531765 0.04337108 -0.01000403 -0.002046824 -0.01000403 -441.8073 19.33337 0.0126 -0.0126 
1786042101.707 -0.009483499 0.00789864 -0.010403 -0.0120835 -0.010403 -439.4273 18.00591 0.0126 -0.0126 
1786042101.877 -0.009519195 -0.01068553 -0.008361588 -0.0121192 -0.008361588 -437.2975 16.72359 0.0126 -0.0126 
1786042102.061 -0.01455724 -0.008542215 -0.00911801 -0.01215724 -0.00911801 -435.1956 15.35845 0.0126 -0.0126 
1786042102.236 -0.01459384 -0.01113244 -0.009663428 -0.01219384 -0.009663428 -433.3707 14.06839 0.0126 -0.0126 
1786042102.410 -0.009631282 -0.007720793 -0.008862643 -0.01223149 -0.008862643 -431.6574 12.741 0.0126 -0.0126 
1786042102.575 -0.009666778 -0.004323391 -0.009294566 -0.01226678 -0.009294566 -430.2096 11.50343 0.0126 -0.0126 
1786042102.746 -0.009703939 -0.01112084 -0.00858295 -0.01230394 -0.00858295 -428.8495 10.20606 0.0126 -0.0126 
1786042102.922 -0.009741684 -0.006383604 -0.00741076 -0.01234168 -0.00741076 -427.6379 8.885951 0.0126 -0.0126 
1786042103.113 -0.009779348 -0.009166161 -0.00784616 -0.007379565 -0.00784616 -426.5901 7.580972 0.0126 -0.0126 
1786042103.318 -0.004824737 -0.004469711 -0.007803908 -0.00742539 -0.007245925 -425.5487 5.998382 0.0126 -0.0126 
1786042103.526 -0.004868513 -0.007879606 -0.007801738 -0.007468731 -0.008327285 -424.7842 4.498117 0.0126 -0.0126 
1786042103.744 -0.009917622 -0.009219253 -0.00794559 -0.01251828 -0.007669476 -424.1784 2.788458 0.0126 -0.0126 
1786042103.911 -0.004957401 -0.01155616 -0.008387621 -0.0125574 -0.008387621 -423.9041 1.460875 0.0126 -0.0126 
1786042104.098 -0.004997352 -0.05338237 -0.006660077 -0.007597352 -0.006615944 -423.8025 0.08566506 0.0126 -0.0126 
1786042104.273 -1.00045e-13 -0.0117 0.002631017 0.0024 0.002631017 -423.8114 -1.137215e-08 0.0126 -0.0126 
1786042104.450 0.005 0.0003 0.007711015 0.0074 0.007711015 -423.8164 -1.137215e-08 0.0126 -0.0126 
1786042104.627 0.005 0.0043 0.007711015 0.0074 0.007711015 -423.8164 -1.137215e-08 0.0126 -0.0126 
1786042104.791 0.009998632 0.09351772 0.005793864 0.007398632 0.005793864 -423.8146 -0.04684402 -0.01135 -0.0126 
1786042104.991 -4.133398e-05 0.01050854 -0.003386464 -0.007641334 -0.003386464 -423.903 -1.417502 -0.0126 -0.0126 
1786042105.170 -0.005082643 0.003885524 -0.009276371 -0.007682643 -0.009276371 -424.19 -2.835003 -0.0126 -0.0126 
1786042105.346 -0.01012041 -0.006970002 -0.008978043 -0.007720411 -0.008978043 -424.6294 -4.132626 -0.0126 -0.0126 
1786042105.523 -0.005159205 -0.005699271 -0.008852226 -0.007759205 -0.008852226 -425.2517 -5.467515 -0.0126 -0.0126 
1786042105.713 -0.005199651 -0.009127934 -0.007575621 -0.007799651 -0.007575621 -426.0874 -6.862524 -0.0126 -0.0126 
1786042105.917 -0.005242143 -0.001803533 -0.008679239 -0.007842576 -0.008679239 -427.1809 -8.347511 -0.0126 -0.0126 
1786042106.099 -0.005284044 -0.007245982 -0.008984464 -0.007884044 -0.008984464 -428.4445 -9.787381 -0.0126 -0.0126 
1786042106.268 -0.01032061 -0.006283498 -0.009091123 -0.007920827 -0.009091123 -429.7374 -11.07017 -0.0126 -0.0126 
1786042106.442 -0.005357235 -0.008826068 -0.008582976 -0.007957235 -0.008582976 -431.1788 -12.34506 -0.0126 -0.0126 
1786042106.605 -0.01039304 -0.006351072 -0.009427608 -0.007993041 -0.009427608 -432.7536 -13.60494 -0.0126 -0.0126 
1786042106.797 -0.00543225 -0.006012814 -0.009198143 -0.00303225 -0.009198143 -434.6624 -14.99235 -0.0126 -0.0126 
1786042106.966 -0.005468897 -0.007026063 -0.009668227 -0.008068897 -0.009668227 -436.6221 -16.29761 -0.0126 -0.0126 
1786042107.130 -0.005503423 -0.0049115 -0.009827502 -0.008103423 -0.009827502 -438.6274 -17.53498 -0.0126 -0.0126 
1786042107.303 -0.005538751 -0.00991691 -0.009659833 -0.008138751 -0.009659833 -440.8423 -18.81 -0.0126 -0.0126 
1786042107.483 -0.005570634 -0.1445992 0.03795362 -0.003170634 0.03795362 -443.033 -19.96909 -0.0126 -0.0126 
1786042107.655 0.01442936 -0.0003632123 0.01158431 0.01182936 0.01158431 -443.4712 -19.9691 -0.0126 -0.0126 
1786042107.821 0.01942936 0.01563679 0.01197068 0.01682936 0.01197068 -444.0249 -19.9691 -0.0126 -0.0126 
1786042107.985 0.01442936 0.01563679 0.01061039 0.01682936 0.01061039 -444.5735 -19.9691 -0.0126 -0.0126 
1786042108.152 0.01442936 0.01563679 0.01020342 0.01682936 0.01020342 -445.1298 -19.9691 -0.0126 -0.0126 
1786042108.312 0.01442936 0.01163679 0.009953127 0.01182936 0.009953127 -445.6695 -19.9691 -0.0126 -0.0126 
1786042108.469 0.009429365 0.01163679 0.01999954 0.01182936 0.01999954 -446.1318 -19.9691 -0.0126 -0.0126 
1786042108.628 0.009429365 0.01163679 -0.00275698 0.01182936 -0.00275698 -445.8814 -19.9691 -0.00145 -0.0126 
1786042108.795 0.009429365 0.007636788 0.007876325 0.01182936 0.007876325 -445.9197 -19.9691 -0.0126 -0.0126 
1786042108.968 0.009429365 0.007636788 0.007649644 0.006829365 0.007649644 -445.9477 -19.9691 -0.0126 -0.0126 
1786042109.146 0.004429365 0.007636788 0.008462961 0.006829365 0.008462961 -445.9781 -19.9691 -0.0126 -0.0126 
1786042109.311 0.009429365 0.007636788 0.008069612 0.01182936 0.008069612 -446.0061 -19.9691 -0.0126 -0.0126 
1786042109.479 0.004429365 0.007636788 0.00664963 0.006829365 0.006816297 -445.9983 -19.9691 0.0126 -0.0126 
1786042109.653 0.009429365 0.007636788 0.007876312 0.006829365 0.007876312 -445.9703 -19.9691 0.0126 -0.0126 
1786042109.817 0.004429365 0.003636788 0.006886327 0.006829365 0.006886327 -445.9424 -19.9691 0.0126 -0.0126 
1786042109.977 0.009429365 0.007636788 0.02834683 0.006829365 0.02834683 -445.0127 -19.9691 0.0126 -0.0126 
1786042110.138 0.00444048 -0.09116609 0.01121071 0.00204048 0.01121071 -442.394 -19.56415 0.0126 0.0126 
1786042110.307 -0.01052497 -0.01744862 -0.01017494 -0.007924972 -0.01017494 -439.9581 -18.31174 0.0126 0.0126 
1786042110.468 -0.01049101 -0.01984479 -0.009291833 -0.0078908 -0.009291833 -437.8766 -17.08168 0.0126 0.0126 
1786042110.626 -0.01045766 -0.01636061 -0.009258537 -0.01285766 -0.009258537 -436.0034 -15.89665 0.0126 0.0126 
1786042110.785 -0.01042412 -0.01466751 -0.009248279 -0.00782412 -0.009248279 -434.2508 -14.70418 0.0126 0.0126 
1786042110.943 -0.01039082 -0.01483117 -0.00880316 -0.007790819 -0.00880316 -432.6518 -13.51917 0.0126 0.0126 
1786042111.103 -0.01035671 -0.01694201 -0.008478608 -0.007756711 -0.008478608 -431.157 -12.32661 0.0126 0.0126 
1786042111.273 -0.01032116 -0.01487867 -0.00900284 -0.007721159 -0.00900284 -429.7499 -11.08151 0.0126 0.0126 
1786042111.454 -0.01028222 -0.01525688 -0.00776894 -0.01268222 -0.00776894 -428.3859 -9.72415 0.0126 0.0126 
1786042111.624 -0.01024486 -0.01129235 -0.008369271 -0.007644858 -0.008369271 -427.2454 -8.426742 0.0126 0.0126 
1786042111.805 -0.01020672 -0.01166066 -0.00800008 -0.007606717 -0.00800008 -426.2523 -7.106768 0.0126 0.0126 
1786042111.986 -0.01016651 -0.01104224 -0.008474951 -0.01256651 -0.008474951 -425.3887 -5.719151 0.0126 0.0126 
1786042112.154 -0.01012991 -0.0130271 -0.008275435 -0.01252991 -0.008275435 -424.7664 -4.459241 0.0126 0.0126 
1786042112.325 -0.01009303 -0.008717803 -0.007203504 -0.007493028 -0.007203504 -424.2965 -3.191689 0.0126 0.0126 
1786042112.515 -0.0100526 -0.008614236 -0.008154705 -0.007452167 -0.008154705 -423.9561 -1.789566 0.0126 0.0126 
1786042112.689 -0.01001346 -0.006537193 -0.007392437 -0.007413243 -0.007392437 -423.8114 -0.4466097 0.0126 0.0126 
1786042112.878 -0.005 0.0363 -0.003718979 -0.0024 -0.003718979 -423.805 9.541763e-09 0.0126 0.0126 
1786042113.088 -0.005 0.0083 0.001361018 -0.0024 0.001361018 -423.8101 9.541763e-09 0.0126 0.0126 
1786042113.281 -0.005 0.0083 0.003901017 -0.0024 0.003901017 -423.8126 9.541763e-09 0.0126 0.0126 
1786042113.468 -0.01 0.0043 0.005171016 -0.0074 0.005171016 -423.8139 9.541763e-09 0.0126 0.0126 
1786042113.637 -0.005 0.0043 0.005171016 -0.0074 0.005171016 -423.8139 9.541763e-09 0.0126 0.0126 
1786042113.811 -0.005 0.0083 0.005171016 -0.0024 0.005171016 -423.8139 9.541763e-09 0.0126 0.0126 
1786042113.997 -0.004991442 0.03383722 -0.007212024 -0.002391442 -0.007212024 -423.9335 0.2942 -0.0126 0.0126 
1786042114.179 0.01000856 0.01383722 0.003974316 0.01260856 0.003974316 -424.538 0.2942 -0.0126 0.0126 
1786042114.368 0.01500856 0.01383722 0.009290643 0.01260856 0.009290643 -425.1667 0.2942 -0.0126 0.0126 
1786042114.538 0.01000856 0.01383722 0.00936366 0.01260856 0.00936366 -425.7534 0.2942 -0.0126 0.0126 
1786042114.708 0.01500856 0.01783722 0.008800017 0.01260856 0.008800017 -426.3262 0.2942 -0.0126 0.0126 
1786042114.879 0.01000856 0.01383722 0.01816973 0.01260856 0.01816973 -426.8672 0.2942 -0.0126 0.0126 
1786042115.047 0.01000856 0.01383722 0.00434651 0.01260856 0.00434651 -426.6739 0.2942 0.0126 0.0126 
1786042115.219 0.01000856 0.009837224 0.007596482 0.007608558 0.007596482 -426.6995 0.2942 -0.0126 0.0126 
1786042115.399 0.01000856 0.009837224 0.006973133 0.007608558 0.006973133 -426.73 0.2942 -0.0126 0.0126 
1786042115.572 0.01000856 0.009837224 0.007016451 0.007608558 0.007016451 -426.758 0.2942 -0.0126 0.0126 
1786042115.754 0.01000856 0.01383722 0.006623102 0.007608558 0.006623102 -426.7859 0.2942 -0.0126 0.0126 
1786042115.946 0.005008558 0.009837224 0.006439793 0.01260856 0.006773126 -426.7667 0.2942 0.0126 0.0126 
1786042116.127 0.01000856 0.009837224 0.01946318 0.007608558 0.01946318 -426.6676 0.2942 0.0126 0.0126 
1786042116.304 0.005008558 0.009837224 0.01055754 0.007608558 0.01055754 -424.7601 0.2942 0.0126 0.0126 
1786042116.483 -1.00045e-13 -0.0677 -0.01768897 -0.0026 -0.01768897 -423.791 -4.797149e-08 0.0126 -0.0126 
1786042116.664 0.005 -0.0037 -0.00244898 0.0024 -0.00244898 -423.8063 -1.137215e-08 0.0126 -0.0126 
1786042116.825 0.005 0.0003 0.002631017 0.0024 0.002631017 -423.8114 -1.137215e-08 0.0126 -0.0126 
1786042117.002 -0.009969022 -0.0361183 -0.008977983 -0.01236902 -0.008977983 -423.8547 1.06482 -0.0126 0.0126 
1786042117.186 -0.009929552 -0.01823388 -0.01113532 -0.01232955 -0.01113532 -424.0821 2.422375 -0.0126 0.0126 
1786042117.368 -0.009889252 -0.01910089 -0.01107236 -0.01228925 -0.01107236 -424.5012 3.809858 -0.0126 0.0126 
1786042117.538 -0.01485271 -0.01406183 -0.01068577 -0.01225271 -0.01068577 -425.0435 5.070005 -0.0126 0.0126 
1786042117.710 -0.009815372 -0.0130675 -0.01060069 -0.01221537 -0.01060069 -425.7572 6.36002 -0.0126 0.0126 
1786042117.883 -0.00977856 -0.01290262 -0.01038994 -0.01217834 -0.01038994 -426.6259 7.642601 -0.0126 0.0126 
1786042118.046 -0.009741642 -0.01436489 -0.01065174 -0.01214164 -0.01065174 -427.6457 8.917458 -0.0126 0.0126 
1786042118.204 -0.009707646 -0.01520764 -0.01122655 -0.007107646 -0.01122655 -428.7328 10.10248 -0.0126 0.0126 
1786042118.371 -0.009672919 -0.008460978 -0.01016026 -0.007072705 -0.01016026 -429.9965 11.32491 -0.0126 0.0126 
1786042118.538 -0.009636635 -0.01326963 -0.01000966 -0.007036635 -0.01000966 -431.4557 12.59261 -0.0126 0.0126 
1786042118.703 -0.009601591 -0.01074927 -0.01004382 -0.01200138 -0.01004382 -433.0368 13.83757 -0.0126 0.0126 
1786042118.864 -0.009567364 -0.01110637 -0.01042202 -0.006967364 -0.01042202 -434.7094 15.04494 -0.0126 0.0126 
1786042119.023 -0.00953396 -0.01475848 -0.01098593 -0.01193396 -0.01098593 -436.4951 16.23751 -0.0126 0.0126 
1786042119.181 -0.009500966 -0.008100713 -0.01058349 -0.006900758 -0.01058349 -438.414 17.42992 -0.0126 0.0126 
1786042119.350 -0.009466119 -0.01148123 -0.01085456 -0.006866119 -0.01085456 -440.5705 18.68239 -0.0126 0.0126 
1786042119.514 -0.00943235 -0.008863087 -0.01102127 -0.00683235 -0.01124509 -442.8425 19.91991 -0.0126 0.0126 
1786042119.674 -0.004421923 0.04375028 0.007689813 -0.006821923 0.007689813 -443.7506 20.2942 -0.0126 0.0126 
1786042119.832 0.005578077 0.01575028 0.008549526 0.008178077 0.008549526 -444.2814 20.2942 -0.0126 0.0126 
1786042119.990 0.01057808 0.01575028 0.008932575 0.008178077 0.008932575 -444.8085 20.2942 -0.0126 0.0126 
1786042120.148 0.01057808 0.01175028 0.008045624 0.01317808 0.008045624 -445.3342 20.2942 -0.0126 0.0126 
1786042120.307 0.01057808 0.01575028 0.008428673 0.008178077 0.008428673 -445.8613 20.2942 -0.0126 0.0126 
1786042120.472 0.005578077 0.01175028 0.007385047 0.008178077 0.007385047 -446.4036 20.2942 -0.0126 0.0126 
1786042120.637 0.005578077 0.01175028 0.01956829 0.008178077 0.01956829 -446.6002 20.2942 0.0126 0.0126 
1786042120.803 0.005578077 0.01175028 0.004371685 0.008178077 0.004371685 -446.4557 20.2942 -0.0126 0.0126 
1786042120.963 0.01057808 0.01175028 0.007851669 0.008178077 0.007851669 -446.4861 20.2942 -0.0126 0.0126 
1786042121.123 0.01057808 0.01175028 0.006751655 0.008178077 0.006751655 -446.5115 20.2942 -0.0126 0.0126 
1786042121.283 0.01057808 0.01175028 0.006754974 0.008178077 0.006754974 -446.5382 20.2942 -0.0126 0.0126 
1786042121.449 0.005578077 0.01175028 0.007194959 0.008178077 0.007194959 -446.5661 20.2942 -0.0126 0.0126 
1786042121.612 0.005578077 0.00775028 0.01391828 0.003178077 0.01391828 -446.5926 20.2942 0.0001 0.0126 
1786042121.778 0.01057808 0.01175028 0.007134975 0.008178077 0.007134975 -446.5621 20.2942 0.0126 0.0126 
1786042121.940 0.005578077 0.01175028 0.01775237 0.008178077 0.01775237 -445.2096 20.2942 0.0126 0.0126 
1786042122.112 0.0005602373 0.04686411 -0.006458642 -0.002039968 -0.008143072 -442.3292 19.6342 0.0126 -0.0126 
1786042122.289 -0.009476279 0.004939975 -0.01083048 -0.01207628 -0.01083048 -439.9213 18.31415 0.0126 -0.0126 
1786042122.466 -0.009513285 -0.003442346 -0.009136965 -0.01211328 -0.009136965 -437.6747 16.9718 0.0126 -0.0126 
1786042122.626 -0.009547825 -0.006845713 -0.009348861 -0.007147825 -0.009348861 -435.7379 15.74172 0.0126 -0.0126 
1786042122.789 -0.009581519 -0.007644366 -0.009141818 -0.01218152 -0.009141818 -433.9968 14.54171 0.0126 -0.0126 
1786042122.954 -0.009616459 -0.01065619 -0.008446441 -0.01221646 -0.008446441 -432.3432 13.30432 0.0126 -0.0126 
1786042123.124 -0.009651791 -0.00675104 -0.007654063 -0.007251791 -0.007654063 -430.8256 12.05938 0.0126 -0.0126 
1786042123.289 -0.009688144 -0.01172921 -0.008307838 -0.01228814 -0.008307838 -429.4222 10.78413 0.0126 -0.0126 
1786042123.462 -0.009724007 -0.006495091 -0.008667084 -0.007324222 -0.008667084 -428.1878 9.524339 0.0126 -0.0126 
1786042123.637 -0.009762376 -0.006461965 -0.008094827 -0.01236238 -0.008094827 -427.0524 8.196928 0.0126 -0.0126 
1786042123.804 -0.009799142 -0.007357895 -0.007254098 -0.007399359 -0.007254098 -426.1164 6.91429 0.0126 -0.0126 
1786042123.965 -0.009834488 -0.002229106 -0.007444865 -0.007434488 -0.007444865 -425.3747 5.699237 0.0126 -0.0126 
1786042124.130 -0.004869691 -0.01088611 -0.007823868 -0.007469691 -0.007108861 -424.7728 4.476772 0.0126 -0.0126 
1786042124.303 -0.009907567 -0.005135871 -0.00720843 -0.007507567 -0.00720843 -424.2914 3.179365 0.0126 -0.0126 
1786042124.468 -0.009943746 -0.007382384 -0.007280674 -0.007543746 -0.007280674 -423.9828 1.934311 0.0126 -0.0126 
1786042124.667 -0.00498497 -0.006261448 -0.007773509 -0.00758497 -0.007773509 -423.8139 0.516724 0.0126 -0.0126 
1786042124.873 -1.00045e-13 -0.0197 9.101872e-05 0.0024 9.101873e-05 -423.8088 -1.137215e-08 0.0126 -0.0126 
1786042125.039 0.01 0.0043 0.01025101 0.0124 0.01025101 -423.819 -1.137215e-08 0.0126 -0.0126 
1786042125.201 0.01 0.0123 0.01025101 0.0124 0.01025101 -423.819 -1.137215e-08 0.0126 -0.0126 
1786042125.366 0.004984947 0.06330578 0.005086359 0.002384947 0.005086359 -423.8268 -0.5176377 -0.0126 -0.0126 
1786042125.527 -0.005051044 0.004927595 -0.004244464 -0.007651044 -0.004244464 -423.9538 -1.755069 -0.0126 -0.0126 
1786042125.686 -0.005085703 0.004333829 -0.008068127 -0.007685703 -0.008068127 -424.2218 -2.947405 -0.0126 -0.0126 
1786042125.843 -0.005120107 -0.004908825 -0.008157694 -0.007720107 -0.008157694 -424.6282 -4.132421 -0.0126 -0.0126 
1786042126.002 -0.01015468 -0.002475483 -0.008212335 -0.007754677 -0.008212335 -425.1743 -5.324977 -0.0126 -0.0126 
1786042126.193 -0.01019222 -0.009327002 -0.007829947 -0.007792215 -0.007829947 -425.9248 -6.622371 -0.0126 -0.0126 
1786042126.371 -0.005233111 -0.006782484 -0.00814452 -0.007833111 -0.00814452 -426.9294 -8.039982 -0.0126 -0.0126 
1786042126.534 -0.005269344 -0.01080327 -0.009242872 -0.007869559 -0.008359165 -427.9911 -9.307525 -0.0126 -0.0126 
1786042126.709 -0.0103063 -0.007861934 -0.009959758 -0.007906304 -0.009959758 -429.2205 -10.58994 -0.0126 -0.0126 
1786042126.875 -0.005342683 -0.004125654 -0.008625076 -0.007942683 -0.008625076 -430.601 -11.86495 -0.0126 -0.0126 
1786042127.037 -0.01037719 -0.005447779 -0.009735554 -0.007977191 -0.009735554 -432.0577 -13.07992 -0.0126 -0.0126 
1786042127.202 -0.005411953 -0.006411456 -0.009565248 -0.008011953 -0.009565248 -433.6757 -14.30991 -0.0126 -0.0126 
1786042127.384 -0.01044884 -0.006135943 -0.009217565 -0.008048837 -0.009217565 -435.5591 -15.62237 -0.0126 -0.0126 
1786042127.569 -0.005487989 -0.004630158 -0.009679452 -0.008087989 -0.009679452 -437.7485 -17.02504 -0.0126 -0.0126 
1786042127.752 -0.005526642 -0.006496672 -0.01042466 -0.008126642 -0.01042466 -440.1069 -18.41993 -0.0126 -0.0126 
1786042127.919 -0.00556033 -0.07246377 0.01162009 -0.00316033 0.0126808 -442.3574 -19.64928 -0.0126 -0.0126 
1786042128.081 0.004438007 -0.0109355 0.009102045 0.01183801 0.009102045 -442.8006 -19.7058 -0.0126 -0.0126 
1786042128.260 0.01443801 0.009064501 0.01028507 0.01183801 0.01028507 -443.3784 -19.7058 -0.0126 -0.0126 
1786042128.457 0.009438007 0.0130645 0.009571386 0.01183801 0.009571386 -444.0211 -19.7058 -0.0126 -0.0126 
1786042128.638 0.01443801 0.0130645 0.009491046 0.01183801 0.009491046 -444.651 -19.7058 -0.0126 -0.0126 
1786042128.860 0.01443801 0.009064501 0.008467333 0.01183801 0.008467333 -445.3533 -19.7058 -0.0126 -0.0126 
1786042129.056 0.009438007 0.009064501 0.01182385 0.01183801 0.01182385 -445.6289 -19.7058 -0.0126 -0.0126 
1786042129.248 0.009438007 0.0130645 0.01905055 0.01183801 0.01905055 -445.5842 -19.7058 0.0126 -0.0126 
1786042129.428 0.009438007 0.009064501 0.006690641 0.01183801 0.006690641 -445.4003 -19.7058 -0.0126 -0.0126 
1786042129.614 0.009438007 0.009064501 0.009543957 0.01183801 0.009543957 -445.4333 -19.7058 -0.0126 -0.0126 
1786042129.795 0.009438007 0.009064501 0.00952394 0.01183801 0.00952394 -445.4638 -19.7058 -0.0126 -0.0126 
1786042129.966 0.009438007 0.0130645 0.008130592 0.006838007 0.008130592 -445.4917 -19.7058 -0.0126 -0.0126 
1786042130.126 0.009438007 0.009064501 0.008133911 0.01183801 0.008133911 -445.5184 -19.7058 -0.0126 -0.0126 
1786042130.320 0.009438007 0.009064501 0.007300588 0.006838007 0.007300588 -445.5245 -19.7058 0.0126 -0.0126 
1786042130.507 0.009438007 0.009064501 0.01534478 0.01183801 0.01534478 -443.9282 -19.7058 0.0126 -0.0126 
1786042130.714 -0.005535832 -0.03938302 -0.01663074 -0.007935832 -0.01663074 -440.6909 -18.75331 0.0126 0.0126 
1786042130.915 -0.01049246 -0.01480011 -0.009750091 -0.00789246 -0.009750091 -438.0112 -17.18583 0.0126 0.0126 
1786042131.115 -0.01045082 -0.0193932 -0.008897174 -0.01285082 -0.008897174 -435.6541 -15.68584 0.0126 0.0126 
1786042131.327 -0.01040739 -0.01760166 -0.009908686 -0.007807182 -0.009908686 -433.4443 -14.14079 0.0126 0.0126 
1786042131.488 -0.01036921 -0.01873223 -0.008751516 -0.007769205 -0.008751516 -431.7082 -12.79839 0.0126 0.0126 
1786042131.645 -0.01033573 -0.01241796 -0.008301433 -0.007735728 -0.008301433 -430.3252 -11.62088 0.0126 0.0126 
1786042131.811 -0.01030104 -0.01408156 -0.007856007 -0.007701036 -0.007856007 -429.0361 -10.40595 0.0126 0.0126 
1786042131.974 -0.01026535 -0.01413466 -0.008584415 -0.01266535 -0.008584415 -427.8601 -9.160823 0.0126 0.0126 
1786042132.143 -0.01022975 -0.01284506 -0.008488132 -0.007629749 -0.008488132 -426.839 -7.923331 0.0126 0.0126 
1786042132.310 -0.01019318 -0.01356475 -0.007829218 -0.007593177 -0.007829218 -425.9462 -6.65547 0.0126 0.0126 
1786042132.475 -0.01015695 -0.01337377 -0.007169112 -0.007556945 -0.007169112 -425.216 -5.403493 0.0126 0.0126 
1786042132.642 -0.01012086 -0.009948248 -0.007289096 -0.007520856 -0.007289096 -424.6394 -4.158476 0.0126 0.0126 
1786042132.815 -0.005083402 -0.01110644 -0.007536272 -0.007483402 -0.007536272 -424.2 -2.868441 0.0126 0.0126 
1786042132.991 -0.01004482 -0.01259812 -0.00705271 -0.007444815 -0.00705271 -423.9168 -1.540953 0.0126 0.0126 
1786042133.151 -0.005009695 -0.01201488 -0.0065657 -0.007409695 -0.006326042 -423.8076 -0.3258824 0.0126 0.0126 
1786042133.312 -0.005 0.0403 -0.00244898 -0.0024 -0.00244898 -423.8063 -1.660063e-08 0.0126 0.0126 
1786042133.499 -0.005 0.0083 0.002631017 -0.0024 0.002631017 -423.8114 -1.660063e-08 0.0126 0.0126 
1786042133.689 -1.00045e-13 0.0083 0.006441015 -0.0024 0.006441015 -423.8152 -1.660063e-08 0.0126 0.0126 
1786042133.870 -1.00045e-13 0.0083 0.006441015 0.0026 0.006441015 -423.8152 -1.660063e-08 0.0126 0.0126 
1786042134.030 -1.00045e-13 0.0083 0.006441015 0.0026 0.006441015 -423.8152 -1.660063e-08 0.0126 0.0126 
1786042134.190 -1.00045e-13 0.0083 0.006441015 0.0026 0.006441015 -423.8152 -1.660063e-08 0.0126 0.0126 
1786042134.359 -1.00045e-13 0.0083 0.006641002 0.0026 0.006641002 -423.8154 -1.660063e-08 -0.0126 0.0126 
1786042134.561 0.01000333 0.01966462 -0.003322466 0.01260333 -0.003322466 -424.0338 0.1146 -0.0126 0.0126 
1786042134.734 0.01500333 0.01566462 0.007390529 0.01260333 0.007390529 -424.6612 0.1146 -0.0126 0.0126 
1786042134.933 0.01500333 0.01566462 0.009373523 0.01760333 0.009373523 -425.2898 0.1146 -0.0126 0.0126 
1786042135.128 0.01000333 0.01566462 0.008503167 0.01260333 0.008503167 -425.949 0.1146 -0.0126 0.0126 
1786042135.315 0.01500333 0.01566462 0.008742816 0.01260333 0.008742816 -426.5992 0.1146 -0.0126 0.0126 
1786042135.480 0.01000333 0.01166462 0.02405933 0.01260333 0.02405933 -426.907 0.1146 0.01015 0.0126 
1786042135.659 0.01000333 0.01566462 0.003819443 0.01260333 0.003819443 -426.6729 0.1146 -0.0126 0.0126 
1786042135.831 0.01000333 0.01166462 0.007339425 0.01260333 0.007339425 -426.7059 0.1146 -0.0126 0.0126 
1786042136.002 0.01500333 0.01566462 0.007882742 0.01260333 0.007882742 -426.7351 0.1146 -0.0126 0.0126 
1786042136.163 0.01500333 0.01566462 0.008489394 0.01260333 0.008489394 -426.763 0.1146 -0.0126 0.0126 
1786042136.323 0.01000333 0.01166462 0.00865938 0.01260333 0.008492713 -426.7897 0.1146 -0.0126 0.0126 
1786042136.482 0.01500333 0.01566462 0.007392699 0.01260333 0.007392699 -426.8151 0.1146 -0.0126 0.0126 
1786042136.644 0.01000333 0.01166462 0.007236044 0.007603333 0.007236044 -426.8187 0.1146 0.0126 0.0126 
1786042136.812 0.01000333 0.01166462 0.01890344 0.007603333 0.01890344 -425.4662 0.1146 0.0126 0.0126 
1786042136.976 0.01000291 0.05346607 -0.02024657 0.006352905 -0.02024657 -423.8215 0.09987692 0.0126 -0.0001 
1786042137.144 0.005 -0.0037 -0.004988979 0.0024 -0.004988979 -423.8037 1.477024e-08 0.0126 -0.0126 
1786042137.313 0.01000126 -0.07582722 -0.001159781 0.01015126 -0.001159781 -423.8077 0.04317077 -0.0108 0.0108 
1786042137.481 -0.009962917 -0.03010536 -0.009595204 -0.0123627 -0.009595204 -423.8789 1.28242 -0.0126 0.0126 
1786042137.653 -0.0149252 -0.01387278 -0.0105985 -0.0123252 -0.0105985 -424.1189 2.572315 -0.0126 0.0126 
1786042137.821 -0.009888823 -0.02088975 -0.01022523 -0.01228882 -0.01022523 -424.5075 3.824962 -0.0126 0.0126 
1786042137.987 -0.01485294 -0.01475715 -0.01073665 -0.01725294 -0.01073665 -425.0435 5.070045 -0.0126 0.0126 
1786042138.147 -0.009817552 -0.01810931 -0.00979599 -0.01221734 -0.00979599 -425.7166 6.292434 -0.0126 0.0126 
1786042138.305 -0.009783116 -0.0175353 -0.01026389 -0.01218312 -0.01026389 -426.5052 7.477471 -0.0126 0.0126 
1786042138.472 -0.009748127 -0.01199454 -0.01084436 -0.01214813 -0.01084436 -427.4539 8.69251 -0.0126 0.0126 
1786042138.638 -0.009711746 -0.0161029 -0.01145023 -0.01211175 -0.01145023 -428.5944 9.95998 -0.0126 0.0126 
1786042138.802 -0.009676577 -0.008920979 -0.01067608 -0.01207658 -0.01067608 -429.8491 11.18997 -0.0126 0.0126 
1786042138.960 -0.01464241 -0.01450575 -0.01131391 -0.01204241 -0.01131391 -431.2106 12.38995 -0.0126 0.0126 
1786042139.117 -0.009609034 -0.01663404 -0.01101832 -0.01200903 -0.01101832 -432.68 13.56743 -0.0126 0.0126 
1786042139.277 -0.009575403 -0.007809049 -0.01148901 -0.0119754 -0.01148901 -434.3005 14.75995 -0.0126 0.0126 
1786042139.439 -0.009541955 -0.01185759 -0.0106649 -0.01194195 -0.0106649 -436.0556 15.95238 -0.0126 0.0126 
1786042139.604 -0.009507247 -0.01266516 -0.01134033 -0.01190725 -0.01134033 -438.0279 17.19743 -0.0126 0.0126 
1786042139.769 -0.009472564 -0.0125635 -0.01128172 -0.01187256 -0.01128172 -440.1577 18.44993 -0.0126 0.0126 
1786042139.928 -0.009439571 -0.01370352 -0.01158198 -0.01183957 -0.01158198 -442.3332 19.64997 -0.0126 0.0126 
1786042140.086 -0.004426863 0.05116107 0.008572308 -0.001826863 0.008572308 -443.3556 20.1146 -0.0126 0.0126 
1786042140.245 0.01557314 0.02316107 0.01101869 0.01317314 0.01101869 -443.8814 20.1146 -0.0126 0.0126 
1786042140.405 0.01557314 0.01916107 0.0107684 0.01817314 0.0107684 -444.4211 20.1146 -0.0126 0.0126 
1786042140.570 0.01557314 0.01916107 0.01099477 0.01817314 0.01099477 -444.9647 20.1146 -0.0126 0.0126 
1786042140.737 0.01557314 0.01916107 0.009634476 0.01317314 0.009634476 -445.5171 20.1146 -0.0126 0.0126 
1786042140.896 0.01057314 0.01516107 0.009384185 0.01317314 0.009384185 -446.0531 20.1146 -0.0126 0.0126 
1786042141.053 0.01057314 0.01516107 0.01496403 0.01317314 0.01496403 -446.3375 20.1146 -0.0126 0.0126 
1786042141.213 0.01057314 0.01516107 0.002187538 0.01317314 0.002187538 -446.0414 20.1146 0.0126 0.0126 
1786042141.371 0.01057314 0.01516107 0.008787507 0.01317314 0.008787507 -446.0734 20.1146 -0.0126 0.0126 
1786042141.529 0.01057314 0.01516107 0.01039416 0.01317314 0.01039416 -446.1013 20.1146 -0.0126 0.0126 
1786042141.696 0.01057314 0.01516107 0.01006414 0.01317314 0.01006414 -446.128 20.1146 -0.0126 0.0126 
1786042141.859 0.01057314 0.01516107 0.009067463 0.01317314 0.009067463 -446.1547 20.1146 -0.0126 0.0126 
1786042142.017 0.01557314 0.01516107 0.009070782 0.01317314 0.009070782 -446.1813 20.1146 -0.0126 0.0126 
1786042142.174 0.01057314 0.01516107 0.009574101 0.01317314 0.009574101 -446.208 20.1146 -0.0126 0.0126 
1786042142.332 0.01057314 0.01116107 0.008640754 0.01317314 0.008640754 -446.2334 20.1146 -0.0126 0.0126 
1786042142.495 0.01057314 0.01116107 0.009987435 0.008173137 0.009987435 -446.2319 20.1146 0.0126 0.0126 
1786042142.653 0.01057314 0.01516107 0.02195147 0.01317314 0.02131481 -444.9213 20.1146 0.0126 0.0126 
1786042142.816 -0.004442048 0.05538157 -0.001772231 -0.002042048 -0.001772231 -442.234 19.55965 0.0126 -0.0126 
1786042142.979 -0.0144763 -0.002759336 -0.01303543 -0.0170763 -0.01303543 -439.9188 18.3147 0.0126 -0.0126 
1786042143.141 -0.01451038 -0.01333198 -0.01084112 -0.01711038 -0.01084112 -437.8436 17.08472 0.0126 -0.0126 
1786042143.311 -0.01454469 -0.01281184 -0.01169627 -0.01214469 -0.01169627 -435.9056 15.85448 0.0126 -0.0126 
1786042143.477 -0.01458048 -0.0103053 -0.01062042 -0.01218048 -0.01062042 -434.0476 14.57957 0.0126 -0.0126 
1786042143.646 -0.009615623 -0.01829968 -0.009975572 -0.01221562 -0.009975572 -432.3801 13.33456 0.0126 -0.0126 
1786042143.827 -0.01465415 -0.01239677 -0.01002628 -0.01725415 -0.01002628 -430.7278 11.97702 0.0126 -0.0126 
1786042143.989 -0.01468965 -0.01063244 -0.009665353 -0.01228987 -0.009665353 -429.3587 10.72467 0.0126 -0.0126 
1786042144.147 -0.01472358 -0.01148538 -0.01041067 -0.0123238 -0.009852924 -428.2005 9.539711 0.0126 -0.0126 
1786042144.308 -0.009758062 -0.010376 -0.009982746 -0.01235828 -0.009017002 -427.1654 8.339662 0.0126 -0.0126 
1786042144.478 -0.01479416 -0.01559587 -0.009873172 -0.01239438 -0.009873172 -426.2307 7.087114 0.0126 -0.0126 
1786042144.642 -0.00983058 -0.008581976 -0.007994828 -0.01243058 -0.007994828 -425.4497 5.834753 0.0126 -0.0126 
1786042144.801 -0.009865338 -0.01016193 -0.008138688 -0.007465338 -0.008138688 -424.8413 4.634694 0.0126 -0.0126 
1786042144.960 -0.009899938 -0.006050569 -0.008969407 -0.007499938 -0.008969407 -424.374 3.442226 0.0126 -0.0126 
1786042145.119 -0.009934582 -0.01366122 -0.008996275 -0.01253458 -0.008996275 -424.045 2.24964 0.0126 -0.0126 
1786042145.279 -0.009969253 -0.007859899 -0.008361761 -0.007569253 -0.008361761 -423.8545 1.057113 0.0126 -0.0126 
1786042145.444 -0.00999998 -0.1474578 -0.007529003 -0.00759998 -0.007529003 -423.8012 0.0006667973 0.0126 -0.0126 
1786042145.606 0.005 -0.0077 0.005171016 0.0074 0.005171016 -423.8139 -1.137215e-08 0.0126 -0.0126 
1786042145.763 0.01 0.0083 0.01025101 0.0124 0.01025101 -423.819 -1.137215e-08 0.0126 -0.0126 
1786042145.934 -2.465068e-05 0.03623339 -0.0002396451 -0.002624651 -0.0002396451 -423.8433 -0.8472989 -0.0126 -0.0126 
1786042146.093 -0.01005976 0.001965701 -0.008836167 -0.007659762 -0.008836167 -424.0046 -2.054926 -0.0126 -0.0126 
1786042146.253 -0.01009441 -0.004566028 -0.009195458 -0.01269441 -0.009195458 -424.3107 -3.247375 -0.0126 -0.0126 
1786042146.415 -0.01012945 -0.01182988 -0.01016004 -0.01272945 -0.01016004 -424.7603 -4.455007 -0.0126 -0.0126 
1786042146.574 -0.01016444 -0.006074425 -0.009822624 -0.01276444 -0.009822624 -425.3521 -5.662461 -0.0126 -0.0126 
1786042146.732 -0.01019849 -0.01173444 -0.009618615 -0.01279849 -0.009618615 -426.0645 -6.839908 -0.0126 -0.0126 
1786042146.899 -0.01023396 -0.008621384 -0.008436819 -0.00783396 -0.008436819 -426.9523 -8.069818 -0.0126 -0.0126 
1786042147.064 -0.005270188 -0.009639063 -0.009280464 -0.01287019 -0.009280464 -428.0102 -9.329915 -0.0126 -0.0126 
1786042147.224 -0.01030457 -0.007282984 -0.009486863 -0.01290457 -0.009486863 -429.1595 -10.52995 -0.0126 -0.0126 
1786042147.388 -0.005339458 -0.008062859 -0.008561916 -0.007939458 -0.008561916 -430.4727 -11.75256 -0.0126 -0.0126 
1786042147.548 -0.005373766 -0.01156058 -0.0101494 -0.007973766 -0.0101494 -431.9065 -12.95985 -0.0126 -0.0126 
1786042147.713 -0.01040854 -0.005576181 -0.00993799 -0.008008544 -0.00993799 -433.5106 -14.19001 -0.0126 -0.0126 
1786042147.885 -0.005444184 -0.01074318 -0.009270653 -0.008044184 -0.009270653 -435.3127 -15.45732 -0.0126 -0.0126 
1786042148.049 -0.0104794 -0.009327359 -0.009583835 -0.008079399 -0.009583835 -437.252 -16.71784 -0.0126 -0.0126 
1786042148.211 -0.01051293 -0.009642963 -0.01027621 -0.008112928 -0.01027621 -439.2484 -17.92499 -0.0126 -0.0126 
1786042148.376 -0.005546642 -0.006743868 -0.01023369 -0.008146642 -0.01023369 -441.4074 -19.14741 -0.0126 -0.0126 
1786042148.542 -0.005566872 -0.07104421 0.0111135 -0.008166872 0.0111135 -442.8374 -19.8854 -0.0126 -0.0126 
1786042148.709 0.009433128 0.0009557927 0.009616535 0.01183313 0.009616535 -443.3911 -19.8854 -0.0126 -0.0126 
1786042148.871 0.009433128 0.008955793 0.008572909 0.01183313 0.008572909 -443.9334 -19.8854 -0.0126 -0.0126 
1786042149.032 0.009433128 0.008955793 0.009115952 0.01183313 0.009115952 -444.4706 -19.8854 -0.0126 -0.0126 
1786042149.191 0.009433128 0.008955793 0.007912332 0.006833128 0.007912332 -445.0028 -19.8854 -0.0126 -0.0126 
1786042149.374 0.009433128 0.008955793 0.008775364 0.01183313 0.007982029 -445.5667 -19.8854 -0.0126 -0.0126 
1786042149.552 0.004433128 0.008955793 0.02425182 0.006833128 0.02425182 -445.9719 -19.8854 0.0028 -0.0126 
1786042149.716 0.009433128 0.008955793 0.003561941 0.006833128 0.003561941 -445.7267 -19.8854 -0.0126 -0.0126 
1786042149.876 0.004433128 0.008955793 0.00847859 0.006833128 0.00847859 -445.7584 -19.8854 -0.0126 -0.0126 
1786042150.046 0.009433128 0.008955793 0.008315242 0.01183313 0.008315242 -445.7851 -19.8854 -0.0126 -0.0126 
1786042150.226 0.009433128 0.008955793 0.007961893 0.01183313 0.007961893 -445.8156 -19.8854 -0.0126 -0.0126 
1786042150.393 0.009433128 0.008955793 0.007901878 0.006833128 0.007901878 -445.8435 -19.8854 -0.0126 -0.0126 
1786042150.554 0.004433128 0.008955793 0.01898521 0.01183313 0.01898521 -445.8589 -19.8854 0.00415 -0.0126 
1786042150.719 0.004433128 0.004955793 0.01666268 0.006833128 0.01666268 -444.3866 -19.8854 0.0126 -0.0126 
1786042150.884 -0.0005485762 -0.05736689 -0.00787884 0.002051424 -0.00787884 -441.5571 -19.21797 0.0126 0.0126 
1786042151.049 -0.01051405 -0.01212773 -0.009775839 -0.01291405 -0.009775839 -439.3181 -17.96547 0.0126 0.0126 
1786042151.216 -0.0104799 -0.01809505 -0.009192825 -0.007879897 -0.009192825 -437.281 -16.72791 0.0126 0.0126 
1786042151.377 -0.01044574 -0.01429984 -0.009379307 -0.007845527 -0.009379307 -435.3836 -15.50542 0.0126 0.0126 
1786042151.544 -0.01041116 -0.01333962 -0.008786024 -0.007811163 -0.008786024 -433.6386 -14.28273 0.0126 0.0126 
1786042151.715 -0.01037555 -0.01507717 -0.0088927 -0.01277555 -0.0088927 -431.9864 -13.02284 0.0126 0.0126 
1786042151.881 -0.01033869 -0.01146236 -0.008612402 -0.007738686 -0.008612402 -430.442 -11.72548 0.0126 0.0126 
1786042152.053 -0.01030272 -0.01214774 -0.009071848 -0.007702722 -0.009071848 -429.0946 -10.46535 0.0126 0.0126 
1786042152.233 -0.01026446 -0.01211628 -0.008151655 -0.007664242 -0.007892917 -427.8271 -9.122944 0.0126 0.0126 
1786042152.409 -0.01022627 -0.01422474 -0.00822937 -0.007626265 -0.00822937 -426.7476 -7.802862 0.0126 0.0126 
1786042152.573 -0.0101899 -0.01096518 -0.00800113 -0.007589903 -0.00800113 -425.8738 -6.542856 0.0126 0.0126 
1786042152.737 -0.01015432 -0.01129823 -0.008443085 -0.01255432 -0.008443085 -425.1677 -5.312936 0.0126 0.0126 
1786042152.904 -0.01011844 -0.01077238 -0.00719334 -0.007518443 -0.00719334 -424.6064 -4.075461 0.0126 0.0126 
1786042153.068 -0.005082513 -0.006412307 -0.007204491 -0.007482296 -0.007204491 -424.1898 -2.830404 0.0126 0.0126 
1786042153.239 -0.005045891 -0.01112186 -0.00757385 -0.007445891 -0.00757385 -423.9219 -1.577884 0.0126 0.0126 
1786042153.410 -0.01000837 -0.008339829 -0.006468132 -0.007408374 -0.006468132 -423.8063 -0.2805504 0.0126 0.0126 
1786042153.586 -1.00045e-13 0.0283 -0.001178981 0.0026 -0.001178981 -423.8076 9.541763e-09 0.0126 0.0126 
1786042153.764 0.01 0.0123 0.006441015 0.0026 0.006441015 -423.8152 9.541763e-09 0.0126 0.0126 
1786042153.936 0.005 0.0083 0.007711015 0.0076 0.007711015 -423.8164 9.541763e-09 0.0126 0.0126 
1786042154.109 0.01 0.0083 0.007711015 0.0076 0.007711015 -423.8164 9.541763e-09 0.0126 0.0126 
1786042154.281 0.005 0.0083 0.007711015 0.0076 0.007711015 -423.8164 9.541763e-09 0.0126 0.0126 
1786042154.451 0.009999038 0.07999146 0.003006927 0.006448944 0.003006927 -423.8118 -0.03628411 -0.0094 -0.0094 
1786042154.625 0.009991806 -0.006721594 -0.004470416 0.007391806 -0.004470416 -424.0592 -0.282 -0.0126 -0.0126 
1786042154.789 0.004991806 0.005278406 -0.0001140554 0.007391806 -0.0001140554 -424.6269 -0.282 -0.0126 -0.0126 
1786042154.954 0.004991806 0.009278406 0.00566898 0.007391806 0.00566898 -425.1794 -0.282 -0.0126 -0.0126 
1786042155.143 0.009991806 0.009278406 0.00653865 0.007391806 0.00653865 -425.7902 -0.282 -0.0126 -0.0126 
1786042155.355 0.009991806 0.009278406 0.007101607 0.007391806 0.007101607 -426.4875 -0.282 -0.0126 -0.0126 
1786042155.520 0.009991806 0.009278406 0.01731134 0.007391806 0.01731134 -426.9866 -0.282 -0.0126 -0.0126 
1786042155.679 0.009991806 0.009278406 -0.004175171 0.007391806 -0.004175171 -426.7159 -0.282 0.0094 -0.0126 
1786042155.848 0.009991806 0.009278406 0.002558131 0.007391806 0.002558131 -426.7503 -0.282 -0.0126 -0.0126 
1786042156.016 0.004991806 0.009278406 0.005974781 0.007391806 0.005974781 -426.7821 -0.282 -0.0126 -0.0126 
1786042156.179 0.009991806 0.009278406 0.006581432 0.007391806 0.006581432 -426.81 -0.282 -0.0126 -0.0126 
1786042156.338 0.004991806 0.005278406 0.006751418 0.007391806 0.006751418 -426.8367 -0.282 -0.0126 -0.0126 
1786042156.497 0.004991806 0.005278406 0.005651404 0.007391806 0.005651404 -426.8621 -0.282 -0.0126 -0.0126 
1786042156.658 0.004991806 0.005278406 0.005254747 0.007391806 0.005254747 -426.8695 -0.282 0.0126 -0.0126 
1786042156.823 0.004991806 0.009278406 0.02416197 0.007391806 0.02416197 -425.8307 -0.282 0.0126 -0.0126 
1786042156.986 0.004991946 -0.0165737 -0.01818179 0.01239198 -0.01818179 -423.9358 -0.2759116 0.0126 -0.00655 
1786042157.155 0.005 0.0243 -0.006258978 0.0026 -0.006258978 -423.8025 -1.660063e-08 0.0126 0.0126 
1786042157.325 0.005002232 -0.1131014 -0.00130265 0.007602374 -0.00130265 -423.8078 0.08164544 -0.0126 0.0126 
1786042157.491 -0.004962955 -0.02684483 -0.009513462 -0.007362737 -0.009513462 -423.8789 1.282517 -0.0126 0.0126 
1786042157.663 -0.009925928 -0.01048623 -0.009769739 -0.01232593 -0.009769739 -424.1138 2.549993 -0.0126 0.0126 
1786042157.863 -0.009883936 -0.01419699 -0.009491309 -0.007283502 -0.009866485 -424.5837 4.027426 -0.0126 0.0126 
1786042158.047 -0.009843104 -0.01258363 -0.008894267 -0.007243104 -0.008894267 -425.2149 5.40758 -0.0126 0.0126 
1786042158.222 -0.009803665 -0.01284671 -0.009891791 -0.01220367 -0.009891791 -426.0176 6.772736 -0.0126 0.0126 
1786042158.388 -0.009767359 -0.01091333 -0.009077954 -0.007167143 -0.008546687 -426.9256 8.039771 -0.0126 0.0126 
1786042158.554 -0.00973181 -0.01226228 -0.009573691 -0.01213181 -0.009573691 -427.9518 9.269971 -0.0126 0.0126 
1786042158.724 -0.004695957 -0.01156409 -0.009088009 -0.007095957 -0.009088009 -429.1468 10.52233 -0.0126 0.0126 
1786042158.886 -0.00466025 -0.007118091 -0.00939879 -0.00706025 -0.00939879 -430.4905 11.77494 -0.0126 0.0126 
1786042159.044 -0.009626404 -0.01522096 -0.009904753 -0.0120264 -0.009904753 -431.9078 12.96745 -0.0126 0.0126 
1786042159.203 -0.00459272 -0.004416666 -0.0100117 -0.00699272 -0.0100117 -433.4598 14.15989 -0.0126 0.0126 
1786042159.365 -0.004559423 -0.00778118 -0.009460275 -0.006959423 -0.009460275 -435.1349 15.34502 -0.0126 0.0126 
1786042159.529 -0.00952506 -0.01053672 -0.01055376 -0.00692506 -0.01055376 -437.0107 16.57491 -0.0126 0.0126 
1786042159.695 -0.004489879 -0.009612049 -0.01005063 -0.006889879 -0.01005063 -439.0922 17.84263 -0.0126 0.0126 
1786042159.857 -0.009456389 -0.005669312 -0.009067921 -0.01185639 -0.009067921 -441.2271 19.05748 -0.0126 0.0126 
1786042160.018 -0.004438285 0.06870193 0.01055325 -0.001838285 0.01055325 -442.5085 19.718 -0.0126 0.0126 
1786042160.178 0.01056171 0.02070193 0.009456301 0.01316171 0.009456301 -443.0368 19.718 -0.0126 0.0126 
1786042160.347 0.01556171 0.01670193 0.008732664 0.01316171 0.008732664 -443.5994 19.718 -0.0126 0.0126 
1786042160.528 0.01556171 0.01670193 0.009599015 0.01316171 0.009599015 -444.1836 19.718 -0.0126 0.0126 
1786042160.695 0.01056171 0.01670193 0.009035373 0.01316171 0.009035373 -444.7602 19.718 -0.0126 0.0126 
1786042160.860 0.01056171 0.01270193 0.008945076 0.008161715 0.008945076 -445.3063 19.718 -0.0126 0.0126 
1786042161.031 0.01556171 0.01670193 0.02317826 0.01316171 0.02317826 -445.6107 19.718 0.01255 0.0126 
1786042161.196 0.01056171 0.01270193 0.006791668 0.01316171 0.006791668 -445.4447 19.718 -0.0126 0.0126 
1786042161.361 0.01056171 0.01270193 0.009604985 0.008161715 0.009604985 -445.4752 19.718 -0.0126 0.0126 
1786042161.520 0.01056171 0.01270193 0.009608303 0.01316171 0.009608303 -445.5019 19.718 -0.0126 0.0126 
1786042161.686 0.01056171 0.01270193 0.008778289 0.008161715 0.008778289 -445.5286 19.718 -0.0126 0.0126 
1786042161.855 0.01056171 0.01270193 0.008718274 0.01316171 0.008718274 -445.5565 19.718 -0.0126 0.0126 
1786042162.018 0.01056171 0.01270193 0.009158259 0.008161715 0.009158259 -445.5844 19.718 -0.0126 0.0126 
1786042162.185 0.01056171 0.01270193 0.008171607 0.008161715 0.008171607 -445.583 19.718 0.0126 0.0126 
1786042162.348 0.01056171 0.01270193 0.02086232 0.01316171 0.02086232 -444.2584 19.718 0.0126 0.0126 
1786042162.518 0.000546713 0.05779988 0.0004539504 0.002946713 0.0004539504 -441.505 19.17057 0.0126 -0.0126 
1786042162.690 -0.00948945 0.004510146 -0.01121795 -0.00708945 -0.01121795 -439.1174 17.85799 0.0126 -0.0126 
1786042162.856 -0.00952442 -0.008866176 -0.009090382 -0.00712442 -0.009090382 -437.0486 16.59802 0.0126 -0.0126 
1786042163.017 -0.009558148 -0.007259137 -0.00926788 -0.01215815 -0.00926788 -435.202 15.3906 0.0126 -0.0126 
1786042163.178 -0.009592072 -0.008172808 -0.008441333 -0.01219207 -0.008441333 -433.4926 14.18303 0.0126 -0.0126 
1786042163.345 -0.00962724 -0.01167365 -0.008968883 -0.01222724 -0.008968883 -431.8721 12.93805 0.0126 -0.0126 
1786042163.511 -0.009662583 -0.005561492 -0.008492619 -0.007262583 -0.008492619 -430.3989 11.69308 0.0126 -0.0126 
1786042163.677 -0.009697872 -0.009954704 -0.008908864 -0.007297872 -0.008908864 -429.0793 10.45543 0.0126 -0.0126 
1786042163.838 -0.009732871 -0.009598372 -0.007242302 -0.007332871 -0.007242302 -427.9211 9.233144 0.0126 -0.0126 
1786042164.000 -0.00476756 -0.01123232 -0.008203688 -0.01236778 -0.008203688 -426.9089 8.018085 0.0126 -0.0126 
1786042164.161 -0.009802353 -0.007579327 -0.008360283 -0.01240257 -0.008360283 -426.044 6.810614 0.0126 -0.0126 
1786042164.329 -0.009838317 -0.006827226 -0.007839572 -0.007438534 -0.007839572 -425.2998 5.565719 0.0126 -0.0126 
1786042164.497 -0.009875228 -0.009479411 -0.007656256 -0.007475228 -0.007656256 -424.6953 4.29805 0.0126 -0.0126 
1786042164.657 -0.004910241 -0.006396136 -0.007695639 -0.007510241 -0.007695639 -424.2635 3.090542 0.0126 -0.0126 
1786042164.818 -0.004945294 -0.007699226 -0.007779828 -0.007545294 -0.007779828 -423.9727 1.883079 0.0126 -0.0126 
1786042164.979 -0.009980372 -0.008362016 -0.008037951 -0.01258037 -0.008037951 -423.8228 0.6753927 0.0126 -0.0126 
1786042165.143 -0.005 -0.0677 -0.004988979 -0.0076 -0.004988979 -423.8037 1.477024e-08 0.0126 -0.0126 
1786042165.317 0.009998291 0.09875465 0.008193132 0.01239829 0.008193132 -423.8171 -0.05884781 -0.0124 -0.0126 
1786042165.490 -3.835263e-05 0.01311239 -0.001231001 -0.002638571 -0.001231001 -423.8928 -1.33534 -0.0126 -0.0126 
1786042165.658 -0.005076249 0.002881179 -0.00823999 -0.007676249 -0.00823999 -424.1341 -2.624894 -0.0126 -0.0126 
1786042165.859 -0.005118455 -0.002982501 -0.00840764 -0.007718672 -0.00840764 -424.6091 -4.08743 -0.0126 -0.0126 
1786042166.043 -0.005159282 -0.007043878 -0.007918766 -0.007759499 -0.008093535 -425.2632 -5.497414 -0.0126 -0.0126 
1786042166.210 -0.005196118 -0.01188512 -0.008796129 -0.007796118 -0.008796129 -426.0188 -6.772475 -0.0126 -0.0126 
1786042166.394 -0.005235662 -0.007571486 -0.008481099 -0.007835662 -0.008481099 -427.0018 -8.137632 -0.0126 -0.0126 
1786042166.566 -0.01027249 -0.01374699 -0.008854158 -0.007872491 -0.008854158 -428.1016 -9.434617 -0.0126 -0.0126 
1786042166.730 -0.005308327 -0.009596056 -0.008510565 -0.007908327 -0.008510565 -429.3005 -10.67255 -0.0126 -0.0126 
1786042166.902 -0.005344655 -0.003417935 -0.008045443 -0.007944655 -0.008045443 -430.6975 -11.95478 -0.0126 -0.0126 
1786042167.076 -0.005380601 -0.006353362 -0.008591346 -0.007980601 -0.008591346 -432.2202 -13.21502 -0.0126 -0.0126 
1786042167.248 -0.005417204 -0.00338067 -0.009530262 -0.003017415 -0.009530262 -433.9551 -14.51991 -0.0126 -0.0126 
1786042167.442 -0.005458623 -0.009146202 -0.008371486 -0.003058623 -0.008371486 -436.1026 -15.99004 -0.0126 -0.0126 
1786042167.608 -0.005493913 -0.005173826 -0.009008095 -0.008093913 -0.009008095 -438.1143 -17.25744 -0.0126 -0.0126 
1786042167.770 -0.005527722 -0.008711628 -0.00963651 -0.008127929 -0.00963651 -440.2085 -18.48745 -0.0126 -0.0126 
1786042167.932 -0.005560675 -0.003455186 -0.009285624 -0.00316088 -0.009285624 -442.3866 -19.68757 -0.0126 -0.0126 
1786042168.099 -0.005577115 -0.05090461 0.008227706 -0.003177115 0.008227706 -443.6261 -20.282 -0.0126 -0.0126 
1786042168.265 0.009422885 -0.002904613 0.01020074 0.01182289 0.01020074 -444.1773 -20.282 -0.0126 -0.0126 
1786042168.435 0.009422885 0.009095387 0.009793776 0.01182289 0.009793776 -444.731 -20.282 -0.0126 -0.0126 
1786042168.603 0.009422885 0.009095387 0.008913463 0.01182289 0.008913463 -445.3101 -20.282 -0.0126 -0.0126 
1786042168.768 0.009422885 0.009095387 0.009933171 0.01182289 0.009139836 -445.8537 -20.282 -0.0126 -0.0126 
1786042168.952 0.009422885 0.009095387 0.009372847 0.01182289 0.009056177 -446.4569 -20.282 -0.0126 -0.0126 
1786042169.120 0.009422885 0.01309539 0.02171608 0.01182289 0.02171608 -446.6574 -20.282 0.0126 -0.0126 
1786042169.286 0.009422885 0.01309539 0.007732818 0.01182289 0.007732818 -446.5052 -20.282 -0.0126 -0.0126 
1786042169.450 0.009422885 0.009095387 0.009442802 0.01182289 0.009442802 -446.5344 -20.282 -0.0126 -0.0126 
1786042169.615 0.009422885 0.009095387 0.01021612 0.01182289 0.01021612 -446.5623 -20.282 -0.0126 -0.0126 
1786042169.780 0.009422885 0.009095387 0.009219439 0.01182289 0.009219439 -446.589 -20.282 -0.0126 -0.0126 
1786042169.943 0.009422885 0.01309539 0.008722758 0.01182289 0.008722758 -446.6157 -20.282 -0.0126 -0.0126 
1786042170.106 0.009422885 0.009095387 0.009398854 0.006822885 0.009398854 -446.6436 -20.282 -0.0126 -0.0126 
1786042170.287 0.009422885 0.009095387 0.02527954 0.006822885 0.02527954 -446.4212 -20.282 0.0126 -0.0126 
1786042170.460 0.009423287 -0.03155933 0.02031244 0.01307329 0.02031244 -444.2368 -20.26734 0.0126 0.0001 
1786042170.626 -0.000545519 -0.02457514 -0.01384008 -0.002945313 -0.01384008 -441.3348 -19.11921 0.0126 0.0126 
1786042170.792 -0.01051101 -0.01275774 -0.01010074 -0.01291101 -0.01010074 -439.1466 -17.87462 0.0126 0.0126 
1786042170.960 -0.01047625 -0.0149013 -0.009063566 -0.01287625 -0.009063566 -437.0867 -16.62188 0.0126 0.0126 
1786042171.129 -0.01044084 -0.01277837 -0.008376101 -0.007840844 -0.008376101 -435.1499 -15.34689 0.0126 0.0126 
1786042171.299 -0.005405223 -0.0118575 -0.009147144 -0.007805223 -0.009147144 -433.3618 -14.08675 0.0126 0.0126 
1786042171.466 -0.005369829 -0.01564298 -0.007872196 -0.007769829 -0.007872196 -431.7451 -12.83454 0.0126 0.0126 
1786042171.639 -0.0103334 -0.008286617 -0.008329641 -0.007733404 -0.008329641 -430.2414 -11.55202 0.0126 0.0126 
1786042171.802 -0.01029724 -0.01492427 -0.008268505 -0.007697241 -0.008268505 -428.9091 -10.2847 0.0126 0.0126 
1786042171.966 -0.01026222 -0.01071258 -0.007506637 -0.007662223 -0.007506637 -427.77 -9.06208 0.0126 0.0126 
1786042172.129 -0.01022709 -0.01329953 -0.007448492 -0.007627087 -0.007448492 -426.773 -7.839636 0.0126 0.0126 
1786042172.318 -0.005187517 -0.008005719 -0.008081709 -0.0075873 -0.008081709 -425.8192 -6.45944 0.0126 0.0126 
1786042172.479 -0.01015088 -0.01218915 -0.007809292 -0.007550878 -0.007809292 -425.1093 -5.199643 0.0126 0.0126 
1786042172.641 -0.005115904 -0.01165161 -0.008100876 -0.007515904 -0.008100876 -424.5721 -3.992115 0.0126 0.0126 
1786042172.799 -0.01008131 -0.009800354 -0.00727486 -0.007481314 -0.00727486 -424.1809 -2.799554 0.0126 0.0126 
1786042172.961 -0.005046472 -0.01228179 -0.006963489 -0.007446472 -0.006963489 -423.9257 -1.599564 0.0126 0.0126 
1786042173.127 -0.005010301 -0.00838247 -0.005995995 -0.002410301 -0.005995995 -423.8088 -0.35455 0.0126 0.0126 
1786042173.295 -0.005 0.0403 -0.00244898 -0.0024 -0.00244898 -423.8063 1.477024e-08 0.0126 0.0126 
1786042173.456 -1.00045e-13 0.0083 0.002631017 0.0026 0.002631017 -423.8114 1.477024e-08 0.0126 0.0126 
1786042173.627 -1.00045e-13 0.0043 0.006441015 0.0026 0.006441015 -423.8152 1.477024e-08 0.0126 0.0126 
1786042173.799 -1.00045e-13 0.0043 0.006441015 0.0026 0.006441015 -423.8152 1.477024e-08 0.0126 0.0126 
1786042173.962 -1.00045e-13 0.0083 0.006441015 0.0026 0.006441015 -423.8152 1.477024e-08 0.0126 0.0126 
1786042174.122 0.005 0.0083 0.006441015 0.0026 0.006441015 -423.8152 1.477024e-08 0.0126 0.0126 
1786042174.288 0.005 0.0083 0.006441015 0.0026 0.006441015 -423.8152 1.477024e-08 0.0126 0.0126 
1786042174.459 0.0100026 0.01551402 -0.005305775 0.007602601 -0.005305775 -423.9449 0.08919998 -0.0126 0.0126 
1786042174.645 0.0100026 0.01551402 0.00413722 0.0126026 0.00413722 -424.571 0.08919998 -0.0126 0.0126 
1786042174.808 0.0150026 0.01551402 0.00849358 0.0126026 0.00849358 -425.1387 0.08919998 -0.0126 0.0126 
1786042174.965 0.0150026 0.01151402 0.008876629 0.0126026 0.008876629 -425.6658 0.08919998 -0.0126 0.0126 
1786042175.127 0.0100026 0.01551402 0.007673008 0.0126026 0.007673008 -426.1979 0.08919998 -0.0126 0.0126 
1786042175.294 0.0150026 0.01551402 0.007899382 0.0126026 0.008376046 -426.7453 0.08919998 -0.0126 0.0126 
1786042175.455 0.0100026 0.01151402 0.01688937 0.0126026 0.01688937 -426.7882 0.08919998 0.0126 0.0126 
1786042175.624 0.0100026 0.01151402 0.005539408 0.0126026 0.005539408 -426.6932 0.08919998 -0.0126 0.0126 
1786042175.792 0.0100026 0.01151402 0.008186058 0.0126026 0.008186058 -426.7237 0.08919998 -0.0126 0.0126 
1786042175.955 0.0100026 0.01551402 0.008292709 0.0126026 0.008126043 -426.7516 0.08919998 -0.0126 0.0126 
1786042176.189 0.0100026 0.01151402 0.008519357 0.007602601 0.008519357 -426.7872 0.08919998 -0.0126 0.0126 
1786042176.366 0.0100026 0.01151402 0.007936006 0.007602601 0.007936006 -426.8189 0.08919998 -0.0126 0.0126 
1786042176.557 0.0100026 0.01151402 0.01184269 0.007602601 0.01184269 -426.8213 0.08919998 0.0126 0.0126 
1786042176.719 0.0100026 0.01151402 0.01649017 0.007602601 0.01649017 -425.3087 0.08919998 0.0126 0.0126 
1786042176.889 0.01000124 0.09198333 -0.0226927 0.009201237 -0.0226927 -423.791 0.042429 0.0126 -0.01135 
1786042177.052 0.005 0.0003 -0.004988979 0.0074 -0.004988979 -423.8037 -1.660063e-08 0.0126 -0.0126 
1786042177.229 0.005 0.0003 -0.001178981 0.0024 -0.001178981 -423.8076 -1.660063e-08 0.0126 -0.0126 
1786042177.405 0.005004045 -0.1361683 0.001895344 0.002604045 0.001895344 -423.8116 0.1382248 -0.0126 0.0126 
1786042177.581 -0.009956701 -0.02526154 -0.009091783 -0.0123567 -0.009091783 -423.9068 1.48492 -0.0126 0.0126 
1786042177.753 -0.009919328 -0.0148885 -0.009931373 -0.007319328 -0.009931373 -424.171 2.767291 -0.0126 0.0126 
1786042177.923 -0.009881778 -0.01446186 -0.009581707 -0.007281778 -0.009581707 -424.599 4.05746 -0.0126 0.0126 
1786042178.104 -0.009842546 -0.01128061 -0.01012297 -0.007242546 -0.01012297 -425.2187 5.407415 -0.0126 0.0126 
1786042178.282 -0.009804487 -0.01748044 -0.009924702 -0.01220427 -0.009924702 -425.996 6.727516 -0.0126 0.0126 
1786042178.472 -0.009764581 -0.013333 -0.01070597 -0.01216458 -0.01070597 -426.9815 8.099801 -0.0126 0.0126 
1786042178.668 -0.009722224 -0.01210645 -0.01012823 -0.01212201 -0.01012823 -428.2464 9.577339 -0.0126 0.0126 
1786042178.865 -0.009677689 -0.008489139 -0.01040983 -0.01207769 -0.01040983 -429.792 11.12266 -0.0126 0.0126 
1786042179.057 -0.009636806 -0.01267906 -0.01010863 -0.01203681 -0.01010863 -431.429 12.55476 -0.0126 0.0126 
1786042179.223 -0.009601032 -0.008936992 -0.01051416 -0.01200103 -0.01051416 -433.0292 13.81483 -0.0126 0.0126 
1786042179.398 -0.009565452 -0.01234662 -0.00963984 -0.006965452 -0.00963984 -434.7806 15.08238 -0.0126 0.0126 
1786042179.579 -0.009525885 -0.009046251 -0.009393437 -0.006925675 -0.009393437 -436.9281 16.49264 -0.0126 0.0126 
1786042179.747 -0.004490978 -0.007700612 -0.01029881 -0.00689077 -0.01032696 -438.9804 17.74495 -0.0126 0.0126 
1786042179.910 -0.009456935 -0.00945408 -0.0107005 -0.006856935 -0.0107005 -441.1242 18.96741 -0.0126 0.0126 
1786042180.101 -0.004426107 0.130857 0.03722019 -0.006826107 0.03722019 -443.2603 20.0892 -0.0126 0.0126 
1786042180.297 0.01057389 0.02285699 0.009679893 0.01317389 0.009679893 -443.8039 20.0892 -0.0126 0.0126 
1786042180.490 0.01557389 0.01885699 0.009439558 0.01317389 0.009439558 -444.4237 20.0892 -0.0126 0.0126 
1786042180.704 0.01057389 0.01485699 0.008889191 0.01317389 0.008889191 -445.1031 20.0892 -0.0126 0.0126 
1786042180.880 0.01057389 0.01485699 0.00912884 0.01317389 0.00912884 -445.7533 20.0892 -0.0126 0.0126 
1786042181.060 0.01057389 0.01485699 0.008248527 0.01317389 0.008248527 -446.3325 20.0892 -0.0126 0.0126 
1786042181.254 0.005573893 0.01085699 -0.001034686 0.008173893 -0.001034686 -446.1354 20.0892 0.0126 0.0126 
1786042181.428 0.01057389 0.01085699 0.005001949 0.008173893 0.005001949 -446.1686 20.0892 -0.0126 0.0126 
1786042181.591 0.005573893 0.01085699 0.007045267 0.008173893 0.007045267 -446.1978 20.0892 -0.0126 0.0126 
1786042181.758 0.005573893 0.01085699 0.007151918 0.008173893 0.007151918 -446.2258 20.0892 -0.0126 0.0126 
1786042181.930 0.01057389 0.01085699 0.006925237 0.008173893 0.006925237 -446.2537 20.0892 -0.0126 0.0126 
1786042182.100 0.005573893 0.01085699 0.007468554 0.008173893 0.007468554 -446.2829 20.0892 -0.0126 0.0126 
1786042182.272 0.005573893 0.006856988 0.006111896 0.008173893 0.006111896 -446.2929 20.0892 0.0126 0.0126 
1786042182.445 0.01057389 0.01085699 0.02054923 0.008173893 0.02054923 -445.0496 20.0892 0.0126 0.0126 
1786042182.615 0.0005584602 0.05825221 -0.002251289 0.002958254 -0.001441369 -442.201 19.51923 0.0126 -0.0126 
1786042182.784 -0.009477133 0.00396763 -0.009246559 -0.007077133 -0.009246559 -439.8273 18.23675 0.0126 -0.0126 
1786042182.957 -0.009512363 -0.003607963 -0.008578721 -0.007112572 -0.008578721 -437.681 16.96164 0.0126 -0.0126 
1786042183.117 -0.0095472 -0.006140391 -0.008571734 -0.0071472 -0.008571734 -435.7417 15.72425 0.0126 -0.0126 
1786042183.278 -0.009580981 -0.006526126 -0.009847978 -0.007180981 -0.009847978 -433.9968 14.52418 0.0126 -0.0126 
1786042183.444 -0.009615583 -0.01386652 -0.008543929 -0.01221558 -0.008543929 -432.361 13.30164 0.0126 -0.0126 
1786042183.612 -0.009651431 -0.007543494 -0.008450506 -0.01225143 -0.008450506 -430.8129 12.03421 0.0126 -0.0126 
1786042183.774 -0.009686802 -0.01212063 -0.008751437 -0.0122868 -0.008751437 -429.4565 10.80426 0.0126 -0.0126 
1786042183.938 -0.009721672 -0.008358507 -0.008476441 -0.007321672 -0.008476441 -428.2589 9.58928 0.0126 -0.0126 
1786042184.099 -0.009756668 -0.008693592 -0.007445516 -0.01235667 -0.007445516 -427.1972 8.366583 0.0126 -0.0126 
1786042184.273 -0.009793075 -0.01145215 -0.008017273 -0.01239308 -0.008017273 -426.2574 7.106637 0.0126 -0.0126 
1786042184.443 -0.009831323 -0.006663172 -0.007155676 -0.007431323 -0.007155676 -425.4319 5.794436 0.0126 -0.0126 
1786042184.606 -0.009866826 -0.004459609 -0.007273265 -0.007467044 -0.007273265 -424.8134 4.564362 0.0126 -0.0126 
1786042184.771 -0.004902826 -0.002554097 -0.007928163 -0.007502826 -0.007928163 -424.341 3.334102 0.0126 -0.0126 
1786042184.938 -0.009938653 -0.01035389 -0.007806846 -0.007538872 -0.007806846 -424.0146 2.096847 0.0126 -0.0126 
1786042185.115 -0.004977789 -0.005750328 -0.006517595 -0.007577789 -0.006517595 -423.8291 0.7542062 0.0126 -0.0126 
1786042185.283 -0.005 -0.0757 -0.004988979 -0.0076 -0.004988979 -423.8037 -1.137215e-08 0.0126 -0.0126 
1786042185.442 0.01 0.0003 0.008981014 0.0124 0.008981014 -423.8177 -1.137215e-08 0.0126 -0.0126 
1786042185.603 0.01 0.0123 0.01025101 0.0124 0.01025101 -423.819 -1.137215e-08 0.0126 -0.0126 
1786042185.765 0.01 0.0123 0.01025101 0.0124 0.01025101 -423.819 -1.137215e-08 0.0126 -0.0126 
1786042185.928 0.004970476 0.01897524 0.001266962 -0.002629524 0.001266962 -423.8598 -1.012514 -0.0126 -0.0126 
1786042186.095 -6.581406e-05 0.005858938 -0.008607463 -0.007665814 -0.008607463 -424.0478 -2.257448 -0.0126 -0.0126 
1786042186.256 -0.005101636 -0.0005769294 -0.008994274 -0.007701636 -0.008994274 -424.3907 -3.487447 -0.0126 -0.0126 
1786042186.420 -0.01013698 -0.007216347 -0.008332702 -0.007736976 -0.008332702 -424.8746 -4.702611 -0.0126 -0.0126 
1786042186.580 -0.005172036 -0.007167114 -0.007943464 -0.007772036 -0.007943464 -425.4969 -5.909957 -0.0126 -0.0126 
1786042186.753 -0.01020897 -0.008703698 -0.008633333 -0.007808973 -0.008633333 -426.3058 -7.184878 -0.0126 -0.0126 
1786042186.925 -0.005246456 -0.006059873 -0.007836461 -0.007846672 -0.007836461 -427.2977 -8.490015 -0.0126 -0.0126 
1786042187.099 -0.0102836 -0.008717088 -0.008494576 -0.007883597 -0.008494576 -428.4306 -9.772412 -0.0126 -0.0126 
1786042187.266 -0.01031952 -0.006813436 -0.009352923 -0.007919735 -0.009352923 -429.6967 -11.03249 -0.0126 -0.0126 
1786042187.431 -0.005355505 -0.0112533 -0.00927324 -0.007955505 -0.00927324 -431.1064 -12.28503 -0.0126 -0.0126 
1786042187.595 -0.01039025 -0.006586346 -0.009896555 -0.007990254 -0.009896555 -432.6254 -13.50742 -0.0126 -0.0126 
1786042187.762 -0.01042525 -0.007057582 -0.009189473 -0.008025249 -0.009189473 -434.3081 -14.7524 -0.0126 -0.0126 
1786042187.921 -0.005459836 -0.009570643 -0.008854264 -0.003059836 -0.008854264 -436.1229 -15.97496 -0.0126 -0.0126 
1786042188.081 -0.005493165 -0.008080838 -0.009442783 -0.008093165 -0.009442783 -438.0165 -17.16743 -0.0126 -0.0126 
1786042188.247 -0.01052732 -0.009192201 -0.009826881 -0.008127319 -0.009826881 -440.1082 -18.39749 -0.0126 -0.0126 
1786042188.414 -0.00556226 -0.00802206 -0.01041681 -0.00816226 -0.01041681 -442.4094 -19.66499 -0.0126 -0.0126 
1786042188.576 -0.0005690042 -0.02390923 0.009895211 0.001830996 0.009895211 -443.141 -19.9108 -0.0126 -0.0126 
1786042188.737 0.004430996 -0.003909233 0.00837492 0.006830996 0.00837492 -443.6794 -19.9108 -0.0126 -0.0126 
1786042188.899 0.009430996 9.076674e-05 0.007647964 0.006830996 0.007647964 -444.2154 -19.9108 -0.0126 -0.0126 
1786042189.081 0.004430996 9.076674e-05 0.007877656 0.006830996 0.007877656 -444.7856 -19.9108 -0.0126 -0.0126 
1786042189.247 0.009430996 0.008090767 0.007634002 0.006830996 0.007634002 -445.3787 -19.9108 -0.0126 -0.0126 
1786042189.411 0.004430996 0.004090767 0.007860375 0.006830996 0.007860375 -445.9223 -19.9108 -0.0126 -0.0126 
1786042189.576 0.009430996 0.008090767 0.006507128 0.011831 0.006507128 -445.7874 -19.9108 0.0126 -0.0126 
1786042189.750 0.009430996 0.01209077 0.008150439 0.011831 0.008150439 -445.8041 -19.9108 -0.0126 -0.0126 
1786042189.927 0.009430996 0.01209077 0.009130423 0.011831 0.009130423 -445.8346 -19.9108 -0.0126 -0.0126 
1786042190.099 0.009430996 0.008090767 0.008403741 0.006830996 0.008403741 -445.8626 -19.9108 -0.0126 -0.0126 
1786042190.272 0.004430996 0.008090767 0.007510393 0.006830996 0.007510393 -445.8905 -19.9108 -0.0126 -0.0126 
1786042190.443 0.009430996 0.008090767 0.008220377 0.011831 0.008220377 -445.9197 -19.9108 -0.0126 -0.0126 
1786042190.620 0.009430996 0.008090767 0.02013377 0.006830996 0.02013377 -445.8293 -19.9108 0.0126 -0.0126 
1786042190.786 0.004430996 0.004090767 0.01068479 0.006830996 0.01068479 -443.9434 -19.9108 0.0126 -0.0126 
1786042190.951 -0.0005432248 -0.03939812 -0.01378129 0.002056775 -0.01378129 -441.1316 -18.97341 0.0126 0.0126 
1786042191.119 -0.005507933 -0.01566235 -0.008827717 -0.007907933 -0.008827717 -438.9028 -17.69844 0.0126 0.0126 
1786042191.286 -0.005473229 -0.01171122 -0.008646577 -0.01287323 -0.008646577 -436.867 -16.45342 0.0126 0.0126 
1786042191.448 -0.01043893 -0.009517251 -0.008513611 -0.007838723 -0.008513611 -434.9975 -15.2233 0.0126 0.0126 
1786042191.609 -0.005404864 -0.01243254 -0.0078381 -0.007804864 -0.0078381 -433.311 -14.02333 0.0126 0.0126 
1786042191.776 -0.01036933 -0.01408887 -0.008345062 -0.007769334 -0.008345062 -431.6943 -12.77063 0.0126 0.0126 
1786042191.940 -0.005334271 -0.01066983 -0.0073488 -0.007734271 -0.0073488 -430.2528 -11.54071 0.0126 0.0126 
1786042192.105 -0.005299054 -0.01267116 -0.008193124 -0.007699054 -0.008193124 -428.9536 -10.31088 0.0126 0.0126 
1786042192.270 -0.005263267 -0.01148823 -0.00719224 -0.007663267 -0.00719224 -427.7877 -9.065809 0.0126 0.0126 
1786042192.441 -0.005227355 -0.01004491 -0.007651339 -0.007627355 -0.007651339 -426.7692 -7.820715 0.0126 0.0126 
1786042192.610 -0.005189816 -0.01158565 -0.007180266 -0.007589816 -0.007180266 -425.8675 -6.523454 0.0126 0.0126 
1786042192.784 -0.01015218 -0.01171659 -0.007995611 -0.007552179 -0.007995611 -425.1271 -5.225543 0.0126 0.0126 
1786042192.953 -0.005114682 -0.009079835 -0.006990962 -0.007514682 -0.006990962 -424.5543 -3.935695 0.0126 0.0126 
1786042193.116 -0.01007953 -0.01057905 -0.007284831 -0.00747953 -0.007284831 -424.1632 -2.728409 0.0126 0.0126 
1786042193.281 -0.01004347 -0.01384711 -0.007590525 -0.007443468 -0.007590525 -423.9092 -1.490519 0.0126 0.0126 
1786042193.451 -0.00500673 -0.01029708 -0.006308837 -0.00740673 -0.006308837 -423.805 -0.2307653 0.0126 0.0126 
1786042193.619 -0.005 0.0283 -0.00244898 0.0026 -0.00244898 -423.8063 1.477024e-08 0.0126 0.0126 
1786042193.786 -1.00045e-13 0.0123 0.003901017 0.0026 0.003901017 -423.8126 1.477024e-08 0.0126 0.0126 
1786042193.952 0.005 0.0123 0.007711015 0.0076 0.007711015 -423.8164 1.477024e-08 0.0126 0.0126 
1786042194.118 0.005 0.0083 0.007711015 0.0076 0.007711015 -423.8164 1.477024e-08 0.0126 0.0126 
1786042194.283 0.005 0.0083 0.006441015 0.0026 0.006441015 -423.8152 1.477024e-08 0.0126 0.0126 
1786042194.462 0.009996229 -0.007467198 -0.002868441 0.01239623 -0.002868441 -423.9944 -0.1293 -0.0126 -0.0126 
1786042194.641 0.01499623 0.0165328 0.009751212 0.01739623 0.008957878 -424.6396 -0.1293 -0.0126 -0.0126 
1786042194.803 0.01499623 0.0165328 0.01045425 0.01739623 0.01045425 -425.1844 -0.1293 -0.0126 -0.0126 
1786042194.966 0.01499623 0.0165328 0.01052063 0.01239623 0.01052063 -425.7204 -0.1293 -0.0126 -0.0126 
1786042195.132 0.01499623 0.0165328 0.009320327 0.01239623 0.009320327 -426.2766 -0.1293 -0.0126 -0.0126 
1786042195.294 0.01499623 0.0165328 0.0095467 0.01739623 0.0095467 -426.8202 -0.1293 -0.0126 -0.0126 
1786042195.457 0.01499623 0.0165328 0.0180567 0.01239623 0.0180567 -426.8365 -0.1293 0.0126 -0.0126 
1786042195.620 0.009996229 0.0125328 0.007066765 0.01239623 0.007066765 -426.7008 -0.1293 -0.0126 -0.0126 
1786042195.784 0.009996229 0.0125328 0.009276749 0.01239623 0.009276749 -426.73 -0.1293 -0.0126 -0.0126 
1786042195.959 0.01499623 0.0165328 0.0083834 0.01239623 0.008216734 -426.758 -0.1293 -0.0126 -0.0126 
1786042196.129 0.009996229 0.0125328 0.007656719 0.01239623 0.007656719 -426.7859 -0.1293 -0.0126 -0.0126 
1786042196.301 0.009996229 0.0125328 0.006930037 0.007396229 0.006930037 -426.8138 -0.1293 -0.0126 -0.0126 
1786042196.465 0.009996229 0.008532802 0.006326714 0.007396229 0.006326714 -426.8187 -0.1293 0.0126 -0.0126 
1786042196.639 0.009996229 0.0125328 0.02013071 0.007396229 0.02013071 -425.5881 -0.1293 0.0126 -0.0126 
1786042196.803 0.009996337 -0.008077075 -0.02100264 0.01059634 -0.02100264 -423.8482 -0.1256137 0.0126 -0.00855 
1786042196.975 -1.00045e-13 0.0043 -0.007528977 -0.0024 -0.007528977 -423.8012 -1.137215e-08 0.0126 0.0126 
1786042197.142 -1.00045e-13 0.0003 -0.004988979 -0.0074 -0.004988979 -423.8037 -1.137215e-08 0.0126 0.0126 
1786042197.316 3.159379e-06 -0.127097 -0.002882387 -0.002396672 -0.002882387 -423.8065 0.1140878 -0.0126 0.0126 
1786042197.494 -0.00995888 -0.02896072 -0.009746559 -0.01235866 -0.009746559 -423.8967 1.417451 -0.0126 0.0126 
1786042197.658 -0.009922156 -0.01488702 -0.01090041 -0.01232216 -0.01090041 -424.1443 2.670144 -0.0126 0.0126 
1786042197.831 -0.009885468 -0.01530214 -0.01010254 -0.01228525 -0.01010254 -424.552 3.93751 -0.0126 0.0126 
1786042197.996 -0.009847965 -0.01220076 -0.008878716 -0.007247965 -0.008878716 -425.1235 5.219909 -0.0126 0.0126 
1786042198.159 -0.009812713 -0.01695351 -0.01023216 -0.01221271 -0.01023216 -425.8093 6.434979 -0.0126 0.0126 
1786042198.336 -0.009774726 -0.009221115 -0.01033423 -0.01217451 -0.01033423 -426.7173 7.755049 -0.0126 0.0126 
1786042198.537 -0.009733834 -0.0136171 -0.0100855 -0.01213383 -0.0100855 -427.873 9.187585 -0.0126 0.0126 
1786042198.700 -0.009695471 -0.01250584 -0.01121008 -0.01209547 -0.01121008 -429.1418 10.49992 -0.0126 0.0126 
1786042198.862 -0.009660913 -0.008549617 -0.009866497 -0.007060913 -0.009866497 -430.4384 11.70749 -0.0126 0.0126 
1786042199.026 -0.009625653 -0.01470134 -0.01072205 -0.01202565 -0.01072205 -431.9091 12.94498 -0.0126 0.0126 
1786042199.198 -0.009589507 -0.01000332 -0.01106573 -0.006989507 -0.01106573 -433.5766 14.21996 -0.0126 0.0126 
1786042199.359 -0.009555252 -0.01237029 -0.01071433 -0.01195525 -0.01071433 -435.3089 15.43514 -0.0126 0.0126 
1786042199.521 -0.009520986 -0.01256676 -0.01081173 -0.006920986 -0.01081173 -437.191 16.6575 -0.0126 0.0126 
1786042199.682 -0.009487564 -0.007594468 -0.01015876 -0.006887355 -0.01015876 -439.1874 17.86509 -0.0126 0.0126 
1786042199.849 -0.004452919 -0.01253358 -0.009537604 -0.006852919 -0.009537604 -441.3871 19.1101 -0.0126 0.0126 
1786042200.014 -0.004432004 0.07301221 0.01514257 -0.006832004 0.01514257 -442.8476 19.8707 -0.0126 0.0126 
1786042200.175 0.010568 0.02101221 0.008872288 0.008167996 0.008872288 -443.367 19.8707 -0.0126 0.0126 
1786042200.334 0.010568 0.01301221 0.008145332 0.008167996 0.008145332 -443.903 19.8707 -0.0126 0.0126 
1786042200.496 0.010568 0.01301221 0.006941712 0.008167996 0.007418376 -444.4389 19.8707 -0.0126 0.0126 
1786042200.655 0.010568 0.01301221 0.00700809 0.008167996 0.00700809 -444.9685 19.8707 -0.0126 0.0126 
1786042200.826 0.010568 0.009012214 0.005964464 0.008167996 0.005964464 -445.5146 19.8707 -0.0126 0.0126 
1786042200.997 0.010568 0.01301221 0.01665086 0.008167996 0.01665086 -446.0137 19.8707 -0.0126 0.0126 
1786042201.159 0.010568 0.009012214 -0.006495657 0.008167996 -0.006495657 -445.7406 19.8707 -0.00855 0.0126 
1786042201.328 0.010568 0.009012214 0.003850986 0.008167996 0.003850986 -445.7787 19.8707 -0.0126 0.0126 
1786042201.499 0.010568 0.009012214 0.006934302 0.008167996 0.006934302 -445.8105 19.8707 -0.0126 0.0126 
1786042201.674 0.005567996 0.009012214 0.007144287 0.008167996 0.007144287 -445.8397 19.8707 -0.0126 0.0126 
1786042201.841 0.010568 0.009012214 0.006917605 0.008167996 0.006917605 -445.8676 19.8707 -0.0126 0.0126 
1786042202.001 0.010568 0.009012214 0.006754257 0.008167996 0.006754257 -445.8943 19.8707 -0.0126 0.0126 
1786042202.178 0.010568 0.009012214 0.02525774 0.008167996 0.02525774 -445.635 19.8707 0.0126 0.0126 
1786042202.346 0.01056765 0.05015434 0.01644026 0.005467533 0.01720352 -443.4964 19.85374 0.0126 -0.00145 
1786042202.510 -0.004464005 0.01680583 -0.01214416 -0.002064005 -0.01214416 -440.6592 18.70815 0.0126 -0.0126 
1786042202.673 -0.009497687 0.005611839 -0.01007094 -0.01209769 -0.01007094 -438.5586 17.49322 0.0126 -0.0126 
1786042202.848 -0.009533065 -0.009691071 -0.008420513 -0.01213307 -0.008420513 -436.5126 16.22568 0.0126 -0.0126 
1786042203.019 -0.009570151 -0.00679013 -0.008987916 -0.007170151 -0.008987916 -434.5391 14.9057 0.0126 -0.0126 
1786042203.197 -0.00960789 -0.01109942 -0.008846759 -0.01220789 -0.008846759 -432.7103 13.57075 0.0126 -0.0126 
1786042203.394 -0.009646912 -0.006600557 -0.007194308 -0.007246912 -0.007194308 -431.0072 12.19829 0.0126 -0.0126 
1786042203.579 -0.009688499 -0.006933392 -0.00821328 -0.007288714 -0.00821328 -429.3867 10.73573 0.0126 -0.0126 
1786042203.775 -0.009731583 -0.01160232 -0.007569508 -0.007331583 -0.007569508 -427.9452 9.243463 0.0126 -0.0126 
1786042203.947 -0.009768783 -0.01088769 -0.007730166 -0.01236878 -0.007730166 -426.8708 7.945848 0.0126 -0.0126 
1786042204.124 -0.00980697 -0.005805247 -0.007794006 -0.00740697 -0.007794006 -425.9373 6.633326 0.0126 -0.0126 
1786042204.293 -0.009844169 -0.003541886 -0.007479046 -0.007444387 -0.007479046 -425.188 5.343646 0.0126 -0.0126 
1786042204.467 -0.004881448 -0.009557769 -0.0077836 -0.007481448 -0.0077836 -424.6051 4.067976 0.0126 -0.0126 
1786042204.641 -0.009919877 -0.001993761 -0.007558782 -0.007519877 -0.007558782 -424.1682 2.748187 0.0126 -0.0126 
1786042204.810 -0.004957038 -0.008889116 -0.00761245 -0.007557038 -0.00761245 -423.9066 1.47318 0.0126 -0.0126 
1786042204.977 -0.009993344 -0.006827842 -0.006251244 -0.007593344 -0.006251244 -423.805 0.220643 0.0126 -0.0126 
1786042205.156 0.015 -0.0037 0.008981014 0.0174 0.008981014 -423.8177 -1.137215e-08 0.0126 -0.0126 
1786042205.339 0.01999595 0.156893 0.01332519 0.01739595 0.01332519 -423.823 -0.138569 -0.0126 -0.0126 
1786042205.516 -4.461832e-05 0.00977069 -0.003003434 -0.007644837 -0.002851626 -423.9208 -1.537512 -0.0126 -0.0126 
1786042205.679 -0.01008068 0.001975085 -0.008721439 -0.007680685 -0.008721439 -424.1722 -2.767599 -0.0126 -0.0126 
1786042205.836 -0.005115186 -0.004742077 -0.008230949 -0.007715186 -0.008230949 -424.5596 -3.952452 -0.0126 -0.0126 
1786042205.994 -0.005149421 -0.006478282 -0.008110387 -0.007749421 -0.008110387 -425.079 -5.129951 -0.0126 -0.0126 
1786042206.156 -0.01018424 -0.006175737 -0.008242947 -0.007784461 -0.008242947 -425.7509 -6.337399 -0.0126 -0.0126 
1786042206.323 -0.005220721 -0.005041668 -0.008275833 -0.007820721 -0.008275833 -426.5967 -7.589829 -0.0126 -0.0126 
1786042206.488 -0.01025666 -0.00533203 -0.008280609 -0.007856876 -0.008349803 -427.5936 -8.842544 -0.0126 -0.0126 
1786042206.653 -0.005291831 -0.0121666 -0.008272282 -0.007891831 -0.008272282 -428.7049 -10.05751 -0.0126 -0.0126 
1786042206.814 -0.005326869 -0.004373961 -0.009080582 -0.007926869 -0.009080582 -429.9647 -11.27994 -0.0126 -0.0126 
1786042206.973 -0.0103609 -0.00736439 -0.008423776 -0.007961117 -0.008423776 -431.3414 -12.47992 -0.0126 -0.0126 
1786042207.133 -0.005394995 -0.005199 -0.01011229 -0.007994995 -0.01011229 -432.8425 -13.67241 -0.0126 -0.0126 
1786042207.298 -0.005429759 -0.005835004 -0.009283353 -0.008029759 -0.009283353 -434.5342 -14.90229 -0.0126 -0.0126 
1786042207.461 -0.005464114 -0.008295608 -0.00834483 -0.003064324 -0.00834483 -436.3681 -16.13238 -0.0126 -0.0126 
1786042207.643 -0.005500346 -0.004688516 -0.009834259 -0.008100346 -0.009834259 -438.4407 -17.42249 -0.0126 -0.0126 
1786042207.828 -0.00553922 -0.008647521 -0.008676053 -0.008139427 -0.008676053 -440.8854 -18.83247 -0.0126 -0.0126 
1786042207.994 -0.0105737 -0.08233044 0.01595271 -0.003173809 0.01595271 -443.2299 -20.08271 -0.0126 -0.0126 
1786042208.157 0.004424916 -0.01481731 0.008780543 0.006824916 0.008780543 -443.6629 -20.1293 -0.0126 -0.0126 
1786042208.322 0.009424916 -0.002817315 0.008213581 0.01182492 0.008213581 -444.209 -20.1293 -0.0126 -0.0126 
1786042208.484 0.009424916 0.005182685 0.00764662 0.01182492 0.00764662 -444.7551 -20.1293 -0.0126 -0.0126 
1786042208.649 0.009424916 0.009182685 0.008349658 0.006824916 0.008349658 -445.3025 -20.1293 -0.0126 -0.0126 
1786042208.818 0.01442492 0.009182685 0.008736025 0.01182492 0.008736025 -445.8562 -20.1293 -0.0126 -0.0126 
1786042208.980 0.01442492 0.01318269 0.01159906 0.01182492 0.01159906 -446.4074 -20.1293 -0.0126 -0.0126 
1786042209.150 0.01442492 0.01318269 0.001565858 0.01182492 0.001565858 -446.1913 -20.1293 0.0126 -0.0126 
1786042209.329 0.009424916 0.009182685 0.008435826 0.01182492 0.008435826 -446.2245 -20.1293 -0.0126 -0.0126 
1786042209.509 0.009424916 0.01318269 0.00891581 0.01182492 0.00891581 -446.255 -20.1293 -0.0126 -0.0126 
1786042209.684 0.009424916 0.009182685 0.009792461 0.01182492 0.009625794 -446.2842 -20.1293 -0.0126 -0.0126 
1786042209.852 0.01442492 0.01318269 0.01000245 0.01182492 0.01000245 -446.3134 -20.1293 -0.0126 -0.0126 
1786042210.022 0.01442492 0.01318269 0.02199583 0.01182492 0.02199583 -446.2408 -20.1293 0.0126 -0.0126 
1786042210.188 0.01442492 0.01718269 0.0157835 0.01682492 0.0157835 -444.3942 -20.1293 0.0126 -0.0126 
1786042210.357 -0.0005480953 -0.03319913 -0.01467846 -0.002948095 -0.01467846 -441.4491 -19.14647 0.0126 0.0126 
1786042210.533 -0.01051179 -0.01435085 -0.009919491 -0.007911584 -0.009919491 -439.1225 -17.82675 0.0126 0.0126 
1786042210.720 -0.01047396 -0.01559167 -0.008486771 -0.01287396 -0.008486771 -436.8936 -16.46927 0.0126 0.0126 
1786042210.900 -0.01043544 -0.01207823 -0.008380206 -0.01283544 -0.008380206 -434.8146 -15.09665 0.0126 0.0126 
1786042211.077 -0.01039838 -0.01623615 -0.008244123 -0.007798163 -0.008244123 -432.9922 -13.78437 0.0126 0.0126 
1786042211.245 -0.0103611 -0.01517144 -0.007781179 -0.007761097 -0.007781179 -431.3412 -12.47942 0.0126 0.0126 
1786042211.409 -0.01032578 -0.01306106 -0.008368829 -0.01272578 -0.008368829 -429.9239 -11.24189 0.0126 0.0126 
1786042211.601 -0.01028664 -0.01551887 -0.008246018 -0.00768664 -0.008246018 -428.5307 -9.877098 0.0126 0.0126 
1786042211.766 -0.01024886 -0.01184921 -0.007738612 -0.007648855 -0.007738612 -427.3597 -8.564423 0.0126 0.0126 
1786042211.927 -0.01021419 -0.01555621 -0.007434688 -0.007614195 -0.007434688 -426.4339 -7.364264 0.0126 0.0126 
1786042212.092 -0.01017879 -0.007352891 -0.007416138 -0.00757857 -0.007416138 -425.6287 -6.134193 0.0126 0.0126 
1786042212.263 -0.01014156 -0.01261812 -0.007841431 -0.007541555 -0.007841431 -424.9455 -4.851885 0.0126 0.0126 
1786042212.438 -0.01010469 -0.0135754 -0.007058747 -0.007504689 -0.007058747 -424.4286 -3.591769 0.0126 0.0126 
1786042212.615 -0.01006515 -0.01324299 -0.007593119 -0.007465149 -0.007237137 -424.0425 -2.226685 0.0126 0.0126 
1786042212.790 -0.01002601 -0.01235103 -0.006818702 -0.007426009 -0.006818702 -423.8406 -0.8916551 0.0126 0.0126 
1786042212.958 -0.005 0.1083 -0.004988979 -0.0074 -0.004988979 -423.8037 1.477024e-08 0.0126 0.0126 
1786042213.121 0.015 0.0283 0.01025101 0.0176 0.01025101 -423.819 1.477024e-08 0.0126 0.0126 
1786042213.297 0.02 0.0243 0.01279101 0.0226 0.01279101 -423.8215 1.477024e-08 0.0126 0.0126 
1786042213.461 0.015 0.0203 0.01152101 0.0176 0.01152101 -423.8203 1.477024e-08 0.0126 0.0126 
1786042213.621 0.015 0.0163 0.008981014 0.0176 0.008981014 -423.8177 1.477024e-08 0.0126 0.0126 
1786042213.783 0.015 0.0163 0.008981014 0.0126 0.008981014 -423.8177 1.477024e-08 0.0126 0.0126 
1786042213.957 0.01999738 0.01237316 0.00214774 0.02239738 0.00214774 -423.9424 -0.09010001 -0.0126 -0.0126 
1786042214.124 0.02999738 0.03637316 0.01491743 0.03239738 0.01491743 -424.5151 -0.09010001 -0.0126 -0.0126 
1786042214.291 0.01999738 0.02837316 0.01212714 0.02239738 0.01212714 -425.0524 -0.09010001 -0.0126 -0.0126 
1786042214.474 0.01499738 0.02037316 0.009823472 0.01739738 0.009823472 -425.6734 -0.09010001 -0.0126 -0.0126 
1786042214.641 0.01499738 0.01637316 0.009099835 0.01739738 0.009099835 -426.236 -0.09010001 -0.0126 -0.0126 
1786042214.802 0.01499738 0.01237316 0.008372879 0.01239738 0.008372879 -426.7719 -0.09010001 -0.0126 -0.0126 
1786042214.971 0.01499738 0.01637316 0.01592955 0.01239738 0.01545289 -426.7768 -0.09010001 0.0126 -0.0126 
1786042215.137 0.01499738 0.01637316 0.007656236 0.01239738 0.007656236 -426.7275 -0.09010001 -0.0126 -0.0126 
1786042215.302 0.01999738 0.01637316 0.009699554 0.01739738 0.009699554 -426.7567 -0.09010001 -0.0126 -0.0126 
1786042215.466 0.01499738 0.01637316 0.009972872 0.01739738 0.009972872 -426.7846 -0.09010001 -0.0126 -0.0126 
1786042215.628 0.01499738 0.01637316 0.009476191 0.01239738 0.009476191 -426.8113 -0.09010001 -0.0126 -0.0126 
1786042215.807 0.01499738 0.01637316 0.009186175 0.01239738 0.009186175 -426.8405 -0.09010001 -0.0126 -0.0126 
1786042215.984 0.01499738 0.01237316 0.00812616 0.01239738 0.00812616 -426.8685 -0.09010001 -0.0126 -0.0126 
1786042216.152 0.01499738 0.01637316 0.0235729 0.01239738 0.0235729 -426.759 -0.09010001 0.0126 -0.0126 
1786042216.318 0.01499738 0.02037316 0.01513724 0.01739738 0.01513724 -424.8845 -0.09010001 0.0126 -0.0126 
1786042216.485 0.01 0.0403 -0.01895897 0.0026 -0.01895897 -423.7898 3.07565e-07 0.0126 0.0126 
1786042216.650 -0.01 -0.0037 -0.008798976 -0.0124 -0.008798976 -423.7999 1.477024e-08 0.0126 0.0126 
1786042216.810 -0.004997905 -0.1118696 -0.005041125 -0.007397905 -0.005041125 -423.8039 0.07205922 -0.0126 0.0126 
1786042216.973 -0.01996339 -0.04039315 -0.01310171 -0.01736339 -0.01310171 -423.8725 1.259854 -0.0126 0.0126 
1786042217.134 -0.0149281 -0.02177036 -0.01240682 -0.01732788 -0.01240682 -424.0948 2.482612 -0.0126 0.0126 
1786042217.293 -0.01989349 -0.02117509 -0.01215103 -0.02229349 -0.01215103 -424.4478 3.667369 -0.0126 0.0126 
1786042217.455 -0.01485872 -0.01883277 -0.01245155 -0.01725872 -0.01245155 -424.9431 4.867407 -0.0126 0.0126 
1786042217.621 -0.01482249 -0.01839398 -0.01121808 -0.01722249 -0.01121808 -425.6099 6.120026 -0.0126 0.0126 
1786042217.786 -0.0147872 -0.02061957 -0.01148418 -0.0171872 -0.01148418 -426.4049 7.342476 -0.0126 0.0126 
1786042217.950 -0.0147518 -0.01466693 -0.01152936 -0.01715159 -0.01152936 -427.3561 8.579987 -0.0126 0.0126 
1786042218.118 -0.01471545 -0.01762999 -0.01193245 -0.01711545 -0.01193245 -428.475 9.839808 -0.0126 0.0126 
1786042218.282 -0.01468029 -0.01491223 -0.01119351 -0.01708029 -0.01119351 -429.7145 11.07006 -0.0126 0.0126 
1786042218.463 -0.0146421 -0.01864325 -0.01236073 -0.01204188 -0.01236073 -431.2385 12.41989 -0.0126 0.0126 
1786042218.636 -0.01460452 -0.01867459 -0.01172252 -0.01200452 -0.01172252 -432.8971 13.73987 -0.0126 0.0126 
1786042218.799 -0.01457031 -0.01972437 -0.01201094 -0.0119701 -0.01201094 -434.5786 14.96237 -0.0126 0.0126 
1786042218.957 -0.01453672 -0.01991009 -0.01180745 -0.01193672 -0.01180745 -436.3541 16.15497 -0.0126 0.0126 
1786042219.122 -0.009503119 -0.009016127 -0.01126701 -0.01190312 -0.01126701 -438.287 17.3625 -0.0126 0.0126 
1786042219.307 -0.01446582 -0.0128123 -0.01164014 -0.01186561 -0.01164014 -440.62 18.72738 -0.0126 0.0126 
1786042219.481 -0.009433022 0.1194443 0.03215306 -0.01183302 0.03215306 -442.845 19.90829 -0.0126 0.0126 
1786042219.663 0.02056702 0.03883069 0.01465322 0.02816702 0.01465322 -443.2718 19.9099 -0.0126 0.0126 
1786042219.832 0.02556702 0.03883069 0.01536289 0.03316702 0.01536289 -443.8763 19.9099 -0.0126 0.0126 
1786042220.002 0.03056702 0.03883069 0.01797259 0.03816702 0.01797259 -444.4351 19.9099 -0.0126 0.0126 
1786042220.173 0.02556702 0.03883069 0.01661561 0.03316702 0.01661561 -445.0104 19.9099 -0.0126 0.0126 
1786042220.345 0.02056702 0.03083069 0.01462198 0.02816702 0.01462198 -445.5717 19.9099 -0.0126 0.0126 
1786042220.515 0.01056702 0.01483069 0.01911837 0.01316702 0.01911837 -446.0785 19.9099 -0.0126 0.0126 
1786042220.685 0.005567023 0.006830686 -0.005981463 0.003167023 -0.005981463 -445.7907 19.9099 0.01015 0.0126 
1786042220.868 -0.004432977 -0.001169314 -0.005541492 -0.01183298 -0.005541492 -445.8207 19.9099 -0.0126 0.0126 
1786042221.040 -0.009432977 -0.009169314 -0.006768174 -0.01183298 -0.006768174 -445.8486 19.9099 -0.0126 0.0126 
1786042221.209 -0.009432977 -0.01316931 -0.008431522 -0.01683298 -0.008431522 -445.8753 19.9099 -0.0126 0.0126 
1786042221.375 -0.009432977 -0.009169314 -0.006118205 -0.01183298 -0.006118205 -445.9057 19.9099 -0.0126 0.0126 
1786042221.545 -0.004432977 -0.005169314 -0.005344887 -0.006832977 -0.005344887 -445.9337 19.9099 -0.0126 0.0126 
1786042221.710 -0.004432977 -0.005169314 0.004408439 -0.006832977 0.004408439 -445.9617 19.9099 0.0028 0.0126 
1786042221.887 -0.004432977 -0.001169314 0.02755549 -0.001832977 0.02755549 -445.2604 19.9099 0.0126 0.0126 
1786042222.062 -0.004440155 0.1218096 0.0249329 0.002959845 0.0249329 -442.6188 19.64753 0.0126 -0.0126 
1786042222.231 -0.01447539 0.003257819 -0.01332505 -0.0170756 -0.01332505 -439.9785 18.3571 0.0126 -0.0126 
1786042222.400 -0.01451027 -0.01147366 -0.01079046 -0.01211027 -0.01079046 -437.8639 17.10505 0.0126 -0.0126 
1786042222.566 -0.01454475 -0.01359469 -0.009874734 -0.01214475 -0.009874734 -435.9157 15.86732 0.0126 -0.0126 
1786042222.737 -0.01458114 -0.01289853 -0.01182574 -0.01718114 -0.01182574 -434.0234 14.56241 0.0126 -0.0126 
1786042222.900 -0.01461582 -0.01576078 -0.01018052 -0.01721582 -0.01018052 -432.3788 13.34003 0.0126 -0.0126 
1786042223.062 -0.009650691 -0.0128104 -0.008889269 -0.01225069 -0.008889269 -430.8764 12.10989 0.0126 -0.0126 
1786042223.225 -0.009684862 -0.01462101 -0.00963595 -0.01228486 -0.00963595 -429.5467 10.90982 0.0126 -0.0126 
1786042223.397 -0.009720246 -0.008869168 -0.009441895 -0.01232025 -0.009441895 -428.3199 9.664949 0.0126 -0.0126 
1786042223.568 -0.01475878 -0.009648295 -0.009563772 -0.01235878 -0.009563772 -427.154 8.329929 0.0126 -0.0126 
1786042223.740 -0.009795497 -0.01165319 -0.009748567 -0.01239571 -0.009748567 -426.2015 7.047483 0.0126 -0.0126 
1786042223.905 -0.009831666 -0.01318362 -0.008688412 -0.01243167 -0.008688412 -425.4293 5.802271 0.0126 -0.0126 
1786042224.070 -0.01486748 -0.0130295 -0.009183317 -0.01246748 -0.009183317 -424.8083 4.564906 0.0126 -0.0126 
1786042224.243 -0.009904663 -0.00772542 -0.008529797 -0.01250466 -0.008529797 -424.3219 3.282406 0.0126 -0.0126 
1786042224.416 -0.009942111 -0.01169757 -0.009279659 -0.01254211 -0.009279659 -423.9917 1.992476 0.0126 -0.0126 
1786042224.575 -0.009977845 -0.01105052 -0.009012316 -0.01257784 -0.009012316 -423.8279 0.7624942 0.0126 -0.0126 
1786042224.735 -0.01 -0.0957 -0.006258978 -0.0126 -0.006258978 -423.8025 -1.137215e-08 0.0126 -0.0126 
1786042224.894 0.02 0.0123 0.01406101 0.0224 0.01406101 -423.8228 -1.137215e-08 0.0126 -0.0126 
1786042225.069 0.02 0.0203 0.01406101 0.0174 0.01406101 -423.8228 -1.137215e-08 0.0126 -0.0126 
1786042225.235 0.015 0.0163 0.01152101 0.0174 0.01152101 -423.8203 -1.137215e-08 0.0126 -0.0126 
1786042225.430 -2.419226e-05 0.03354814 -0.0001800922 -0.002625064 -0.0001800922 -423.8446 -0.862639 -0.0126 -0.0126 
1786042225.600 -0.01006341 -0.001309336 -0.009411272 -0.01266341 -0.009411272 -424.03 -2.18244 -0.0126 -0.0126 
1786042225.784 -0.01010281 -0.008476457 -0.00958102 -0.01270281 -0.00958102 -424.4059 -3.539992 -0.0126 -0.0126 
1786042225.988 -0.01014367 -0.008354893 -0.00972295 -0.01274367 -0.01077747 -424.9876 -4.95741 -0.0126 -0.0126 
1786042226.167 -0.01018618 -0.009906701 -0.00891572 -0.01278618 -0.00891572 -425.794 -6.419901 -0.0126 -0.0126 
1786042226.369 -0.01022684 -0.008746686 -0.009278996 -0.01282684 -0.009278996 -426.7643 -7.82999 -0.0126 -0.0126 
1786042226.564 -0.0102708 -0.01655223 -0.009605251 -0.007870801 -0.009605251 -428.033 -9.36005 -0.0126 -0.0126 
1786042226.732 -0.01030815 -0.01200268 -0.01030138 -0.007908147 -0.01030138 -429.2916 -10.66489 -0.0126 -0.0126 
1786042226.893 -0.0103432 -0.009252909 -0.009575065 -0.0129432 -0.009575065 -430.6277 -11.89497 -0.0126 -0.0126 
1786042227.063 -0.005378096 -0.01270943 -0.01000998 -0.0129781 -0.01000998 -432.1059 -13.12501 -0.0126 -0.0126 
1786042227.238 -0.01041472 -0.00655646 -0.01004234 -0.008014717 -0.01004234 -433.8204 -14.42238 -0.0126 -0.0126 
1786042227.430 -0.00545532 -0.007924712 -0.009810544 -0.00805532 -0.009810544 -435.9197 -15.86993 -0.0126 -0.0126 
1786042227.599 -0.01049126 -0.007680309 -0.01050835 -0.01309126 -0.01050835 -437.9543 -17.15993 -0.0126 -0.0126 
1786042227.770 -0.01052695 -0.01099459 -0.01028409 -0.01312695 -0.01028409 -440.1438 -18.44986 -0.0126 -0.0126 
1786042227.938 -0.01056074 -0.006824481 -0.01128643 -0.008160737 -0.01128643 -442.3726 -19.67982 -0.0126 -0.0126 
1786042228.117 -0.0005719442 -0.02640057 0.007836298 -0.003171944 0.007836298 -443.3937 -20.0901 -0.0126 -0.0126 
1786042228.307 0.009428056 0.001599429 0.006645953 0.01182806 0.006645953 -444.0325 -20.0901 -0.0126 -0.0126 
1786042228.523 0.01442806 0.009599429 0.007365585 0.01182806 0.007365585 -444.7132 -20.0901 -0.0126 -0.0126 
1786042228.711 0.01442806 0.01359943 0.007925223 0.01182806 0.007925223 -445.3838 -20.0901 -0.0126 -0.0126 
1786042228.903 0.01442806 0.01359943 0.009274877 0.01682806 0.009274877 -446.0277 -20.0901 -0.0126 -0.0126 
1786042229.080 0.01442806 0.01359943 0.01518135 0.01682806 0.01518135 -446.3833 -20.0901 -0.0126 -0.0126 
1786042229.248 0.009428056 0.01359943 0.01010135 0.01182806 0.01010135 -446.3782 -20.0901 -0.0126 -0.0126 
1786042229.419 0.01442806 0.01359943 -0.0006118062 0.01682806 -0.0006118062 -446.0808 -20.0901 0.0126 -0.0126 
1786042229.599 0.01442806 0.009599429 0.006964828 0.01182806 0.006964828 -446.1166 -20.0901 -0.0126 -0.0126 
1786042229.786 0.01442806 0.009599429 0.007278144 0.01182806 0.007278144 -446.147 -20.0901 -0.0126 -0.0126 
1786042229.982 0.009428056 0.009599429 0.006861461 0.01182806 0.006861461 -446.1801 -20.0901 -0.0126 -0.0126 
1786042230.159 0.009428056 0.005599429 0.007444777 0.006828056 0.00727811 -446.2105 -20.0901 -0.0126 -0.0126 
1786042230.325 0.009428056 0.009599429 0.008268095 0.01182806 0.008268095 -446.2385 -20.0901 -0.0126 -0.0126 
1786042230.509 0.004428056 0.005599429 0.02633502 0.006828056 0.02633502 -445.7874 -20.0901 0.0126 -0.0126 
1786042230.691 0.004432204 -0.1305616 0.03172851 0.00703239 0.03172851 -443.2766 -19.93119 0.0126 0.0126 
1786042230.866 -0.01053102 -0.02222655 -0.011666 -0.01293102 -0.011666 -440.4026 -18.5975 0.0126 0.0126 
1786042231.051 -0.01049349 -0.01499109 -0.00882209 -0.01289328 -0.009187558 -438.0747 -17.23266 0.0126 0.0126 
1786042231.230 -0.01045714 -0.01646214 -0.008695993 -0.01285672 -0.008695993 -435.997 -15.91999 0.0126 0.0126 
1786042231.407 -0.01041887 -0.01342713 -0.00956499 -0.01281887 -0.00956499 -434.026 -14.57019 0.0126 0.0126 
1786042231.588 -0.01537994 -0.01687657 -0.0086367 -0.01277994 -0.0086367 -432.1896 -13.19016 0.0126 0.0126 
1786042231.764 -0.01034313 -0.01028742 -0.008299721 -0.007743132 -0.008299721 -430.6262 -11.89279 0.0126 0.0126 
1786042231.930 -0.01030658 -0.01547236 -0.00759395 -0.01270658 -0.00759395 -429.2381 -10.61021 0.0126 0.0126 
1786042232.109 -0.01026987 -0.009992874 -0.008548903 -0.01266987 -0.008548903 -428.0049 -9.327737 0.0126 0.0126 
1786042232.282 -0.01023066 -0.01576792 -0.007715219 -0.007630655 -0.007715219 -426.867 -7.955057 0.0126 0.0126 
1786042232.460 -0.01019347 -0.009067189 -0.007660063 -0.007593473 -0.007660063 -425.9551 -6.672426 0.0126 0.0126 
1786042232.632 -0.01015511 -0.01231771 -0.007280284 -0.01255511 -0.007280284 -425.1842 -5.34497 0.0126 0.0126 
1786042232.793 -0.0101197 -0.01168724 -0.006952763 -0.007519485 -0.006952763 -424.6216 -4.115172 0.0126 0.0126 
1786042232.960 -0.01008381 -0.009573095 -0.006745489 -0.007483808 -0.006745489 -424.2051 -2.885235 0.0126 0.0126 
1786042233.125 -0.005047438 -0.01566337 -0.007078143 -0.007447438 -0.007078143 -423.9307 -1.632614 0.0126 0.0126 
1786042233.290 -0.01001235 -0.008330004 -0.007392479 -0.007412354 -0.007392479 -423.8101 -0.4251502 0.0126 0.0126 
1786042233.468 -1.00045e-13 0.0443 9.101872e-05 0.0026 9.101873e-05 -423.8088 -1.137215e-08 0.0126 0.0126 
1786042233.637 0.015 0.0203 0.008981014 0.0126 0.008981014 -423.8177 -1.137215e-08 0.0126 0.0126 
1786042233.838 0.01 0.0123 0.007711015 0.0076 0.007711015 -423.8164 -1.137215e-08 0.0126 0.0126 
1786042234.004 0.01 0.0123 0.007711015 0.0126 0.007711015 -423.8164 -1.137215e-08 0.0126 0.0126 
1786042234.173 0.01 0.0123 0.007711015 0.0126 0.007711015 -423.8164 -1.137215e-08 0.0126 0.0126 
1786042234.336 0.009999822 0.03431439 0.003979174 0.007599822 0.003979174 -423.8127 -0.006050547 0.00655 0.00655 
1786042234.521 0.009998686 0.01122578 -0.0008577493 0.01239869 -0.0008577493 -424.2091 -0.04500002 -0.0126 -0.0126 
1786042234.692 0.01499869 0.01522578 0.006835263 0.01239869 0.006835263 -424.8034 -0.04500002 -0.0126 -0.0126 
1786042234.865 0.01499869 0.01522578 0.00785829 0.01239869 0.00785829 -425.3711 -0.04500002 -0.0126 -0.0126 
1786042235.035 0.009998686 0.01122578 0.008564646 0.01239869 0.008564646 -425.9452 -0.04500002 -0.0126 -0.0126 
1786042235.198 0.01499869 0.01522578 0.00752102 0.01239869 0.00752102 -426.4875 -0.04500002 -0.0126 -0.0126 
1786042235.368 0.009998686 0.01122578 0.01788411 0.01239869 0.01788411 -426.9434 -0.04500002 -0.0126 -0.0126 
1786042235.540 0.009998686 0.01122578 -0.005445711 0.01239869 -0.005445711 -426.6193 -0.04500002 -0.0028 -0.0126 
1786042235.725 0.01499869 0.01522578 0.006680926 0.01239869 0.006680926 -426.6627 -0.04500002 -0.0126 -0.0126 
1786042235.896 0.009998686 0.01122578 0.00689091 0.01239869 0.00689091 -426.6919 -0.04500002 -0.0126 -0.0126 
1786042236.092 0.009998686 0.01122578 0.006434227 0.007398686 0.006434227 -426.7211 -0.04500002 -0.0126 -0.0126 
1786042236.281 0.004998686 0.007225777 0.00545421 0.007398686 0.00545421 -426.7542 -0.04500002 -0.0126 -0.0126 
1786042236.462 0.004998686 0.007225777 0.006047527 0.007398686 0.006047527 -426.7834 -0.04500002 -0.0126 -0.0126 
1786042236.634 0.004998686 0.007225777 0.02412442 0.002398686 0.02412442 -426.3806 -0.04500002 0.0126 -0.0126 
1786042236.796 0.004998686 0.003225777 -0.005533413 0.002398686 -0.005533413 -424.3079 -0.04500002 0.0126 -0.0126 
1786042236.961 0.005 0.0123 -0.01133898 0.0026 -0.01133898 -423.7974 1.477024e-08 0.0126 0.0126 
1786042237.138 0.01 0.0083 -0.004988979 0.0076 -0.004988979 -423.8037 1.477024e-08 0.0126 0.0126 
1786042237.312 0.005 0.0043 -0.004988979 0.0026 -0.004988979 -423.8037 1.477024e-08 0.0126 0.0126 
1786042237.501 -0.009971973 -0.04053332 -0.008994767 -0.01237197 -0.008994767 -423.8446 0.9600795 -0.0126 0.0126 
1786042237.669 -0.009933231 -0.01170662 -0.009192007 -0.01233323 -0.009192007 -424.0554 2.295037 -0.0126 0.0126 
1786042237.832 -0.009897584 -0.01567272 -0.00974997 -0.01229758 -0.00974997 -424.3983 3.51012 -0.0126 0.0126 
1786042237.997 -0.009861548 -0.0140903 -0.009643439 -0.01226133 -0.009643439 -424.8987 4.754892 -0.0126 0.0126 
1786042238.159 -0.01482579 -0.01457987 -0.009613172 -0.01222579 -0.009613172 -425.5362 5.977328 -0.0126 0.0126 
1786042238.320 -0.009790989 -0.01376943 -0.008994488 -0.01219099 -0.008994488 -426.3033 7.177388 -0.0126 0.0126 
1786042238.482 -0.00975606 -0.01282393 -0.01000181 -0.01215606 -0.01000181 -427.2139 8.384892 -0.0126 0.0126 
1786042238.646 -0.009720807 -0.01765728 -0.009759249 -0.01212059 -0.009759249 -428.287 9.615018 -0.0126 0.0126 
1786042238.809 -0.009685681 -0.01021659 -0.009414289 -0.01208568 -0.009414289 -429.4897 10.83002 -0.0126 0.0126 
1786042238.996 -0.00964663 -0.01232355 -0.009558651 -0.00704663 -0.009558651 -431.0087 12.19485 -0.0126 0.0126 
1786042239.166 -0.009609909 -0.01417901 -0.01127136 -0.007009696 -0.01127136 -432.6152 13.49239 -0.0126 0.0126 
1786042239.332 -0.00957381 -0.008056248 -0.01025586 -0.01197381 -0.01025586 -434.3411 14.75993 -0.0126 0.0126 
1786042239.508 -0.009537921 -0.01429555 -0.009417168 -0.01193792 -0.009417168 -436.2296 16.03495 -0.0126 0.0126 
1786042239.683 -0.009499753 -0.007840234 -0.01060365 -0.01189975 -0.01060365 -438.4178 17.39997 -0.0126 0.0126 
1786042239.843 -0.009466433 -0.01158043 -0.0107493 -0.01186643 -0.0107493 -440.4854 18.59998 -0.0126 0.0126 
1786042240.001 -0.009433771 -0.005564679 -0.009133387 -0.006833576 -0.008519859 -442.6723 19.79158 -0.0126 0.0126 
1786042240.162 -0.00442909 0.02857123 0.00759278 -0.00182909 0.00759278 -443.2426 19.955 -0.0126 0.0126 
1786042240.331 0.01057091 0.01657123 0.007345808 0.01317091 0.007345808 -443.809 19.955 -0.0126 0.0126 
1786042240.495 0.01057091 0.01257123 0.00852551 0.01317091 0.00852551 -444.3602 19.955 -0.0126 0.0126 
1786042240.661 0.01057091 0.01257123 0.008118543 0.01317091 0.008118543 -444.9164 19.955 -0.0126 0.0126 
1786042240.835 0.01557091 0.01657123 0.008664905 0.01317091 0.008664905 -445.4803 19.955 -0.0126 0.0126 
1786042241.020 0.01057091 0.01657123 0.0113679 0.01317091 0.0113679 -446.1039 19.955 -0.0126 0.0126 
1786042241.198 0.01057091 0.01657123 0.00197804 0.01317091 0.00197804 -445.8725 19.955 0.0126 0.0126 
1786042241.397 0.01057091 0.01657123 0.009928006 0.01317091 0.009928006 -445.9108 19.955 -0.0126 0.0126 
1786042241.571 0.01057091 0.01257123 0.008867991 0.01317091 0.008867991 -445.9388 19.955 -0.0126 0.0126 
1786042241.749 0.01557091 0.01657123 0.009681308 0.01317091 0.009681308 -445.9692 19.955 -0.0126 0.0126 
1786042241.911 0.01057091 0.01257123 0.008851294 0.01317091 0.008851294 -445.9959 19.955 -0.0126 0.0126 
1786042242.073 0.01557091 0.01257123 0.008521279 0.01317091 0.008521279 -446.0226 19.955 -0.0126 0.0126 
1786042242.237 0.01057091 0.01257123 0.006774626 0.01317091 0.006774626 -446.0237 19.955 0.0126 0.0126 
1786042242.397 0.01057091 0.01657123 0.02759183 0.01317091 0.02759183 -445.0267 19.955 0.0126 0.0126 
1786042242.566 0.000558749 0.07509473 0.008419282 0.002958749 0.008419282 -442.2924 19.5125 0.0126 -0.0126 
1786042242.733 -0.01447564 -0.0006521564 -0.01142043 -0.01207564 -0.01142043 -439.8984 18.26754 0.0126 -0.0126 
1786042242.902 -0.01451112 -0.009148044 -0.01084748 -0.01711112 -0.01005806 -437.7344 16.98511 0.0126 -0.0126 
1786042243.092 -0.01454979 -0.01166348 -0.009829676 -0.01214979 -0.009829676 -435.5868 15.61238 0.0126 -0.0126 
1786042243.272 -0.01458872 -0.01230088 -0.00950468 -0.01718872 -0.00950468 -433.6056 14.23259 0.0126 -0.0126 
1786042243.443 -0.009625329 -0.01256369 -0.008739077 -0.01222533 -0.008739077 -431.9165 12.9427 0.0126 -0.0126 
1786042243.627 -0.01466384 -0.008847058 -0.008232832 -0.01226384 -0.008721598 -430.3087 11.585 0.0126 -0.0126 
1786042243.802 -0.009702329 -0.01064385 -0.00874959 -0.01230254 -0.00874959 -428.8914 10.24252 0.0126 -0.0126 
1786042243.969 -0.01473882 -0.0103535 -0.009036988 -0.01233882 -0.009036988 -427.7179 8.982646 0.0126 -0.0126 
1786042244.135 -0.009774561 -0.01397624 -0.008081817 -0.01237478 -0.008081817 -426.7095 7.7375 0.0126 -0.0126 
1786042244.304 -0.0148115 -0.01262891 -0.007816609 -0.0124115 -0.007816609 -425.8357 6.470213 0.0126 -0.0126 
1786042244.479 -0.0148494 -0.01341438 -0.008119639 -0.0124494 -0.008119639 -425.0979 5.164976 0.0126 -0.0126 
1786042244.649 -0.009886731 -0.008456377 -0.007964706 -0.007486731 -0.007964706 -424.534 3.882559 0.0126 -0.0126 
1786042244.809 -0.009921928 -0.01042664 -0.00768602 -0.01252193 -0.00768602 -424.1492 2.674919 0.0126 -0.0126 
1786042244.995 -0.009960442 -0.01065043 -0.007968411 -0.01256044 -0.008252206 -423.8888 1.347615 0.0126 -0.0126 
1786042245.162 -0.00999794 -0.07319908 -0.007771648 -0.00759794 -0.007771648 -423.8012 0.07056272 0.0126 -0.0126 
1786042245.330 0.005 -0.0077 0.005171016 0.0074 0.005171016 -423.8139 9.541763e-09 0.0126 -0.0126 
1786042245.503 0.015 0.0163 0.01152101 0.0174 0.01152101 -423.8203 9.541763e-09 0.0126 -0.0126 
1786042245.665 0.02 0.0163 0.01152101 0.0174 0.01152101 -423.8203 9.541763e-09 0.0126 -0.0126 
1786042245.848 0.009989708 0.1098731 0.006943683 0.007389708 0.006943683 -423.8217 -0.3526623 -0.0126 -0.0126 
1786042246.020 -0.01004882 0.001051255 -0.007547331 -0.01264882 -0.007547331 -423.9373 -1.67248 -0.0126 -0.0126 
1786042246.185 -0.01008536 -0.008606514 -0.009544169 -0.007685363 -0.009544169 -424.2154 -2.924885 -0.0126 -0.0126 
1786042246.371 -0.01012645 -0.01023681 -0.009480925 -0.01272645 -0.009480925 -424.7133 -4.335025 -0.0126 -0.0126 
1786042246.553 -0.01016571 -0.007396289 -0.009003648 -0.00776571 -0.009003648 -425.3711 -5.684999 -0.0126 -0.0126 
1786042246.716 -0.01020206 -0.00976093 -0.009641501 -0.01280227 -0.009641501 -426.1433 -6.944901 -0.0126 -0.0126 
1786042246.883 -0.01023766 -0.006752654 -0.00941294 -0.007837656 -0.00941294 -427.0399 -8.167491 -0.0126 -0.0126 
1786042247.049 -0.01027358 -0.01414372 -0.009815824 -0.01287358 -0.009815824 -428.1004 -9.412369 -0.0126 -0.0126 
1786042247.211 -0.01030873 -0.01350745 -0.01012456 -0.007908725 -0.01012456 -429.2865 -10.63495 -0.0126 -0.0126 
1786042247.384 -0.01034609 -0.009566723 -0.009468085 -0.007946089 -0.009468085 -430.7115 -11.94021 -0.0126 -0.0126 
1786042247.584 -0.01038732 -0.01068003 -0.009806814 -0.007987322 -0.009806814 -432.4806 -13.38732 -0.0126 -0.0126 
1786042247.747 -0.01042365 -0.008735219 -0.00977989 -0.008023649 -0.00977989 -434.2141 -14.66989 -0.0126 -0.0126 
1786042247.914 -0.0104585 -0.01261774 -0.0093739 -0.0130585 -0.0093739 -436.034 -15.90742 -0.0126 -0.0126 
1786042248.079 -0.01049335 -0.009386405 -0.009685314 -0.008093347 -0.009685314 -438.0203 -17.15995 -0.0126 -0.0126 
1786042248.250 -0.01052817 -0.01495913 -0.01036143 -0.008128376 -0.01036143 -440.1539 -18.41235 -0.0126 -0.0126 
1786042248.424 -0.00556315 -0.00597042 -0.0103101 -0.00816315 -0.0103101 -442.4463 -19.67244 -0.0126 -0.0126 
1786042248.608 -0.000573379 -0.02038503 0.01025933 0.006826621 0.01025933 -443.4369 -20.045 -0.0126 -0.0126 
1786042248.785 0.01442662 0.01561497 0.01081234 0.01682662 0.01081234 -444.0541 -20.045 -0.0126 -0.0126 
1786042248.958 0.01442662 0.01561497 0.01024869 0.01682662 0.01024869 -444.6307 -20.045 -0.0126 -0.0126 
1786042249.125 0.01442662 0.01561497 0.01000172 0.01682662 0.01000172 -445.1933 -20.045 -0.0126 -0.0126 
1786042249.292 0.01442662 0.01561497 0.009911423 0.01682662 0.009911423 -445.7432 -20.045 -0.0126 -0.0126 
1786042249.472 0.01442662 0.01561497 0.02028447 0.01682662 0.02028447 -446.2791 -20.045 -0.0126 -0.0126 
1786042249.649 0.01442662 0.01161497 0.001624599 0.01182662 0.001624599 -446.0348 -20.045 -0.01215 -0.0126 
1786042249.837 0.009426621 0.01161497 0.009027911 0.01182662 0.009027911 -446.0734 -20.045 -0.0126 -0.0126 
1786042250.004 0.009426621 0.01161497 0.009571229 0.01182662 0.009571229 -446.1026 -20.045 -0.0126 -0.0126 
1786042250.182 0.01442662 0.01161497 0.00867788 0.01682662 0.00867788 -446.1305 -20.045 -0.0126 -0.0126 
1786042250.362 0.009426621 0.01161497 0.008054531 0.01182662 0.008054531 -446.1597 -20.045 -0.0126 -0.0126 
1786042250.543 0.009426621 0.01161497 0.01255452 0.01182662 0.01357118 -446.1892 -20.045 -0.0076 -0.0126 
1786042250.715 0.009426621 0.01161497 0.02960821 0.01182662 0.02960821 -445.5385 -20.045 0.0126 -0.0126 
1786042250.875 0.009432179 -0.1371714 0.03260951 0.007032385 0.03260951 -443.123 -19.83507 0.0126 0.0126 
1786042251.032 -0.01053516 -0.0279904 -0.0117689 -0.01293516 -0.0117689 -440.5868 -18.65758 0.0126 0.0126 
1786042251.222 -0.01049704 -0.01566302 -0.0114264 -0.01289704 -0.01043296 -438.2144 -17.27731 0.0126 0.0126 
1786042251.415 -0.01045822 -0.02224501 -0.009535219 -0.01285822 -0.009535219 -436.0186 -15.89766 0.0126 0.0126 
1786042251.609 -0.01041595 -0.0156051 -0.009662351 -0.01281595 -0.009662351 -433.8329 -14.39742 0.0126 0.0126 
1786042251.794 -0.01537766 -0.01633752 -0.009586733 -0.01277766 -0.009586733 -432.0473 -13.04007 0.0126 0.0126 
1786042251.975 -0.01033787 -0.01180474 -0.008771615 -0.01273766 -0.008771615 -430.376 -11.6451 0.0126 0.0126 
1786042252.158 -0.01029832 -0.01729994 -0.009328237 -0.01269832 -0.009328237 -428.9206 -10.27243 0.0126 0.0126 
1786042252.327 -0.0152614 -0.01173885 -0.00794932 -0.0126614 -0.00794932 -427.7255 -8.990021 0.0126 0.0126 
1786042252.499 -0.01022392 -0.0180782 -0.008686109 -0.00762392 -0.008686109 -426.6752 -7.692541 0.0126 0.0126 
1786042252.685 -0.01018284 -0.01139734 -0.00778005 -0.01258284 -0.00778005 -425.7151 -6.275029 0.0126 0.0126 
1786042252.875 -0.01014187 -0.01641851 -0.007935953 -0.007541871 -0.007935953 -424.9518 -4.864984 0.0126 0.0126 
1786042253.046 -0.01010453 -0.01223206 -0.008285737 -0.007504528 -0.008285737 -424.4248 -3.582285 0.0126 0.0126 
1786042253.224 -0.01006692 -0.01762261 -0.007565887 -0.007466696 -0.007565887 -424.0552 -2.285092 0.0126 0.0126 
1786042253.424 -0.01002511 -0.01240918 -0.006688839 -0.007424889 -0.007333873 -423.8368 -0.852638 0.0126 0.0126 
1786042253.610 -0.005 0.0603 -0.003718979 -0.0024 -0.003718979 -423.805 1.477024e-08 0.0126 0.0126 
1786042253.778 0.01 0.0163 0.005171016 0.0076 0.005171016 -423.8139 1.477024e-08 0.0126 0.0126 
1786042253.974 0.01 0.0123 0.007711015 0.0076 0.006441015 -423.8152 1.477024e-08 0.0126 0.0126 
1786042254.216 0.01 0.0123 0.006441015 0.0076 0.006441015 -423.8164 1.477024e-08 0.0126 0.0126 
1786042254.409 0.01 0.0123 0.006441015 0.0076 0.006441015 -423.8152 1.477024e-08 0.0126 0.0126 
1786042254.585 0.01 0.0123 0.007711015 0.0076 0.007711015 -423.8164 1.477024e-08 0.0126 0.0126 
1786042254.759 0.01 0.0123 0.007711015 0.0126 0.007711015 -423.8164 1.477024e-08 0.0126 0.0126 
1786042254.953 0.004991375 -0.04853987 -0.0006547514 -0.002608625 -0.001134752 -423.8281 -0.2963 -0.0126 -0.0126 
1786042255.136 0.009991375 0.007460127 0.00374158 0.01739138 0.00374158 -424.4478 -0.2963 -0.0126 -0.0126 
1786042255.323 0.01499138 0.01546013 0.008897913 0.01239138 0.008897913 -425.0663 -0.2963 -0.0126 -0.0126 
1786042255.492 0.009991375 0.01146013 0.009287599 0.01239138 0.009287599 -425.6467 -0.2963 -0.0126 -0.0126 
1786042255.678 0.01499138 0.01146013 0.0085706 0.01239138 0.0085706 -426.2627 -0.2963 -0.0126 -0.0126 
1786042255.845 0.01499138 0.01546013 0.008640297 0.01239138 0.008640297 -426.8227 -0.2963 -0.0126 -0.0126 
1786042256.026 0.009991375 0.01146013 0.01002035 0.01239138 0.01002035 -426.7451 -0.2963 0.0126 -0.0126 
1786042256.216 0.009991375 0.01146013 0.007277005 0.01239138 0.007277005 -426.7478 -0.2963 -0.0126 -0.0126 
1786042256.408 0.009991375 0.01146013 0.008193654 0.01239138 0.008193654 -426.7796 -0.2963 -0.0126 -0.0126 
1786042256.606 0.009991375 0.01146013 0.008380303 0.01239138 0.008380303 -426.8126 -0.2963 -0.0126 -0.0126 
1786042256.793 0.009991375 0.01146013 0.007963619 0.01239138 0.007963619 -426.8443 -0.2963 -0.0126 -0.0126 
1786042256.981 0.01499138 0.01146013 0.007506937 0.01239138 0.007506937 -426.8735 -0.2963 -0.0126 -0.0126 
1786042257.157 0.009991375 0.01146013 0.007063609 0.007391375 0.007063609 -426.8886 -0.2963 0.0126 -0.0126 
1786042257.333 0.009991375 0.01146013 0.02278422 0.01239138 0.02278422 -425.7532 -0.2963 0.0126 -0.0126 
1786042257.506 0.009993212 -0.09591554 -0.02038836 0.007543341 -0.02038836 -423.8469 -0.2288864 0.0126 0.0126 
1786042257.690 -1.00045e-13 0.0123 -0.006258978 -0.0024 -0.006258978 -423.8025 9.541763e-09 0.0126 0.0126 
1786042257.855 -1.00045e-13 0.0043 -0.004988979 -0.0024 -0.004988979 -423.8037 9.541763e-09 0.0126 0.0126 
1786042258.027 -1.00045e-13 0.0043 -0.004988979 -0.0024 -0.004988979 -423.8037 9.541763e-09 0.0126 0.0126 
1786042258.201 -1.00045e-13 0.0043 -0.004988979 -0.0024 -0.004988979 -423.8037 9.541763e-09 0.0126 0.0126 
1786042258.383 -0.009981226 -0.06525712 -0.009732101 -0.01238123 -0.009732101 -423.8192 0.6450338 -0.0126 0.0126 
1786042258.554 -0.01494412 -0.02321424 -0.01088967 -0.01234412 -0.01088967 -423.9767 1.920018 -0.0126 0.0126 
1786042258.735 -0.01490531 -0.0209061 -0.01064289 -0.01230531 -0.01174296 -424.3132 3.262517 -0.0126 0.0126 
1786042258.923 -0.009864146 -0.01946462 -0.01009958 -0.01226393 -0.01009958 -424.8606 4.679856 -0.0126 0.0126 
1786042259.117 -0.009823937 -0.01719678 -0.01049359 -0.01222394 -0.01049359 -425.5832 6.067357 -0.0126 0.0126 
1786042259.294 -0.009783183 -0.02078716 -0.01051906 -0.01218318 -0.01051906 -426.5014 7.470145 -0.0126 0.0126 
1786042259.463 -0.01474687 -0.01367938 -0.01061838 -0.01214644 -0.01061838 -427.5009 8.745092 -0.0126 0.0126 
1786042259.630 -0.01471047 -0.0194157 -0.01151518 -0.01211047 -0.01151518 -428.6338 9.997356 -0.0126 0.0126 
1786042259.812 -0.009672072 -0.009359363 -0.01068742 -0.01207186 -0.01068742 -430.032 11.35481 -0.0126 0.0126 
1786042259.983 -0.01463492 -0.01352431 -0.009982943 -0.0170347 -0.0102227 -431.5332 12.65244 -0.0126 0.0126 
1786042260.148 -0.01459922 -0.0147131 -0.0105385 -0.01199922 -0.0105385 -433.1321 13.90488 -0.0126 0.0126 
1786042260.313 -0.009564985 -0.01341173 -0.01017388 -0.01196499 -0.01017388 -434.825 15.12027 -0.0126 0.0126 
1786042260.477 -0.009530106 -0.01878055 -0.0108739 -0.01193011 -0.0108739 -436.7021 16.36493 -0.0126 0.0126 
1786042260.635 -0.009496698 -0.01131045 -0.01042754 -0.006896698 -0.01042754 -438.649 17.56492 -0.0126 0.0126 
1786042260.794 -0.009463924 -0.01419925 -0.01038844 -0.006863717 -0.01038844 -440.7153 18.75755 -0.0126 0.0126 
1786042260.955 -0.009437713 0.127324 0.0363967 -0.006837713 0.0363967 -442.4945 19.7037 -0.0126 0.0126 
1786042261.123 0.01056229 0.02332397 0.008366467 0.008162287 0.008366467 -442.9276 19.7037 -0.0126 0.0126 
1786042261.290 0.01556229 0.01932397 0.008912829 0.01316229 0.008912829 -443.4915 19.7037 -0.0126 0.0126 
1786042261.463 0.01556229 0.01932397 0.008189192 0.01316229 0.008189192 -444.0541 19.7037 -0.0126 0.0126 
1786042261.638 0.01556229 0.01532397 0.008105533 0.01316229 0.008105533 -444.6573 19.7037 -0.0126 0.0126 
1786042261.820 0.01056229 0.01532397 0.007381896 0.008162287 0.007381896 -445.2199 19.7037 -0.0126 0.0126 
1786042261.997 0.01056229 0.01532397 0.02148175 0.01316229 0.02148175 -445.5118 19.7037 0.0126 0.0126 
1786042262.163 0.01056229 0.01132397 0.004265164 0.008162287 0.004265164 -445.3406 19.7037 -0.0126 0.0126 
1786042262.334 0.01056229 0.01132397 0.008451813 0.008162287 0.008451813 -445.3736 19.7037 -0.0126 0.0126 
1786042262.502 0.01056229 0.01132397 0.008558464 0.01316229 0.008558464 -445.4016 19.7037 -0.0126 0.0126 
1786042262.666 0.01056229 0.01132397 0.00772845 0.008162287 0.00772845 -445.4282 19.7037 -0.0126 0.0126 
1786042262.839 0.01056229 0.01132397 0.008438434 0.01316229 0.008438434 -445.4574 19.7037 -0.0126 0.0126 
1786042263.015 0.01056229 0.01132397 0.008315085 0.01316229 0.008148418 -445.4866 19.7037 -0.0126 0.0126 
1786042263.183 0.01056229 0.01532397 0.0246752 0.01316229 0.0246752 -445.3061 19.7037 0.0126 0.0126 
1786042263.346 0.01056228 0.01184733 0.01074665 0.01296228 0.01074665 -443.3465 19.70337 0.0126 0.0118 
1786042263.506 -0.009465958 0.01785594 -0.01541933 -0.007065958 -0.01541933 -440.5652 18.67625 0.0126 -0.0126 
1786042263.675 -0.009500621 -0.002139101 -0.0107158 -0.01210062 -0.0107158 -438.4126 17.42376 0.0126 -0.0126 
1786042263.843 -0.009535312 -0.01255933 -0.00899123 -0.01213552 -0.00899123 -436.4021 16.17118 0.0126 -0.0126 
1786042264.007 -0.009570012 -0.009447599 -0.009142534 -0.01217001 -0.009142534 -434.5683 14.94113 0.0126 -0.0126 
1786042264.172 -0.009605548 -0.01445966 -0.0087571 -0.01220555 -0.0087571 -432.8373 13.6812 0.0126 -0.0126 
1786042264.348 -0.01464128 -0.01104051 -0.009442019 -0.01224128 -0.009442019 -431.2548 12.42097 0.0126 -0.0126 
1786042264.519 -0.0146791 -0.01030366 -0.008123701 -0.0122791 -0.008123701 -429.7524 11.09389 0.0126 -0.0126 
1786042264.690 -0.009715599 -0.01227038 -0.009594216 -0.0123156 -0.009594216 -428.4646 9.818661 0.0126 -0.0126 
1786042264.853 -0.009751371 -0.008257408 -0.008413971 -0.007351371 -0.008413971 -427.3597 8.573815 0.0126 -0.0126 
1786042265.019 -0.009786612 -0.009880046 -0.008088215 -0.01238661 -0.008088215 -426.4187 7.351401 0.0126 -0.0126 
1786042265.185 -0.009823034 -0.009667119 -0.007461062 -0.007423034 -0.007461062 -425.5995 6.091174 0.0126 -0.0126 
1786042265.348 -0.009858237 -0.01283041 -0.007440168 -0.007458455 -0.007440168 -424.9506 4.868629 0.0126 -0.0126 
1786042265.515 -0.009895029 -0.0116379 -0.00789564 -0.007495029 -0.00789564 -424.4324 3.608537 0.0126 -0.0126 
1786042265.675 -0.009929909 -0.0100102 -0.008280025 -0.01252991 -0.008280025 -424.0819 2.408732 0.0126 -0.0126 
1786042265.837 -0.00996482 -0.01051082 -0.00855188 -0.01256482 -0.00855188 -423.8711 1.208729 0.0126 -0.0126 
1786042266.001 -0.009999022 -0.1025432 -0.006313943 -0.007599022 -0.006313943 -423.8025 0.03364291 0.0126 -0.0126 
1786042266.170 0.01 -0.0037 0.005171016 0.0124 0.005171016 -423.8139 -1.660063e-08 0.0126 -0.0126 
1786042266.369 0.00998712 0.08018646 0.006031088 0.00738712 0.006031088 -423.8243 -0.4425416 -0.0126 -0.0126 
1786042266.547 -0.005053694 -0.0008947619 -0.006158495 -0.007653912 -0.006158495 -423.969 -1.852599 -0.0126 -0.0126 
1786042266.715 -0.005090335 -0.005445715 -0.008556819 -0.007690553 -0.008556819 -424.27 -3.112453 -0.0126 -0.0126 
1786042266.882 -0.01012802 -0.009746836 -0.008607067 -0.00772802 -0.008607067 -424.7399 -4.402392 -0.0126 -0.0126 
1786042267.044 -0.005163249 -0.009346369 -0.009169484 -0.007763249 -0.009169484 -425.3292 -5.617639 -0.0126 -0.0126 
1786042267.215 -0.005198839 -0.01217247 -0.008530587 -0.007798839 -0.008530587 -426.0722 -6.847477 -0.0126 -0.0126 
1786042267.380 -0.005236283 -0.009012421 -0.008453025 -0.007836283 -0.008453025 -427.0132 -8.144891 -0.0126 -0.0126 
1786042267.555 -0.01027296 -0.01238299 -0.008596925 -0.01287296 -0.008596925 -428.0953 -9.427365 -0.0126 -0.0126 
1786042267.733 -0.01031164 -0.007926869 -0.009566909 -0.007911645 -0.009566909 -429.4097 -10.77 -0.0126 -0.0126 
1786042267.896 -0.005347169 -0.01132134 -0.008869904 -0.007947169 -0.008869904 -430.7775 -12.01495 -0.0126 -0.0126 
1786042268.058 -0.01038147 -0.00835847 -0.009103273 -0.01298168 -0.009103273 -432.2533 -13.23004 -0.0126 -0.0126 
1786042268.224 -0.00541644 -0.005054241 -0.009805834 -0.008016652 -0.009805834 -433.8992 -14.46752 -0.0126 -0.0126 
1786042268.395 -0.00545164 -0.01073341 -0.009454208 -0.00805164 -0.009317851 -435.7127 -15.71994 -0.0126 -0.0126 
1786042268.563 -0.00548746 -0.005755214 -0.01026561 -0.00808746 -0.01026561 -437.7079 -16.99492 -0.0126 -0.0126 
1786042268.737 -0.005523035 -0.01142055 -0.008748859 -0.008123035 -0.008748859 -439.8694 -18.27759 -0.0126 -0.0126 
1786042268.915 -0.0105602 -0.006351583 -0.01031584 -0.008160404 -0.01031584 -442.3193 -19.63481 -0.0126 -0.0126 
1786042269.089 -0.005578496 -0.05507553 0.009038837 -0.003178496 0.008245503 -443.6909 -20.2963 -0.0126 -0.0126 
1786042269.263 0.0144215 0.004924468 0.009428524 0.0118215 0.009905188 -444.2725 -20.2963 -0.0126 -0.0126 
1786042269.426 0.0144215 0.01292447 0.009814891 0.0118215 0.009814891 -444.8224 -20.2963 -0.0126 -0.0126 
1786042269.604 0.0144215 0.01292447 0.008934579 0.0168215 0.008934579 -445.4016 -20.2963 -0.0126 -0.0126 
1786042269.767 0.0144215 0.01292447 0.009797611 0.0118215 0.009797611 -445.9591 -20.2963 -0.0126 -0.0126 
1786042269.931 0.009421504 0.01292447 0.00954732 0.0118215 0.00954732 -446.4988 -20.2963 -0.0126 -0.0126 
1786042270.111 0.0144215 0.01292447 0.0191806 0.0168215 0.0191806 -446.6129 -20.2963 0.0126 -0.0126 
1786042270.283 0.0144215 0.01292447 0.008340634 0.0168215 0.008340634 -446.5344 -20.2963 -0.0126 -0.0126 
1786042270.453 0.009421504 0.01292447 0.009987284 0.0118215 0.009987284 -446.5649 -20.2963 -0.0126 -0.0126 
1786042270.628 0.0144215 0.01292447 0.009427269 0.0118215 0.009427269 -446.5928 -20.2963 -0.0126 -0.0126 
1786042270.793 0.0144215 0.01292447 0.00953392 0.0118215 0.00953392 -446.6208 -20.2963 -0.0126 -0.0126 
1786042270.954 0.009421504 0.008924468 0.009370573 0.0118215 0.009370573 -446.6474 -20.2963 -0.0126 -0.0126 
1786042271.115 0.0144215 0.01292447 0.008483917 0.0168215 0.008483917 -446.6523 -20.2963 0.0126 -0.0126 
1786042271.274 0.0144215 0.01292447 0.009660595 0.0118215 0.009660595 -446.6307 -20.2963 0.0126 -0.0126 
1786042271.439 0.009421504 0.008924468 0.02073131 0.0118215 0.02073131 -445.3048 -20.2963 0.0126 -0.0126 
1786042271.609 -0.0005616735 -0.05996573 -0.00433007 0.002038327 -0.00433007 -442.4486 -19.68127 0.0126 0.0126 
1786042271.771 -0.01552721 -0.02066524 -0.01041926 -0.01292701 -0.01041926 -440.1194 -18.42135 0.0126 0.0126 
1786042271.938 -0.01549292 -0.01470309 -0.01117401 -0.01289271 -0.01028358 -438.0163 -17.18354 0.0126 0.0126 
1786042272.103 -0.0104584 -0.01621146 -0.009881881 -0.0128584 -0.009854559 -436.0554 -15.9463 0.0126 0.0126 
1786042272.267 -0.01042429 -0.01358775 -0.009254256 -0.007824294 -0.009254256 -434.28 -14.73893 0.0126 0.0126 
1786042272.436 -0.01038851 -0.01574212 -0.00834928 -0.007788301 -0.00834928 -432.554 -13.46371 0.0126 0.0126 
1786042272.611 -0.01035062 -0.01592134 -0.007899987 -0.01275062 -0.007899987 -430.9196 -12.13642 0.0126 0.0126 
1786042272.778 -0.01531468 -0.01550428 -0.008971554 -0.01271468 -0.008971554 -429.5137 -10.86888 0.0126 0.0126 
1786042272.944 -0.01027945 -0.01172824 -0.008869415 -0.01267945 -0.008869415 -428.3034 -9.646268 0.0126 0.0126 
1786042273.105 -0.01024453 -0.01130402 -0.007180536 -0.01264431 -0.007180536 -427.2378 -8.423886 0.0126 0.0126 
1786042273.268 -0.01020906 -0.01612127 -0.007956331 -0.01260906 -0.007956331 -426.3133 -7.201481 0.0126 0.0126 
1786042273.433 -0.01017328 -0.01004933 -0.00802258 -0.007573278 -0.00802258 -425.5246 -5.963882 0.0126 0.0126 
1786042273.592 -0.01013872 -0.01411306 -0.007663743 -0.01253872 -0.007663743 -424.9048 -4.771258 0.0126 0.0126 
1786042273.754 -0.01010367 -0.01287783 -0.008792617 -0.01250367 -0.008792617 -424.4159 -3.563643 0.0126 0.0126 
1786042273.926 -0.01006748 -0.01438884 -0.007573776 -0.007467258 -0.007573776 -424.0603 -2.31133 0.0126 0.0126 
1786042274.102 -0.01002951 -0.01215751 -0.007859276 -0.01242951 -0.007859276 -423.8507 -1.013835 0.0126 0.0126 
1786042274.277 -0.01 0.1003 -0.006258978 -0.0074 -0.006258978 -423.8025 9.541763e-09 0.0126 0.0126 
1786042274.464 0.01 0.0203 0.003901017 0.0076 0.003901017 -423.8126 9.541763e-09 0.0126 0.0126 
1786042274.626 0.015 0.0163 0.007711015 0.0126 0.007711015 -423.8164 9.541763e-09 0.0126 0.0126 
1786042274.784 0.01 0.0123 0.007711015 0.0126 0.007711015 -423.8164 9.541763e-09 0.0126 0.0126 
1786042274.942 0.01 0.0163 0.007711015 0.0126 0.007711015 -423.8164 9.541763e-09 0.0126 0.0126 
1786042275.101 0.01 0.0123 0.007711015 0.0076 0.007711015 -423.8164 9.541763e-09 0.0126 0.0126 
1786042275.261 0.01 0.0123 0.001541012 0.0076 0.001541012 -423.8103 9.541763e-09 -0.0001 0.0126 
1786042275.436 0.01500084 0.01666954 -0.002885758 0.01260084 -0.002885758 -424.0237 0.02870001 -0.0126 0.0126 
1786042275.603 0.01000084 0.01266954 0.003217266 0.01260084 0.003217266 -424.5964 0.02870001 -0.0126 0.0126 
1786042275.773 0.01500084 0.01266954 0.006936967 0.01260084 0.006936967 -425.1501 0.02870001 -0.0126 0.0126 
1786042275.943 0.01000084 0.01266954 0.007326654 0.01260084 0.007326654 -425.7305 0.02870001 -0.0126 0.0126 
1786042276.105 0.01000084 0.01266954 0.006283028 0.007600836 0.006283028 -426.2728 0.02870001 -0.0126 0.0126 
1786042276.278 0.01500084 0.01266954 0.007306054 0.01260084 0.007306054 -426.8405 0.02870001 -0.0126 0.0126 
1786042276.452 0.01000084 0.01266954 8.94941e-05 0.01260084 8.94941e-05 -426.6689 0.02870001 0.0126 0.0126 
1786042276.624 0.01000084 0.00866954 0.004252797 0.01260084 0.004252797 -426.6995 0.02870001 -0.0126 0.0126 
1786042276.786 0.01000084 0.01266954 0.006462781 0.007600836 0.006462781 -426.7288 0.02870001 -0.0126 0.0126 
1786042276.951 0.01000084 0.01266954 0.006902766 0.01260084 0.006902766 -426.7567 0.02870001 -0.0126 0.0126 
1786042277.119 0.01000084 0.01266954 0.006842751 0.01260084 0.006842751 -426.7846 0.02870001 -0.0126 0.0126 
1786042277.314 0.01000084 0.00866954 0.007426067 0.01260084 0.007426067 -426.8164 0.02870001 -0.0126 0.0126 
1786042277.497 0.01000084 0.00866954 0.005902742 0.007600836 0.005902742 -426.8263 0.02870001 0.0126 0.0126 
1786042277.672 0.01000084 0.01266954 0.02226001 0.01260084 0.02226001 -425.7049 0.02870001 0.0126 0.0126 
1786042277.843 0.01000084 0.00866954 -0.02081943 0.007600836 -0.02081943 -423.8431 0.02870001 0.0126 0.0126 
1786042278.010 0.01 0.0083 -0.003718979 0.0124 -0.003718979 -423.805 9.541763e-09 0.0126 -0.0126 
1786042278.175 0.01 0.0083 0.005171016 0.0074 0.005171016 -423.8139 9.541763e-09 0.0126 -0.0126 
1786042278.348 0.005009829 -0.1088767 0.004921332 0.002609829 0.004921332 -423.8192 0.3375727 -0.0126 0.0126 
1786042278.530 -0.01495086 -0.02428078 -0.009649325 -0.01235086 -0.009649325 -423.9373 1.687498 -0.0126 0.0126 
1786042278.697 -0.01491376 -0.01389407 -0.01031383 -0.01731376 -0.01031383 -424.2243 2.962541 -0.0126 0.0126 
1786042278.883 -0.01487562 -0.01935291 -0.01132995 -0.01727562 -0.01132995 -424.6841 4.274908 -0.0126 0.0126 
1786042279.062 -0.01483449 -0.01353311 -0.01043748 -0.01223449 -0.01043748 -425.3699 5.692404 -0.0126 0.0126 
1786042279.251 -0.01479434 -0.01757653 -0.01043269 -0.0121939 -0.01043269 -426.2385 7.094967 -0.0126 0.0126 
1786042279.422 -0.01475646 -0.01235457 -0.009996934 -0.01215646 -0.009996934 -427.2114 8.392529 -0.0126 0.0126 
1786042279.608 -0.009719359 -0.01528077 -0.009942097 -0.01211914 -0.009942097 -428.3455 9.690146 -0.0126 0.0126 
1786042279.817 -0.009674256 -0.01006488 -0.009612999 -0.01207383 -0.009612999 -429.9469 11.27252 -0.0126 0.0126 
1786042280.005 -0.0146311 -0.01388997 -0.01002771 -0.0120311 -0.01002771 -431.6843 12.77233 -0.0126 0.0126 
1786042280.173 -0.01459562 -0.01105735 -0.01009128 -0.01199541 -0.01009128 -433.3086 14.0323 -0.0126 0.0126 
1786042280.348 -0.009559277 -0.01156516 -0.009817954 -0.01195928 -0.009817954 -435.1273 15.32247 -0.0126 0.0126 
1786042280.518 -0.009523576 -0.01392356 -0.01065586 -0.01192358 -0.01065586 -437.064 16.58999 -0.0126 0.0126 
1786042280.700 -0.009484994 -0.01059495 -0.01110025 -0.01188499 -0.01110025 -439.3564 17.9774 -0.0126 0.0126 
1786042280.866 -0.009450424 -0.01290073 -0.0110039 -0.01185042 -0.0110039 -441.5789 19.23002 -0.0126 0.0126 
1786042281.043 -0.009428516 0.0669016 0.01509822 -0.006828516 0.01509822 -443.1194 20.0287 -0.0126 0.0126 
1786042281.253 0.01557148 0.0229016 0.00979454 0.01317148 0.00979454 -443.7531 20.0287 -0.0126 0.0126 
1786042281.451 0.01557148 0.0189016 0.009247492 0.01317148 0.009247492 -444.4592 20.0287 -0.0126 0.0126 
1786042281.627 0.01057148 0.0149016 0.008687168 0.01317148 0.008687168 -445.0587 20.0287 -0.0126 0.0126 
1786042281.809 0.01557148 0.0189016 0.008443514 0.01317148 0.008443514 -445.6556 20.0287 -0.0126 0.0126 
1786042281.984 0.01057148 0.0149016 0.01929322 0.01317148 0.01929322 -446.1915 20.0287 -0.0126 0.0126 
1786042282.147 0.01057148 0.0149016 -0.0004233272 0.01317148 -0.0004233272 -445.9788 20.0287 -0.01015 0.0126 
1786042282.319 0.01057148 0.0149016 0.009349984 0.01317148 0.009349984 -446.0162 20.0287 -0.0126 0.0126 
1786042282.487 0.01557148 0.0149016 0.008623302 0.01317148 0.008623302 -446.0442 20.0287 -0.0126 0.0126 
1786042282.662 0.01057148 0.0149016 0.008229954 0.008171484 0.008063287 -446.0721 20.0287 -0.0126 0.0126 
1786042282.829 0.01057148 0.0149016 0.01496328 0.01317148 0.01496328 -446.0996 20.0287 -0.0028 0.0126 
1786042283.001 0.01057148 0.0149016 0.028887 0.008171484 0.028887 -445.4014 20.0287 0.0126 0.0126 
1786042283.190 0.00555936 0.07448484 0.008298989 0.00295936 0.008298989 -442.3826 19.58625 0.0126 -0.0126 
1786042283.350 -0.009474722 0.003654509 -0.01100165 -0.01207472 -0.01100165 -440 18.34874 0.0126 -0.0126 
1786042283.514 -0.009508006 -0.00784099 -0.01005484 -0.01210821 -0.01005484 -437.9541 17.14118 0.0126 -0.0126 
1786042283.693 -0.009544236 -0.00829279 -0.008545018 -0.01214424 -0.008545018 -435.9183 15.85121 0.0126 -0.0126 
1786042283.884 -0.01458514 -0.01203322 -0.009177335 -0.01218514 -0.009177335 -433.8063 14.39622 0.0126 -0.0126 
1786042284.063 -0.009623759 -0.008461323 -0.008927258 -0.01222376 -0.008927258 -432.0067 13.03119 0.0126 -0.0126 
1786042284.266 -0.009662591 -0.008107553 -0.008355137 -0.01226259 -0.008355137 -430.3836 11.65867 0.0126 -0.0126 
1786042284.455 -0.009707418 -0.01066959 -0.008320659 -0.007307418 -0.008320659 -428.7377 10.09869 0.0126 -0.0126 
1786042284.620 -0.009743397 -0.007343496 -0.00732826 -0.007343612 -0.00732826 -427.5858 8.838464 0.0126 -0.0126 
1786042284.780 -0.009778198 -0.008682653 -0.007224416 -0.0123782 -0.008032079 -426.6231 7.631213 0.0126 -0.0126 
1786042284.949 -0.009814401 -0.01048032 -0.007641557 -0.007414401 -0.007641557 -425.7786 6.386176 0.0126 -0.0126 
1786042285.115 -0.009850692 -0.01133968 -0.008266127 -0.01245069 -0.008266127 -425.0788 5.133711 0.0126 -0.0126 
1786042285.277 -0.009886184 -0.00504827 -0.008070287 -0.007486184 -0.008070287 -424.5429 3.91129 0.0126 -0.0126 
1786042285.438 -0.009921508 -0.006530477 -0.007251188 -0.007521508 -0.007251188 -424.1543 2.696313 0.0126 -0.0126 
1786042285.599 -0.00995665 -0.01097307 -0.007145 -0.01255665 -0.007145 -423.9092 1.488569 0.0126 -0.0126 
1786042285.760 -0.009991592 -0.00545333 -0.006495406 -0.007591592 -0.006495406 -423.8063 0.2886283 0.0126 -0.0126 
1786042285.924 -1.00045e-13 -0.0237 9.101872e-05 0.0024 9.101872e-05 -423.8088 1.477024e-08 0.0126 -0.0126 
1786042286.102 0.02 0.0163 0.01279101 0.0224 0.01279101 -423.8215 1.477024e-08 0.0126 -0.0126 
1786042286.272 0.02 0.0203 0.01279101 0.0174 0.01279101 -423.8215 1.477024e-08 0.0126 -0.0126 
1786042286.444 0.0049834 0.06260888 0.00484024 0.0023834 0.00484024 -423.8293 -0.5699652 -0.0126 -0.0126 
1786042286.612 -0.01005394 -0.001821286 -0.007515828 -0.007653941 -0.007515828 -423.9678 -1.852647 -0.0126 -0.0126 
1786042286.781 -0.0100906 -0.008372744 -0.008803317 -0.0076906 -0.008803317 -424.27 -3.112716 -0.0126 -0.0126 
1786042286.959 -0.01012743 -0.008105041 -0.009056656 -0.007727651 -0.009056656 -424.7336 -4.387408 -0.0126 -0.0126 
1786042287.130 -0.0101666 -0.006325861 -0.008333997 -0.0127666 -0.008333997 -425.3927 -5.729877 -0.0126 -0.0126 
1786042287.303 -0.0102035 -0.01062206 -0.008683341 -0.007803497 -0.008683341 -426.1788 -7.005049 -0.0126 -0.0126 
1786042287.474 -0.01024095 -0.005047739 -0.00939033 -0.01284116 -0.00939033 -427.1517 -8.317943 -0.0126 -0.0126 
1786042287.653 -0.01027827 -0.009626654 -0.008622779 -0.007878272 -0.008622779 -428.2629 -9.599882 -0.0126 -0.0126 
1786042287.826 -0.01031674 -0.01042183 -0.009068803 -0.01291674 -0.009068803 -429.5939 -10.94269 -0.0126 -0.0126 
1786042288.001 -0.01035461 -0.009949556 -0.009875152 -0.01295461 -0.009875152 -431.0785 -12.26993 -0.0126 -0.0126 
1786042288.167 -0.01038995 -0.007915872 -0.01059018 -0.007989954 -0.01059018 -432.6228 -13.51488 -0.0126 -0.0126 
1786042288.353 -0.005425958 -0.007038282 -0.009374906 -0.008026592 -0.009877062 -434.3894 -14.81257 -0.0126 -0.0126 
1786042288.526 -0.01046532 -0.01052413 -0.009049201 -0.01306532 -0.009049201 -436.4417 -16.19253 -0.0126 -0.0126 
1786042288.694 -0.01050044 -0.006400538 -0.01030695 -0.00810065 -0.01012061 -438.4813 -17.45989 -0.0126 -0.0126 
1786042288.853 -0.01053429 -0.006070275 -0.01045105 -0.008134289 -0.01045105 -440.5768 -18.67489 -0.0126 -0.0126 
1786042289.020 -0.01056713 -0.04675718 0.001496186 -0.008167125 0.001496186 -442.7815 -19.86946 -0.0126 -0.0126 
1786042289.184 0.009430087 -0.00630873 0.01147178 0.01183009 0.01147178 -443.3022 -19.9713 -0.0126 -0.0126 
1786042289.360 0.01943009 0.01769127 0.0126548 0.01683009 0.0126548 -443.8801 -19.9713 -0.0126 -0.0126 
1786042289.521 0.01943009 0.02169127 0.01129451 0.01683009 0.01129451 -444.4287 -19.9713 -0.0126 -0.0126 
1786042289.687 0.01943009 0.02169127 0.01199754 0.02183009 0.01199754 -444.9761 -19.9713 -0.0126 -0.0126 
1786042289.857 0.01943009 0.01769127 0.01127391 0.01683009 0.01175057 -445.5425 -19.9713 -0.0126 -0.0126 
1786042290.043 0.01443009 0.01769127 0.01976692 0.01683009 0.01976692 -446.128 -19.9713 -0.0126 -0.0126 
1786042290.217 0.01443009 0.01769127 0.00485708 0.01683009 0.00485708 -445.8616 -19.9713 0.01135 -0.0126 
1786042290.408 0.01443009 0.01769127 0.01041705 0.01683009 0.01041705 -445.8981 -19.9713 -0.0126 -0.0126 
1786042290.579 0.01443009 0.01369127 0.01062703 0.01683009 0.01062703 -445.9273 -19.9713 -0.0126 -0.0126 
1786042290.752 0.01443009 0.01369127 0.01067035 0.01683009 0.01067035 -445.9565 -19.9713 -0.0126 -0.0126 
1786042290.921 0.01443009 0.01769127 0.01061033 0.01683009 0.01061033 -445.9845 -19.9713 -0.0126 -0.0126 
1786042291.095 0.01443009 0.01369127 0.01065365 0.01683009 0.01065365 -446.0137 -19.9713 -0.0126 -0.0126 
1786042291.267 0.01443009 0.01369127 0.008946996 0.01683009 0.008946996 -446.0173 -19.9713 0.0126 -0.0126 
1786042291.437 0.009430087 0.01369127 0.02083438 0.01183009 0.02083438 -444.6914 -19.9713 0.0126 -0.0126 
1786042291.602 -0.0005528411 -0.06282362 -0.005453573 -0.002952841 -0.005453573 -441.8365 -19.34894 0.0126 0.0126 
1786042291.769 -0.0155185 -0.01650717 -0.01142415 -0.0129183 -0.01142415 -439.5606 -18.09636 0.0126 0.0126 
1786042291.939 -0.0154835 -0.01749189 -0.01050558 -0.0128835 -0.01050558 -437.4702 -16.84391 0.0126 0.0126 
1786042292.115 -0.01044637 -0.02067439 -0.009462786 -0.01284616 -0.009462786 -435.4027 -15.50892 0.0126 0.0126 
1786042292.283 -0.0154107 -0.01372898 -0.009564593 -0.0128107 -0.009564593 -433.6031 -14.24889 0.0126 0.0126 
1786042292.454 -0.01537504 -0.01671547 -0.009176834 -0.01277504 -0.009176834 -431.9533 -12.98881 0.0126 0.0126 
1786042292.622 -0.01033855 -0.01287801 -0.009081956 -0.01273855 -0.009081956 -430.4281 -11.70616 0.0126 0.0126 
1786042292.786 -0.01030319 -0.01929249 -0.008781924 -0.01270319 -0.008781924 -429.1047 -10.46884 0.0126 0.0126 
1786042292.947 -0.01026833 -0.01319682 -0.008394444 -0.01266833 -0.008394444 -427.9478 -9.253814 0.0126 0.0126 
1786042293.109 -0.01523356 -0.01684003 -0.007958853 -0.01263356 -0.007958853 -426.9381 -8.046394 0.0126 0.0126 
1786042293.272 -0.01019804 -0.01655297 -0.008329253 -0.01259804 -0.008329253 -426.0529 -6.81652 0.0126 0.0126 
1786042293.432 -0.01516308 -0.009147167 -0.007978896 -0.01256308 -0.007978896 -425.3265 -5.608833 0.0126 0.0126 
1786042293.609 -0.01012587 -0.01551801 -0.00879704 -0.007525874 -0.00879704 -424.708 -4.326219 0.0126 0.0126 
1786042293.789 -0.0100886 -0.01158994 -0.007862313 -0.01248838 -0.007862313 -424.2482 -3.03618 0.0126 0.0126 
1786042293.970 -0.01004736 -0.01537355 -0.008896965 -0.007447356 -0.008896965 -423.9282 -1.626379 0.0126 0.0126 
1786042294.137 -0.01501023 -0.009768592 -0.00717002 -0.007410231 -0.00717002 -423.8063 -0.3437556 0.0126 0.0126 
1786042294.310 -0.005 0.0363 -0.00244898 -0.0024 -0.00244898 -423.8063 1.477024e-08 0.0126 0.0126 
1786042294.487 0.01 0.0123 0.003901017 0.0076 0.003901017 -423.8126 1.477024e-08 0.0126 0.0126 
1786042294.662 0.005 0.0123 0.006441015 0.0076 0.006441015 -423.8152 1.477024e-08 0.0126 0.0126 
1786042294.836 0.01 0.0123 0.006441015 0.0076 0.006441015 -423.8152 1.477024e-08 0.0126 0.0126 
1786042295.000 0.01 0.0123 0.006441015 0.0076 0.006441015 -423.8152 1.477024e-08 0.0126 0.0126 
1786042295.173 0.01 0.0123 0.006441015 0.0076 0.006441015 -423.8152 1.477024e-08 0.0126 0.0126 
1786042295.333 0.009999735 0.0429477 0.003046947 0.005399735 0.003046947 -423.8118 -0.009084287 0.00415 0.00415 
1786042295.501 0.01499734 0.00788993 -0.001336457 0.01239734 -0.001336457 -424.0922 -0.09120001 -0.0126 -0.0126 
1786042295.675 0.01499734 0.01588993 0.006356555 0.01239734 0.006356555 -424.6866 -0.09120001 -0.0126 -0.0126 
1786042295.855 0.01499734 0.01188993 0.008176236 0.01239734 0.008176236 -425.2784 -0.09120001 -0.0126 -0.0126 
1786042296.045 0.01499734 0.01588993 0.008095896 0.01239734 0.008095896 -425.9083 -0.09120001 -0.0126 -0.0126 
1786042296.213 0.01499734 0.01588993 0.008008918 0.01239734 0.008008918 -426.4849 -0.09120001 -0.0126 -0.0126 
1786042296.403 0.01499734 0.01188993 0.01694865 0.01239734 0.01694865 -426.9828 -0.09120001 -0.0126 -0.0126 
1786042296.590 0.009997342 0.01588993 0.001042121 0.01239734 0.001042121 -426.7262 -0.09120001 -0.0126 -0.0126 
1786042296.777 0.009997342 0.01188993 0.007372101 0.01239734 0.008308767 -426.7643 -0.09120001 -0.0126 -0.0126 
1786042296.949 0.01499734 0.01588993 0.008018751 0.01239734 0.008018751 -426.7935 -0.09120001 -0.0126 -0.0126 
1786042297.116 0.01499734 0.01588993 0.008292069 0.01239734 0.008292069 -426.8215 -0.09120001 -0.0126 -0.0126 
1786042297.287 0.009997342 0.01188993 0.007565387 0.01239734 0.007565387 -426.8494 -0.09120001 -0.0126 -0.0126 
1786042297.460 0.009997342 0.01188993 0.007775372 0.007397342 0.007775372 -426.8786 -0.09120001 -0.0126 -0.0126 
1786042297.641 0.009997342 0.01188993 0.01894208 0.01239734 0.01894208 -426.8276 -0.09120001 0.0126 -0.0126 
1786042297.811 0.009997342 0.01188993 0.01165644 0.01239734 0.01165644 -424.934 -0.09120001 0.0126 -0.0126 
1786042297.979 0.005 0.0363 -0.02022897 0.0026 -0.02022897 -423.7885 2.843377e-06 0.0126 0.0126 
1786042298.140 -1.00045e-13 0.0083 -0.006258978 -0.0024 -0.006258978 -423.8025 1.477024e-08 0.0126 0.0126 
1786042298.306 7.088751e-07 -0.0590852 -0.01160784 -0.002399291 -0.01160784 -423.7972 0.02435428 -0.0054 0.0126 
1786042298.476 -0.0149635 -0.03816075 -0.009860979 -0.0123635 -0.009860979 -423.8751 1.252434 -0.0126 0.0126 
1786042298.635 -0.01492855 -0.0173658 -0.00986056 -0.01232855 -0.00986056 -424.091 2.452376 -0.0126 0.0126 
1786042298.794 -0.01489385 -0.01692741 -0.01106133 -0.01729385 -0.01106133 -424.4428 3.644994 -0.0126 0.0126 
1786042298.952 -0.01485963 -0.02051857 -0.0107081 -0.01225941 -0.0107081 -424.9304 4.829923 -0.0126 0.0126 
1786042299.114 -0.009824816 -0.01732655 -0.009678259 -0.01222482 -0.009678259 -425.5591 6.022381 -0.0126 0.0126 
1786042299.279 -0.01478856 -0.01732185 -0.01033301 -0.01218856 -0.01033301 -426.3655 7.275003 -0.0126 0.0126 
1786042299.440 -0.009753923 -0.01303295 -0.00953187 -0.01215371 -0.00953187 -427.2876 8.482668 -0.0126 0.0126 
1786042299.603 -0.01471853 -0.01671771 -0.01047387 -0.01211853 -0.01047387 -428.362 9.704825 -0.0126 0.0126 
1786042299.770 -0.01468305 -0.01261338 -0.01032517 -0.01208305 -0.01032517 -429.5964 10.94263 -0.0126 0.0126 
1786042299.929 -0.009648361 -0.01785787 -0.01044913 -0.01204836 -0.01044913 -430.9502 12.15745 -0.0126 0.0126 
1786042300.105 -0.009612128 -0.009749801 -0.009715822 -0.01201213 -0.009715822 -432.5314 13.44 -0.0126 0.0126 
1786042300.272 -0.009576088 -0.008960261 -0.01016879 -0.006976088 -0.009339245 -434.2586 14.71509 -0.0126 0.0126 
1786042300.442 -0.01454026 -0.0122092 -0.009750012 -0.01194005 -0.009750012 -436.1369 15.98986 -0.0126 0.0126 
1786042300.606 -0.009505489 -0.01225652 -0.009908196 -0.006905489 -0.009908196 -438.1054 17.22748 -0.0126 0.0126 
1786042300.773 -0.009471577 -0.009057181 -0.01014547 -0.01187158 -0.01014547 -440.1895 18.45005 -0.0126 0.0126 
1786042300.944 -0.009435685 -0.004019355 -0.007950775 -0.01183568 -0.007950775 -442.5656 19.75345 -0.0126 0.0126 
1786042301.108 0.005568574 0.03059437 0.009590126 0.008168574 0.009590126 -443.141 19.9088 -0.0126 0.0126 
1786042301.269 0.01556857 0.02259437 0.01140317 0.01816857 0.01140317 -443.6794 19.9088 -0.0126 0.0126 
1786042301.428 0.01556857 0.02259437 0.01019955 0.01816857 0.01019955 -444.2116 19.9088 -0.0126 0.0126 
1786042301.594 0.01556857 0.01859437 0.01090259 0.01316857 0.01090259 -444.7589 19.9088 -0.0126 0.0126 
1786042301.759 0.01556857 0.01859437 0.01001895 0.01316857 0.01001895 -445.3114 19.9088 -0.0126 0.0126 
1786042301.923 0.01556857 0.01859437 0.009928657 0.01816857 0.009928657 -445.8613 19.9088 -0.0126 0.0126 
1786042302.085 0.01556857 0.01859437 0.01716866 0.01316857 0.01716866 -445.8763 19.9088 0.0126 0.0126 
1786042302.249 0.01556857 0.01859437 0.009192032 0.01816857 0.009192032 -445.7838 19.9088 -0.0126 0.0126 
1786042302.454 0.01556857 0.01859437 0.009878681 0.01316857 0.009712014 -445.8168 19.9088 -0.0126 0.0126 
1786042302.623 0.01556857 0.01859437 0.01002533 0.01316857 0.01002533 -445.8473 19.9088 -0.0126 0.0126 
1786042302.796 0.01056857 0.01459437 0.009465316 0.01316857 0.009465316 -445.8753 19.9088 -0.0126 0.0126 
1786042302.964 0.01556857 0.01459437 0.009071967 0.01316857 0.009071967 -445.9032 19.9088 -0.0126 0.0126 
1786042303.134 0.01556857 0.01459437 0.01184529 0.01316857 0.01184529 -445.9272 19.9088 -0.0094 0.0126 
1786042303.318 0.01056857 0.01459437 0.03005233 0.008168574 0.03005233 -445.254 19.9088 0.0126 0.0126 
1786042303.492 0.005559317 0.1026238 0.01735272 0.002959317 0.01735272 -442.4511 19.57121 0.0126 -0.0126 
1786042303.664 -0.01447604 0.002413684 -0.01208362 -0.01207604 -0.01208362 -439.9048 18.28876 0.0126 -0.0126 
1786042303.828 -0.01451061 -0.01122642 -0.01112873 -0.01711061 -0.01112873 -437.803 17.0437 0.0126 -0.0126 
1786042304.003 -0.01454709 -0.01136283 -0.01003347 -0.01214709 -0.01003347 -435.7544 15.73887 0.0126 -0.0126 
1786042304.170 -0.01458233 -0.009569655 -0.009983436 -0.01718233 -0.009983436 -433.9371 14.47861 0.0126 -0.0126 
1786042304.337 -0.01461798 -0.01302361 -0.009487664 -0.01221798 -0.009487664 -432.2581 13.22639 0.0126 -0.0126 
1786042304.512 -0.01465488 -0.01300231 -0.009226731 -0.01225488 -0.009226731 -430.6859 11.9286 0.0126 -0.0126 
1786042304.689 -0.01469282 -0.01506805 -0.008661299 -0.01229282 -0.008661299 -429.2432 10.60144 0.0126 -0.0126 
1786042304.879 -0.009732649 -0.0120375 -0.008408265 -0.01233265 -0.008408265 -427.9147 9.213828 0.0126 -0.0126 
1786042305.067 -0.009772852 -0.01371061 -0.008664733 -0.01237307 -0.008664733 -426.759 7.811312 0.0126 -0.0126 
1786042305.270 -0.01481732 -0.01342883 -0.00929809 -0.01241732 -0.00929809 -425.7138 6.280811 0.0126 -0.0126 
1786042305.458 -0.00985843 -0.01437497 -0.008305407 -0.01245887 -0.008305407 -424.9417 4.848739 0.0126 -0.0126 
1786042305.653 -0.009899629 -0.01147666 -0.00771058 -0.01250007 -0.00771058 -424.3727 3.431249 0.0126 -0.0126 
1786042305.864 -0.009945477 -0.01290807 -0.008684587 -0.007545477 -0.008684587 -423.9701 1.871293 0.0126 -0.0126 
1786042306.040 -0.009985901 -0.004344662 -0.007468177 -0.0125859 -0.007468177 -423.8126 0.4839095 0.0126 -0.0126 
1786042306.234 -0.005 -0.0397 -0.00244898 -0.0026 -0.00244898 -423.8063 -1.137215e-08 0.0126 -0.0126 
1786042306.433 -1.704768e-05 0.05790745 0.003559527 0.002382734 0.003559527 -423.8293 -0.5924357 -0.0126 -0.0126 
1786042306.628 -0.01005878 0.0044586 -0.008355538 -0.007659 -0.008355538 -423.9995 -2.0249 -0.0126 -0.0126 
1786042306.807 -0.01009982 -0.006702674 -0.008785454 -0.01269982 -0.008785454 -424.3729 -3.434904 -0.0126 -0.0126 
1786042306.995 -0.01013972 -0.007668014 -0.008122809 -0.01273972 -0.008122809 -424.919 -4.799935 -0.0126 -0.0126 
1786042307.201 -0.01018344 -0.01153975 -0.008084243 -0.007783658 -0.008084243 -425.7356 -6.31539 -0.0126 -0.0126 
1786042307.390 -0.005225955 -0.008068051 -0.008923723 -0.007826172 -0.008923723 -426.7389 -7.78499 -0.0126 -0.0126 
1786042307.559 -0.01026314 -0.00728148 -0.008396191 -0.007863142 -0.008396191 -427.7854 -9.06751 -0.0126 -0.0126 
1786042307.760 -0.01030385 -0.008692663 -0.009402981 -0.00790385 -0.009402981 -429.124 -10.48498 -0.0126 -0.0126 
1786042307.973 -0.00534993 -0.009588614 -0.00847097 -0.007950571 -0.00847097 -430.9083 -12.12027 -0.0126 -0.0126 
1786042308.147 -0.005389785 -0.008295294 -0.009572237 -0.007989785 -0.009572237 -432.6101 -13.49983 -0.0126 -0.0126 
1786042308.331 -0.01042835 -0.006873919 -0.009097876 -0.00802835 -0.009097876 -434.4719 -14.86491 -0.0126 -0.0126 
1786042308.509 -0.01046583 -0.008211106 -0.00992546 -0.008065833 -0.00992546 -436.4608 -16.19979 -0.0126 -0.0126 
1786042308.691 -0.005502646 -0.001455483 -0.009613149 -0.008102646 -0.009613149 -438.5918 -17.51975 -0.0126 -0.0126 
1786042308.870 -0.01054043 -0.008644676 -0.009100032 -0.008140433 -0.008643444 -440.9921 -18.89998 -0.0126 -0.0126 
1786042309.035 -0.01057305 -0.1103872 0.02499688 -0.008173054 0.02499688 -443.2032 -20.0724 -0.0126 -0.0126 
1786042309.203 0.004426431 -0.008037341 0.008307918 0.006826431 0.008307918 -443.5969 -20.0912 -0.0126 -0.0126 
1786042309.369 0.01442643 0.007962659 0.009647615 0.01182643 0.009647615 -444.1582 -20.0912 -0.0126 -0.0126 
1786042309.531 0.009426431 0.01196266 0.009080653 0.01182643 0.009080653 -444.7043 -20.0912 -0.0126 -0.0126 
1786042309.690 0.009426431 0.01196266 0.007877033 0.01182643 0.007877033 -445.2365 -20.0912 -0.0126 -0.0126 
1786042309.861 0.009426431 0.01196266 0.00858007 0.01182643 0.00858007 -445.7838 -20.0912 -0.0126 -0.0126 
1786042310.027 0.009426431 0.01196266 0.01227643 0.01182643 0.01227643 -446.3502 -20.0912 -0.0126 -0.0126 
1786042310.210 0.009426431 0.007962659 -0.000653431 0.006826431 -0.000653431 -446.1202 -20.0912 0.0126 -0.0126 
1786042310.395 0.009426431 0.007962659 0.004716537 0.006826431 0.004716537 -446.1534 -20.0912 -0.0126 -0.0126 
1786042310.575 0.009426431 0.007962659 0.006903186 0.006826431 0.006903186 -446.1864 -20.0912 -0.0126 -0.0126 
1786042310.769 0.004426431 0.007962659 0.007423168 0.006826431 0.007423168 -446.2194 -20.0912 -0.0126 -0.0126 
1786042310.960 0.009426431 0.007962659 0.007339818 0.006826431 0.007339818 -446.2512 -20.0912 -0.0126 -0.0126 
1786042311.123 0.009426431 0.007962659 0.01281317 0.01182643 0.01281317 -446.2472 -20.0912 0.0126 -0.0126 
1786042311.285 0.009426431 0.01196266 0.01656397 0.006826431 0.01656397 -444.7676 -20.0912 0.0126 -0.0126 
1786042311.452 -0.0005542316 -0.0572673 -0.009057298 -0.002954232 -0.009057298 -441.8911 -19.38622 0.0126 0.0126 
1786042311.613 -0.01052092 -0.01582607 -0.009577614 -0.007920917 -0.009577614 -439.7156 -18.17879 0.0126 0.0126 
1786042311.783 -0.01048654 -0.01828258 -0.008074533 -0.007886535 -0.008074533 -437.6391 -16.94116 0.0126 0.0126 
1786042311.947 -0.0104513 -0.01264486 -0.008319597 -0.0128513 -0.008319597 -435.6694 -15.68125 0.0126 0.0126 
1786042312.119 -0.01041605 -0.0122617 -0.008686007 -0.007816049 -0.008686007 -433.8583 -14.42871 0.0126 0.0126 
1786042312.289 -0.0103789 -0.01569184 -0.007707938 -0.007778688 -0.007707938 -432.1108 -13.10883 0.0126 0.0126 
1786042312.461 -0.01034198 -0.01006765 -0.007603294 -0.007741981 -0.007603294 -430.5614 -11.81877 0.0126 0.0126 
1786042312.633 -0.01030639 -0.01532957 -0.007106943 -0.01270639 -0.007106943 -429.2165 -10.57366 0.0126 0.0126 
1786042312.814 -0.01026634 -0.01220696 -0.007667215 -0.007666342 -0.007667215 -427.8843 -9.178765 0.0126 0.0126 
1786042312.984 -0.01023003 -0.01491313 -0.007911121 -0.007630032 -0.007911121 -426.8416 -7.918684 0.0126 0.0126 
1786042313.174 -0.005189268 -0.01221129 -0.00710842 -0.01258905 -0.00710842 -425.8523 -6.501154 0.0126 0.0126 
1786042313.356 -0.01014991 -0.01236948 -0.007673839 -0.007549913 -0.007673839 -425.089 -5.151181 0.0126 0.0126 
1786042313.545 -0.01010786 -0.01243868 -0.006798429 -0.007507857 -0.006798429 -424.468 -3.703747 0.0126 0.0126 
1786042313.738 -0.01006857 -0.01143986 -0.007323838 -0.007468572 -0.007323838 -424.0704 -2.346184 0.0126 0.0126 
1786042313.921 -0.01002706 -0.01107802 -0.006239596 -0.007427063 -0.006239596 -423.8444 -0.9288302 0.0126 0.0126 
1786042314.137 -0.005 0.0643 -0.004988979 -0.0024 -0.004988979 -423.8037 1.477024e-08 0.0126 0.0126 
1786042314.333 0.005 0.0123 -0.001178981 0.0026 -0.001178981 -423.8076 1.477024e-08 0.0126 0.0126 
1786042314.549 0.01 0.0083 0.001361018 0.0026 0.001361018 -423.8101 1.477024e-08 0.0126 0.0126 
1786042314.745 0.005 0.0083 0.005171016 0.0026 0.005171016 -423.8139 1.477024e-08 0.0126 0.0126 
1786042314.940 0.005 0.0083 0.006641002 0.0026 0.006641002 -423.8154 1.477024e-08 -0.0126 0.0126 
1786042315.137 0.005007715 0.03079724 -0.004231968 0.002607715 -0.004231968 -423.8471 0.2649 -0.0126 0.0126 
1786042315.308 0.01000772 0.01879724 0.0007843765 0.01260772 0.0007843765 -424.444 0.2649 -0.0126 0.0126 
1786042315.483 0.01500772 0.01479724 0.007364065 0.01260772 0.007364065 -425.0206 0.2649 -0.0126 0.0126 
1786042315.649 0.01500772 0.01479724 0.008070422 0.01260772 0.008070422 -425.5946 0.2649 -0.0126 0.0126 
1786042315.819 0.01500772 0.01479724 0.007663455 0.01260772 0.007663455 -426.1509 0.2649 -0.0126 0.0126 
1786042315.987 0.01500772 0.01479724 0.007733152 0.01260772 0.007733152 -426.711 0.2649 -0.0126 0.0126 
1786042316.155 0.01000772 0.01479724 0.01449649 0.01260772 0.01449649 -426.7222 0.2649 0.0126 0.0126 
1786042316.319 0.01000772 0.01479724 0.004223178 0.007607715 0.004223178 -426.6627 0.2649 -0.0126 0.0126 
1786042316.486 0.01000772 0.01079724 0.006869829 0.01260772 0.006869829 -426.6932 0.2649 -0.0126 0.0126 
1786042316.655 0.01000772 0.01079724 0.00697648 0.01260772 0.00697648 -426.7211 0.2649 -0.0126 0.0126 
1786042316.849 0.01000772 0.01079724 0.00739313 0.01260772 0.00739313 -426.7529 0.2649 -0.0126 0.0126 
1786042317.051 0.01000772 0.01079724 0.007516445 0.007607715 0.007516445 -426.7872 0.2649 -0.0126 0.0126 
1786042317.236 0.01000772 0.01079724 0.0114931 0.007607715 0.0114931 -426.8141 0.2649 -0.0076 0.0126 
1786042317.418 0.01000772 0.01079724 0.02908351 0.01260772 0.02908351 -426.0694 0.2649 0.0126 0.0126 
1786042317.622 0.01000612 0.09906372 -0.02030173 0.008206122 -0.02030173 -423.8457 0.2101871 0.0126 -0.0124 
1786042317.824 0.005 -0.0037 -0.00244898 0.0074 -0.00244898 -423.8063 -1.660063e-08 0.0126 -0.0126 
1786042318.005 0.015 0.0123 0.007711015 0.0124 0.007711015 -423.8164 -1.660063e-08 0.0126 -0.0126 
1786042318.181 0.015 0.0123 0.008981014 0.0124 0.008981014 -423.8177 -1.660063e-08 0.0126 -0.0126 
1786042318.387 0.00500699 -0.1386977 0.006384073 0.00260699 0.006384073 -423.8179 0.2474274 -0.0126 0.0126 
1786042318.566 -0.009949767 -0.01757445 -0.00825194 -0.01234977 -0.00825194 -423.9449 1.724937 -0.0126 0.0126 
1786042318.749 -0.01491026 -0.01385644 -0.009985851 -0.01231026 -0.009985851 -424.2599 3.082407 -0.0126 0.0126 
1786042318.939 -0.01487016 -0.01729726 -0.009011976 -0.01226972 -0.009726142 -424.7717 4.477611 -0.0126 0.0126 
1786042319.119 -0.0148297 -0.01335642 -0.008942567 -0.01222948 -0.009392884 -425.4676 5.864742 -0.0126 0.0126 
1786042319.292 -0.009791934 -0.0134658 -0.0102442 -0.01219193 -0.0102442 -426.2855 7.162569 -0.0126 0.0126 
1786042319.468 -0.01475406 -0.01022491 -0.01028093 -0.01215406 -0.01028093 -427.2787 8.474879 -0.0126 0.0126 
1786042319.644 -0.009716752 -0.01611225 -0.009153546 -0.01211675 -0.009153546 -428.4242 9.772576 -0.0126 0.0126 
1786042319.816 -0.009679157 -0.01214177 -0.009860785 -0.01207916 -0.009860785 -429.745 11.08502 -0.0126 0.0126 
1786042320.005 -0.009640238 -0.01394812 -0.009017634 -0.01204002 -0.009017634 -431.3033 12.45755 -0.0126 0.0126 
1786042320.196 -0.009599614 -0.007839112 -0.01030073 -0.006999614 -0.01030073 -433.108 13.88255 -0.0126 0.0126 
1786042320.381 -0.009559872 -0.01395177 -0.0094899 -0.01195987 -0.0094899 -435.0841 15.29251 -0.0126 0.0126 
1786042320.550 -0.009523117 -0.01356525 -0.01147932 -0.01192312 -0.01147932 -437.0881 16.60495 -0.0126 0.0126 
1786042320.736 -0.009485574 -0.0115301 -0.01080147 -0.01188537 -0.01080147 -439.3322 17.96232 -0.0126 0.0126 
1786042320.933 -0.009446255 -0.01322111 -0.01009309 -0.01184605 -0.01009309 -441.871 19.39523 -0.0126 0.0126 
1786042321.120 -0.009422009 0.06421649 0.009311603 -0.006822009 0.009311603 -443.6007 20.2649 -0.0126 0.0126 
1786042321.304 0.01057799 0.02021649 0.008074611 0.01317799 0.008074611 -444.1989 20.2649 -0.0126 0.0126 
1786042321.492 0.01557799 0.01621649 0.007837595 0.01317799 0.00831426 -444.8491 20.2649 -0.0126 0.0126 
1786042321.669 0.01057799 0.01621649 0.008387276 0.008177991 0.008387276 -445.4358 20.2649 -0.0126 0.0126 
1786042321.859 0.01057799 0.01621649 0.008150261 0.01317799 0.008150261 -446.0823 20.2649 -0.0126 0.0126 
1786042322.032 0.01057799 0.01621649 0.01080328 0.01317799 0.01080328 -446.655 20.2649 -0.0126 0.0126 
1786042322.216 0.01557799 0.01621649 0.001140088 0.01317799 0.001140088 -446.4275 20.2649 0.0126 0.0126 
1786042322.405 0.01057799 0.01621649 0.008320054 0.01317799 0.008320054 -446.4645 20.2649 -0.0126 0.0126 
1786042322.588 0.01557799 0.01621649 0.007966704 0.01317799 0.007966704 -446.495 20.2649 -0.0126 0.0126 
1786042322.775 0.01057799 0.01221649 0.008446688 0.008177991 0.008446688 -446.5255 20.2649 -0.0126 0.0126 
1786042322.967 0.01057799 0.01221649 0.007426671 0.008177991 0.007426671 -446.556 20.2649 -0.0126 0.0126 
1786042323.138 0.01057799 0.01221649 0.007642766 0.008177991 0.007642766 -446.5865 20.2649 -0.0126 0.0126 
1786042323.313 0.01057799 0.01221649 0.02599684 0.01317799 0.02599684 -446.2713 20.2649 0.0126 0.0126 
1786042323.484 0.01057681 0.08898686 0.02393896 0.009776709 0.02393896 -444.0653 20.21804 0.0126 -0.01135 
1786042323.669 -0.009459672 0.008646506 -0.01202832 -0.01205988 -0.01202832 -440.9525 18.88485 0.0126 -0.0126 
1786042323.881 -0.01450181 -0.002838785 -0.009129193 -0.01210202 -0.009129193 -438.3211 17.36241 0.0126 -0.0126 
1786042324.089 -0.009545985 -0.006193296 -0.00807387 -0.01214598 -0.00807387 -435.823 15.78746 0.0126 -0.0126 
1786042324.267 -0.01458521 -0.009837097 -0.008370306 -0.01218542 -0.008370306 -433.7923 14.38505 0.0126 -0.0126 
1786042324.445 -0.009622345 -0.01041864 -0.008583821 -0.01222235 -0.008583821 -432.0689 13.07989 0.0126 -0.0126 
1786042324.645 -0.009664168 -0.002816168 -0.008462569 -0.007264382 -0.008462569 -430.3125 11.60208 0.0126 -0.0126 
1786042324.823 -0.009703632 -0.00973339 -0.007986491 -0.01230363 -0.007986491 -428.8672 10.22991 0.0126 -0.0126 
1786042325.007 -0.009742621 -0.007479201 -0.007295495 -0.007342621 -0.007295495 -427.615 8.872458 0.0126 -0.0126 
1786042325.216 -0.009786519 -0.007530693 -0.007487634 -0.01238652 -0.007487634 -426.4199 7.350251 0.0126 -0.0126 
1786042325.423 -0.00983122 -0.006282566 -0.006949405 -0.007431437 -0.006949405 -425.4319 5.797596 0.0126 -0.0126 
1786042325.655 -0.009879094 -0.01110807 -0.006953621 -0.007479094 -0.006953621 -424.6394 4.154838 0.0126 -0.0126 
1786042325.881 -0.009930341 -0.01157422 -0.007531708 -0.01253078 -0.007073875 -424.0717 2.362299 0.0126 -0.0126 
1786042326.094 -0.009977068 -0.007479864 -0.007145427 -0.007577068 -0.007145427 -423.8317 0.7874765 0.0126 -0.0126 
1786042326.274 -0.005 -0.0557 -0.003718979 -0.0076 -0.003718979 -423.805 -1.660063e-08 0.0126 -0.0126 
1786042326.452 0.015 0.0003 0.008981014 0.0124 0.008981014 -423.8177 -1.660063e-08 0.0126 -0.0126 
1786042326.627 0.015 0.0123 0.01025101 0.0124 0.01025101 -423.819 -1.660063e-08 0.0126 -0.0126 
1786042326.803 0.01499904 0.08841896 0.005237661 0.01239904 0.005237661 -423.814 -0.03306661 -0.00855 -0.0126 
1786042326.979 -0.005037132 0.01591065 -0.002417824 -0.007637132 -0.002417824 -423.8852 -1.282593 -0.0126 -0.0126 
1786042327.154 -0.01007577 0.003746148 -0.008389013 -0.007675772 -0.008389013 -424.1316 -2.609999 -0.0126 -0.0126 
1786042327.357 -0.01011699 -0.01114928 -0.009534563 -0.01271742 -0.00865742 -424.5901 -4.034946 -0.0126 -0.0126 
1786042327.534 -0.01015748 -0.007546906 -0.008501783 -0.007757696 -0.008631462 -425.2263 -5.422601 -0.0126 -0.0126 
1786042327.715 -0.01019701 -0.009859666 -0.008395779 -0.01279723 -0.008395779 -426.0341 -6.787617 -0.0126 -0.0126 
1786042327.887 -0.005235562 -0.006724803 -0.00967053 -0.007835562 -0.00967053 -426.9904 -8.114942 -0.0126 -0.0126 
1786042328.079 -0.005275711 -0.0108208 -0.009718455 -0.007875711 -0.009718455 -428.1791 -9.510069 -0.0126 -0.0126 
1786042328.258 -0.005314838 -0.009999948 -0.00962204 -0.007914838 -0.00962204 -429.5228 -10.8753 -0.0126 -0.0126 
1786042328.458 -0.01035806 -0.01212876 -0.009519094 -0.01295806 -0.009519094 -431.2309 -12.39742 -0.0126 -0.0126 
1786042328.646 -0.01039678 -0.007731099 -0.009574855 -0.0129972 -0.009342323 -432.9594 -13.77025 -0.0126 -0.0126 
1786042328.817 -0.005433803 -0.008775629 -0.008964019 -0.008034436 -0.008964019 -434.7894 -15.08994 -0.0126 -0.0126 
1786042328.980 -0.01046892 -0.01015827 -0.009260878 -0.008068922 -0.009260878 -436.6411 -16.32005 -0.0126 -0.0126 
1786042329.157 -0.005504858 -0.0071675 -0.009941857 -0.008105066 -0.009941857 -438.7468 -17.61746 -0.0126 -0.0126 
1786042329.381 -0.00554694 -0.009325499 -0.009950952 -0.008150859 -0.009950952 -441.6639 -19.27492 -0.0126 -0.0126 
1786042329.563 -0.0005634907 -0.02889584 0.008843986 0.001836509 0.008843986 -442.7384 -19.7351 -0.0126 -0.0126 
1786042329.735 0.01443651 0.007104158 0.008283662 0.01183651 0.008283662 -443.3378 -19.7351 -0.0126 -0.0126 
1786042329.938 0.01443651 0.01510416 0.009156651 0.01183651 0.009156651 -443.9753 -19.7351 -0.0126 -0.0126 
1786042330.131 0.01443651 0.01110416 0.009556295 0.01683651 0.009556295 -444.6357 -19.7351 -0.0126 -0.0126 
1786042330.319 0.01443651 0.01510416 0.009319279 0.01183651 0.009319279 -445.2822 -19.7351 -0.0126 -0.0126 
1786042330.498 0.01443651 0.01510416 0.02302906 0.01683651 0.02302906 -445.6974 -19.7351 -0.0054 -0.0126 
1786042330.687 0.01443651 0.01510416 0.008702513 0.01683651 0.008702513 -445.4663 -19.7351 -0.0126 -0.0126 
1786042330.863 0.01943651 0.01510416 0.01001583 0.01683651 0.01001583 -445.4968 -19.7351 -0.0126 -0.0126 
1786042331.077 0.01443651 0.01510416 0.009869145 0.01683651 0.009869145 -445.5298 -19.7351 -0.0126 -0.0126 
1786042331.258 0.01443651 0.01510416 0.009119128 0.01183651 0.009119128 -445.5616 -19.7351 -0.0126 -0.0126 
1786042331.481 0.01443651 0.01110416 0.01591579 0.01183651 0.01566246 -445.5869 -19.7351 0.0108 -0.0126 
1786042331.697 0.01443651 0.01510416 0.01924658 0.01183651 0.01987992 -444.1174 -19.7351 0.0126 -0.0126 
1786042331.874 -0.005540816 -0.05142685 -0.01551773 -0.002940816 -0.01551773 -440.9945 -18.9102 0.0126 0.0126 
1786042332.072 -0.01050326 -0.01930415 -0.01029403 -0.01290326 -0.01029403 -438.6373 -17.55272 0.0126 0.0126 
1786042332.263 -0.01546102 -0.01879794 -0.008645551 -0.01286102 -0.008645551 -436.204 -16.0378 0.0126 0.0126 
1786042332.473 -0.01541867 -0.01146374 -0.009356193 -0.01281846 -0.009052061 -433.9828 -14.52255 0.0126 0.0126 
1786042332.662 -0.01037539 -0.01742272 -0.008758769 -0.00777539 -0.008758769 -431.9686 -13.00012 0.0126 0.0126 
1786042332.851 -0.01033783 -0.01498878 -0.008943616 -0.007737406 -0.008943616 -430.3823 -11.6649 0.0126 0.0126 
1786042333.060 -0.01029322 -0.01482414 -0.008334082 -0.012693 -0.008334082 -428.7517 -10.11276 0.0126 0.0126 
1786042333.257 -0.0102486 -0.01177316 -0.008065196 -0.007648604 -0.008065196 -427.3572 -8.56747 0.0126 0.0126 
1786042333.456 -0.01020554 -0.01634956 -0.007289582 -0.007605324 -0.007289582 -426.2231 -7.067569 0.0126 0.0126 
1786042333.667 -0.01016082 -0.01327104 -0.007121275 -0.007560381 -0.007121275 -425.2769 -5.515015 0.0126 0.0126 
1786042333.853 -0.01011924 -0.01419737 -0.008149462 -0.007519242 -0.008149462 -424.6153 -4.097542 0.0126 0.0126 
1786042334.041 -0.01007825 -0.007388911 -0.007574263 -0.007478248 -0.007574263 -424.1517 -2.687477 0.0126 0.0126 
1786042334.229 -0.01003721 -0.007338913 -0.008362489 -0.007436989 -0.008362489 -423.8787 -1.269777 0.0126 0.0126 
1786042334.436 -0.01 0.1483 -0.006258978 -0.0074 -0.006258978 -423.8025 5.902036e-06 0.0126 0.0126 
1786042334.610 0.015 0.0283 0.008981014 0.0176 0.008981014 -423.8177 1.477024e-08 0.0126 0.0126 
1786042334.805 0.02 0.0283 0.01279101 0.0226 0.01279101 -423.8215 1.477024e-08 0.0126 0.0126 
1786042335.006 0.02 0.0243 0.01152101 0.0176 0.01152101 -423.8203 1.477024e-08 0.0126 0.0126 
1786042335.192 0.02 0.0243 0.01152101 0.0176 0.01152101 -423.8203 1.477024e-08 0.0126 0.0126 
1786042335.378 0.02 0.0243 0.01152101 0.0176 0.01152101 -423.8203 1.477024e-08 0.0126 0.0126 
1786042335.587 0.01000311 0.01426431 -0.004186638 0.01260311 -0.004186638 -424.0795 0.1069 -0.0126 0.0126 
1786042335.759 0.01500311 0.01026431 0.00271304 0.01260311 0.00271304 -424.6764 0.1069 -0.0126 0.0126 
1786042335.953 0.01000311 0.01426431 0.008189362 0.01260311 0.008349356 -425.3292 0.1069 -0.0126 0.0126 
1786042336.135 0.01500311 0.01426431 0.008425692 0.01760311 0.008425692 -425.9388 0.1069 -0.0126 0.0126 
1786042336.319 0.01500311 0.01426431 0.009452037 0.01760311 0.009452037 -426.5332 0.1069 -0.0126 0.0126 
1786042336.518 0.01500311 0.01826431 0.02667517 0.01760311 0.02667517 -426.9306 0.1069 0.00855 0.0126 
1786042336.719 0.01500311 0.01826431 0.009665286 0.01760311 0.009665286 -426.6907 0.1069 -0.0126 0.0126 
1786042336.911 0.01500311 0.01826431 0.0100186 0.01760311 0.0100186 -426.7237 0.1069 -0.0126 0.0126 
1786042337.100 0.01500311 0.01826431 0.009601917 0.01260311 0.009601917 -426.7554 0.1069 -0.0126 0.0126 
1786042337.268 0.01500311 0.01426431 0.009375236 0.01260311 0.009375236 -426.7834 0.1069 -0.0126 0.0126 
1786042337.433 0.01500311 0.01426431 0.009481887 0.01260311 0.009481887 -426.8113 0.1069 -0.0126 0.0126 
1786042337.595 0.01500311 0.01426431 0.008021896 0.01260311 0.008021896 -426.82 0.1069 0.0126 0.0126 
1786042337.759 0.01500311 0.01426431 0.0307524 0.01260311 0.0307524 -425.8916 0.1069 0.0126 0.0126 
1786042337.924 0.01500311 0.01426431 -0.01424517 0.01260311 -0.01424517 -423.9384 0.1069 0.0126 0.0126 
1786042338.107 0.01 0.0003 -0.00244898 0.0124 -0.00244898 -423.8063 1.477024e-08 0.0126 -0.0126 
1786042338.277 0.01 0.0123 0.006441015 0.0074 0.006441015 -423.8152 1.477024e-08 0.0126 -0.0126 
1786042338.462 -0.01496858 -0.04083124 -0.01006921 -0.01736836 -0.01006921 -423.856 1.087755 -0.0126 0.0126 
1786042338.635 -0.0199291 -0.02063651 -0.01346547 -0.0223291 -0.01346547 -424.0833 2.43746 -0.0126 0.0126 
1786042338.815 -0.01989119 -0.02173289 -0.01320194 -0.02229119 -0.01338503 -424.477 3.750018 -0.0126 0.0126 
1786042339.015 -0.0198505 -0.02121646 -0.0124479 -0.01725028 -0.0124479 -425.0866 5.159971 -0.0126 0.0126 
1786042339.219 -0.01980579 -0.02716024 -0.01220893 -0.01720557 -0.01199232 -425.9744 6.704874 -0.0126 0.0126 
1786042339.395 -0.01976446 -0.01684784 -0.01235813 -0.02216446 -0.01235813 -426.9904 8.122242 -0.0126 0.0126 
1786042339.582 -0.01472586 -0.02116653 -0.01237053 -0.01712586 -0.01237053 -428.1308 9.465089 -0.0126 0.0126 
1786042339.758 -0.01468633 -0.02141752 -0.01184653 -0.01708633 -0.01184653 -429.4834 10.84489 -0.0126 0.0126 
1786042339.928 -0.01465019 -0.02380993 -0.01140915 -0.01704998 -0.01126699 -430.8944 12.11994 -0.0126 0.0126 
1786042340.097 -0.01461422 -0.01805388 -0.01166857 -0.01201401 -0.01166857 -432.4488 13.38746 -0.0126 0.0126 
1786042340.281 -0.01457697 -0.01368793 -0.01152345 -0.01197675 -0.01152345 -434.2294 14.71496 -0.0126 0.0126 
1786042340.465 -0.01453616 -0.01917038 -0.01178988 -0.01193616 -0.01178988 -436.3808 16.16254 -0.0126 0.0126 
1786042340.648 -0.01449877 -0.01179541 -0.01224302 -0.01189877 -0.01224302 -438.5283 17.49747 -0.0126 0.0126 
1786042340.845 -0.01446062 -0.01706529 -0.01180809 -0.01686062 -0.01180809 -440.9223 18.87751 -0.0126 0.0126 
1786042341.043 -0.0144269 0.102911 0.02838954 -0.0118269 0.02838954 -443.2438 20.1069 -0.0126 0.0126 
1786042341.234 0.0105731 0.01891096 0.00838589 0.0131731 0.008862555 -443.8369 20.1069 -0.0126 0.0126 
1786042341.401 0.0105731 0.01491096 0.008138918 0.0131731 0.008138918 -444.3995 20.1069 -0.0126 0.0126 
1786042341.597 0.0155731 0.01891096 0.008851912 0.0181731 0.008851912 -445.0269 20.1069 -0.0126 0.0126 
1786042341.787 0.0155731 0.01891096 0.0109949 0.0181731 0.0109949 -445.6657 20.1069 -0.0126 0.0126 
1786042341.988 0.0205731 0.02691096 0.01266454 0.0231731 0.01266454 -446.3274 20.1069 -0.0126 0.0126 
1786042342.167 0.0305731 0.03491096 0.01036799 0.0281731 0.01036799 -446.1507 20.1069 0.0126 0.0126 
1786042342.366 0.0305731 0.03491096 0.01738129 0.0281731 0.01721462 -446.1877 20.1069 -0.0126 0.0126 
1786042342.555 0.0305731 0.03491096 0.01663127 0.0331731 0.01663127 -446.2194 20.1069 -0.0126 0.0126 
1786042342.724 0.0305731 0.03491096 0.01590459 0.0281731 0.01590459 -446.2474 20.1069 -0.0126 0.0126 
1786042342.911 0.0255731 0.03091096 0.01511457 0.0281731 0.01511457 -446.2766 20.1069 -0.0126 0.0126 
1786042343.093 0.0205731 0.02291096 0.01310958 0.0181731 0.01310958 -446.2891 20.1069 0.0126 0.0126 
1786042343.277 0.0155731 0.01891096 0.02513855 0.0131731 0.02513855 -445.0978 20.1069 0.0126 0.0126 
1786042343.457 -0.01444271 0.04924129 -0.006088041 -0.01204292 -0.006088041 -442.154 19.5219 0.0126 -0.0126 
1786042343.645 -0.01948258 -0.0119731 -0.01402005 -0.02208258 -0.01402005 -439.5187 18.08182 0.0126 -0.0126 
1786042343.831 -0.02452069 -0.02208867 -0.01225489 -0.02212069 -0.01225489 -437.2403 16.70958 0.0126 -0.0126 
1786042344.019 -0.01955907 -0.01967744 -0.01315575 -0.02215928 -0.01315575 -435.1233 15.32951 0.0126 -0.0126 
1786042344.194 -0.01959791 -0.02049967 -0.01299787 -0.01719791 -0.01299787 -433.1954 13.95691 0.0126 -0.0126 
1786042344.370 -0.01963465 -0.02014978 -0.0119683 -0.01723465 -0.0119683 -431.5368 12.6594 0.0126 -0.0126 
1786042344.562 -0.01967543 -0.02036089 -0.01188639 -0.02227543 -0.01188639 -429.8896 11.22685 0.0126 -0.0126 
1786042344.743 -0.01971447 -0.01941347 -0.01195419 -0.01731447 -0.01195419 -428.5015 9.861916 0.0126 -0.0126 
1786042344.922 -0.01975217 -0.01603389 -0.01103993 -0.01735217 -0.01103993 -427.3293 8.541936 0.0126 -0.0126 
1786042345.097 -0.01479043 -0.01712636 -0.009907402 -0.01739043 -0.009907402 -426.3247 7.222026 0.0126 -0.0126 
1786042345.274 -0.01982858 -0.01273358 -0.01068698 -0.0174288 -0.01068698 -425.4814 5.894521 0.0126 -0.0126 
1786042345.460 -0.01486791 -0.02215341 -0.01025004 -0.01746791 -0.01025004 -424.7956 4.536818 0.0126 -0.0126 
1786042345.643 -0.0149095 -0.01181624 -0.009660804 -0.0175095 -0.009660804 -424.2686 3.112048 0.0126 -0.0126 
1786042345.852 -0.01495202 -0.01603784 -0.009908074 -0.01255245 -0.01005976 -423.9282 1.634683 0.0126 -0.0126 
1786042346.047 -0.01499718 -0.05759639 -0.009253816 -0.01259718 -0.009253816 -423.7999 0.09678431 0.0126 -0.0126 
1786042346.220 0.005 -0.0117 9.101872e-05 0.0024 9.101872e-05 -423.8088 -1.137215e-08 0.0126 -0.0126 
1786042346.392 0.004989089 0.09613464 0.004900732 0.002389089 0.004900732 -423.8205 -0.374967 -0.0126 -0.0126 
1786042346.566 -0.01004887 -0.001391805 -0.008297885 -0.01264887 -0.008297885 -423.9373 -1.679641 -0.0126 -0.0126 
1786042346.745 -0.01008725 -0.008520098 -0.01060086 -0.01268725 -0.01060086 -424.2345 -2.999911 -0.0126 -0.0126 
1786042346.910 -0.01012383 -0.01297398 -0.009393509 -0.01272405 -0.009952103 -424.6815 -4.267483 -0.0126 -0.0126 
1786042347.077 -0.01516036 -0.004865151 -0.009330837 -0.01276036 -0.009330837 -425.2759 -5.51991 -0.0126 -0.0126 
1786042347.246 -0.01019681 -0.01156718 -0.01012422 -0.01279681 -0.01012422 -426.0252 -6.779908 -0.0126 -0.0126 
1786042347.406 -0.01023187 -0.008064214 -0.01082336 -0.01283187 -0.01082336 -426.8926 -7.994991 -0.0126 -0.0126 
1786042347.564 -0.01026596 -0.01303993 -0.009820807 -0.01286596 -0.009820807 -427.8768 -9.179937 -0.0126 -0.0126 
1786042347.730 -0.01030123 -0.009778732 -0.01054776 -0.01290123 -0.01054776 -429.0389 -10.41007 -0.0126 -0.0126 
1786042347.896 -0.01033657 -0.01139193 -0.009853662 -0.01293678 -0.009853662 -430.3635 -11.655 -0.0126 -0.0126 
1786042348.062 -0.01037218 -0.01137371 -0.01033617 -0.007972176 -0.01033617 -431.8342 -12.89985 -0.0126 -0.0126 
1786042348.224 -0.01040655 -0.01016186 -0.009979843 -0.008006761 -0.009979843 -433.4217 -14.12239 -0.0126 -0.0126 
1786042348.385 -0.01044074 -0.01270051 -0.01002723 -0.01304074 -0.009618347 -435.1387 -15.3374 -0.0126 -0.0126 
1786042348.546 -0.01047431 -0.008577777 -0.01012978 -0.008074313 -0.01012978 -436.9573 -16.53003 -0.0126 -0.0126 
1786042348.718 -0.01050934 -0.01066339 -0.01086846 -0.008109341 -0.01086846 -439.0223 -17.78996 -0.0126 -0.0126 
1786042348.888 -0.005544948 -0.01022751 -0.009468391 -0.008144948 -0.009468391 -441.2906 -19.07998 -0.0126 -0.0126 
1786042349.057 -0.01056725 -0.08273288 0.01647411 -0.008167251 0.01647411 -442.84 -19.8931 -0.0126 -0.0126 
1786042349.222 0.03943275 0.03326712 0.01769048 0.03183275 0.01769048 -443.3861 -19.8931 -0.0126 -0.0126 
1786042349.386 0.03443275 0.04126712 0.01744019 0.03683275 0.01744019 -443.9258 -19.8931 -0.0126 -0.0126 
1786042349.554 0.03443275 0.03726712 0.01576322 0.03183275 0.01576322 -444.4808 -19.8931 -0.0126 -0.0126 
1786042349.724 0.02943275 0.03326712 0.01472291 0.02683275 0.01472291 -445.0498 -19.8931 -0.0126 -0.0126 
1786042349.885 0.02443275 0.02926712 0.01240929 0.02183275 0.01240929 -445.5908 -19.8931 -0.0126 -0.0126 
1786042350.051 0.01943275 0.02126712 0.02367909 0.01683275 0.02367909 -445.9644 -19.8931 -0.0076 -0.0126 
1786042350.211 0.01443275 0.01726712 0.006395889 0.01683275 0.006395889 -445.7127 -19.8931 -0.0126 -0.0126 
1786042350.378 0.01443275 0.01326712 0.008105873 0.01183275 0.008105873 -445.7419 -19.8931 -0.0126 -0.0126 
1786042350.542 0.01443275 0.009267123 0.008545858 0.01183275 0.008545858 -445.7699 -19.8931 -0.0126 -0.0126 
1786042350.714 0.009432749 0.005267123 0.007985843 0.01183275 0.007985843 -445.7978 -19.8931 -0.0126 -0.0126 
1786042350.886 0.009432749 0.009267123 0.00852916 0.006832749 0.00852916 -445.827 -19.8931 -0.0126 -0.0126 
1786042351.056 0.009432749 0.009267123 0.009405811 0.01183275 0.009405811 -445.8562 -19.8931 -0.0126 -0.0126 
1786042351.229 0.009432749 0.009267123 0.02418924 0.01183275 0.02418924 -445.6973 -19.8931 0.0126 -0.0126 
1786042351.393 0.009432749 0.009201807 0.01002023 0.01188275 0.01002023 -443.7135 -19.89309 0.0126 -0.0124 
1786042351.551 -0.01553967 -0.03860127 -0.01710122 -0.01293967 -0.01710122 -440.936 -18.88826 0.0126 0.0126 
1786042351.711 -0.01550693 -0.02258166 -0.0124679 -0.01790693 -0.0124679 -438.8609 -17.69555 0.0126 0.0126 
1786042351.872 -0.01547314 -0.02381455 -0.01020563 -0.01787314 -0.01020563 -436.8911 -16.4883 0.0126 0.0126 
1786042352.038 -0.01543872 -0.01809399 -0.01151845 -0.01283872 -0.01151845 -435.0204 -15.25799 0.0126 0.0126 
1786042352.202 -0.0154041 -0.02298687 -0.01087492 -0.01280388 -0.01093515 -433.283 -14.02069 0.0126 0.0126 
1786042352.361 -0.01536992 -0.01816493 -0.009766205 -0.01276971 -0.009766205 -431.7273 -12.81314 0.0126 0.0126 
1786042352.522 -0.0153358 -0.01462063 -0.009592353 -0.01273559 -0.01009002 -430.3163 -11.61317 0.0126 0.0126 
1786042352.680 -0.01530153 -0.01984579 -0.009966432 -0.01270153 -0.009966432 -429.0501 -10.42068 0.0126 0.0126 
1786042352.852 -0.0152654 -0.01546656 -0.009350042 -0.0126654 -0.009350042 -427.8601 -9.160605 0.0126 0.0126 
1786042353.015 -0.0102298 -0.01975891 -0.00904042 -0.01262958 -0.008378201 -426.834 -7.915649 0.0126 0.0126 
1786042353.181 -0.01519452 -0.01913062 -0.008288249 -0.0125943 -0.008288249 -425.9704 -6.693179 0.0126 0.0126 
1786042353.340 -0.01015893 -0.01811594 -0.008642373 -0.01255893 -0.008642373 -425.2503 -5.470664 0.0126 0.0126 
1786042353.500 -0.01512436 -0.01667258 -0.008190716 -0.01252436 -0.008190716 -424.6877 -4.278243 0.0126 0.0126 
1786042353.666 -0.01508952 -0.0111341 -0.008409851 -0.01248952 -0.008409851 -424.2597 -3.077989 0.0126 0.0126 
1786042353.852 -0.01004831 -0.01715048 -0.007895573 -0.01244831 -0.007895573 -423.9346 -1.66047 0.0126 0.0126 
1786042354.021 -0.015011 -0.01063924 -0.008112459 -0.012411 -0.008112459 -423.8076 -0.3781697 0.0126 0.0126 
1786042354.204 -0.005 0.0323 -0.003718979 -0.0024 -0.003718979 -423.805 9.541763e-09 0.0126 0.0126 
1786042354.378 -1.00045e-13 0.0083 9.101872e-05 -0.0024 9.101872e-05 -423.8088 9.541763e-09 0.0126 0.0126 
1786042354.541 -1.00045e-13 0.0083 0.002631017 -0.0024 0.002631017 -423.8114 9.541763e-09 0.0126 0.0126 
1786042354.699 0.005 0.0083 0.006441015 -0.0024 0.006441015 -423.8152 9.541763e-09 0.0126 0.0126 
1786042354.867 0.004997002 -0.03920808 0.006060753 0.002397002 0.006060753 -423.8154 -0.1028 -0.0126 -0.0126 
1786042355.048 0.009997002 -0.003208078 -0.005066197 -0.002602998 -0.005066197 -424.3386 -0.1028 -0.0126 -0.0126 
1786042355.223 0.009997002 0.000791922 -0.002136511 0.002397002 -0.002136511 -424.9215 -0.1028 -0.0126 -0.0126 
1786042355.389 0.004997002 0.004791922 0.001903179 0.002397002 0.001903179 -425.4956 -0.1028 -0.0126 -0.0126 
1786042355.554 0.004997002 0.008791922 0.006099544 0.007397002 0.006099544 -426.0531 -0.1028 -0.0126 -0.0126 
1786042355.719 0.004997002 0.008791922 0.007755911 0.007397002 0.007755911 -426.6081 -0.1028 -0.0126 -0.0126 
1786042355.916 0.009997002 0.01279192 0.02253906 0.007397002 0.02253906 -426.9813 -0.1028 0.0118 -0.0126 
1786042356.119 0.009997002 0.01279192 0.005602503 0.012397 0.005435837 -426.7465 -0.1028 -0.0126 -0.0126 
1786042356.283 0.009997002 0.01279192 0.008289152 0.012397 0.008289152 -426.7796 -0.1028 -0.0126 -0.0126 
1786042356.458 0.009997002 0.01279192 0.007895804 0.012397 0.007895804 -426.8075 -0.1028 -0.0126 -0.0126 
1786042356.621 0.009997002 0.01279192 0.008002455 0.012397 0.008002455 -426.8354 -0.1028 -0.0126 -0.0126 
1786042356.791 0.009997002 0.008791922 0.00844244 0.012397 0.00844244 -426.8634 -0.1028 -0.0126 -0.0126 
1786042356.979 0.009997002 0.008791922 0.008829092 0.012397 0.008829092 -426.89 -0.1028 -0.0126 -0.0126 
1786042357.173 0.009997002 0.01279192 0.02863959 0.012397 0.02863959 -425.992 -0.1028 0.0126 -0.0126 
1786042357.339 0.004997002 0.008791922 -0.01489284 0.007397002 -0.01489284 -424.0006 -0.1028 0.0126 -0.0126 
1786042357.516 0.005 0.0163 -0.007528977 0.0026 -0.007528977 -423.8012 1.477024e-08 0.0126 0.0126 
1786042357.685 0.005 0.0043 -0.003718979 0.0026 -0.003718979 -423.805 1.477024e-08 0.0126 0.0126 
1786042357.852 0.005001715 -0.09529581 -0.004507448 0.002601715 -0.004507448 -423.8044 0.05873278 -0.0124 0.0126 
1786042358.077 -0.009958452 -0.02669341 -0.01076042 -0.01235845 -0.01076042 -423.8967 1.425076 -0.0126 0.0126 
1786042358.277 -0.009908413 -0.01659244 -0.0101596 -0.01230776 -0.0101596 -424.2853 3.165016 -0.0126 0.0126 
1786042358.488 -0.009861725 -0.01148688 -0.01043081 -0.01226129 -0.01043081 -424.9 4.769929 -0.0126 0.0126 
1786042358.697 -0.009817537 -0.01617053 -0.009446581 -0.01221688 -0.009446581 -425.7216 6.292273 -0.0126 0.0126 
1786042358.871 -0.009776728 -0.01758757 -0.009969393 -0.01217651 -0.009969393 -426.6665 7.687396 -0.0126 0.0126 
1786042359.031 -0.00974167 -0.01312666 -0.01065713 -0.00714167 -0.01065713 -427.6355 8.89498 -0.0126 0.0126 
1786042359.199 -0.009705867 -0.0149482 -0.01025374 -0.01210587 -0.01125976 -428.7887 10.14735 -0.0126 0.0126 
1786042359.364 -0.009670418 -0.01330072 -0.01020727 -0.007070418 -0.00955951 -430.0777 11.38523 -0.0126 0.0126 
1786042359.541 -0.01463363 -0.01157542 -0.01051298 -0.01203363 -0.01078495 -431.5738 12.67491 -0.0126 0.0126 
1786042359.714 -0.009595751 -0.005563609 -0.01072285 -0.006995751 -0.01072285 -433.2794 14.00267 -0.0126 0.0126 
1786042359.890 -0.009559148 -0.01222151 -0.009532666 -0.01195915 -0.009532666 -435.1082 15.30001 -0.0126 0.0126 
1786042360.060 -0.009522771 -0.01170314 -0.0112284 -0.01192277 -0.0112284 -437.092 16.59749 -0.0126 0.0126 
1786042360.222 -0.004488512 -0.01065691 -0.01125636 -0.006888512 -0.01125636 -439.1189 17.82736 -0.0126 0.0126 
1786042360.382 -0.009455316 -0.01066569 -0.01004767 -0.006855109 -0.01004767 -441.2461 19.03509 -0.0126 0.0126 
1786042360.549 -0.004431406 0.09477276 0.02694744 -0.006831406 0.02694744 -442.8857 19.8972 -0.0126 0.0126 
1786042360.714 0.0005685944 0.01477276 0.007263846 -0.001831406 0.007263846 -443.3746 19.8972 -0.0126 0.0126 
1786042360.883 0.005568594 0.01077276 0.006063544 0.003168594 0.006063544 -443.9436 19.8972 -0.0126 0.0126 
1786042361.050 0.005568594 0.01077276 0.007086571 0.008168594 0.007086571 -444.5011 19.8972 -0.0126 0.0126 
1786042361.215 0.01056859 0.01077276 0.006519609 0.008168594 0.006996274 -445.051 19.8972 -0.0126 0.0126 
1786042361.391 0.01056859 0.01077276 0.00738596 0.008168594 0.007862625 -445.6352 19.8972 -0.0126 0.0126 
1786042361.557 0.01056859 0.01077276 0.01975907 0.01316859 0.01975907 -446.0436 19.8972 -0.00855 0.0126 
1786042361.721 0.01056859 0.01077276 0.002472544 0.008168594 0.002472544 -445.7851 19.8972 -0.0126 0.0126 
1786042361.888 0.005568594 0.01077276 0.007992526 0.008168594 0.007992526 -445.8181 19.8972 -0.0126 0.0126 
1786042362.055 0.01056859 0.01077276 0.007765845 0.008168594 0.007765845 -445.8461 19.8972 -0.0126 0.0126 
1786042362.217 0.005568594 0.01077276 0.00743583 0.008168594 0.00743583 -445.8727 19.8972 -0.0126 0.0126 
1786042362.380 0.01056859 0.01077276 0.008209148 0.01316859 0.008209148 -445.9007 19.8972 -0.0126 0.0126 
1786042362.540 0.01056859 0.01077276 0.009010803 0.008168594 0.009010803 -445.9236 19.8972 -0.0124 0.0126 
1786042362.705 0.005568594 0.01077276 0.02915615 0.008168594 0.02915615 -445.3023 19.8972 0.0126 0.0126 
1786042362.872 0.005563853 0.1362721 0.03191772 0.007963654 0.03122719 -442.9045 19.71697 0.0126 -0.0126 
1786042363.035 -0.004470649 0.01366942 -0.01098015 -0.007070649 -0.01098015 -440.2375 18.47215 0.0126 -0.0126 
1786042363.198 -0.009504577 0.005512386 -0.009532774 -0.007104577 -0.009532774 -438.1509 17.24991 0.0126 -0.0126 
1786042363.357 -0.00953789 -0.008134585 -0.008827351 -0.00713789 -0.008827351 -436.2485 16.05731 0.0126 -0.0126 
1786042363.516 -0.009571615 -0.007181384 -0.008312345 -0.007171615 -0.008312345 -434.4679 14.85728 0.0126 -0.0126 
1786042363.674 -0.004605103 -0.0115116 -0.007871419 -0.0122051 -0.007871419 -432.8423 13.6721 0.0126 -0.0126 
1786042363.837 -0.009639186 -0.006020888 -0.007693739 -0.01223919 -0.007693739 -431.331 12.47204 0.0126 -0.0126 
1786042364.005 -0.00967493 -0.007545654 -0.008413404 -0.01227493 -0.008413404 -429.8985 11.21971 0.0126 -0.0126 
1786042364.176 -0.009711475 -0.01084787 -0.009167722 -0.00731169 -0.009167722 -428.5866 9.937087 0.0126 -0.0126 
1786042364.339 -0.004747298 -0.006298726 -0.007075781 -0.007347298 -0.007075781 -427.4728 8.699829 0.0126 -0.0126 
1786042364.503 -0.009782806 -0.004649631 -0.007681218 -0.007382806 -0.007681218 -426.5088 7.46989 0.0126 -0.0126 
1786042364.679 -0.004819719 -0.005230059 -0.008138673 -0.007419937 -0.00744981 -425.6554 6.179602 0.0126 -0.0126 
1786042364.849 -0.004858247 -0.008502521 -0.007501729 -0.007458247 -0.007501729 -424.9518 4.867384 0.0126 -0.0126 
1786042365.023 -0.009896196 -0.004780453 -0.008062438 -0.007496196 -0.008062438 -424.4172 3.562163 0.0126 -0.0126 
1786042365.187 -0.009931358 -0.007578699 -0.008539239 -0.01253158 -0.008539239 -424.0679 2.347164 0.0126 -0.0126 
1786042365.351 -0.004967644 -0.007222445 -0.006414036 -0.007567644 -0.006414036 -423.8622 1.102191 0.0126 -0.0126 
1786042365.532 -0.004999991 -0.1494444 -0.006258984 -0.007599991 -0.006258984 -423.8025 7.603161e-05 0.0126 -0.0126 
1786042365.710 0.01 -0.0037 0.007711015 0.0124 0.007711015 -423.8164 -1.660063e-08 0.0126 -0.0126 
1786042365.889 0.01 0.0083 0.01025101 0.0124 0.01025101 -423.819 -1.660063e-08 0.0126 -0.0126 
1786042366.065 0.01 0.0083 0.008981014 0.0124 0.008981014 -423.8177 -1.660063e-08 0.0126 -0.0126 
1786042366.231 0.01 0.0083 0.008981014 0.0124 0.008981014 -423.8177 -1.660063e-08 0.0126 -0.0126 
1786042366.416 0.004979443 0.05033926 0.00280566 -0.002620557 0.00280566 -423.8357 -0.7049414 -0.0126 -0.0126 
1786042366.584 -0.005058161 0.004191303 -0.00769415 -0.007658161 -0.00769415 -423.9944 -1.994946 -0.0126 -0.0126 
1786042366.755 -0.01009595 -0.001888518 -0.009511194 -0.007695954 -0.009511194 -424.3259 -3.292432 -0.0126 -0.0126 
1786042366.950 -0.005136313 -0.006540431 -0.008651567 -0.007736967 -0.009149925 -424.8771 -4.710177 -0.0126 -0.0126 
1786042367.121 -0.00517507 -0.006180805 -0.008184707 -0.007775288 -0.008184707 -425.5616 -6.022513 -0.0126 -0.0126 
1786042367.300 -0.01021373 -0.007791576 -0.008137387 -0.007813949 -0.008137387 -426.4278 -7.357294 -0.0126 -0.0126 
1786042367.476 -0.005251414 -0.005894363 -0.008570622 -0.007851846 -0.008570622 -427.4463 -8.670108 -0.0126 -0.0126 
1786042367.662 -0.00529198 -0.01165024 -0.009379591 -0.007892195 -0.01033178 -428.7163 -10.07264 -0.0126 -0.0126 
1786042367.836 -0.005330226 -0.007264205 -0.009550078 -0.007930226 -0.009550078 -430.0943 -11.4001 -0.0126 -0.0126 
1786042368.005 -0.01036595 -0.008575946 -0.008976347 -0.007966159 -0.008976347 -431.5573 -12.65996 -0.0126 -0.0126 
1786042368.185 -0.005403825 -0.00689167 -0.009571004 -0.008003825 -0.009571004 -433.2604 -13.98742 -0.0126 -0.0126 
1786042368.355 -0.005439586 -0.00892694 -0.009539768 -0.008039586 -0.009539768 -435.0422 -15.255 -0.0126 -0.0126 
1786042368.522 -0.005474923 -0.008090293 -0.009847428 -0.008074923 -0.01029313 -436.9738 -16.52245 -0.0126 -0.0126 
1786042368.690 -0.01051065 -0.007803929 -0.0109492 -0.008110655 -0.0109492 -439.0681 -17.79737 -0.0126 -0.0126 
1786042368.866 -0.005546958 -0.01050346 -0.009368788 -0.008146958 -0.009368788 -441.3833 -19.10999 -0.0126 -0.0126 
1786042369.033 -0.005574228 -0.1262399 0.03658636 -0.003174228 0.03658636 -443.2845 -20.1028 -0.0126 -0.0126 
1786042369.210 0.004425772 -0.006239887 0.008402766 0.006825772 0.008402766 -443.7607 -20.1028 -0.0126 -0.0126 
1786042369.419 0.009425772 0.005760113 0.007852399 0.006825772 0.008329063 -444.444 -20.1028 -0.0126 -0.0126 
1786042369.586 0.004425772 0.009760113 0.007925415 0.006825772 0.007925415 -445.0269 -20.1028 -0.0126 -0.0126 
1786042369.753 0.004425772 0.005760113 0.007995113 0.006825772 0.007995113 -445.587 -20.1028 -0.0126 -0.0126 
1786042369.915 0.004425772 0.005760113 0.008061491 0.01182577 0.008538156 -446.1242 -20.1028 -0.0126 -0.0126 
1786042370.089 0.004425772 0.005760113 0.01738143 0.006825772 0.01738143 -446.2675 -20.1028 0.0126 -0.0126 
1786042370.283 0.004425772 0.005760113 0.003871469 0.006825772 0.003871469 -446.1623 -20.1028 -0.0126 -0.0126 
1786042370.462 0.004425772 0.005760113 0.007328117 0.006825772 0.007328117 -446.1966 -20.1028 -0.0126 -0.0126 
1786042370.626 0.004425772 0.009760113 0.006498102 0.006825772 0.006498102 -446.2232 -20.1028 -0.0126 -0.0126 
1786042370.791 0.004425772 0.005760113 0.007438087 0.006825772 0.007438087 -446.2512 -20.1028 -0.0126 -0.0126 
1786042370.963 0.004425772 0.005760113 0.007814738 0.006825772 0.007814738 -446.2804 -20.1028 -0.0126 -0.0126 
1786042371.139 0.004425772 0.005760113 0.006021414 0.006825772 0.006021414 -446.2891 -20.1028 0.0126 -0.0126 
1786042371.324 0.004425772 0.005760113 0.01598554 0.001825772 0.01598554 -444.8146 -20.1028 0.0126 -0.0126 
1786042371.498 -0.0005530233 -0.05145303 -0.01479635 -0.002952817 -0.01479635 -441.7692 -19.32286 0.0126 0.0126 
1786042371.661 -0.01051905 -0.01958428 -0.0101107 -0.01291885 -0.01110693 -439.5746 -18.09268 0.0126 0.0126 
1786042371.825 -0.01048464 -0.02078383 -0.008744568 -0.007884637 -0.008744568 -437.5197 -16.86298 0.0126 0.0126 
1786042371.985 -0.01045084 -0.01227614 -0.009442795 -0.01285084 -0.009442795 -435.6363 -15.65519 0.0126 0.0126 
1786042372.152 -0.005415988 -0.01580692 -0.008436447 -0.007815988 -0.008436447 -433.8494 -14.41787 0.0126 0.0126 
1786042372.321 -0.01038009 -0.01507676 -0.008123131 -0.007780094 -0.008123131 -432.168 -13.15044 0.0126 0.0126 
1786042372.482 -0.0103453 -0.008656861 -0.008360065 -0.007745298 -0.008360065 -430.6897 -11.92026 0.0126 0.0126 
1786042372.649 -0.01031013 -0.01329939 -0.008341232 -0.00771013 -0.008341232 -429.346 -10.69796 0.0126 0.0126 
1786042372.815 -0.005274603 -0.01043646 -0.008783099 -0.007674603 -0.008783099 -428.1395 -9.46004 0.0126 0.0126 
1786042372.987 -0.005237433 -0.009423295 -0.007680088 -0.007637433 -0.007680088 -427.0397 -8.162999 0.0126 0.0126 
1786042373.159 -0.01020058 -0.01246384 -0.007850845 -0.007600359 -0.007850845 -426.1037 -6.887794 0.0126 0.0126 
1786042373.327 -0.01016319 -0.00960745 -0.007981856 -0.007563185 -0.007981856 -425.3265 -5.605449 0.0126 0.0126 
1786042373.490 -0.01012767 -0.01336997 -0.007773739 -0.007527456 -0.007773739 -424.7308 -4.375338 0.0126 0.0126 
1786042373.669 -0.01008948 -0.007117977 -0.0073827 -0.01248927 -0.0073827 -424.2571 -3.062935 0.0126 0.0126 
1786042373.835 -0.01005212 -0.01307424 -0.00790965 -0.007452122 -0.00790965 -423.9561 -1.787806 0.0126 0.0126 
1786042373.995 -0.01001692 -0.00407004 -0.007385247 -0.007416921 -0.007385247 -423.8177 -0.5802282 0.0126 0.0126 
1786042374.155 -0.005 0.0643 -0.003718979 -0.0024 -0.003718979 -423.805 9.541763e-09 0.0126 0.0126 
1786042374.317 -0.005 0.0123 9.101872e-05 0.0026 9.101872e-05 -423.8088 9.541763e-09 0.0126 0.0126 
1786042374.481 -0.005 0.0083 0.003901017 0.0026 0.003901017 -423.8126 9.541763e-09 0.0126 0.0126 
1786042374.649 -0.005 0.0083 0.006441015 0.0026 0.006441015 -423.8152 9.541763e-09 0.0126 0.0126 
1786042374.823 -0.005 0.0083 0.006441015 0.0026 0.006441015 -423.8152 9.541763e-09 0.0126 0.0126 
1786042375.003 -0.005 0.0083 0.006441015 0.0026 0.006441015 -423.8152 9.541763e-09 0.0126 0.0126 
1786042375.189 -0.005 0.0043 0.006441015 0.0026 0.006441015 -423.8152 9.541763e-09 0.0126 0.0126 
1786042375.354 -0.005 0.008369568 0.006391015 0.00255 0.006391015 -423.8151 -1.192184e-05 0.0124 0.0124 
1786042375.524 -0.005008661 -0.02564811 -0.007142307 0.002391339 -0.007142307 -423.9703 -0.2972 -0.0126 -0.0126 
1786042375.719 0.004991339 0.00635189 0.0007140192 0.01239134 0.0007140192 -424.6015 -0.2972 -0.0126 -0.0126 
1786042375.912 0.009991339 0.00635189 0.006827 0.007391339 0.007303665 -425.2581 -0.2972 -0.0126 -0.0126 
1786042376.099 0.009991339 0.00635189 0.00769667 0.007391339 0.00769667 -425.8652 -0.2972 -0.0126 -0.0126 
1786042376.276 0.009991339 0.01035189 0.007613011 0.01239134 0.007613011 -426.4684 -0.2972 -0.0126 -0.0126 
1786042376.440 0.004991339 0.00635189 0.01683272 0.007391339 0.01683272 -427.0031 -0.2972 -0.0126 -0.0126 
1786042376.609 0.004991339 0.00635189 -0.0008204457 0.007391339 -0.0008204457 -426.7222 -0.2972 0.0126 -0.0126 
1786042376.802 0.009991339 0.01035189 0.006319522 0.007391339 0.006319522 -426.7567 -0.2972 -0.0126 -0.0126 
1786042376.970 0.009991339 0.01035189 0.007466172 0.007391339 0.007466172 -426.7872 -0.2972 -0.0126 -0.0126 
1786042377.176 0.004991339 0.00635189 0.006882822 0.007391339 0.006882822 -426.8189 -0.2972 -0.0126 -0.0126 
1786042377.351 0.004991339 0.01035189 0.006696139 0.007391339 0.006696139 -426.8494 -0.2972 -0.0126 -0.0126 
1786042377.567 0.009991339 0.00635189 0.006819453 0.007391339 0.006819453 -426.8837 -0.2972 -0.0126 -0.0126 
1786042377.768 0.004991339 0.00635189 0.009899471 0.007391339 0.009899471 -426.8759 -0.2972 0.0126 -0.0126 
1786042377.947 0.009991339 0.01035189 0.01261374 0.007391339 0.01261374 -425.1347 -0.2972 0.0126 -0.0126 
1786042378.144 0.00499999 0.07415916 -0.02022898 0.00259999 -0.02022898 -423.7885 -0.00030262 0.0126 0.0126 
1786042378.326 0.005 0.0083 -0.004988979 0.0026 -0.004988979 -423.8037 1.477024e-08 0.0126 0.0126 
1786042378.519 0.005 0.0043 -0.004988979 -0.0024 -0.004988979 -423.8037 1.477024e-08 0.0126 0.0126 
1786042378.691 -1.00045e-13 0.0043 -0.006258978 -0.0074 -0.006258978 -423.8025 1.477024e-08 0.0126 0.0126 
1786042378.885 1.092771e-05 -0.1004785 -0.007383912 -0.007388198 -0.007676228 -423.809 0.4051515 -0.0126 0.0126 
1786042379.079 -0.009944497 -0.01597744 -0.009578011 -0.007344497 -0.009578011 -423.9767 1.912361 -0.0126 0.0126 
1786042379.251 -0.009906944 -0.01218 -0.01022441 -0.007306944 -0.01022441 -424.2942 3.194893 -0.0126 0.0126 
1786042379.480 -0.009860288 -0.01074459 -0.009351424 -0.01226029 -0.009351424 -424.9177 4.799835 -0.0126 0.0126 
