# t_epoch pid.x.err pid.y.err pid.z.err pid.w.err joint2.ferr joint2.posfb joint4.posfb
1786041197.510 -0.01004447 0.005673331 -0.007152272 -0.01264447 -0.007152272 -423.9144 -1.522419 
1786041197.680 -0.01008038 -0.006988392 -0.009843638 -0.0126806 -0.009843638 -424.1697 -2.759949 
1786041197.851 -0.01011799 -0.01238293 -0.0101692 -0.01271799 -0.0101692 -424.5939 -4.042432 
1786041198.015 -0.01015403 -0.01105884 -0.009892187 -0.01275403 -0.009892187 -425.159 -5.287404 
1786041198.174 -0.01518977 -0.01303095 -0.009841891 -0.01278977 -0.009841891 -425.8601 -6.509936 
1786041198.345 -0.01022607 -0.01531945 -0.009257025 -0.01282607 -0.009257025 -426.7288 -7.762802 
1786041198.515 -0.0102627 -0.01558694 -0.01058963 -0.0128627 -0.01058963 -427.76 -9.030107 
1786041198.686 -0.01030028 -0.0105681 -0.01084456 -0.01290028 -0.01084456 -428.9843 -10.33482 
1786041198.846 -0.01033491 -0.008179765 -0.01032559 -0.01293491 -0.01032559 -430.2632 -11.54242 
1786041199.005 -0.01036897 -0.01182699 -0.00980059 -0.01296897 -0.00980059 -431.6627 -12.73494 
1786041199.174 -0.01040414 -0.0103382 -0.01055391 -0.01300414 -0.01055391 -433.2667 -13.98014 
1786041199.337 -0.01043955 -0.01210045 -0.01033832 -0.01303955 -0.01033832 -435.018 -15.22481 
1786041199.499 -0.01047348 -0.006759396 -0.0101971 -0.008073485 -0.0101971 -436.8557 -16.4325 
1786041199.661 -0.005507628 -0.009830806 -0.01158207 -0.008107628 -0.01158207 -438.8534 -17.6549 
1786041199.820 -0.01054071 -0.01142542 -0.01116366 -0.01314071 -0.01116366 -440.9375 -18.84737 
1786041199.977 -0.01057223 -0.0795499 0.01162482 -0.01317223 0.01162482 -443.0825 -19.99154 
1786041200.139 0.004426305 -0.0120696 0.009388243 0.006826305 0.009388243 -443.4966 -20.0449 
1786041200.304 0.009426305 0.007930403 0.009774611 0.01182631 0.009774611 -444.0503 -20.0449 
1786041200.473 0.009426305 0.0119304 0.01016098 0.01182631 0.01016098 -444.604 -20.0449 
1786041200.655 0.009426305 0.0119304 0.00944066 0.01182631 0.00944066 -445.1933 -20.0449 
1786041200.848 0.01442631 0.0119304 0.01047364 0.01682631 0.01047364 -445.841 -20.0449 
1786041201.015 0.009426305 0.0119304 0.02401344 0.01682631 0.02401344 -446.2216 -20.0449 
1786041201.178 0.01442631 0.0119304 0.01086707 0.01182631 0.01086707 -445.6858 -20.0449 
1786041201.340 0.009426305 0.0119304 0.002670541 0.01182631 0.002670541 -445.4143 -20.0449 
1786041201.502 0.01442631 0.0159304 0.009627189 0.01682631 0.009627189 -445.4485 -20.0449 
1786041201.660 0.009426305 0.0119304 0.009630508 0.01182631 0.009630508 -445.4752 -20.0449 
1786041201.826 0.01442631 0.0119304 0.00896716 0.01182631 0.00896716 -445.5019 -20.0449 
1786041201.985 0.009426305 0.007930403 0.008803813 0.01182631 0.008803813 -445.5286 -20.0449 
1786041202.145 0.009426305 0.0119304 0.008807131 0.01182631 0.008807131 -445.5552 -20.0449 
1786041202.305 0.009426305 0.007930403 0.008977117 0.01182631 0.008977117 -445.5819 -20.0449 
1786041202.469 0.009426305 0.0119304 0.008480436 0.01182631 0.008480436 -445.6086 -20.0449 
1786041202.633 0.009426305 0.0119304 0.009087088 0.01182631 0.009087088 -445.6365 -20.0449 
1786041202.792 0.009426305 0.0119304 0.007653741 0.01182631 0.007653741 -445.6619 -20.0449 
1786041202.956 0.009426305 0.007930403 0.007323726 0.01182631 0.007323726 -445.6886 -20.0449 
1786041203.116 0.009426305 0.0119304 0.007160378 0.01182631 0.006993712 -445.7152 -20.0449 
1786041203.274 0.009426305 0.007930403 0.007497031 0.006826305 0.007497031 -445.7419 -20.0449 
1786041203.439 0.009426305 0.007930403 0.00700035 0.006826305 0.00700035 -445.7686 -20.0449 
1786041203.607 0.009426305 0.007930403 0.007107001 0.006826305 0.007107001 -445.7965 -20.0449 
1786041203.780 0.009426305 0.007930403 0.007316985 0.006826305 0.007316985 -445.8257 -20.0449 
1786041203.945 0.009426305 0.0119304 0.006653638 0.01182631 0.006653638 -445.8524 -20.0449 
1786041204.111 0.009426305 0.007930403 0.006760289 0.006826305 0.006760289 -445.8803 -20.0449 
1786041204.284 0.009426305 0.007930403 0.006970273 0.01182631 0.006970273 -445.9096 -20.0449 
1786041204.453 0.009426305 0.007930403 0.006743592 0.01182631 0.006743592 -445.9375 -20.0449 
1786041204.611 0.009426305 0.007930403 0.006746911 0.006826305 0.006746911 -445.9642 -20.0449 
1786041204.772 0.004426305 0.007930403 0.00675023 0.006826305 0.00675023 -445.9908 -20.0449 
1786041204.930 0.009426305 0.007930403 0.006920215 0.006826305 0.006920215 -446.0175 -20.0449 
1786041205.093 0.009426305 0.0119304 0.006756867 0.01182631 0.006756867 -446.0442 -20.0449 
1786041205.260 0.009426305 0.007930403 0.007030186 0.006826305 0.007030186 -446.0721 -20.0449 
1786041205.423 0.004426305 0.007930403 0.006200171 0.006826305 0.006200171 -446.0988 -20.0449 
1786041205.581 0.004426305 0.007930403 0.006370157 0.006826305 0.006370157 -446.1255 -20.0449 
1786041205.742 0.004426305 0.007930403 0.009433494 0.006826305 0.009433494 -446.1418 -20.0449 
1786041205.903 0.009426305 0.0119304 0.02717049 0.01182631 0.02717049 -445.5284 -20.0449 
1786041206.066 0.004432072 -0.1374683 0.03055173 0.002032072 0.03055173 -443.1319 -19.83486 
1786041206.234 -0.01553358 -0.0326128 -0.01495168 -0.01793358 -0.01495168 -440.4725 -18.58987 
1786041206.396 -0.0154992 -0.02393173 -0.01327459 -0.0178992 -0.01327459 -438.344 -17.35244 
1786041206.558 -0.01546542 -0.02293637 -0.01246729 -0.01786542 -0.01246729 -436.4034 -16.14507 
1786041206.720 -0.01543122 -0.01785034 -0.01152179 -0.01283122 -0.01152179 -434.5886 -14.92975 
1786041206.892 -0.0153962 -0.01975712 -0.01177848 -0.0177962 -0.01177848 -432.8817 -13.69232 
1786041207.070 -0.01535756 -0.01886291 -0.01061865 -0.01775735 -0.01061865 -431.1685 -12.32715 
1786041207.242 -0.01532001 -0.0178484 -0.01050095 -0.01272001 -0.01050095 -429.6953 -11.02226 
1786041207.400 -0.01528532 -0.01556842 -0.01015364 -0.01268532 -0.01015364 -428.4773 -9.814907 
1786041207.563 -0.0102505 -0.01486351 -0.00882283 -0.01765028 -0.00882283 -427.394 -8.599895 
1786041207.732 -0.01521448 -0.01764711 -0.009765086 -0.01261405 -0.009765086 -426.4238 -7.347571 
1786041207.896 -0.01017793 -0.0173587 -0.009171661 -0.01257793 -0.009171661 -425.611 -6.102552 
1786041208.056 -0.01514282 -0.01915086 -0.008796434 -0.01254282 -0.008796434 -424.9658 -4.894968 
1786041208.217 -0.01010808 -0.01530004 -0.009061596 -0.01250786 -0.009061596 -424.4641 -3.694938 
1786041208.375 -0.01507308 -0.01468081 -0.008835751 -0.01247308 -0.008835751 -424.1047 -2.502464 
1786041208.534 -0.01503848 -0.01827411 -0.008206214 -0.01243848 -0.008206214 -423.885 -1.317309 
1786041208.699 -0.01000294 0.02667143 -0.008024143 -0.01240294 -0.008024143 -423.8012 -0.1009194 
1786041208.860 -1.00045e-13 0.0243 -0.003718979 -0.0024 -0.00244898 -423.8063 1.477024e-08 
1786041209.022 0.01 0.0123 9.101872e-05 0.0076 9.101873e-05 -423.8088 1.477024e-08 
1786041209.186 0.01 0.0123 0.005171016 0.0076 0.005171016 -423.8139 1.477024e-08 
1786041209.346 0.01 0.0123 0.006441015 0.0076 0.006441015 -423.8152 1.477024e-08 
1786041209.503 0.01 0.0123 0.006441015 0.0076 0.006441015 -423.8152 1.477024e-08 
1786041209.664 0.01 0.0123 0.006441015 0.0026 0.006441015 -423.8152 1.477024e-08 
1786041209.825 0.00499978 0.03829833 0.00165822 0.00154978 0.00165822 -423.8104 -0.007556333 
1786041209.991 0.00999621 -0.003822486 -0.004608468 0.00739621 -0.004608468 -424.096 -0.1297 
1786041210.151 0.00999621 0.01217751 0.001491237 0.01239621 0.001491237 -424.6421 -0.1297 
1786041210.309 0.00999621 0.01217751 0.006954283 0.01239621 0.006954283 -425.1743 -0.1297 
1786041210.467 0.00999621 0.01217751 0.007337332 0.01239621 0.007337332 -425.7013 -0.1297 
1786041210.625 0.00999621 0.01217751 0.00772038 0.01239621 0.00772038 -426.2284 -0.1297 
1786041210.790 0.00999621 0.01217751 0.007786759 0.01239621 0.007786759 -426.7618 -0.1297 
1786041210.955 0.00999621 0.01217751 0.005236841 0.01239621 0.005236841 -426.6346 -0.1297 
1786041211.119 0.00999621 0.01217751 0.006943486 0.01239621 0.006943486 -426.65 -0.1297 
1786041211.279 0.00999621 0.01217751 0.007883471 0.01239621 0.007883471 -426.678 -0.1297 
1786041211.438 0.00999621 0.01217751 0.008220123 0.01239621 0.008220123 -426.7046 -0.1297 
1786041211.597 0.00999621 0.01217751 0.007120109 0.01239621 0.007120109 -426.73 -0.1297 
1786041211.755 0.00999621 0.01217751 0.007290095 0.01239621 0.007290095 -426.7567 -0.1297 
1786041211.923 0.00999621 0.01217751 0.007896747 0.01239621 0.007896747 -426.7846 -0.1297 
1786041212.090 0.00999621 0.01217751 0.006566732 0.01239621 0.006566732 -426.8126 -0.1297 
1786041212.268 0.00999621 0.01217751 0.005630077 0.01239621 0.005630077 -426.8162 -0.1297 
1786041212.435 0.00999621 0.01217751 0.01879078 0.00739621 0.01879078 -425.5182 -0.1297 
1786041212.601 0.009996844 -0.04893368 -0.02134581 0.01279684 -0.02134581 -423.8203 -0.1079691 
1786041212.767 -1.00045e-13 0.0043 -0.007528977 -0.0024 -0.007528977 -423.8012 -1.660063e-08 
1786041212.932 -1.00045e-13 0.0043 -0.004988979 -0.0024 -0.004988979 -423.8037 -1.660063e-08 
1786041213.091 -1.00045e-13 0.0043 -0.006258978 -0.0074 -0.006258978 -423.8025 -1.660063e-08 
1786041213.251 -1.00045e-13 0.0043 -0.006258978 -0.0074 -0.006258978 -423.8025 -1.660063e-08 
1786041213.413 -0.009977426 -0.06702547 -0.009724445 -0.01237743 -0.009724445 -423.8281 0.7723982 
1786041213.581 -0.01494105 -0.02322244 -0.01144984 -0.01734084 -0.01144984 -423.997 2.024955 
1786041213.750 -0.01490406 -0.01759996 -0.01193335 -0.01730384 -0.01193335 -424.3246 3.292483 
1786041213.914 -0.01486776 -0.02008117 -0.01059874 -0.01226776 -0.01059874 -424.7971 4.529935 
1786041214.072 -0.00983305 -0.01288961 -0.01090575 -0.01223305 -0.01090575 -425.3914 5.722427 
1786041214.232 -0.009798631 -0.01833179 -0.01065287 -0.01219863 -0.01065287 -426.1192 6.907412 
1786041214.398 -0.01476278 -0.00939868 -0.01103835 -0.01216256 -0.01062157 -427.0297 8.152518 
1786041214.564 -0.009726391 -0.01522401 -0.01067384 -0.01212639 -0.01067384 -428.0965 9.405004 
1786041214.735 -0.009689918 -0.01404846 -0.01073642 -0.0170897 -0.01073642 -429.3373 10.67994 
1786041214.896 -0.009654885 -0.01188428 -0.009576824 -0.01205488 -0.009576824 -430.6658 11.89505 
1786041215.058 -0.009620221 -0.01608157 -0.01069308 -0.01202022 -0.01069308 -432.1326 13.10997 
1786041215.233 -0.01458445 -0.01098291 -0.01089136 -0.01198445 -0.01089136 -433.8128 14.37754 
1786041215.406 -0.01454657 -0.01483561 -0.01094784 -0.01194657 -0.01094784 -435.747 15.71239 
1786041215.565 -0.009512913 -0.01051507 -0.01118617 -0.01191291 -0.01193598 -437.6393 16.91992 
1786041215.726 -0.009479263 -0.01317364 -0.01131901 -0.01187926 -0.01131901 -439.6561 18.11993 
1786041215.888 -0.009445844 -0.01166166 -0.01054235 -0.01184584 -0.01054235 -441.8202 19.32745 
1786041216.087 -0.004430901 0.03840319 0.007572421 -0.001830901 0.008049086 -443.066 19.8703 
1786041216.259 0.0105691 0.01440319 0.008122102 0.008169099 0.008122102 -443.6528 19.8703 
1786041216.440 0.0105691 0.01440319 0.007241789 0.0131691 0.007241789 -444.2319 19.8703 
1786041216.615 0.0105691 0.01440319 0.007951465 0.008169099 0.007951465 -444.8326 19.8703 
1786041216.779 0.0105691 0.01440319 0.006751163 0.0131691 0.006751163 -445.3914 19.8703 
1786041216.946 0.0105691 0.01440319 0.01237087 0.0131691 0.01237087 -445.9324 19.8703 
1786041217.113 0.0105691 0.01040319 0.01115773 0.008169099 0.01115773 -445.5969 19.8703 
1786041217.283 0.0105691 0.01040319 -0.003492017 0.008169099 -0.003492017 -445.1334 19.8703 
1786041217.453 0.0105691 0.01440319 0.005314617 0.0131691 0.005314617 -445.1679 19.8703 
1786041217.620 0.0105691 0.01440319 0.007461268 0.008169099 0.007294601 -445.1984 19.8703 
1786041217.787 0.0105691 0.01040319 0.007567919 0.008169099 0.007567919 -445.2263 19.8703 
1786041217.969 0.0105691 0.01040319 0.007111237 0.008169099 0.007111237 -445.2555 19.8703 
1786041218.169 0.0105691 0.01040319 0.007964552 0.0131691 0.007631219 -445.2885 19.8703 
1786041218.369 0.0105691 0.01040319 0.007151201 0.008169099 0.007151201 -445.3215 19.8703 
1786041218.549 0.005569099 0.01040319 0.006631185 0.008169099 0.006631185 -445.352 19.8703 
1786041218.718 0.0105691 0.01040319 0.006237836 0.008169099 0.006237836 -445.38 19.8703 
1786041218.881 0.005569099 0.01040319 0.006844488 0.008169099 0.006677821 -445.4079 19.8703 
1786041219.052 0.0105691 0.01040319 0.006617806 0.008169099 0.006451139 -445.4358 19.8703 
1786041219.235 0.0105691 0.01040319 0.007701122 0.008169099 0.007701122 -445.4676 19.8703 
1786041219.404 0.0105691 0.01040319 0.006371108 0.008169099 0.006371108 -445.4943 19.8703 
1786041219.574 0.0105691 0.01040319 0.006311093 0.008169099 0.006311093 -445.5222 19.8703 
1786041219.741 0.005569099 0.006403188 0.005751078 0.008169099 0.005751078 -445.5501 19.8703 
1786041219.908 0.005569099 0.006403188 0.005857729 0.008169099 0.005857729 -445.5781 19.8703 
1786041220.073 0.005569099 0.006403188 0.006297714 0.008169099 0.006297714 -445.606 19.8703 
1786041220.231 0.005569099 0.006403188 0.006301033 0.008169099 0.006301033 -445.6327 19.8703 
1786041220.404 0.005569099 0.006403188 0.006574351 0.008169099 0.006574351 -445.6606 19.8703 
1786041220.578 0.0105691 0.006403188 0.005951002 0.008169099 0.005951002 -445.6898 19.8703 
1786041220.770 0.005569099 0.006403188 0.005597652 0.003169099 0.005597652 -445.7203 19.8703 
1786041220.960 0.0105691 0.006403188 0.004910969 0.003169099 0.004910969 -445.7508 19.8703 
1786041221.141 0.005569099 0.006403188 0.006597618 0.003169099 0.006597618 -445.7838 19.8703 
1786041221.335 0.005569099 0.006403188 0.006014268 0.003169099 0.006014268 -445.8156 19.8703 
1786041221.507 0.0105691 0.006403188 0.005287586 0.003169099 0.005287586 -445.8435 19.8703 
1786041221.675 0.005569099 0.006403188 0.004237606 0.003169099 0.004237606 -445.8306 19.8703 
1786041221.842 0.005569099 0.006403188 0.01995158 0.003169099 0.01931492 -444.6279 19.8703 
1786041222.018 -0.004448456 0.04723257 -0.008068956 -0.007048456 -0.008068956 -441.6764 19.2328 
1786041222.197 -0.0144846 -0.005112791 -0.01235047 -0.0170846 -0.01235047 -439.3092 17.92001 
1786041222.365 -0.01452039 -0.0187173 -0.01141204 -0.01712039 -0.01141204 -437.1972 16.64514 
1786041222.535 -0.01455663 -0.01370019 -0.01099503 -0.01215684 -0.01099503 -435.202 15.34781 
1786041222.696 -0.0145916 -0.01068502 -0.01019825 -0.0171916 -0.01019825 -433.457 14.11788 
1786041222.853 -0.01462505 -0.01332522 -0.009521188 -0.01222505 -0.009521188 -431.9203 12.94037 
1786041223.022 -0.01465995 -0.01182323 -0.009355356 -0.01226017 -0.009746868 -430.4547 11.71033 
1786041223.190 -0.01469673 -0.01145655 -0.009624013 -0.01229673 -0.009624013 -429.0882 10.43538 
1786041223.351 -0.01473193 -0.008649897 -0.008806726 -0.01233193 -0.008806726 -427.9249 9.212856 
1786041223.509 -0.009766388 -0.01234014 -0.008633609 -0.01236639 -0.008633609 -426.9279 8.020378 
1786041223.668 -0.01480073 -0.01026552 -0.008362101 -0.01240073 -0.008362101 -426.0732 6.835367 
1786041223.827 -0.009835367 -0.008599958 -0.008667296 -0.01243559 -0.008667296 -425.3455 5.635392 
1786041223.989 -0.009870298 -0.01316092 -0.008859727 -0.01247052 -0.008859727 -424.7575 4.435368 
1786041224.152 -0.009906162 -0.009497091 -0.008484734 -0.01250616 -0.008484734 -424.3029 3.212701 
1786041224.317 -0.01494185 -0.01767463 -0.008675113 -0.01254185 -0.008675113 -423.993 1.990331 
1786041224.477 -0.009977782 -0.01094125 -0.007743669 -0.007577782 -0.007743669 -423.8291 0.760337 
1786041224.634 -0.01 -0.0997 -0.006258978 -0.0076 -0.006258978 -423.8025 1.477024e-08 
1786041224.797 0.015 0.0043 0.01025101 0.0174 0.01025101 -423.819 1.477024e-08 
1786041224.966 0.02 0.0163 0.01152101 0.0174 0.01152101 -423.8203 1.477024e-08 
1786041225.129 0.015 0.0163 0.01152101 0.0174 0.01152101 -423.8203 1.477024e-08 
1786041225.289 0.015 0.0163 0.01025101 0.0174 0.01025101 -423.819 1.477024e-08 
1786041225.451 0.015 0.0163 0.01152101 0.0174 0.01152101 -423.8203 1.477024e-08 
1786041225.627 -2.608043e-05 0.02714908 0.0002098949 -0.0026263 0.0002098949 -423.8484 -0.9000351 
1786041225.796 -0.0100642 -0.008251216 -0.009155354 -0.01266442 -0.009155354 -424.0364 -2.204969 
1786041225.960 -0.01510076 -0.01628679 -0.01028542 -0.01270076 -0.01028542 -424.378 -3.44986 
1786041226.127 -0.01513683 -0.009408059 -0.01099369 -0.01773705 -0.01099369 -424.8707 -4.694862 
1786041226.289 -0.0101724 -0.009428145 -0.01027341 -0.0127724 -0.009506176 -425.5032 -5.917364 
1786041226.452 -0.01020789 -0.01471887 -0.01045704 -0.01280789 -0.01045704 -426.2728 -7.132353 
1786041226.611 -0.01024286 -0.008915377 -0.01085451 -0.01284286 -0.01085451 -427.1796 -8.33987 
1786041226.771 -0.01027728 -0.01427179 -0.01089887 -0.01287728 -0.01089887 -428.2134 -9.532558 
1786041226.933 -0.01031224 -0.007189456 -0.01092132 -0.01291224 -0.01092132 -429.4072 -10.74745 
1786041227.100 -0.0103479 -0.01113191 -0.01043239 -0.0129479 -0.01043239 -430.7775 -11.99983 
1786041227.262 -0.01038298 -0.01594156 -0.01020042 -0.00798298 -0.01020042 -432.2761 -13.22258 
1786041227.423 -0.01041703 -0.008606246 -0.01008184 -0.008017031 -0.01008184 -433.8763 -14.42254 
1786041227.582 -0.0104509 -0.01220678 -0.009917982 -0.0130509 -0.009917982 -435.6124 -15.62262 
1786041227.743 -0.01048457 -0.00958042 -0.01021742 -0.01308457 -0.01021742 -437.4831 -16.82256 
1786041227.904 -0.01051803 -0.01154784 -0.01142946 -0.008118028 -0.01041279 -439.5011 -18.03006 
1786041228.067 -0.01055167 -0.009865445 -0.00976787 -0.008151673 -0.00976787 -441.6551 -19.23751 
1786041228.238 -0.01057622 -0.09735847 0.02133087 -0.008176222 0.02133087 -443.3746 -20.1297 
1786041228.398 0.01442378 -0.001358471 0.009497263 0.01182378 0.009497263 -443.8826 -20.1297 
1786041228.556 0.01442378 0.01464153 0.009880311 0.01682378 0.009880311 -444.4097 -20.1297 
1786041228.716 0.01442378 0.01464153 0.009153355 0.01682378 0.009153355 -444.9456 -20.1297 
1786041228.881 0.01442378 0.01464153 0.01001307 0.01182378 0.01001307 -445.4765 -20.1297 
1786041229.048 0.01442378 0.01464153 0.01024276 0.01682378 0.01024276 -446.0467 -20.1297 
1786041229.216 0.01442378 0.01464153 0.02483258 0.01682378 0.02483258 -446.3971 -20.1297 
1786041229.380 0.01442378 0.01464153 0.01031288 0.01682378 0.01031288 -445.8446 -20.1297 
1786041229.542 0.01442378 0.01464153 0.001293008 0.01182378 0.001293008 -445.5895 -20.1297 
1786041229.708 0.01442378 0.01064153 0.009519655 0.01182378 0.009519655 -445.6251 -20.1297 
1786041229.878 0.009423778 0.01064153 0.008792973 0.01182378 0.008792973 -445.653 -20.1297 
1786041230.059 0.01442378 0.01064153 0.008336291 0.01182378 0.008169624 -445.6822 -20.1297 
1786041230.221 0.009423778 0.01064153 0.008442942 0.01182378 0.008442942 -445.7102 -20.1297 
1786041230.386 0.01442378 0.01064153 0.008112928 0.01182378 0.008112928 -445.7368 -20.1297 
1786041230.551 0.009423778 0.01064153 0.008386246 0.01182378 0.008386246 -445.7648 -20.1297 
1786041230.718 0.01442378 0.01064153 0.008659565 0.01182378 0.008659565 -445.7927 -20.1297 
1786041230.881 0.01442378 0.01064153 0.008932883 0.01182378 0.008932883 -445.8207 -20.1297 
1786041231.039 0.009423778 0.01064153 0.007999536 0.01182378 0.007999536 -445.8461 -20.1297 
1786041231.200 0.01442378 0.01064153 0.008169521 0.01182378 0.008169521 -445.8727 -20.1297 
1786041231.360 0.009423778 0.01064153 0.007069508 0.006823778 0.00817284 -445.8994 -20.1297 
1786041231.527 0.009423778 0.01064153 0.007009493 0.006823778 0.007009493 -445.9261 -20.1297 
1786041231.700 0.009423778 0.01064153 0.006782811 0.01182378 0.006782811 -445.954 -20.1297 
1786041231.866 0.009423778 0.01064153 0.007492795 0.01182378 0.007492795 -445.9832 -20.1297 
1786041232.032 0.009423778 0.01064153 0.006996114 0.01182378 0.006996114 -446.0099 -20.1297 
1786041232.197 0.009423778 0.006641529 0.007269432 0.006823778 0.007269432 -446.0378 -20.1297 
1786041232.368 0.009423778 0.01064153 0.00781275 0.006823778 0.00781275 -446.067 -20.1297 
1786041232.530 0.009423778 0.01064153 0.007316069 0.01182378 0.007316069 -446.0937 -20.1297 
1786041232.689 0.009423778 0.01064153 0.006049388 0.01182378 0.006049388 -446.1191 -20.1297 
1786041232.849 0.009423778 0.01064153 0.006219374 0.01182378 0.006219374 -446.1458 -20.1297 
1786041233.015 0.009423778 0.006641529 0.005889359 0.006823778 0.005889359 -446.1724 -20.1297 
1786041233.181 0.009423778 0.01064153 0.00676601 0.01182378 0.00676601 -446.2017 -20.1297 
1786041233.345 0.009423778 0.01064153 0.006269329 0.006823778 0.006269329 -446.2283 -20.1297 
1786041233.506 0.009423778 0.01064153 0.005939315 0.01182378 0.005939315 -446.255 -20.1297 
1786041233.668 0.009423778 0.01064153 0.0068793 0.006823778 0.0068793 -446.2829 -20.1297 
1786041233.826 0.004423778 0.006641529 0.007789287 0.006823778 0.007789287 -446.3058 -20.1297 
1786041233.990 0.004423778 0.006641529 0.00583265 0.006823778 0.00583265 -446.2777 -20.1297 
1786041234.156 0.004423778 0.006641529 0.02561292 0.006823778 0.02561292 -445.7811 -20.1297 
1786041234.333 0.004429338 -0.139195 0.0306673 0.002029338 0.0306673 -443.3186 -19.92726 
1786041234.501 -0.02053425 -0.02955558 -0.01473382 -0.01793425 -0.01473382 -440.5093 -18.60715 
1786041234.670 -0.02049985 -0.02252148 -0.01414018 -0.01789985 -0.01414018 -438.377 -17.3696 
1786041234.841 -0.02046375 -0.02153046 -0.01239686 -0.01786375 -0.01239686 -436.3069 -16.07967 
1786041235.010 -0.02042826 -0.02002533 -0.01179498 -0.01282805 -0.01179498 -434.4235 -14.81229 
1786041235.168 -0.01539342 -0.02238214 -0.0105778 -0.01779342 -0.0105778 -432.7509 -13.58975 
1786041235.328 -0.01535946 -0.02340365 -0.01023267 -0.01775946 -0.01023267 -431.2548 -12.39728 
1786041235.490 -0.01532535 -0.0181631 -0.01055504 -0.01272535 -0.01055504 -429.8934 -11.20466 
1786041235.662 -0.01528808 -0.02103001 -0.01110858 -0.01268808 -0.01110858 -428.5662 -9.90717 
1786041235.824 -0.01525239 -0.01704025 -0.0101443 -0.01265239 -0.0101443 -427.4525 -8.669609 
1786041235.985 -0.01521789 -0.01850585 -0.01015907 -0.01261789 -0.01015907 -426.5177 -7.477309 
1786041236.145 -0.01518264 -0.01482134 -0.009331125 -0.01258264 -0.009331125 -425.7075 -6.26227 
1786041236.308 -0.01514774 -0.01942959 -0.008954814 -0.01254774 -0.008954814 -425.0433 -5.054677 
1786041236.474 -0.01511125 -0.01676955 -0.009314051 -0.01251125 -0.009314051 -424.5061 -3.809798 
1786041236.636 -0.0100758 -0.0151799 -0.008988364 -0.0124758 -0.008988364 -424.1276 -2.594731 
1786041236.801 -0.01003966 -0.01764044 -0.008339812 -0.01243966 -0.008339812 -423.8888 -1.34974 
1786041236.961 -0.01000443 -0.001412743 -0.008649562 -0.01240443 -0.008649562 -423.8012 -0.1517198 
1786041237.130 -0.005 0.0243 -0.003718979 -0.0024 -0.003718979 -423.805 1.477024e-08 
1786041237.297 0.01 0.0123 0.002631017 0.0076 0.002631017 -423.8114 1.477024e-08 
1786041237.458 0.01 0.0163 0.007711015 0.0076 0.007711015 -423.8164 1.477024e-08 
1786041237.618 0.01 0.0123 0.007711015 0.0126 0.007711015 -423.8164 1.477024e-08 
1786041237.788 0.01 0.0123 0.007711015 0.0126 0.007711015 -423.8164 1.477024e-08 
1786041237.965 0.004992027 -0.02495204 -0.008876783 0.002392027 -0.008876783 -423.8979 -0.2735 
1786041238.132 0.009992027 0.007047963 0.001036239 0.01239203 0.001036239 -424.4745 -0.2735 
1786041238.293 0.01499203 0.01504796 0.008089273 0.01239203 0.008089273 -425.0282 -0.2735 
1786041238.452 0.01499203 0.01504796 0.008155652 0.01239203 0.008155652 -425.5616 -0.2735 
1786041238.613 0.01499203 0.01504796 0.00822203 0.01239203 0.00822203 -426.095 -0.2735 
1786041238.786 0.009992027 0.01104796 0.008291728 0.01239203 0.008291728 -426.6551 -0.2735 
1786041238.949 0.009992027 0.01104796 0.02319824 0.01239203 0.02319824 -426.9689 -0.2735 
1786041239.110 0.01499203 0.01504796 -0.003501542 0.01239203 -0.003501542 -426.5597 -0.2735 
1786041239.270 0.01499203 0.01504796 0.006771759 0.01239203 0.006771759 -426.5967 -0.2735 
1786041239.427 0.01499203 0.01504796 0.008211744 0.01239203 0.008211744 -426.6246 -0.2735 
1786041239.586 0.01499203 0.01504796 0.008715063 0.01239203 0.008715063 -426.6513 -0.2735 
1786041239.751 0.009992027 0.01104796 0.008051716 0.01239203 0.008051716 -426.678 -0.2735 
1786041239.920 0.009992027 0.01504796 0.009095033 0.01239203 0.009095033 -426.7072 -0.2735 
1786041240.079 0.009992027 0.01504796 0.007661686 0.01239203 0.007661686 -426.7326 -0.2735 
1786041240.242 0.009992027 0.01104796 0.007665005 0.01239203 0.007665005 -426.7592 -0.2735 
1786041240.418 0.01499203 0.01504796 0.008208323 0.01239203 0.008208323 -426.7884 -0.2735 
1786041240.601 0.009992027 0.01104796 0.007688306 0.007392027 0.007688306 -426.8189 -0.2735 
1786041240.770 0.009992027 0.01104796 0.02037171 0.01239203 0.02037171 -426.7171 -0.2735 
1786041240.949 0.009992027 0.01104796 0.01110512 0.01239203 0.01110512 -424.694 -0.2735 
1786041241.124 -1.00045e-13 0.0643 -0.01895897 -0.0074 -0.01895897 -423.7898 -5.842845e-08 
1786041241.301 -0.005 0.0083 -0.004988979 -0.0024 -0.004988979 -423.8037 -1.137215e-08 
1786041241.487 -0.005 0.0043 -0.004988979 -0.0074 -0.004988979 -423.8037 -1.137215e-08 
1786041241.645 -0.005 0.0043 -0.006258978 -0.0074 -0.006258978 -423.8025 -1.137215e-08 
1786041241.818 -0.00499776 -0.1105773 -0.003843702 -0.002397618 -0.003843702 -423.8052 0.0816508 
1786041241.995 -0.01995977 -0.03432155 -0.01222448 -0.01735977 -0.01222448 -423.889 1.380073 
1786041242.184 -0.01491848 -0.02102811 -0.01157642 -0.01731848 -0.01157642 -424.1773 2.797155 
1786041242.373 -0.01487811 -0.02127041 -0.01133508 -0.01727789 -0.01133508 -424.651 4.192503 
1786041242.584 -0.01483454 -0.01346221 -0.01075491 -0.01223432 -0.01075491 -425.3711 5.692564 
1786041242.768 -0.01479109 -0.01853916 -0.01168007 -0.01719109 -0.01168007 -426.302 7.18534 
1786041242.954 -0.01475146 -0.01596828 -0.01167465 -0.01715146 -0.01167465 -427.3485 8.5574 
1786041243.131 -0.01471369 -0.01707528 -0.01205019 -0.01711369 -0.01205019 -428.5182 9.870048 
1786041243.311 -0.01467414 -0.01012805 -0.01040937 -0.01707414 -0.01040937 -429.9431 11.26499 
1786041243.491 -0.01463628 -0.0138214 -0.01090965 -0.01203628 -0.01090965 -431.4532 12.57751 
1786041243.666 -0.009598182 -0.01382132 -0.01054681 -0.01199797 -0.01054681 -433.1765 13.9273 
1786041243.832 -0.01456242 -0.01571197 -0.01104461 -0.01196242 -0.01104461 -434.9393 15.18725 
1786041243.990 -0.01452918 -0.01662383 -0.01070314 -0.01192918 -0.01070314 -436.7338 16.3725 
1786041244.160 -0.009494466 -0.0135175 -0.01107788 -0.01189447 -0.01107788 -438.7595 17.61754 
1786041244.339 -0.009458134 -0.01188632 -0.01086422 -0.01185793 -0.01086422 -441.0645 18.93752 
1786041244.516 -0.009436224 0.05895327 0.007665201 -0.006836224 0.007665201 -442.605 19.7265 
1786041244.685 0.01556378 0.02295327 0.009324887 0.01316378 0.009324887 -443.1867 19.7265 
1786041244.852 0.01556378 0.01895327 0.008441255 0.01316378 0.008441255 -443.7391 19.7265 
1786041245.017 0.01556378 0.01895327 0.009144293 0.01316378 0.009144293 -444.2865 19.7265 
1786041245.182 0.01556378 0.01895327 0.008577331 0.01316378 0.008577331 -444.8326 19.7265 
1786041245.344 0.01056378 0.01495327 0.00801037 0.01316378 0.00801037 -445.3787 19.7265 
1786041245.506 0.01556378 0.01895327 0.01923364 0.01816378 0.01923364 -445.5144 19.7265 
1786041245.677 0.01556378 0.01495327 0.006203708 0.01316378 0.006203708 -445.3698 19.7265 
1786041245.842 0.01556378 0.01495327 0.007747025 0.01316378 0.007747025 -445.399 19.7265 
1786041246.005 0.01056378 0.01495327 0.008520343 0.01316378 0.008520343 -445.427 19.7265 
1786041246.169 0.01056378 0.01495327 0.007523662 0.01316378 0.007523662 -445.4536 19.7265 
1786041246.333 0.01556378 0.01495327 0.008296981 0.01316378 0.008296981 -445.4816 19.7265 
1786041246.522 0.01056378 0.01495327 0.007846409 0.008163776 0.007826964 -445.512 19.7265 
1786041246.683 0.01056378 0.01495327 0.01993369 0.008163776 0.01993369 -445.4318 19.7265 
1786041246.847 0.01056378 0.01095327 0.01207129 0.01316378 0.01207129 -443.6996 19.7265 
1786041247.018 -0.009461196 0.0243907 -0.01857101 -0.007061196 -0.01857101 -440.8433 18.81878 
1786041247.182 -0.01449651 0.0005912543 -0.01213225 -0.01209651 -0.01213225 -438.6348 17.54396 
1786041247.344 -0.0145306 -0.01215219 -0.009724116 -0.0171306 -0.009724116 -436.6549 16.32154 
1786041247.506 -0.01456449 -0.01271329 -0.009700282 -0.01216449 -0.009700282 -434.8337 15.11403 
1786041247.665 -0.009598352 -0.01233275 -0.009295464 -0.01219856 -0.009295464 -433.1497 13.90661 
1786041247.823 -0.009631967 -0.008835376 -0.009188438 -0.01223197 -0.009188438 -431.6396 12.72889 
1786041247.983 -0.01466638 -0.01199691 -0.009303168 -0.01226638 -0.009303168 -430.2274 11.52145 
1786041248.147 -0.01470116 -0.01377678 -0.008689223 -0.01230116 -0.008840929 -428.9396 10.29907 
1786041248.310 -0.01473629 -0.008659056 -0.00926056 -0.01233629 -0.00926056 -427.8004 9.083988 
1786041248.470 -0.01477111 -0.01134185 -0.009086361 -0.01237132 -0.009086361 -426.8035 7.869114 
1786041248.631 -0.009806023 -0.0106091 -0.008294709 -0.007406023 -0.008294709 -425.9589 6.668953 
1786041248.789 -0.009840591 -0.008557251 -0.006954177 -0.007440591 -0.006954177 -425.2579 5.476555 
1786041248.946 -0.009874792 -0.00859836 -0.008444249 -0.01247479 -0.008444249 -424.6978 4.298935 
1786041249.107 -0.009909483 -0.007148603 -0.007666072 -0.007509483 -0.007666072 -424.2698 3.106562 
1786041249.273 -0.009945743 -0.01406723 -0.008237837 -0.007545743 -0.008237837 -423.9688 1.861512 
1786041249.435 -0.009981154 -0.009358025 -0.007048769 -0.01258137 -0.007048769 -423.8215 0.6389622 
1786041249.592 -0.01 -0.0677 -0.004988979 -0.0076 -0.004988979 -423.8037 1.477024e-08 
1786041249.752 0.015 0.0043 0.01025101 0.0174 0.01025101 -423.819 1.477024e-08 
1786041249.917 0.02 0.0163 0.01152101 0.0174 0.01152101 -423.8203 1.477024e-08 
1786041250.080 0.015 0.0123 0.01025101 0.0174 0.01025101 -423.819 1.477024e-08 
1786041250.239 0.015 0.0163 0.01025101 0.0174 0.01025101 -423.819 1.477024e-08 
1786041250.407 0.004979448 0.04939798 0.002811451 -0.002620552 0.002811451 -423.8357 -0.7049058 
1786041250.573 -0.01005771 0.002063574 -0.008561362 -0.01265771 -0.008561362 -423.9906 -1.979842 
1786041250.736 -0.01009331 -0.006566423 -0.0102086 -0.01269331 -0.0102086 -424.2967 -3.202503 
1786041250.902 -0.01012865 -0.01294239 -0.01012162 -0.01272865 -0.01012162 -424.7463 -4.417791 
1786041251.081 -0.01016698 -0.008638627 -0.009034208 -0.007766981 -0.009401459 -425.4016 -5.745067 
1786041251.250 -0.01020457 -0.01358691 -0.008639836 -0.01280457 -0.008639836 -426.2017 -7.035179 
1786041251.414 -0.01024054 -0.007806144 -0.00899274 -0.01284054 -0.00899274 -427.125 -8.280058 
1786041251.577 -0.01027575 -0.01126496 -0.00941625 -0.00787575 -0.00941625 -428.1766 -9.502493 
1786041251.739 -0.01031019 -0.008756492 -0.009267696 -0.0129104 -0.009267696 -429.3564 -10.71009 
1786041251.903 -0.01034599 -0.008304782 -0.008633043 -0.01294599 -0.008633043 -430.7191 -11.95499 
1786041252.064 -0.01038035 -0.01033848 -0.009947557 -0.007980349 -0.009947557 -432.1796 -13.16242 
1786041252.225 -0.005414751 -0.004184307 -0.009725872 -0.008014751 -0.009725872 -433.79 -14.37747 
1786041252.383 -0.005448123 -0.006543284 -0.009622426 -0.008048123 -0.009622426 -435.4943 -15.56242 
1786041252.544 -0.01048151 -0.009540817 -0.01010144 -0.01308172 -0.01010144 -437.3536 -16.76245 
1786041252.705 -0.00551511 -0.004893537 -0.009940202 -0.00811511 -0.009940202 -439.3475 -17.9626 
1786041252.872 -0.005549511 -0.0067686 -0.01058803 -0.008149511 -0.01058803 -441.556 -19.20744 
1786041253.034 -0.01057874 -0.1405023 0.03477017 -0.00817874 0.03477017 -443.6045 -20.27272 
1786041253.193 0.004421239 -0.01252322 0.007483512 0.006821239 0.007483512 -443.9703 -20.2735 
1786041253.353 0.009421239 0.003476777 0.007549891 0.006821239 0.007549891 -444.4999 -20.2735 
1786041253.511 0.009421239 0.007476777 0.007139605 0.006821239 0.007139605 -445.0294 -20.2735 
1786041253.672 0.009421239 0.007476777 0.007205984 0.006821239 0.007205984 -445.5628 -20.2735 
1786041253.830 0.009421239 0.007476777 0.006795698 0.006821239 0.006795698 -446.0924 -20.2735 
1786041253.996 0.009421239 0.007476777 0.007238737 0.01182124 0.007238737 -446.636 -20.2735 
1786041254.165 0.009421239 0.007476777 0.0002727593 0.006821239 0.0002727593 -446.4148 -20.2735 
1786041254.325 0.009421239 0.007476777 0.006565508 0.01182124 0.006565508 -446.443 -20.2735 
1786041254.488 0.009421239 0.007476777 0.00717216 0.006821239 0.00717216 -446.4709 -20.2735 
1786041254.649 0.009421239 0.007476777 0.007175479 0.006821239 0.007175479 -446.4976 -20.2735 
1786041254.830 0.009421239 0.007476777 0.007718796 0.006821239 0.007718796 -446.5268 -20.2735 
1786041255.002 0.009421239 0.007476777 0.007262114 0.006821239 0.007262114 -446.556 -20.2735 
1786041255.173 0.009421239 0.007476777 0.007805431 0.006821239 0.007805431 -446.5852 -20.2735 
1786041255.342 0.009421239 0.007476777 0.006728777 0.006821239 0.006728777 -446.5875 -20.2735 
1786041255.504 0.009421239 0.007476777 0.01854949 0.006821239 0.01854949 -445.2617 -20.2735 
1786041255.666 -0.0005625276 -0.06084913 -0.001394112 0.002037472 -0.001394112 -442.488 -19.68114 
1786041255.828 -0.01052885 -0.01765781 -0.009549408 -0.007928845 -0.009549408 -440.2109 -18.45845 
1786041255.986 -0.01049597 -0.01305551 -0.008582341 -0.007895967 -0.008582341 -438.1878 -17.2735 
1786041256.145 -0.01046267 -0.01709224 -0.008231155 -0.007862666 -0.008231155 -436.2828 -16.08107 
1786041256.304 -0.01042916 -0.01140478 -0.008574922 -0.01282916 -0.008574922 -434.5098 -14.88865 
1786041256.468 -0.01039463 -0.01551221 -0.007706265 -0.007794627 -0.007706265 -432.8322 -13.66615 
1786041256.631 -0.01035991 -0.01392991 -0.006977908 -0.00775991 -0.006977908 -431.2955 -12.4433 
1786041256.793 -0.01032546 -0.01372324 -0.008111947 -0.007725458 -0.007598163 -429.9074 -11.22853 
1786041256.977 -0.01028763 -0.01515497 -0.007154396 -0.007687417 -0.007154396 -428.5599 -9.908473 
1786041257.163 -0.005249437 -0.008762885 -0.007240405 -0.007649221 -0.007240405 -427.3724 -8.580525 
1786041257.330 -0.01020959 -0.01247943 -0.007794259 -0.007609373 -0.007794259 -426.3171 -7.201148 
1786041257.492 -0.01017419 -0.008311693 -0.007025256 -0.007574188 -0.007025256 -425.5411 -5.986094 
1786041257.650 -0.01013958 -0.01426706 -0.006963217 -0.01253958 -0.006963217 -424.9175 -4.793437 
1786041257.808 -0.01010534 -0.01009476 -0.007525154 -0.01250513 -0.007525154 -424.4337 -3.608527 
1786041257.973 -0.005069755 -0.009392482 -0.007706585 -0.007469755 -0.007706585 -424.0793 -2.393341 
1786041258.142 -0.005033042 -0.0091743 -0.006453492 -0.007433042 -0.006453492 -423.8647 -1.133538 
1786041258.305 -0.005000225 0.1233274 -0.006261917 -0.002400225 -0.006261917 -423.8025 -0.007750712 
1786041258.463 0.005 0.0243 0.002631017 0.0076 0.002631017 -423.8114 -1.137215e-08 
1786041258.625 0.015 0.0163 0.007711015 0.0126 0.007711015 -423.8164 -1.137215e-08 
1786041258.786 0.01 0.0163 0.007711015 0.0126 0.007711015 -423.8164 -1.137215e-08 
1786041258.949 0.01 0.0123 0.007711015 0.0076 0.007711015 -423.8164 -1.137215e-08 
1786041259.107 0.01 0.0123 0.007711015 0.0076 0.007711015 -423.8164 -1.137215e-08 
1786041259.268 0.01 0.0123 0.004021006 0.0126 0.004021006 -423.8128 -1.137215e-08 
1786041259.435 0.00999783 -0.001170752 -0.004074883 0.01239783 -0.004074883 -423.9627 -0.07439999 
1786041259.608 0.01499783 0.01482925 0.006948144 0.01239783 0.006948144 -424.5304 -0.07439999 
1786041259.779 0.01999783 0.01882925 0.009244489 0.01739783 0.009244489 -425.126 -0.07439999 
1786041259.940 0.01999783 0.01882925 0.01058087 0.01739783 0.01058087 -425.6607 -0.07439999 
1786041260.103 0.01499783 0.01882925 0.009220571 0.01739783 0.009220571 -426.2093 -0.07439999 
1786041260.270 0.01499783 0.01482925 0.009923608 0.01239783 0.009923608 -426.7567 -0.07439999 
1786041260.440 0.01999783 0.01882925 0.010487 0.01739783 0.010487 -426.6663 -0.07439999 
1786041260.604 0.01499783 0.01882925 0.008440323 0.01739783 0.008440323 -426.6678 -0.07439999 
1786041260.768 0.01499783 0.01482925 0.009046975 0.01239783 0.009046975 -426.6957 -0.07439999 
1786041260.929 0.01499783 0.01482925 0.009986959 0.01739783 0.009986959 -426.7237 -0.07439999 
1786041261.101 0.01499783 0.01882925 0.008823612 0.01239783 0.008823612 -426.7503 -0.07439999 
1786041261.268 0.00999783 0.01482925 0.0113636 0.01239783 0.0113636 -426.7737 -0.07439999 
1786041261.435 0.00999783 0.01482925 0.01934103 0.01239783 0.01934103 -425.3785 -0.07439999 
1786041261.599 0.0149982 -0.02793042 -0.02057291 0.0171982 -0.02057291 -423.8063 -0.06172557 
1786041261.766 -1.00045e-13 0.0043 -0.007528977 -0.0024 -0.007528977 -423.8012 1.477024e-08 
1786041261.941 -0.005 0.0003 -0.006258978 -0.0074 -0.006258978 -423.8025 1.477024e-08 
1786041262.112 -0.005 -0.0077 -0.006258978 -0.0074 -0.006258978 -423.8025 1.477024e-08 
1786041262.273 -0.005 -0.0077 -0.006258978 -0.0074 -0.006258978 -423.8025 1.477024e-08 
1786041262.443 -0.009972433 -0.04465279 -0.01010929 -0.01237243 -0.01010929 -423.842 0.9451812 
1786041262.608 -0.009936345 -0.02084467 -0.01030186 -0.01233635 -0.01062596 -424.0313 2.189957 
1786041262.773 -0.009899851 -0.02279052 -0.01062624 -0.01229985 -0.01062624 -424.3716 3.434944 
1786041262.933 -0.01486493 -0.02005329 -0.009910896 -0.01226493 -0.009910896 -424.8428 4.634947 
1786041263.096 -0.01482963 -0.01314127 -0.009950353 -0.01222963 -0.009950353 -425.4613 5.849928 
1786041263.256 -0.009794632 -0.01812794 -0.009223016 -0.01219463 -0.009223016 -426.2182 7.057415 
1786041263.421 -0.01475929 -0.009750768 -0.009767824 -0.01215907 -0.009767824 -427.1326 8.287451 
1786041263.584 -0.01472362 -0.01616857 -0.009840193 -0.01212362 -0.009840193 -428.1931 9.517387 
1786041263.750 -0.009687869 -0.0163677 -0.01057721 -0.01208787 -0.009493186 -429.4224 10.77006 
1786041263.911 -0.009653334 -0.016042 -0.009306503 -0.01205333 -0.009306503 -430.7407 11.96986 
1786041264.071 -0.01461938 -0.01693468 -0.01085229 -0.01201938 -0.01085229 -432.1847 13.16241 
1786041264.244 -0.009583682 -0.01062706 -0.01063281 -0.01198368 -0.01063281 -433.8585 14.42251 
1786041264.413 -0.009547554 -0.01455703 -0.00968532 -0.01194755 -0.00968532 -435.7165 15.70494 
1786041264.573 -0.009513118 -0.007406726 -0.01006412 -0.006913118 -0.01006412 -437.6419 16.93492 
1786041264.732 -0.009479737 -0.01057184 -0.01020939 -0.01187974 -0.01020939 -439.6561 18.13503 
1786041264.911 -0.01444431 -0.01177765 -0.01017571 -0.01184431 -0.01017571 -441.956 19.41742 
1786041265.084 -0.004430357 0.04250514 0.008276109 -0.001830357 0.008276109 -443.099 19.9256 
1786041265.253 0.01556964 0.01850514 0.008822471 0.01316964 0.009299136 -443.6629 19.9256 
1786041265.416 0.01556964 0.01850514 0.008732174 0.01816964 0.008732174 -444.209 19.9256 
1786041265.577 0.01556964 0.01850514 0.008481883 0.01316964 0.008481883 -444.7488 19.9256 
1786041265.748 0.01556964 0.01850514 0.008391586 0.01316964 0.008391586 -445.2987 19.9256 
1786041265.922 0.01056964 0.01450514 0.008624597 0.01316964 0.008624597 -445.8956 19.9256 
1786041266.093 0.01056964 0.01450514 0.01555129 0.01316964 0.01555129 -445.8674 19.9256 
1786041266.265 0.01056964 0.01450514 0.008627964 0.01316964 0.008627964 -445.8334 19.9256 
1786041266.434 0.01556964 0.01450514 0.009504615 0.01316964 0.009504615 -445.8626 19.9256 
1786041266.608 0.01056964 0.01450514 0.008611266 0.01316964 0.008611266 -445.8905 19.9256 
1786041266.781 0.01056964 0.01050514 0.008987917 0.01316964 0.008987917 -445.9197 19.9256 
1786041266.965 0.01556964 0.01450514 0.008197901 0.01316964 0.008197901 -445.9489 19.9256 
1786041267.138 0.01056964 0.01450514 0.008074552 0.008169643 0.008074552 -445.9781 19.9256 
1786041267.310 0.01056964 0.01050514 0.01240457 0.01316964 0.01240457 -445.964 19.9256 
1786041267.486 0.01056964 0.01050514 0.01397546 0.01316964 0.01397546 -444.3206 19.9256 
1786041267.652 -0.004452215 0.03712667 -0.01651935 -0.007052215 -0.01657493 -441.4085 19.12298 
1786041267.815 -0.01448624 -0.0008622945 -0.01143896 -0.01208645 -0.01143896 -439.238 17.89296 
1786041267.978 -0.01452029 -0.01319394 -0.01042132 -0.01712029 -0.01042132 -437.2276 16.67816 
1786041268.141 -0.01455414 -0.01232822 -0.009752658 -0.01215435 -0.009752658 -435.3544 15.46301 
1786041268.309 -0.01458988 -0.01015504 -0.009622678 -0.01218988 -0.009622678 -433.5573 14.20323 
1786041268.471 -0.01462497 -0.01227499 -0.009453975 -0.01222497 -0.009453975 -431.9381 12.96569 
1786041268.631 -0.01465896 -0.006452956 -0.008612373 -0.01225896 -0.008612373 -430.5157 11.77313 
1786041268.789 -0.009693084 -0.008416663 -0.008522342 -0.01229308 -0.008522342 -429.2279 10.58063 
1786041268.948 -0.009727345 -0.008989516 -0.008471747 -0.01232734 -0.008471747 -428.076 9.388201 
1786041269.107 -0.009761508 -0.008365991 -0.008569171 -0.01236172 -0.007689569 -427.0613 8.195612 
1786041269.273 -0.01479708 -0.01140277 -0.007869811 -0.01239708 -0.007869811 -426.1621 6.973142 
1786041269.435 -0.009832955 -0.007001681 -0.008047265 -0.01243295 -0.008047265 -425.3989 5.735641 
1786041269.594 -0.009867603 -0.009661919 -0.00724392 -0.007467603 -0.00724392 -424.8045 4.543095 
1786041269.754 -0.009902309 -0.0133691 -0.00839664 -0.01250231 -0.00839664 -424.346 3.350522 
1786041269.913 -0.009937275 -0.01123669 -0.00759267 -0.01253728 -0.00759267 -424.026 2.150704 
1786041270.071 -0.009971832 -0.003412443 -0.007142862 -0.01257183 -0.007142862 -423.8469 0.9657325 
1786041270.230 -0.01 -0.1517 -0.006258978 -0.0076 -0.006258978 -423.8025 2.28393e-06 
1786041270.389 0.01 -0.0077 0.005171016 0.0124 0.005171016 -423.8139 1.477024e-08 
1786041270.549 0.015 0.0123 0.01025101 0.0174 0.01025101 -423.819 1.477024e-08 
1786041270.709 0.015 0.0163 0.01025101 0.0174 0.01025101 -423.819 1.477024e-08 
1786041270.872 0.004982715 0.06143266 0.003541299 0.002382715 0.003541299 -423.8293 -0.5924702 
1786041271.030 -0.01005228 0.005819889 -0.007331357 -0.007652284 -0.007331357 -423.9576 -1.792466 
1786041271.187 -0.0100866 -0.007364903 -0.009400861 -0.0126866 -0.009400861 -424.2281 -2.969949 
1786041271.344 -0.01012089 -0.01153532 -0.008953056 -0.01272089 -0.008953056 -424.6358 -4.147426 
1786041271.502 -0.01015534 -0.003850142 -0.008426744 -0.00775534 -0.008426744 -425.1819 -5.332554 
1786041271.663 -0.01018973 -0.01285497 -0.00923617 -0.01278973 -0.00923617 -425.8626 -6.517452 
1786041271.829 -0.01022555 -0.01150534 -0.008517673 -0.007825546 -0.008517673 -426.7199 -7.754865 
1786041271.992 -0.01026148 -0.01297647 -0.009484802 -0.007861479 -0.009484802 -427.7295 -8.999854 
1786041272.151 -0.010296 -0.008769394 -0.01068377 -0.007895995 -0.01068377 -428.8433 -10.19997 
1786041272.309 -0.005329953 -0.007286453 -0.009996659 -0.007929953 -0.009996659 -430.0803 -11.38496 
1786041272.467 -0.01036356 -0.01354413 -0.009617809 -0.007963556 -0.009617809 -431.4417 -12.56249 
1786041272.624 -0.01039722 -0.008535792 -0.009792785 -0.007997219 -0.009792785 -432.9441 -13.74745 
1786041272.782 -0.005430711 -0.007976868 -0.009252724 -0.008030711 -0.009252724 -434.5799 -14.93253 
1786041272.950 -0.0104657 -0.009493954 -0.008830171 -0.0080657 -0.008830171 -436.4404 -16.17741 
1786041273.114 -0.01050026 -0.01287572 -0.009844004 -0.01310026 -0.009844004 -438.4318 -17.41493 
1786041273.274 -0.005533759 -0.01120937 -0.009357843 -0.008133759 -0.009357843 -440.5133 -18.62244 
1786041273.432 -0.0105664 -0.008754657 -0.01055613 -0.008166403 -0.01055613 -442.685 -19.80746 
1786041273.590 -0.0005737221 -0.03084499 0.008731223 0.001826278 0.008731223 -443.4292 -20.0744 
1786041273.747 0.01442628 0.009155006 0.01038427 0.01182628 0.01038427 -443.9576 -20.0744 
1786041273.905 0.01442628 0.01315501 0.009497321 0.01182628 0.009497321 -444.4833 -20.0744 
1786041274.070 0.01442628 0.01315501 0.009247029 0.01682628 0.009247029 -445.0231 -20.0744 
1786041274.236 0.01442628 0.01315501 0.009633397 0.01182628 0.009633397 -445.5768 -20.0744 
1786041274.395 0.01442628 0.01315501 0.009383106 0.01682628 0.009383106 -446.1166 -20.0744 
1786041274.559 0.009426278 0.009155006 0.01837641 0.01182628 0.01837641 -446.19 -20.0744 
1786041274.723 0.01442628 0.01315501 0.008319789 0.01182628 0.008319789 -446.0861 -20.0744 
1786041274.888 0.009426278 0.009155006 0.00942644 0.01182628 0.00942644 -446.114 -20.0744 
1786041275.064 0.009426278 0.009155006 0.009303091 0.01182628 0.009303091 -446.1432 -20.0744 
1786041275.228 0.009426278 0.009155006 0.009243076 0.01182628 0.009243076 -446.1712 -20.0744 
1786041275.390 0.009426278 0.009155006 0.008746395 0.01182628 0.008746395 -446.1978 -20.0744 
1786041275.552 0.009426278 0.009155006 0.009196381 0.01182628 0.009196381 -446.2232 -20.0744 
1786041275.722 0.009426278 0.01315501 0.02720992 0.01182628 0.02720992 -445.8725 -20.0744 
1786041275.888 0.009427668 -0.07233911 0.02471074 0.01077767 0.02471074 -443.7097 -20.02368 
1786041276.050 -0.01053968 -0.02791135 -0.01340501 -0.007939683 -0.01340501 -440.8929 -18.83702 
1786041276.214 -0.01050581 -0.01339843 -0.01038495 -0.01290581 -0.01038495 -438.7656 -17.61452 
1786041276.373 -0.01547233 -0.01860301 -0.008557987 -0.01287233 -0.008557987 -436.8111 -16.41445 
1786041276.531 -0.01543886 -0.01505439 -0.009778274 -0.01283886 -0.009778274 -434.9988 -15.22204 
1786041276.697 -0.01540499 -0.01235385 -0.009840292 -0.01280499 -0.009878197 -433.3008 -14.01449 
1786041276.861 -0.01036923 -0.01758123 -0.008238184 -0.01276923 -0.008238184 -431.6866 -12.76193 
1786041277.021 -0.0153348 -0.01030083 -0.008647841 -0.0127348 -0.008647841 -430.2693 -11.55446 
1786041277.179 -0.01030064 -0.01720547 -0.009316718 -0.007700643 -0.009316718 -429.0057 -10.362 
1786041277.337 -0.01026679 -0.01047717 -0.008209688 -0.01266679 -0.007892623 -427.8868 -9.176903 
1786041277.495 -0.01023239 -0.01602965 -0.007917511 -0.007632392 -0.007917511 -426.9013 -7.992001 
1786041277.654 -0.01019833 -0.01131468 -0.007272914 -0.007598111 -0.007272914 -426.0516 -6.806989 
1786041277.815 -0.01016353 -0.008370215 -0.007311629 -0.007563527 -0.007311629 -425.3328 -5.614154 
1786041277.982 -0.01012691 -0.01393677 -0.006972185 -0.007526909 -0.006972185 -424.7232 -4.354438 
1786041278.144 -0.01009154 -0.008871997 -0.007827146 -0.01249154 -0.007827146 -424.28 -3.139282 
1786041278.303 -0.01005635 -0.0139051 -0.007370364 -0.007456349 -0.007370364 -423.9828 -1.931914 
1786041278.461 -0.01002179 -0.0143665 -0.006713577 -0.007421789 -0.006713577 -423.8291 -0.7469847 
1786041278.620 -0.01 0.0803 -0.006258978 -0.0074 -0.006258978 -423.8025 -9.151927e-10 
1786041278.787 0.005 0.0163 0.002631017 0.0026 0.002631017 -423.8114 -9.151927e-10 
1786041278.946 0.01 0.0123 0.006441015 0.0076 0.006441015 -423.8152 -9.151927e-10 
1786041279.104 0.01 0.0123 0.006441015 0.0076 0.006441015 -423.8152 -9.151927e-10 
1786041279.262 0.01 0.0083 0.006441015 0.0076 0.006441015 -423.8152 -9.151927e-10 
1786041279.421 0.01 0.0083 0.006441015 0.0076 0.006441015 -423.8152 -9.151927e-10 
1786041279.581 0.01 0.0083 0.005171016 0.0026 0.005171016 -423.8139 -9.151927e-10 
1786041279.743 0.005 0.0043 0.003901017 0.0026 0.003901017 -423.8126 -9.151927e-10 
1786041279.908 0.00499594 -0.02026429 -0.003277634 0.00239594 -0.003277634 -423.8306 -0.1392 
1786041280.074 0.01499594 0.01173571 0.0005420708 0.01239594 0.0005420708 -424.378 -0.1392 
1786041280.240 0.01499594 0.01173571 0.00807177 0.01239594 0.00807177 -424.9355 -0.1392 
1786041280.401 0.00999594 0.01173571 0.008774807 0.01239594 0.008774807 -425.4829 -0.1392 
1786041280.561 0.00999594 0.01173571 0.008364521 0.01239594 0.007571187 -426.015 -0.1392 
1786041280.722 0.01499594 0.01573571 0.008907565 0.01239594 0.008907565 -426.5497 -0.1392 
1786041280.882 0.01499594 0.01573571 0.01831732 0.01239594 0.01831732 -426.998 -0.1392 
1786041281.062 0.00999594 0.01173571 0.002527485 0.01239594 0.002527485 -426.7222 -0.1392 
1786041281.228 0.01499594 0.01173571 0.008950797 0.01239594 0.008950797 -426.7376 -0.1392 
1786041281.390 0.01499594 0.01573571 0.008454115 0.01239594 0.008454115 -426.7643 -0.1392 
1786041281.551 0.01499594 0.01173571 0.008290768 0.01239594 0.008290768 -426.791 -0.1392 
1786041281.716 0.01499594 0.01573571 0.008897419 0.01239594 0.008897419 -426.8189 -0.1392 
1786041281.884 0.01499594 0.01573571 0.009170738 0.01239594 0.009170738 -426.8469 -0.1392 
1786041282.048 0.01499594 0.01573571 0.009277389 0.01239594 0.009277389 -426.8748 -0.1392 
1786041282.209 0.00999594 0.01173571 0.007110733 0.01239594 0.007110733 -426.881 -0.1392 
1786041282.368 0.00999594 0.01173571 0.02984455 0.00739594 0.02920789 -425.9653 -0.1392 
1786041282.525 0.00999594 0.01173571 -0.01260473 0.00739594 -0.01260473 -424.0362 -0.1392 
1786041282.687 -1.00045e-13 0.0163 -0.008798976 0.0026 -0.008798976 -423.7999 -1.660063e-08 
1786041282.847 0.01 0.0083 -0.003718979 0.0026 -0.003718979 -423.805 -1.660063e-08 
1786041283.009 0.005 0.0083 9.101872e-05 0.0026 9.101872e-05 -423.8088 -1.660063e-08 
1786041283.167 0.005 0.0083 0.002631017 0.0026 0.002631017 -423.8114 -1.660063e-08 
1786041283.340 0.005008094 -0.1335533 0.00142149 0.002608313 0.00142149 -423.8141 0.2848968 
1786041283.503 -0.01495516 -0.0275685 -0.01048015 -0.01235516 -0.01048015 -423.9132 1.537476 
1786041283.673 -0.014918 -0.01690214 -0.01079104 -0.012318 -0.01079104 -424.1824 2.812383 
1786041283.834 -0.01488284 -0.01540169 -0.01029713 -0.01728284 -0.01029713 -424.5837 4.019916 
1786041283.994 -0.01484795 -0.01435699 -0.01024701 -0.01724795 -0.01024701 -425.1222 5.219916 
1786041284.151 -0.01481357 -0.0175378 -0.01074482 -0.01221357 -0.01074482 -425.7902 6.404881 
1786041284.310 -0.01477926 -0.01748871 -0.01102348 -0.01717926 -0.01102348 -426.5941 7.589944 
1786041284.468 -0.01474483 -0.01269774 -0.01076544 -0.01214483 -0.01076544 -427.5403 8.782455 
1786041284.626 -0.01471073 -0.01764833 -0.01163851 -0.01211073 -0.01163851 -428.6147 9.967508 
1786041284.789 -0.00967654 -0.01595871 -0.01027773 -0.01207654 -0.01027773 -429.8339 11.15997 
1786041284.961 -0.009639924 -0.01397657 -0.009742054 -0.01203971 -0.009742054 -431.3046 12.45007 
1786041285.135 -0.01460243 -0.01086233 -0.01134585 -0.01200221 -0.01134585 -432.9708 13.7698 
1786041285.295 -0.009568096 -0.01133667 -0.01111244 -0.0119681 -0.01048269 -434.6523 14.98485 
1786041285.457 -0.00953396 -0.01471904 -0.010878 -0.00693396 -0.010878 -436.4595 16.19236 
1786041285.618 -0.009500243 -0.01421056 -0.01024629 -0.006900243 -0.01024629 -438.4039 17.39986 
1786041285.810 -0.009462189 -0.0139997 -0.0101669 -0.01186198 -0.01091477 -440.7902 18.78744 
1786041285.975 -0.009432233 0.1328243 0.03675898 -0.006832233 0.03675898 -442.8298 19.8608 
1786041286.139 0.01056777 0.02482432 0.007932095 0.008167767 0.007932095 -443.2387 19.8608 
1786041286.303 0.01556777 0.01682432 0.008318463 0.01316777 0.008318463 -443.7925 19.8608 
1786041286.466 0.01556777 0.01682432 0.007751501 0.01316777 0.007751501 -444.3386 19.8608 
1786041286.625 0.01556777 0.01682432 0.00781788 0.01316777 0.00781788 -444.872 19.8608 
1786041286.782 0.01556777 0.01682432 0.007724264 0.01316777 0.007724264 -445.3952 19.8608 
1786041286.941 0.01556777 0.01682432 0.008573979 0.01316777 0.008573979 -445.9223 19.8608 
1786041287.105 0.01556777 0.01682432 0.005154103 0.01316777 0.005154103 -445.7176 19.8608 
1786041287.276 0.01556777 0.01682432 0.008730744 0.01816777 0.008564077 -445.7406 19.8608 
1786041287.436 0.01556777 0.01682432 0.009504062 0.01316777 0.009504062 -445.7686 19.8608 
1786041287.595 0.01556777 0.01682432 0.009840715 0.01316777 0.009840715 -445.7953 19.8608 
1786041287.753 0.01556777 0.01682432 0.0100107 0.01316777 0.0100107 -445.8219 19.8608 
1786041287.911 0.01556777 0.01682432 0.009077353 0.01316777 0.009077353 -445.8473 19.8608 
1786041288.069 0.01556777 0.01282432 0.009414005 0.01316777 0.009414005 -445.874 19.8608 
1786041288.229 0.01056777 0.01282432 0.01298069 0.01316777 0.01298069 -445.8674 19.8608 
1786041288.395 0.01556777 0.01682432 0.01675483 0.01316777 0.01675483 -444.3714 19.8608 
1786041288.560 -0.004450789 0.04881244 -0.008460103 -0.002050789 -0.008460103 -441.5456 19.18591 
1786041288.720 -0.01448417 0.0006036301 -0.01140857 -0.01708417 -0.01140857 -439.3816 17.97833 
1786041288.890 -0.01451883 -0.01181671 -0.01012367 -0.01211883 -0.01012367 -437.314 16.73336 
1786041289.080 -0.01455857 -0.01042069 -0.009698497 -0.01215857 -0.009698497 -435.1347 15.31591 
1786041289.245 -0.01459455 -0.0117673 -0.01085634 -0.01219455 -0.01085634 -433.3338 14.04079 
1786041289.413 -0.01463008 -0.01300592 -0.008909446 -0.01223008 -0.008909446 -431.7171 12.78836 
1786041289.579 -0.01466579 -0.0115481 -0.008915357 -0.01226601 -0.008915357 -430.2388 11.52826 
1786041289.744 -0.01470037 -0.01209839 -0.009091066 -0.01230037 -0.009091066 -428.9714 10.32065 
1786041289.909 -0.01473682 -0.008255358 -0.008824023 -0.01233682 -0.008824023 -427.7827 9.060829 
1786041290.072 -0.01477209 -0.01216577 -0.008931082 -0.01237209 -0.008931082 -426.7819 7.838425 
1786041290.233 -0.009806807 -0.008762961 -0.008695673 -0.01240681 -0.008695673 -425.9399 6.638451 
1786041290.392 -0.009841614 -0.00917588 -0.007822678 -0.01244183 -0.007675751 -425.2338 5.430915 
1786041290.555 -0.01487714 -0.01132138 -0.007541848 -0.01247714 -0.007541848 -424.6648 4.215677 
1786041290.721 -0.00991295 -0.005062295 -0.007748962 -0.00751295 -0.007748962 -424.2343 2.97819 
1786041290.908 -0.009951419 -0.01000535 -0.007854977 -0.01255164 -0.007854977 -423.9346 1.65836 
1786041291.079 -0.009991226 -0.007348127 -0.008118436 -0.007591226 -0.008118436 -423.805 0.3009273 
1786041291.251 0.005 -0.0197 9.101872e-05 0.0024 9.101872e-05 -423.8088 -1.137215e-08 
1786041291.414 0.015 0.0083 0.008981014 0.0124 0.008981014 -423.8177 -1.137215e-08 
1786041291.584 0.015 0.0083 0.008981014 0.0124 0.008981014 -423.8177 -1.137215e-08 
1786041291.744 0.015 0.0123 0.008981014 0.0124 0.008981014 -423.8177 -1.137215e-08 
1786041291.911 -2.493765e-05 0.03104122 0.0003132569 -0.002624938 0.0003132569 -423.8446 -0.8624319 
1786041292.081 -0.01006168 -0.002669107 -0.009137822 -0.01266189 -0.009137822 -424.0186 -2.122566 
1786041292.252 -0.01009926 -0.01075113 -0.009447196 -0.007699258 -0.009447196 -424.3627 -3.405006 
1786041292.428 -0.01013766 -0.008135293 -0.008725992 -0.01273766 -0.008725992 -424.8847 -4.724843 
1786041292.597 -0.01017469 -0.008769819 -0.009557927 -0.01277469 -0.009557927 -425.5477 -5.999814 
1786041292.763 -0.01021076 -0.01170489 -0.009292038 -0.007810759 -0.009292038 -426.3478 -7.245052 
1786041292.926 -0.01024651 -0.006967322 -0.008844968 -0.007846514 -0.008844968 -427.2914 -8.482458 
1786041293.086 -0.01028108 -0.01410433 -0.009964745 -0.007881076 -0.00937435 -428.3531 -9.689975 
1786041293.244 -0.0103153 -0.005817009 -0.01039602 -0.0079153 -0.01039602 -429.5304 -10.87494 
1786041293.421 -0.01035195 -0.01341591 -0.009232222 -0.007951954 -0.009232222 -430.9579 -12.15761 
1786041293.596 -0.005390134 -0.005646643 -0.00984063 -0.01299013 -0.00984063 -432.6177 -13.50011 
1786041293.756 -0.01042429 -0.009955698 -0.00936334 -0.008024292 -0.00936334 -434.2573 -14.70751 
1786041293.915 -0.01045805 -0.01043379 -0.01008387 -0.008058051 -0.01008387 -436.0213 -15.90743 
1786041294.072 -0.01049098 -0.005085517 -0.01080696 -0.01309098 -0.01080696 -437.8832 -17.08497 
1786041294.230 -0.01052391 -0.01166554 -0.00996693 -0.008123913 -0.00996693 -439.8885 -18.27 
1786041294.395 -0.005557858 -0.008710747 -0.01026365 -0.008157858 -0.01026365 -442.1059 -19.49985 
1786041294.559 -0.005575397 -0.05888189 0.009429401 -0.003175397 0.009429401 -443.414 -20.1392 
1786041294.720 0.0194246 0.01711811 0.01378244 0.0218246 0.01378244 -443.955 -20.1392 
1786041294.881 0.0194246 0.02111811 0.01257882 0.0218246 0.01257882 -444.4872 -20.1392 
1786041295.043 0.0194246 0.02111811 0.0115352 0.0218246 0.0115352 -445.0294 -20.1392 
1786041295.209 0.0194246 0.01711811 0.01096823 0.0168246 0.01096823 -445.5755 -20.1392 
1786041295.388 0.0144246 0.01711811 0.01056459 0.0168246 0.01056459 -446.1585 -20.1392 
1786041295.559 0.0144246 0.01311811 0.02164114 0.0118246 0.02164114 -446.3907 -20.1392 
1786041295.725 0.009424603 0.01311811 0.005147881 0.0118246 0.005147881 -446.2283 -20.1392 
1786041295.883 0.0144246 0.01311811 0.007691199 0.0118246 0.007691199 -446.2575 -20.1392 
1786041296.052 0.0144246 0.01311811 0.009067849 0.0168246 0.009067849 -446.2867 -20.1392 
1786041296.216 0.0144246 0.01311811 0.009674501 0.0118246 0.009674501 -446.3147 -20.1392 
1786041296.376 0.0194246 0.01711811 0.01061449 0.0168246 0.01061449 -446.3426 -20.1392 
1786041296.536 0.0194246 0.01711811 0.01252114 0.0168246 0.01323781 -446.366 -20.1392 
1786041296.699 0.0144246 0.01711811 0.03028807 0.0168246 0.03028807 -445.9068 -20.1392 
1786041296.858 0.01442645 -0.08011857 0.02831067 0.01197645 0.02831067 -443.7643 -20.07158 
1786041297.036 -0.01553931 -0.03157781 -0.01368662 -0.01293931 -0.01417652 -440.8573 -18.81911 
1786041297.200 -0.01550377 -0.01896101 -0.01159716 -0.01290377 -0.01159716 -438.6437 -17.54413 
1786041297.364 -0.01546966 -0.02172955 -0.01063496 -0.01786945 -0.01032614 -436.6498 -16.31415 
1786041297.531 -0.01543491 -0.01800979 -0.00925102 -0.01283491 -0.00925102 -434.7969 -15.08416 
1786041297.702 -0.01539869 -0.01645478 -0.01064167 -0.01279847 -0.01064167 -433.0036 -13.79407 
1786041297.872 -0.01536205 -0.02183591 -0.009292375 -0.01276205 -0.009292375 -431.3793 -12.51185 
1786041298.043 -0.0153263 -0.01737382 -0.008684415 -0.01272608 -0.009419643 -429.934 -11.25183 
1786041298.222 -0.01528802 -0.01933639 -0.009969474 -0.01268781 -0.009969474 -428.5675 -9.916386 
1786041298.383 -0.01025154 -0.01139203 -0.007596418 -0.01265154 -0.007596418 -427.4372 -8.656859 
1786041298.543 -0.0102171 -0.01666203 -0.008323423 -0.0126171 -0.008323423 -426.505 -7.456762 
1786041298.701 -0.01018257 -0.01189247 -0.007705416 -0.01258257 -0.007705416 -425.7113 -6.271757 
1786041298.859 -0.01014817 -0.01661083 -0.00724811 -0.007548174 -0.00724811 -425.0585 -5.086839 
1786041299.016 -0.01011393 -0.01575077 -0.008461771 -0.01251393 -0.008461771 -424.5429 -3.909231 
1786041299.176 -0.01007899 -0.01327947 -0.007403176 -0.01247899 -0.007403176 -424.1581 -2.709179 
1786041299.339 -0.0100438 -0.01519114 -0.007931478 -0.0124438 -0.007931478 -423.9104 -1.501788 
1786041299.503 -0.01000771 -0.0119357 -0.007113167 -0.01240771 -0.007113167 -423.805 -0.2642765 
1786041299.667 -1.00045e-13 0.0363 -0.001178981 0.0026 -0.001178981 -423.8076 -1.660063e-08 
1786041299.829 0.015 0.0163 0.006441015 0.0076 0.006441015 -423.8152 -1.660063e-08 
1786041299.986 0.015 0.0123 0.007711015 0.0076 0.007711015 -423.8164 -1.660063e-08 
1786041300.143 0.015 0.0163 0.006441015 0.0126 0.006441015 -423.8152 -1.660063e-08 
1786041300.301 0.015 0.0163 0.007711015 0.0126 0.007711015 -423.8164 -1.660063e-08 
1786041300.459 0.015 0.0163 0.007711015 0.0126 0.007711015 -423.8164 -1.660063e-08 
1786041300.619 0.015 0.0163 0.007711015 0.0126 0.007711015 -423.8164 -1.660063e-08 
1786041300.777 0.015 0.0163 0.008981014 0.0176 0.008981014 -423.8177 -1.660063e-08 
1786041300.958 0.01500424 0.02692218 -0.004030636 0.01260424 -0.004030636 -424.0135 0.1451 
1786041301.121 0.01500424 0.01492218 0.002705728 0.01260424 0.002705728 -424.5736 0.1451 
1786041301.286 0.01000424 0.01092218 0.007218764 0.01260424 0.007218764 -425.1247 0.1451 
1786041301.457 0.01000424 0.01092218 0.007131786 0.007604238 0.007131786 -425.7013 0.1451 
1786041301.631 0.01500424 0.01492218 0.008631477 0.01260424 0.008631477 -426.2728 0.1451 
1786041301.797 0.01500424 0.01892218 0.01078784 0.01760424 0.01078784 -426.8342 0.1451 
1786041301.964 0.01500424 0.02292218 0.004150192 0.01760424 0.004150192 -426.6206 0.1451 
1786041302.130 0.02000424 0.02692218 0.01277794 0.02260424 0.01261127 -426.6526 0.1451 
1786041302.298 0.02500424 0.03092218 0.01382126 0.02760424 0.01382126 -426.6818 0.1451 
1786041302.462 0.03000424 0.03092218 0.01569791 0.02760424 0.01569791 -426.711 0.1451 
1786041302.624 0.02500424 0.03092218 0.01520123 0.02760424 0.01520123 -426.7376 0.1451 
1786041302.782 0.03000424 0.03092218 0.01544066 0.03260424 0.01544066 -426.7643 0.1451 
1786041302.946 0.03000424 0.03492218 0.03292136 0.03260424 0.03292136 -426.5165 0.1451 
1786041303.105 0.02500424 0.03092218 0.01509232 0.02760424 0.01509232 -424.5607 0.1451 
1786041303.267 -1.00045e-13 -0.0437 -0.01641897 0.0024 -0.01641897 -423.7923 1.477024e-08 
1786041303.441 -1.00045e-13 -0.0077 -0.004988979 -0.0026 -0.004988979 -423.8037 1.477024e-08 
1786041303.603 -0.005 -0.0117 -0.007528977 -0.0126 -0.007528977 -423.8012 1.477024e-08 
1786041303.768 -0.009999964 -0.01853314 -0.008779056 -0.01134996 -0.008779056 -423.8 0.00119068 
1786041303.941 -0.0199678 -0.04114816 -0.01315638 -0.0223678 -0.01315638 -423.8547 1.102366 
1786041304.114 -0.01992971 -0.02096413 -0.01383832 -0.02232971 -0.01383832 -424.077 2.407438 
1786041304.279 -0.01989274 -0.0250725 -0.01302019 -0.02229274 -0.01302019 -424.4529 3.674924 
1786041304.442 -0.01985757 -0.02570097 -0.0126212 -0.02225757 -0.0126212 -424.9558 4.882369 
1786041304.601 -0.01982225 -0.02384731 -0.01204324 -0.01722225 -0.01204324 -425.6048 6.097427 
1786041304.764 -0.01978787 -0.02474152 -0.0124599 -0.01718787 -0.0124599 -426.3744 7.28242 
1786041304.935 -0.01975013 -0.0222757 -0.01278521 -0.01715013 -0.01278521 -427.379 8.587231 
1786041305.097 -0.01971488 -0.02164812 -0.01321953 -0.01711488 -0.01321953 -428.4687 9.809919 
1786041305.257 -0.01468041 -0.0181043 -0.01274879 -0.01708019 -0.01274879 -429.6866 11.0174 
1786041305.421 -0.01464544 -0.02031986 -0.01187827 -0.01704544 -0.01187827 -431.0531 12.23241 
1786041305.580 -0.01461126 -0.01870579 -0.01263114 -0.01201126 -0.01263114 -432.539 13.43238 
1786041305.747 -0.0145762 -0.01537337 -0.01131231 -0.01697599 -0.01131231 -434.2268 14.67751 
1786041305.909 -0.01454176 -0.02487277 -0.01104126 -0.01194176 -0.01104126 -436.0137 15.89244 
1786041306.067 -0.01450816 -0.01504631 -0.01262808 -0.01190816 -0.01262808 -437.9124 17.0924 
1786041306.227 -0.01447477 -0.0160167 -0.01232031 -0.01187477 -0.01232031 -439.9469 18.29245 
1786041306.384 -0.01444223 -0.01466528 -0.01181936 -0.01184223 -0.01181936 -442.0729 19.46995 
1786041306.543 -0.009423675 0.06239334 0.01180944 -0.01182368 0.01180944 -443.4038 20.1451 
1786041306.700 0.01057632 0.01839334 0.007595827 0.008176325 0.007595827 -443.9195 20.1451 
1786041306.861 0.01057632 0.01439334 0.007978875 0.008176325 0.007978875 -444.4465 20.1451 
1786041307.025 0.01057632 0.01439334 0.007888579 0.008176325 0.007888579 -444.9964 20.1451 
1786041307.186 0.01557632 0.01439334 0.008114952 0.01317632 0.008114952 -445.54 20.1451 
1786041307.347 0.01557632 0.01839334 0.00945133 0.01317632 0.00945133 -446.0747 20.1451 
1786041307.517 0.01557632 0.01839334 0.01933443 0.01317632 0.01933443 -446.5001 20.1451 
1786041307.684 0.01557632 0.01839334 0.006391236 0.01317632 0.006391236 -446.2487 20.1451 
1786041307.858 0.02057632 0.02239334 0.01179788 0.01817632 0.01179788 -446.2829 20.1451 
1786041308.026 0.01557632 0.01839334 0.01123787 0.01317632 0.01123787 -446.3109 20.1451 
1786041308.190 0.01557632 0.01839334 0.01090785 0.01817632 0.01090785 -446.3375 20.1451 
1786041308.351 0.01557632 0.01839334 0.01024451 0.01817632 0.01024451 -446.3642 20.1451 
1786041308.517 0.01557632 0.01839334 0.01101782 0.01317632 0.01101782 -446.3922 20.1451 
1786041308.688 0.01557632 0.01439334 0.01980119 0.01817632 0.01980119 -446.3539 20.1451 
1786041308.851 0.01057632 0.01439334 0.01595877 0.01317632 0.01595877 -444.6736 20.1451 
1786041309.010 -0.009445322 0.03666207 -0.0165013 -0.01204532 -0.0165013 -441.8606 19.35757 
1786041309.168 -0.01447809 -0.004783653 -0.01281622 -0.01707809 -0.01281622 -439.7372 18.17267 
1786041309.325 -0.01451088 -0.01560327 -0.012334 -0.01711088 -0.012334 -437.7534 16.99517 
1786041309.484 -0.01954408 -0.01871753 -0.01142616 -0.01714408 -0.01142616 -435.8878 15.81007 
1786041309.652 -0.01457917 -0.0127022 -0.01199535 -0.01717917 -0.01199535 -434.0679 14.56518 
1786041309.818 -0.01961488 -0.01531633 -0.01107664 -0.01721488 -0.01107664 -432.3762 13.30517 
1786041309.976 -0.01464886 -0.01054565 -0.01075502 -0.01224886 -0.01075502 -430.9132 12.11261 
1786041310.134 -0.01468277 -0.01380302 -0.01020979 -0.01228277 -0.01020979 -429.5937 10.92768 
1786041310.293 -0.01471682 -0.01114553 -0.01054039 -0.01231682 -0.009813577 -428.4011 9.735187 
1786041310.459 -0.01475207 -0.01049544 -0.009135294 -0.01735207 -0.009135294 -427.3267 8.520207 
1786041310.624 -0.01478852 -0.01279748 -0.00954538 -0.01238852 -0.00954538 -426.3615 7.260173 
1786041310.790 -0.009824423 -0.01238426 -0.00877598 -0.01242442 -0.00877598 -425.564 6.022647 
1786041310.950 -0.01485953 -0.01508422 -0.008982378 -0.01245953 -0.008982378 -424.9277 4.814964 
1786041311.108 -0.01489427 -0.009373887 -0.008588601 -0.01249427 -0.008588601 -424.4387 3.622533 
1786041311.265 -0.01492861 -0.01051172 -0.008947313 -0.01252861 -0.008947313 -424.0908 2.445151 
1786041311.426 -0.01496364 -0.01241453 -0.008061024 -0.01256364 -0.008061024 -423.8761 1.245149 
1786041311.588 -0.01499775 -0.06859611 -0.007817136 -0.01259775 -0.007817136 -423.8012 0.07691454 
1786041311.750 -0.005 -0.0197 -0.00244898 -0.0026 -0.00244898 -423.8063 -1.137215e-08 
1786041311.909 -1.00045e-13 -0.0037 0.003901017 0.0024 0.003901017 -423.8126 -1.137215e-08 
1786041312.067 -1.00045e-13 -0.0037 0.006441015 0.0024 0.006441015 -423.8152 -1.137215e-08 
1786041312.224 0.005 -0.0037 0.006441015 0.0024 0.006441015 -423.8152 -1.137215e-08 
1786041312.381 0.005 -0.0037 0.006441015 0.0024 0.006441015 -423.8152 -1.137215e-08 
1786041312.550 -1.511428e-05 0.06291455 0.002113335 -0.002615333 0.002113335 -423.8243 -0.5248098 
1786041312.709 -0.01005059 -0.001157709 -0.008648266 -0.01265059 -0.008648266 -423.9462 -1.732535 
1786041312.875 -0.01008627 -0.007794823 -0.01065245 -0.01268627 -0.01065245 -424.223 -2.955035 
1786041313.039 -0.01012278 -0.0110379 -0.008900553 -0.01272278 -0.008900553 -424.6612 -4.207533 
1786041313.199 -0.0101577 -0.009018926 -0.009807267 -0.0127577 -0.009807267 -425.2213 -5.407518 
1786041313.360 -0.01019234 -0.01376899 -0.009307364 -0.01279256 -0.009307364 -425.9223 -6.607469 
1786041313.520 -0.01022754 -0.01008664 -0.01023944 -0.007827544 -0.01023944 -426.7669 -7.814891 
1786041313.680 -0.01026221 -0.008581589 -0.009350142 -0.007862214 -0.009350142 -427.7473 -9.014925 
1786041313.847 -0.01029763 -0.01236093 -0.01026643 -0.007897631 -0.01026643 -428.8941 -10.24509 
1786041314.030 -0.01033592 -0.00550512 -0.01009117 -0.00793656 -0.01009117 -430.3292 -11.60242 
1786041314.201 -0.01037338 -0.009708818 -0.009983353 -0.007973378 -0.009983353 -431.8557 -12.89245 
1786041314.368 -0.01040958 -0.007182541 -0.01014473 -0.008009583 -0.01014473 -433.5194 -14.16744 
1786041314.554 -0.01044812 -0.007593483 -0.009515468 -0.008048117 -0.009515468 -435.4714 -15.53243 
1786041314.720 -0.005483882 -0.009043954 -0.01016687 -0.008083882 -0.01016687 -437.4514 -16.80765 
1786041314.913 -0.01052128 -0.01064751 -0.00955723 -0.008121697 -0.00955723 -439.7399 -18.17244 
1786041315.097 -0.01056087 -0.005876924 -0.009529755 -0.008161077 -0.009529755 -442.2989 -19.58992 
1786041315.266 0.00443164 -0.01892607 0.009073321 0.00183164 0.009073321 -443.0673 -19.8549 
1786041315.472 0.01443164 0.005073933 0.009152975 0.01183164 0.009152975 -443.7074 -19.8549 
1786041315.651 0.01443164 0.01307393 0.009389305 0.01183164 0.009389305 -444.3309 -19.8549 
1786041315.827 0.00943164 0.009073933 0.00946564 0.01183164 0.00946564 -444.9444 -19.8549 
1786041315.988 0.00943164 0.009073933 0.008898679 0.01183164 0.008898679 -445.4905 -19.8549 
1786041316.147 0.00943164 0.009073933 0.01878178 0.01183164 0.01878178 -445.9159 -19.8549 
1786041316.307 0.00943164 0.009073933 -0.004848064 0.00683164 -0.004848064 -445.6386 -19.8549 
1786041316.474 0.00943164 0.009073933 0.007108577 0.00683164 0.007108577 -445.6784 -19.8549 
1786041316.635 0.00443164 0.009073933 0.007881896 0.01183164 0.007881896 -445.7064 -19.8549 
1786041316.793 0.00443164 0.009073933 0.006948548 0.01183164 0.006948548 -445.7318 -19.8549 
1786041316.967 0.00943164 0.009073933 0.006721867 0.00683164 0.006721867 -445.7597 -19.8549 
1786041317.133 0.00443164 0.005073933 0.006495185 0.00683164 0.006495185 -445.7876 -19.8549 
1786041317.302 0.00443164 0.005073933 0.02504873 0.00683164 0.02504873 -445.4268 -19.8549 
1786041317.470 0.004434165 -0.1092181 0.0277437 0.007034165 0.0277437 -443.1509 -19.76308 
1786041317.636 -0.005531744 -0.02815344 -0.01230785 -0.007931744 -0.01230785 -440.3607 -18.52753 
1786041317.796 -0.0104984 -0.01673037 -0.009348615 -0.007898189 -0.009591277 -438.2906 -17.31998 
1786041317.955 -0.01046483 -0.01905945 -0.009404731 -0.007864833 -0.009404731 -436.3767 -16.12746 
1786041318.122 -0.01043064 -0.01317919 -0.009558559 -0.007830642 -0.009558559 -434.5632 -14.91242 
1786041318.291 -0.01039434 -0.01814669 -0.008843628 -0.007794341 -0.008843628 -432.8004 -13.62232 
1786041318.456 -0.005358912 -0.0125228 -0.007881258 -0.007758912 -0.007881258 -431.2383 -12.38484 
1786041318.619 -0.01032353 -0.0142164 -0.007450886 -0.007723529 -0.007450886 -429.8312 -11.14751 
1786041318.782 -0.01028886 -0.01589535 -0.008145907 -0.007688858 -0.008547152 -428.5904 -9.932422 
1786041318.947 -0.01025319 -0.01283959 -0.007745578 -0.007652976 -0.007745578 -427.474 -8.694911 
1786041319.111 -0.005217626 -0.01615145 -0.0077066 -0.007617626 -0.0077066 -426.5152 -7.47244 
1786041319.269 -0.01018305 -0.008041636 -0.007626705 -0.007583048 -0.007626705 -425.7138 -6.272301 
1786041319.426 -0.005148609 -0.01340469 -0.007899056 -0.007548609 -0.007899056 -425.0636 -5.094897 
1786041319.593 -0.005112577 -0.01108433 -0.007661056 -0.007512577 -0.007661056 -424.5251 -3.857428 
1786041319.765 -0.01007671 -0.009001751 -0.006955878 -0.007476711 -0.006955878 -424.1378 -2.627546 
1786041319.965 -0.005032488 -0.007039212 -0.006460265 -0.00743205 -0.006460265 -423.8609 -1.097244 
1786041320.132 -0.005000005 0.1451708 -0.00625898 -0.007400005 -0.00625898 -423.8025 -0.0001440246 
1786041320.300 -0.005 0.0163 -0.00244898 -0.0024 -0.00244898 -423.8063 9.541763e-09 
1786041320.495 -0.005 0.0083 0.002631017 0.0026 0.002631017 -423.8114 9.541763e-09 
1786041320.663 0.005 0.0083 0.007711015 0.0076 0.007711015 -423.8164 9.541763e-09 
1786041320.822 0.01 0.0123 0.007711015 0.0076 0.007711015 -423.8164 9.541763e-09 
1786041320.984 0.005 0.0083 0.007711015 0.0026 0.007711015 -423.8164 9.541763e-09 
1786041321.146 0.01 0.0123 0.007711015 0.0076 0.007711015 -423.8164 9.541763e-09 
1786041321.315 0.01 0.0123 0.007711015 0.0076 0.007711015 -423.8164 9.541763e-09 
1786041321.491 0.01000866 0.03503351 -0.005233035 0.007608656 -0.005233035 -423.9348 0.2967 
1786041321.662 0.01000866 0.01503351 0.004839981 0.01260866 0.004839981 -424.519 0.2967 
1786041321.822 0.01500866 0.01503351 0.007606353 0.01260866 0.007606353 -425.0651 0.2967 
1786041321.979 0.01000866 0.01503351 0.008782736 0.01260866 0.008782736 -425.5896 0.2967 
1786041322.144 0.01000866 0.01503351 0.00805578 0.007608656 0.00805578 -426.1255 0.2967 
1786041322.309 0.01000866 0.01103351 0.006855479 0.007608656 0.006855479 -426.6843 0.2967 
1786041322.475 0.005008656 0.007033513 0.01457879 0.007608656 0.01457879 -426.7565 0.2967 
1786041322.637 0.01000866 0.01103351 -0.0002078383 0.007608656 -0.0002078383 -426.6538 0.2967 
1786041322.795 0.01000866 0.01103351 0.002502146 0.007608656 0.002502146 -426.683 0.2967 
1786041322.953 0.005008656 0.007033513 0.005545463 0.007608656 0.005545463 -426.7122 0.2967 
1786041323.114 0.005008656 0.007033513 0.005715449 0.007608656 0.005715449 -426.7389 0.2967 
1786041323.278 0.005008656 0.007033513 0.006155434 0.007608656 0.006155434 -426.7669 0.2967 
1786041323.442 0.01000866 0.01103351 0.006928752 0.002608656 0.006928752 -426.7948 0.2967 
1786041323.605 0.01000866 0.007033513 0.01190544 0.007608656 0.01190544 -426.7857 0.2967 
1786041323.772 0.01000866 0.007033513 0.01453294 0.007608656 0.01453294 -425.2401 0.2967 
1786041323.933 0.005002674 0.105529 -0.02273219 0.007402674 -0.02273219 -423.791 0.09170599 
1786041324.099 0.01 -0.0077 -0.00244898 0.0074 -0.00244898 -423.8063 -1.137215e-08 
1786041324.276 0.01 0.0043 0.006441015 0.0074 0.006441015 -423.8152 -1.137215e-08 
1786041324.453 -0.004968492 -0.02932739 -0.003876857 -0.007368273 -0.003876857 -423.8624 1.087696 
1786041324.614 -0.009932403 -0.01376924 -0.00937892 -0.007332403 -0.00937892 -424.0605 2.317564 
1786041324.773 -0.009897656 -0.01791596 -0.009328461 -0.007297656 -0.009328461 -424.3983 3.509953 
1786041324.932 -0.009863172 -0.01194481 -0.00926998 -0.007263172 -0.00926998 -424.8707 4.694946 
1786041325.103 -0.009827005 -0.01135134 -0.009559021 -0.007227005 -0.009559021 -425.5134 5.939946 
1786041325.265 -0.009790702 -0.01662137 -0.01006774 -0.0121907 -0.01006774 -426.3109 7.192471 
1786041325.424 -0.009756231 -0.01205727 -0.01013989 -0.01215602 -0.009886813 -427.2177 8.392443 
1786041325.581 -0.009722082 -0.01411698 -0.01053793 -0.01212208 -0.01053793 -428.2413 9.570007 
1786041325.741 -0.004688052 -0.01347313 -0.009706292 -0.01208805 -0.009887695 -429.4148 10.76246 
1786041325.898 -0.00965394 -0.01223253 -0.009445471 -0.00705394 -0.009445471 -430.7153 11.94765 
1786041326.055 -0.004620405 -0.01296561 -0.009923294 -0.007020405 -0.009923294 -432.139 13.12495 
1786041326.213 -0.00458703 -0.00757582 -0.009803365 -0.006986818 -0.009803365 -433.7049 14.30996 
1786041326.379 -0.009552143 -0.01004176 -0.009700793 -0.006952143 -0.009700793 -435.4702 15.53987 
1786041326.545 -0.009517255 -0.009115448 -0.01164552 -0.01191726 -0.01164552 -437.3993 16.78497 
1786041326.706 -0.004483636 -0.01394053 -0.01074677 -0.006883636 -0.01074677 -439.411 17.99996 
1786041326.865 -0.004450453 -0.01149815 -0.0103182 -0.006850453 -0.01008947 -441.5573 19.19996 
1786041327.022 -0.004420547 0.09698564 0.02457103 -0.006820547 0.02457103 -443.6274 20.28151 
1786041327.179 -0.004420131 0.0214981 0.007624765 0.003179869 0.007624765 -444.0109 20.2967 
1786041327.344 0.005579869 0.0134981 0.008167809 0.008179869 0.008167809 -444.5481 20.2967 
1786041327.507 0.01057987 0.0134981 0.008077512 0.008179869 0.007284177 -445.1006 20.2967 
1786041327.669 0.005579869 0.009498101 0.008303885 0.008179869 0.008303885 -445.6416 20.2967 
1786041327.828 0.01057987 0.0134981 0.008370264 0.008179869 0.008370264 -446.175 20.2967 
1786041327.985 0.005579869 0.009498101 0.008276648 0.008179869 0.008276648 -446.6982 20.2967 
1786041328.147 0.01057987 0.0134981 0.009650065 0.01317987 0.009650065 -446.5672 20.2967 
1786041328.307 0.01057987 0.0134981 0.006993386 0.008179869 0.006993386 -446.5649 20.2967 
1786041328.473 0.01057987 0.0134981 0.007766705 0.008179869 0.007766705 -446.5928 20.2967 
1786041328.639 0.01057987 0.009498101 0.007873356 0.008179869 0.007873356 -446.6208 20.2967 
1786041328.799 0.01057987 0.009498101 0.007876675 0.008179869 0.007710008 -446.6474 20.2967 
1786041328.958 0.01057987 0.0134981 0.008046661 0.008179869 0.008046661 -446.6741 20.2967 
1786041329.116 0.005579869 0.009498101 0.01396999 0.008179869 0.01396999 -446.6958 20.2967 
1786041329.278 0.005579869 0.009498101 0.02553684 0.008179869 0.02553684 -446.3589 20.2967 
1786041329.444 0.01057941 0.05782611 0.01709806 0.004129343 0.01817434 -444.3066 20.27746 
1786041329.615 -0.004453714 0.01127895 -0.01416611 -0.007053714 -0.01416611 -441.3094 19.0665 
1786041329.776 -0.009487961 0.004117763 -0.01060458 -0.01208796 -0.01060458 -439.1441 17.83678 
1786041329.937 -0.0095214 -0.001656059 -0.009182811 -0.0121214 -0.009920413 -437.1514 16.6291 
1786041330.096 -0.009555048 -0.003336208 -0.008588688 -0.007155048 -0.008588688 -435.3176 15.43682 
1786041330.256 -0.009588891 -0.007741479 -0.009632442 -0.01218889 -0.009632442 -433.6043 14.23663 
1786041330.425 -0.009623767 -0.01083952 -0.008419173 -0.007223981 -0.009176017 -431.9813 12.99878 
1786041330.594 -0.004659888 -0.004250733 -0.008039112 -0.007260103 -0.008039112 -430.47 11.7315 
1786041330.761 -0.009696606 -0.007681479 -0.008777659 -0.01229661 -0.008777659 -429.0946 10.44915 
1786041330.922 -0.009731532 -0.005358636 -0.008952628 -0.007331532 -0.008952628 -427.9439 9.241786 
1786041331.081 -0.009766145 -0.006742444 -0.007568576 -0.007366145 -0.007568576 -426.9406 8.041785 
1786041331.245 -0.009801295 -0.009546345 -0.007901126 -0.0124013 -0.007901126 -426.0643 6.826824 
1786041331.408 -0.004836752 -0.00169392 -0.008264478 -0.007436752 -0.008264478 -425.3265 5.604134 
1786041331.570 -0.009872066 -0.005317366 -0.007879089 -0.007472066 -0.007879089 -424.7372 4.389216 
1786041331.730 -0.009907437 -0.00595382 -0.0071252 -0.007507437 -0.0071252 -424.2914 3.174127 
1786041331.890 -0.009942193 -0.01194147 -0.007974491 -0.01254219 -0.007974491 -423.9917 1.981839 
1786041332.049 -0.009976975 -0.003359225 -0.008033015 -0.007577194 -0.008033015 -423.8304 0.7817545 
1786041332.209 -0.005 -0.0957 -0.006258978 -0.0076 -0.006258978 -423.8025 1.477024e-08 
1786041332.373 0.005 -0.0037 0.007711015 0.0074 0.007711015 -423.8164 1.477024e-08 
1786041332.533 0.01 0.0043 0.008981014 0.0074 0.008981014 -423.8177 1.477024e-08 
1786041332.693 0.01 0.0123 0.008981014 0.0124 0.008981014 -423.8177 1.477024e-08 
1786041332.861 0.004985777 0.07271823 0.005243719 0.002385777 0.005243719 -423.8255 -0.4949619 
1786041333.018 -0.005049227 0.002040232 -0.006092041 -0.007649227 -0.006092041 -423.9411 -1.687555 
1786041333.176 -0.01008377 -0.0002392143 -0.00842729 -0.007683773 -0.00842729 -424.2015 -2.872491 
1786041333.335 -0.01011806 -0.007049207 -0.008307423 -0.007718283 -0.008721764 -424.6002 -4.057643 
1786041333.503 -0.01015449 -0.003230078 -0.008317475 -0.01275449 -0.008317475 -425.1667 -5.302369 
1786041333.668 -0.01019061 -0.007028367 -0.009105495 -0.01279083 -0.009105495 -425.8867 -6.55491 
1786041333.828 -0.01022557 -0.007052403 -0.008819487 -0.00782557 -0.008819487 -426.7199 -7.75492 
1786041333.985 -0.01025978 -0.0100577 -0.008562855 -0.007859776 -0.008562855 -427.6787 -8.939935 
1786041334.143 -0.005293872 -0.006284555 -0.009858037 -0.007893872 -0.009858037 -428.7709 -10.12493 
1786041334.300 -0.005327627 -0.007498791 -0.009123938 -0.007927627 -0.009697307 -429.999 -11.30998 
1786041334.460 -0.005361671 -0.009533915 -0.008825435 -0.007961671 -0.008825435 -431.3617 -12.49505 
1786041334.625 -0.005396622 -0.005884811 -0.009935789 -0.007996835 -0.009935789 -432.9251 -13.73241 
1786041334.785 -0.01043076 -0.007473398 -0.01036713 -0.008030755 -0.01036713 -434.5799 -14.93231 
1786041334.942 -0.005464067 -0.005442334 -0.009865269 -0.008064067 -0.009865269 -436.3477 -16.11745 
1786041335.101 -0.005497389 -0.005422053 -0.009478727 -0.008097389 -0.009478727 -438.2591 -17.30996 
1786041335.260 -0.01053029 -0.006182412 -0.009753694 -0.008130288 -0.009753694 -440.2885 -18.495 
1786041335.418 -0.01056209 -0.07731789 0.01287067 -0.008162085 0.01287067 -442.4107 -19.64812 
1786041335.577 0.0044364 -0.01202274 0.009329624 0.0068364 0.009329624 -442.8184 -19.7033 
1786041335.738 0.0094364 0.003977263 0.008919338 0.0118364 0.008919338 -443.348 -19.7033 
1786041335.909 0.0144364 0.01197726 0.0094657 0.0118364 0.0094657 -443.9144 -19.7033 
1786041336.071 0.0094364 0.01197726 0.009852068 0.0118364 0.009852068 -444.4656 -19.7033 
1786041336.230 0.0144364 0.01197726 0.009441782 0.0118364 0.009441782 -444.9952 -19.7033 
1786041336.388 0.0094364 0.01197726 0.009348166 0.0118364 0.009348166 -445.5184 -19.7033 
1786041336.547 0.0094364 0.01197726 0.009088247 0.0118364 0.009401581 -445.3925 -19.7033 
1786041336.707 0.0144364 0.01197726 0.008598231 0.0118364 0.008598231 -445.3977 -19.7033 
1786041336.872 0.0094364 0.01197726 0.009204883 0.0118364 0.009204883 -445.4257 -19.7033 
1786041337.037 0.0094364 0.01197726 0.009811534 0.0118364 0.009811534 -445.4536 -19.7033 
1786041337.206 0.0094364 0.007977263 0.008648187 0.0118364 0.008648187 -445.4803 -19.7033 
1786041337.374 0.0094364 0.01197726 0.009358171 0.0118364 0.009358171 -445.5095 -19.7033 
1786041337.551 0.0094364 0.007977263 0.00889818 0.0068364 0.00889818 -445.5182 -19.7033 
1786041337.729 0.0094364 0.01197726 0.01951224 0.0118364 0.01951224 -444.1517 -19.7033 
1786041337.898 -0.0005454343 -0.0569272 -0.008648695 -0.002945227 -0.008648695 -441.2789 -19.03582 
1786041338.063 -0.01051139 -0.01164817 -0.01133089 -0.01291139 -0.01133089 -439.1034 -17.8132 
1786041338.228 -0.01047606 -0.01516943 -0.009331826 -0.01287606 -0.009331826 -437.0194 -16.54593 
1786041338.394 -0.01044113 -0.01424693 -0.00855104 -0.01284113 -0.00855104 -435.1169 -15.3009 
1786041338.556 -0.01040705 -0.01441759 -0.009671652 -0.007807052 -0.009671652 -433.4088 -14.09327 
1786041338.715 -0.01037301 -0.01237723 -0.008619985 -0.007772795 -0.008619985 -431.8403 -12.88595 
1786041338.878 -0.0103388 -0.01450957 -0.008205085 -0.01273859 -0.008205085 -430.4179 -11.68573 
1786041339.050 -0.01030165 -0.01456887 -0.008407536 -0.007701431 -0.008407536 -429.0336 -10.38849 
1786041339.232 -0.01026261 -0.009037275 -0.007987087 -0.007662609 -0.007987087 -427.7649 -9.03831 
1786041339.396 -0.01022668 -0.01159838 -0.007407903 -0.01262668 -0.007407903 -426.7501 -7.793367 
1786041339.565 -0.01018999 -0.01115921 -0.007282367 -0.007589985 -0.007282367 -425.87 -6.525802 
1786041339.726 -0.01015494 -0.01156708 -0.007714886 -0.01255473 -0.007714886 -425.1715 -5.310869 
1786041339.893 -0.01011852 -0.01522905 -0.007117584 -0.007518524 -0.007117584 -424.6051 -4.065971 
1786041340.056 -0.0100827 -0.008485537 -0.007334457 -0.007482704 -0.007334457 -424.1924 -2.83593 
1786041340.216 -0.01004772 -0.01392173 -0.008098419 -0.01244772 -0.008098419 -423.9307 -1.635991 
1786041340.376 -0.01001271 -0.01135553 -0.006605109 -0.007412715 -0.006605109 -423.8114 -0.4359301 
1786041340.553 -0.005 0.0403 -0.00244898 -0.0024 -0.00244898 -423.8063 -1.660063e-08 
1786041340.726 -1.00045e-13 0.0123 0.005171016 0.0076 0.005171016 -423.8139 -1.660063e-08 
1786041340.891 0.01 0.0123 0.007711015 0.0076 0.007711015 -423.8164 -1.660063e-08 
1786041341.051 0.005 0.0083 0.007711015 0.0076 0.007711015 -423.8164 -1.660063e-08 
1786041341.213 0.005 0.0083 0.006441015 0.0076 0.006441015 -423.8152 -1.660063e-08 
1786041341.384 0.01000016 0.009163402 -0.004610558 0.007600163 -0.004610558 -423.8852 0.005599981 
1786041341.550 0.01000016 0.0131634 0.003395806 0.01260016 0.003395806 -424.4466 0.005599981 
1786041341.715 0.01000016 0.009163402 0.006798837 0.01260016 0.006798837 -425.0066 0.005599981 
1786041341.875 0.01000016 0.0131634 0.008135215 0.01260016 0.008135215 -425.5413 0.005599981 
1786041342.038 0.005000163 0.009163402 0.007884923 0.007600163 0.007884923 -426.0811 0.005599981 
1786041342.207 0.005000163 0.009163402 0.006684621 0.007600163 0.006684621 -426.6399 0.005599981 
1786041342.370 0.005000163 0.009163402 0.01950784 0.007600163 0.01950784 -426.8771 0.005599981 
1786041342.536 0.005000163 0.009163402 0.002304597 0.007600163 0.002304597 -426.6856 0.005599981 
1786041342.695 0.005000163 0.009163402 0.005951247 0.007600163 0.005951247 -426.7161 0.005599981 
1786041342.853 0.005000163 0.009163402 0.007724565 0.007600163 0.007724565 -426.744 0.005599981 
1786041343.014 0.01000016 0.009163402 0.006791218 0.007600163 0.006791218 -426.7694 0.005599981 
1786041343.180 0.01000016 0.009163402 0.00689787 0.007600163 0.00689787 -426.7973 0.005599981 
1786041343.341 0.01000016 0.009163402 0.006401189 0.007600163 0.006401189 -426.824 0.005599981 
1786041343.509 0.005000163 0.009163402 0.01612122 0.007600163 0.01612122 -426.787 0.005599981 
1786041343.669 0.005000163 0.009163402 0.01291214 0.007600163 0.01291214 -425.0814 0.005599981 
1786041343.826 0.01000011 0.0157276 -0.02362623 0.005800108 -0.02362623 -423.786 0.003686128 
1786041343.984 0.01 0.0083 -0.003718979 0.0074 -0.003718979 -423.805 1.477024e-08 
1786041344.151 0.01 0.0083 0.002631017 0.0074 0.002631017 -423.8114 1.477024e-08 
1786041344.317 0.005005031 -0.140624 0.006460912 0.002605031 0.006460912 -423.8166 0.1727679 
1786041344.484 -0.004958519 -0.02603541 -0.008063004 -0.0123583 -0.007832764 -423.9005 1.432426 
1786041344.653 -0.009922952 -0.010845 -0.009546295 -0.01232273 -0.01020523 -424.1405 2.655084 
1786041344.823 -0.009885241 -0.01299433 -0.01032689 -0.01228524 -0.01032689 -424.5532 3.944952 
1786041344.990 -0.009848677 -0.01226636 -0.01032128 -0.007248677 -0.01032128 -425.112 5.205002 
1786041345.156 -0.009811969 -0.01899765 -0.009686493 -0.01221197 -0.009686493 -425.8296 6.47242 
1786041345.320 -0.009776651 -0.0122167 -0.009705728 -0.01217665 -0.009705728 -426.6678 7.695148 
1786041345.483 -0.009741435 -0.010017 -0.009933706 -0.007141435 -0.009933706 -427.6495 8.917424 
1786041345.644 -0.009706551 -0.01628678 -0.0114745 -0.01210655 -0.0114745 -428.7658 10.13241 
1786041345.808 -0.0096718 -0.009355163 -0.01052189 -0.0070718 -0.01052189 -430.0257 11.34743 
1786041345.972 -0.009636556 -0.01233969 -0.009614093 -0.01203656 -0.009614093 -431.4532 12.58508 
1786041346.132 -0.009602331 -0.008961874 -0.0110618 -0.01200233 -0.0110618 -432.9835 13.79237 
1786041346.290 -0.009568914 -0.0112899 -0.01023218 -0.006968703 -0.01023218 -434.632 14.98499 
1786041346.448 -0.009535473 -0.009886895 -0.01043856 -0.006935473 -0.01043856 -436.4011 16.16995 
1786041346.606 -0.009502441 -0.01053591 -0.01070853 -0.01190244 -0.01070853 -438.301 17.35505 
1786041346.773 -0.009468173 -0.01125222 -0.01046239 -0.006868173 -0.01046239 -440.4244 18.59242 
1786041346.936 -0.004434769 -0.006895373 -0.009590391 -0.006834769 -0.009590391 -442.6469 19.80748 
1786041347.096 -0.004429346 0.02946061 0.006575106 -0.001829346 0.006575106 -443.2426 20.0056 
1786041347.257 0.005570654 0.01346061 0.007911484 0.008170654 0.007911484 -443.7772 20.0056 
1786041347.415 0.005570654 0.01346061 0.007501198 0.008170654 0.007977863 -444.3106 20.0056 
1786041347.574 0.01057065 0.009460608 0.007090912 0.008170654 0.007090912 -444.8364 20.0056 
1786041347.732 0.01057065 0.01346061 0.007950626 0.008170654 0.007950626 -445.3673 20.0056 
1786041347.900 0.01057065 0.01346061 0.008336993 0.01317065 0.008336993 -445.921 20.0056 
1786041348.067 0.005570654 0.01346061 0.01892693 0.01317065 0.01892693 -446.0694 20.0056 
1786041348.234 0.005570654 0.009460608 0.003840326 0.008170654 0.003840326 -445.9223 20.0056 
1786041348.395 0.01057065 0.01346061 0.008090309 0.008170654 0.008090309 -445.954 20.0056 
1786041348.570 0.01057065 0.01346061 0.008530294 0.008170654 0.008530294 -445.9819 20.0056 
1786041348.746 0.01057065 0.009460608 0.007573611 0.008170654 0.007573611 -446.0112 20.0056 
1786041348.911 0.01057065 0.009460608 0.007180263 0.008170654 0.007180263 -446.0391 20.0056 
1786041349.074 0.005570654 0.009460608 0.01464692 0.008170654 0.01464692 -446.0645 20.0056 
1786041349.245 0.005570654 0.009460608 0.02832725 0.008170654 0.02832725 -445.4788 20.0056 
1786041349.423 0.005562028 0.1128504 0.0201155 0.007962028 0.0201155 -442.6836 19.69053 
1786041349.591 -0.004473056 0.009480276 -0.01092097 -0.007073056 -0.01092097 -440.1118 18.41575 
1786041349.757 -0.009507567 0.0005620961 -0.0101805 -0.01210757 -0.0101805 -437.9973 17.17067 
1786041349.927 -0.00954294 -0.01164426 -0.009625012 -0.00714294 -0.009625012 -435.9919 15.90304 
1786041350.098 -0.004579382 -0.003731118 -0.008946181 -0.007179382 -0.008946181 -434.0946 14.60569 
1786041350.260 -0.004613916 -0.00837032 -0.008607947 -0.007214128 -0.007848489 -432.4423 13.37567 
1786041350.420 -0.004647984 -0.005732033 -0.008093331 -0.007247984 -0.008093331 -430.9754 12.18323 
1786041350.579 -0.009681993 -0.009604431 -0.008277307 -0.007282207 -0.008277307 -429.6356 10.98324 
1786041350.755 -0.004718076 -0.007171059 -0.008539007 -0.007318076 -0.008539007 -428.3834 9.730628 
1786041350.927 -0.004756888 -0.006754373 -0.008252292 -0.007356888 -0.008252292 -427.2023 8.380702 
1786041351.088 -0.009791717 -0.006798306 -0.007835127 -0.007391717 -0.007835127 -426.2942 7.17334 
1786041351.248 -0.009826639 -0.005175033 -0.006828383 -0.007426639 -0.006828383 -425.5271 5.96553 
1786041351.407 -0.009860985 -0.009515986 -0.007084806 -0.007460985 -0.007084806 -424.9099 4.780594 
1786041351.574 -0.009896917 -0.005540009 -0.008084015 -0.007497135 -0.008084015 -424.407 3.535767 
1786041351.741 -0.00993355 -0.006620736 -0.00768493 -0.00753355 -0.00768493 -424.0539 2.283212 
1786041351.901 -0.004968688 -0.003799627 -0.007002993 -0.007568907 -0.007002993 -423.8571 1.068133 
1786041352.059 -0.004999806 -0.1328095 -0.006261172 -0.007599806 -0.006261172 -423.8025 0.006713181 
1786041352.216 0.005 -0.0077 0.006441015 0.0124 0.006441015 -423.8152 9.541763e-09 
1786041352.375 0.004982096 0.05570003 0.004348044 0.002381878 0.004348044 -423.8319 -0.6224666 
1786041352.537 -5.304886e-05 0.007885963 -0.004649489 -0.007653049 -0.004649489 -423.9652 -1.822349 
1786041352.699 -0.005088388 0.001214485 -0.007860547 -0.007688388 -0.007860547 -424.2484 -3.03738 
1786041352.858 -0.005123252 -0.004220586 -0.008247623 -0.007723252 -0.008247623 -424.6714 -4.237527 
1786041353.025 -0.01015937 -0.002911262 -0.007965605 -0.007759367 -0.007965605 -425.2581 -5.482375 
1786041353.188 -0.005194972 -0.006801168 -0.007948025 -0.007794972 -0.007948025 -425.9845 -6.712435 
1786041353.346 -0.005229406 -0.006364543 -0.008150272 -0.007829406 -0.008150272 -426.8278 -7.905001 
1786041353.508 -0.005263956 -0.006555687 -0.00837357 -0.007864172 -0.00837357 -427.821 -9.112327 
1786041353.666 -0.01029839 -0.01120907 -0.008908671 -0.007898391 -0.008908671 -428.9386 -10.30506 
1786041353.823 -0.005332053 -0.002278195 -0.009219012 -0.002932053 -0.009219012 -430.1755 -11.48241 
1786041353.981 -0.005365787 -0.007444617 -0.008283452 -0.007965787 -0.008283452 -431.5548 -12.66747 
1786041354.147 -0.005400637 -0.007588669 -0.008525614 -0.008000637 -0.008525614 -433.1257 -13.89749 
1786041354.309 -0.01043488 -0.007508628 -0.008875145 -0.008034881 -0.008319816 -434.8288 -15.11999 
1786041354.469 -0.00546872 -0.00879601 -0.008800623 -0.00806872 -0.008800623 -436.636 -16.32014 
1786041354.626 -0.005501726 -0.005143289 -0.009070078 -0.003101726 -0.009070078 -438.5525 -17.50511 
1786041354.784 -0.005534517 -0.006477339 -0.00975349 -0.008134517 -0.00975349 -440.5984 -18.68998 
1786041354.941 -0.01056674 -0.0244544 -0.004273646 -0.008166739 -0.004273646 -442.7561 -19.86253 
1786041355.099 0.004429653 -0.01537827 0.01185042 0.01182965 0.01185042 -443.3099 -19.9944 
1786041355.261 0.01442965 0.01262173 0.01096347 0.01682965 0.01096347 -443.8356 -19.9944 
1786041355.426 0.009429653 0.01262173 0.01007984 0.01182965 0.01007984 -444.3881 -19.9944 
1786041355.590 0.009429653 0.01262173 0.01046621 0.01182965 0.01046621 -444.9418 -19.9944 
1786041355.750 0.009429653 0.01262173 0.01053259 0.01182965 0.01053259 -445.4778 -19.9944 
1786041355.907 0.009429653 0.01262173 0.01043897 0.01182965 0.01043897 -445.9985 -19.9944 
1786041356.068 0.01442965 0.01262173 0.01815564 0.01682965 0.01815564 -446.0173 -19.9944 
1786041356.228 0.01442965 0.01262173 0.009975666 0.01682965 0.009975666 -445.9489 -19.9944 
1786041356.392 0.009429653 0.01262173 0.009978985 0.01182965 0.009978985 -445.9756 -19.9944 
1786041356.555 0.01442965 0.01262173 0.0102523 0.01182965 0.0102523 -446.0035 -19.9944 
1786041356.714 0.009429653 0.01262173 0.01025562 0.01182965 0.01025562 -446.0302 -19.9944 
1786041356.872 0.009429653 0.008621729 0.009322275 0.01182965 0.009322275 -446.0556 -19.9944 
1786041357.029 0.01442965 0.01262173 0.01045726 0.01182965 0.01045726 -446.0785 -19.9944 
1786041357.190 0.009429653 0.008621729 0.02879581 0.01182965 0.02879581 -445.7023 -19.9944 
1786041357.348 0.009430394 -0.04898738 0.02222657 0.01483039 0.02222657 -443.6437 -19.9673 
1786041357.511 -0.005538635 -0.02795021 -0.01478536 -0.007938429 -0.01478536 -440.8471 -18.83195 
1786041357.679 -0.01050379 -0.0147091 -0.01076422 -0.007903791 -0.01076422 -438.6754 -17.57958 
1786041357.841 -0.01546954 -0.0159272 -0.01052543 -0.01286954 -0.01052543 -436.6803 -16.34942 
1786041358.001 -0.01043592 -0.0134535 -0.009289326 -0.01283592 -0.009823999 -434.8591 -15.14191 
1786041358.159 -0.01040232 -0.01502752 -0.009478026 -0.007802316 -0.009478026 -433.2043 -13.957 
1786041358.320 -0.01036875 -0.01721505 -0.008023442 -0.007768752 -0.008023442 -431.6828 -12.77194 
1786041358.479 -0.01033439 -0.01208442 -0.008948389 -0.007734389 -0.008948389 -430.2668 -11.56438 
1786041358.642 -0.01030031 -0.01829685 -0.009938543 -0.01270009 -0.009938543 -428.9968 -10.3643 
1786041358.808 -0.01026437 -0.009849651 -0.009315229 -0.007664155 -0.009315229 -427.8195 -9.111892 
1786041358.974 -0.01022809 -0.01350998 -0.007870452 -0.007628091 -0.007870452 -426.7933 -7.859372 
1786041359.134 -0.01019322 -0.01345472 -0.008310629 -0.00759322 -0.008310629 -425.945 -6.651904 
1786041359.304 -0.01015696 -0.01087433 -0.007534556 -0.007556958 -0.007534556 -425.2147 -5.399468 
1786041359.475 -0.01011953 -0.01058145 -0.008682875 -0.007519533 -0.008682875 -424.6191 -4.109244 
1786041359.642 -0.0100827 -0.008910723 -0.008165244 -0.0124827 -0.008165244 -424.1924 -2.842165 
1786041359.806 -0.01004692 -0.01454601 -0.007860173 -0.01244692 -0.007860173 -423.9269 -1.612064 
1786041359.965 -0.01001199 -0.01351173 -0.008142021 -0.01241199 -0.008142021 -423.8088 -0.411994 
1786041360.125 -0.005 0.0483 -0.003718979 -0.0074 -0.003718979 -423.805 -1.660063e-08 
1786041360.283 -1.00045e-13 0.0123 0.002631017 0.0026 0.002631017 -423.8114 -1.660063e-08 
1786041360.445 0.005 0.0083 0.007711015 0.0076 0.007711015 -423.8164 -1.660063e-08 
1786041360.603 0.01 0.0123 0.007711015 0.0076 0.007711015 -423.8164 -1.660063e-08 
1786041360.764 0.01 0.0123 0.007711015 0.0026 0.006441015 -423.8152 -1.660063e-08 
1786041360.936 0.01000394 0.02044307 -0.005013463 0.007603937 -0.005806798 -423.9449 0.1353 
1786041361.115 0.01000394 0.01244307 0.002522874 0.01260394 0.002999538 -424.5571 0.1353 
1786041361.282 0.01000394 0.01244307 0.007672569 0.01260394 0.007672569 -425.1184 0.1353 
1786041361.442 0.01000394 0.01244307 0.007898942 0.007603937 0.007898942 -425.662 0.1353 
1786041361.612 0.01000394 0.01244307 0.008125315 0.01260394 0.008125315 -426.2055 0.1353 
1786041361.784 0.01000394 0.01244307 0.007404997 0.007603937 0.007404997 -426.7948 0.1353 
1786041361.950 0.01000394 0.01244307 0.001120626 0.007603937 0.001120626 -426.6841 0.1353 
1786041362.121 0.01000394 0.01244307 0.006375041 0.01260394 0.006375041 -426.7135 0.1353 
1786041362.280 0.01000394 0.01244307 0.007481692 0.007603937 0.007481692 -426.7415 0.1353 
1786041362.451 0.01000394 0.01244307 0.00775501 0.007603937 0.00775501 -426.7694 0.1353 
1786041362.617 0.01000394 0.01244307 0.007528329 0.007603937 0.007528329 -426.7973 0.1353 
1786041362.782 0.01000394 0.01244307 0.00813498 0.01260394 0.00813498 -426.8253 0.1353 
1786041362.955 0.01000394 0.008443066 0.02844196 0.01260394 0.02844196 -426.2688 0.1353 
1786041363.123 0.01000394 0.008443066 -0.008848309 0.01260394 -0.008848309 -424.1568 0.1353 
1786041363.291 0.01 -0.0077 -0.007528977 0.0074 -0.007528977 -423.8012 -1.137215e-08 
1786041363.452 0.01 0.0083 0.003901017 0.0124 0.003901017 -423.8126 -1.137215e-08 
1786041363.613 0.01 0.0083 0.007711015 0.0074 0.007711015 -423.8164 -1.137215e-08 
1786041363.777 0.005000177 -0.0135975 0.00397918 0.01240018 0.00397918 -423.8127 0.006058351 
1786041363.960 -0.009966396 -0.02723089 -0.006822357 -0.01236618 -0.006822357 -423.8674 1.170029 
1786041364.129 -0.009926919 -0.01310528 -0.01114498 -0.01232692 -0.01114498 -424.1037 2.512461 
1786041364.293 -0.01489097 -0.01545164 -0.01084931 -0.01229097 -0.01084931 -424.4796 3.749906 
1786041364.451 -0.00985637 -0.01895903 -0.01011472 -0.01225637 -0.01011472 -424.9825 4.942412 
1786041364.609 -0.01482205 -0.01314524 -0.0102525 -0.01222205 -0.0102525 -425.6175 6.127441 
1786041364.775 -0.009786512 -0.01681179 -0.01008527 -0.01218651 -0.01008527 -426.4201 7.357512 
1786041364.941 -0.009750855 -0.01089815 -0.01053253 -0.01215085 -0.01053253 -427.3739 8.595313 
1786041365.101 -0.01471596 -0.01558876 -0.01077588 -0.01211596 -0.01077588 -428.461 9.817481 
1786041365.259 -0.01468183 -0.01315704 -0.01009907 -0.01208183 -0.01009907 -429.651 11.00237 
1786041365.416 -0.009648271 -0.01492785 -0.01036668 -0.007048271 -0.01036668 -430.9655 12.17995 
1786041365.581 -0.009614221 -0.01451695 -0.01045291 -0.01201401 -0.01045291 -432.4501 13.38742 
1786041365.747 -0.00957844 -0.01165802 -0.01092812 -0.006978229 -0.01003976 -434.157 14.65528 
1786041365.910 -0.009543915 -0.0135273 -0.01057977 -0.01194391 -0.01057977 -435.9451 15.87749 
1786041366.068 -0.009510643 -0.00806875 -0.01011537 -0.01191064 -0.01011537 -437.8247 17.06998 
1786041366.227 -0.009477582 -0.01012621 -0.01068191 -0.01187758 -0.01068191 -439.8351 18.26244 
1786041366.384 -0.00944516 -0.01036576 -0.01032597 -0.01184516 -0.01032597 -441.9497 19.43992 
1786041366.545 -0.004426124 0.07003755 0.0154674 -0.006826124 0.0154674 -443.3035 20.1353 
1786041366.703 0.01557388 0.02603755 0.01000379 0.01317388 0.01000379 -443.8191 20.1353 
1786041366.867 0.01557388 0.02203755 0.01054683 0.01817388 0.01054683 -444.3563 20.1353 
1786041367.029 0.01557388 0.02203755 0.01124987 0.01817388 0.01124987 -444.9037 20.1353 
1786041367.188 0.01557388 0.02203755 0.01131625 0.01817388 0.01131625 -445.4371 20.1353 
1786041367.353 0.01557388 0.01803755 0.01027262 0.01317388 0.01027262 -445.9794 20.1353 
1786041367.514 0.01557388 0.01803755 0.02031572 0.01317388 0.02031572 -446.415 20.1353 
1786041367.672 0.01557388 0.01803755 0.001192531 0.01817388 0.001192531 -446.1619 20.1353 
1786041367.840 0.01057388 0.01803755 0.01011251 0.01317388 0.01011251 -446.1978 20.1353 
1786041368.015 0.01057388 0.01803755 0.009989157 0.01317388 0.00982249 -446.2271 20.1353 
1786041368.188 0.01057388 0.01803755 0.009865808 0.01317388 0.009865808 -446.2563 20.1353 
1786041368.348 0.01557388 0.01803755 0.00970246 0.01317388 0.00970246 -446.2829 20.1353 
1786041368.516 0.01057388 0.01403755 0.011313 0.01317388 0.011313 -446.3073 20.1353 
1786041368.687 0.01057388 0.01403755 0.0300461 0.01317388 0.0300461 -445.7468 20.1353 
1786041368.850 0.01056972 0.1389357 0.03355607 0.01296972 0.03355607 -443.4075 19.98341 
1786041369.009 -0.009463159 0.007214986 -0.01310621 -0.01206316 -0.01310621 -440.7557 18.78538 
1786041369.168 -0.01449612 -0.009339456 -0.01216103 -0.01209612 -0.01216103 -438.6881 17.59282 
1786041369.325 -0.01452888 -0.01216855 -0.01001723 -0.01712888 -0.01001723 -436.7768 16.41535 
1786041369.484 -0.009562056 -0.01278433 -0.01033998 -0.01716206 -0.01033998 -434.981 15.23038 
1786041369.651 -0.009597109 -0.01013129 -0.01051929 -0.01219711 -0.01051929 -433.236 13.98543 
1786041369.815 -0.00963214 -0.007798831 -0.009553421 -0.01223214 -0.009553421 -431.6473 12.74779 
1786041369.975 -0.009666273 -0.00887542 -0.009677083 -0.01226627 -0.009677083 -430.2439 11.54039 
1786041370.136 -0.01470077 -0.01299489 -0.009607087 -0.01230077 -0.009607087 -428.9701 10.34041 
1786041370.294 -0.01473496 -0.01002858 -0.009489456 -0.01233496 -0.009489456 -427.8487 9.14774 
1786041370.451 -0.009768842 -0.01168687 -0.008491444 -0.01236884 -0.008491444 -426.8759 7.970376 
1786041370.610 -0.009803035 -0.009314731 -0.00873656 -0.01240303 -0.00873656 -426.0301 6.785276 
1786041370.777 -0.009838832 -0.01249092 -0.007927691 -0.01243883 -0.007927691 -425.2922 5.547819 
1786041370.941 -0.009874922 -0.007749056 -0.008304841 -0.01247492 -0.008304841 -424.6978 4.302936 
1786041371.100 -0.009909764 -0.005430765 -0.008192596 -0.01250976 -0.008192596 -424.2673 3.102879 
1786041371.261 -0.009944646 -0.01155319 -0.009102399 -0.01254465 -0.009102399 -423.9752 1.902826 
1786041371.419 -0.009979333 -0.01071253 -0.007865915 -0.01257933 -0.007865915 -423.8253 0.7103323 
1786041371.581 -0.005 -0.0797 -0.006258978 -0.0076 -0.006258978 -423.8025 -1.660063e-08 
1786041371.743 0.01 0.0003 0.008981014 0.0124 0.008981014 -423.8177 -1.660063e-08 
1786041371.901 0.01 0.0123 0.01025101 0.0124 0.01025101 -423.819 -1.660063e-08 
1786041372.061 0.01 0.0123 0.01025101 0.0124 0.01025101 -423.819 -1.660063e-08 
1786041372.219 0.01 0.0123 0.01025101 0.0124 0.01025101 -423.819 -1.660063e-08 
1786041372.384 -2.029411e-05 0.04818872 0.002097893 0.002379706 0.002097893 -423.8344 -0.6974376 
1786041372.545 -0.01005585 0.00367984 -0.008280388 -0.01265585 -0.008280388 -423.9792 -1.92004 
1786041372.702 -0.0100903 -0.005761843 -0.009924571 -0.0076903 -0.009924571 -424.2662 -3.105059 
1786041372.864 -0.01012471 -0.01058024 -0.01039613 -0.01272471 -0.01039613 -424.6904 -4.289896 
1786041373.028 -0.0101608 -0.009705852 -0.009749113 -0.0127608 -0.009749113 -425.2835 -5.535084 
1786041373.188 -0.01019595 -0.00887939 -0.009550308 -0.007795945 -0.009550308 -426.0061 -6.749943 
1786041373.347 -0.005230141 -0.008709697 -0.008497892 -0.007830357 -0.008497892 -426.8545 -7.942383 
1786041373.507 -0.01026467 -0.007597203 -0.009419065 -0.01286467 -0.009419065 -427.8375 -9.135026 
1786041373.665 -0.01029865 -0.01338303 -0.009498649 -0.007898652 -0.009498649 -428.95 -10.31991 
1786041373.822 -0.005332293 -0.007566216 -0.01021238 -0.007932507 -0.01021238 -430.1959 -11.50505 
1786041373.979 -0.005366007 -0.009572208 -0.009494218 -0.007966007 -0.009494218 -431.5675 -12.68243 
1786041374.142 -0.005399987 -0.007715159 -0.009919413 -0.007999987 -0.009919413 -433.0991 -13.88244 
1786041374.305 -0.005434636 -0.01041128 -0.009711968 -0.008034846 -0.009711968 -434.8212 -15.11991 
1786041374.464 -0.005468455 -0.00734822 -0.01044195 -0.008068455 -0.01044195 -436.6271 -16.3199 
1786041374.622 -0.005501442 -0.007255234 -0.009629031 -0.008101442 -0.009629031 -438.5436 -17.51243 
1786041374.780 -0.01053422 -0.008125874 -0.01042668 -0.008134215 -0.01042668 -440.5883 -18.68996 
1786041374.939 -0.01056533 -0.08547649 0.01541207 -0.008165331 0.01541207 -442.6901 -19.82285 
1786041375.096 -0.0005664775 -0.01446638 0.009134615 0.001833522 0.009134615 -443.094 -19.8647 
1786041375.254 0.009433522 0.009533623 0.009517663 0.01183352 0.009517663 -443.621 -19.8647 
1786041375.420 0.009433522 0.009533623 0.009427366 0.01183352 0.009427366 -444.1709 -19.8647 
1786041375.583 0.009433522 0.01353362 0.009177075 0.01183352 0.009177075 -444.7107 -19.8647 
1786041375.748 0.009433522 0.01353362 0.008293443 0.01183352 0.008293443 -445.2631 -19.8647 
1786041375.906 0.009433522 0.01353362 0.009153157 0.01183352 0.009153157 -445.794 -19.8647 
1786041376.070 0.009433522 0.009533623 0.0135032 0.006833522 0.0135032 -445.7303 -19.8647 
1786041376.228 0.004433522 0.005533623 0.006096543 0.006833522 0.006096543 -445.6962 -19.8647 
1786041376.390 0.009433522 0.009533623 0.007703194 0.006833522 0.007703194 -445.7241 -19.8647 
1786041376.558 0.009433522 0.009533623 0.008746512 0.01183352 0.008746512 -445.7533 -19.8647 
1786041376.721 0.009433522 0.009533623 0.008083164 0.006833522 0.008083164 -445.78 -19.8647 
1786041376.890 0.009433522 0.009533623 0.008356482 0.006833522 0.008356482 -445.808 -19.8647 
1786041377.055 0.009433522 0.005533623 0.01246982 0.006833522 0.01246982 -445.8278 -19.8647 
1786041377.219 0.009433522 0.009533623 0.02827016 0.006833522 0.02827016 -445.1905 -19.8647 
1786041377.392 0.004440095 -0.1297276 0.02897984 0.007040095 0.02897984 -442.6264 -19.62468 
1786041377.564 -0.01052503 -0.02567207 -0.01110474 -0.007925034 -0.01110474 -440 -18.35715 
1786041377.725 -0.01049053 -0.01918326 -0.009384213 -0.01289053 -0.009384213 -437.8944 -17.11228 
1786041377.886 -0.01045727 -0.01633895 -0.008978814 -0.01285727 -0.008978814 -436.011 -15.91956 
1786041378.052 -0.01042211 -0.009832356 -0.009618747 -0.01282211 -0.009618747 -434.1746 -14.66724 
1786041378.219 -0.01038676 -0.01384913 -0.007584324 -0.01278676 -0.007584324 -432.488 -13.41484 
1786041378.380 -0.01035208 -0.01420477 -0.008367362 -0.01275208 -0.008367362 -430.9818 -12.19238 
1786041378.540 -0.01031787 -0.01442862 -0.008270363 -0.007717873 -0.008270363 -429.6419 -10.99226 
1786041378.699 -0.01028375 -0.01221197 -0.00884885 -0.01268375 -0.00884885 -428.4456 -9.799837 
1786041378.857 -0.005249712 -0.01226185 -0.00679166 -0.007649712 -0.00679166 -427.394 -8.614723 
1786041379.023 -0.01021427 -0.01268781 -0.006817053 -0.007614272 -0.006817053 -426.4428 -7.384754 
1786041379.187 -0.01017852 -0.01340996 -0.008186413 -0.007578517 -0.008186413 -425.6313 -6.147035 
1786041379.345 -0.01014398 -0.01289868 -0.007272842 -0.007543983 -0.007272842 -424.9912 -4.954793 
1786041379.503 -0.0101096 -0.01071174 -0.00806791 -0.007509605 -0.00806791 -424.4895 -3.769764 
1786041379.661 -0.01007518 -0.009478587 -0.007595629 -0.007475179 -0.007595629 -424.1251 -2.584791 
1786041379.827 -0.01003941 -0.01237824 -0.007621985 -0.007439413 -0.007621985 -423.8901 -1.354753 
1786041379.996 -0.01000293 0.03161552 -0.00675074 -0.007402929 -0.00675074 -423.8025 -0.1007189 
1786041380.168 -1.00045e-13 0.0243 -0.001178981 0.0026 -0.001178981 -423.8076 1.477024e-08 
1786041380.339 0.005 0.0083 0.005171016 0.0026 0.005171016 -423.8139 1.477024e-08 
1786041380.501 0.01 0.0083 0.006441015 0.0076 0.006441015 -423.8152 1.477024e-08 
1786041380.661 0.01 0.0083 0.007711015 0.0076 0.007711015 -423.8164 1.477024e-08 
1786041380.826 0.004999734 0.04301579 0.00663693 0.0003997345 0.00663525 -423.8154 -0.01084433 
1786041380.993 0.00999421 -0.005986544 -0.004280191 0.01239421 -0.004280191 -424.0541 -0.1984 
1786041381.157 0.00999421 0.01001346 0.002772843 0.01239421 0.002772843 -424.6079 -0.1984 
1786041381.322 0.00999421 0.01001346 0.007285879 0.00739421 0.007285879 -425.159 -0.1984 
1786041381.486 0.00999421 0.01001346 0.007195582 0.01239421 0.007672246 -425.7128 -0.1984 
1786041381.648 0.00499421 0.01001346 0.00694529 0.00739421 0.00694529 -426.2487 -0.1984 
1786041381.813 0.00999421 0.01001346 0.006854993 0.00739421 0.006854993 -426.7986 -0.1984 
1786041381.985 0.00499421 0.01001346 0.01520832 0.00739421 0.01520832 -426.8314 -0.1984 
1786041382.153 0.00999421 0.01001346 0.003305021 0.00739421 0.003305021 -426.7478 -0.1984 
1786041382.317 0.00999421 0.01001346 0.006451671 0.00739421 0.006451671 -426.7796 -0.1984 
1786041382.479 0.00499421 0.01001346 0.007224989 0.00739421 0.007224989 -426.8062 -0.1984 
1786041382.639 0.00499421 0.01001346 0.007228308 0.00739421 0.007228308 -426.8329 -0.1984 
1786041382.801 0.00999421 0.01001346 0.006898294 0.01239421 0.006898294 -426.8596 -0.1984 
1786041382.977 0.00999421 0.01001346 0.01342162 0.00739421 0.01342162 -426.8839 -0.1984 
1786041383.178 0.00999421 0.01001346 0.02639884 0.00739421 0.02639884 -425.8751 -0.1984 
1786041383.350 0.009995001 -0.05701849 -0.01994774 0.015395 -0.01994774 -423.8431 -0.1713673 
1786041383.516 0.005 0.0123 -0.006258978 0.0026 -0.006258978 -423.8025 -1.660063e-08 
1786041383.674 0.005 0.0043 -0.004988979 -0.0024 -0.004988979 -423.8037 -1.660063e-08 
1786041383.842 0.005002531 -0.1150324 -0.00388521 -0.002397469 -0.00388521 -423.8052 0.08670454 
1786041384.012 -0.004960828 -0.02498756 -0.009891152 -0.007360828 -0.009891152 -423.8865 1.349858 
1786041384.175 -0.009924957 -0.01184696 -0.009090768 -0.01232496 -0.009090768 -424.1214 2.572499 
1786041384.340 -0.009889776 -0.0149798 -0.009844988 -0.01228978 -0.009844988 -424.4936 3.779919 
1786041384.515 -0.009851373 -0.01331612 -0.009112645 -0.007251373 -0.009112645 -425.0638 5.099852 
1786041384.677 -0.00481566 -0.0141039 -0.008461658 -0.00721566 -0.009262886 -425.7509 6.337427 
1786041384.837 -0.004780682 -0.0103578 -0.009324548 -0.007180682 -0.009324548 -426.5586 7.537685 
1786041385.000 -0.009745585 -0.00932085 -0.009819708 -0.01214559 -0.009819708 -427.5174 8.752371 
1786041385.167 -0.009710172 -0.0127685 -0.01012899 -0.01210996 -0.01012899 -428.6401 9.989934 
1786041385.334 -0.009673819 -0.00769856 -0.008853537 -0.007073819 -0.008853537 -429.9355 11.24991 
1786041385.504 -0.009637839 -0.01214314 -0.009337449 -0.007037625 -0.009337449 -431.3897 12.51735 
1786041385.670 -0.009601822 -0.01012408 -0.01017336 -0.01200182 -0.01017336 -432.986 13.77729 
1786041385.832 -0.009567479 -0.009099837 -0.009652803 -0.01196748 -0.009652803 -434.6688 14.99258 
1786041386.001 -0.00953207 -0.007728319 -0.009646639 -0.01193207 -0.00991752 -436.5713 16.25986 
1786041386.167 -0.009497096 -0.007276981 -0.009424082 -0.006897096 -0.009424082 -438.5867 17.50503 
1786041386.332 -0.00946257 -0.01334957 -0.01047398 -0.00686257 -0.01047398 -440.7445 18.74987 
1786041386.496 -0.004433607 0.1352509 0.03628711 -0.006833607 0.03628711 -442.7257 19.80147 
1786041386.679 0.0105664 0.02653919 0.009743983 0.0131664 0.009743983 -443.1371 19.8016 
1786041386.858 0.0155664 0.02253919 0.009503648 0.0131664 0.009503648 -443.7569 19.8016 
1786041387.029 0.0105664 0.01853919 0.00941667 0.0131664 0.00941667 -444.3373 19.8016 
1786041387.200 0.0105664 0.01853919 0.009329692 0.0131664 0.009329692 -444.9101 19.8016 
1786041387.373 0.0105664 0.01453919 0.00939939 0.0131664 0.00939939 -445.4701 19.8016 
1786041387.537 0.0155664 0.01853919 0.02363925 0.0131664 0.02363925 -445.7519 19.8016 
1786041387.714 0.0105664 0.01453919 0.008562652 0.0131664 0.008562652 -445.6022 19.8016 
1786041387.888 0.0105664 0.01453919 0.009042635 0.008166396 0.009042635 -445.6327 19.8016 
1786041388.060 0.0105664 0.01453919 0.009585953 0.0131664 0.009585953 -445.6619 19.8016 
1786041388.221 0.0155664 0.01453919 0.009422605 0.008166396 0.009422605 -445.6886 19.8016 
1786041388.421 0.0105664 0.01453919 0.009172588 0.008166396 0.009172588 -445.7203 19.8016 
1786041388.616 0.0105664 0.01453919 0.0094326 0.008166396 0.0101826 -445.7239 19.8016 
1786041388.792 0.0105664 0.01053919 0.01500349 0.008166396 0.01500349 -444.0742 19.8016 
1786041388.957 0.0005445155 0.04150434 -0.01521811 -0.002055485 -0.01521811 -441.2027 19.00668 
1786041389.116 -0.00948871 0.007034677 -0.01142719 -0.01208871 -0.01142719 -439.0945 17.80673 
1786041389.273 -0.00952153 -0.004761619 -0.009512832 -0.00712153 -0.009512832 -437.154 16.62917 
1786041389.441 -0.004556029 -0.007912809 -0.009464913 -0.007156029 -0.009464913 -435.263 15.39918 
1786041389.618 -0.009592643 -0.007190418 -0.009888077 -0.01219264 -0.009888077 -433.4215 14.1017 
1786041389.792 -0.00963096 -0.005227141 -0.00789173 -0.01223096 -0.00789173 -431.6765 12.7516 
1786041389.958 -0.009666478 -0.005664453 -0.007977066 -0.01226648 -0.007977066 -430.2185 11.50672 
1786041390.125 -0.009702585 -0.009764791 -0.008835927 -0.007302585 -0.008835927 -428.8926 10.24676 
1786041390.294 -0.009738836 -0.005110083 -0.007805378 -0.007339052 -0.007805378 -427.7141 8.979314 
1786041390.455 -0.004773912 -0.01140875 -0.008047622 -0.007373912 -0.008047622 -426.7336 7.771479 
1786041390.616 -0.009808872 -0.006529882 -0.007837287 -0.01240887 -0.007837287 -425.8942 6.564171 
1786041390.774 -0.009843481 -0.008670268 -0.007742372 -0.007443481 -0.007742372 -425.2033 5.371499 
1786041390.933 -0.009877939 -0.007549383 -0.007437388 -0.01247794 -0.007437388 -424.6534 4.1866 
1786041391.099 -0.009913762 -0.006003751 -0.007128081 -0.007513762 -0.007128081 -424.2267 2.956493 
1786041391.264 -0.004950061 -0.007527989 -0.007783574 -0.00755028 -0.007783574 -423.9422 1.704249 
1786041391.426 -0.00998529 -0.005095536 -0.007188794 -0.00758529 -0.007188794 -423.8139 0.5042689 
1786041391.592 -0.005 -0.0437 -0.00244898 -0.0026 -0.00244898 -423.8063 1.477024e-08 
1786041391.754 0.01 0.0003 0.01025101 0.0124 0.01025101 -423.819 1.477024e-08 
1786041391.911 0.01 0.0083 0.01025101 0.0124 0.01025101 -423.819 1.477024e-08 
1786041392.070 0.01 0.0083 0.01025101 0.0124 0.01025101 -423.819 1.477024e-08 
1786041392.229 0.01 0.0123 0.01025101 0.0124 0.01025101 -423.819 1.477024e-08 
1786041392.391 -2.210398e-05 0.04184846 0.001593401 -0.002622104 0.001593401 -423.8382 -0.7575066 
1786041392.550 -0.005057111 0.007645596 -0.008251879 -0.007657111 -0.008251879 -423.9868 -1.957478 
1786041392.708 -0.005091655 0.001187263 -0.008705565 -0.007691655 -0.008705565 -424.2802 -3.142484 
1786041392.866 -0.005126161 -0.008758543 -0.008378115 -0.01272616 -0.008378115 -424.7107 -4.327466 
1786041393.023 -0.005160394 -0.006616308 -0.00815293 -0.01276039 -0.00815293 -425.2733 -5.504932 
1786041393.180 -0.00519456 -0.005411622 -0.008816608 -0.00779456 -0.008816608 -425.9693 -6.682421 
1786041393.345 -0.005230162 -0.006076457 -0.008310457 -0.007830162 -0.008310457 -426.8405 -7.912462 
1786041393.509 -0.01026544 -0.008266796 -0.00848889 -0.007865441 -0.00848889 -427.8502 -9.135126 
1786041393.671 -0.005300814 -0.008418359 -0.009846592 -0.007900814 -0.009846592 -429.0097 -10.3649 
1786041393.829 -0.01033476 -0.004739817 -0.009126348 -0.007934763 -0.009126348 -430.2657 -11.54997 
1786041393.988 -0.005368354 -0.009179653 -0.008553032 -0.007968354 -0.008553032 -431.6462 -12.73507 
1786041394.145 -0.005402216 -0.00618622 -0.009767071 -0.008002216 -0.009767071 -433.1765 -13.91993 
1786041394.303 -0.005435691 -0.008821499 -0.009882694 -0.008035691 -0.009882694 -434.8314 -15.10498 
1786041394.468 -0.01046982 -0.006578618 -0.009733638 -0.008069821 -0.009733638 -436.6652 -16.31992 
1786041394.637 -0.0105052 -0.005729105 -0.01087838 -0.008105199 -0.01087838 -438.7239 -17.58744 
1786041394.808 -0.005540331 -0.01209645 -0.008582371 -0.008140331 -0.008939287 -440.9616 -18.86982 
1786041394.977 -0.01057502 -0.05445758 0.006695503 -0.008175023 0.006695503 -443.2946 -20.11618 
1786041395.149 -0.0005772772 -0.01587764 0.00871108 0.006822723 0.00871108 -443.7925 -20.1984 
1786041395.321 0.009422723 0.004122363 0.009260761 0.01182272 0.009260761 -444.383 -20.1984 
1786041395.485 0.009422723 0.008122363 0.009170464 0.01182272 0.009170464 -444.9329 -20.1984 
1786041395.645 0.009422723 0.008122363 0.008443508 0.01182272 0.008443508 -445.4689 -20.1984 
1786041395.802 0.009422723 0.008122363 0.008349892 0.01182272 0.008349892 -445.9921 -20.1984 
1786041395.967 0.009422723 0.008122363 0.01315294 0.01182272 0.01315294 -446.5204 -20.1984 
1786041396.136 0.004422723 0.008122363 0.003414171 0.01182272 0.003414171 -446.3229 -20.1984 
1786041396.295 0.009422723 0.01212236 0.008819696 0.01182272 0.008819696 -446.3553 -20.1984 
1786041396.455 0.009422723 0.01212236 0.008989681 0.01182272 0.008989681 -446.382 -20.1984 
1786041396.615 0.009422723 0.008122363 0.008993 0.01182272 0.008993 -446.4087 -20.1984 
1786041396.774 0.009422723 0.01212236 0.009162986 0.01182272 0.009162986 -446.4353 -20.1984 
1786041396.937 0.009422723 0.008122363 0.02615312 0.01182272 0.02615312 -446.2027 -20.1984 
1786041397.102 0.009423071 -0.03030681 0.01848718 0.01162307 0.01848718 -444.1669 -20.18568 
1786041397.264 -0.0005461513 -0.02848938 -0.01349148 -0.002946151 -0.01349148 -441.312 -19.06592 
1786041397.426 -0.01051252 -0.01540026 -0.009548636 -0.01291252 -0.009548636 -439.172 -17.85091 
1786041397.585 -0.0104795 -0.01814233 -0.008578304 -0.007879499 -0.008578304 -437.201 -16.65821 
1786041397.742 -0.01044606 -0.01633841 -0.009190607 -0.007846061 -0.009190607 -435.3734 -15.47334 
1786041397.899 -0.01041285 -0.01042518 -0.008800143 -0.01281285 -0.008641443 -433.678 -14.2884 
1786041398.059 -0.01037883 -0.01594241 -0.009057898 -0.007778833 -0.009057898 -432.1045 -13.09583 
1786041398.228 -0.005343147 -0.01153042 -0.008084861 -0.007743147 -0.008084861 -430.5982 -11.84341 
1786041398.391 -0.005307942 -0.01517952 -0.009342029 -0.01270794 -0.009342029 -429.2622 -10.61333 
1786041398.548 -0.00527389 -0.01451112 -0.008262425 -0.00767389 -0.008262425 -428.1141 -9.428429 
1786041398.708 -0.005239722 -0.009584509 -0.007661623 -0.007639505 -0.007661623 -427.0943 -8.235988 
1786041398.866 -0.01020502 -0.01647189 -0.008062867 -0.007605016 -0.008062867 -426.2104 -7.043411 
1786041399.024 -0.01017087 -0.0131592 -0.00695169 -0.007570874 -0.00695169 -425.4738 -5.866015 
1786041399.181 -0.01013644 -0.01728845 -0.008311455 -0.007536442 -0.008311455 -424.8655 -4.680961 
1786041399.347 -0.00510064 -0.006895477 -0.007415614 -0.00750064 -0.007415614 -424.3803 -3.451006 
1786041399.511 -0.01006479 -0.009360183 -0.007357239 -0.007464792 -0.007357239 -424.0412 -2.220915 
1786041399.669 -0.005029789 -0.01035831 -0.007417791 -0.01242979 -0.007417791 -423.852 -1.020912 
1786041399.829 -0.005000011 0.1383198 -0.006258986 -0.007400011 -0.006258979 -423.8025 -0.0001363648 
1786041400.012 -0.005 0.0163 9.101872e-05 -0.0024 9.101872e-05 -423.8088 -1.137215e-08 
1786041400.176 -1.00045e-13 0.0083 0.005171016 -0.0024 0.005171016 -423.8139 -1.137215e-08 
1786041400.337 -1.00045e-13 0.0083 0.006441015 -0.0024 0.006441015 -423.8152 -1.137215e-08 
1786041400.497 0.005 0.0083 0.006441015 -0.0024 0.006441015 -423.8152 -1.137215e-08 
1786041400.660 -1.00045e-13 0.0083 0.006441015 -0.0024 0.006441015 -423.8152 -1.137215e-08 
1786041400.829 1.259254e-06 -0.07619983 0.002650076 -0.002398741 0.002650076 -423.8115 0.04329863 
1786041400.996 0.005003723 0.00923335 -0.003305541 0.002603723 -0.003305541 -424.1507 0.1278 
1786041401.156 0.01000372 0.00923335 0.0007308299 0.007603723 0.0007308299 -424.698 0.1278 
1786041401.321 0.01000372 0.00923335 0.007147205 0.007603723 0.00635387 -425.2403 0.1278 
1786041401.486 0.005003723 0.00923335 0.007216903 0.007603723 0.007216903 -425.7978 0.1278 
1786041401.653 0.005003723 0.00923335 0.00760327 0.007603723 0.00760327 -426.3516 0.1278 
1786041401.813 0.01000372 0.00923335 0.009026311 0.01260372 0.009026311 -426.8939 0.1278 
1786041401.977 0.005003723 0.00923335 0.001543118 0.007603723 0.001543118 -426.6587 0.1278 
1786041402.141 0.01000372 0.00923335 0.006306425 0.007603723 0.006306425 -426.683 0.1278 
1786041402.304 0.01000372 0.00923335 0.007849742 0.007603723 0.007849742 -426.7122 0.1278 
1786041402.466 0.01000372 0.01323335 0.007519728 0.01260372 0.007519728 -426.7389 0.1278 
1786041402.626 0.01000372 0.01323335 0.007523047 0.007603723 0.007523047 -426.7656 0.1278 
1786041402.785 0.005003723 0.00923335 0.007693032 0.007603723 0.007693032 -426.7923 0.1278 
1786041402.945 0.005003723 0.00923335 0.006359709 0.007603723 0.006359709 -426.7984 0.1278 
1786041403.103 0.005003723 0.00923335 0.022077 0.007603723 0.022077 -425.6364 0.1278 
1786041403.272 0.005003644 0.02439496 -0.01985067 0.01015364 -0.01985067 -423.8545 0.1251064 
1786041403.433 0.01 -0.0037 -0.003718979 0.0074 -0.003718979 -423.805 1.477024e-08 
1786041403.595 0.005 0.0083 0.002631017 0.0074 0.002631017 -423.8114 1.477024e-08 
1786041403.753 0.005 0.0083 0.007711015 0.0074 0.007711015 -423.8164 1.477024e-08 
1786041403.922 2.49074e-05 -0.04866341 -0.0009136307 -0.002375093 -0.0009136307 -423.8433 0.8548162 
1786041404.091 -0.009939272 -0.01558621 -0.00908387 -0.007339054 -0.00908387 -424.0122 2.092453 
1786041404.265 -0.009900208 -0.01461714 -0.009831071 -0.01229999 -0.009831071 -424.3716 3.435001 
1786041404.428 -0.009864029 -0.01624638 -0.01015179 -0.01226403 -0.01015179 -424.858 4.672241 
1786041404.587 -0.009829436 -0.01105234 -0.009812697 -0.01222944 -0.009812697 -425.4676 5.865071 
1786041404.746 -0.0097947 -0.01716052 -0.009729385 -0.0121947 -0.009729385 -426.2195 7.064899 
1786041404.905 -0.009760486 -0.007476788 -0.009429044 -0.007160486 -0.009429044 -427.0983 8.257626 
1786041405.073 -0.009724866 -0.01035836 -0.01048138 -0.01212487 -0.01048138 -428.1588 9.487533 
1786041405.240 -0.009688946 -0.01072691 -0.01007754 -0.01208873 -0.01007754 -429.3907 10.74733 
1786041405.403 -0.009653387 -0.009888615 -0.009382716 -0.007053387 -0.009382716 -430.7483 11.98497 
1786041405.565 -0.009619056 -0.01467065 -0.01060625 -0.007019056 -0.01060625 -432.2113 13.19243 
1786041405.724 -0.004584894 -0.007139807 -0.009977663 -0.006984894 -0.009977663 -433.8141 14.3999 
1786041405.882 -0.004551547 -0.01181986 -0.00995778 -0.006951547 -0.00995778 -435.5197 15.58511 
1786041406.052 -0.00451672 -0.007451271 -0.01044061 -0.00691672 -0.01044061 -437.4526 16.83011 
1786041406.217 -0.004481912 -0.01117288 -0.009190949 -0.006881912 -0.009190949 -439.5443 18.08241 
1786041406.381 -0.004447765 -0.008857236 -0.009559093 -0.006847765 -0.009559093 -441.7516 19.31986 
1786041406.539 -0.004425612 0.09634828 0.02461927 -0.006825612 0.02461927 -443.3124 20.1278 
1786041406.696 0.01057439 0.02434828 0.008952341 0.01317439 0.008952341 -443.8014 20.1278 
1786041406.854 0.01057439 0.01634828 0.00933539 0.01317439 0.00933539 -444.3284 20.1278 
1786041407.017 0.01057439 0.02034828 0.009718439 0.01317439 0.009718439 -444.8555 20.1278 
1786041407.180 0.01557439 0.01634828 0.01058147 0.01317439 0.01058147 -445.413 20.1278 
1786041407.341 0.01557439 0.02034828 0.01112451 0.01817439 0.01112451 -445.9502 20.1278 
1786041407.502 0.01557439 0.01634828 0.01915929 0.01317439 0.01915929 -446.3605 20.1278 
1786041407.666 0.01557439 0.02034828 0.01001107 0.01817439 0.01001107 -446.1547 20.1278 
1786041407.836 0.01057439 0.01634828 0.01061772 0.01317439 0.01061772 -446.1826 20.1278 
1786041408.004 0.01557439 0.02034828 0.01132771 0.01817439 0.01132771 -446.2118 20.1278 
1786041408.176 0.01057439 0.01634828 0.01076769 0.01317439 0.01076769 -446.2398 20.1278 
1786041408.338 0.01057439 0.01634828 0.01087434 0.01317439 0.01087434 -446.2677 20.1278 
1786041408.497 0.01557439 0.01634828 0.01087766 0.01817439 0.01087766 -446.2944 20.1278 
1786041408.666 0.01057439 0.01634828 0.03054796 0.01317439 0.03054796 -445.7747 20.1278 
1786041408.844 0.01056802 0.1350923 0.02933837 0.007967818 0.02933837 -443.1458 19.88767 
1786041409.047 -0.009472014 0.005913341 -0.01167511 -0.01207222 -0.01167511 -440.1524 18.43304 
1786041409.244 -0.01451302 -0.01044151 -0.01076225 -0.01211302 -0.01076225 -437.6671 16.96274 
1786041409.414 -0.009551188 -0.00841725 -0.01024941 -0.01215119 -0.01024941 -435.5385 15.59766 
1786041409.580 -0.009586226 -0.008747129 -0.009742356 -0.01218623 -0.009742356 -433.7491 14.35269 
1786041409.744 -0.00962082 -0.0136862 -0.00947668 -0.01222082 -0.00947668 -432.1337 13.13037 
1786041409.902 -0.00965516 -0.007318439 -0.009022023 -0.01225516 -0.009022023 -430.677 11.92273 
1786041410.064 -0.01468965 -0.01570025 -0.009937413 -0.01228965 -0.009937413 -429.3575 10.71544 
1786041410.222 -0.009723852 -0.008067746 -0.008825121 -0.01232385 -0.008825121 -428.1929 9.522891 
1786041410.380 -0.009757955 -0.01087846 -0.008977187 -0.007357955 -0.008977187 -427.1692 8.337893 
1786041410.548 -0.009794113 -0.009247779 -0.00860122 -0.007394113 -0.00860122 -426.2345 7.085403 
1786041410.723 -0.009831239 -0.006769795 -0.007855905 -0.01243124 -0.007855905 -425.4344 5.802752 
1786041410.889 -0.009867577 -0.01053808 -0.007758915 -0.01246758 -0.007758915 -424.8058 4.550325 
1786041411.068 -0.009905289 -0.008254296 -0.008050454 -0.007505289 -0.008050454 -424.3143 3.25279 
1786041411.244 -0.00994545 -0.009928512 -0.00890299 -0.00754545 -0.00890299 -423.9701 1.872833 
1786041411.417 -0.009982803 -0.01201584 -0.007938671 -0.0125828 -0.007938671 -423.8177 0.5903093 
1786041411.575 -0.005 -0.0597 -0.004988979 -0.0076 -0.004988979 -423.8037 1.477024e-08 
1786041411.737 0.015 0.0043 0.01025101 0.0124 0.01025101 -423.819 1.477024e-08 
1786041411.902 0.015 0.0123 0.01025101 0.0124 0.01025101 -423.819 1.477024e-08 
1786041412.063 0.01 0.0123 0.01025101 0.0124 0.01025101 -423.819 1.477024e-08 
1786041412.221 0.01 0.0083 0.008981014 0.0124 0.008981014 -423.8177 1.477024e-08 
1786041412.392 0.004979244 0.04448113 0.001041534 -0.002620756 0.001041534 -423.8344 -0.7125403 
1786041412.551 -0.005055706 0.007295089 -0.008503609 -0.01265592 -0.008503609 -423.9792 -1.919915 
1786041412.710 -0.005090412 -0.004225461 -0.00923827 -0.007690412 -0.00923827 -424.2675 -3.104973 
1786041412.873 -0.01012595 -0.008781112 -0.009405959 -0.007725951 -0.009405959 -424.7082 -4.327372 
1786041413.035 -0.01016122 -0.009821356 -0.009280609 -0.01276122 -0.009280609 -425.2898 -5.542559 
1786041413.193 -0.01019576 -0.009027903 -0.00885763 -0.007795756 -0.00885763 -425.9998 -6.734922 
1786041413.352 -0.005229996 -0.005760024 -0.009007945 -0.007829996 -0.009007945 -426.8405 -7.919904 
1786041413.510 -0.005264137 -0.00807778 -0.009851102 -0.007864353 -0.009851102 -427.8222 -9.112533 
1786041413.669 -0.005298595 -0.01226513 -0.009880298 -0.007898595 -0.009880298 -428.9411 -10.30496 
1786041413.826 -0.00533228 -0.006940956 -0.009766159 -0.00793228 -0.009766159 -430.1793 -11.48253 
1786041413.986 -0.005366037 -0.01170457 -0.00977247 -0.007966037 -0.00977247 -431.5586 -12.6674 
1786041414.152 -0.01040134 -0.006287361 -0.009554533 -0.008001335 -0.009554533 -433.1511 -13.91252 
1786041414.313 -0.0054356 -0.01018155 -0.01023361 -0.0080356 -0.01096626 -434.8555 -15.1349 
1786041414.471 -0.01046883 -0.007621934 -0.009952357 -0.00806904 -0.009952357 -436.6436 -16.31992 
1786041414.631 -0.01050228 -0.007865496 -0.01011594 -0.01310228 -0.01011594 -438.574 -17.51256 
1786041414.790 -0.0105353 -0.005661875 -0.009888116 -0.008135296 -0.009888116 -440.6365 -18.70495 
1786041414.947 -0.01056634 -0.08923139 0.01687028 -0.008166337 0.01687028 -442.7358 -19.83372 
1786041415.107 -0.0005673904 -0.01611645 0.008440942 0.00183261 0.008440942 -443.1244 -19.8722 
1786041415.273 0.00943261 -0.0001164492 0.00882731 0.00683261 0.00882731 -443.6807 -19.8722 
1786041415.436 0.00943261 0.007883551 0.008260348 0.01183261 0.008260348 -444.2243 -19.8722 
1786041415.597 0.00943261 0.007883551 0.008010057 0.00683261 0.008010057 -444.764 -19.8722 
1786041415.757 0.00943261 0.007883551 0.008076435 0.01183261 0.008076435 -445.2974 -19.8722 
1786041415.918 0.00943261 0.007883551 0.007666149 0.01183261 0.007666149 -445.827 -19.8722 
1786041416.076 0.00943261 0.007883551 0.009836221 0.01183261 0.009836221 -445.7201 -19.8722 
1786041416.236 0.00943261 0.007883551 0.006139543 0.01183261 0.006139543 -445.7152 -19.8722 
1786041416.403 0.00943261 0.007883551 0.007849527 0.01183261 0.007849527 -445.7445 -19.8722 
1786041416.567 0.00443261 0.007883551 0.008122845 0.01183261 0.008122845 -445.7724 -19.8722 
1786041416.734 0.00943261 0.003883551 0.006792831 0.01183261 0.006792831 -445.7991 -19.8722 
1786041416.897 0.00443261 0.007883551 0.006462817 0.00683261 0.006462817 -445.8257 -19.8722 
1786041417.061 0.00943261 0.007883551 0.01218281 0.00683261 0.01218281 -445.8511 -19.8722 
1786041417.225 0.00443261 0.003883551 0.02644312 0.00683261 0.02644312 -445.2972 -19.8722 
1786041417.401 0.00443775 -0.137872 0.03175628 0.00703775 0.03175628 -442.8182 -19.68476 
1786041417.573 -0.005526933 -0.02284831 -0.01122475 -0.007926933 -0.01122475 -440.0991 -18.40186 
1786041417.731 -0.01049281 -0.01518773 -0.009811625 -0.007892814 -0.009811625 -438.01 -17.17231 
1786041417.896 -0.01045847 -0.01490147 -0.009059381 -0.01285847 -0.009059381 -436.0605 -15.94222 
1786041418.060 -0.005423909 -0.01096654 -0.008596742 -0.01282391 -0.008596742 -434.252 -14.71227 
1786041418.220 -0.01039001 -0.01403424 -0.007575471 -0.007790006 -0.007575471 -432.6252 -13.51227 
1786041418.378 -0.01035615 -0.01300486 -0.007905845 -0.007756145 -0.007905845 -431.1418 -12.31961 
1786041418.537 -0.00532213 -0.01343897 -0.008525166 -0.00772213 -0.008525166 -429.7931 -11.12713 
1786041418.694 -0.01028841 -0.01431727 -0.007916916 -0.01268841 -0.007916916 -428.5955 -9.949613 
1786041418.852 -0.005254343 -0.01170018 -0.007829274 -0.007654343 -0.007829274 -427.5236 -8.764726 
1786041419.010 -0.01022017 -0.0138608 -0.007886687 -0.007620172 -0.007886687 -426.5863 -7.579733 
1786041419.177 -0.005184387 -0.01231019 -0.007839225 -0.007584387 -0.007839225 -425.7519 -6.342433 
1786041419.340 -0.01014873 -0.01362313 -0.008174126 -0.007548734 -0.008174126 -425.0687 -5.11232 
1786041419.501 -0.01011367 -0.01512771 -0.00839492 -0.007513666 -0.00839492 -424.5403 -3.904682 
1786041419.660 -0.005078984 -0.006908149 -0.007759803 -0.007478984 -0.007759803 -424.1581 -2.712322 
1786041419.818 -0.01004427 -0.009222834 -0.00789882 -0.007444268 -0.00789882 -423.913 -1.519658 
1786041419.976 -0.005009751 -0.005471121 -0.00661912 -0.007409751 -0.00661912 -423.8076 -0.334795 
1786041420.140 -0.005 0.0403 -0.00244898 -0.0024 -0.00244898 -423.8063 -1.660063e-08 
1786041420.305 -1.00045e-13 0.0083 0.003901017 0.0026 0.003901017 -423.8126 -1.660063e-08 
1786041420.463 -0.005 0.0043 0.005171016 0.0026 0.005171016 -423.8139 -1.660063e-08 
1786041420.622 -0.005 0.0043 0.005171016 0.0026 0.005171016 -423.8139 -1.660063e-08 
1786041420.781 -0.01 0.0043 0.004101003 -0.0024 0.004101003 -423.8128 -1.660063e-08 
1786041420.944 0.004996777 -0.004083144 -0.003443807 0.01239678 -0.003443807 -423.997 -0.1107 
1786041421.105 0.01499678 0.01191686 0.002972568 0.01239678 0.003449233 -424.5405 -0.1107 
1786041421.263 0.009996777 0.01191686 0.00605561 0.007396777 0.00605561 -425.0765 -0.1107 
1786041421.420 0.009996777 0.01191686 0.005961994 0.007396777 0.006438659 -425.6035 -0.1107 
1786041421.578 0.009996777 0.01191686 0.006345043 0.007396777 0.006345043 -426.1268 -0.1107 
1786041421.740 0.009996777 0.007916856 0.005458092 0.007396777 0.005458092 -426.6526 -0.1107 
1786041421.909 0.004996777 0.007916856 0.01557136 0.007396777 0.01557136 -426.7971 -0.1107 
1786041422.076 0.004996777 0.007916856 -0.0001552829 0.007396777 -0.0001552829 -426.73 -0.1107 
1786041422.235 0.009996777 0.007916856 0.002554701 0.007396777 0.002554701 -426.7592 -0.1107 
1786041422.392 0.009996777 0.007916856 0.006701352 0.007396777 0.006701352 -426.7897 -0.1107 
1786041422.550 0.009996777 0.01191686 0.007038004 0.01239678 0.007038004 -426.8164 -0.1107 
1786041422.708 0.009996777 0.01191686 0.007541323 0.01239678 0.007541323 -426.8431 -0.1107 
1786041422.874 0.009996777 0.01191686 0.007337997 0.007396777 0.007504664 -426.8543 -0.1107 
1786041423.036 0.009996777 0.01591686 0.03032171 0.01239678 0.03104172 -426.1317 -0.1107 
1786041423.195 0.01499678 0.01591686 -0.006480799 0.01239678 -0.006480799 -424.1149 -0.1107 
1786041423.356 0.01 0.0163 -0.007528977 0.0076 -0.007528977 -423.8012 -1.137215e-08 
1786041423.517 0.01 0.0123 0.001361018 0.0126 0.001361018 -423.8101 -1.137215e-08 
1786041423.677 0.01 0.0123 0.007711015 0.0126 0.007711015 -423.8164 -1.137215e-08 
1786041423.846 0.00500808 -0.1229079 0.006712982 0.00760808 0.006712982 -423.8192 0.277518 
1786041424.016 -0.0099548 -0.02029994 -0.007452606 -0.0073548 -0.007452606 -423.9195 1.560147 
1786041424.176 -0.009919011 -0.01546626 -0.009610585 -0.007319011 -0.009610585 -424.1748 2.782318 
1786041424.342 -0.009883259 -0.01550445 -0.009842039 -0.01228304 -0.008953278 -424.5837 4.019833 
1786041424.501 -0.009848432 -0.0126636 -0.00925175 -0.007248214 -0.00925175 -425.1209 5.2199 
1786041424.666 -0.009813236 -0.01294781 -0.008618413 -0.01221324 -0.008618413 -425.8029 6.42791 
1786041424.835 -0.009775961 -0.01207201 -0.009232946 -0.007175961 -0.009232946 -426.6856 7.7173 
1786041424.999 -0.009740956 -0.00952319 -0.009614676 -0.01214096 -0.009614676 -427.6635 8.939942 
1786041425.161 -0.009705637 -0.01483782 -0.01003331 -0.01210564 -0.01003331 -428.7976 10.16249 
1786041425.320 -0.009671311 -0.006689093 -0.00904312 -0.01207131 -0.00904312 -430.0447 11.36246 
1786041425.478 -0.009637555 -0.0135829 -0.01010218 -0.01203756 -0.01010218 -431.4087 12.54764 
1786041425.644 -0.009602894 -0.009432947 -0.009617534 -0.01200289 -0.009617534 -432.9568 13.77012 
1786041425.809 -0.00956778 -0.007616945 -0.009688182 -0.00696778 -0.009688182 -434.6777 15.01486 
1786041425.970 -0.009533709 -0.0106533 -0.01060117 -0.006933709 -0.01060117 -436.4963 16.23757 
1786041426.133 -0.00949964 -0.009221526 -0.0102694 -0.006899432 -0.0102694 -438.4788 17.45992 
1786041426.291 -0.009466626 -0.01064724 -0.0102197 -0.01186663 -0.0102197 -440.5209 18.64489 
1786041426.449 -0.009434787 0.04051708 0.005489456 -0.006834787 0.005489456 -442.6571 19.80299 
1786041426.606 0.0005675756 0.02933636 0.00842709 0.003167576 0.00842709 -443.1206 19.8893 
1786041426.774 0.02056758 0.02533636 0.01262346 0.01816758 0.01262346 -443.6782 19.8893 
1786041426.938 0.02556758 0.02933636 0.01332649 0.02316758 0.01380316 -444.2293 19.8893 
1786041427.099 0.02056758 0.02533636 0.0143462 0.02316758 0.0143462 -444.7666 19.8893 
1786041427.260 0.02556758 0.02933636 0.01361924 0.02816758 0.01361924 -445.3025 19.8893 
1786041427.418 0.02056758 0.02933636 0.01400229 0.02316758 0.01400229 -445.8295 19.8893 
1786041427.579 0.02556758 0.02933636 0.02021235 0.02316758 0.02021235 -445.757 19.8893 
1786041427.743 0.02056758 0.02533636 0.01276902 0.02316758 0.01276902 -445.7152 19.8893 
1786041427.911 0.02056758 0.02533636 0.01287567 0.02316758 0.01287567 -445.7432 19.8893 
1786041428.070 0.02556758 0.02533636 0.01381566 0.02316758 0.01381566 -445.7711 19.8893 
1786041428.230 0.02556758 0.02533636 0.01271564 0.02316758 0.01271564 -445.7965 19.8893 
1786041428.389 0.02056758 0.02533636 0.01288563 0.02316758 0.01288563 -445.8232 19.8893 
1786041428.547 0.02056758 0.02533636 0.01393895 0.02316758 0.01393895 -445.8499 19.8893 
1786041428.710 0.02056758 0.02533636 0.03360603 0.02316758 0.03360603 -445.1131 19.8893 
1786041428.878 0.005559354 0.1156412 0.02139871 0.007959148 0.02139871 -442.4892 19.58187 
1786041429.043 -0.01947472 -0.0003702797 -0.01506039 -0.01707472 -0.01506039 -439.9988 18.35178 
1786041429.207 -0.01950863 -0.01730466 -0.01365174 -0.01710863 -0.01365174 -437.9287 17.12887 
1786041429.370 -0.01454317 -0.01529137 -0.01116854 -0.01714317 -0.01116854 -435.9754 15.89201 
1786041429.533 -0.0195773 -0.01362816 -0.01186615 -0.0221773 -0.01186615 -434.1936 14.67701 
1786041429.701 -0.01461225 -0.01396998 -0.01030092 -0.01721225 -0.01076989 -432.5134 13.43165 
1786041429.867 -0.01464824 -0.01269307 -0.01139971 -0.01724824 -0.01139971 -430.9602 12.17195 
1786041430.030 -0.01468312 -0.01625403 -0.01169568 -0.01728312 -0.01169568 -429.5975 10.94947 
1786041430.193 -0.01471835 -0.01515452 -0.01019852 -0.01731835 -0.01077992 -428.3643 9.711988 
1786041430.354 -0.01475306 -0.01301675 -0.01063628 -0.01235306 -0.01063628 -427.3077 8.511834 
1786041430.518 -0.01478789 -0.01656273 -0.009839101 -0.01738811 -0.009839101 -426.3793 7.296862 
1786041430.687 -0.01482476 -0.01158091 -0.009869199 -0.01742476 -0.009869199 -425.5614 6.029365 
1786041430.850 -0.01486063 -0.01647555 -0.009945914 -0.01246063 -0.009945914 -424.9125 4.791794 
1786041431.010 -0.0098957 -0.01146445 -0.008502183 -0.0124957 -0.008502183 -424.4235 3.584261 
1786041431.168 -0.01493016 -0.01062312 -0.008729127 -0.01253016 -0.008729127 -424.0793 2.399316 
1786041431.326 -0.01496443 -0.01207625 -0.009235958 -0.01256464 -0.009235958 -423.8711 1.214256 
1786041431.486 -0.01499817 -0.07637337 -0.007720057 -0.01259817 -0.007720057 -423.8012 0.06261797 
1786041431.655 0.01 -0.0037 0.007711015 0.0174 0.007711015 -423.8164 9.541763e-09 
1786041431.814 0.015 0.0163 0.01279101 0.0174 0.01279101 -423.8215 9.541763e-09 
1786041431.972 0.015 0.0123 0.01152101 0.0174 0.01152101 -423.8203 9.541763e-09 
1786041432.131 0.015 0.0163 0.01152101 0.0174 0.01152101 -423.8203 9.541763e-09 
1786041432.289 0.01499982 0.0382229 0.007789177 0.01239982 0.007789177 -423.8165 -0.006095742 
1786041432.455 -0.01003232 0.008769643 -0.004891909 -0.01263254 -0.005702613 -423.8636 -1.117435 
1786041432.622 -0.01006877 -0.009249841 -0.01018746 -0.01266877 -0.01018746 -424.0694 -2.362442 
1786041432.786 -0.01010497 -0.01117131 -0.01004411 -0.01270497 -0.01004411 -424.4301 -3.607425 
1786041432.946 -0.01013982 -0.01592085 -0.01070129 -0.01273982 -0.01038953 -424.9228 -4.814947 
1786041433.108 -0.01517504 -0.009425832 -0.01077939 -0.01277504 -0.01077939 -425.5565 -6.022443 
1786041433.267 -0.01020953 -0.01009491 -0.01060464 -0.01280953 -0.01060464 -426.3211 -7.222462 
1786041433.425 -0.01024393 -0.008098315 -0.01019697 -0.01284393 -0.01019697 -427.2228 -8.407387 
1786041433.589 -0.01027823 -0.01315801 -0.009774339 -0.01287844 -0.009774339 -428.268 -9.607514 
1786041433.752 -0.01031412 -0.007749879 -0.01002396 -0.01291412 -0.01002396 -429.4974 -10.85244 
1786041433.916 -0.010349 -0.009018576 -0.009903377 -0.012949 -0.009903377 -430.8486 -12.07507 
1786041434.075 -0.01038331 -0.009813821 -0.01052901 -0.01298331 -0.01052901 -432.3218 -13.28242 
1786041434.234 -0.0104168 -0.008273733 -0.01091888 -0.008016803 -0.01091888 -433.9017 -14.4675 
1786041434.392 -0.01045012 -0.008782907 -0.009926318 -0.01305012 -0.009751996 -435.6264 -15.65993 
1786041434.550 -0.01048346 -0.01014358 -0.01128276 -0.01308346 -0.01128276 -437.4691 -16.84497 
1786041434.719 -0.01051762 -0.009227886 -0.01125488 -0.01311762 -0.01125488 -439.5215 -18.07507 
1786041434.899 -0.005555256 -0.009623502 -0.009958434 -0.01315526 -0.009958434 -441.9637 -19.44005 
1786041435.079 -0.005573634 -0.05175512 0.00861691 -0.003173634 0.00861691 -443.3353 -20.1107 
1786041435.247 0.01942637 0.01624488 0.01297327 0.02182637 0.01297327 -443.903 -20.1107 
1786041435.412 0.01942637 0.02424488 0.01304297 0.02182637 0.01304297 -444.463 -20.1107 
1786041435.581 0.02442637 0.02424488 0.01358933 0.02682637 0.01358933 -445.0269 -20.1107 
1786041435.742 0.01942637 0.02424488 0.0138157 0.02682637 0.0138157 -445.5705 -20.1107 
1786041435.900 0.01942637 0.02424488 0.01292875 0.02682637 0.01292875 -446.0962 -20.1107 
1786041436.066 0.01942637 0.02424488 0.02723195 0.02682637 0.02723195 -446.3636 -20.1107 
1786041436.238 0.01942637 0.02424488 0.01266205 0.02182637 0.01266205 -446.1597 -20.1107 
1786041436.404 0.01942637 0.02424488 0.01293537 0.02182637 0.01293537 -446.1877 -20.1107 
1786041436.572 0.01942637 0.02424488 0.01304202 0.02182637 0.01304202 -446.2156 -20.1107 
1786041436.739 0.01442637 0.02024488 0.01187867 0.01682637 0.01187867 -446.2423 -20.1107 
1786041436.908 0.01442637 0.01624488 0.008778659 0.01182637 0.008778659 -446.2677 -20.1107 
1786041437.077 0.004426366 0.004244877 0.005075313 0.001826366 0.004908646 -446.2918 -20.1107 
1786041437.247 -0.005573634 -0.01175512 0.001251995 -0.01317363 0.001251995 -446.2891 -20.1107 
1786041437.420 -0.01557363 -0.01575512 0.009586158 -0.01817363 0.009586158 -444.7524 -20.1107 
1786041437.593 -0.01555308 -0.06158161 -0.01607451 -0.01795308 -0.01607451 -441.8149 -19.35337 
1786041437.757 -0.01551833 -0.02136974 -0.01264829 -0.01291833 -0.01264829 -439.5644 -18.10063 
1786041437.919 -0.01548459 -0.02554052 -0.01110876 -0.01288459 -0.01110876 -437.535 -16.88573 
1786041438.079 -0.01545105 -0.02301464 -0.01046131 -0.01285105 -0.01046131 -435.6643 -15.68575 
1786041438.247 -0.01541584 -0.02098612 -0.01050971 -0.01281584 -0.01050971 -433.8431 -14.42558 
1786041438.430 -0.01537829 -0.02306714 -0.009831135 -0.01277829 -0.009831135 -432.0981 -13.10576 
1786041438.610 -0.01533862 -0.01944841 -0.009158016 -0.01773862 -0.009158016 -430.4319 -11.71084 
1786041438.780 -0.01530219 -0.01774173 -0.0100841 -0.01770219 -0.0100841 -429.0692 -10.43572 
1786041438.943 -0.01526668 -0.01474173 -0.008945388 -0.01266668 -0.008945388 -427.897 -9.198086 
1786041439.102 -0.01023214 -0.02097738 -0.008217559 -0.01263214 -0.008217559 -426.9 -7.998245 
1786041439.259 -0.01019814 -0.01841688 -0.008327483 -0.01259814 -0.008327483 -426.0555 -6.820853 
1786041439.416 -0.01516405 -0.01583824 -0.008704717 -0.01256405 -0.008704717 -425.3443 -5.643266 
1786041439.576 -0.01512925 -0.01923977 -0.008821404 -0.01252925 -0.008821404 -424.7575 -4.443285 
1786041439.737 -0.01009504 -0.01254506 -0.009332914 -0.01249504 -0.009332914 -424.3168 -3.265725 
1786041439.902 -0.01005883 -0.01265134 -0.008818639 -0.01245883 -0.008818639 -423.9981 -2.020646 
1786041440.063 -0.01002302 -0.01065304 -0.007390709 -0.01242302 -0.007390709 -423.8317 -0.7907601 
1786041440.230 -0.01 0.0803 -0.006258978 -0.0074 -0.006258978 -423.8025 1.477024e-08 
1786041440.401 0.015 0.0243 0.01279101 0.0176 0.01279101 -423.8215 1.477024e-08 
1786041440.568 0.02 0.0243 0.01279101 0.0176 0.01279101 -423.8215 1.477024e-08 
1786041440.738 0.015 0.0203 0.01279101 0.0176 0.01279101 -423.8215 1.477024e-08 
1786041440.897 0.02 0.0203 0.01279101 0.0176 0.01279101 -423.8215 1.477024e-08 
1786041441.061 0.015 0.0203 0.01152101 0.0176 0.01152101 -423.8203 1.477024e-08 
1786041441.221 0.015 0.0163 0.01025101 0.0176 0.01025101 -423.819 1.477024e-08 
1786041441.388 0.01000727 -0.03128186 0.007334445 0.007607372 0.007334445 -423.8192 0.2536427 
1786041441.555 0.01500862 0.02531229 0.0002130784 0.01760862 0.0002130784 -424.1976 0.2967 
1786041441.726 0.01500862 0.01731229 0.009649436 0.01260862 0.009649436 -424.7704 0.2967 
1786041441.890 0.01500862 0.01731229 0.009875809 0.01760862 0.009875809 -425.314 0.2967 
1786041442.055 0.01500862 0.01731229 0.009468842 0.01760862 0.009468842 -425.8702 0.2967 
1786041442.219 0.01500862 0.01731229 0.008108546 0.01260862 0.008108546 -426.4189 0.2967 
1786041442.380 0.01000862 0.01331229 0.01607828 0.007608624 0.01607828 -426.9154 0.2967 
1786041442.542 0.01000862 0.009312286 -0.004138228 0.007608624 -0.004138228 -426.6422 0.2967 
1786041442.703 0.005008624 0.005312286 -0.005928254 0.002608624 -0.005928254 -426.6653 0.2967 
1786041442.863 0.005008624 0.005312286 -0.005758269 0.002608624 -0.005758269 -426.6919 0.2967 
1786041443.027 0.005008624 0.005312286 -0.006588283 -0.002391376 -0.006588283 -426.7186 0.2967 
1786041443.188 0.01000862 0.009312286 -0.004378299 0.002608624 -0.004378299 -426.7478 0.2967 
1786041443.346 0.01000862 0.009312286 -0.002771647 0.007608624 -0.002771647 -426.7757 0.2967 
1786041443.504 0.01000862 0.01331229 0.00354169 0.01260862 0.00354169 -426.7933 0.2967 
1786041443.670 0.01000862 0.01331229 0.02883879 0.01260862 0.02883879 -425.9856 0.2967 
1786041443.829 0.01500862 0.01331229 -0.01336057 0.01260862 -0.01336057 -424.0209 0.2967 
1786041443.988 -1.00045e-13 -0.0277 -0.008798976 -0.0026 -0.008798976 -423.7999 -1.137215e-08 
1786041444.147 0.01 0.0003 -0.001178981 0.0074 -0.001178981 -423.8076 -1.137215e-08 
1786041444.309 0.005002671 -0.1138408 0.003691436 0.007602671 0.003691436 -423.8128 0.09182744 
1786041444.471 -0.01496273 -0.03594316 -0.01046888 -0.01736251 -0.01046888 -423.8789 1.290047 
1786041444.629 -0.01492787 -0.0198581 -0.01118206 -0.01732787 -0.01118206 -424.096 2.482457 
1786041444.788 -0.01489326 -0.02180566 -0.01110556 -0.01729326 -0.01110556 -424.4516 3.674942 
1786041444.946 -0.01485891 -0.0254397 -0.01163547 -0.01225891 -0.01163547 -424.9406 4.859986 
1786041445.103 -0.01482484 -0.01614645 -0.01125682 -0.01222484 -0.01125682 -425.5616 6.037464 
1786041445.263 -0.01479063 -0.02202776 -0.01126024 -0.01719063 -0.01126024 -426.3211 7.222428 
1786041445.429 -0.01475479 -0.02026326 -0.01221686 -0.01715479 -0.01221686 -427.2634 8.467386 
1786041445.590 -0.0147197 -0.02127451 -0.01238665 -0.0121197 -0.01238665 -428.334 9.689927 
1786041445.750 -0.0146856 -0.0183871 -0.01203586 -0.0170856 -0.01203586 -429.5164 10.88238 
1786041445.907 -0.01465184 -0.01677716 -0.01127051 -0.01705184 -0.01127051 -430.8258 12.06737 
1786041446.065 -0.01461845 -0.01820097 -0.01146108 -0.01701824 -0.01146108 -432.2672 13.25247 
1786041446.226 -0.01458438 -0.01412105 -0.01117159 -0.01198416 -0.01140485 -433.8725 14.45994 
1786041446.388 -0.01455111 -0.0145176 -0.01049053 -0.01695111 -0.01049053 -435.5705 15.63753 
1786041446.554 -0.009515959 -0.012677 -0.01137574 -0.01191596 -0.01137574 -437.5288 16.89746 
1786041446.718 -0.009481659 -0.0114442 -0.0100386 -0.006881659 -0.0100386 -439.5977 18.13499 
1786041446.878 -0.01444822 -0.01419722 -0.01049797 -0.006848219 -0.01049797 -441.7643 19.35006 
1786041447.036 -0.009422333 0.1260921 0.03618043 -0.006822333 0.03618043 -443.5931 20.2967 
1786041447.194 -0.004422333 0.01809208 0.005766875 -0.001822333 0.005766875 -444.0071 20.2967 
1786041447.351 0.005577667 0.01009208 0.005673259 0.008177667 0.005673259 -444.5303 20.2967 
1786041447.510 0.01057767 0.01009208 0.007326307 0.008177667 0.007326307 -445.0587 20.2967 
1786041447.678 0.01057767 0.01409208 0.008506009 0.008177667 0.008506009 -445.6098 20.2967 
1786041447.840 0.01057767 0.01409208 0.008415712 0.01317767 0.008415712 -446.1597 20.2967 
1786041448.007 0.01557767 0.01409208 0.008008745 0.01317767 0.008008745 -446.716 20.2967 
1786041448.191 0.01057767 0.01409208 0.0006321903 0.01317767 0.0006321903 -446.5342 20.2967 
1786041448.377 0.01057767 0.01409208 0.007772158 0.01317767 0.007772158 -446.5687 20.2967 
1786041448.539 0.01057767 0.01409208 0.00787881 0.01317767 0.00787881 -446.5966 20.2967 
1786041448.699 0.01057767 0.01409208 0.007882129 0.008177667 0.007715462 -446.6233 20.2967 
1786041448.857 0.01057767 0.01409208 0.008218781 0.01317767 0.008218781 -446.65 20.2967 
1786041449.022 0.01057767 0.01009208 0.007388766 0.008177667 0.007388766 -446.6766 20.2967 
1786041449.189 0.01057767 0.01409208 0.007888777 0.008177667 0.007888777 -446.6828 20.2967 
1786041449.349 0.01057767 0.01409208 0.03029589 0.01317767 0.03029589 -445.8332 20.2967 
1786041449.507 0.005571119 0.1365865 0.02996455 0.007971119 0.02996455 -443.4252 20.05677 
1786041449.666 -0.009461354 0.006531576 -0.01266017 -0.01206135 -0.01266017 -440.8929 18.86415 
1786041449.825 -0.01449447 -0.008187378 -0.01084773 -0.01209447 -0.01084773 -438.8062 17.6717 
1786041449.985 -0.01452761 -0.01248042 -0.01025733 -0.01212761 -0.01025733 -436.8632 16.4792 
1786041450.151 -0.01456178 -0.01304203 -0.01028355 -0.01216178 -0.01028355 -435.0077 15.2567 
1786041450.313 -0.01459637 -0.01472053 -0.01043383 -0.01219658 -0.01043383 -433.2716 14.01922 
1786041450.470 -0.009630083 -0.008637207 -0.009583461 -0.01223008 -0.009583461 -431.7451 12.83415 
1786041450.629 -0.01466374 -0.008334779 -0.008026522 -0.01226374 -0.008026522 -430.3519 11.64928 
1786041450.789 -0.009697758 -0.007621944 -0.008960865 -0.01229776 -0.008960865 -429.0819 10.45665 
1786041450.946 -0.009731906 -0.005904984 -0.008216797 -0.007331906 -0.008216797 -427.949 9.264187 
1786041451.104 -0.009765738 -0.008448137 -0.007827663 -0.01236574 -0.007827663 -426.9635 8.086776 
1786041451.265 -0.009799885 -0.006764693 -0.007152904 -0.007399885 -0.007152904 -426.1063 6.90178 
1786041451.429 -0.009835854 -0.005310021 -0.008201742 -0.007435854 -0.008201742 -425.3493 5.656699 
1786041451.590 -0.00987103 -0.009580313 -0.008298112 -0.007471248 -0.008298112 -424.7524 4.434165 
1786041451.750 -0.00990583 -0.004923759 -0.007182965 -0.01250583 -0.007182965 -424.3105 3.241766 
1786041451.908 -0.009940234 -0.01408271 -0.007948403 -0.01254045 -0.007726987 -424.0044 2.049271 
1786041452.065 -0.004974665 -0.006359313 -0.007508382 -0.007574665 -0.007508382 -423.838 0.871738 
1786041452.222 -0.005 -0.1237 -0.006258978 -0.0076 -0.006258978 -423.8025 2.52272e-08 
1786041452.385 0.01 -0.0037 0.006441015 0.0124 0.006441015 -423.8152 1.477024e-08 
1786041452.546 0.015 0.0123 0.01025101 0.0174 0.01025101 -423.819 1.477024e-08 
1786041452.707 0.015 0.0163 0.01025101 0.0174 0.01025101 -423.819 1.477024e-08 
1786041452.870 0.004986267 0.07513906 0.004715169 0.002386267 0.004715169 -423.8243 -0.4723998 
1786041453.029 -0.005048605 0.003104437 -0.005665057 -0.007648605 -0.005665057 -423.9386 -1.672482 
1786041453.186 -0.01008302 -0.004163534 -0.009091952 -0.01268302 -0.009091952 -424.1951 -2.857608 
1786041453.343 -0.01011718 -0.00774294 -0.008299624 -0.01271718 -0.008299624 -424.5888 -4.034938 
1786041453.501 -0.005151511 -0.007313855 -0.009395023 -0.01275151 -0.009395023 -425.1184 -5.219942 
1786041453.661 -0.01018578 -0.01126191 -0.008808392 -0.01278578 -0.008808392 -425.7851 -6.404903 
1786041453.830 -0.01022212 -0.009741573 -0.008174966 -0.01282212 -0.008174966 -426.6424 -7.664921 
1786041453.990 -0.01025728 -0.01039047 -0.009636583 -0.007857282 -0.009636583 -427.6178 -8.887455 
1786041454.150 -0.005291468 -0.009361594 -0.009388397 -0.007891468 -0.009388397 -428.7087 -10.07992 
1786041454.311 -0.01032596 -0.006788335 -0.009940356 -0.007925955 -0.009940356 -429.9507 -11.28742 
1786041454.471 -0.005360298 -0.01186364 -0.009317221 -0.007960298 -0.009317221 -431.3325 -12.49506 
1786041454.629 -0.01039363 -0.008850106 -0.01036337 -0.007993845 -0.01036337 -432.8209 -13.67996 
1786041454.793 -0.005427856 -0.009298154 -0.009287896 -0.008027856 -0.009287896 -434.4758 -14.88768 
1786041454.956 -0.005462514 -0.006046468 -0.009327447 -0.008062514 -0.009327447 -436.3122 -16.12489 
1786041455.117 -0.01049612 -0.006956708 -0.009529139 -0.008096124 -0.009529139 -438.2413 -17.33244 
1786041455.275 -0.005529101 -0.008897569 -0.01015842 -0.008129101 -0.01015842 -440.2784 -18.52486 
1786041455.432 -0.005560165 -0.08406802 0.0142366 -0.008160165 0.0142366 -442.3561 -19.65596 
1786041455.590 -0.0005614596 -0.01281648 0.00729683 0.00183854 0.00729683 -442.7587 -19.7033 
1786041455.751 0.00943854 -0.004816484 0.007363209 0.00683854 0.006569874 -443.2946 -19.7033 
1786041455.909 0.00943854 -0.0008164843 0.006476258 0.01183854 0.006476258 -443.8179 -19.7033 
1786041456.075 0.00943854 0.007183516 0.006385962 0.01183854 0.006385962 -444.3678 -19.7033 
1786041456.240 0.00943854 0.01118352 0.006772329 0.01183854 0.006772329 -444.9215 -19.7033 
1786041456.399 0.00943854 0.01118352 0.007632043 0.01183854 0.007632043 -445.4524 -19.7033 
1786041456.567 0.00943854 0.007183516 0.01382874 0.01183854 0.01382874 -445.4255 -19.7033 
1786041456.746 0.00943854 0.01118352 0.007288735 0.01183854 0.007288735 -445.4041 -19.7033 
1786041456.916 0.00943854 0.01118352 0.008768719 0.01183854 0.008768719 -445.4346 -19.7033 
1786041457.089 0.01443854 0.01518352 0.009312036 0.01183854 0.00914537 -445.4638 -19.7033 
1786041457.255 0.00943854 0.01118352 0.008918688 0.01183854 0.008918688 -445.4917 -19.7033 
1786041457.422 0.00943854 0.01118352 0.00952534 0.01183854 0.009358673 -445.5197 -19.7033 
1786041457.589 0.00943854 0.01118352 0.01475867 0.01183854 0.01475867 -445.5417 -19.7033 
1786041457.771 0.00943854 0.01118352 0.03084912 0.01183854 0.03084912 -444.7219 -19.7033 
1786041457.965 0.004450665 -0.08051339 0.007446284 0.002050665 0.007446284 -441.745 -19.26069 
1786041458.139 -0.01051048 -0.01640809 -0.01059738 -0.01291048 -0.01059738 -439.1098 -17.85091 
1786041458.321 -0.01547425 -0.01646724 -0.008655078 -0.01287425 -0.008655078 -436.9698 -16.54607 
1786041458.489 -0.01543777 -0.01551217 -0.008659837 -0.007837771 -0.008659837 -434.9861 -15.24086 
1786041458.659 -0.01040149 -0.01711651 -0.01011455 -0.007801488 -0.01011455 -433.1802 -13.95079 
1786041458.831 -0.01036628 -0.01388702 -0.007983456 -0.007766065 -0.007983456 -431.58 -12.69845 
1786041459.017 -0.01532619 -0.0096065 -0.007731723 -0.007726192 -0.008469589 -429.9531 -11.28844 
1786041459.201 -0.01028698 -0.01500123 -0.008824134 -0.007686768 -0.008824134 -428.551 -9.915635 
1786041459.375 -0.01024869 -0.01198456 -0.007715819 -0.007648687 -0.007715819 -427.3674 -8.588396 
1786041459.566 -0.01020939 -0.01296665 -0.008208571 -0.007609391 -0.008208571 -426.3196 -7.215844 
1786041459.739 -0.01016998 -0.01406092 -0.007000326 -0.007569759 -0.007000326 -425.4586 -5.850866 
1786041459.910 -0.01013329 -0.01522094 -0.008111186 -0.00753329 -0.008111186 -424.821 -4.591032 
1786041460.075 -0.01009697 -0.01112914 -0.007477156 -0.007496973 -0.007477156 -424.341 -3.330897 
1786041460.264 -0.01005865 -0.01434265 -0.007989792 -0.00745865 -0.007989792 -423.9981 -2.018491 
1786041460.463 -0.01001288 -0.01094627 -0.006889419 -0.007412884 -0.006889419 -423.8114 -0.4433751 
1786041460.636 -1.00045e-13 0.0443 -0.00244898 -0.0024 -0.00244898 -423.8063 1.477024e-08 
1786041460.815 0.01 0.0123 0.005171016 0.0076 0.005171016 -423.8139 1.477024e-08 
1786041460.980 0.01 0.0123 0.007711015 0.0076 0.007711015 -423.8164 1.477024e-08 
1786041461.162 0.01 0.0123 0.007711015 0.0076 0.007711015 -423.8164 1.477024e-08 
1786041461.353 0.01 0.0123 0.006441015 0.0126 0.006441015 -423.8152 1.477024e-08 
1786041461.529 0.005 0.0123 0.006441015 0.0076 0.006441015 -423.8152 1.477024e-08 
1786041461.704 0.01 0.0123 0.007711015 0.0126 0.007711015 -423.8164 1.477024e-08 
1786041461.883 0.005002528 0.03357747 0.007545352 0.007602528 0.007545352 -423.8166 0.08680115 
1786041462.051 0.01000253 0.01357747 -0.0004782444 0.01260253 -0.0004782444 -424.3031 0.08680002 
1786041462.222 0.01500253 0.01757747 0.007371444 0.01260253 0.007371444 -424.8809 0.08680002 
1786041462.405 0.01500253 0.01757747 0.008557784 0.01260253 0.008557784 -425.4854 0.08680002 
1786041462.613 0.01500253 0.01757747 0.008640757 0.01760253 0.008640757 -426.1522 0.08680002 
1786041462.783 0.01000253 0.01357747 0.008557098 0.01260253 0.008557098 -426.7554 0.08680002 
1786041462.948 0.01000253 0.01357747 0.01563379 0.01260253 0.01563379 -426.7336 0.08680002 
1786041463.112 0.01000253 0.01357747 0.005010479 0.01260253 0.005010479 -426.6678 0.08680002 
1786041463.285 0.01000253 0.01357747 0.007657129 0.01260253 0.007657129 -426.6983 0.08680002 
1786041463.458 0.01000253 0.01357747 0.007367113 0.01260253 0.007367113 -426.7275 0.08680002 
1786041463.619 0.01000253 0.01357747 0.007973765 0.007602528 0.007973765 -426.7554 0.08680002 
1786041463.787 0.01000253 0.01357747 0.007477084 0.01260253 0.007310417 -426.7821 0.08680002 
1786041463.961 0.01000253 0.01357747 0.006223758 0.01260253 0.006223758 -426.7933 0.08680002 
1786041464.134 0.01000253 0.01357747 0.02385435 0.01260253 0.02448769 -425.6872 0.08680002 
1786041464.314 0.01000235 0.0355015 -0.02179776 0.00760235 -0.02179776 -423.8203 0.08073925 
1786041464.525 0.01 0.0003 -0.001178981 0.0074 -0.001178981 -423.8076 -1.660063e-08 
1786041464.708 0.01 0.0083 0.007711015 0.0074 0.007711015 -423.8164 -1.660063e-08 
1786041464.884 1.157471e-05 -0.09830759 0.002781811 -0.002388425 0.002781811 -423.8192 0.3973627 
1786041465.048 -0.01495152 -0.02599722 -0.01105126 -0.01735152 -0.01105126 -423.9322 1.664908 
1786041465.211 -0.01491617 -0.01756231 -0.01100658 -0.01231617 -0.01100658 -424.2002 2.879849 
1786041465.373 -0.01488042 -0.01873682 -0.0106231 -0.01228021 -0.0106231 -424.6206 4.117465 
1786041465.588 -0.01483995 -0.01721069 -0.01029763 -0.01223973 -0.01029763 -425.2721 5.512599 
1786041465.782 -0.01479349 -0.02068096 -0.01035852 -0.01219328 -0.01035852 -426.2538 7.117377 
1786041465.969 -0.009752603 -0.01697936 -0.01079162 -0.0121526 -0.01079162 -427.3206 8.527377 
1786041466.152 -0.009713154 -0.0192322 -0.01119056 -0.01211315 -0.01119056 -428.5423 9.899982 
1786041466.321 -0.01467515 -0.01259958 -0.01079882 -0.01207515 -0.01079882 -429.8961 11.2273 
1786041466.498 -0.01463882 -0.01564725 -0.01069982 -0.01203882 -0.01069982 -431.3541 12.5024 
1786041466.692 -0.009597155 -0.01335193 -0.01067928 -0.01199716 -0.01067928 -433.2261 13.97237 
1786041466.866 -0.009560387 -0.01557439 -0.0104945 -0.01196039 -0.0104945 -435.0587 15.27746 
1786041467.037 -0.009523638 -0.01421719 -0.01148913 -0.01192364 -0.01148913 -437.0615 16.58989 
1786041467.235 -0.009485684 -0.01491236 -0.01114141 -0.006885684 -0.01114141 -439.3157 17.95494 
1786041467.401 -0.009447815 -0.0152194 -0.01121096 -0.006847815 -0.01121096 -441.7554 19.3274 
1786041467.574 -0.009427 0.06542858 0.01344074 -0.006827 0.01344074 -443.226 20.0868 
1786041467.756 0.015573 0.02142858 0.01051375 0.013173 0.01051375 -443.8255 20.0868 
1786041467.920 0.015573 0.02142858 0.009946784 0.018173 0.009946784 -444.3741 20.0868 
1786041468.154 0.015573 0.01742858 0.01003308 0.018173 0.01003308 -445.065 20.0868 
1786041468.335 0.010573 0.01742858 0.009166039 0.013173 0.009166039 -445.7508 20.0868 
1786041468.521 0.015573 0.01742858 0.01924239 0.013173 0.01924239 -446.3388 20.0868 
1786041468.697 0.010573 0.01742858 0.002945882 0.013173 0.002945882 -446.0668 20.0868 
1786041468.883 0.010573 0.01342858 0.009759189 0.013173 0.009759189 -446.0912 20.0868 
1786041469.052 0.010573 0.01342858 0.008262507 0.013173 0.008262507 -446.1178 20.0868 
1786041469.211 0.010573 0.01342858 0.008869159 0.013173 0.008869159 -446.1458 20.0868 
1786041469.369 0.015573 0.01742858 0.009205811 0.013173 0.009205811 -446.1724 20.0868 
1786041469.527 0.010573 0.01342858 0.008272464 0.013173 0.008272464 -446.1978 20.0868 
1786041469.688 0.015573 0.01342858 0.008609117 0.013173 0.008609117 -446.2245 20.0868 
1786041469.854 0.010573 0.01342858 0.01684915 0.008173 0.01684915 -446.1951 20.0868 
1786041470.019 0.010573 0.01342858 0.01509334 0.008173 0.01509334 -444.5847 20.0868 
1786041470.180 -0.009447972 0.03805565 -0.01569964 -0.007048178 -0.01569964 -441.7285 19.31438 
1786041470.340 -0.01448107 -0.004946803 -0.01156561 -0.01708107 -0.01156561 -439.6025 18.12182 
1786041470.502 -0.0145148 -0.01330399 -0.0101235 -0.0121148 -0.0101235 -437.5705 16.90677 
1786041470.669 -0.01454918 -0.01167875 -0.01018924 -0.01214918 -0.01018924 -435.6516 15.67666 
1786041470.837 -0.01458525 -0.01160481 -0.01034298 -0.01218525 -0.01034298 -433.791 14.38694 
1786041471.000 -0.01461982 -0.0167848 -0.009854991 -0.01221982 -0.009243137 -432.173 13.16432 
1786041471.167 -0.01465563 -0.008865911 -0.009704511 -0.01225563 -0.008718014 -430.6529 11.90445 
1786041471.327 -0.009689682 -0.01303883 -0.01008656 -0.0122899 -0.01008656 -429.3511 10.71177 
1786041471.498 -0.00972645 -0.0118239 -0.009292632 -0.01232645 -0.009292632 -428.1116 9.436834 
1786041471.664 -0.01476184 -0.01116655 -0.008400807 -0.01236206 -0.008400807 -427.0575 8.199242 
1786041471.827 -0.009797561 -0.01071302 -0.008555627 -0.01239756 -0.008555627 -426.1545 6.969437 
1786041471.993 -0.01483316 -0.008442115 -0.008058725 -0.01243337 -0.008058725 -425.3938 5.731706 
1786041472.160 -0.009869918 -0.01157736 -0.008515766 -0.007469918 -0.008515766 -424.7702 4.471854 
1786041472.325 -0.00990587 -0.005131236 -0.008340603 -0.00750587 -0.008340603 -424.3054 3.226867 
1786041472.486 -0.009941212 -0.01535199 -0.008550979 -0.01254121 -0.008550979 -423.9981 2.019321 
1786041472.645 -0.009976144 -0.00793548 -0.007086365 -0.007576144 -0.007086365 -423.8342 0.8193558 
1786041472.805 -0.01 -0.1077 -0.006258978 -0.0076 -0.006258978 -423.8025 -1.137215e-08 
1786041472.965 0.015 0.0003 0.008981014 0.0174 0.008981014 -423.8177 -1.137215e-08 
1786041473.123 0.015 0.0163 0.01152101 0.0174 0.01152101 -423.8203 -1.137215e-08 
1786041473.280 0.015 0.0123 0.01025101 0.0174 0.01025101 -423.819 -1.137215e-08 
1786041473.444 -2.969982e-05 0.01654837 -0.0006709643 -0.0076297 -0.0006709643 -423.8586 -1.019896 
1786041473.609 -0.0100655 -0.001942331 -0.009150121 -0.007665501 -0.009150121 -424.0452 -2.24995 
1786041473.771 -0.01010084 -0.01346467 -0.009444991 -0.007700836 -0.009444991 -424.3818 -3.465018 
1786041473.930 -0.01013591 -0.01121787 -0.009659593 -0.01273591 -0.009659593 -424.858 -4.672614 
1786041474.094 -0.01017092 -0.007009017 -0.009148271 -0.007771137 -0.009148271 -425.4803 -5.887479 
1786041474.257 -0.01020672 -0.01071904 -0.009088517 -0.01280672 -0.009088517 -426.255 -7.117523 
1786041474.424 -0.01024264 -0.01008892 -0.009380246 -0.007842644 -0.009380246 -427.1872 -8.362372 
1786041474.587 -0.01027781 -0.01359044 -0.008715394 -0.007878021 -0.008715394 -428.2553 -9.592583 
1786041474.748 -0.01031241 -0.009441935 -0.009794895 -0.007912626 -0.009987876 -429.4427 -10.79994 
1786041474.911 -0.01034731 -0.009071382 -0.009092361 -0.01294731 -0.009092361 -430.7801 -12.01489 
1786041475.078 -0.01038247 -0.009696082 -0.009361268 -0.007982681 -0.009445306 -432.3041 -13.26745 
1786041475.245 -0.005418085 -0.01125153 -0.01038224 -0.008018085 -0.01038224 -433.9652 -14.51263 
1786041475.411 -0.005453501 -0.01142099 -0.009448292 -0.008053501 -0.009448292 -435.7966 -15.77235 
1786041475.585 -0.005488906 -0.005717646 -0.01106955 -0.008089114 -0.01106955 -437.7981 -17.04742 
1786041475.745 -0.005523449 -0.01226838 -0.01041441 -0.008123449 -0.01041441 -439.8872 -18.28494 
1786041475.905 -0.01055651 -0.006036189 -0.01014379 -0.00815651 -0.01014379 -442.0475 -19.48485 
1786041476.067 -0.005568249 -0.04405017 0.006959193 -0.003168249 0.006959193 -442.9784 -19.9132 
1786041476.234 0.009431751 -5.017433e-05 0.009092224 0.01183175 0.009092224 -443.5372 -19.9132 
1786041476.397 0.009431751 0.007949826 0.008525263 0.01183175 0.008525263 -444.0833 -19.9132 
1786041476.560 0.009431751 0.01194983 0.007481637 0.01183175 0.007481637 -444.6256 -19.9132 
1786041476.721 0.01443175 0.01194983 0.008818015 0.01183175 0.008818015 -445.1603 -19.9132 
1786041476.881 0.009431751 0.01194983 0.008091059 0.01183175 0.008091059 -445.6962 -19.9132 
1786041477.043 0.009431751 0.007949826 0.02210089 0.01183175 0.02210089 -446.0273 -19.9132 
1786041477.211 0.009431751 0.01194983 0.004247679 0.01183175 0.004247679 -445.7813 -19.9132 
1786041477.374 0.01443175 0.01194983 0.008997662 0.01183175 0.008997662 -445.813 -19.9132 
1786041477.532 0.009431751 0.007949826 0.008834314 0.01183175 0.008834314 -445.8397 -19.9132 
1786041477.689 0.01443175 0.01194983 0.008067634 0.01183175 0.008067634 -445.8651 -19.9132 
1786041477.846 0.009431751 0.007949826 0.008570953 0.01183175 0.008570953 -445.8918 -19.9132 
1786041478.006 0.009431751 0.01194983 0.009308163 0.006831751 0.009308163 -445.9136 -19.9132 
1786041478.173 0.009431751 0.01194983 0.02886791 0.006831751 0.02886791 -445.376 -19.9132 
1786041478.337 0.00943555 -0.1176034 0.03125115 0.00703555 0.03125115 -443.0455 -19.77457 
1786041478.495 -0.01053176 -0.02580089 -0.01239953 -0.007931756 -0.01239953 -440.4141 -18.58581 
1786041478.665 -0.01549769 -0.01638732 -0.01015831 -0.01289769 -0.01015831 -438.3059 -17.35577 
1786041478.842 -0.01046192 -0.01537606 -0.008573059 -0.007861711 -0.008573059 -436.2218 -16.05069 
1786041479.024 -0.01542275 -0.01147837 -0.00911458 -0.01282275 -0.00911458 -434.1987 -14.67835 
1786041479.203 -0.01038376 -0.01833522 -0.008232562 -0.01278376 -0.008232562 -432.3445 -13.2982 
1786041479.371 -0.01034818 -0.01008855 -0.008048122 -0.007748181 -0.008048122 -430.8167 -12.04556 
1786041479.535 -0.01031265 -0.01664634 -0.008377348 -0.01271265 -0.008183867 -429.4375 -10.79317 
1786041479.700 -0.01527718 -0.01426575 -0.008473059 -0.01267718 -0.008473059 -428.2284 -9.56335 
1786041479.859 -0.01024245 -0.01150416 -0.007892518 -0.007642448 -0.007892518 -427.1832 -8.355772 
1786041480.017 -0.01020826 -0.01315366 -0.006713507 -0.007608259 -0.006713507 -426.2942 -7.170751 
1786041480.174 -0.0101742 -0.01033396 -0.007954759 -0.007574198 -0.007954759 -425.5424 -5.993214 
1786041480.331 -0.01014006 -0.01356521 -0.007144778 -0.007540063 -0.007144778 -424.9264 -4.815815 
1786041480.495 -0.01010456 -0.009855407 -0.007811672 -0.01250456 -0.007811672 -424.4273 -3.593136 
1786041480.662 -0.01006836 -0.01226023 -0.007128392 -0.01246836 -0.007128392 -424.0692 -2.348319 
1786041480.834 -0.01003125 -0.01163869 -0.007545052 -0.007431249 -0.007545052 -423.8571 -1.073261 
1786041480.995 -0.005000022 0.1364323 -0.006259008 -0.007400022 -0.006259008 -423.8025 -0.00074451 
1786041481.164 0.005 0.0203 0.001361018 0.0076 0.002631017 -423.8114 1.477024e-08 
1786041481.337 0.015 0.0123 0.007711015 0.0126 0.007711015 -423.8164 1.477024e-08 
1786041481.514 0.015 0.0163 0.007711015 0.0076 0.007711015 -423.8164 1.477024e-08 
1786041481.686 0.01 0.0123 0.007711015 0.0076 0.007711015 -423.8164 1.477024e-08 
1786041481.851 0.009999659 0.0493718 0.002984359 0.007799659 0.002984359 -423.8117 -0.01165635 
1786041482.017 0.009999518 0.01226443 -0.002835787 0.007399518 -0.002835787 -424.2103 -0.01650001 
1786041482.193 0.009999518 0.01226443 0.002950567 0.01239952 0.002950567 -424.7895 -0.01650001 
1786041482.372 0.009999518 0.008264427 0.00715357 0.01239952 0.00715357 -425.4003 -0.01650001 
1786041482.543 0.009999518 0.01226443 0.007383263 0.007399518 0.007383263 -425.9706 -0.01650001 
1786041482.714 0.009999518 0.01226443 0.00681962 0.01239952 0.00681962 -426.5433 -0.01650001 
1786041482.894 0.009999518 0.008264427 0.01574606 0.007399518 0.01527606 -426.9599 -0.01650001 
1786041483.078 0.009999518 0.01226443 -0.0001037909 0.007399518 -0.0001037909 -426.6868 -0.01650001 
1786041483.273 0.009999518 0.008264427 0.004559523 0.007399518 0.004559523 -426.7237 -0.01650001 
1786041483.450 0.009999518 0.008264427 0.005976172 0.007399518 0.005976172 -426.7554 -0.01650001 
1786041483.648 0.009999518 0.008264427 0.006559488 0.007399518 0.006559488 -426.7872 -0.01650001 
1786041483.830 0.009999518 0.01226443 0.006476138 0.007399518 0.006476138 -426.8189 -0.01650001 
1786041484.028 0.009999518 0.008264427 0.006159478 0.01239952 0.006159478 -426.8314 -0.01650001 
1786041484.217 0.009999518 0.008264427 0.0186802 0.01239952 0.0186802 -425.4928 -0.01650001 
1786041484.414 0.009999626 -0.0106282 -0.02439026 0.01144966 -0.02439026 -423.786 -0.01043815 
1786041484.606 0.005 0.0083 -0.004988979 0.0076 -0.004988979 -423.8037 9.541763e-09 
1786041484.794 0.01 0.0083 -0.00244898 0.0076 -0.00244898 -423.8063 9.541763e-09 
1786041484.980 1.444556e-05 -0.07639895 -0.005641445 -0.002385336 -0.005641445 -423.8154 0.502374 
1786041485.153 -0.01494529 -0.02033801 -0.009400693 -0.01734529 -0.009400693 -423.9703 1.875033 
1786041485.330 -0.009907245 -0.01465524 -0.01010943 -0.01230724 -0.01010943 -424.2904 3.179832 
1786041485.524 -0.009865537 -0.01617858 -0.009060865 -0.01226554 -0.009060865 -424.8339 4.612469 
1786041485.703 -0.009825655 -0.01464902 -0.008653111 -0.01222544 -0.008653111 -425.5451 5.992446 
1786041485.892 -0.009785439 -0.0152361 -0.009886621 -0.01218522 -0.009886621 -426.4443 7.379929 
1786041486.083 -0.009743186 -0.01155715 -0.009288739 -0.01214319 -0.009288739 -427.5885 8.83489 
1786041486.255 -0.009704977 -0.0180503 -0.01084116 -0.01210476 -0.01084116 -428.8154 10.16991 
1786041486.439 -0.009668428 -0.01020122 -0.009823857 -0.007067999 -0.009231199 -430.1578 11.45258 
1786041486.628 -0.009625641 -0.01297209 -0.01004999 -0.01202564 -0.01052163 -431.9142 12.94497 
1786041486.823 -0.009586291 -0.01233186 -0.01009732 -0.01198629 -0.01009732 -433.7277 14.32486 
1786041486.986 -0.009548869 -0.0113908 -0.00975303 -0.01194887 -0.00975303 -435.6416 15.65243 
1786041487.146 -0.009515459 -0.008306788 -0.0101904 -0.01191546 -0.0101904 -437.5009 16.84504 
1786041487.308 -0.009481842 -0.01262903 -0.01016932 -0.006881842 -0.01016932 -439.5189 18.05236 
1786041487.482 -0.009445976 -0.01041831 -0.00972607 -0.00684577 -0.00972607 -441.8519 19.35752 
1786041487.670 -0.004428567 0.05669177 0.009647497 -0.001828567 0.009647497 -443.1702 19.9835 
1786041487.895 0.02057143 0.02469177 0.0113271 0.01817143 0.0113271 -443.9118 19.9835 
1786041488.089 0.02057143 0.02069177 0.01093672 0.01817143 0.01093672 -444.6015 19.9835 
1786041488.262 0.01557143 0.02069177 0.01100974 0.01817143 0.01100974 -445.1882 19.9835 
1786041488.455 0.01557143 0.02069177 0.01076941 0.01817143 0.01140606 -445.8219 19.9835 
1786041488.643 0.01557143 0.02069177 0.02492589 0.01817143 0.02492589 -446.1718 19.9835 
1786041488.816 0.02057143 0.02069177 0.00855266 0.01817143 0.00855266 -445.954 19.9835 
1786041488.989 0.01557143 0.01669177 0.01030264 0.01817143 0.01140598 -445.987 19.9835 
1786041489.154 0.01557143 0.01669177 0.009805962 0.01317143 0.009805962 -446.0124 19.9835 
1786041489.328 0.01557143 0.01669177 0.01051595 0.01817143 0.01051595 -446.0416 19.9835 
1786041489.503 0.01557143 0.01669177 0.01005926 0.01317143 0.01005926 -446.0708 19.9835 
1786041489.681 0.01057143 0.01669177 0.009882582 0.01317143 0.009882582 -446.0988 19.9835 
1786041489.884 0.01057143 0.01669177 0.03072626 0.01317143 0.03072626 -445.4864 19.9835 
1786041490.066 0.005562785 0.1076738 0.01859279 0.002962579 0.01859279 -442.6416 19.65371 
1786041490.242 -0.01447509 0.001595751 -0.0116218 -0.0120753 -0.0116218 -439.9277 18.28854 
1786041490.410 -0.01451034 -0.01070222 -0.01115542 -0.01711034 -0.01115542 -437.7979 17.02849 
1786041490.572 -0.01954435 -0.01112183 -0.01070386 -0.01714435 -0.01070386 -435.884 15.81345 
1786041490.730 -0.01457814 -0.01331207 -0.01074861 -0.01217814 -0.01074861 -434.1288 14.61355 
1786041490.895 -0.01461212 -0.0121618 -0.009176744 -0.01221212 -0.009176744 -432.5109 13.41353 
1786041491.067 -0.01464862 -0.01303296 -0.01007448 -0.01724862 -0.01007448 -430.9297 12.13108 
1786041491.261 -0.01469002 -0.01282465 -0.009577729 -0.01229002 -0.009577729 -429.3346 10.68371 
1786041491.435 -0.01472817 -0.01088145 -0.01005894 -0.01232817 -0.01005894 -428.0468 9.355945 
1786041491.612 -0.009766685 -0.01167801 -0.008744856 -0.01236668 -0.008744856 -426.9241 8.021169 
1786041491.776 -0.0148025 -0.01196051 -0.009147044 -0.0124025 -0.009147044 -426.0351 6.783604 
1786041491.939 -0.01483797 -0.009859055 -0.008083172 -0.01243797 -0.008083172 -425.3036 5.561084 
1786041492.097 -0.01487264 -0.00839542 -0.008194532 -0.01247264 -0.008194532 -424.7283 4.368564 
1786041492.261 -0.009907798 -0.008918898 -0.008262445 -0.0125078 -0.008262445 -424.2863 3.161122 
1786041492.425 -0.009944095 -0.01273063 -0.00826929 -0.0125441 -0.00826929 -423.979 1.916061 
1786041492.590 -0.01497998 -0.01509942 -0.007558877 -0.01257998 -0.007558877 -423.8241 0.6861227 
1786041492.750 -0.01 -0.0757 -0.006258978 -0.0076 -0.006258978 -423.8025 1.477024e-08 
1786041492.910 0.015 0.0043 0.01025101 0.0174 0.01025101 -423.819 1.477024e-08 
1786041493.077 0.02 0.0163 0.01152101 0.0174 0.01152101 -423.8203 1.477024e-08 
1786041493.250 0.015 0.0163 0.01152101 0.0174 0.01152101 -423.8203 1.477024e-08 
1786041493.416 -2.298113e-05 0.03737315 0.0006068643 -0.002622981 0.0006068643 -423.8395 -0.7876528 
1786041493.591 -0.01005952 -0.002179273 -0.009284838 -0.01265974 -0.009284838 -424.0033 -2.047565 
1786041493.764 -0.01009909 -0.01675521 -0.009744305 -0.01269931 -0.009744305 -424.3627 -3.40492 
1786041493.935 -0.01013599 -0.00756582 -0.009865468 -0.01273621 -0.009457941 -424.8606 -4.672591 
1786041494.110 -0.01017391 -0.009474315 -0.009555418 -0.01277391 -0.009555418 -425.5311 -5.969963 
1786041494.286 -0.01021261 -0.0107562 -0.009803488 -0.007812607 -0.009803488 -426.3909 -7.305113 
1786041494.465 -0.01025032 -0.007398488 -0.009611769 -0.007850324 -0.009611769 -427.398 -8.609962 
1786041494.640 -0.01028899 -0.01096471 -0.009878607 -0.007888988 -0.009878607 -428.6045 -9.952566 
1786041494.809 -0.01032556 -0.00980587 -0.00902446 -0.01292556 -0.00902446 -429.9114 -11.22744 
1786041494.973 -0.01036069 -0.01632162 -0.01001438 -0.01296069 -0.01001438 -431.3173 -12.45772 
1786041495.148 -0.01039715 -0.006310977 -0.0104871 -0.007997359 -0.0104871 -432.9467 -13.74751 
1786041495.316 -0.01043361 -0.009929389 -0.01003267 -0.01303361 -0.01003267 -434.7234 -15.02995 
1786041495.486 -0.01046923 -0.007885477 -0.009819286 -0.008069227 -0.009819286 -436.6309 -16.2973 
1786041495.654 -0.01050399 -0.009262847 -0.01119193 -0.008104196 -0.01119193 -438.6617 -17.54993 
1786041495.836 -0.01054141 -0.01021243 -0.01023068 -0.008141409 -0.01023068 -441.0023 -18.89238 
1786041496.006 -0.01057233 -0.1407564 0.03616035 -0.00817233 0.03616035 -443.1346 -20.01623 
1786041496.175 0.01442766 -0.00325518 0.01107325 0.01682766 0.01027992 -443.5537 -20.0165 
1786041496.339 0.01942766 0.01674482 0.01082296 0.01682766 0.01082296 -444.0909 -20.0165 
1786041496.501 0.01942766 0.01674482 0.01073266 0.02182766 0.01073266 -444.6408 -20.0165 
1786041496.670 0.01442766 0.01674482 0.01080236 0.01682766 0.01080236 -445.2009 -20.0165 
1786041496.832 0.01442766 0.01674482 0.01102873 0.01682766 0.01102873 -445.7445 -20.0165 
1786041497.004 0.01442766 0.01674482 0.0206018 0.01682766 0.0206018 -446.2296 -20.0165 
1786041497.213 0.01442766 0.01274482 0.002291944 0.01682766 0.002291944 -445.975 -20.0165 
1786041497.380 0.01442766 0.01674482 0.01100192 0.01682766 0.01100192 -446.0137 -20.0165 
1786041497.545 0.01942766 0.01674482 0.01017191 0.01682766 0.01017191 -446.0404 -20.0165 
1786041497.711 0.01442766 0.01674482 0.01077856 0.01682766 0.01077856 -446.0683 -20.0165 
1786041497.877 0.01442766 0.01674482 0.01055188 0.01682766 0.01055188 -446.0962 -20.0165 
1786041498.043 0.01442766 0.01274482 0.0100552 0.01682766 0.0100552 -446.1229 -20.0165 
1786041498.213 0.01442766 0.01674482 0.01043188 0.01682766 0.01043188 -446.1202 -20.0165 
1786041498.385 0.009427662 0.01274482 0.01849932 0.01182766 0.01849932 -444.6711 -20.0165 
1786041498.564 -0.005551724 -0.05912576 -0.01536816 -0.007951311 -0.01536816 -441.6536 -19.25139 
1786041498.728 -0.01551584 -0.0211255 -0.01105758 -0.01291563 -0.01105758 -439.3612 -17.9615 
1786041498.895 -0.01548158 -0.02070303 -0.01115879 -0.01788158 -0.01115879 -437.3292 -16.73905 
1786041499.064 -0.01544562 -0.02042541 -0.01038367 -0.01284562 -0.01038367 -435.348 -15.45652 
1786041499.226 -0.01041114 -0.01859549 -0.009655765 -0.01281114 -0.009655765 -433.6031 -14.23412 
1786041499.389 -0.01037689 -0.02305612 -0.009925268 -0.01277689 -0.009925268 -432.0168 -13.02647 
1786041499.549 -0.01534226 -0.01640208 -0.009006821 -0.01274226 -0.009342935 -430.5525 -11.804 
1786041499.722 -0.01030641 -0.01659985 -0.009948415 -0.01270641 -0.009948415 -429.2063 -10.55906 
1786041499.899 -0.01526846 -0.01332306 -0.009754544 -0.01266824 -0.009754544 -427.9351 -9.231263 
1786041500.111 -0.01022473 -0.01147862 -0.009341825 -0.01262473 -0.009341825 -426.6968 -7.723373 
1786041500.275 -0.01518563 -0.01079577 -0.008006975 -0.01258563 -0.008006975 -425.7748 -6.37406 
1786041500.440 -0.01514992 -0.01559344 -0.008446105 -0.01254992 -0.008446105 -425.0864 -5.144083 
1786041500.601 -0.01511457 -0.01417758 -0.00877604 -0.01251457 -0.00877604 -424.5505 -3.928947 
1786041500.787 -0.01507677 -0.01168108 -0.008358312 -0.01247655 -0.008358312 -424.1352 -2.623883 
1786041500.978 -0.01003214 -0.0167559 -0.00812173 -0.01243214 -0.00812173 -423.8596 -1.101394 
1786041501.146 -0.01000003 0.1346929 -0.006259047 -0.007400033 -0.006259001 -423.8025 -0.0006408659 
1786041501.306 0.005 0.0243 9.101872e-05 0.0026 9.101873e-05 -423.8088 -1.660063e-08 
1786041501.474 0.01 0.0123 0.006441015 0.0076 0.006441015 -423.8152 -1.660063e-08 
1786041501.643 0.015 0.0123 0.007711015 0.0126 0.007711015 -423.8164 -1.660063e-08 
1786041501.805 0.01 0.0123 0.007711015 0.0076 0.007711015 -423.8164 -1.660063e-08 
1786041501.968 0.01 0.0123 0.007711015 0.0076 0.007711015 -423.8164 -1.660063e-08 
1786041502.135 0.01 0.0123 0.006441015 0.0126 0.006441015 -423.8152 -1.660063e-08 
1786041502.305 0.01 0.0123 0.007911001 0.0076 0.007911001 -423.8166 -1.660063e-08 
1786041502.471 0.009998407 0.0005338397 -0.004731029 0.01239841 -0.004731029 -424.0757 -0.05469998 
1786041502.640 0.009998407 0.01253384 -0.0006913389 0.007398407 -0.0006913389 -424.646 -0.05469998 
1786041502.815 0.009998407 0.00853384 0.004141686 0.007398407 0.004141686 -425.2175 -0.05469998 
1786041503.011 0.009998407 0.01253384 0.006444669 0.01239841 0.006444669 -425.8664 -0.05469998 
1786041503.203 0.009998407 0.01253384 0.007317658 0.01239841 0.007794322 -426.5078 -0.05469998 
1786041503.377 0.009998407 0.00853384 0.01641406 0.007398407 0.01641406 -426.9853 -0.05469998 
1786041503.561 0.009998407 0.00853384 -0.0007491186 0.01239841 -0.0007491186 -426.7072 -0.05469998 
1786041503.744 0.009998407 0.00853384 0.002374196 0.007398407 0.002374196 -426.7415 -0.05469998 
1786041503.918 0.004998407 0.00853384 0.005187513 0.007398407 0.005187513 -426.7719 -0.05469998 
1786041504.078 0.009998407 0.01253384 0.00700083 0.01239841 0.00700083 -426.8024 -0.05469998 
1786041504.241 0.004998407 0.00853384 0.006837482 0.007398407 0.006837482 -426.8291 -0.05469998 
1786041504.420 0.009998407 0.00853384 0.006277467 0.007398407 0.006277467 -426.857 -0.05469998 
1786041504.600 0.009998407 0.00853384 0.005444144 0.007398407 0.005444144 -426.8632 -0.05469998 
1786041504.782 0.004998407 0.00853384 0.02116144 0.007398407 0.02116144 -425.7011 -0.05469998 
1786041504.973 0.009998585 -0.01339351 -0.02316794 0.01239858 -0.02316794 -423.8037 -0.04863801 
1786041505.168 0.005 0.0083 -0.004988979 0.0076 -0.004988979 -423.8037 9.541763e-09 
1786041505.339 0.00500002 0.001486718 -0.004969058 0.007600036 -0.004969058 -423.8038 0.00118998 
1786041505.507 -0.009967458 -0.03068742 -0.01079058 -0.01236746 -0.01079058 -423.8586 1.117547 
1786041505.701 -0.01492729 -0.01572767 -0.01085872 -0.01732707 -0.01085872 -424.1024 2.504976 
1786041505.877 -0.01488717 -0.01736419 -0.01035701 -0.01228717 -0.01035701 -424.5278 3.87753 
1786041506.071 -0.009847759 -0.01309634 -0.009405433 -0.01724754 -0.009405433 -425.1324 5.242281 
1786041506.272 -0.0148015 -0.01512397 -0.009875145 -0.0122015 -0.009875145 -426.062 6.832358 
1786041506.463 -0.01476187 -0.01225258 -0.008836521 -0.01216165 -0.008836521 -427.0678 8.212423 
1786041506.657 -0.009719368 -0.01647831 -0.01040093 -0.01211937 -0.009799426 -428.3455 9.697431 
1786041506.835 -0.009679837 -0.01023532 -0.009266027 -0.01207984 -0.009266027 -429.7209 11.0624 
1786041507.044 -0.009637294 -0.01540272 -0.01000789 -0.01203729 -0.01000789 -431.4189 12.55484 
1786041507.230 -0.009596057 -0.007219202 -0.009953251 -0.01199606 -0.009953251 -433.2781 14.01002 
1786041507.410 -0.0145574 -0.01495914 -0.009775689 -0.0119574 -0.009775689 -435.2149 15.38226 
1786041507.599 -0.009519197 -0.0102514 -0.01004788 -0.0119192 -0.01118 -437.3625 16.785 
1786041507.779 -0.009480027 -0.01127922 -0.01122137 -0.006880027 -0.01122137 -439.6662 18.1574 
1786041507.972 -0.009441583 -0.008862619 -0.01034776 -0.006841377 -0.01034776 -442.1885 19.55988 
1786041508.173 0.005569184 0.03024766 0.009679925 0.008169184 0.01015659 -443.2476 19.9453 
1786041508.341 0.01556918 0.02224766 0.01070295 0.01816918 0.01070295 -443.8141 19.9453 
1786041508.521 0.01556918 0.02224766 0.0104593 0.01816918 0.0104593 -444.4046 19.9453 
1786041508.695 0.01556918 0.01824766 0.00973898 0.01816918 0.00973898 -444.9939 19.9453 
1786041508.856 0.01556918 0.01824766 0.009488688 0.01816918 0.009488688 -445.5336 19.9453 
1786041509.019 0.01056918 0.01824766 0.01635173 0.01816918 0.01635173 -446.0658 19.9453 
1786041509.183 0.01556918 0.01824766 0.002151888 0.01816918 0.002151888 -445.8052 19.9453 
1786041509.388 0.01556918 0.01824766 0.01033185 0.01316918 0.01033185 -445.8422 19.9453 
1786041509.564 0.01556918 0.01424766 0.01041517 0.01316918 0.01041517 -445.874 19.9453 
1786041509.775 0.01056918 0.01424766 0.009435153 0.01316918 0.009435153 -445.907 19.9453 
1786041509.954 0.01056918 0.01424766 0.009351803 0.01316918 0.009351803 -445.9388 19.9453 
1786041510.143 0.01056918 0.01424766 0.01067512 0.01316918 0.01067512 -445.9667 19.9453 
1786041510.338 0.01056918 0.01424766 0.008655139 0.008169184 0.008655139 -445.9589 19.9453 
1786041510.742 0.01056918 0.01424766 0.02310575 0.008169184 0.02310575 -444.8222 19.9453 
1786041510.924 -0.004449334 0.04278207 -0.00999953 -0.007049334 -0.00999953 -441.6701 19.27021 
1786041511.097 -0.01448556 0.0007166065 -0.01130225 -0.01208556 -0.01130225 -439.3219 17.95803 
1786041511.276 -0.01452142 -0.01368446 -0.01107982 -0.01212142 -0.01107982 -437.187 16.66786 
1786041511.465 -0.01456195 -0.01280509 -0.01066548 -0.01216195 -0.01066548 -434.9759 15.22023 
1786041511.646 -0.01460001 -0.01661295 -0.01109215 -0.01720022 -0.01109215 -433.0798 13.8627 
1786041511.821 -0.01463743 -0.009886814 -0.009606531 -0.01223743 -0.009606531 -431.4136 12.55037 
1786041512.005 -0.0096759 -0.01024107 -0.008841789 -0.0122759 -0.008841789 -429.8693 11.20036 
1786041512.172 -0.01471326 -0.006810315 -0.008628855 -0.01231326 -0.008628855 -428.5332 9.88778 
1786041512.335 -0.009748611 -0.007390462 -0.007784314 -0.01234861 -0.007784314 -427.4385 8.665408 
1786041512.512 -0.01478473 -0.009752153 -0.008949535 -0.01238473 -0.008949535 -426.4631 7.412927 
1786041512.679 -0.009822901 -0.007185938 -0.008677644 -0.01242312 -0.008677644 -425.5957 6.085302 
1786041512.841 -0.01485834 -0.01503076 -0.00749242 -0.01245834 -0.00749242 -424.9518 4.870402 
1786041513.003 -0.009893623 -0.008188317 -0.008115839 -0.007493623 -0.008115839 -424.4489 3.655214 
1786041513.171 -0.009930047 -0.01182663 -0.008311389 -0.007530047 -0.008311389 -424.0806 2.402945 
1786041513.334 -0.00996563 -0.01190215 -0.007833995 -0.01256563 -0.007833995 -423.8685 1.180385 
1786041513.496 -0.009999179 -0.1084403 -0.007567661 -0.007599179 -0.007567661 -423.8012 0.02820739 
1786041513.655 0.005 -0.0077 0.003901017 0.0074 0.003901017 -423.8126 9.541763e-09 
1786041513.819 0.015 0.0123 0.01152101 0.0174 0.01152101 -423.8203 9.541763e-09 
1786041513.984 0.02 0.0163 0.01152101 0.0174 0.01152101 -423.8203 9.541763e-09 
1786041514.144 0.015 0.0123 0.01025101 0.0174 0.01025101 -423.819 9.541763e-09 
1786041514.308 0.01499668 0.1389081 0.01108856 0.01239668 0.01108856 -423.8205 -0.1140783 
1786041514.474 -0.005039311 0.01211981 -0.004343461 -0.007639311 -0.004343461 -423.8928 -1.349947 
1786041514.641 -0.01007533 -0.001271741 -0.009653683 -0.007675327 -0.009653683 -424.124 -2.587405 
1786041514.805 -0.01011196 -0.008512687 -0.009277212 -0.007711962 -0.009277212 -424.5177 -3.847368 
1786041514.978 -0.01014876 -0.008546255 -0.008896381 -0.00774876 -0.008896381 -425.0689 -5.114954 
1786041515.150 -0.0101857 -0.01557362 -0.009296352 -0.01278592 -0.009296352 -425.789 -6.40489 
1786041515.319 -0.0102232 -0.007051683 -0.008838858 -0.0128232 -0.008838858 -426.664 -7.687498 
1786041515.483 -0.01025886 -0.01257945 -0.009998575 -0.01285886 -0.009998575 -427.6571 -8.924963 
1786041515.643 -0.01029376 -0.008352251 -0.01022474 -0.01289376 -0.01022474 -428.776 -10.13996 
1786041515.802 -0.005327876 -0.004050106 -0.01005393 -0.007927876 -0.01005393 -430.0117 -11.33256 
1786041515.968 -0.005362279 -0.01343265 -0.009663252 -0.007962493 -0.009832907 -431.41 -12.54757 
1786041516.132 -0.01039801 -0.005943932 -0.009940088 -0.007998007 -0.009940088 -432.9975 -13.79992 
1786041516.295 -0.01043228 -0.008927942 -0.009848731 -0.01303228 -0.009848731 -434.679 -15.01497 
1786041516.456 -0.01046614 -0.009088233 -0.01077481 -0.008066142 -0.01077481 -436.4862 -16.2224 
1786041516.614 -0.005499384 -0.008388672 -0.01085846 -0.008099384 -0.01064567 -438.4178 -17.42255 
1786041516.775 -0.01053262 -0.009939196 -0.01053366 -0.008132823 -0.01053366 -440.4828 -18.6225 
1786041516.933 -0.00556541 -0.006415202 -0.01046225 -0.008165615 -0.01063007 -442.666 -19.815 
1786041517.116 0.004427823 -0.01387507 0.009368307 0.006827823 0.009368307 -443.395 -20.0547 
1786041517.331 0.01442782 0.01412493 0.009614593 0.01682782 0.009614593 -444.0985 -20.0547 
1786041517.524 0.01942782 0.01812493 0.009697567 0.01682782 0.009697567 -444.7653 -20.0547 
1786041517.707 0.01442782 0.01412493 0.009933897 0.01182782 0.009933897 -445.3889 -20.0547 
1786041517.904 0.01442782 0.01412493 0.009850238 0.01182782 0.009850238 -445.9921 -20.0547 
1786041518.083 0.01442782 0.01812493 0.02108347 0.01682782 0.02108347 -446.2078 -20.0547 
1786041518.259 0.01442782 0.01812493 0.01001353 0.01682782 0.009846864 -446.067 -20.0547 
1786041518.444 0.01442782 0.01412493 0.009993514 0.01682782 0.009993514 -446.0975 -20.0547 
1786041518.629 0.01442782 0.01412493 0.009806831 0.01682782 0.009806831 -446.128 -20.0547 
1786041518.796 0.01442782 0.01412493 0.009080149 0.01182782 0.009080149 -446.1559 -20.0547 
1786041518.969 0.01442782 0.01412493 0.009520134 0.01182782 0.009520134 -446.1839 -20.0547 
1786041519.134 0.01442782 0.01412493 0.008416812 0.01182782 0.008416812 -446.1888 -20.0547 
1786041519.305 0.009427823 0.01412493 0.03134391 0.01182782 0.03134391 -445.3798 -20.0547 
1786041519.492 0.004439122 -0.08784573 0.01017559 0.002039122 0.01017559 -442.5083 -19.64217 
1786041519.692 -0.01552162 -0.01991595 -0.01151956 -0.01292121 -0.01182213 -439.6914 -18.17234 
1786041519.901 -0.01547745 -0.01806235 -0.009888652 -0.01287724 -0.00938509 -437.1121 -16.61959 
1786041520.086 -0.01043585 -0.01781741 -0.008672495 -0.01283585 -0.008672495 -434.8642 -15.14244 
1786041520.261 -0.01039927 -0.01652829 -0.008577339 -0.007799271 -0.008577339 -433.0582 -13.84466 
1786041520.425 -0.01536334 -0.01948166 -0.009131469 -0.01276334 -0.009131469 -431.4466 -12.57724 
1786041520.586 -0.01532894 -0.01719591 -0.00906638 -0.01272894 -0.00906638 -430.0534 -11.36978 
1786041520.758 -0.01029246 -0.01638677 -0.008075527 -0.01269246 -0.008075527 -428.7339 -10.08724 
1786041520.964 -0.0102513 -0.01029314 -0.007797303 -0.01265108 -0.007797303 -427.4296 -8.654704 
1786041521.146 -0.01020912 -0.01725668 -0.008080143 -0.007609117 -0.008080143 -426.3133 -7.199808 
1786041521.317 -0.01017223 -0.01151758 -0.007448548 -0.007572014 -0.007448548 -425.4992 -5.917229 
1786041521.486 -0.01013504 -0.01666059 -0.007708987 -0.007535042 -0.007708987 -424.8464 -4.642231 
1786041521.655 -0.01009844 -0.01129136 -0.007600382 -0.01249844 -0.007600382 -424.3562 -3.382322 
1786041521.848 -0.01005699 -0.01613941 -0.008017017 -0.007456986 -0.00786509 -423.9854 -1.949938 
1786041522.015 -0.01001921 -0.0106203 -0.007062909 -0.007419211 -0.007062909 -423.8228 -0.6596643 
1786041522.177 -0.005 0.0643 -0.004988979 -0.0074 -0.004988979 -423.8037 -1.660063e-08 
1786041522.345 0.005 0.0123 9.101872e-05 0.0026 9.101872e-05 -423.8088 -1.660063e-08 
1786041522.521 0.01 0.0123 0.006441015 0.0076 0.006441015 -423.8152 -1.660063e-08 
1786041522.681 0.01 0.0083 0.006441015 0.0076 0.006441015 -423.8152 -1.660063e-08 
1786041522.842 0.01 0.0123 0.007711015 0.0076 0.007711015 -423.8164 -1.660063e-08 
1786041523.000 0.01 0.0123 0.007711015 0.0076 0.007711015 -423.8164 -1.660063e-08 
1786041523.161 0.01 0.0083 0.006441015 0.0026 0.006441015 -423.8152 -1.660063e-08 
1786041523.321 0.00499944 0.05931636 -7.036259e-06 0.00354944 -7.036259e-06 -423.8087 -0.01925692 
1786041523.490 0.009994797 -0.002077624 -0.003910248 0.007394797 -0.003910248 -424.0808 -0.1785 
1786041523.652 0.0149948 0.01392238 0.005682785 0.0123948 0.005682785 -424.6371 -0.1785 
1786041523.826 0.009994797 0.009922376 0.007975811 0.0123948 0.007975811 -425.206 -0.1785 
1786041524.012 0.009994797 0.01392238 0.008368816 0.0123948 0.008368816 -425.8131 -0.1785 
1786041524.185 0.009994797 0.009922376 0.008441833 0.0123948 0.008441833 -426.3998 -0.1785 
1786041524.370 0.009994797 0.009922376 0.01499485 0.0123948 0.01499485 -426.9916 -0.1785 
1786041524.557 0.009994797 0.009922376 -0.0004616507 0.0123948 -0.0004616507 -426.7032 -0.1785 
1786041524.727 0.009994797 0.009922376 0.007844984 0.0123948 0.007678317 -426.7376 -0.1785 
1786041524.891 0.009994797 0.009922376 0.007784969 0.0123948 0.007784969 -426.7656 -0.1785 
1786041525.059 0.009994797 0.009922376 0.007724954 0.0123948 0.007724954 -426.7935 -0.1785 
1786041525.222 0.009994797 0.009922376 0.007394939 0.007394797 0.007228273 -426.8202 -0.1785 
1786041525.390 0.009994797 0.009922376 0.007501591 0.007394797 0.007501591 -426.8481 -0.1785 
1786041525.561 0.009994797 0.009922376 0.009728245 0.007394797 0.009728245 -426.8728 -0.1785 
1786041525.735 0.004994797 0.009922376 0.006414942 0.007394797 0.006414942 -426.8403 -0.1785 
1786041525.908 0.009994797 0.009922376 0.02768652 0.007394797 0.02768652 -425.9742 -0.1785 
1786041526.115 0.00499529 -0.04415141 -0.0217743 0.01509529 -0.0217743 -423.8457 -0.161624 
1786041526.288 -1.00045e-13 0.0083 -0.007528977 -0.0024 -0.007528977 -423.8012 1.477024e-08 
1786041526.462 -1.00045e-13 0.0043 -0.006258978 -0.0024 -0.006258978 -423.8025 1.477024e-08 
1786041526.634 -1.00045e-13 0.0043 -0.006258978 -0.0024 -0.006258978 -423.8025 1.477024e-08 
1786041526.801 -0.004999507 -0.0417742 -0.01135294 -0.002399507 -0.01135294 -423.7973 0.01918674 
1786041526.980 -0.01496437 -0.03225547 -0.0100759 -0.01236415 -0.00969935 -423.8725 1.230147 
1786041527.147 -0.009926575 -0.01481049 -0.009694096 -0.01232658 -0.009694096 -424.1075 2.51991 
1786041527.315 -0.01488991 -0.01788852 -0.01028701 -0.01228991 -0.01028701 -424.4923 3.779993 
1786041527.477 -0.009854381 -0.01885503 -0.009349711 -0.01225438 -0.009349711 -425.0143 5.00246 
1786041527.639 -0.01481914 -0.01765788 -0.01009712 -0.01221914 -0.01009712 -425.6747 6.217303 
1786041527.802 -0.009783761 -0.01432613 -0.01023025 -0.01218376 -0.01023025 -426.4836 7.439843 
1786041527.970 -0.009748265 -0.01346603 -0.01076369 -0.01214827 -0.01076369 -427.4425 8.670016 
1786041528.146 -0.009709872 -0.0141388 -0.009964007 -0.01210987 -0.009964007 -428.649 10.00493 
1786041528.332 -0.009669707 -0.009091991 -0.009933107 -0.01206971 -0.009933107 -430.0993 11.40755 
1786041528.521 -0.009629953 -0.01353928 -0.01016668 -0.01202995 -0.01016668 -431.7275 12.80256 
1786041528.691 -0.009593386 -0.0133304 -0.01001892 -0.01199317 -0.01001892 -433.4077 14.09988 
1786041528.863 -0.009558289 -0.01621152 -0.01013551 -0.01195829 -0.01013551 -435.1577 15.33751 
1786041529.042 -0.009519632 -0.01123491 -0.01012004 -0.006919632 -0.01012004 -437.2901 16.72505 
1786041529.233 -0.009480007 -0.01111 -0.01023444 -0.0118798 -0.01023444 -439.6675 18.14994 
1786041529.427 -0.009441939 -0.008191946 -0.01050548 -0.006841115 -0.01050548 -442.1897 19.55256 
1786041529.633 0.01056627 0.0272555 0.009304092 0.008166267 0.009304092 -443.1117 19.8215 
1786041529.837 0.01056627 0.0152555 0.007477088 0.01316627 0.007477088 -443.7366 19.8215 
1786041530.025 0.01556627 0.0152555 0.007403386 0.01316627 0.007403386 -444.4198 19.8215 
1786041530.199 0.01056627 0.0152555 0.007476402 0.008166267 0.007476402 -445.0066 19.8215 
1786041530.368 0.01056627 0.0152555 0.007229429 0.008166267 0.007229429 -445.573 19.8215 
1786041530.542 0.01056627 0.0152555 0.02052599 0.01316627 0.02052599 -445.7836 19.8215 
1786041530.736 0.01056627 0.0152555 0.005089397 0.008166267 0.005089397 -445.634 19.8215 
1786041530.910 0.01056627 0.0112555 0.006902713 0.008166267 0.006902713 -445.6644 19.8215 
1786041531.081 0.01056627 0.0112555 0.007779364 0.01316627 0.007779364 -445.6937 19.8215 
1786041531.250 0.01056627 0.0112555 0.007052683 0.008166267 0.007052683 -445.7216 19.8215 
1786041531.411 0.01056627 0.0112555 0.007606002 0.008166267 0.007606002 -445.7483 19.8215 
1786041531.578 0.01056627 0.0112555 0.02759652 0.008166267 0.02759652 -444.8172 19.8215 
1786041531.751 0.005555148 0.08218883 0.009356297 0.002954942 0.009356297 -442.0892 19.40916 
1786041531.923 -0.009481281 0.004251931 -0.01050733 -0.01208128 -0.01050733 -439.5619 18.08913 
1786041532.085 -0.009515474 -0.001280063 -0.008635548 -0.007115474 -0.008635548 -437.5197 16.8591 
1786041532.250 -0.009550102 -0.003962663 -0.007900035 -0.0121501 -0.007900035 -435.5932 15.62913 
1786041532.411 -0.009584092 -0.008308191 -0.009108915 -0.007184092 -0.009108915 -433.8494 14.42147 
1786041532.581 -0.009619544 -0.01349148 -0.007791098 -0.007219544 -0.007791098 -432.1883 13.16904 
1786041532.782 -0.00966074 -0.008615821 -0.007884701 -0.01226095 -0.007884701 -430.4433 11.71403 
1786041532.962 -0.009700648 -0.01460481 -0.008667 -0.01230086 -0.008667 -428.9587 10.31893 
1786041533.139 -0.009739438 -0.006174599 -0.00707136 -0.007339654 -0.00707136 -427.7014 8.969125 
1786041533.302 -0.009775339 -0.01076454 -0.00746472 -0.007375339 -0.00746472 -426.7006 7.731498 
1786041533.469 -0.009810043 -0.005258588 -0.007842841 -0.01241026 -0.007842841 -425.8662 6.524023 
1786041533.634 -0.009847008 -0.01108776 -0.007692058 -0.01244701 -0.007692058 -425.1385 5.249014 
1786041533.805 -0.009884048 -0.008970032 -0.007304552 -0.01248427 -0.007304552 -424.5683 3.974153 
1786041533.972 -0.009920708 -0.007290714 -0.007841452 -0.007520708 -0.007841452 -424.1606 2.721661 
1786041534.136 -0.009956752 -0.01149343 -0.007823084 -0.007556752 -0.007823084 -423.9079 1.484097 
1786041534.308 -0.004993908 -0.003100288 -0.007111782 -0.007593908 -0.007111782 -423.8037 0.2090859 
1786041534.501 0.005 -0.0117 0.003901017 0.0074 0.003901017 -423.8126 9.541763e-09 
1786041534.673 0.01 0.0123 0.01025101 0.0124 0.01025101 -423.819 9.541763e-09 
1786041534.846 0.01 0.0123 0.01025101 0.0174 0.01025101 -423.819 9.541763e-09 
1786041535.037 -2.819764e-05 0.02165303 0.00181029 -0.002628198 0.00181029 -423.856 -0.9750967 
1786041535.217 -0.01006906 0.001192735 -0.008363628 -0.007669057 -0.008363628 -424.0732 -2.369997 
1786041535.389 -0.01010617 -0.007414661 -0.008618628 -0.007706166 -0.008618628 -424.4453 -3.644898 
1786041535.566 -0.01014431 -0.006092807 -0.009194865 -0.01274431 -0.009194865 -424.9927 -4.957434 
1786041535.751 -0.01018477 -0.01077863 -0.008544768 -0.007784772 -0.008544768 -425.7585 -6.352521 
1786041535.925 -0.01022317 -0.008722525 -0.008195603 -0.007823173 -0.008697648 -426.6665 -7.687543 
1786041536.093 -0.005259727 -0.007445748 -0.008555394 -0.01285973 -0.008555394 -427.6813 -8.947469 
1786041536.259 -0.01029529 -0.006799922 -0.009060804 -0.007895293 -0.009060804 -428.8255 -10.18487 
1786041536.427 -0.01033136 -0.005700688 -0.009376764 -0.007931365 -0.009376764 -430.1412 -11.44493 
1786041536.599 -0.01036834 -0.007587542 -0.008717712 -0.007968342 -0.008717712 -431.6551 -12.74242 
1786041536.765 -0.005403221 -0.006118281 -0.009333633 -0.008003221 -0.009333633 -433.2362 -13.9725 
1786041536.929 -0.01043855 -0.0112807 -0.008916958 -0.008038548 -0.008916958 -434.9939 -15.22497 
1786041537.109 -0.01047555 -0.008220137 -0.009613069 -0.008075551 -0.009613069 -437.0043 -16.5448 
1786041537.285 -0.01051334 -0.006705091 -0.01061727 -0.008113341 -0.01061727 -439.2408 -17.90231 
1786041537.450 -0.005547128 -0.005935308 -0.008597064 -0.008147128 -0.008597064 -441.4036 -19.12513 
1786041537.615 -0.01057604 -0.1402327 0.0363617 -0.00317604 0.03734579 -443.4216 -20.17847 
1786041537.778 0.004423955 -0.01125627 0.008762639 0.006823955 0.007969304 -443.8268 -20.1785 
1786041537.941 0.01442396 0.004743729 0.007719013 0.01182396 0.007719013 -444.3665 -20.1785 
1786041538.102 0.009423955 0.008743729 0.007468721 0.01182396 0.007468721 -444.9063 -20.1785 
1786041538.266 0.01442396 0.01274373 0.008488429 0.01182396 0.008488429 -445.4473 -20.1785 
1786041538.427 0.009423955 0.008743729 0.008714802 0.01182396 0.008714802 -445.9908 -20.1785 
1786041538.591 0.01442396 0.01274373 0.01451119 0.01182396 0.01451119 -446.5166 -20.1785 
1786041538.757 0.01442396 0.008743729 0.001221327 0.01182396 0.001221327 -446.2789 -20.1785 
1786041538.921 0.009423955 0.008743729 0.007821296 0.01182396 0.007821296 -446.3109 -20.1785 
1786041539.085 0.009423955 0.008743729 0.008261281 0.006823955 0.008261281 -446.3388 -20.1785 
1786041539.248 0.009423955 0.008743729 0.008097933 0.01182396 0.008097933 -446.3655 -20.1785 
1786041539.419 0.009423955 0.008743729 0.007704585 0.01182396 0.007704585 -446.3934 -20.1785 
1786041539.600 0.009423955 0.008743729 0.007684568 0.01182396 0.007684568 -446.4239 -20.1785 
1786041539.771 0.009423955 0.004743729 0.006621245 0.006823955 0.006621245 -446.4313 -20.1785 
1786041539.933 0.004423955 0.004743729 0.02169856 0.006823955 0.02169856 -445.2286 -20.1785 
1786041540.104 -0.0005610406 -0.06484777 -5.417642e-05 0.002038959 -5.417642e-05 -442.4092 -19.63104 
1786041540.283 -0.01052466 -0.01739258 -0.008865294 -0.01292466 -0.008865294 -439.9492 -18.31108 
1786041540.450 -0.01048862 -0.01934636 -0.008297525 -0.007888624 -0.008297525 -437.7458 -17.00605 
1786041540.615 -0.01045465 -0.01917495 -0.00816642 -0.007854654 -0.008232692 -435.837 -15.79112 
1786041540.790 -0.01041794 -0.01141507 -0.008554925 -0.007817729 -0.008554925 -433.9396 -14.4861 
1786041540.973 -0.01037973 -0.01278499 -0.007902399 -0.00777952 -0.007902399 -432.1464 -13.13599 
1786041541.140 -0.01034303 -0.01061979 -0.00771641 -0.007743026 -0.00771641 -430.6021 -11.85344 
1786041541.308 -0.01030679 -0.01519897 -0.007794854 -0.00770679 -0.007794854 -429.2292 -10.58617 
1786041541.470 -0.0102717 -0.01327942 -0.007641779 -0.0126717 -0.007641779 -428.0506 -9.363618 
1786041541.635 -0.0102367 -0.01365442 -0.008070928 -0.0126367 -0.008070928 -427.0207 -8.14834 
1786041541.794 -0.01020138 -0.01180102 -0.00700109 -0.007601376 -0.00700109 -426.1291 -6.925953 
1786041541.954 -0.01016683 -0.009291357 -0.006683378 -0.007566831 -0.006683378 -425.3976 -5.733553 
1786041542.122 -0.01013112 -0.01429834 -0.007254105 -0.007530907 -0.007254105 -424.7829 -4.496092 
1786041542.303 -0.005093831 -0.007378769 -0.007186706 -0.007493831 -0.007186706 -424.3054 -3.221025 
1786041542.471 -0.0100543 -0.01231705 -0.00729537 -0.007454304 -0.00729537 -423.9701 -1.863481 
1786041542.633 -0.01001868 -0.007634536 -0.005899082 -0.007418682 -0.005899082 -423.8228 -0.6411536 
1786041542.805 -0.005 0.0603 -0.003718979 -0.0024 -0.003718979 -423.805 9.541763e-09 
1786041542.983 -1.00045e-13 0.0083 -0.003718979 -0.0024 -0.003718979 -423.805 9.541763e-09 
1786041543.150 -1.00045e-13 0.0083 -0.003718979 -0.0024 -0.003718979 -423.805 9.541763e-09 
1786041543.313 -1.00045e-13 0.0043 -0.004988979 -0.0024 -0.004988979 -423.8037 9.541763e-09 
1786041543.473 -1.00045e-13 0.0083 -0.004988979 -0.0024 -0.004988979 -423.8037 9.541763e-09 
1786041543.636 -1.00045e-13 0.0043 -0.004988979 -0.0074 -0.004988979 -423.8037 9.541763e-09 
1786041543.812 0.005 0.0083 -0.004988979 -0.0024 -0.004988979 -423.8037 9.541763e-09 
1786041544.018 0.01499953 0.01325953 -0.004911576 0.007399534 -0.005704911 -424.1075 -0.01600001 
1786041544.202 0.01499953 0.01325953 0.00199474 0.01239953 0.00199474 -424.7552 -0.01600001 
1786041544.370 0.01499953 0.01325953 0.008254439 0.01239953 0.008254439 -425.3152 -0.01600001 
1786041544.538 0.01499953 0.01325953 0.008007467 0.01239953 0.008007467 -425.8779 -0.01600001 
1786041544.708 0.009999534 0.01325953 0.008237159 0.01239953 0.008237159 -426.4481 -0.01600001 
1786041544.876 0.009999534 0.01325953 0.01844357 0.01239953 0.01844357 -426.9205 -0.01600001 
1786041545.035 0.009999534 0.01325953 -0.002649624 0.007399534 -0.002649624 -426.6781 -0.01600001 
1786041545.203 0.009999534 0.00925953 0.005917015 0.01239953 0.006853681 -426.7148 -0.01600001 
1786041545.369 0.009999534 0.00925953 0.006960333 0.007399534 0.006960333 -426.7427 -0.01600001 
1786041545.533 0.009999534 0.00925953 0.006130319 0.007399534 0.006130319 -426.7694 -0.01600001 
1786041545.696 0.009999534 0.00925953 0.005466971 0.007399534 0.005466971 -426.7961 -0.01600001 
1786041545.854 0.004999534 0.00925953 0.00547029 0.002399534 0.00547029 -426.8227 -0.01600001 
1786041546.015 0.004999534 0.00925953 0.009540293 0.007399534 0.009540293 -426.8404 -0.01600001 
1786041546.183 0.004999534 0.00525953 0.02656734 0.002399534 0.02656734 -426.1355 -0.01600001 
1786041546.364 0.004999534 0.00525953 -0.01954112 0.002399534 -0.01954112 -423.9396 -0.01600001 
1786041546.550 0.005 0.0083 -0.006258978 0.0026 -0.006258978 -423.8025 1.477024e-08 
1786041546.728 0.005 0.0043 -0.003718979 0.0076 -0.003718979 -423.805 1.477024e-08 
1786041546.924 0.005 0.0043 -0.001178981 0.0026 -0.001178981 -423.8076 1.477024e-08 
1786041547.127 0.005 0.0043 9.101872e-05 0.0076 9.101873e-05 -423.8088 1.477024e-08 
1786041547.308 -0.009965068 -0.03117705 -0.008222059 -0.00736485 -0.008222059 -423.8713 1.207476 
1786041547.481 -0.009925789 -0.01294515 -0.009088628 -0.01232579 -0.009088628 -424.1151 2.549703 
1786041547.641 -0.009890472 -0.01792779 -0.009063281 -0.007290472 -0.009063281 -424.4872 3.764938 
1786041547.802 -0.00985564 -0.01841853 -0.008857176 -0.00725564 -0.008857176 -424.9952 4.964946 
1786041547.970 -0.009819786 -0.01010159 -0.007758003 -0.007219786 -0.007758003 -425.6696 6.210045 
